ts,machine_id,type,air_temp_k,process_temp_k,rot_speed_rpm,torque_nm,tool_wear_min,vibration_mms,current_a,humidity_pct,machine_failure,collected_at
2024-01-13 09:53:00,CNC-02,M,295.3348229194119,309.21008816448625,1635.3054929231253,42.47126546597543,,2.3397103579372853,13.254974984997483,55.58602799806111,0,2026-08-25 06:31:50
2024-01-13 16:27:00,CNC-02,M,25.16980041467974,40.37723208194825,1785.3893057890589,41.03784125344178,224.35161382027385,3.230834121133348,13.730903069274241,52.49118888167855,0,2026-08-25 06:31:50
2024-01-13 04:26:00,CNC-01,L,296.7556992323367,310.34357296335827,2281.148819319579,26.86441614159039,82.91021737237556,2.8064819641730883,11.656067974553181,58.00266376548369,0,2026-08-25 06:31:50
2024-01-13 03:01:00,CNC-03,H,24.430737270861925,36.736324298563886,2461.8720203950197,20.472622079646467,1.1262413401399596,2.9874723017786575,9.683958881270252,54.04178894396845,0,2026-08-25 06:31:50
2024-01-13 21:19:00,CNC-02,M,298.83577797993524,311.4237002173676,2563.819691154482,16.809346698102214,140.3182553332718,3.3029964650835453,8.12787924741639,55.04614573996787,0,2026-08-25 06:31:50
2024-01-13 13:55:00,CNC-01,L,298.5906341256387,312.7902459731751,1458.5593688956064,51.02051727903475,0.0,2.121315398966222,13.83833060228358,53.686612306352444,0,2026-08-25 06:31:50
2024-01-13 06:57:00,CNC-03,H,295.91312756033517,310.63105037985963,1746.9278789119246,44.60403396011215,81.79479302857654,2.4769143601412393,14.65168311663161,60.97984744219818,0,2026-08-25 06:31:50
2024-01-13 15:17:00,CNC-03,H,303.9903876875273,312.80909267485623,1578.242734641214,48.91108363114353,97.83796923465928,2.234761331824146,14.847324852966361,42.179580321921385,0,2026-08-25 06:31:50
2024-01-13 21:15:00,CNC-03,H,299.54247065505643,311.85472465512703,2568.5684266306343,19.488691214646924,61.654150054791565,3.173954337222692,9.27332311184364,56.30701099379602,0,2026-08-25 06:31:50
2024-01-13 18:04:00,CNC-02,M,304.0679630350992,312.33644036994906,2013.6129977116263,34.028659777374784,119.6139761739015,2.7110246001533502,13.173508437286374,42.752162590007565,0,2026-08-25 06:31:50
2024-01-13 02:37:00,CNC-02,M,23.90269806672586,36.93984582757082,2643.6083497452705,18.100278790637358,176.66449618462963,3.670824619171761,9.138626480350734,58.913050074684584,0,2026-08-25 06:31:50
2024-01-13 13:54:00,CNC-03,H,298.17583360551777,313.4077115131173,1531.2270064436268,50.632035452322974,213.48208234034848,2.8506916165372655,14.335675447535877,55.4367085205069,0,2026-08-25 06:31:50
2024-01-13 04:10:00,CNC-02,M,296.2543322446732,309.7466609964703,2382.7737658127353,25.407974993684117,67.77647547150161,2.9581420972251733,11.60953873754176,60.24953325408549,0,2026-08-25 06:31:50
2024-01-13 09:52:00,CNC-03,H,295.97182286203054,310.38303021298276,1520.9186692540281,49.22451889020009,67.51932338797035,2.0752213123131504,13.892287774316676,58.99616977325476,0,2026-08-25 06:31:50
2024-01-13 01:09:00,CNC-01,L,303.6087329076074,310.4577397955304,2682.201068647934,19.994009512853975,98.7245481189545,3.3235335515819315,9.940964397755394,48.77572820768893,0,2026-08-25 06:31:50
2024-01-13 13:33:00,CNC-02,M,296.7749520736544,311.8694145277033,1389.0014490233075,53.045520225090215,198.17631785744078,2.6241677369718635,13.829508724561974,59.19708529167718,0,2026-08-25 06:31:50
2024-01-13 15:41:00,CNC-03,H,304.2532267624092,313.0374455355114,1519.686383179298,48.88238333239817,133.89729145006197,2.2228285028583663,13.837748587308123,46.91960170503114,0,2026-08-25 06:31:50
2024-01-13 15:02:00,CNC-03,H,303.96958029556765,312.2306520196238,1536.1301226315163,48.354909865525045,75.13748828457463,2.1958988299690674,14.132810593963567,46.86346102093608,0,2026-08-25 06:31:50
2024-01-13 06:40:00,CNC-02,M,295.3954308377134,309.33943003273333,1880.472772422432,37.3291861393228,17.687025236901643,24.873459828860216,13.18847216970038,59.94861237826736,0,2026-08-25 06:31:50
2024-01-13 05:18:00,CNC-03,H,296.50466090163735,311.8362916002275,2029.4012014045104,39.27474900176731,167.00372694746935,2.9000448663808416,14.950031300699933,57.54415560181603,0,2026-08-25 06:31:50
2024-01-13 07:16:00,CNC-02,M,295.1377121338631,309.32388787554714,1764.8076474850948,39.340582385421314,67.86340602574808,2.3715647686811434,0.0,62.201703712242896,0,2026-08-25 06:31:50
2024-01-13 21:19:00,CNC-03,H,300.0142057590007,312.7557012169956,2466.5695208622283,21.846484475925173,66.24527731535191,3.038255964665613,10.037640895965064,55.14606807992284,0,2026-08-25 06:31:50
2024-01-13 01:17:00,CNC-02,M,297.8250957098894,309.9588020214779,2583.422963846201,17.8151790258499,89.41889653726544,3.2095242379808964,8.69962972298604,55.053570549767876,0,2026-08-25 06:31:50
2024-01-13 23:11:00,CNC-03,H,299.09257725644125,311.98209548301844,2582.539087997208,19.091556834368614,188.64134441487138,3.660963884245133,9.282783442777271,58.7118818526845,0,2026-08-25 06:31:50
2024-01-13 11:58:00,CNC-02,M,295.9606786120292,309.9169156950138,1264.925945186333,52.13628713969856,47.59227324164837,1.962550859751377,12.548224877410433,53.43513351548192,0,2026-08-25 06:31:50
2024-01-13 12:06:00,CNC-03,H,296.99645256804445,310.47926687261105,1333.7974030268247,48.93272274114638,42.82715375852719,1.994260200568199,12.438314809657099,54.67788023389074,0,2026-08-25 06:31:50
2024-01-13 05:57:00,CNC-01,L,296.0063529368409,311.0315233194483,2071.359625046695,37.25416133777459,198.9686176658858,3.3346169593111448,14.482399788386614,58.55841427356636,0,2026-08-25 06:31:50
2024-01-13 09:37:00,CNC-01,L,296.62301825880354,310.0455388493978,1350.7213058288264,47.46198925990186,44.35266676717321,2.0044190705105556,11.834183134654694,57.128488181636754,0,2026-08-25 06:31:50
2024-01-13 01:12:00,CNC-03,H,298.53632933988297,310.4268016691193,2754.0413283889648,15.625450767751737,116.72221521242734,3.3838366428348747,8.07579232679319,54.7199785356684,0,2026-08-25 06:31:50
2024-01-13 04:40:00,CNC-01,L,296.484899073819,310.0214778779395,2160.044537283273,29.146981630073416,100.15435727425616,2.7989347568132112,11.68282498013097,56.514280869643194,0,2026-08-25 06:31:50
2024-01-13 10:02:00,CNC-03,H,296.3392674847573,310.1593598764426,1276.8679767582455,52.28456568467872,83.27557849473132,1.9411527083385987,12.34824895249627,58.004176822589955,0,2026-08-25 06:31:50
2024-01-13 10:16:00,CNC-03,H,296.42673415382177,310.67028946759723,1405.7095773956228,51.60266951478412,105.40880858746391,2.2294425711884727,13.568102807549542,54.719562697415775,0,2026-08-25 06:31:50
2024-01-13 21:43:00,CNC-02,M,298.7536920795388,312.69862969340426,2565.9886690808316,22.87891026931091,167.1341817275896,3.390653604076806,10.99454623053654,54.98230160152209,0,2026-08-25 06:31:50
2024-01-13 08:28:00,CNC-02,M,295.5001805942536,310.72625250267026,1747.285258689599,43.42907923497748,172.82676615488685,2.7416924014986477,14.043137469398232,61.94436008556581,0,2026-08-25 06:31:50
2024-01-13 08:42:00,CNC-02,M,295.7260137450722,310.55497710268656,1633.6863443174673,43.96215974306472,193.74890113120858,2.7947934873844256,13.585433896381893,,0,2026-08-25 06:31:50
2024-01-13 06:03:00,CNC-03,H,296.56024911427676,309.6180591687454,2019.879184811969,30.059558471465834,8.061303345103576,2.5452318343151616,11.297920248502757,54.744831120872,0,2026-08-25 06:31:50
2024-01-13 00:07:00,CNC-03,H,299.1500926885399,310.3251586718794,2781.8635277249764,11.828970153382528,47.537889287566045,3.239527923857916,6.047034484797147,0.0,1,2026-08-25 06:31:50
2024-01-13 23:46:00,CNC-02,M,297.7518796387839,309.6100602566585,2657.605140265518,13.924500635850874,64.86226234748513,3.219650122873942,6.911834413611399,55.712504661612975,0,2026-08-25 06:31:50
2024-01-13 01:16:00,CNC-02,M,297.98959036195123,310.51308107987745,2728.9960246379787,16.942297331320617,88.28630134064632,31.739271002475085,8.759615586616325,55.65712179389129,0,2026-08-25 06:31:50
2024-01-13 08:16:27,CNC-03,H,296.10140516697066,310.6752819192875,1720.3836977135165,41.90757129020988,193.71611461025918,2.9580292552619856,13.401302790364939,58.44831512112048,0,2026-08-25 06:31:50
2024-01-13 18:24:00,CNC-02,M,298.5402124103182,312.9474634950808,1979.2674588824134,33.23457678917665,146.03417319493246,2.779780811357979,12.498929547175882,53.53587047453152,0,2026-08-25 06:31:50
2024-01-13 01:35:00,CNC-02,M,297.8334472134212,309.9757443480648,2700.593834984706,16.262112897838193,108.66285044866407,3.3776448538433907,8.16633319021626,52.57977280075394,0,2026-08-25 06:31:50
2024-01-13 02:32:00,CNC-02,M,23.843141635222537,37.210232661112514,2508.768165093816,21.6017388942222,171.1236421379116,3.446344791510398,10.277517509120413,57.03750398659173,0,2026-08-25 06:31:50
2024-01-13 03:35:00,CNC-02,M,296.5306144923215,308.63661775920025,2491.831307722525,18.872554502030077,26.336461274899627,3.0899446175817036,9.043717048069178,59.19618942733929,0,2026-08-25 06:31:50
2024-01-13 20:05:00,CNC-03,H,0.0,313.789088914835,2302.4649075897037,23.978420454156346,215.89644538609787,3.557044802508519,10.400518467701584,51.160807755709,0,2026-08-25 06:31:50
2024-01-13 11:32:00,CNC-03,H,296.93549073751416,312.05044789726276,1443.2466767142685,54.0285608094941,225.62830444532943,2.8345785422856102,14.620124676663147,55.0127407867206,0,2026-08-25 06:31:50
2024-01-13 02:01:00,CNC-02,M,297.3921010902451,310.0945059074534,2724.1276036843483,17.141452603555713,136.86505825346595,3.2997296166294787,8.592806840387173,60.43965521574776,0,2026-08-25 06:31:50
2024-01-13 08:10:00,CNC-03,H,295.8672117762706,310.79963907436513,1686.546178271337,45.044765056636564,186.2918225607868,2.741137598482894,14.084802591679814,54.46996938083472,0,2026-08-25 06:31:50
2024-01-13 20:49:00,CNC-01,L,300.3801969632397,313.81701374527745,2449.930452007731,23.05125615841048,147.06297000255418,3.362233122922767,10.812891542665707,51.375690038191536,0,2026-08-25 06:31:50
2024-01-13 20:41:00,CNC-02,M,298.9512544127774,311.7319527275911,2394.111708734177,20.48061784100142,97.00935516502797,2.9905484828679434,9.305902903052043,53.1837581204713,0,2026-08-25 06:31:50
2024-01-13 16:04:00,CNC-03,H,31.22977925256089,40.14764579792774,1544.578160510413,48.73983668808265,167.80448142688329,2.509809323649669,14.112832955033774,47.766438892712685,0,2026-08-25 06:31:50
2024-01-13 22:55:00,CNC-03,H,299.380708117707,311.57858615746585,2834.5910281552724,14.521840682979034,171.53119962340233,3.662537499501633,7.601102396882488,51.778493171041646,0,2026-08-25 06:31:50
2024-01-13 21:15:00,CNC-01,L,300.11325748703905,313.85831402938516,2480.706164534217,24.430661367353558,176.76011423229622,3.494994315446209,11.09994717104278,53.97619909701811,0,2026-08-25 06:31:50
2024-01-13 14:42:16,CNC-01,L,298.7622456688343,312.8483169836943,1558.8126548908608,46.79349439144743,70.80290968897725,2.2357016333916455,13.54194274300668,46.77053370158909,0,2026-08-25 06:31:50
2024-01-13 04:35:00,CNC-02,M,295.857838804042,309.70644278296214,2225.445098283032,29.02545503419609,98.04410603111816,2.800727459542637,12.171742779716562,60.13125348263391,0,2026-08-25 06:31:50
2024-01-13 16:46:00,CNC-01,L,26.731687631688544,40.353519783664694,1860.443068973838,36.85240794468932,48.45966745973783,2.5306120853314202,12.98447855454307,53.64707522923499,0,2026-08-25 06:31:50
2024-01-13 09:58:00,CNC-03,H,296.3604157013717,310.7511675837414,1437.8022157623188,50.01385775634079,76.98440478969806,2.2239515047726166,13.492359996233565,54.33000765519945,0,2026-08-25 06:31:50
2024-01-13 04:18:01,CNC-01,L,296.5632197671931,309.9379404315194,2279.7296403168725,26.69085686708881,71.90436673560053,2.911066292422934,11.517170559795307,55.301342645922645,0,2026-08-25 06:31:50
2024-01-13 12:01:00,CNC-03,H,296.7360852300693,310.1910804591139,1321.3060344906403,47.100420420608884,34.83651437741282,2.039761785082928,11.72069829523938,50.09522362072343,0,2026-08-25 06:31:50
2024-01-13 03:59:00,CNC-02,M,296.25050298861646,309.39432379034133,2402.6882065135305,24.161365779486857,54.551173605844475,2.9101527437890877,10.943145047025459,59.59113512009857,0,2026-08-25 06:31:50
2024-01-13 12:21:00,CNC-03,H,297.20093805747024,311.4215333548019,1401.4413498354158,51.38949066049711,66.64380264477705,2.18548770679165,13.606531087214549,58.043877807272736,0,2026-08-25 06:31:50
2024-01-13 12:30:00,CNC-02,M,296.35615776781253,310.41580519718883,1389.169943226783,48.838792334343594,98.40740536157828,2.1581447696581364,12.370455700394233,58.03581950211956,0,2026-08-25 06:31:50
2024-01-13 16:55:00,CNC-02,M,298.2482889132684,312.45640977404685,1871.1657575690367,37.56352603660708,25.58139842263215,2.3710348080236856,12.934247028735328,50.69838997541873,0,2026-08-25 06:31:50
2024-01-13 18:23:00,CNC-03,H,300.4066371977446,313.64954729872005,2157.6101195512815,27.951898364118904,88.77481532930355,2.803258200524111,11.111207407139466,50.912008744435525,0,2026-08-25 06:31:50
2024-01-13 13:23:00,CNC-02,M,296.97240086069553,311.34111612952734,1364.2750310963584,49.981297385155436,182.29300175843213,2.4953167226021944,12.786461958612948,58.71974931809771,0,2026-08-25 06:31:50
2024-01-13 08:49:00,CNC-03,H,296.19115083491266,312.3477124342435,1678.6655706998076,53.007507524178216,244.54337802556887,3.1273139066394755,16.523039849089063,59.71044528488953,1,2026-08-25 06:31:50
2024-01-13 07:41:00,CNC-03,H,295.8545689334014,310.62814334195514,1778.967115343399,43.03100894098572,144.11328405748432,2.6101855577283066,14.26579506618462,57.02620891586046,0,2026-08-25 06:31:50
2024-01-13 21:21:00,CNC-03,H,299.6943294093498,313.1025278677535,2384.299103448364,25.10051369051195,68.52305157847144,2.9703786959192158,11.111308953676833,47.77311581010603,0,2026-08-25 06:31:50
2024-01-13 15:51:00,CNC-03,H,31.17114880613798,39.3436719541906,1578.462290159646,44.98472788572511,,2.4706907403762917,13.53628872245208,45.96104817169836,0,2026-08-25 06:31:50
2024-01-13 05:43:00,CNC-03,H,296.27718351819624,310.5866376964695,2143.1163519313754,31.93724472168753,199.3732861302682,3.231798827136298,12.916754076044468,57.650811606839554,0,2026-08-25 06:31:50
2024-01-13 02:30:00,CNC-01,L,24.361936312010073,0.0,2530.442597447153,23.38782439656065,187.25273014949585,3.8005530263537834,11.045185099028304,51.92654650082189,0,2026-08-25 06:31:50
2024-01-13 11:27:00,CNC-02,M,295.6645013418787,310.52802652391205,1337.726109339859,54.41850392554149,215.0515350611954,2.896615162881534,13.621147721703496,59.16803513702077,0,2026-08-25 06:31:50
2024-01-13 11:20:00,CNC-01,L,297.28978351926867,311.8228459169741,1391.597234622048,49.85450778071006,206.43486066234144,2.907702376488165,13.103336937603812,56.27281293906594,0,2026-08-25 06:31:50
2024-01-13 20:59:00,CNC-02,M,298.51579206037286,312.0978570190492,2628.3769158691243,21.746062592277728,117.80221079432496,3.3324389029113215,10.815100813856937,53.7929316460751,0,2026-08-25 06:31:50
2024-01-13 04:40:00,CNC-02,M,295.82078105620394,309.3315938680242,2400.7099798669515,24.592747843362947,104.19260757028424,3.0926900794640844,11.145452484149262,56.503714771215726,0,2026-08-25 06:31:50
2024-01-13 03:20:00,CNC-02,M,296.62558948194834,308.53066827334175,2523.349788879496,17.46142525170322,9.188248953881628,2.974034947027652,8.303749651383741,58.95460526118911,0,2026-08-25 06:31:50
2024-01-13 00:20:00,CNC-03,H,298.9917841877524,310.99561112744817,2582.1531340679176,18.18636127455602,61.30179754515427,3.0772526119677424,8.545467003870524,54.42885873916627,0,2026-08-25 06:31:50
2024-01-13 15:08:00,CNC-02,M,298.0502257421559,312.49024164471433,1579.9351159618457,46.32479988318378,108.08602588434808,2.2565334926922413,13.614144081210243,57.50778883169832,0,2026-08-25 06:31:50
2024-01-13 21:01:00,CNC-01,L,300.3048971981552,313.21881754364,2459.6886881217692,20.323909375867203,160.74427790710797,3.386664017456016,9.25152202795831,49.35924449656322,0,2026-08-25 06:31:50
2024-01-13 17:00:00,CNC-03,H,299.4918005827432,314.8614711326392,1849.1334448314778,42.96986608174499,247.88106647337278,3.438192986834646,15.093279091041088,49.89518918035119,0,2026-08-25 06:31:50
2024-01-13 00:23:00,CNC-02,M,298.92511098985653,310.6680825192516,2627.6142832640226,15.4088324112893,31.80851649161621,3.136807694939823,7.800320061256211,,0,2026-08-25 06:31:50
2024-01-13 21:37:00,CNC-02,M,298.85283858212347,311.8951721993762,2470.2211815347428,19.23814460048972,160.47311500250532,3.429840598435498,8.840558538203712,53.6295375912251,0,2026-08-25 06:31:50
2024-01-13 03:08:00,CNC-01,L,24.13160623405139,38.53322760985128,2509.520282091385,26.89591474344878,230.3302430101091,4.15966920157171,12.40663292014686,59.73021006341211,0,2026-08-25 06:31:50
2024-01-13 19:19:00,CNC-03,H,300.1006926997624,314.26307586059625,2222.397026409838,31.144697071144986,159.83049582210563,3.10002243438263,12.92526683264705,48.90839558751086,0,2026-08-25 06:31:50
2024-01-13 16:24:00,CNC-03,H,25.959668764217724,40.73138798821259,1825.2638523516255,40.53926043621729,197.04020623586547,2.925460948705932,14.076994071781145,53.00425839750469,0,2026-08-25 06:31:50
2024-01-13 21:05:00,CNC-02,M,298.7079882021885,311.53458150345836,2589.2315634326796,17.77668065692335,124.60711907411374,3.236299295161867,,48.29323001819759,0,2026-08-25 06:31:50
2024-01-13 14:13:00,CNC-01,L,298.36889568272653,311.8262254099763,1373.665953617491,46.53272023979161,27.902221821615303,2.014623635822122,11.660179593132016,51.127689956317845,0,2026-08-25 06:31:50
2024-01-13 18:01:00,CNC-02,M,304.2915104962211,312.3298047418855,2156.0211126897025,30.57791117701175,115.60312078746506,2.7968857165950394,12.286471409551723,48.30533530990024,0,2026-08-25 06:31:50
2024-01-13 18:25:00,CNC-01,L,300.25526576422726,314.8709599643555,2043.6247082306013,35.253804790870916,182.6695682811449,3.1991593676863523,13.571975467090855,50.48859453413493,0,2026-08-25 06:31:50
2024-01-13 12:03:00,CNC-02,M,296.2226627485996,7444.182749392247,1511.2090398743385,49.02496135120499,55.511187223344685,2.2295476341753893,13.893315128085069,60.16211862863295,0,2026-08-25 06:31:50
2024-01-13 02:58:00,CNC-03,H,24.43592371182723,38.78680666720004,2385.5366565428017,26.097847222573517,233.62605743311528,3.8676631225154052,11.71135006688891,54.35267145575593,0,2026-08-25 06:31:50
2024-01-13 18:04:00,CNC-03,H,300.1416228293533,313.53200600010865,2063.6098543468315,29.4829964296933,63.88313818449903,25.189018446047093,11.234238831009772,51.91933136792616,0,2026-08-25 06:31:50
2024-01-13 05:41:00,CNC-01,L,296.2595859441182,310.53794134778997,2041.0673362758562,33.21633098170525,177.97460000835073,3.2124452705131072,12.55730093774835,55.7853421277917,0,2026-08-25 06:31:50
2024-01-13 00:56:00,CNC-02,M,298.22119624377046,311.3162055187248,2627.882041267046,22.01698215587445,66.80969425755718,3.2553157472052807,10.931904703369836,57.00793983748113,0,2026-08-25 06:31:50
2024-01-13 03:48:00,CNC-03,H,297.2149268731625,310.6541099926908,2273.768896027178,27.669928948057255,55.84835278029365,2.8888133980335375,11.659590258289374,51.14369533388838,0,2026-08-25 06:31:50
2024-01-13 12:34:00,CNC-03,H,297.2396567813939,311.2647090141555,1373.2118825875714,52.25022632612405,87.33962294726268,2.0873306662808457,13.681434849760894,56.916765051342594,0,2026-08-25 06:31:50
2024-01-13 14:45:00,CNC-01,L,298.9212506908279,313.14596229391424,1519.3271685994873,47.872221558367094,77.00219682751006,2.172778370950503,13.600116961208267,56.36857765295845,0,2026-08-25 06:31:50
2024-01-13 15:56:00,CNC-02,M,25.45293492637802,40.70191695327571,1710.3113689388979,44.88224989162852,179.23670244342244,2.848104712689006,14.27545870126637,55.962471165505576,0,2026-08-25 06:31:50
2024-01-13 03:51:00,CNC-01,L,296.6046752765471,309.2272693488697,2401.2655753777335,21.487163395280103,40.89914091055993,2.9126262155684643,9.790005346757257,52.867439644198036,0,2026-08-25 06:31:50
2024-01-13 12:49:00,CNC-02,M,296.9052156272788,311.50197003282113,1305.1420065618258,56.21066452163905,128.5993165961257,2.1109262198819634,13.826228480460205,61.26203024301998,0,2026-08-25 06:31:50
2024-01-13 08:38:00,CNC-01,L,296.4929137101362,311.90121621406655,1529.3663448651212,52.67212968594034,188.38107035795605,2.775351460475791,15.168564555002709,58.16980709582822,0,2026-08-25 06:31:50
2024-01-13 13:19:00,CNC-03,H,297.68726489383755,312.88135929171125,1453.1228647767423,54.1664253570533,158.44011788955078,2.274229594585046,14.607022427653959,55.86419401490889,0,2026-08-25 06:31:50
2024-01-13 03:05:00,CNC-01,L,24.16855496949171,37.902507749078495,2326.1067803725637,25.270706530307795,226.8337406935456,4.036901298798066,10.889006306626246,57.62194075437059,0,2026-08-25 06:31:50
2024-01-13 02:35:00,CNC-03,H,24.624989734829967,38.55822130251738,,23.12936208194905,207.41315177298793,3.726803984249785,11.444482022830934,61.47849580579803,0,2026-08-25 06:31:50
2024-01-13 14:01:00,CNC-03,H,298.29605543822987,313.2983425972193,1384.2412309778665,53.58289184615515,224.50385031576965,2.760041543266596,14.085883636030072,51.14467465594398,0,2026-08-25 06:31:50
2024-01-13 19:45:00,CNC-01,L,300.11180742087055,313.23207645405046,2192.432440383754,27.106455661179385,72.01563267509489,2.897433214189782,11.444510053622876,47.600085213788475,0,2026-08-25 06:31:50
2024-01-13 17:04:00,CNC-01,L,299.8567981232529,313.688359528745,1841.5656989147728,35.171994032962125,73.67478510235452,2.5311838368221493,11.958945584997494,52.068367633362975,0,2026-08-25 06:31:50
2024-01-13 07:59:00,CNC-03,H,295.9825152514945,310.6236212060425,1678.200897624405,43.765828933312925,170.13447792112908,2.6329683862213114,13.923544850032794,66.00364901533632,0,2026-08-25 06:31:50
2024-01-13 03:09:00,CNC-01,L,24.17218527267181,38.38339573952737,2448.3277446191373,26.045951782051286,231.49927355247456,4.199455622471629,12.06595402489826,55.43016278694178,0,2026-08-25 06:31:50
2024-01-13 02:33:00,CNC-03,H,24.814464421061302,37.75661070645498,2660.0770968959923,18.806916930584062,205.20948076636336,3.7719136200377905,9.364497462790688,57.82620173067305,0,2026-08-25 06:31:50
2024-01-13 03:41:00,CNC-02,M,296.5048014568302,308.49905051944967,2394.696721684412,18.79149336103067,33.42100282285723,2.920328045337604,8.44306386421801,59.96464023850345,0,2026-08-25 06:31:50
2024-01-13 08:22:38,CNC-02,M,295.79129744787815,310.44960297242216,1730.2236495214338,41.79244242900621,163.94915045678357,2.795609269328725,13.283296162245001,61.63791742285106,0,2026-08-25 06:31:50
2024-01-13 17:07:00,CNC-02,M,298.6200245871503,312.60704284650444,2033.9572120107014,33.57699100351421,42.35968392893506,2.6654616806628506,13.0228819235934,57.11493519279578,0,2026-08-25 06:31:50
2024-01-13 06:58:00,CNC-03,H,296.1512601988976,310.1742340629562,1832.4314417283742,37.342517089040946,83.18596646422468,2.5745000900339114,13.2165019545211,,0,2026-08-25 06:31:50
2024-01-13 22:52:00,CNC-03,H,299.0358836670493,312.22300908652704,2619.9681902750845,22.075608699561855,168.4136516239948,3.561237651437205,10.72780472490243,54.123595197816215,0,2026-08-25 06:31:50
2024-01-13 16:22:00,CNC-02,M,25.078688091051447,40.334180911767646,1721.0649266258995,44.29290187438482,0.0,3.0845901376323677,14.232373852397284,59.98627799792497,0,2026-08-25 06:31:50
2024-01-13 22:39:00,CNC-02,M,298.08612729601845,311.9397176117563,2644.1334260147146,19.451738004712258,228.1437280562131,4.125457438365062,9.568423619287271,57.959556345280376,0,2026-08-25 06:31:50
2024-01-13 23:49:00,CNC-03,H,298.9851947484609,312.3013238897909,2578.9997227682766,19.733459721085968,229.09738908164223,3.960231856690932,9.627554769101998,54.56914194597423,0,2026-08-25 06:31:50
2024-01-13 19:31:00,CNC-03,H,300.1315338122065,314.27660418615494,2369.9780932284416,27.44768966416119,174.6404205301778,,12.125277783731057,51.344447505663744,0,2026-08-25 06:31:50
2024-01-13 05:52:00,CNC-03,H,296.3031833458064,310.7495377562484,2073.7904729718753,33.05148552431975,211.26532178763998,32.621941699969874,12.890295388759498,61.15598838040539,0,2026-08-25 06:31:50
2024-01-13 00:22:00,CNC-03,H,299.1062641465695,311.4549951376652,2536.0152784113156,19.49704494905073,63.49965190080673,3.155043039349324,9.482039159834692,50.10653672172678,0,2026-08-25 06:31:50
2024-01-13 01:56:00,CNC-01,L,303.3763345951722,310.01519636148913,,17.672073341931473,149.79735630322935,3.4725886933632046,8.66238893685163,49.21784665802751,0,2026-08-25 06:31:50
2024-01-13 01:52:00,CNC-01,L,303.3215024136886,310.2794719778595,2548.3521411960346,,145.5048216621556,3.3576029259038287,9.322039501734883,46.43590973401396,0,2026-08-25 06:31:50
2024-01-13 17:10:00,CNC-03,H,299.5946937600883,315.89617097783736,1975.701874264128,45.70539035087529,261.80247418773484,3.7433166892279304,16.984151185458188,53.63532595263597,1,2026-08-25 06:31:50
2024-01-13 02:23:00,CNC-01,L,24.463517518349136,38.13519475723848,2658.8039643096713,22.873735136672753,179.45325464560239,36.962051895516524,,53.759624463197646,0,2026-08-25 06:31:50
2024-01-13 13:17:00,CNC-03,H,297.5560559029395,311.650801279214,1361.3041402339072,50.55500766387937,155.26334353028557,2.2579007312319415,12.831382202725298,55.6709424337108,0,2026-08-25 06:31:50
2024-01-13 15:30:00,CNC-01,L,298.92356566360957,313.35155062617804,1547.4329400261943,47.198879742815876,145.09795259973743,2.494664310570288,13.621315951223545,52.55923168654489,0,2026-08-25 06:31:50
2024-01-13 18:40:00,CNC-02,M,298.45910073700225,313.33916727715865,2120.3768405764654,34.13450122854177,166.71963446956454,3.0695441084490964,13.586054963019157,46.93353641335027,0,2026-08-25 06:31:50
2024-01-13 11:36:00,CNC-03,H,296.54267692295286,311.74023882171144,1386.9366899254285,55.870437195855075,232.0109881845365,2.899315902335185,14.325418892496293,56.903089456655515,0,2026-08-25 06:31:50
2024-01-13 10:25:00,CNC-01,L,296.44615192006194,310.68198567285845,1509.2972431599142,44.88116454076692,119.42970594857272,2.2001681531262625,12.624988989309175,63.129762448964854,0,2026-08-25 06:31:50
2024-01-13 03:36:00,CNC-03,H,297.0165999391238,310.0648019011835,2329.9339331413817,25.846921776809673,41.70100002127094,2.888855648478326,11.270096821367268,53.47282506475002,0,2026-08-25 06:31:50
2024-01-13 04:10:00,CNC-03,H,297.2137245713681,309.79350686550026,2354.254521374963,21.474093112839988,82.33940735375158,2.979534627076677,9.405742919478044,57.40325258396867,0,2026-08-25 06:31:50
2024-01-13 07:19:00,CNC-02,M,295.3954996447768,309.67805532527643,1774.7935502424107,40.61821508747501,72.0986763831962,23.39560305374668,13.45894812871076,60.47421601909694,0,2026-08-25 06:31:50
2024-01-13 14:48:00,CNC-03,H,303.8292271371039,311.34383592634305,1601.2113503560154,40.8478887293318,53.75699091494662,2.3559012312051673,12.344248105061187,47.472370843615025,0,2026-08-25 06:31:50
2024-01-13 21:19:00,CNC-01,L,300.31715854128646,313.23245677262184,2600.064241633606,18.505144960161438,181.26548392231797,3.676205789106124,8.880226503207343,48.894919591371135,0,2026-08-25 06:31:50
2024-01-13 05:15:00,CNC-03,H,296.23891116119336,310.78408942608263,2287.429288410724,30.621786938801378,163.11980319590936,3.0814697729069174,13.086613482536924,61.05587570053019,0,2026-08-25 06:31:50
2024-01-13 02:57:00,CNC-02,M,23.72935584922874,37.241616953231585,2604.209647165544,21.639162143451063,199.0586396880301,3.8264837535418437,10.76371882909069,55.026140970258496,0,2026-08-25 06:31:50
2024-01-13 11:55:00,CNC-03,H,297.0014212121271,310.5854843266562,1401.3043683752144,46.52345390670504,25.321557812195085,2.110611348607888,12.253467089355029,60.090539133108926,0,2026-08-25 06:31:50
2024-01-13 14:21:00,CNC-01,L,298.6608962692512,312.75769200575957,1625.0637229130596,43.868034889901466,40.19991358003053,2.1940703264237045,13.289049325318288,51.86759705556483,0,2026-08-25 06:31:50
2024-01-13 09:00:00,CNC-03,H,296.0191292198293,311.3402908075013,1543.0767198465112,50.885657908696345,261.2328563052147,3.2572759464131087,14.429148372960752,55.03943004666174,1,2026-08-25 06:31:50
2024-01-13 22:31:00,CNC-01,L,300.29780062097853,312.2316962693062,2695.9308256252884,17.40644457333039,65.43206938404275,3.2311166862826504,74.13071657999357,48.289131416632586,0,2026-08-25 06:31:50
2024-01-13 07:17:00,CNC-03,H,296.146536593628,311.0274926266937,1743.4309793700363,45.7934477942784,109.9108484287458,2.5363332500021967,14.992870705080879,58.615404824361335,0,2026-08-25 06:31:50
2024-01-13 23:10:00,CNC-02,M,298.0053560481514,308.6965970165588,2830.679814911349,8.765449161381424,26.605769276008665,3.4316465104140415,4.668894934619558,51.35437907169259,1,2026-08-25 06:31:50
2024-01-13 08:55:00,CNC-03,H,296.16653830314044,310.9423919355471,1487.5667307114952,47.80381897616363,253.68419930008332,3.3005201895296796,13.549820139936195,58.26946036980851,0,2026-08-25 06:31:50
2024-01-13 18:32:00,CNC-02,M,298.68650775217964,312.90288981805156,2161.1870990263537,29.795879971947027,156.38992307733577,3.0976347439613656,12.13299714490978,51.70972299337651,0,2026-08-25 06:31:50
2024-01-13 08:10:07,CNC-02,M,295.26277339074437,310.06355881440044,1587.2412273662592,47.047692030836316,145.98446405340138,2.440336274055952,13.988938272319633,53.309354636552,0,2026-08-25 06:31:50
2024-01-13 07:45:00,CNC-03,H,296.00471262517186,310.58790412810686,1745.3178850222207,42.29618886944276,149.8927198204137,2.5471599508205096,13.840294671193806,59.73280389399984,0,2026-08-25 06:31:50
2024-01-13 23:17:00,CNC-03,H,298.92567372288,311.9143028146563,2651.2703775042337,18.82729145916488,194.9693221586872,3.5994623976923608,9.483102692752466,45.39458294372341,0,2026-08-25 06:31:50
2024-01-13 23:16:00,CNC-03,H,298.7695345227535,311.80985982506945,2674.210522759099,18.32375289302227,193.88353630132212,3.6557161437024606,9.173682163404717,50.77198567975076,0,2026-08-25 06:31:50
2024-01-13 23:58:00,CNC-03,H,298.99601708519174,312.3028832181815,2730.1088257130614,19.52499334499857,238.74980497944753,4.176139967199847,10.059173827140414,53.443383512068195,0,2026-08-25 06:31:50
2024-01-13 07:52:00,CNC-01,L,296.30466864156443,310.4150038857519,1798.8660779219335,38.588557215060966,120.09859078168694,2.5340924932178464,12.980920738887535,57.95820883466833,0,2026-08-25 06:31:50
2024-01-13 12:04:00,CNC-03,H,297.38132108528237,311.5608085729808,1384.5541585007788,53.60161459977914,39.63651437741282,2.0196421359323877,13.812199291050195,52.4879393872541,0,2026-08-25 06:31:50
2024-01-13 18:34:00,CNC-03,H,300.1052132858779,314.3587023797505,2250.775599189556,31.42225335903255,103.02308442628657,29.292457623627346,13.023663594319622,47.78053405306537,0,2026-08-25 06:31:50
2024-01-13 02:19:00,CNC-01,L,24.616560328573712,38.11404544487618,2495.208587573741,22.844923220341265,175.07395426569826,3.5430084513860547,10.782825518286728,52.718866359657035,0,2026-08-25 06:31:50
2024-01-13 06:13:00,CNC-01,L,296.47777107474474,311.4636211105417,1991.0429490794027,37.171105911103155,220.34899487776153,3.68444547220078,14.1175460782346,61.55728210250734,0,2026-08-25 06:31:50
2024-01-13 12:07:00,CNC-03,H,297.4695041370291,311.5482845452977,1373.5513999674547,52.06760955831433,44.42513956534276,2.07895422640153,13.429472197330528,59.51826868705005,0,2026-08-25 06:31:50
2024-01-13 01:43:00,CNC-01,L,303.58340381498067,310.0078847608112,2656.6902387585073,16.480125676596828,135.72799109017362,3.3718210200615957,8.23713429431175,48.14725198796133,0,2026-08-25 06:31:50
2024-01-13 22:20:00,CNC-03,H,299.3639647693925,311.9455782544904,2614.6721852553896,18.638677430260575,133.66174001646777,3.3635679442580932,9.208780820327673,53.778897997062096,0,2026-08-25 06:31:50
2024-01-13 11:16:00,CNC-03,H,296.8968991658707,311.6462913587741,1336.8966812994956,54.13689109488386,200.1267872365866,2.5436085660170096,13.557401180992613,57.00053955656641,0,2026-08-25 06:31:50
2024-01-13 14:43:00,CNC-03,H,304.3129148072741,312.1210407976418,1566.8508499299032,45.41154585795365,46.1610336478478,2.3008979218214827,13.03691112489528,41.3600560629581,0,2026-08-25 06:31:50
2024-01-13 01:41:00,CNC-03,H,298.1847363744027,310.73328478789864,2504.8568210418866,18.21095194407916,147.95441878385552,3.2572176391048377,8.677391654539056,54.283642661955824,0,2026-08-25 06:31:50
2024-01-13 03:52:51,CNC-01,L,296.6356410020748,308.79618147488515,2385.1762786563686,19.492067689051645,44.46676899294797,2.8534988694544032,8.504397300302578,56.42385712934228,0,2026-08-25 06:31:50
2024-01-13 19:35:00,CNC-02,M,298.8168724369235,311.61761010334664,2357.1388427182565,22.671799859633147,18.27127801124778,2.969380074779469,9.849329193450258,53.83420769881679,0,2026-08-25 06:31:50
2024-01-13 18:27:00,CNC-03,H,300.02593877049645,313.61332386017466,2173.175119862014,30.969648228623544,93.99245296627261,2.741364087730841,12.540411102081892,47.63077816800922,0,2026-08-25 06:31:50
2024-01-13 17:01:00,CNC-01,L,299.8515245781909,314.4163398821881,1887.3993176334682,40.19259364425271,69.54212380532229,2.5578404144944002,13.838891154394876,49.76798066881695,0,2026-08-25 06:31:50
2024-01-13 22:45:00,CNC-03,H,299.1177983195137,311.5615671513641,2652.672774302949,16.354139711795305,160.87812342810312,3.5160745506835034,7.961089702056867,51.00184328228623,0,2026-08-25 06:31:50
2024-01-13 20:48:00,CNC-02,M,298.7375215562109,312.45188756502284,2421.71269664843,24.75315392905508,105.2178573115013,2.954367821328406,11.252324738775897,56.82885604062012,0,2026-08-25 06:31:50
2024-01-13 11:23:00,CNC-02,M,295.79020338383873,310.8870662822595,1374.5428395993506,53.65063912625471,208.71624751888268,2.8098684996333665,13.747639930468425,57.61018368148942,0,2026-08-25 06:31:50
2024-01-13 21:44:00,CNC-03,H,299.75233306938065,312.91397759783405,2536.7808258619502,22.60458281176375,94.13015466987899,3.1809775220507572,10.90270312538953,51.134757528312335,0,2026-08-25 06:31:50
2024-01-13 08:13:00,CNC-03,H,295.88040568939874,310.6869447890143,1600.7763942889085,46.73732531803933,190.76756971245234,2.717082004046913,13.813782801302484,57.646511208347924,0,2026-08-25 06:31:50
2024-01-13 22:24:00,CNC-01,L,299.7442018040828,312.0243847417027,2700.61739945984,18.098408423752478,57.837728916414996,3.2860322684999184,9.300413080829543,55.248908480485966,0,2026-08-25 06:31:50
2024-01-13 00:33:00,CNC-01,L,298.47082651630456,310.1572658438295,2650.7308292125394,15.468758418462986,60.41927985490691,3.2060601751767153,7.681326150778784,55.29828078042362,0,2026-08-25 06:31:50
2024-01-13 16:36:00,CNC-01,L,26.268186567385442,39.801129630991625,1778.548745405764,38.83792098453314,34.38402635413327,2.474164656817219,12.96368202005255,47.752731288952425,0,2026-08-25 06:31:50
2024-01-13 05:19:00,CNC-01,L,296.47158516054793,,1972.2435035783958,39.58486744400376,149.46803610986473,3.0240775077029225,14.621497650212122,57.91537348325838,0,2026-08-25 06:31:50
2024-01-13 00:03:00,CNC-03,H,298.8076164109673,310.73290387293804,2644.3120437023513,15.604581300559385,43.3255976426167,31.542185362670885,7.949001471923848,53.62120673865572,0,2026-08-25 06:31:50
2024-01-13 03:13:00,CNC-03,H,297.32999948713285,309.65568739012843,2370.0082658881006,21.55348532789002,14.884154547214997,2.880146172368362,9.390725170427544,58.505831243346776,0,2026-08-25 06:31:50
2024-01-13 17:16:00,CNC-02,M,298.85581163468174,312.90107422103847,1904.9261641148291,36.338151045000046,54.75932071664826,2.537948880693542,13.095170232033611,49.687810604380715,0,2026-08-25 06:31:50
2024-01-13 16:10:00,CNC-03,H,25.784728573363793,0.0,1689.9642901258946,43.24721043244654,176.54723278484508,2.7006683201488078,13.421529960370938,53.00887075766709,0,2026-08-25 06:31:50
2024-01-13 05:19:00,CNC-02,M,295.56733941401495,310.3178296224823,2142.8429931398578,33.69279175841009,153.02539448482688,3.0422693667280316,13.483549126628095,64.72816260635499,0,2026-08-25 06:31:50
2024-01-13 21:38:00,CNC-02,M,298.847428255471,311.81940436307264,2631.6728102876464,17.43175456685773,161.56532965792388,3.4647534183290194,8.593518886920684,54.11486699857941,0,2026-08-25 06:31:50
2024-01-13 09:31:00,CNC-01,L,296.57535513877514,310.44545653788765,1456.6234892159525,49.03844747250404,35.11735840989477,2.05237098942558,13.454792066893036,58.86346028456266,0,2026-08-25 06:31:50
2024-01-13 11:07:00,CNC-01,L,296.90558240444403,312.2066303714491,1518.935675482579,53.520961957565675,185.7950812754761,2.65775694515132,15.2782607942131,59.312033444054926,0,2026-08-25 06:31:50
2024-01-13 06:00:00,CNC-02,M,295.70733195070557,310.5367294950404,1971.669232978348,37.67809162177683,207.0526592288276,3.256393548552431,13.746888450506987,60.85837213214096,0,2026-08-25 06:31:50
2024-01-13 19:00:00,CNC-03,H,299.8007073525346,314.01019434079615,2172.3756772952966,32.123033363467854,136.1372583578275,3.0417749557133815,13.050985730767323,55.82196103186573,0,2026-08-25 06:31:50
2024-01-13 07:34:00,CNC-03,H,296.05982932707917,310.7234355474041,1896.8668019844517,39.279113650233846,134.12508104298465,2.5712045109305253,13.834503950577611,59.71259950884577,0,2026-08-25 06:31:50
2024-01-13 18:00:00,CNC-03,H,300.15623635426897,314.0804141311765,1880.1234846770603,37.52566069052509,58.61708896322732,2.5118280442755827,13.491372219294494,53.40534299088563,0,2026-08-25 06:31:50
2024-01-13 18:02:00,CNC-03,H,300.0023663405912,313.70677921642823,2025.266475888141,32.38739385364726,61.27055887722352,2.6708282568119333,12.083412948139058,1601.7832042121988,0,2026-08-25 06:31:50
2024-01-13 19:22:00,CNC-01,L,300.3783677503923,313.34414389934324,2208.7043120548205,26.85218845226716,43.73565078685283,2.714304263959383,11.05178831853455,52.6919093142384,0,2026-08-25 06:31:50
2024-01-13 16:48:00,CNC-02,M,25.354141698003446,39.361595765401546,1817.007211554251,38.840099166654774,15.732194749054756,2.468366107401379,13.30230654509917,56.97671587684582,0,2026-08-25 06:31:50
2024-01-13 05:35:00,CNC-01,L,296.32934414681574,311.4941144102992,2191.5609355688644,36.73268686628368,170.11886735125796,3.250595977809417,14.9836320354325,55.076481047355706,0,2026-08-25 06:31:50
2024-01-13 17:01:00,CNC-02,M,298.79206518456556,312.75694544895305,1733.503514106513,39.78464629717338,34.02408750174898,2.2802722713243133,12.921539805136307,47.510041686879276,0,2026-08-25 06:31:50
2024-01-13 19:32:00,CNC-02,M,298.821401434289,311.98758723015703,2280.6758110702754,24.44197781852294,14.631090799724092,2.7610202664520247,10.535604429564259,54.27128966839353,0,2026-08-25 06:31:50
2024-01-13 02:56:00,CNC-03,H,24.343172538910494,37.09377972870732,2608.47474604457,18.051782617241003,231.2504533685172,3.7650876073491863,8.69161350652726,53.87291919492812,0,2026-08-25 06:31:50
2024-01-13 10:30:00,CNC-02,M,295.4755287125323,309.8959530365527,1488.1163045352596,46.693955930980145,124.51397758438915,2.2449283383466465,13.061870685031797,60.31368960068946,0,2026-08-25 06:31:50
2024-01-13 15:25:00,CNC-03,H,304.14114505393474,312.3195931369877,1509.954074987067,45.65464499943796,109.92991668120068,2.2008943045204985,13.041431541935104,44.0513744005214,0,2026-08-25 06:31:50
2024-01-13 15:49:00,CNC-02,M,25.173575405720783,40.88068694855707,1846.4858156425612,45.13852494874268,169.02106793745594,2.8771130245596606,15.560953748994201,52.33576894350658,0,2026-08-25 06:31:50
2024-01-13 20:39:00,CNC-01,L,300.36257765421226,313.5154549854805,2468.8839731130997,21.447016434550275,135.63900680408437,3.251892474817075,9.937785459797238,52.29857157438421,0,2026-08-25 06:31:50
2024-01-13 19:20:00,CNC-01,L,300.5413079342343,313.1503091292161,2418.666792297475,21.848804538728608,41.24112817925942,2.8769971425954153,9.8017335271435,49.46593751056493,0,2026-08-25 06:31:50
2024-01-13 10:23:00,CNC-01,L,296.44182835769226,310.2003759889858,1393.0662997189572,46.36470080284964,116.29507322445644,21.44826739084002,12.018284985540612,59.22290853702347,0,2026-08-25 06:31:50
2024-01-13 18:00:00,CNC-01,L,299.9096088200196,314.7635940749668,2078.388066986049,36.63482979710306,149.87443254248836,3.116202121511767,14.336639874290341,53.092784909374586,0,2026-08-25 06:31:50
2024-01-13 06:58:00,CNC-02,M,295.63145400353386,309.52312823344516,1789.3167728739747,39.621744143632256,42.7118736051255,0.0,13.481512352873478,54.93566329434334,0,2026-08-25 06:31:50
2024-01-13 14:26:00,CNC-03,H,298.3810008925438,312.2409831714561,1452.9062972979855,48.62410579821933,20.027817831577543,2.131343152748433,13.17946729423637,52.33670603765015,0,2026-08-25 06:31:50
2024-01-13 01:52:00,CNC-03,H,298.35878719626766,311.5983453518763,2632.7116748796348,20.87811035530991,159.86805472733818,3.4456801449026,10.352898674877894,58.43331174668974,0,2026-08-25 06:31:50
2024-01-13 10:22:00,CNC-02,M,295.5837675552258,310.2828459378281,,52.716946746740945,111.84933470245434,2.156397050620616,0.0,56.70313970871039,0,2026-08-25 06:31:50
2024-01-13 15:56:00,CNC-03,H,31.293379279464375,40.144159029160164,1681.9838529946246,44.97873163262431,156.0297589081972,2.5684101227747753,14.209968936248215,44.376925614284076,0,2026-08-25 06:31:50
2024-01-13 07:25:00,CNC-03,H,296.10577283269515,310.48492468019936,1717.7902734145748,43.20272093937981,121.23624601121577,2.488753180786181,13.82663101729025,60.01408675950505,0,2026-08-25 06:31:50
2024-01-13 20:38:00,CNC-01,L,300.4712194755022,314.09677604557584,2548.077329247726,23.992470432098663,134.48492862221056,3.2422091385871705,11.487687927796296,53.25481232809593,0,2026-08-25 06:31:50
2024-01-13 11:39:00,CNC-01,L,297.4368452586789,311.47060754083253,1369.2958146128362,51.70137189044056,27.06873657229805,2.0309773435685528,12.9117468187797,57.247077597715844,0,2026-08-25 06:31:50
2024-01-13 10:54:49,CNC-02,M,295.7930366761302,310.43902828549153,1411.3588141551686,50.3124837340435,162.64179939805672,2.3401891598322875,12.991211917109043,61.22077692879954,0,2026-08-25 06:31:50
2024-01-13 11:49:00,CNC-02,M,296.00341600259526,310.4120003804974,1353.1128712611487,53.61954861304596,33.29733706814981,2.0549913826080424,13.743598702117136,61.53030294063863,0,2026-08-25 06:31:50
2024-01-13 21:27:00,CNC-03,H,299.41999884885354,311.75416414409153,2613.576546285093,19.395900500647056,75.20846146909004,3.197352910918712,9.567196128311082,55.34515873872308,0,2026-08-25 06:31:50
2024-01-13 00:28:00,CNC-01,L,298.54434241067867,310.6324786286182,2654.3744018547713,15.602503473554497,55.03141523734623,3.285081939510054,7.935225129844979,54.30252513597959,0,2026-08-25 06:31:50
2024-01-13 06:08:00,CNC-01,L,296.3423511323702,310.84246278792216,2022.1952385916807,33.20227754875658,213.6238854588513,3.5973764042405736,12.39034578350557,60.12455753870834,0,2026-08-25 06:31:50
2024-01-13 03:18:00,CNC-01,L,297.2612491529257,308.1706198300033,2574.2585990570324,13.225076956135126,2.233735230881214,3.1448799402074954,6.423667621937836,53.91151961710599,0,2026-08-25 06:31:50
2024-01-13 14:16:00,CNC-01,L,298.8676285877472,312.5264374090849,1449.3258097719931,47.55192100146653,32.53426975068889,2.1453823347167575,12.940027729588092,52.37231739974702,0,2026-08-25 06:31:50
2024-01-13 10:44:00,CNC-01,L,,310.77136174507893,1400.282271728595,48.87219376043201,149.30141988165542,2.37840677767852,12.647456746773937,56.58181987468409,0,2026-08-25 06:31:50
2024-01-13 13:22:00,CNC-02,M,296.87602068874315,312.2938880311979,1416.3677790281588,55.498072406498714,180.71782743488106,2.5963658678667683,14.486493379202456,61.99008209560778,0,2026-08-25 06:31:50
2024-01-13 11:38:00,CNC-01,L,297.37313611400464,310.95688481677723,1397.936144622337,49.15835646539245,25.46873657229805,1.9955493297561833,12.626813964562116,54.21832710253211,0,2026-08-25 06:31:50
2024-01-13 18:34:00,CNC-01,L,300.109664302417,314.5882185562547,2179.841952645995,32.00302001454215,194.36594394182615,3.5240313612651653,13.070043942387251,47.68553926302226,0,2026-08-25 06:31:50
2024-01-13 05:33:00,CNC-03,H,296.3784534533242,310.699265814042,2020.0155981378218,34.35463312995853,186.27689566598667,3.109640025463182,13.014904639918695,59.33949977670868,0,2026-08-25 06:31:50
2024-01-13 16:32:00,CNC-01,L,26.327908997615282,41.146216928961906,1813.8176887426016,44.69337995643442,28.624405613422095,2.4116236892095535,15.041606570995434,52.46788381381704,0,2026-08-25 06:31:50
2024-01-13 15:18:00,CNC-03,H,304.0260167068344,312.3408761568878,1614.7796444304743,44.489965755510326,99.33755117002104,,13.366276506950141,42.91416807954606,0,2026-08-25 06:31:50
2024-01-13 01:50:00,CNC-03,H,298.32265393606735,310.7920711783806,2622.7458801568473,16.67044497253439,157.66554265410673,3.528828918464456,8.149284254270462,57.20742875274579,0,2026-08-25 06:31:50
2024-01-13 05:36:00,CNC-03,H,296.39820166596627,311.5095292248657,1889.2714341755952,40.907374793783966,190.2519590865262,3.0824311433725096,14.390535851330675,59.154868497067554,0,2026-08-25 06:31:50
2024-01-13 03:38:00,CNC-03,H,297.15385294049656,309.5715482646357,2426.1972186932458,20.9170075751073,44.00344788594323,3.045228276178755,9.88468614014434,57.665859538448615,0,2026-08-25 06:31:50
2024-01-13 14:58:00,CNC-01,L,298.7896251348552,313.2046708657032,1581.2277214812045,45.73445680228748,97.05348254161571,2.4092697818711777,13.54601413282483,52.78182366281221,0,2026-08-25 06:31:50
2024-01-13 06:41:00,CNC-02,M,295.8473248905142,310.0583615194183,1851.2890826786393,39.56135204854433,19.086651354601194,2.3511093525095395,13.811570713496062,61.065999227119725,0,2026-08-25 06:31:50
2024-01-13 14:33:00,CNC-02,M,297.7602586386602,311.43593323294766,1432.6208908326607,45.520536706609,54.26140054602211,2.0400166542925438,11.987489576283638,62.200139426712404,0,2026-08-25 06:31:50
2024-01-13 02:39:00,CNC-02,M,23.800700695496687,36.709997469713926,2553.608394249847,18.765273993613665,178.90772039619503,3.540818416782719,8.99456453808991,59.40103904981224,0,2026-08-25 06:31:50
2024-01-13 13:38:00,CNC-03,H,298.0877752457527,312.70766204695155,1387.9855972693338,52.01170628461295,188.46881440626166,2.4469274106578376,13.853868911496699,52.8243086901487,0,2026-08-25 06:31:50
2024-01-13 16:32:00,CNC-02,M,25.177076108072015,40.434218289924104,1875.6489554504149,40.99637632267223,231.48779935382768,3.4529535732338195,14.203986653666776,50.71883687494186,0,2026-08-25 06:31:50
2024-01-13 07:22:00,CNC-02,M,295.5866784679201,309.628298419316,1857.6888577611448,35.87446071050598,76.38348119905466,2.584441086825884,12.350260526335452,57.647430897937724,0,2026-08-25 06:31:50
2024-01-13 08:03:00,CNC-02,M,295.56981204236666,310.79596760098985,1775.6278327065625,44.97205006702021,135.58271570925166,2.5016960117777653,14.766558935995263,56.46885826290411,0,2026-08-25 06:31:50
2024-01-13 09:52:00,CNC-02,M,295.7158428003821,309.94148079297844,1633.7184436206749,44.386463535824504,64.79031779175709,2.3859550533098166,13.374899558608691,58.63401869048504,0,2026-08-25 06:31:50
2024-01-13 18:33:00,CNC-01,L,300.17420558964903,314.96026220889655,2087.7330992803218,35.83447010351188,193.07834674990238,3.3232861214322944,13.875978456730476,52.66204652518546,0,2026-08-25 06:31:50
2024-01-13 02:25:00,CNC-02,M,24.25147899494209,37.45032118454782,2670.915841498204,19.232310648460523,163.3150687857184,3.4761324897000385,9.42647390203412,54.641049779424286,0,2026-08-25 06:31:50
2024-01-13 07:50:00,CNC-03,H,295.9955731155783,310.2742574007949,1741.3462866079908,40.60541635839967,157.1348476474405,2.645671831032573,13.271016097451552,61.88549766360235,0,2026-08-25 06:31:50
2024-01-13 13:50:00,CNC-01,L,298.6698454100645,313.43382651073983,1433.8296883838327,51.4933140759908,234.19236142477664,3.4272350119725767,13.771584890317916,55.274695603741115,1,2026-08-25 06:31:50
2024-01-13 04:41:00,CNC-03,H,296.0075020934907,309.89917732138656,2077.5247841642195,31.22008805168469,120.38964800765555,2.8114938248125463,11.92089073869393,57.709333839014825,0,2026-08-25 06:31:50
2024-01-13 07:41:00,CNC-02,M,295.58514223668703,310.3063563296913,1774.0735762552179,42.438562931334744,103.76605944717765,2.495633630604718,14.007496210506385,61.9563854415972,0,2026-08-25 06:31:50
2024-01-13 09:36:00,CNC-01,L,296.31973982390525,310.3093820110254,1505.2870461827224,47.525748062769615,42.77567291017352,2.1099946958156988,13.794053415237295,54.70049409809315,0,2026-08-25 06:31:50
2024-01-13 11:52:00,CNC-02,M,296.5524343314138,310.3996415187427,1408.8625498559325,47.54339300090886,38.03469627636831,2.105363238411568,12.656046143660863,62.416982839522404,0,2026-08-25 06:31:50
2024-01-13 11:16:00,CNC-01,L,297.15477631213804,312.2166295660232,1401.2910686869784,52.982391280281,200.05516257273877,2.8195074617006606,14.067993758537563,55.58360917230641,0,2026-08-25 06:31:50
2024-01-13 15:04:00,CNC-01,L,298.93825668404145,313.51525193765605,1610.753968845421,47.45359956376092,106.15933332841719,2.2994294578839067,14.345993271197466,52.35244257548973,0,2026-08-25 06:31:50
2024-01-13 13:10:00,CNC-02,M,,311.5064813917155,1482.7692984414957,45.6528158730988,161.8211366672618,2.492963309084283,12.647400078108289,56.29477214871433,0,2026-08-25 06:31:50
2024-01-13 14:25:03,CNC-02,M,297.60737454178116,311.9685072586766,1556.8362370775958,46.82690074870774,40.43651645682687,2.1182053244653902,13.559470250882422,52.02855918854685,0,2026-08-25 06:31:50
2024-01-13 10:51:00,CNC-02,M,295.66154164258796,,1391.0627300589222,52.63824455669124,157.85557774194695,23.59840437008815,13.740406656255944,55.50944832187844,0,2026-08-25 06:31:50
2024-01-13 08:45:00,CNC-01,L,296.53472273633605,311.40956304333065,1359.0111644468018,53.67493597535708,198.93783859868412,2.874105194506971,13.831253224827222,59.18982939049552,0,2026-08-25 06:31:50
2024-01-13 07:52:00,CNC-02,M,295.5339946596941,309.85078743013133,1658.203175398668,41.67677517535233,119.61832801613596,2.4988443546530004,12.586812353658859,62.78605006361807,0,2026-08-25 06:31:50
2024-01-13 01:03:00,CNC-02,M,298.26909964822534,309.9141794905643,2677.191971865479,14.08860176109737,74.31180078665969,3.31604923468753,6.902355922554271,51.327693386546834,0,2026-08-25 06:31:50
2024-01-13 07:26:00,CNC-02,M,295.6529391822666,310.10584930726156,1711.0819930281687,42.87288009624274,82.0981971870217,2.3656624460899516,13.519889599013425,59.51431601224546,0,2026-08-25 06:31:50
2024-01-13 04:53:00,CNC-01,L,296.2590437118799,310.5932970528822,2204.4040981234907,32.34934671076902,116.35147383814511,28.42716758322162,13.295025151515661,57.0980615587062,0,2026-08-25 06:31:50
2024-01-13 13:54:00,CNC-01,L,298.48367820611554,313.7584992614557,1605.9814485020825,47.07388826814665,240.3955914756927,3.650564423367837,14.250512054857818,51.83733304894162,1,2026-08-25 06:31:50
2024-01-13 11:36:00,CNC-02,M,295.94657756586673,309.57019321953425,,48.85708592681569,12.706081111360161,1.9571581048141415,11.845450075321052,59.88627485439841,0,2026-08-25 06:31:50
2024-01-13 21:41:00,CNC-01,L,300.19964948321876,311.4623713742185,2540.0043704787186,13.897733413785586,11.223151145432023,3.082379897979709,6.622145702931026,47.46954386250655,0,2026-08-25 06:31:50
2024-01-13 09:47:00,CNC-02,M,295.2770127162572,309.836872866463,1561.976944419773,49.06974298299407,57.10390670774701,2.1962453218158657,14.505816078654107,54.286415318703256,0,2026-08-25 06:31:50
2024-01-13 20:37:00,CNC-02,M,298.9211094235011,312.1856910259096,2448.9028078072147,22.682978382316396,92.47273892562595,3.1015313103056417,10.23567036879089,53.89504433717939,0,2026-08-25 06:31:50
2024-01-13 12:00:00,CNC-02,M,296.255684325089,309.6954478472137,1304.9316291188088,48.573406236711044,50.78418394901465,2.05874348664245,11.790700770682085,59.046503542962675,0,2026-08-25 06:31:50
2024-01-13 21:10:00,CNC-03,H,299.8365058863728,312.1013116554951,2502.4316712018895,19.16718980547266,56.113500811416756,3.0476414185501426,9.076799467568012,48.313217287160214,0,2026-08-25 06:31:50
2024-01-13 14:32:00,CNC-01,L,298.5677259545798,312.41762204598314,1573.8286141618257,44.321482255106844,57.02392220500283,2.340084667941094,12.882947669856371,54.84566739123665,0,2026-08-25 06:31:50
2024-01-13 00:56:00,CNC-03,H,298.72627874567996,311.42063675212876,0.0,18.37410785035875,99.532432992564,3.4121109759252346,9.607006179215823,55.76080253983971,0,2026-08-25 06:31:50
2024-01-13 02:44:00,CNC-03,H,24.73405338101776,38.873181307740595,2526.331849599301,24.711380671584486,217.48730873355672,36.271389119077,11.577309805531812,53.24962536741553,0,2026-08-25 06:31:50
2024-01-13 22:20:00,CNC-02,M,298.2497131522852,312.1091531891942,2731.2246277979057,20.036650154428145,207.67994343054636,3.8758162382279027,10.463576335006763,53.727841335401244,0,2026-08-25 06:31:50
2024-01-13 05:56:00,CNC-01,L,296.23783338013857,311.23790183264947,2044.2750665236492,37.74396947217431,197.65801037032458,3.4059293463655216,14.405234099810864,54.59268863765223,0,2026-08-25 06:31:50
2024-01-13 06:56:00,CNC-01,L,296.37272265820513,309.8255338996741,1872.8264755828063,34.4523407329845,39.90825854330184,2.4135278241302434,11.929117160047195,57.25106026702984,0,2026-08-25 06:31:50
2024-01-13 08:59:00,CNC-01,L,296.44414939315203,311.2888179189195,1600.6011958657377,45.619115657444446,220.3244000370863,32.77979624060904,13.736568586164696,53.80841304621572,0,2026-08-25 06:31:50
2024-01-13 18:58:00,CNC-02,M,298.58523088759574,312.89714222297727,2211.439570949699,28.9593050990816,189.74911205676023,112.60040860647906,12.229997036520846,59.75854837053695,0,2026-08-25 06:31:50
2024-01-13 04:40:00,CNC-03,H,296.6698963306202,310.3149444865916,2262.081729078823,27.49855679649818,119.09788205226356,2.880647812790819,11.890756627108443,50.60631510433222,0,2026-08-25 06:31:50
2024-01-13 10:46:16,CNC-03,H,296.4540897350469,310.8663119841864,1261.635041351445,56.54147446492544,154.2885474286901,2.032611761822746,13.393057561397464,59.61009785211892,0,2026-08-25 06:31:50
2024-01-13 20:15:00,CNC-01,L,300.4785517209199,313.33684479726816,2427.601133230152,22.19358139584744,107.77274435627875,3.0845583401669647,10.055083409548972,53.523215959888624,0,2026-08-25 06:31:50
2024-01-13 14:40:00,CNC-01,L,298.89782907945096,313.09044436504223,1485.663531972277,48.959223139955924,69.27045046744615,2.2002876940572107,13.688123356487653,53.53855646989157,0,2026-08-25 06:31:50
2024-01-13 10:55:00,CNC-01,L,296.83923288195416,311.8764750722032,1381.0680524358713,57.177721362056744,166.72072695716574,2.517671841505251,15.022675260716243,57.23497924701924,0,2026-08-25 06:31:50
2024-01-13 06:03:00,CNC-02,M,295.56388057480007,311.1184510888015,1925.61070396018,41.617971529627084,211.0917844055007,3.191714051557739,15.018756101058406,56.06609319939405,1,2026-08-25 06:31:50
2024-01-13 17:13:00,CNC-01,L,299.609995606554,313.932645923795,1810.178230493009,41.95605703220127,86.28538611495891,2.5420799776706122,14.260649422194259,57.05045817737117,0,2026-08-25 06:31:50
2024-01-13 11:29:00,CNC-01,L,297.52758231725727,310.9668720319749,1368.7635349160266,47.188157371467675,11.130382654103578,1.924584546830349,11.698661366543643,56.67012396848514,0,2026-08-25 06:31:50
2024-01-13 04:14:00,CNC-03,H,296.76757733852924,309.7025389938818,2273.607930500249,24.454636764549665,87.19844718772042,2.8299598551131306,10.391591217362718,52.031486553113496,0,2026-08-25 06:31:50
2024-01-13 17:57:00,CNC-02,M,304.15198445342145,312.03692842000544,2064.377817293971,29.602029010573904,110.45220275875366,,11.408953839115314,46.261415032034044,0,2026-08-25 06:31:50
2024-01-13 01:03:00,CNC-03,H,298.70922663638993,311.00673397248437,2655.6446856894017,18.310890709763136,107.05766684466573,3.3133001851853487,9.011887905973351,55.06595050584764,0,2026-08-25 06:31:50
2024-01-13 22:46:00,CNC-02,M,298.5565082703112,309.3956039193257,2625.3627710149794,10.461819421446714,1.0573190993757224,3.0984735295369186,5.09518247343828,51.716359420998764,1,2026-08-25 06:31:50
2024-01-13 04:46:00,CNC-01,L,296.3826638993262,310.6507101877332,2344.067958984588,29.775453918272763,107.60846934535,3.1268971462860926,13.020697818660178,54.674428266018005,0,2026-08-25 06:31:50
2024-01-13 05:31:00,CNC-01,L,296.41921354875996,311.4144603615749,2091.9736702196797,36.20132858425872,164.93523722876012,3.109286087416987,13.91210372951394,53.7251242313139,0,2026-08-25 06:31:50
2024-01-13 03:37:00,CNC-02,M,296.49047960807235,309.4891017684252,2427.2048349213237,22.890791417405346,28.700711511974454,2.8968905169816885,10.314584186370446,59.27896445476203,0,2026-08-25 06:31:50
2024-01-13 05:14:00,CNC-02,M,295.629105177698,309.97188918303374,2201.7481708430996,31.57777746266645,146.72820223810928,3.162647062676613,13.400099935586926,2054.196827020932,0,2026-08-25 06:31:50
2024-01-13 03:45:00,CNC-02,M,296.3755699333214,308.196163319144,2526.2220039381896,17.618367277432988,38.11899581667853,3.0808770645711494,8.155680077190372,58.52021823766112,0,2026-08-25 06:31:50
2024-01-13 14:09:00,CNC-02,M,297.4052870093262,311.6252233912248,1439.70028182254,48.760849027747454,17.272847908543145,2.0862998283292806,13.141365192693993,59.14364507177387,0,2026-08-25 06:31:50
2024-01-13 08:48:00,CNC-02,M,295.5637651996696,,1693.3396153621218,47.69478549034512,202.6943819737623,2.9846849490703398,14.959356432812601,61.22771746372591,0,2026-08-25 06:31:50
2024-01-13 05:57:00,CNC-03,H,296.4430268461775,309.2544797699926,2139.409601090411,25.745625669081118,0.0,2.7705187784825056,10.396409474729802,60.33475924276838,0,2026-08-25 06:31:50
2024-01-13 19:18:00,CNC-03,H,300.0697081157773,314.5596147842084,2258.931538280592,31.32392430999571,158.57024298952052,3.046233195262824,13.01203593632801,55.204211389970894,0,2026-08-25 06:31:50
2024-01-13 21:11:00,CNC-03,H,299.570426606124,312.35890675270446,2652.174364653421,19.89144234600206,57.201355307860354,32.00798169862535,9.714628317656489,56.78529471560901,0,2026-08-25 06:31:50
2024-01-13 02:40:00,CNC-03,H,24.688245945834353,39.57668693439467,2414.3117853085178,30.03062735850502,213.1180052687109,3.623013643422227,13.525139824282174,57.12945980492129,0,2026-08-25 06:31:50
2024-01-13 15:43:00,CNC-03,H,304.18553583896374,312.06067041646526,1705.715143857864,39.76347367407825,136.84267192478342,2.4225577252951025,12.568422649803725,41.666056295182095,0,2026-08-25 06:31:50
2024-01-13 08:50:00,CNC-02,M,295.6708664556815,310.66265397722896,1631.0057603912912,45.67731265198126,205.72986996021797,2.9331320539522774,14.088603820664233,59.4456718025657,0,2026-08-25 06:31:50
2024-01-13 04:03:00,CNC-01,L,296.66813225821124,309.7708696307335,2362.0214753565806,24.971408307556363,55.079639466871285,2.950195766369259,10.956537490241432,57.29583521538644,0,2026-08-25 06:31:50
2024-01-13 19:45:00,CNC-02,M,298.86507599681465,312.2857357375208,2244.2937307010366,27.263531684908735,30.5191508765422,2.813032766087393,11.334499296484458,51.82596064548022,0,2026-08-25 06:31:50
2024-01-13 05:10:00,CNC-01,L,296.43137899677544,310.47625371808533,2100.9518868395603,31.057148091354104,137.84562510648004,2.9229039388840734,12.289656019241152,59.21352412829056,0,2026-08-25 06:31:50
2024-01-13 18:05:00,CNC-01,L,300.1723463250609,314.3345142997967,2057.7511542498064,33.52082332989016,156.35939089773467,2.93423433218816,13.158907055567964,50.0604696058018,0,2026-08-25 06:31:50
2024-01-13 00:46:00,CNC-03,H,298.94606459809074,310.66295727534987,2738.533089822352,13.938363596630564,88.98371912434432,3.2104407026624355,7.184914625123159,49.35802647388794,0,2026-08-25 06:31:50
2024-01-13 19:05:00,CNC-01,L,300.47901606733853,312.91773391856475,2308.300554891325,23.969679537364993,22.56020945341585,2.9607655127573373,10.204502435615124,54.44892070124399,0,2026-08-25 06:31:50
2024-01-13 12:45:00,CNC-02,M,296.67698301469954,311.3614947921107,1494.707025202171,49.306691114612285,122.21354427586644,2.3044695111593914,13.637441700389672,57.41082038823781,0,2026-08-25 06:31:50
2024-01-13 10:10:00,CNC-02,M,295.51735619080375,310.78103602342327,1468.2539121683794,55.82726355653734,93.02571494063638,2.0662404917856168,15.872181484969811,59.778828232706445,0,2026-08-25 06:31:50
2024-01-13 01:07:00,CNC-03,H,298.6872063753205,311.15414103102364,2708.712905917801,17.71539783521825,111.39723202480072,3.4081811050119213,9.101455246616718,53.813754916502994,0,2026-08-25 06:31:50
2024-01-13 13:53:00,CNC-03,H,298.13992261070916,313.47028105964415,1471.8574947634984,54.134718950758526,211.9534303734283,2.815890272259532,14.774142991634845,55.43728786778998,0,2026-08-25 06:31:50
2024-01-13 07:00:53,CNC-03,H,295.9581842380809,309.6998205366653,1823.0602964788725,35.90272921850162,85.99814940753289,2.561376714912629,12.258038673199142,58.558079374319156,0,2026-08-25 06:31:50
2024-01-13 15:59:00,CNC-02,M,25.232730422158966,40.699697303388575,1693.1834504932947,47.74798107925351,183.7021360332301,2.783195511828991,15.498059946236358,50.5482875470323,0,2026-08-25 06:31:50
2024-01-13 10:15:00,CNC-01,L,296.399365309217,311.0627050023808,1386.155349438831,54.25677953009959,103.65962694344319,2.125474109594216,14.516311780329472,52.6273023646342,0,2026-08-25 06:31:50
2024-01-13 07:59:00,CNC-02,M,295.4420831798641,309.48038105629115,1673.779584366064,39.0251358295989,129.75144435511814,2.407154257418186,12.147789224597913,60.75366817361457,0,2026-08-25 06:31:50
2024-01-13 13:31:00,CNC-01,L,298.0349582269888,312.78573400851815,1375.6446585898364,53.82847781405356,204.48683809993835,2.894759186776588,13.69132790379684,53.92186918174222,1,2026-08-25 06:31:50
2024-01-13 17:02:00,CNC-02,M,298.66011519783183,312.6286499093817,1915.7074180278132,35.36117505176796,35.41098001996802,2.560710815142661,12.524361807852403,54.16836172015762,0,2026-08-25 06:31:50
2024-01-13 20:23:00,CNC-03,H,300.2649615574831,312.9038184265597,2496.35861639479,21.270684662762605,2.3791761528198583,,9.820417526566677,50.4112397343681,0,2026-08-25 06:31:50
2024-01-13 23:40:00,CNC-01,L,299.6123442918133,312.272980090412,2669.0376087344093,18.88050599332583,139.11641005973559,3.5187196060591868,9.75343181211818,55.828730196267294,0,2026-08-25 06:31:50
2024-01-13 23:50:00,CNC-03,H,298.732004404825,311.69599803712936,2638.650591677486,17.54612933517534,230.17137044969826,3.9530069451649785,8.434397875939206,53.49233509149619,0,2026-08-25 06:31:50
2024-01-13 15:48:00,CNC-02,M,25.072638315714926,40.232979473476746,1786.041924796958,42.787656643668846,167.58528371915205,2.735519398555113,14.520790880754506,57.5135371771842,0,2026-08-25 06:31:50
2024-01-13 23:02:00,CNC-01,L,299.86805170898515,312.593474626733,2706.198674490471,19.13412892616825,98.76179875133262,3.3223662171024224,9.925242699722292,48.91972157694978,0,2026-08-25 06:31:50
2024-01-13 03:00:00,CNC-02,M,23.60024781012754,37.77313598432221,2554.9183440420584,24.359497015680066,202.422068800963,3.780409848635768,11.703246345410127,63.16875865465827,0,2026-08-25 06:31:50
2024-01-13 02:43:00,CNC-03,H,24.48467797800504,37.4436279996566,2626.3550568899655,19.2010678492951,216.33723122876646,3.8457319779728487,9.755098720801355,54.14850581007783,0,2026-08-25 06:31:50
2024-01-13 13:44:00,CNC-01,L,298.2548469369167,313.2772418533866,1388.2010609549864,54.50788505712147,224.85902443514163,3.230332892327474,14.409771046964176,56.59907466658233,1,2026-08-25 06:31:50
2024-01-13 05:54:00,CNC-01,L,296.294816420517,311.4116284896674,2076.0732832274853,38.254208678261215,194.94726958612108,3.3432652833613927,14.720691352455276,54.03811789082153,0,2026-08-25 06:31:50
2024-01-13 08:29:00,CNC-01,L,296.16123346619537,311.2080834110845,1747.3769235897626,46.18368821923222,174.84342219950395,27.582080007129,15.140098453035439,56.626330719095584,0,2026-08-25 06:31:50
2024-01-13 10:00:00,CNC-03,H,296.2356642043878,310.26220287889225,1450.183227639468,48.66193357677502,80.07557849473133,2.1231064553506265,13.331717613563073,57.420316695586486,0,2026-08-25 06:31:50
2024-01-13 09:48:00,CNC-03,H,296.27799637574816,310.67448701446574,1502.4731808777801,50.027709495038536,61.37271791406348,2.2380412704961055,14.022712591446066,55.23796578980658,0,2026-08-25 06:31:50
2024-01-13 14:00:00,CNC-02,M,297.11855920223627,310.9339463526577,1403.1573737116262,48.571494422514554,3.1656636267478833,2.0657658280984155,12.566641621840866,56.80041291148921,0,2026-08-25 06:31:50
2024-01-13 11:50:00,CNC-01,L,297.41946874248623,311.5945289350715,1435.0198036992792,51.834636116629476,44.471618770440195,2.130344086359426,13.886353741910355,59.02852145906984,0,2026-08-25 06:31:50
2024-01-13 09:24:00,CNC-03,H,295.99742728408273,309.65592334353744,1469.0497768710666,46.089957394332316,24.363803190426786,2.0764403542996956,12.427409889290832,53.0111182099763,0,2026-08-25 06:31:50
2024-01-13 01:59:00,CNC-02,M,297.19445067719244,310.7460883428864,2535.4584639684003,22.95515361923977,134.74588281578485,3.3058735341460337,11.188854528047656,57.50831401431047,0,2026-08-25 06:31:50
2024-01-13 10:34:00,CNC-02,M,295.8299385215384,310.56438053782676,1368.2932911343175,54.74433554378595,130.8508021874908,2.1702326057969157,14.049397484961698,58.68151844611882,0,2026-08-25 06:31:50
2024-01-13 16:26:00,CNC-02,M,24.929183409586358,39.94284602944765,1743.4699022233212,40.97116658825719,222.89449332976335,3.232761588908523,13.306870018748917,55.369691086167144,0,2026-08-25 06:31:50
2024-01-13 00:00:00,CNC-03,H,298.8072036412508,310.2951138364184,2695.487314778182,14.099950986091656,40.06828226091234,3.241654506306153,7.220919524485508,52.85726286892184,0,2026-08-25 06:31:50
2024-01-13 19:28:00,CNC-02,M,298.54363686966747,311.5161602372649,2447.12235968842,23.210147920574162,9.740948918504543,3.068996320747235,10.62183421232311,53.721225848844064,0,2026-08-25 06:31:50
2024-01-13 08:53:00,CNC-03,H,296.1741072704938,311.54645306353484,1597.4511004236078,49.120473159765396,250.62990236975773,3.2194776933853393,14.659349684889714,56.98747063126199,0,2026-08-25 06:31:50
2024-01-13 04:42:00,CNC-01,L,296.33053567895166,309.918805240598,2107.3244385368644,31.08779409622599,102.64289670253986,2.7012188084700925,12.492953628917896,49.81706614570198,0,2026-08-25 06:31:50
2024-01-13 01:28:00,CNC-03,H,298.48208123212095,311.9017483471886,2698.6547894653654,20.96300847531644,133.78013833411393,3.3695998709078125,10.624778529862718,56.28191650640702,0,2026-08-25 06:31:50
2024-01-13 08:17:00,CNC-03,H,295.9500702094136,310.6704001849707,1509.5224349872153,50.13760815585916,196.710625410837,2.6073174734340085,14.42516777913459,56.57943450165085,0,2026-08-25 06:31:50
2024-01-13 14:57:38,CNC-01,L,298.91340681917836,313.079654544369,1480.1715809067573,47.56464959037587,98.60589376613059,2.2610946113054498,13.132243526489765,53.459613045730514,0,2026-08-25 06:31:50
2024-01-13 15:13:00,CNC-02,M,298.1601029404737,312.87077458401546,1694.6172400162643,45.493929934964264,115.60750425730552,,14.306574503983557,52.962656780020005,0,2026-08-25 06:31:50
2024-01-13 15:32:00,CNC-03,H,304.2199865262686,312.6584885634966,1630.2553493725634,46.039736529373485,120.49173622795581,2.367678222519211,13.736320370927446,47.317468667895774,0,2026-08-25 06:31:50
2024-01-13 08:13:00,CNC-02,M,295.0602398633704,309.9931588659028,1716.3672217853061,44.571508935972844,150.51246681187087,2.589792800466973,14.37298832949369,56.458600894827086,0,2026-08-25 06:31:50
2024-01-13 12:12:00,CNC-02,M,296.1964382594048,310.64383083361605,1433.0620918805087,50.98118748074884,69.81177949103518,2.1172581240131665,13.522455968851444,58.0365887569671,0,2026-08-25 06:31:50
2024-01-13 06:30:00,CNC-01,L,296.2819890833674,309.2019889437904,2077.0489064039816,28.028640079336004,4.017955341773983,2.6078674270002735,10.758797606470836,58.569221444779984,0,2026-08-25 06:31:50
2024-01-13 21:03:00,CNC-03,H,299.9238913564419,312.254884664138,2458.5063390629875,19.40501907501293,48.257457434774146,3.044658528815029,8.891807753828454,49.440137007005546,0,2026-08-25 06:31:50
2024-01-13 11:28:00,CNC-01,L,297.34969129712476,310.64599217648157,1347.8374181883464,48.68147262705063,9.530382654103578,1.9701595862336772,12.662634779969876,57.15091050515236,0,2026-08-25 06:31:50
2024-01-13 18:24:00,CNC-01,L,300.0282744876549,0.0,2005.0835484164204,36.677628459187495,181.35053964760988,3.023849059370504,13.935452003066437,47.84082615086739,0,2026-08-25 06:31:50
2024-01-13 17:52:00,CNC-01,L,300.21579978858193,314.38669315730704,1971.5024971013609,34.589884357147284,139.2812174632873,2.8111218168844783,12.698737592628293,55.595486742367314,0,2026-08-25 06:31:50
2024-01-13 06:06:00,CNC-02,M,295.5883971906585,310.35234680083636,2081.0816767796036,35.19909855951829,215.06342752940918,3.513225209019969,13.851519431947235,57.35084393891343,0,2026-08-25 06:31:50
2024-01-13 06:14:00,CNC-03,H,296.3105708128504,309.6797405720438,1907.4193110617314,33.09405495725622,22.760822525452884,2.4942564426961424,11.765541084136313,56.31901513070621,0,2026-08-25 06:31:50
2024-01-13 17:46:00,CNC-01,L,299.9377225293215,314.92229818446947,1908.8406161156772,41.31496701520818,131.26203938785847,2.8174761799657824,14.511486695232657,49.67951712319895,0,2026-08-25 06:31:50
2024-01-13 12:20:00,CNC-03,H,297.0798344064375,310.865015656605,1320.3938411684712,50.9314705670013,65.04380264477706,1.9583640477036752,12.66904342482622,51.08918784377635,0,2026-08-25 06:31:50
2024-01-13 03:23:00,CNC-01,L,296.9552229911508,309.2450994455281,2387.842185928458,20.50393881528783,8.086308986654789,2.9449958778521,9.398647062828253,56.8666231026798,0,2026-08-25 06:31:50
2024-01-13 08:51:16,CNC-01,L,296.35965016340293,311.2178638807351,1571.423791106715,46.952269005020156,208.15290210922365,3.2481245339628435,13.704644204785573,54.696708554281564,0,2026-08-25 06:31:50
2024-01-13 01:57:00,CNC-03,H,298.2994740067446,311.8217672953012,2522.4266713216366,22.581371552432504,165.3109981708583,3.4056299951434066,10.417115084389318,50.58682312248159,0,2026-08-25 06:31:50
2024-01-13 07:55:00,CNC-03,H,295.9612911992239,311.3107508803384,1790.4050449024123,43.856022930993035,164.37219120035473,2.6502255669548425,14.879972451016762,52.52551825587999,0,2026-08-25 06:31:50
2024-01-13 21:13:00,CNC-02,M,298.77455732030654,311.7898149156363,2529.596104370573,19.58401800710979,133.66485735576381,3.3486787136688716,9.1320229566451,52.558721045168404,0,2026-08-25 06:31:50
2024-01-13 13:11:00,CNC-01,L,298.13856560087294,312.52590008486834,1433.6289809244988,50.07958482581585,172.89466809678402,2.604829148238591,13.421497398496577,55.92597214624284,0,2026-08-25 06:31:50
2024-01-13 18:36:00,CNC-01,L,300.4453686898259,,2111.5440736136625,38.214227979259476,197.0004147153177,3.364601198526846,15.15122893898756,46.74175114175021,0,2026-08-25 06:31:50
2024-01-13 20:43:00,CNC-01,L,300.3617331956996,313.2433832827694,2518.884463775326,20.246784771410663,140.21964544431327,3.278746461088878,9.635655307542937,56.85294618619779,0,2026-08-25 06:31:50
2024-01-13 08:44:00,CNC-02,M,295.72815262654234,310.7769724996076,1551.1969797613883,47.87354951255356,196.71899433590482,2.7011081064606275,13.894035533225667,55.381567565789396,0,2026-08-25 06:31:50
2024-01-13 14:17:00,CNC-03,H,298.3073905400243,311.9418603841468,1581.4796398786434,44.35387403111125,6.07796933669222,2.0413404692511907,13.122522350519114,52.933525904468645,0,2026-08-25 06:31:50
2024-01-13 11:51:00,CNC-01,L,297.2288679169096,7461.937811349253,1404.4813051905812,51.108531019186394,46.05817639960238,2.067986753949447,13.27652226320808,56.88793338918244,0,2026-08-25 06:31:50
2024-01-13 23:19:00,CNC-03,H,,313.3611128065607,2523.0653034918123,24.62016452434096,197.19823493003184,3.6694461516038435,11.67521606944482,53.23712000589966,0,2026-08-25 06:31:50
2024-01-13 05:09:00,CNC-01,L,296.3108255379298,310.1626046347802,2176.3056750310143,29.51211830712308,136.58070404605954,2.966979364781688,12.186458473281473,57.24344246845896,0,2026-08-25 06:31:50
2024-01-13 13:57:00,CNC-01,L,298.25920113734014,312.17436290191387,1635.6332157427062,44.13208706005239,3.035434956410915,2.280644611545162,13.542657453900613,58.05702792108675,0,2026-08-25 06:31:50
2024-01-13 16:00:11,CNC-03,H,31.543788769309458,40.270411597047485,1684.0459629937657,43.738810056859904,163.38415088077207,2.643367109755419,13.852369459584981,39.75604791879617,0,2026-08-25 06:31:50
2024-01-13 16:31:00,CNC-03,H,26.069771925073212,42.1508586590719,1739.6319761668806,50.2146132143119,207.05483082680212,2.91321350330851,16.314288073126022,55.27784733000023,1,2026-08-25 06:31:50
2024-01-13 06:34:00,CNC-03,H,296.5127039651173,310.41380887515885,2087.7279083806184,33.95748210740081,49.7193595767731,2.689090394622191,13.128572476258622,56.23490318951548,0,2026-08-25 06:31:50
2024-01-13 08:23:00,CNC-03,H,296.2254002333525,311.2460049627951,1611.3353055888856,48.000670998808694,205.71263972701203,2.8594505461457578,14.550108218450868,64.89755844808087,0,2026-08-25 06:31:50
2024-01-13 09:49:00,CNC-01,L,296.63002105535105,311.0205855686861,1518.6915763154036,49.55956233436197,62.89722564694129,75.43064075895057,13.981651762519766,60.32397531884343,0,2026-08-25 06:31:50
2024-01-13 10:43:00,CNC-01,L,296.9326506318956,311.6560694515937,1470.1218105720463,48.71705522713738,147.75077399100988,2.4585758506803854,13.509730575200368,61.40320248221536,0,2026-08-25 06:31:50
2024-01-13 14:03:00,CNC-02,M,297.3842531178215,311.2882103186919,1491.4296607450444,47.86205328312123,7.884917834987411,2.096048279462637,13.307065452980599,57.79004807953209,0,2026-08-25 06:31:50
2024-01-13 12:43:00,CNC-03,H,297.8295313664958,312.0065445245401,1310.4917196977408,51.82773259715693,101.53643519117948,2.0794609207003263,12.666435152851635,55.206023556052685,0,2026-08-25 06:31:50
2024-01-13 04:19:00,CNC-02,M,296.121513404793,309.87153972623054,2234.213081980329,27.866544860171032,78.59110249368905,2.947520106730451,11.687338880413261,58.17409543245566,0,2026-08-25 06:31:50
2024-01-13 21:34:00,CNC-03,H,299.6812135554509,311.78109314763685,2534.1874063431937,17.844189036538058,82.96385348387471,3.1241172499091334,8.433527033555317,55.69896582726106,0,2026-08-25 06:31:50
2024-01-13 00:57:00,CNC-03,H,298.77235108732367,311.156139989286,2711.0580239013852,17.07269201036789,100.60008815663653,3.282319416972131,8.694088473474691,52.75792603331371,0,2026-08-25 06:31:50
2024-01-13 21:58:00,CNC-01,L,300.23476546999024,311.7993753572055,2816.0562572891304,14.17539009848106,29.68155596543524,3.3176177007595107,7.491644271443978,54.06098740689465,0,2026-08-25 06:31:50
2024-01-13 02:35:00,CNC-01,L,24.212188099487093,36.90352910654781,2618.18600418855,17.54584251594115,192.81101782516367,3.9715714039752883,8.622349221056453,53.177056789250635,0,2026-08-25 06:31:50
2024-01-13 23:44:00,CNC-01,L,299.7374140238597,312.1225554521331,2664.9756271940905,17.827445296989467,143.30571105621996,,8.883863780296934,51.56541077065935,0,2026-08-25 06:31:50
2024-01-13 12:28:00,CNC-03,H,297.213778030425,311.5435607416522,1486.3187484839214,47.183970203158545,,2.2161112141774026,13.288189111013388,55.01241683048395,0,2026-08-25 06:31:50
2024-01-13 12:48:00,CNC-03,H,297.49453343089095,311.33075070498205,1272.6086396749763,51.4548823334585,109.36944341077199,,12.229048242187678,57.06044237944744,0,2026-08-25 06:31:50
2024-01-13 17:12:00,CNC-01,L,299.5889250624863,313.3767160944611,1984.5376329472817,33.70319742469237,84.86794619525455,2.732780061445814,12.48706499271739,53.14467098280295,0,2026-08-25 06:31:50
2024-01-13 10:22:00,CNC-03,H,296.32234399126065,310.4200243890174,1348.2651214480106,51.962200350865004,114.83421905424501,2.1315743373092926,13.04713350258727,59.06975284711239,0,2026-08-25 06:31:50
2024-01-13 22:54:00,CNC-01,L,300.2784046465202,312.03828141536826,2601.684245222101,14.335763082601368,90.11618852746992,3.214171334608078,7.007173016933607,48.68406455112566,0,2026-08-25 06:31:50
2024-01-13 20:27:00,CNC-02,M,299.0064137940477,312.5669481980435,2496.722206103122,23.969424165879577,80.53588171059502,3.0375384747005096,11.11848079742863,52.00766722791469,0,2026-08-25 06:31:50
2024-01-13 20:30:00,CNC-01,L,300.2655250878165,313.58809379062615,2496.2686977983763,24.265403777668134,125.32365282240174,3.3214743614294635,11.234955349015221,49.87571495647845,0,2026-08-25 06:31:50
2024-01-13 22:28:00,CNC-02,M,298.08023007494734,310.82880205916354,2741.1578664252393,15.090125256417656,216.16634827407864,3.946639511092871,8.005207317809049,55.6031468314831,0,2026-08-25 06:31:50
2024-01-13 14:44:00,CNC-01,L,298.9149890832346,312.9788308376243,1482.6297471889636,49.09134164145059,75.43879271787665,2.160086485244192,13.882907466537077,53.24948880887163,0,2026-08-25 06:31:50
2024-01-13 18:11:00,CNC-01,L,299.9495813352703,314.66213310827123,2099.6988965676824,36.10616428486069,164.2779112309334,3.1329659957302765,14.189111295342649,47.803800237679056,0,2026-08-25 06:31:50
2024-01-13 23:32:00,CNC-02,M,297.8006222894569,309.583985292336,2691.9047854978726,13.379295543096767,49.8485536220697,3.439763752038206,6.849310556818029,50.723847726614096,0,2026-08-25 06:31:50
2024-01-13 12:02:00,CNC-03,H,296.9809767477055,310.3678365798,1318.0291666110563,49.46754421985368,36.43651437741282,2.011692688338283,12.152936534813342,53.918071936281876,0,2026-08-25 06:31:50
2024-01-13 12:54:00,CNC-02,M,296.5704677057643,311.00196447836606,1334.376812956157,50.517719411086006,136.53839138644528,2.257610083380587,12.717356072752983,61.74021179643241,0,2026-08-25 06:31:50
2024-01-13 23:30:00,CNC-02,M,297.5743321141543,310.02825456161764,2634.772481357153,16.911462034378154,47.7285789907033,3.1225049147216533,8.424477178620364,56.2020636045913,0,2026-08-25 06:31:50
2024-01-13 13:09:00,CNC-01,L,297.9227524108266,312.42402259747143,1473.1844953518214,50.371975907276735,169.77913157085268,2.5520222530415104,13.769706552843498,55.05938611542092,0,2026-08-25 06:31:50
2024-01-13 20:07:00,CNC-02,M,298.9251627795871,312.0663220696627,2344.7767124621605,24.181717497234644,56.88520438651469,2.906401332401576,10.577475763925822,51.724605027630325,0,2026-08-25 06:31:50
2024-01-13 18:33:00,CNC-02,M,298.70777716837847,312.91449923995606,2297.9668254723224,27.75807305180163,157.65866011816237,3.1119803026223734,12.019041484561974,57.80002765826508,0,2026-08-25 06:31:50
2024-01-13 18:27:00,CNC-01,L,300.3191879815507,315.5617708642658,2081.2967416890597,38.353814068487885,185.29726839537693,3.37063505882153,14.911022029742194,49.69238362311221,0,2026-08-25 06:31:50
2024-01-13 14:11:00,CNC-01,L,298.7968114019822,312.7460547230416,1611.8712562991914,43.78318074922565,24.75910880839458,2.165152596833704,13.297360424006472,55.11433040033896,0,2026-08-25 06:31:50
2024-01-13 00:39:00,CNC-01,L,,311.17836785212916,2842.4091210094407,16.914041022862715,66.69966494113012,3.418736339848814,9.147211387953458,52.94998286351209,0,2026-08-25 06:31:50
2024-01-13 07:42:00,CNC-01,L,296.2841539177938,310.6729336031403,1605.1591722811413,46.27529498260252,105.65029920183423,2.48018662971902,13.833677731034372,58.842737288857,0,2026-08-25 06:31:50
2024-01-13 04:23:00,CNC-03,H,296.71056119465743,310.688733529824,2247.42758989233,29.839905905828545,98.08752177034832,2.881132850869679,12.647370704298785,55.96971817232195,0,2026-08-25 06:31:50
2024-01-13 01:15:00,CNC-03,H,298.58696503995264,311.35539802441144,2558.240926178722,21.08324578859232,119.92985948758056,,10.22935087072811,55.498953162873946,0,2026-08-25 06:31:50
2024-01-13 04:53:00,CNC-03,H,296.31865937191185,310.4009787663139,2148.536935581327,32.65031553283762,135.31647852320333,2.8262670110569608,13.083106926945,57.00749529186453,0,2026-08-25 06:31:50
2024-01-13 03:53:00,CNC-01,L,296.82159656336654,309.29756648681735,2325.32273813338,22.82226141175618,43.30959262742777,2.900493280462667,9.853573788380343,53.8100209612146,0,2026-08-25 06:31:50
2024-01-13 05:27:00,CNC-03,H,296.5660035790392,310.85325468721777,2133.3039591580487,31.941028131943007,178.52964792561542,3.1381412132529607,12.672586698490448,,0,2026-08-25 06:31:50
2024-01-13 15:05:00,CNC-02,M,297.72241537426726,312.4370584212636,1527.742010605384,49.02279212961657,103.4914356807579,2.3287151064147187,14.023065074120764,57.630622254189795,0,2026-08-25 06:31:50
2024-01-13 01:55:00,CNC-02,M,297.60024601437357,310.3489492501621,2636.994550415112,19.51227307616281,130.38243991371039,3.4381522483917,9.704356064904141,51.7407284671891,0,2026-08-25 06:31:50
2024-01-13 05:31:00,CNC-02,M,295.8031291083984,310.2369064184326,2257.3412325752784,30.34209212132443,168.60186307571985,30.677928179232573,12.950386960686366,59.260154532682954,0,2026-08-25 06:31:50
2024-01-13 12:16:00,CNC-03,H,297.08752251702236,311.3687035068289,1526.8618358799022,48.51462529467483,58.71116900121122,2.1563216501649882,13.773265546648483,55.84560149642383,0,2026-08-25 06:31:50
2024-01-13 06:15:00,CNC-01,L,296.29218695717424,311.0311055906508,1920.2655397526064,36.31959923451363,222.99463444953568,3.5352683535409497,13.150205503153082,54.41057188230681,0,2026-08-25 06:31:50
2024-01-13 06:39:00,CNC-01,L,296.0141051223186,309.33486333237687,1817.0797443769102,34.18870807396072,16.28821933178845,2.3831042167576233,11.598053525093633,61.486650759787345,0,2026-08-25 06:31:50
2024-01-13 00:29:00,CNC-02,M,298.84673373783056,310.7927140290117,2776.893683100002,14.519912077097263,38.07564351562097,3.218976250039751,7.605245620682407,56.50839248600621,0,2026-08-25 06:31:50
2024-01-13 00:55:00,CNC-02,M,298.28611835784005,310.20590893472524,2721.7621197069525,16.966163121550807,65.70256224340028,3.2855718785026253,8.720059640712572,54.29125078246422,0,2026-08-25 06:31:50
2024-01-13 10:04:00,CNC-01,L,296.59386008980397,311.1708363982835,1633.1970256401828,46.80783813012862,86.32975450274628,2.4311133390470054,14.069411848030658,53.29519319025257,0,2026-08-25 06:31:50
2024-01-13 15:22:00,CNC-01,L,299.2365996031471,313.80199276616213,1694.7279631534593,45.223366531456115,133.12532396823627,2.571032949566663,14.363756865014137,50.55678597037794,0,2026-08-25 06:31:50
2024-01-13 19:07:00,CNC-02,M,298.86407186256486,314.2198867070094,2309.9375348795465,32.830118548336,200.90279311301796,3.3975307057654875,14.271810875011628,58.02109881439405,0,2026-08-25 06:31:50
2024-01-13 09:34:00,CNC-02,M,295.5823359031342,309.4037221328227,1458.2928276837608,45.69168400758943,36.97782920698684,2.1159144528439704,12.464706171009437,58.88955772099209,0,2026-08-25 06:31:50
2024-01-13 04:15:00,CNC-01,L,296.8278523468652,309.97644233064875,2409.5211842140066,24.13741624667184,69.48882198402298,3.037791319106789,10.92039623634526,55.82232804182433,0,2026-08-25 06:31:50
2024-01-13 16:33:00,CNC-03,H,26.277767450142733,41.217489686039244,1848.1561581534272,41.010530334640755,209.85156692579167,2.9872150657663608,13.998810507305109,52.36594821022581,0,2026-08-25 06:31:50
2024-01-13 11:25:38,CNC-01,L,297.0659665677105,310.51234254242235,1334.2659032141144,49.0723073849876,6.330382654103579,2.054056926598042,11.866783396916826,55.0715302112082,0,2026-08-25 06:31:50
2024-01-13 02:57:00,CNC-01,L,24.246910717388857,38.16658317286061,2445.7906425833958,24.591858538433513,217.68352300720787,3.9948955552808396,11.204637880709667,55.668977039691775,0,2026-08-25 06:31:50
2024-01-13 05:54:00,CNC-03,H,296.58876659052544,311.5710753221457,2209.014488243078,32.3827221397346,213.90272285996443,3.4017124346476475,13.28716600377532,54.046913164924106,0,2026-08-25 06:31:50
2024-01-13 18:42:00,CNC-01,L,300.3250611592649,314.0616722601152,2119.6721697644552,28.294187144983265,204.74504286956426,34.56878608080457,10.89711727385353,47.151777642536835,0,2026-08-25 06:31:50
2024-01-13 03:06:00,CNC-03,H,24.360170363299915,34.85194794250219,2596.851612039449,10.02078765483833,6.771707629067148,3.1243511642722495,4.8048152065498115,57.16743634313595,1,2026-08-25 06:31:50
2024-01-13 17:52:00,CNC-03,H,300.0030533590488,314.3356172535365,2015.5594892996442,37.19838129127311,47.885023030892754,2.630118770941096,13.882052870999487,49.310171255719126,0,2026-08-25 06:31:50
2024-01-13 06:01:00,CNC-02,M,295.6503344236091,310.40696451774056,2151.2161623790903,32.454525791443515,208.3512550424416,3.518857869240526,13.24338214657859,58.40390475197963,0,2026-08-25 06:31:50
2024-01-13 18:49:00,CNC-02,M,298.86912632348253,313.68196496375566,1993.3158322454776,35.790813740638335,178.26502625877725,3.1504310596196667,13.332692489226261,,0,2026-08-25 06:31:50
2024-01-13 08:05:00,CNC-01,L,296.405983333275,310.926345730913,1710.8263324823713,42.803740989287334,139.00726268230193,2.590031441993627,13.403161900087376,55.86963921129103,0,2026-08-25 06:31:50
2024-01-13 20:12:00,CNC-02,M,298.9438414372615,311.97199206012345,2344.056627744326,21.721672945262014,62.81051491484161,3.0680478398474547,9.385477943224265,57.42645687973271,0,2026-08-25 06:31:50
2024-01-13 05:24:00,CNC-03,H,296.3650321940034,310.3800132178396,2034.1222653426107,31.62537830373859,174.67634290574279,3.0381710886159197,12.216377048839089,58.97003110740724,0,2026-08-25 06:31:50
2024-01-13 21:12:00,CNC-01,L,300.2859393353035,314.1306486452237,2459.721533287903,25.125811713917575,173.38446953091884,3.512848308484478,11.471612721448798,52.287292851425214,0,2026-08-25 06:31:50
2024-01-13 11:01:46,CNC-01,L,296.86312795517716,311.30331915775986,1314.8243432499796,52.57780853236941,177.84937695146056,2.5588698900523106,12.794646790038051,52.861007037440956,0,2026-08-25 06:31:50
2024-01-13 18:18:00,CNC-02,M,304.3471808878033,312.69301683117595,2014.2016092610231,33.680253612875944,138.22924824187038,2.8156511264993287,12.658477308219844,45.762042632432525,0,2026-08-25 06:31:50
2024-01-13 15:26:00,CNC-03,H,304.339253541382,312.8334859010143,1534.8895911933266,47.83073955788124,111.45190548879157,2.3066492746041667,13.611268836803564,45.57932411807208,0,2026-08-25 06:31:50
2024-01-13 18:13:00,CNC-02,M,304.41062304347486,312.68858995576096,2055.0845581707213,33.15331254775843,131.612970248583,2.800105187758077,12.771402274757888,42.560113263911546,0,2026-08-25 06:31:50
2024-01-13 11:04:00,CNC-03,H,296.2331759490906,311.0005590730136,1366.6748338623345,51.93750136002911,181.1298375222715,2.3406725211628796,13.116385702440565,55.70700053237555,0,2026-08-25 06:31:50
2024-01-13 14:52:00,CNC-02,M,298.0178137800932,312.22689710892416,1448.3586448411786,48.1441065063645,83.55800093706989,2.109490036663082,12.989386544299283,57.61790584364308,0,2026-08-25 06:31:50
2024-01-13 15:19:00,CNC-01,L,298.99929353073554,313.5278705459119,1725.7401327050088,42.93145531987066,128.67984002077753,2.534869008064126,13.870675540430428,54.404719186229634,0,2026-08-25 06:31:50
2024-01-13 23:43:00,CNC-02,M,297.54238675385585,309.18785196930776,2724.6207857757913,12.839539624034915,61.68064820458571,3.1664904214135023,6.4020287466042225,57.01217396579872,0,2026-08-25 06:31:50
2024-01-13 08:27:00,CNC-01,L,296.38094825824044,311.347805392199,1697.1680803574955,44.486178266650995,171.83613385011407,2.8374006441365687,14.335144129977579,59.21869946646438,0,2026-08-25 06:31:50
2024-01-13 15:08:00,CNC-01,L,298.9730628823546,313.29258460640915,1727.2536281055816,42.32975552175499,112.17684317052644,2.5064143388662337,13.452128532557047,52.71280129137502,0,2026-08-25 06:31:50
2024-01-13 21:04:00,CNC-01,L,300.4527214694207,313.7699753798368,2503.158701724511,21.315047643908947,164.23985875522106,3.4359934821635103,9.91252844875274,57.58470620267235,0,2026-08-25 06:31:50
2024-01-13 04:02:00,CNC-01,L,296.6925026538303,309.60862575427,2393.8731088438835,23.273781263792905,53.879444140799535,2.957564562137326,10.209220408413326,59.50573827987454,0,2026-08-25 06:31:50
2024-01-13 01:49:00,CNC-02,M,297.63954080948224,310.20424717282424,2769.5696294960503,16.87305393136274,123.80155629226869,3.4212536635283866,8.706506413404766,54.29440189413834,0,2026-08-25 06:31:50
2024-01-13 10:16:00,CNC-01,L,296.58799517773593,311.1807375526241,1589.2731346728838,47.11544204435177,105.20510046208,2.4005913900244855,13.768371990215961,59.86968859627315,0,2026-08-25 06:31:50
2024-01-13 19:40:00,CNC-03,H,300.07535504431314,314.19018534226433,2360.652196874298,28.682249556155476,185.71987747512486,3.3344670615250784,12.834063425297183,52.426172056490145,0,2026-08-25 06:31:50
2024-01-13 19:14:00,CNC-01,L,300.42348942846223,313.8079495397374,2129.073383697912,30.482498505443132,33.89328333706741,2.675677871588241,11.912825100294993,55.88761404113615,0,2026-08-25 06:31:50
2024-01-13 22:22:00,CNC-02,M,298.06525123615893,311.8126702465779,2745.163854076417,20.172656093022585,209.80277949418237,3.9846985165485522,10.543039644983839,57.5179728730904,0,2026-08-25 06:31:50
2024-01-13 13:56:00,CNC-02,M,297.4235551499446,312.80312252543735,1423.4128282370314,54.22414725031618,234.44433415779753,3.1562191913433457,14.30680167148011,53.204310056684534,1,2026-08-25 06:31:50
2024-01-13 18:35:00,CNC-03,H,299.7562013464075,313.96687621622567,2121.2003890358956,33.367330518351906,104.32927584955527,2.6472008833442846,13.288046438863532,56.87838403108555,0,2026-08-25 06:31:50
2024-01-13 19:12:00,CNC-02,M,298.829712937704,313.49178292663515,2133.1093188989125,31.176211002723093,207.03563909088237,3.462004007913814,12.406257069988625,52.16941372266546,0,2026-08-25 06:31:50
2024-01-13 14:26:00,CNC-02,M,297.3654760589785,311.58232242488066,1451.590777978769,50.81479980348942,43.55842095390054,2.13227584901507,13.601755717684007,58.97695784900533,0,2026-08-25 06:31:50
2024-01-13 00:51:00,CNC-01,L,304.15216911059105,310.67619581566044,2780.9749079169,17.137961711399736,79.35041178732212,3.3650078980989724,9.050009806902889,39.290130699568394,0,2026-08-25 06:31:50
2024-01-13 21:36:00,CNC-02,M,298.78227555203074,311.7533028198422,2712.865439480954,17.54198896951645,159.3298944718206,3.5906838581758,9.028984778905413,54.497405181089256,0,2026-08-25 06:31:50
2024-01-13 18:36:00,CNC-02,M,298.50138744037787,313.4214332803885,2117.228709133834,34.26577383239335,161.5401157075068,3.004234206706454,13.78912281662638,56.74676720078304,0,2026-08-25 06:31:50
2024-01-13 04:04:00,CNC-03,H,296.90001645058163,310.60513880324686,2278.257244081225,28.61948393154975,75.04142075212827,2.917057570908059,12.112405672429116,57.34168436364426,0,2026-08-25 06:31:50
2024-01-13 13:42:00,CNC-03,H,298.21502194549214,312.84384143304163,1506.891599706661,48.273715146381896,194.68919146534736,2.7539188527001595,13.574889014407118,57.099610067166346,0,2026-08-25 06:31:50
2024-01-13 18:15:00,CNC-02,M,304.43452883060377,313.32857527566233,2134.3524121019987,35.229881024557855,134.26839906415728,2.861667453145,14.065079162347976,40.00578129700616,0,2026-08-25 06:31:50
2024-01-13 05:46:00,CNC-03,H,296.43046409656404,310.8035178814388,2077.778945911704,33.757292120420786,203.31977629435264,3.305333944045151,12.92562351127098,,0,2026-08-25 06:31:50
2024-01-13 21:18:00,CNC-01,L,300.2397871332405,312.79863254395724,2533.2298376682197,18.466226643779677,180.17285998562988,3.6055868073026853,8.826977541160964,53.78364190714795,0,2026-08-25 06:31:50
2024-01-13 23:12:00,CNC-02,M,298.29766569618954,310.1878202247038,2749.3958837507953,13.395425438776595,28.714207548765284,3.3018766029079365,6.720838786242291,50.89617255244151,0,2026-08-25 06:31:50
2024-01-13 15:04:00,CNC-02,M,297.86565262591023,312.94035505602574,1581.3883467506578,49.60022328524211,101.95777346045347,2.2572686755976656,14.827558441879027,57.80239668751177,0,2026-08-25 06:31:50
2024-01-13 11:42:00,CNC-01,L,,311.23001841499587,1401.9201623100457,50.19619483926587,31.789394290780052,2.113338802430373,13.084405364803958,62.19990140698936,0,2026-08-25 06:31:50
2024-01-13 15:50:00,CNC-01,L,26.10677916642277,41.18894246382814,1627.2449229625065,48.03352898505181,175.016805509751,2.7731797358970938,14.706902438690488,51.225583156949426,0,2026-08-25 06:31:50
2024-01-13 14:35:00,CNC-01,L,298.9865110888313,312.4215487917775,1379.5691915551718,44.254058141543396,61.55713567832295,2.1478371900839206,11.548842227367475,52.915733038196784,0,2026-08-25 06:31:50
2024-01-13 08:11:00,CNC-02,M,295.47628964766756,310.5570999645109,1534.0848236438196,49.36605147306373,147.52121952305936,2.4846910518452794,14.139468225627047,57.89260856915179,0,2026-08-25 06:31:50
2024-01-13 22:40:00,CNC-03,H,299.23151327775196,311.92394268034303,2654.319187605399,17.93646507396439,155.51132229129493,3.4765414976841766,8.898591740532133,54.59563390382731,0,2026-08-25 06:31:50
2024-01-13 09:43:00,CNC-01,L,296.58727989973397,310.11921314519026,1419.3595465738613,45.55933661770172,53.58714478095623,2.075094205638037,12.177086903195939,58.16805625165605,0,2026-08-25 06:31:50
2024-01-13 04:32:00,CNC-02,M,296.3784876134909,310.63804556820355,2348.30816860853,29.467743757172013,94.4093329298365,2.9289885164639404,12.815880767141474,53.71665289513946,0,2026-08-25 06:31:50
2024-01-13 14:25:00,CNC-03,H,298.2251537367398,312.5264744012508,1648.985096554941,45.461760087240734,18.459605417099745,2.2889215385285664,14.155112143196682,54.005287425690526,0,2026-08-25 06:31:50
2024-01-13 10:28:00,CNC-03,H,296.5569336368321,311.2725647539118,1396.6725758678406,53.28952804494456,124.322146364724,2.2332479179152807,13.627597439536723,59.7620634587938,0,2026-08-25 06:31:50
2024-01-13 16:22:00,CNC-03,H,26.045057095897448,41.341638632903425,1681.9726753472041,48.87938161230562,194.14869799187846,2.8517200050163503,15.15671593787158,51.95372811161239,0,2026-08-25 06:31:50
2024-01-13 21:48:00,CNC-01,L,300.11345702036175,311.2761395302001,2663.052820832467,13.375498159874196,18.8788074725084,3.1626066526780043,6.327014301600521,51.23091820500878,0,2026-08-25 06:31:50
2024-01-13 05:04:00,CNC-02,M,295.922868268077,310.2318400583189,2055.4207606697364,33.49347546839385,134.04368200000837,2.9319644847394914,12.7176711420294,56.11399310638266,0,2026-08-25 06:31:50
2024-01-13 19:03:00,CNC-03,H,299.9504317178948,314.38506456784603,2121.961774364161,33.54119514384539,139.95468973710743,2.7715332452220918,12.99715960741458,52.839203110527244,0,2026-08-25 06:31:50
2024-01-13 03:10:00,CNC-02,M,23.491103862176317,36.65717704268803,2696.338713169048,19.56493052495921,213.86052440716927,4.045884344607978,9.708692434561064,58.79190611605816,0,2026-08-25 06:31:50
2024-01-13 22:18:47,CNC-01,L,300.0091036656643,311.2633466989388,2624.830323544,13.84440354054955,52.41252914069558,3.106498638433289,6.625334594956621,51.61701196411646,0,2026-08-25 06:31:50
2024-01-13 15:48:00,CNC-03,H,31.30695948403337,40.08737472757673,1559.8775272954872,48.378335192205626,144.2964287353627,2.426791635850193,14.222454578768703,42.31425673592416,0,2026-08-25 06:31:50
2024-01-13 16:57:00,CNC-01,L,299.64337737452684,313.9858493459009,1862.7963844641506,38.58326482493557,63.88136212477888,2.595398735512476,13.46660182521653,54.885791473656184,0,2026-08-25 06:31:50
2024-01-13 21:59:00,CNC-03,H,299.63017788559256,312.16120977571916,2680.6529205563716,17.28432503930014,110.52292353076461,3.228876969671708,8.455431591869417,53.21502691009778,0,2026-08-25 06:31:50
2024-01-13 04:15:00,CNC-03,H,296.8529342883886,310.4022623405096,2297.626437180405,27.728620655577394,88.40214756113112,2.8998494517325786,12.142925932292936,54.57226022673096,0,2026-08-25 06:31:50
2024-01-13 01:40:00,CNC-01,L,303.6071643071715,309.8363269395363,,15.974644776885121,132.41327056066504,3.5643925589112655,8.377903402255813,44.939126834991264,0,2026-08-25 06:31:50
2024-01-13 00:18:00,CNC-03,H,298.75474861899,310.8678808649929,2627.7505778758346,16.81869648814119,59.131480223359645,3.2064509548066016,8.503908016646474,52.118534438118544,0,2026-08-25 06:31:50
2024-01-13 21:31:27,CNC-01,L,300.2976707084161,311.56235827505463,2510.951067462183,14.779352037734718,1.1074219120091418,2.9543444108299988,6.95726968974054,52.77857631237438,0,2026-08-25 06:31:50
2024-01-13 00:33:00,CNC-03,H,299.0776646361419,311.28210347572065,2643.5401935991013,17.538906107058065,75.2063294681197,3.0943243654235735,8.949041503812593,54.691408715685725,0,2026-08-25 06:31:50
2024-01-13 23:20:00,CNC-01,L,300.0576711960064,312.24225157688835,2740.800835393938,16.685307781737173,118.0116692615825,3.339047593198378,8.645586742235022,49.845804420884434,0,2026-08-25 06:31:50
2024-01-13 08:39:00,CNC-02,M,295.4754521091047,309.97809861053264,1611.0782790806893,42.45987764275454,189.20312755556603,2.7831614544574865,12.754737551418113,65.10077395528744,0,2026-08-25 06:31:50
2024-01-13 08:51:00,CNC-02,M,295.4866843606798,310.5498842533528,1643.9986860613244,45.34272381705096,207.19643031094208,2.9197091487389795,13.708886972056531,60.44247526043943,0,2026-08-25 06:31:50
2024-01-13 02:46:00,CNC-01,L,24.232125880447654,37.770930813108976,2553.9996366128803,22.154569449352344,205.2566408558766,3.876157071914319,10.646876639007969,50.05920972046555,0,2026-08-25 06:31:50
2024-01-13 21:06:00,CNC-03,H,299.77991197648805,312.18037869500506,2605.120341357283,18.12563009924679,51.554353976047935,3.2508299148198914,8.844954200475444,55.04513430565039,0,2026-08-25 06:31:50
2024-01-13 06:42:31,CNC-02,M,295.34007763268625,308.81727328858705,2069.9419697497947,30.605492674208865,20.411166268480674,2.6527772640721974,11.946371159933653,57.69078448696234,0,2026-08-25 06:31:50
2024-01-13 10:49:00,CNC-02,M,295.47786614600284,310.3839594640874,1448.792903395985,51.16071906003594,154.65811887700545,2.382718006678346,14.053713559545917,55.55037784688443,0,2026-08-25 06:31:50
2024-01-13 22:45:00,CNC-02,M,298.10509788898383,309.99032140784607,2709.150965235031,15.161507568030922,0.0,3.171038583216401,7.815863587284201,51.82542062437673,0,2026-08-25 06:31:50
2024-01-13 22:51:00,CNC-03,H,299.06522976233936,312.1933571126399,2743.041029333367,19.128113270132516,167.3589160993224,34.499236106303165,9.66311843064897,56.563110138570906,0,2026-08-25 06:31:50
2024-01-13 05:29:00,CNC-03,H,296.51100115073655,311.0693872897138,2273.683416682414,30.52702167508128,181.06402884363658,3.3623288377523872,12.715049999367023,54.780478673305026,0,2026-08-25 06:31:50
2024-01-13 15:17:00,CNC-02,M,298.0723270723181,312.5096177941068,1716.5588064869626,41.78009589633359,121.5956980530112,2.446783093458572,13.424291724784618,54.29276495999467,0,2026-08-25 06:31:50
2024-01-13 16:09:00,CNC-01,L,26.236724287177992,41.55707012370283,1722.8574446351151,46.65922837347098,202.77482081455366,3.11164588890827,14.949116642953216,52.81823880117439,0,2026-08-25 06:31:50
2024-01-13 16:00:00,CNC-02,M,25.11639945816222,39.99990523691139,1748.0769300800598,41.806456031286714,185.14832389477488,2.883044930526461,13.52070436638994,57.60397353981512,0,2026-08-25 06:31:50
2024-01-13 02:25:00,CNC-03,H,24.63177549970851,38.317959487736005,2573.283463567798,22.253344129223457,196.21778128945104,35.126572204667085,10.896564187797244,56.46353436745078,0,2026-08-25 06:31:50
2024-01-13 01:40:00,CNC-02,M,297.49907536659714,309.3120525254015,2708.6319299961806,13.607784213793565,114.07808324117832,3.4168317030493154,6.763822930715961,56.92483970066442,0,2026-08-25 06:31:50
2024-01-13 22:44:00,CNC-02,M,298.1579762003219,,2513.3443237030033,23.57052268184472,233.58279715875102,4.068230823737586,10.771582372624097,56.16964005268531,0,2026-08-25 06:31:50
2024-01-13 01:20:00,CNC-01,L,303.7487477789587,310.6542193226238,2671.097103164952,19.940282114904555,110.58508680078965,3.265273871274333,9.87465019828887,40.632098057047116,0,2026-08-25 06:31:50
2024-01-13 18:03:00,CNC-01,L,299.9495961171245,314.2048376115805,2200.015781967881,30.62446910705594,153.7353767229063,3.1340693076196775,12.514266104099,52.287825608739645,0,2026-08-25 06:31:50
2024-01-13 02:32:00,CNC-01,L,24.506354112905797,38.662734379759456,2617.0548296923007,24.551778749427633,189.51344323827976,3.8038900266794746,12.05962482637199,56.94044060382378,0,2026-08-25 06:31:50
2024-01-13 13:34:00,CNC-03,H,297.91041893809347,312.7625793689954,1405.6781450043745,52.590205208893515,182.1762470407595,2.449361765234298,14.07558741972764,57.54121319324712,0,2026-08-25 06:31:50
2024-01-13 06:55:00,CNC-01,L,296.0003901175519,310.02234040839664,1821.9405937084268,39.391912989570514,38.528247793091246,2.4849283594747495,13.519343636814433,60.12821562194463,0,2026-08-25 06:31:50
2024-01-13 08:33:00,CNC-02,M,295.6404364187299,310.9086988908808,1772.7568178129554,45.43325287624265,180.1963948837851,2.8672959795096125,15.338659613559049,61.70316258315061,0,2026-08-25 06:31:50
2024-01-13 21:53:00,CNC-02,M,298.56709539654537,311.47201453311544,2665.893874111577,16.361509818671816,178.30308672274788,3.6886468627901023,8.11075067757974,53.016958208299,0,2026-08-25 06:31:50
2024-01-13 16:24:00,CNC-02,M,25.29456400969775,40.765751861355454,1609.1644812761936,48.896736879238226,220.0546462528446,31.298458987786997,14.497714112677928,53.771480975117555,0,2026-08-25 06:31:50
2024-01-13 23:15:00,CNC-01,L,299.7177360168995,312.61407241051,2602.192140421572,20.19175535785759,112.60565778466643,3.183972660278387,9.948608874560021,50.25103653632157,0,2026-08-25 06:31:50
2024-01-13 07:18:00,CNC-01,L,296.26703759474213,310.5082298381192,1847.1518826747247,39.529635820792784,71.05062567650356,2.4480385685945523,13.609230290110037,57.96840029490901,0,2026-08-25 06:31:50
2024-01-13 02:47:00,CNC-03,H,24.523902225761788,38.80302367943938,2461.357343613478,25.094697200763953,221.0152052842765,3.680455103851462,11.71199980664265,57.52569625548509,0,2026-08-25 06:31:50
2024-01-13 06:42:00,CNC-03,H,296.09978785913427,310.35652765180237,1743.1452284319544,42.95983034724423,61.01075477137499,2.3972169344359937,14.124156454511859,61.88105887112654,0,2026-08-25 06:31:50
2024-01-13 20:17:00,CNC-01,L,300.4907451633806,314.3297609613903,2424.8347489061202,27.900718442523853,110.12615031873037,3.158949937538137,12.557949990322776,49.01228573787797,0,2026-08-25 06:31:50
2024-01-13 16:42:00,CNC-03,H,26.395725233478856,42.14071424259055,1917.378913114453,44.335974655096756,222.57589700612974,3.235355756879961,15.764851947023999,50.81433090684328,0,2026-08-25 06:31:50
2024-01-13 21:33:00,CNC-03,H,299.5584324477672,311.74642995216004,2622.78489652492,16.676335465105186,81.84922167401369,3.085563281622006,7.984769509819966,52.6898288316448,0,2026-08-25 06:31:50
2024-01-13 21:40:00,CNC-01,L,300.271884246766,312.16879523087596,2464.314335189233,18.12124747947675,10.114146160008287,3.041190251510143,8.376457593888441,49.30361733899264,0,2026-08-25 06:31:50
2024-01-13 19:14:00,CNC-02,M,299.07343352498094,313.3188876214954,2388.457265296418,25.696926103589522,209.44383998476653,3.673967336057138,11.712392819151614,52.01621667108181,0,2026-08-25 06:31:50
2024-01-13 07:42:00,CNC-02,M,295.55111553300094,310.32118318797905,1644.6079831715713,45.64735905500272,105.25214765845739,22.938136398174017,14.086967762684806,58.51886882811185,0,2026-08-25 06:31:50
2024-01-13 21:53:00,CNC-01,L,300.06709139330195,311.3591628657386,2740.479629192155,13.747881288965173,24.34475288960542,3.2039955823030786,6.897554168867344,49.30545344207259,0,2026-08-25 06:31:50
2024-01-13 21:09:00,CNC-03,H,299.8012724485997,312.758278762606,2493.0763722593038,22.933583568678582,54.9589581729893,3.153850659714062,10.953015079597991,50.6870590351803,0,2026-08-25 06:31:50
2024-01-13 16:17:00,CNC-02,M,25.052458263961398,40.6682566245388,1672.4017771312856,46.51796846229448,209.99674850253234,3.0135269041288373,14.580989592590937,56.37648399932622,0,2026-08-25 06:31:50
2024-01-13 11:53:00,CNC-02,M,296.07118817023934,309.78031027630453,1307.1751442400318,50.039534813353455,39.63469627636831,2.0244497437196998,12.281571523905386,64.00339674210956,0,2026-08-25 06:31:50
2024-01-13 22:59:00,CNC-01,L,299.75509337146025,312.3609497987796,2634.320871939434,19.80383065638798,95.46436393147712,3.3389904537108768,9.64890203375565,55.19334503574145,0,2026-08-25 06:31:50
2024-01-13 22:16:00,CNC-03,H,299.195248977156,312.0407746073822,2552.7844020989396,19.899750682248005,129.3799162632477,3.1295602802154616,9.480271021921721,53.52210668875376,0,2026-08-25 06:31:50
2024-01-13 23:26:00,CNC-02,M,297.73292468004377,310.34902897565223,2809.497021978418,16.309326491113428,43.45499881039327,3.3936546380704695,8.410311501099857,53.42178946748164,0,2026-08-25 06:31:50
2024-01-13 21:36:00,CNC-01,L,299.9374216030961,312.2451079771018,0.0,19.842240248306087,5.5739048607009405,3.105463138391258,9.29543745503446,51.90897686293652,0,2026-08-25 06:31:50
2024-01-13 05:39:00,CNC-03,H,296.7017862972061,311.5461912341578,2004.3244089550594,36.93349933635804,194.142997606215,3.03288262228627,13.899323346830284,54.975531000915524,0,2026-08-25 06:31:50
2024-01-13 03:24:00,CNC-03,H,297.2089207425722,309.5477929060376,2573.777823495605,18.74249426646195,27.611656778335785,2.957548582923934,8.958905633107385,54.13045717814514,0,2026-08-25 06:31:50
2024-01-13 14:35:00,CNC-02,M,297.77728527571367,311.90963569952766,35189.67281471299,49.56623327126517,57.338261998438554,2.058192077763486,12.706111352841054,54.23024774546527,0,2026-08-25 06:31:50
2024-01-13 18:09:00,CNC-01,L,300.17769489358005,315.2254303059921,2020.3187126624932,39.45858945084549,161.659264101876,3.039925420187376,14.816954236168788,47.37243507341015,0,2026-08-25 06:31:50
2024-01-13 09:32:00,CNC-03,H,296.1979045791186,310.02427329664783,1702.7452962353877,40.69429225073234,36.58766219118487,2.3587787932151483,13.088555666293445,53.90041601773434,0,2026-08-25 06:31:50
2024-01-13 08:28:00,CNC-03,H,296.0607871654915,310.6189399806675,1674.4438612522222,39.815694275462945,212.99927193476174,2.9886169338659734,12.498096813769374,59.78371937729493,0,2026-08-25 06:31:50
2024-01-13 22:12:00,CNC-03,H,299.49780246372353,312.2342155510881,2574.7714270869433,20.769940278568598,124.99397438192784,3.137670699015819,9.9190687777834,55.97033790494627,0,2026-08-25 06:31:50
2024-01-13 11:59:00,CNC-03,H,297.0951041861652,310.47620156126357,1340.3183456614986,48.399712419071584,31.700570962033453,2.1065994148351948,12.079845176036882,56.58498530212268,0,2026-08-25 06:31:50
2024-01-13 07:53:00,CNC-02,M,295.3861581351192,309.5388925813238,1520.963427571432,44.39006073829536,121.11680541465094,2.287473783226103,12.626104839086214,58.33484650827196,0,2026-08-25 06:31:50
2024-01-13 19:36:00,CNC-02,M,299.1431907811916,312.29921114352453,2160.7008039877605,26.162624395624434,19.5406974325744,2.716634351388174,10.962763268581108,54.68030906366775,0,2026-08-25 06:31:50
2024-01-13 18:37:00,CNC-03,H,300.2516733394066,7544.143057998272,2014.6119477641798,35.159960570994734,106.9647744602001,2.733905663466332,13.172944727027293,44.35823850822352,0,2026-08-25 06:31:50
2024-01-13 11:12:00,CNC-01,L,297.07438427697247,312.28586518827063,1402.9359975306074,54.36962987934537,193.6551625727388,2.8746665329332135,14.1685678715857,55.2877325072911,0,2026-08-25 06:31:50
2024-01-13 23:53:49,CNC-03,H,299.00045412132675,312.5202816507536,2530.0157399320387,21.40829843147249,235.55694098807393,38.24225481444874,10.343522467416454,53.187970543467294,0,2026-08-25 06:31:50
2024-01-13 08:42:00,CNC-03,H,296.4213037689094,312.0927038603173,1608.6160151582467,51.522356516601896,234.04565337040287,3.141891332112302,15.243557088965481,59.477586502498845,0,2026-08-25 06:31:50
2024-01-13 00:50:00,CNC-03,H,298.8618893207912,310.39103895198946,2807.5903556002354,12.711103662341403,93.22441523178591,3.386114730306867,6.822590862841413,57.6833300498364,0,2026-08-25 06:31:50
2024-01-13 12:04:00,CNC-02,M,296.1047878094136,310.32120288480183,1445.9539127431792,48.622407036467784,57.07530486011944,2.147483775655166,13.490741563648083,57.42116444995768,0,2026-08-25 06:31:50
2024-01-13 06:31:00,CNC-03,H,296.28054944277267,309.88169532705814,1883.0416153982083,34.77886877830297,45.80973412891343,2.398204528298799,12.283429594606625,61.26829872352846,0,2026-08-25 06:31:50
2024-01-13 02:55:11,CNC-02,M,23.337051862576402,37.54295489237177,2427.695438153173,26.808446338332356,195.7499214564207,3.4725474032890826,12.134100178940397,62.14204524177973,0,2026-08-25 06:31:50
2024-01-13 10:43:00,CNC-03,H,296.4661888155005,311.0362509207685,1476.6909046048745,50.12511121024739,147.8913116555508,2.301276543382174,13.755564427443542,57.95845068909599,0,2026-08-25 06:31:50
2024-01-13 22:57:00,CNC-01,L,299.9141741895962,312.65590493348685,2438.3805471317055,22.00098448059339,93.35122100394851,2.988377536760289,10.057131698719912,52.065591643354225,0,2026-08-25 06:31:50
2024-01-13 01:52:00,CNC-02,M,297.37647140831774,309.8324530607303,2620.956641310304,18.456378417359556,127.09460453162178,3.320874979394841,9.273628177765927,55.44692006697397,0,2026-08-25 06:31:50
2024-01-13 00:48:00,CNC-01,L,304.15808029381174,308.940850647533,2823.9351268675523,9.422251232753489,76.16925776135754,3.4027042910916236,5.336278045396921,42.93838922638813,1,2026-08-25 06:31:50
2024-01-13 00:09:00,CNC-02,M,298.8547531948028,310.1900372486664,2770.451742370124,13.621366657679912,17.031893987107058,3.269782465130064,6.946331410422188,54.408133126467874,0,2026-08-25 06:31:50
2024-01-13 12:02:00,CNC-01,L,297.4915632155514,311.9415855722283,1453.796591981835,51.28175166975965,63.56841745447268,2.232665991056724,14.105361606254075,59.741861186304334,0,2026-08-25 06:31:50
2024-01-13 12:40:00,CNC-01,L,297.9541612103379,312.5689220932186,1377.1780021376264,52.76096580716303,123.8697447364881,2.2050387575591306,13.525275051079769,56.98389756587873,0,2026-08-25 06:31:50
2024-01-13 21:55:00,CNC-02,M,298.5378589744846,312.441888229545,2642.5805586607034,22.34199891817326,180.48238090977043,3.5921961328561123,10.962839086506818,53.45796341946162,0,2026-08-25 06:31:50
2024-01-13 19:40:00,CNC-02,M,299.1101358634583,311.8328434362459,2232.1318551465006,23.972511654007157,24.46841259214819,2.830832326937349,9.940431185458337,53.53506437494047,0,2026-08-25 06:31:50
2024-01-13 07:31:00,CNC-03,H,296.0218810179781,310.4940104403744,1751.9079623041903,41.1313145537186,129.82162504563541,2.5603395622092537,13.78010407908734,53.115122516350716,0,2026-08-25 06:31:50
2024-01-13 12:24:00,CNC-03,H,297.2976636241838,311.27813580081516,1398.3281030201606,50.878721333372496,71.39394815593275,2.010919599534955,13.315102115777115,58.53767135270806,0,2026-08-25 06:31:50
2024-01-13 07:04:00,CNC-03,H,296.09598461702797,309.94023149419263,1855.4105474572316,35.93654595215625,91.57347996802864,2.5006839847771882,12.502201169746122,65.82132118275618,0,2026-08-25 06:31:50
2024-01-13 20:45:00,CNC-02,M,298.833117603428,311.85821889921795,2455.894647526801,21.21630878658329,101.73701318899336,3.0693919690530773,9.613472272823888,51.34068823542215,0,2026-08-25 06:31:50
2024-01-13 06:02:00,CNC-03,H,296.48695425852964,310.5468031680497,1919.6477995908324,38.481747650573574,6.723032282291092,2.574600786718247,13.970720646994286,57.702443031365284,0,2026-08-25 06:31:50
2024-01-13 16:31:00,CNC-02,M,25.097054121012206,40.188406582608195,1681.257430828285,43.85873873237336,230.11744257601808,31.519567014801854,13.83436168720262,55.515664935893284,0,2026-08-25 06:31:50
2024-01-13 23:48:00,CNC-01,L,299.7110067751228,312.9949622307048,2478.2915626269896,23.341888243831338,147.72187237679407,3.2549913378859965,10.915534082099771,52.280652713554616,0,2026-08-25 06:31:50
2024-01-13 03:35:00,CNC-03,H,297.26066578992896,310.09291314163363,2464.1542856440715,22.451260789504474,40.4837769072456,3.040344021754904,10.3780667242543,56.291891081028034,0,2026-08-25 06:31:50
2024-01-13 20:07:00,CNC-03,H,300.21320410866616,314.4780270509838,2370.129509967952,28.431147372610052,218.28783909307006,3.5895519413189354,12.655683082313333,47.526151201313176,0,2026-08-25 06:31:50
2024-01-13 00:59:00,CNC-03,H,298.46373334268867,312.0003170769049,2681.3051447725247,22.208531464228844,102.78363526999907,,11.139815641770332,58.143653158246565,0,2026-08-25 06:31:50
2024-01-13 23:38:00,CNC-01,L,299.52777617305117,312.1195766080271,2754.155796094131,17.376211337882083,136.98050647292914,3.5631199860702476,8.718173629686913,48.82710262915372,0,2026-08-25 06:31:50
2024-01-13 04:03:00,CNC-02,M,296.1708563553517,308.80057720563536,2358.3846424266053,,59.29074021009997,2.935421624246477,9.675007200704727,54.10412964430211,0,2026-08-25 06:31:50
2024-01-13 05:51:00,CNC-02,M,295.6098315357267,310.59775651110544,1972.240436656005,37.42505291599326,195.10666450521342,3.1098645382835737,13.817252651810387,60.593411689625746,0,2026-08-25 06:31:50
2024-01-13 02:48:00,CNC-03,H,,38.65669042445239,,26.088991158505227,222.17905011834432,3.7127708182188117,11.90067363159109,54.49915391981316,0,2026-08-25 06:31:50
2024-01-13 16:15:00,CNC-01,L,25.816473834048736,39.679517019764944,1828.2930580848763,38.8019535116855,4.260637856848687,24.84219621614652,13.303203657172885,55.537396401519764,0,2026-08-25 06:31:50
2024-01-13 07:04:00,CNC-02,M,295.598605017611,309.35499798088983,1901.634030878887,35.63170699892419,50.982110089883165,2.6370620423360003,13.016732165375252,58.49448271479306,0,2026-08-25 06:31:50
2024-01-13 09:34:02,CNC-01,L,296.51548406140876,310.83317753085356,1629.84948443661,44.42501837493018,39.729314160603884,2.2928373037076057,13.330695270600835,60.50949944451263,0,2026-08-25 06:31:50
2024-01-13 18:35:00,CNC-01,L,300.64059385160306,315.3275934475268,2044.7771987928686,35.09898810372212,195.69764978196972,3.32093507858659,13.505748484798355,52.541890728358766,0,2026-08-25 06:31:50
2024-01-13 16:24:00,CNC-01,L,25.913924064261323,40.26792008328647,1836.4297791543718,40.823981009292424,17.21214536864979,2.383014050433987,13.935212844592257,58.0265570519613,0,2026-08-25 06:31:50
2024-01-13 15:32:00,CNC-02,M,298.049091803648,313.09859890549797,1716.8957786284514,44.79560346259857,143.9904848636236,2.6377258713283322,14.40247333322711,58.26675731127382,0,2026-08-25 06:31:50
2024-01-13 05:25:00,CNC-01,L,296.4326689714021,310.9791339092922,2046.9030918937901,35.5808432374843,157.18167269031647,3.0325824469650637,13.608780387096779,57.3946762661786,0,2026-08-25 06:31:50
2024-01-13 18:21:00,CNC-01,L,300.35801120279535,314.81753250128725,2231.2510226295817,32.49429216141835,177.38914497998758,3.4050423742207854,13.47587755048881,48.866654303080445,0,2026-08-25 06:31:50
2024-01-13 03:59:00,CNC-01,L,297.05845871954233,309.753462914632,2506.095368610019,22.16853682135483,50.32966368149122,3.0368941419644937,10.379359662460976,54.868383110770964,0,2026-08-25 06:31:50
2024-01-13 17:57:00,CNC-03,H,299.81766246703063,314.23369471331074,2064.6159511969,37.76777891777255,54.52584211480602,2.6061229385245723,14.743002532779757,55.48628156117867,0,2026-08-25 06:31:50
2024-01-13 00:35:00,CNC-03,H,298.61955151686783,310.46817006000595,2762.302592436109,14.854562633489934,77.40348072759181,3.292202669002021,7.47192658389345,56.0599101418673,0,2026-08-25 06:31:50
2024-01-13 00:43:00,CNC-02,M,298.23522371466623,309.75421181542464,2544.5498813338427,14.852897456277397,52.9661386823323,3.193909366636529,7.236446195154045,52.88130938477182,0,2026-08-25 06:31:50
2024-01-13 11:35:00,CNC-02,M,295.9713775070279,310.05866924364767,1491.920350364992,46.21138337633184,11.106081111360162,2.1379377874836436,12.921658625006843,56.58887540778663,0,2026-08-25 06:31:50
2024-01-13 20:17:00,CNC-03,H,300.2789642421374,313.94710765942216,2616.4861321598887,21.62587098361263,230.05792318536552,38.12573974821985,10.668133498050203,53.27368729825595,0,2026-08-25 06:31:50
2024-01-13 06:39:00,CNC-03,H,296.4300501826378,310.8993592731674,1830.6326765207632,41.612241603211615,56.67753827889789,2.4495541884790963,13.935496639566152,55.34555409509197,0,2026-08-25 06:31:50
2024-01-13 15:37:00,CNC-03,H,304.26742542049413,312.5142247250778,1651.7311756771503,42.628007818566886,127.94426726287456,2.3849789332027407,13.35274745099871,44.76119331122809,0,2026-08-25 06:31:50
2024-01-13 03:52:00,CNC-02,M,296.0468386127494,309.6017281633028,2493.8980380861467,24.876546019333645,46.32394012126981,3.0916089558847766,12.042057423315809,56.63336566237151,0,2026-08-25 06:31:50
2024-01-13 04:01:00,CNC-02,M,296.02401647128363,308.90917188255924,2297.11663906986,23.778228560384306,56.903905345311564,2.990576765785253,10.372061146845585,54.61435974656786,0,2026-08-25 06:31:50
2024-01-13 07:49:00,CNC-03,H,296.15076821772703,310.8773191785913,1701.495954750563,43.221395203268344,155.70743422141103,2.657982086308856,13.66699143211283,59.96283682427541,0,2026-08-25 06:31:50
2024-01-13 05:32:00,CNC-02,M,296.0513018268826,309.9222257001742,2185.933006290922,27.020285489638297,169.87356149636204,3.1607100073601244,11.09747932544772,60.41617484945828,0,2026-08-25 06:31:50
2024-01-13 16:57:00,CNC-02,M,298.5148069645476,312.64407949124046,1865.2879456314581,37.412243511193594,28.379461598591863,2.544262480482027,13.403581472896946,58.249383045700604,0,2026-08-25 06:31:50
2024-01-13 11:20:00,CNC-03,H,296.9950420038554,311.5962711732441,1378.077756051853,50.86291088493084,206.50289324768482,2.6926522566163436,12.970243852944394,55.94922094340208,0,2026-08-25 06:31:50
2024-01-13 05:35:00,CNC-02,M,295.82442252422453,310.4925511288268,2061.7583317905337,36.055968929630374,173.83417739687044,2.9648816294096454,14.132768292821687,56.911720037239284,0,2026-08-25 06:31:50
2024-01-13 23:25:00,CNC-03,H,298.73317931918075,311.7879903530289,2589.307683736108,19.517989740380212,203.6095279562102,3.6615347159655895,9.25825347774934,54.203314857074375,0,2026-08-25 06:31:50
2024-01-13 00:59:00,CNC-01,L,303.853427470698,310.00884917929284,2690.9865766694443,16.626886445334527,0.0,3.3430827192931085,,40.64792009340538,0,2026-08-25 06:31:50
2024-01-13 12:51:00,CNC-01,L,297.6118076849573,312.23919018672086,1371.5114912083448,53.55572213180525,141.32681122786767,2.236917037781618,13.893216852730058,56.10113030028685,0,2026-08-25 06:31:50
2024-01-13 01:33:00,CNC-01,L,303.4344634220118,310.2051956863645,2804.920839018686,18.32555738394467,124.75078280525615,3.565973507043266,9.879661856668355,51.071264057764274,0,2026-08-25 06:31:50
2024-01-13 08:22:00,CNC-03,H,296.01675985853535,311.0778956623408,1449.0885126561602,54.405428728762864,204.2370068735754,26.09793423406633,14.971883377260045,62.19445212001303,0,2026-08-25 06:31:50
2024-01-13 17:42:00,CNC-01,L,299.8232815980582,314.49271840139187,2186.0070333815524,34.43856145561772,125.79274669819064,2.9586038951250373,14.126286120916403,48.43103398141244,0,2026-08-25 06:31:50
2024-01-13 16:29:00,CNC-03,H,26.116479917385675,41.055778890777674,1961.633080563076,38.58847717881485,204.1315884347957,3.0625246293738773,14.340591581630381,48.561238381564266,0,2026-08-25 06:31:50
2024-01-13 00:06:00,CNC-01,L,298.67677050719016,310.9014495447943,2698.406515594034,17.280208015343312,31.582610495071194,3.2948621084177887,8.461699649398136,54.21922835032241,0,2026-08-25 06:31:50
2024-01-13 03:04:00,CNC-01,L,23.990643129672833,37.33150269303212,2417.126627002998,21.420779481538126,225.6547662433972,4.083071562057336,9.495290539246673,60.40913734594997,0,2026-08-25 06:31:50
2024-01-13 06:35:00,CNC-03,H,296.43669752782597,310.49519365091976,1943.9734172564988,36.927253276756964,51.09646549599339,2.5392585897778766,13.502576023700938,55.66530521877704,0,2026-08-25 06:31:50
2024-01-13 01:29:00,CNC-01,L,303.6338401274664,309.7196540639048,2723.045847442332,15.448815216237517,120.44335841440122,3.3255050201208998,7.876463955261873,42.38245767079047,0,2026-08-25 06:31:50
2024-01-13 00:01:00,CNC-02,M,298.92414481802064,310.7253888945367,2782.558743790066,15.923729386909363,8.50303615581679,3.313516653848603,8.301850490657042,51.34267496787429,0,2026-08-25 06:31:50
2024-01-13 05:27:00,CNC-01,L,296.06397646316856,310.8271424630143,2121.2143590387063,35.2130376024257,159.77252356644055,3.1179132597204533,13.90237404460468,56.841385719747656,0,2026-08-25 06:31:50
2024-01-13 23:30:00,CNC-01,L,299.70461283455955,312.2133264962716,2669.5158610473277,17.69101643087743,128.54987285053645,3.3964132776033242,8.84563700238556,51.29795549070144,0,2026-08-25 06:31:50
2024-01-13 14:27:00,CNC-01,L,298.76863534148885,312.02797626707104,1435.6542192234162,44.63790443618214,49.38690590479717,2.1285692957111175,11.669412572016913,53.64973403546347,0,2026-08-25 06:31:50
2024-01-13 01:58:00,CNC-02,M,297.0713139813271,309.4587443798973,2705.9308074948904,16.770982108689847,133.59569919117712,,8.814483210707161,58.6774520020653,0,2026-08-25 06:31:50
2024-01-13 06:39:00,CNC-02,M,295.5446917617358,309.0247059387504,1963.3215557385595,32.72820882588112,16.31983115456563,2.622579286045829,11.988168204782141,59.31262290605965,0,2026-08-25 06:31:50
2024-01-13 19:20:00,CNC-02,M,299.12070901877075,312.44797239634295,2252.336209178694,26.857935836033178,0.0,2.676253058769661,11.122792705864398,56.87903159226234,0,2026-08-25 06:31:50
2024-01-13 01:39:00,CNC-02,M,297.61403721312485,309.7896136552588,2567.5132934137555,17.23848108726094,113.02950321216109,3.2168599077764326,8.114099225518652,51.6900604421285,0,2026-08-25 06:31:50
2024-01-13 15:38:00,CNC-03,H,304.31763003197,312.7251257831531,,47.3448627453125,129.4597056368833,22.92691891165472,13.218725727800281,44.64387904911424,0,2026-08-25 06:31:50
2024-01-13 04:05:23,CNC-03,H,296.77819851288376,310.3619684077071,2223.480283746536,29.76818123867657,77.47788300644379,2.7925136403719057,12.437018201809574,55.499080184190014,0,2026-08-25 06:31:50
2024-01-13 14:41:00,CNC-02,M,297.4667428580238,312.08792441523275,1582.8478358049956,49.408023924550065,66.60336010893734,2.2856241236485175,14.509121738638644,58.92088384160959,0,2026-08-25 06:31:50
2024-01-13 08:29:00,CNC-02,M,295.4630957689509,309.971408541558,1672.714586650157,41.1515384837788,174.2657673109831,2.624741708891384,12.997595932446073,58.99325130457106,0,2026-08-25 06:31:50
2024-01-13 20:42:00,CNC-02,M,298.664054755502,311.8805561444251,2409.7980714039904,22.35499584382922,98.18315941060787,2.9642114567000846,10.236404735129682,57.774454294321,0,2026-08-25 06:31:50
2024-01-13 07:35:00,CNC-03,H,296.2441760338983,310.6981139317069,1751.2008647752205,42.088766034517775,135.56141269547226,2.640703302171211,13.834861488495806,54.04582661863165,0,2026-08-25 06:31:50
2024-01-13 14:45:00,CNC-03,H,303.8499726800323,311.8574708971242,1457.479033303987,47.63192713493966,49.21524688262641,2.065069346251724,13.014741485051738,43.10123279646303,0,2026-08-25 06:31:50
2024-01-13 04:09:28,CNC-03,H,297.0317444859692,310.89485968597245,2329.9065842568007,27.46420394679093,81.14702920420544,2.9243694012264823,12.016739818661756,52.8881347189916,0,2026-08-25 06:31:50
2024-01-13 19:43:00,CNC-01,L,300.64119988804094,313.66548850232516,2263.340089059179,25.277515519592324,69.52063736670989,2.872608874940442,10.673020171825017,54.367379541910765,0,2026-08-25 06:31:50
2024-01-13 10:57:00,CNC-01,L,296.9465230857285,311.6240634217305,1342.5752157190905,54.092900374065024,169.92072695716573,2.4118277471756757,13.850475639389554,58.81740745432062,0,2026-08-25 06:31:50
2024-01-13 08:26:00,CNC-03,H,296.1483527693309,311.2759344406371,1743.2340466786143,44.04989842746378,210.09572484475572,3.043896968404126,14.234211050191986,59.34898125660971,0,2026-08-25 06:31:50
2024-01-13 00:22:00,CNC-02,M,298.8231665856674,310.55149032831633,2578.071824661142,17.01129499891019,30.7425579552299,3.1189413628773357,8.032336064338347,54.16579584019873,0,2026-08-25 06:31:50
2024-01-13 18:52:00,CNC-03,H,299.89602072585024,314.7221503386903,2351.2187500962978,31.445424364201983,126.0457267236081,2.9344378823967983,13.695495270000162,49.39237896002672,0,2026-08-25 06:31:50
2024-01-13 20:03:00,CNC-03,H,300.3536279251785,314.35554658148413,2385.470870172673,25.18217266240718,213.44747331177365,3.622625703173072,11.20613959961216,50.770988361828,0,2026-08-25 06:31:50
2024-01-13 15:43:00,CNC-01,L,,313.52504349752036,39825.542001112146,47.20535779644852,164.61893863284945,2.6256153683815406,13.583507827281222,53.16271472877925,0,2026-08-25 06:31:50
2024-01-13 03:00:00,CNC-01,L,24.241408978774302,37.78623193751844,2688.6158785819325,20.454025362841158,221.1027431077453,4.285502513927479,10.379010932376982,55.216760833872094,0,2026-08-25 06:31:50
2024-01-13 18:17:00,CNC-01,L,300.39077487032097,314.318158548053,2113.7817598932215,29.85547097222222,172.24025247470385,3.166136624705624,11.88184694399284,51.97663976431138,0,2026-08-25 06:31:50
2024-01-13 18:44:00,CNC-03,H,299.78898848214783,314.0353711089484,2081.5035968762913,33.96341022423772,,2.6218496406498746,13.56865486571835,51.47774822033565,0,2026-08-25 06:31:50
2024-01-13 14:40:00,CNC-03,H,303.68815313407765,311.727130508254,1619.5283261186025,44.05827964143538,41.57825068107625,2.4002763122871955,13.277819910915117,41.045492283302345,0,2026-08-25 06:31:50
2024-01-13 03:14:00,CNC-02,M,296.5650251966986,,2493.8894471313765,18.022440910320004,2.2814204163376655,3.1216028129165947,8.060418812250193,60.47541371316433,0,2026-08-25 06:31:50
2024-01-13 01:08:00,CNC-03,H,298.43919451596224,310.4469025470417,2748.908526683424,14.64203835647988,112.45364113849007,3.3225790693050348,7.363673089095477,51.303429411410555,0,2026-08-25 06:31:50
2024-01-13 08:01:00,CNC-01,L,296.4065465579257,311.41439490632115,1707.2661204375975,45.75177714455799,133.15362252765433,25.416051629220924,14.663976124157605,59.68837873293771,0,2026-08-25 06:31:50
2024-01-13 06:54:00,CNC-02,M,295.43602705126597,309.3537234670817,1821.5496613246876,38.536676658939484,37.06656345771982,2.4815453506316207,13.018612362132785,57.092713839960155,0,2026-08-25 06:31:50
2024-01-13 02:40:00,CNC-02,M,23.788664289564167,37.16611625951282,2623.066099374256,20.572543563144244,180.01702400963015,3.5552724363611605,9.976937118603571,55.36705759329776,0,2026-08-25 06:31:50
2024-01-13 07:15:00,CNC-03,H,296.1330419610873,310.64312912374464,1897.5764403669614,38.89146716589704,107.07579553301979,2.654164654641694,13.949305373043128,57.45970304447287,0,2026-08-25 06:31:50
2024-01-13 07:43:25,CNC-03,H,296.1591637196304,311.0469982612035,1719.9248175955552,45.58539155374728,146.97347970183495,2.579349027474954,14.609302129391528,58.726750887661126,0,2026-08-25 06:31:50
2024-01-13 18:59:00,CNC-02,M,298.68011602770963,313.95837888847313,2331.7426519620044,,190.9838768539512,3.501351633300546,14.249472157205528,48.55243592365734,0,2026-08-25 06:31:50
2024-01-13 04:02:00,CNC-02,M,296.2160269106842,309.0814775644495,2324.8660025177605,23.449032769737933,58.11037486859036,2.8665005359070053,10.389532558834956,55.86134823269747,0,2026-08-25 06:31:50
2024-01-13 08:37:00,CNC-03,H,296.0138603632408,310.9829900715541,1491.7161540057105,48.63855352976797,226.51730793952663,2.8915861547777304,13.556293185847775,54.878524721206375,0,2026-08-25 06:31:50
2024-01-13 11:41:00,CNC-01,L,297.50627391520874,311.0272295361568,1420.589061768948,47.24177463263677,30.20383976253484,2.058199801466654,12.725255338225242,58.36423822235507,0,2026-08-25 06:31:50
2024-01-13 04:43:00,CNC-03,H,296.405853637622,309.7176485961242,2321.0621504641194,25.157020996261192,122.844407690423,2.9984762692869413,10.966441931799489,59.438989106986995,0,2026-08-25 06:31:50
2024-01-13 22:57:00,CNC-02,M,297.829278113737,,2772.0960723509243,14.431544412667005,12.666894077545939,32.62334485182151,7.481985138066411,55.354627536964834,0,2026-08-25 06:31:50
2024-01-13 15:11:00,CNC-03,H,304.08682327226484,312.2324463644197,1488.698261219904,48.165080747193635,88.75989161747917,2.2322951892832346,13.672446768404715,44.583238689185066,0,2026-08-25 06:31:50
2024-01-13 01:58:00,CNC-03,H,298.49893619031775,311.1223101859486,2708.253759512996,17.63858289590951,,3.5450960738425628,8.92264904346031,57.13856898223888,0,2026-08-25 06:31:50
2024-01-13 20:14:00,CNC-02,M,299.2600855376883,312.65198166125845,2306.343040136166,25.512942777183348,65.20276592341858,99.20670433641057,11.096894531289044,52.54806533621022,0,2026-08-25 06:31:50
2024-01-13 08:05:00,CNC-03,H,295.84994171560885,310.5663062306778,1656.748679884621,45.60790017263898,178.91691934398438,2.7249657034195653,14.068137506087956,58.90642765780794,0,2026-08-25 06:31:50
2024-01-13 15:41:00,CNC-01,L,299.19694943965237,313.7163062512035,1629.3869166919724,44.39762449360842,161.62395222253173,2.7556951433904944,13.749841867079935,49.54905476099371,0,2026-08-25 06:31:50
2024-01-13 20:24:00,CNC-02,M,299.2325512836866,312.5505573029576,2390.7002780595835,23.480436066237655,76.94659644511935,2.944001386429669,10.685529063449438,55.00454579797654,0,2026-08-25 06:31:50
2024-01-13 23:53:00,CNC-01,L,299.8814935106794,311.9908544379992,2732.7684583307373,14.737282606547549,153.11259709131076,3.6314536574675187,7.332111513581939,52.478273788982236,0,2026-08-25 06:31:50
2024-01-13 11:47:00,CNC-02,M,296.2235582464211,309.99901856775494,1485.205000610717,45.691387521333844,30.09733706814981,2.1117798998113133,12.481264527886387,57.10439884286314,0,2026-08-25 06:31:50
2024-01-13 15:55:00,CNC-01,L,25.846184668970977,40.48962786273711,1551.445034675362,47.3576039977685,182.4051802878434,2.825579725630184,13.666432480499385,49.53095900697675,0,2026-08-25 06:31:50
2024-01-13 02:53:00,CNC-03,H,24.56435113874869,38.929870657887705,2343.1389062388744,28.611911535175143,227.88204754154,3.614443418195566,12.442277870412545,52.895338648299294,0,2026-08-25 06:31:50
2024-01-13 17:43:00,CNC-03,H,300.02165031359965,313.93207708293653,1977.8131409548416,35.18518218118982,35.79220101961162,2.6055026553891727,12.977293758052893,51.46342622355916,0,2026-08-25 06:31:50
2024-01-13 04:33:00,CNC-01,L,296.2563267501483,309.94732738876365,2356.499402345246,27.702976676246283,91.52997054407862,2.959589087391412,12.24311113219382,58.37013626211263,0,2026-08-25 06:31:50
2024-01-13 05:36:00,CNC-01,L,296.1331362133577,310.06548577943414,2119.0218797321436,30.124441384859455,171.41050459156656,3.2221681813626013,11.646728076955762,59.82880472994269,0,2026-08-25 06:31:50
2024-01-13 09:39:00,CNC-02,M,295.30764701442166,309.46886857800854,1458.2062781928362,48.80491864743909,44.74969426060788,2.157015750203745,13.201570808363568,62.04226565847458,0,2026-08-25 06:31:50
2024-01-13 15:49:00,CNC-03,H,31.098286307620242,39.49357647887638,1575.2256598773813,45.884194668861305,145.7967046735691,2.511058344595722,13.69534259377218,43.51084678542566,0,2026-08-25 06:31:50
2024-01-13 12:08:00,CNC-03,H,3417.530713159294,311.1869727367935,1403.6955079968793,51.991819987514404,46.02513956534276,1.9942145818611534,13.689572552137284,56.57837829690752,0,2026-08-25 06:31:50
2024-01-13 14:06:00,CNC-01,L,298.40137738425693,311.75354466058525,1309.7175110791497,49.249699306453444,17.101555019466954,1.9604179915646542,12.156135098519885,54.51597582652967,0,2026-08-25 06:31:50
2024-01-13 03:47:00,CNC-03,H,297.36929178994336,310.78328970536217,2322.7398454890576,25.925449045265964,,2.8733080741448958,11.156211045507677,57.7681685415742,0,2026-08-25 06:31:50
2024-01-13 18:50:00,CNC-02,M,299.01227015019174,313.6710923964698,1982.3985642779526,35.27886796875061,179.60024904786448,29.117782448912227,12.975511387363397,53.81941146502805,0,2026-08-25 06:31:50
2024-01-13 06:48:00,CNC-02,M,295.2906158325646,309.0131383512696,2028.816951567799,32.70984435216498,28.678375059395282,2.64368704273723,12.333903170718836,57.67913531568643,0,2026-08-25 06:31:50
2024-01-13 18:28:00,CNC-03,H,300.1735013561907,313.95655556584865,2073.9410694807216,31.12997767716453,95.30075352814568,2.7804806835382405,11.98089925985805,47.84561744421127,0,2026-08-25 06:31:50
2024-01-13 14:47:00,CNC-02,M,297.70625643846915,311.91218529785147,1382.8519626273282,52.81107417414446,75.88275358755261,2.0720587196867313,13.671514139771846,57.08868432253484,0,2026-08-25 06:31:50
2024-01-13 22:19:00,CNC-03,H,299.5931345125922,311.86557724431316,2602.915727939077,15.641003105269801,132.60179525257527,3.25141518205994,7.377111658115811,52.03904943440575,0,2026-08-25 06:31:50
2024-01-13 22:51:00,CNC-02,M,297.9968700536705,309.1083846976105,2673.7423172186736,12.601766737296355,6.3713017328947394,3.219988993704968,6.494785888743692,57.75516613336511,0,2026-08-25 06:31:50
2024-01-13 22:26:00,CNC-03,H,299.29920339523756,311.83552712957027,2545.187702884107,17.857835369442537,140.30059124929926,3.191566027575127,8.58370526316296,52.675276941931656,0,2026-08-25 06:31:50
2024-01-13 12:47:00,CNC-02,M,296.9309596095833,311.2139515324874,1366.0650212262797,51.77132294530693,125.3993165961257,2.2708332553006607,13.295872181435131,49.416703746250725,0,2026-08-25 06:31:50
2024-01-13 14:05:00,CNC-01,L,0.0,312.74127911246626,1516.4679829108284,0.0,15.501555019466952,2.1535360576002285,13.509022594254622,54.69541502949957,0,2026-08-25 06:31:50
2024-01-13 04:33:00,CNC-03,H,296.5260182933071,310.6068521192751,2217.641565064503,31.039717943046913,110.3496690548792,2.9902255839154113,12.815439814717855,58.11881980401951,0,2026-08-25 06:31:50
2024-01-13 03:08:00,CNC-03,H,24.717657994392198,876.8321801810168,2516.169744286757,17.400371703524105,9.083057193602524,2.921926180127279,8.50880816382037,55.172741495424354,0,2026-08-25 06:31:50
2024-01-13 01:45:00,CNC-03,H,298.2556948305122,310.53598480314577,,15.994589414209136,152.27677032368445,3.4934803588527688,8.262272109366979,54.5731518502658,0,2026-08-25 06:31:50
2024-01-13 13:16:00,CNC-03,H,297.88377220801317,312.6758875879366,1415.610872038545,52.47673435855657,153.67692813113524,2.2383486025709174,13.999762012825604,52.34761242924609,0,2026-08-25 06:31:50
2024-01-13 13:21:00,CNC-01,L,297.7650159683501,312.4994962789307,1428.6286545504565,50.43854300155867,188.6839963901511,2.6944213422688206,13.615749655532028,58.643122520225205,0,2026-08-25 06:31:50
2024-01-13 19:42:00,CNC-01,L,300.3159188312075,313.2762739464514,2316.7809093416317,24.734480175425094,68.25810207848465,2.989559502245294,10.749072952189342,48.75983016566358,0,2026-08-25 06:31:50
2024-01-13 16:27:00,CNC-03,H,25.895852401795764,40.924559683351504,1619.3947517087945,46.56419907456409,201.3947626677167,2.7782959731281904,14.231176881766922,53.9171635136196,0,2026-08-25 06:31:50
2024-01-13 11:46:00,CNC-02,M,296.00751415559955,310.03178715801056,1409.9143305974053,49.13054189639747,28.560740298967083,2.0883055150355907,12.912573012803302,54.040623713075355,0,2026-08-25 06:31:50
2024-01-13 23:51:00,CNC-01,L,299.725861355731,312.820046272554,2728.6026776250364,19.959054101810718,150.97099114284975,3.4554423253394377,10.244192417025493,56.77945939157825,0,2026-08-25 06:31:50
2024-01-13 04:30:00,CNC-01,L,296.5699466484974,310.74063222390197,2055.9239256745896,0.0,87.85428452051775,2.7253406191334517,12.744996237621832,57.63233834856162,0,2026-08-25 06:31:50
2024-01-13 19:21:00,CNC-03,H,299.8696862717693,314.2154714908303,2169.18688580909,31.64223298893961,162.3301439071961,2.972806569097616,12.876044537323562,48.68825678372518,0,2026-08-25 06:31:50
2024-01-13 13:43:00,CNC-03,H,298.3025346199671,313.34625957911715,1520.3763195762772,50.70463929262545,196.2452597530575,2.6723698962110047,14.50423936225602,54.241701820825796,0,2026-08-25 06:31:50
2024-01-13 10:48:00,CNC-02,M,295.6751986357678,310.60486682921993,1424.7129939878603,51.7689870144061,153.09025837890195,2.3677044198206754,13.691663818622514,62.30394502823913,0,2026-08-25 06:31:50
2024-01-13 16:05:44,CNC-02,M,25.022961207240712,40.019620022775314,1669.4855328625192,45.26008734598913,192.4670937621191,2.934435621639218,14.20714154673838,53.02695071914949,0,2026-08-25 06:31:50
2024-01-13 00:45:00,CNC-02,M,298.44033262431765,310.64307751081475,2643.281370806913,16.955270451004775,55.104564153748974,3.207759405634216,8.710672029977541,55.21225344154091,0,2026-08-25 06:31:50
2024-01-13 00:37:00,CNC-01,L,298.68812910058364,310.36530965156084,2873.0549231361765,14.366754259439121,64.60827069920744,3.347100533640812,7.747220888029774,50.32616572332292,0,2026-08-25 06:31:50
2024-01-13 17:05:00,CNC-01,L,299.7531634882529,314.2156013636974,1865.514831993778,39.06255029046794,75.05182562754332,24.174259009568573,13.817162433536634,48.478823877566526,0,2026-08-25 06:31:50
2024-01-13 22:32:00,CNC-03,H,299.1419125469294,311.95667966412685,2599.4937705347193,17.95566710559705,146.76372279955078,3.3111199779664395,8.87034347671938,51.11161440296438,0,2026-08-25 06:31:50
2024-01-13 05:50:00,CNC-02,M,295.48919913664787,310.46179601263236,2038.5633936870875,37.84792195392585,193.75879113978982,3.2159611884747323,14.331386325122736,62.150490888975895,0,2026-08-25 06:31:50
2024-01-13 10:39:00,CNC-03,H,296.4743023832848,310.64485782291445,1303.0172928235797,52.77371829844368,141.59778443505593,2.102749101552093,12.809492713145264,57.888676428770076,0,2026-08-25 06:31:50
2024-01-13 00:52:00,CNC-02,M,298.41632303170366,309.6612197850229,2682.0482100049535,12.553010675004586,62.56494998804053,3.238757819838086,6.243077932055733,50.3880458400709,0,2026-08-25 06:31:50
2024-01-13 13:39:00,CNC-02,M,297.40237995367806,312.48528830684626,1272.7493634480109,57.1813805744955,207.68516387494986,,13.560647069070093,56.28499160043721,0,2026-08-25 06:31:50
2024-01-13 21:26:00,CNC-02,M,298.88584333056747,312.47882782091625,2521.4449231528483,22.354531343385677,148.2824910111529,3.363505209031667,0.0,52.9711943545807,0,2026-08-25 06:31:50
2024-01-13 11:58:00,CNC-03,H,296.8921996803839,310.8287630672216,1349.1465942999605,51.850691040326936,30.102534250101748,19.566283821752947,13.05394901781709,60.806329785463156,0,2026-08-25 06:31:50
2024-01-13 21:02:00,CNC-01,L,300.0840603412457,313.79282028817784,2489.0884034389237,23.866649363279052,161.89782164620513,3.400018576255287,10.930004629452128,54.949885042157405,0,2026-08-25 06:31:50
2024-01-13 03:17:00,CNC-02,M,296.65427711320183,308.61240205366664,2484.039012368153,18.538050183701845,5.754696053843803,3.0861484469718623,8.63452655091247,60.73461487960876,0,2026-08-25 06:31:50
2024-01-13 12:45:00,CNC-03,H,297.5462109777969,311.6848506500475,1439.372243901159,47.65369457779294,104.65895953163977,2.1279597540507944,12.623331006134297,57.831879083794284,0,2026-08-25 06:31:50
2024-01-13 19:33:00,CNC-01,L,300.36500540587525,313.91045891925705,2336.633868755629,27.758187511488003,57.36239225340844,2.868648715936734,12.310398904216441,50.71010039782071,0,2026-08-25 06:31:50
2024-01-13 08:05:00,CNC-02,M,295.5239770927367,310.3615954028097,1718.0350181425451,43.8841370517647,138.53771060848317,2.50012984779715,14.205678914193008,59.71626397325547,0,2026-08-25 06:31:50
2024-01-13 05:25:00,CNC-03,H,296.4364836377841,311.2798793254763,2017.2991069746276,36.59313052165157,176.00052564703682,2.904840630640679,13.663673785207237,57.60940996510933,0,2026-08-25 06:31:50
2024-01-13 14:18:00,CNC-02,M,297.78551175744497,311.54536791937545,1382.5779927015142,47.95754913630738,31.238388833493218,2.0887508190496944,12.585159755646444,57.01891960869125,0,2026-08-25 06:31:50
2024-01-13 04:23:00,CNC-01,L,296.5844419814981,310.25053579974406,2345.52995899824,27.760561596590836,79.2756709207599,3.0116068321080967,12.471484954593375,57.84254696395465,0,2026-08-25 06:31:50
2024-01-13 23:03:00,CNC-01,L,300.0573267574576,312.7786133870121,2712.224179337965,18.02930821565004,99.8175064094061,3.2750682204459096,9.35046881365259,53.623244327417986,0,2026-08-25 06:31:50
2024-01-13 08:33:00,CNC-03,H,296.02745903675054,311.1384596867059,1693.8828930090972,45.92365440493071,220.51393749584798,3.103947939220616,14.717733583596223,61.61102870973773,0,2026-08-25 06:31:50
2024-01-13 17:11:00,CNC-03,H,299.5006564780986,315.54890054984054,2011.5102579622821,41.02507672472553,263.17468502730736,3.721025887072494,15.267594440766782,48.37662885774569,0,2026-08-25 06:31:50
2024-01-13 15:30:00,CNC-02,M,298.204896142816,313.2414657524434,1788.4601130815508,42.427059701255075,141.07343076100136,2.6319636560504533,14.19078429079918,54.973679982609326,0,2026-08-25 06:31:50
2024-01-13 09:26:00,CNC-02,M,295.48844624174194,309.7843075873547,1437.6941153050732,51.2777644913615,24.569609516719364,2.0978513968067367,13.775303130300896,62.45652703613562,0,2026-08-25 06:31:50
2024-01-13 11:54:00,CNC-02,M,295.9648642971021,310.20428975441786,1438.3318183865113,51.539856807080255,41.227845865907504,1.9910167935668306,13.61371868607352,58.16253597466437,0,2026-08-25 06:31:50
2024-01-13 14:19:00,CNC-01,L,298.5330995924907,312.14052230487584,1411.2979323042348,48.152038292993026,37.12828325165922,2.112434438291861,12.396161931926713,52.720527522417484,0,2026-08-25 06:31:50
2024-01-13 13:44:00,CNC-03,H,297.8691923089721,312.6107050376971,1412.2593858607545,51.20842575982176,197.81080860605124,2.5113438381024404,13.433009333910402,54.92025668657511,0,2026-08-25 06:31:50
2024-01-13 13:26:42,CNC-01,L,298.19154066675253,312.9962671469646,,52.69271540063673,198.23244801081847,2.8331989288648303,13.822032596216694,56.22280658990568,0,2026-08-25 06:31:50
2024-01-13 01:42:00,CNC-01,L,303.7304831098185,310.10198361668563,2670.382820268522,16.648648130508366,134.6282633680995,3.526556710741672,8.33841739959244,43.88533935328388,0,2026-08-25 06:31:50
2024-01-13 20:50:00,CNC-01,L,300.3039781456799,313.98482264060925,2530.45719500744,24.269655207563144,148.19585086133753,3.411053059597842,11.260477639999467,50.31860548324732,0,2026-08-25 06:31:50
2024-01-13 20:03:00,CNC-01,L,3454.580022924812,313.2435847645202,2321.7564014215795,24.218161392269263,93.53999725643138,2.9339074650424526,10.433203117429182,57.37699209552373,0,2026-08-25 06:31:50
2024-01-13 08:07:00,CNC-01,L,296.49139548571725,310.99866565103036,1563.8061546741333,45.735209413647574,141.97738384384888,2.447741779959644,13.562579042667286,53.15431569969283,0,2026-08-25 06:31:50
2024-01-13 10:46:00,CNC-02,M,295.68125356221185,310.58068598022663,1427.838708446737,52.088753333861696,149.9032833206024,2.3124702026403456,13.961773016388658,62.48407388650258,0,2026-08-25 06:31:50
2024-01-13 23:08:00,CNC-02,M,298.1889609233499,311.02653780717975,2575.344126711693,19.771380788731097,24.475281899105777,3.084562028877659,9.503873193312842,50.78014281566842,0,2026-08-25 06:31:50
2024-01-13 04:42:00,CNC-02,M,295.79878821961495,309.0068005836734,2232.4968789401764,25.844927939481956,106.6381239031253,2.981344436634957,10.66602449035979,57.395158030259296,0,2026-08-25 06:31:50
2024-01-13 22:43:00,CNC-03,H,299.0662977674246,312.7110930830854,2630.8844232402325,21.829687528526645,158.7568237035105,3.441201562541094,10.75575932601162,52.13134001416888,0,2026-08-25 06:31:50
2024-01-13 15:34:00,CNC-02,M,298.25520779481815,313.02295323285824,1669.2064416950527,44.240714114550734,146.94004592329037,2.5605142292588288,13.74213851355063,53.427701764887416,0,2026-08-25 06:31:50
2024-01-13 10:32:00,CNC-03,H,296.45788069761,310.82553664980605,1499.202309124578,47.66043279695634,130.53177001611525,22.233016075535527,13.098692064680261,63.138454132672194,0,2026-08-25 06:31:50
2024-01-13 10:17:00,CNC-01,L,296.3728226717744,310.09244069938904,1338.3218952524835,49.19751121550991,106.79946512345516,2.1193953315914906,103.9293311519458,56.23018151623874,0,2026-08-25 06:31:50
2024-01-13 09:30:00,CNC-01,L,296.37866866968096,310.26439492877694,1443.9791457918905,48.36039577534569,33.54695515195931,2.041992030753398,13.14891833815311,56.825936451410975,0,2026-08-25 06:31:50
2024-01-13 16:30:00,CNC-02,M,24.97423598547266,39.80149668219559,1648.6308519742831,42.362013594148834,228.6418325527078,3.262985961713241,13.03666667015431,,0,2026-08-25 06:31:50
2024-01-13 20:10:00,CNC-03,H,300.1563380342923,7526.945736609397,2418.527533975436,24.73313236142658,221.8809913974884,3.621340616460054,11.160840303452812,53.976085474930805,0,2026-08-25 06:31:50
2024-01-13 12:13:00,CNC-03,H,297.22278037521284,311.05692380196814,1389.2563905414809,49.99979427854149,53.98550165090876,2.070614138959432,13.011197662033865,50.26945480508667,0,2026-08-25 06:31:50
2024-01-13 12:50:00,CNC-02,M,296.80155406970323,311.7362529620818,1401.804470564281,53.455332378952335,130.17475433955008,2.2822059648075395,13.741409468350598,58.153828098512555,0,2026-08-25 06:31:50
2024-01-13 02:38:00,CNC-01,L,24.546433833336664,38.34552544691485,2511.27905887839,22.177467755801178,196.21288378697523,3.8319322597670777,10.369433074241634,60.24290693312004,0,2026-08-25 06:31:50
2024-01-13 19:06:00,CNC-01,L,300.28436311966567,313.34122247036777,2352.3325389466254,25.814627049574952,23.79910158416045,2.9390883139622677,11.468275314021536,48.0799642836438,0,2026-08-25 06:31:50
2024-01-13 20:06:00,CNC-01,L,300.2938042811402,313.02155812968726,2364.3180340058175,22.028287122232527,97.1380053099767,3.0134341787562886,9.549487881661653,52.419535307941175,0,2026-08-25 06:31:50
2024-01-13 18:19:00,CNC-03,H,299.9119606999959,313.7188264677668,2261.245303157985,30.068798599753315,83.57895204441955,2.7397487510812666,12.72647327400423,56.85172180420306,0,2026-08-25 06:31:50
2024-01-13 08:34:00,CNC-02,M,295.38800204094406,310.39040104490255,1565.7547748434595,48.026391545799385,181.69374910365252,2.724760279495336,14.086498491460112,61.06260154681603,0,2026-08-25 06:31:50
2024-01-13 18:43:00,CNC-02,M,298.82453084229553,313.8101912979649,2127.610491998164,34.69319299451089,170.581950584744,3.122692540874087,13.837737232738366,51.13839831391518,0,2026-08-25 06:31:50
2024-01-13 08:52:00,CNC-02,M,295.52512149950775,310.33353051628995,1440.4722166195113,49.75805620301017,208.76421573975875,2.8613471220625417,13.43158158003432,63.83929776385416,0,2026-08-25 06:31:50
2024-01-13 10:55:00,CNC-03,H,296.30734227699173,310.79000246226633,1287.483263317344,52.78384694737082,166.91643552192207,2.223492980778573,12.638482465175505,61.21660663953896,0,2026-08-25 06:31:50
2024-01-13 05:49:00,CNC-03,H,296.28580444421704,311.34125883095663,2045.1094311283198,37.9276866242939,207.3258719883837,3.320841992025821,14.345488243848152,57.39097976676006,0,2026-08-25 06:31:50
2024-01-13 20:09:00,CNC-03,H,300.1331824134309,315.0298034941746,2412.7769094897535,29.521870857307004,220.69182713074895,3.67681457167372,13.509023651899854,48.66419394953486,0,2026-08-25 06:31:50
2024-01-13 21:04:00,CNC-03,H,299.7933696590473,312.26848556109036,2648.053088930919,19.012720421992206,49.3565460105749,3.172618502431878,9.350581445232713,49.88108853041751,0,2026-08-25 06:31:50
2024-01-13 16:25:00,CNC-02,M,25.458958469096785,40.51079155034506,1773.9753258538115,42.130262588198484,221.48742213916242,3.3704150749718385,14.021903372626143,51.203701086092764,0,2026-08-25 06:31:50
2024-01-13 10:09:00,CNC-01,L,296.8368782733637,311.15036919954184,1431.262326314548,49.50922946989693,94.23939688247393,2.0460698902642886,13.322689256842388,55.57153052453922,0,2026-08-25 06:31:50
2024-01-13 06:32:00,CNC-01,L,296.2351823088084,310.57181492217194,2001.8975728242772,38.29837274384751,6.72932985055821,2.694698902481976,14.303045963522056,59.410890009937845,0,2026-08-25 06:31:50
2024-01-13 14:27:00,CNC-03,H,298.1723261931328,311.982579294983,1550.236271970028,46.90819819242725,21.555947598040945,2.199202540410478,13.955195224537265,51.621373440379976,0,2026-08-25 06:31:50
2024-01-13 20:36:00,CNC-02,M,299.10519521639645,312.55000850084116,2478.1922755729815,23.336370045828435,91.31711050013789,3.0518617855889687,11.16163900080835,1868.9110045686818,0,2026-08-25 06:31:50
2024-01-13 19:39:00,CNC-03,H,300.3358901942459,313.8571711812923,2351.1921331825392,25.159875089158447,184.51085959859412,3.383896807762609,10.767107143689783,49.67297617938531,0,2026-08-25 06:31:50
2024-01-13 04:11:00,CNC-02,M,0.0,311.020020846143,2281.230824743739,34.16484291892288,69.02357177997575,2.892253434015796,14.537114354006931,53.52850238390846,0,2026-08-25 06:31:50
2024-01-13 06:18:00,CNC-02,M,295.6780193508987,310.39772935678707,1994.887233428339,34.88528576307703,231.40496429673814,3.542724443817106,111.03623139840217,56.979798847035646,0,2026-08-25 06:31:50
2024-01-13 12:42:15,CNC-03,H,297.26490669985697,311.66735332946433,1372.9398884576372,53.27077701334439,99.93643519117948,2.0391083337846347,13.627833333448171,,0,2026-08-25 06:31:50
2024-01-13 20:59:00,CNC-03,H,299.8820024037339,311.73162288442194,2459.7460984372933,17.903391638239654,43.71983437946675,3.0175388885576884,8.153922125508902,49.69444702619051,0,2026-08-25 06:31:50
2024-01-13 00:42:00,CNC-03,H,298.82122582843,310.46298814905583,2646.657553555625,14.86280535687039,84.75289561871824,3.229545474368842,7.3061001693073155,47.524068927565764,0,2026-08-25 06:31:50
2024-01-13 20:33:00,CNC-02,M,299.013643911587,312.61720060733165,2367.187023527771,24.738691045200287,87.79548971443322,29.049630630075445,10.891238030957373,57.232209254110536,0,2026-08-25 06:31:50
2024-01-13 04:16:00,CNC-01,L,296.8496355343648,309.68009005126913,2412.820249141138,22.253084306432466,70.65676760340482,3.0124672273616304,10.332067652300672,57.59296415470972,0,2026-08-25 06:31:50
2024-01-13 00:36:00,CNC-03,H,,310.67093635104123,2651.5075741700803,14.203947303278127,78.49909803482282,3.225754897248163,7.127373003283671,55.23495517397302,0,2026-08-25 06:31:50
2024-01-13 12:51:00,CNC-02,M,296.8294237969993,311.3667547111368,1390.3696523903025,51.17665970067135,131.77392378281044,2.2374999483183116,13.277939688769093,51.84839072173516,0,2026-08-25 06:31:50
2024-01-13 04:37:00,CNC-03,H,296.1871496023451,310.4287488207272,2232.3320591069883,31.61880486352852,115.38550480499936,2.8852534638237066,13.106600387964365,56.06080468930729,0,2026-08-25 06:31:50
2024-01-13 03:24:00,CNC-01,L,297.13770698813016,309.6895669900882,2390.3513408350727,22.42008216747515,9.263364252405337,2.9930716247813343,9.970588683805683,57.199256993203754,0,2026-08-25 06:31:50
2024-01-13 15:12:00,CNC-03,H,303.9902417897996,312.1148567732757,1582.8045699195839,45.48522544014621,90.27469269299337,2.2184566036285203,13.471995753981314,43.491189766588725,0,2026-08-25 06:31:50
2024-01-13 15:39:00,CNC-02,M,298.05062674743107,312.82566925757044,1641.0541108619434,43.724294855252495,154.37067972691972,2.4894287659281633,13.508333304182958,58.98327127261896,0,2026-08-25 06:31:50
2024-01-13 00:17:00,CNC-03,H,298.72032923868386,311.43222606739573,2711.443087356994,19.744453395533252,58.062490551280376,3.2345584020292364,10.098176930434981,53.55813604629621,0,2026-08-25 06:31:50
2024-01-13 14:17:00,CNC-01,L,298.6771629674851,312.5022786787206,1465.7558000874694,47.54885341203788,34.05948809560722,2.165784848770427,13.091217756169968,55.1561360231082,0,2026-08-25 06:31:50
2024-01-13 01:36:00,CNC-01,L,303.3217256408208,310.36855527618974,2519.6301492132316,21.212592455364163,128.12796120280342,3.239688565833376,9.954123798819237,44.08541052831525,0,2026-08-25 06:31:50
2024-01-13 13:53:00,CNC-02,M,297.142299700848,312.6229075653708,1492.2071828300607,53.174994595445504,229.71887475131862,,14.697373830497924,57.63992302610748,1,2026-08-25 06:31:50
2024-01-13 13:09:00,CNC-03,H,297.42501539631616,311.9199737332693,1410.0307210386725,51.40270905242999,142.64171809127313,2.1787314276907677,13.70895492708271,53.941196625802824,0,2026-08-25 06:31:50
2024-01-13 07:37:00,CNC-03,H,296.1880320189075,310.6404214336844,1713.344967985898,41.46791958193203,138.44562845336384,2.551373972106628,13.5481859273581,57.06166094228484,0,2026-08-25 06:31:50
2024-01-13 02:27:00,CNC-01,L,24.714616122680468,37.762920694731065,2663.5313615566365,19.70161438751851,183.87092456924344,3.7334667106242603,9.714008413717288,57.42352975826994,0,2026-08-25 06:31:50
2024-01-13 05:30:00,CNC-03,H,296.37044029200905,310.3183333332977,2140.755639761003,,182.35758474470828,30.682968457728975,12.708043221360793,58.30143281392419,0,2026-08-25 06:31:50
2024-01-13 06:33:00,CNC-01,L,296.35553325855307,310.4454655689924,1793.6951118263119,41.58623268347495,8.141608781478302,23.946339665994273,13.991851734257597,60.51937193175804,0,2026-08-25 06:31:50
2024-01-13 15:42:00,CNC-02,M,298.14283704365545,313.03004408034633,1645.530679317424,45.74637877759729,158.7646091022921,2.6135826982422574,14.20470986159936,53.13185079303603,0,2026-08-25 06:31:50
2024-01-13 20:35:00,CNC-03,H,300.21648560356545,312.2253233001024,2618.1428400050913,17.718934921447982,16.242627544228814,3.2245977326080535,8.563777957750755,49.48499714378469,0,2026-08-25 06:31:50
2024-01-13 14:44:00,CNC-03,H,303.9290175196988,311.62691686081985,1566.9320773910117,44.091653282346776,47.66919773242974,2.1720992713281646,12.906035168250291,48.70383525778579,0,2026-08-25 06:31:50
2024-01-13 23:14:00,CNC-03,H,299.16418894658307,311.6897277098121,2694.757991168658,17.283157417606954,191.79776006121983,35.94846164301422,8.970196787472082,51.77300081233523,0,2026-08-25 06:31:50
2024-01-13 01:39:00,CNC-01,L,303.6996287028304,309.7728146138341,2729.332444800536,14.8648981499983,131.3824830957679,3.479788830539144,7.5267060948718,44.855881280603235,0,2026-08-25 06:31:50
2024-01-13 11:33:00,CNC-03,H,296.97939125136907,312.4120823426678,1467.6880422841753,54.93186391421651,227.21098818453652,2.837596815250582,15.419186301292955,56.93960065043058,0,2026-08-25 06:31:50
2024-01-13 21:49:00,CNC-01,L,300.1131341014387,311.78253119422624,2602.069470184187,16.07215183884526,19.97796314892294,3.1157972367466362,7.988593925639341,51.89892010590092,0,2026-08-25 06:31:50
2024-01-13 23:35:00,CNC-02,M,297.71804372267155,309.6560597097886,2627.538678344313,15.045111962448686,53.05087958096497,3.2081179111874825,7.547147076104538,52.901089519237715,0,2026-08-25 06:31:50
2024-01-13 12:23:00,CNC-01,L,297.5900756428216,311.16993308006477,1299.5298286441296,49.47819584005596,96.98845670363409,1.957089186338457,12.016594025963855,54.762802256539466,0,2026-08-25 06:31:50
2024-01-13 05:14:00,CNC-03,H,296.4011862694222,311.0133033387433,2111.662467902199,31.904470229015256,161.87292313667015,2.9883464669274655,12.335795524982387,60.729446483111275,0,2026-08-25 06:31:50
2024-01-13 12:11:06,CNC-01,L,297.5630567367526,311.28688595612033,1425.4944055383835,45.77384912050507,76.27362754813055,2.1644131122550943,12.301612426580599,56.161804687745175,0,2026-08-25 06:31:50
2024-01-13 14:05:00,CNC-03,H,297.97842749525904,313.11287698559033,1578.0935600115852,49.89124406473191,230.6919747133777,2.9625295536052803,14.6127263978009,53.01468060251521,0,2026-08-25 06:31:50
2024-01-13 11:30:00,CNC-01,L,297.20908518738565,310.8139587685259,1385.6437990991453,47.86033386925375,12.730382654103577,1.994932757215343,12.408870618574328,55.41096257051632,0,2026-08-25 06:31:50
2024-01-13 19:38:00,CNC-03,H,299.8814394805858,314.35374417501345,2016.563779590708,35.19033182239088,183.30325848342187,3.0840828038829717,13.355475103232056,50.60620649810488,0,2026-08-25 06:31:50
2024-01-13 23:19:21,CNC-02,M,297.7540558793607,309.1363158389923,2779.042588341723,11.184618317051832,37.208436646939845,3.320802661845684,5.805010268437489,54.63758094198151,1,2026-08-25 06:31:50
2024-01-13 02:23:00,CNC-03,H,24.999506447930003,39.083872509060086,2646.2364399295784,25.07293315713059,193.89798517898734,3.6576095065193575,12.707779095262016,53.489314585962504,0,2026-08-25 06:31:50
2024-01-13 16:19:39,CNC-03,H,26.057294552721658,41.124608042289935,1818.531180439261,43.30500630173004,189.75819849710885,2.8738190411904374,14.679848934093485,46.74121279742345,0,2026-08-25 06:31:50
2024-01-13 12:04:00,CNC-01,L,297.5614651467319,311.9967493235662,1386.3081093600215,53.29936296845969,66.74989602197368,2.0963238886849096,13.809198978633411,51.704741931866565,0,2026-08-25 06:31:50
2024-01-13 19:04:00,CNC-03,H,299.964248648586,313.86180295226285,2098.1319010686393,32.356794868344025,141.2384148870906,2.7583741411797065,12.679289980238282,49.63411212224204,0,2026-08-25 06:31:50
2024-01-13 20:42:00,CNC-01,L,300.2037043779105,313.7277742341018,2596.42280875556,22.467219744558385,139.10278031675867,3.4888581500317093,10.823502323541415,49.25404726168758,0,2026-08-25 06:31:50
2024-01-13 22:17:00,CNC-01,L,300.0436479778966,311.6912237569322,2665.0163264156195,14.853626471487056,50.28397306669344,3.1432207233289415,7.504166546523718,50.604488849969165,0,2026-08-25 06:31:50
2024-01-13 22:04:24,CNC-03,H,299.2633432274823,312.0732512169106,2485.014286969969,20.668716221632206,116.04913442896881,3.10848282116853,,48.964022814032134,0,2026-08-25 06:31:50
2024-01-13 20:35:00,CNC-02,M,298.6031453941672,311.93500589308917,2393.5929081543773,24.292662528831563,90.18100280980669,3.0609437848902403,10.477713480737828,52.915603098132806,0,2026-08-25 06:31:50
2024-01-13 23:01:00,CNC-03,H,299.32313048181334,312.2947460648245,2814.131671405229,18.15414625054433,177.8323818850135,3.712077346672414,9.32372823686527,55.55893913516383,0,2026-08-25 06:31:50
2024-01-13 09:55:00,CNC-03,H,295.79480538450224,310.2035573041618,1399.7990975312143,53.288058107284485,72.24120484232643,2.1117398725118726,13.939411218795994,55.60692598215159,0,2026-08-25 06:31:50
2024-01-13 00:23:00,CNC-03,H,299.03768994932676,311.29049755666625,2701.0720047784794,15.784800867493768,64.55944754090879,3.2642409760671636,8.029183221077965,49.2878205611765,0,2026-08-25 06:31:50
2024-01-13 14:29:00,CNC-03,H,298.262506364905,312.2656534181989,1415.1314926806099,50.54479347541924,24.67960800567825,1.988941326853623,13.302576333025774,52.2695926482291,0,2026-08-25 06:31:50
2024-01-13 13:53:00,CNC-01,L,298.4864693306123,313.6819544265562,1313.76652769958,55.75558477883784,238.87376505846842,3.261669357612404,13.814486929045604,54.43462410289903,1,2026-08-25 06:31:50
2024-01-13 14:16:00,CNC-03,H,298.47306561996163,312.18628195368075,1605.1374873306258,43.439873781588766,4.568822387317384,2.183228014668263,13.004764663905306,48.3241921709651,0,2026-08-25 06:31:50
2024-01-13 09:42:00,CNC-02,M,295.5041319172359,309.57216143228885,1412.1700535402392,48.34671476856392,49.329443347522485,2.0839752472343633,13.003469767239629,59.60888576882723,0,2026-08-25 06:31:50
2024-01-13 23:05:00,CNC-03,H,298.9329073291165,312.69226314075775,2579.2502854722534,22.352181085396403,182.1977763554868,3.5423704630604536,10.902453704712904,50.429534058188935,0,2026-08-25 06:31:50
2024-01-13 03:18:00,CNC-02,M,296.71036103176635,309.7640872689301,2472.227436121015,24.09564285856478,6.933625754102652,2.965962468391446,11.15233482044698,58.388287829806295,0,2026-08-25 06:31:50
2024-01-13 05:02:00,CNC-02,M,295.9173447248717,310.02012281689224,2151.890092167965,30.879313456306107,131.50057645225124,2.941132632462911,12.238592913057849,58.398118487743425,0,2026-08-25 06:31:50
2024-01-13 04:28:00,CNC-03,H,296.5922560847478,310.6944459064878,2194.5704840339627,31.920787598604566,104.25452926204332,2.8974428255655718,13.130680063729134,62.283175318942774,0,2026-08-25 06:31:50
2024-01-13 17:16:00,CNC-01,L,299.5656856999016,313.4330761252681,2050.9561157537337,33.038026929746295,90.43563266350617,2.724790264142896,12.79385939343411,53.3933287876604,0,2026-08-25 06:31:50
2024-01-13 13:39:00,CNC-03,H,298.05715380735273,313.33624291285736,1410.5496989637252,54.131630105439406,190.05168067778555,2.566884604627988,14.245863545410716,61.96068841890572,0,2026-08-25 06:31:50
2024-01-13 03:19:00,CNC-02,M,296.86800170971645,308.53682178325215,2522.521651383238,16.50047550590402,8.057330184254162,2.9765729032587327,7.536999225415231,60.381578595860674,0,2026-08-25 06:31:50
2024-01-13 12:35:00,CNC-01,L,297.86206543524116,312.37097146562394,1330.1375799976286,54.04270934336248,115.94882265661411,2.140710758543971,13.791175839047336,53.52327867737493,0,2026-08-25 06:31:50
2024-01-13 19:22:00,CNC-02,M,298.85345585655347,311.26816807318846,2305.8442315529337,20.938469881314695,2.441264143264305,2.9334783426787605,9.281597007835627,48.135762016284176,0,2026-08-25 06:31:50
2024-01-13 03:26:00,CNC-02,M,296.561283860714,308.6585593358969,2377.8589052139782,19.71692097855328,16.04663549272902,2.974874645099905,8.691717350127158,58.216927806799575,0,2026-08-25 06:31:50
2024-01-13 06:45:00,CNC-01,L,296.35853683416093,309.9859634575312,1787.1123813927588,37.360023517244066,24.61291413140571,2.3610132368470946,12.594706900689967,54.4054083547172,0,2026-08-25 06:31:50
2024-01-13 20:39:00,CNC-03,H,300.0961596050802,312.2953624667184,2506.8339488134843,19.834562302212365,20.99221756620793,2.9640702650470456,9.313173893559386,52.57419606885667,0,2026-08-25 06:31:50
2024-01-13 16:20:00,CNC-02,M,25.347583667311483,40.53201484630972,1729.5080666626707,43.67799207469134,214.26760398815958,3.1757941112144206,14.110747557903643,57.12983994209388,0,2026-08-25 06:31:50
2024-01-13 23:04:00,CNC-02,M,297.98138508724514,308.80524549847814,2687.499782999218,10.23551626542773,20.152273985141345,3.218741656033955,5.141281180877528,55.15277897553501,1,2026-08-25 06:31:50
2024-01-13 08:01:00,CNC-03,H,296.20405178611236,311.1554259837669,1722.851758472876,44.494619421165005,173.00792800639638,2.728903816706292,14.510735008907327,61.195524908391846,0,2026-08-25 06:31:50
2024-01-13 01:22:00,CNC-03,H,298.41307405013214,310.3475433006411,2606.58188775137,14.864754393854735,127.4081484254304,3.3002185724244826,7.233765963148869,56.960240213038745,0,2026-08-25 06:31:50
2024-01-13 11:20:00,CNC-02,M,296.0304898786636,311.1977637982086,1414.6106249001198,51.64096167975018,3376.8841110635935,2.830676231573293,13.914770139768125,60.16941518913516,0,2026-08-25 06:31:50
2024-01-13 10:42:00,CNC-02,M,295.55054095926965,310.6252085022132,1418.9644350700407,,143.5655779719515,2.2392714666364144,14.259960756154765,61.94451707854123,0,2026-08-25 06:31:50
2024-01-13 19:58:00,CNC-03,H,300.1528906674695,314.6028328717095,2312.2217179370605,29.58185743729032,207.49588038340892,34.590378663896445,12.89380246378257,47.55386395166604,0,2026-08-25 06:31:50
2024-01-13 23:59:00,CNC-01,L,299.65457676442026,312.07849557914034,2766.1612950434833,15.799189225804273,159.44212363189388,3.6524171450622887,8.158780889882205,53.694201622685284,0,2026-08-25 06:31:50
2024-01-13 07:06:00,CNC-02,M,295.63114489339563,309.32033583523645,2091.600842227315,30.78099272734194,53.690810450427726,2.6390277416114833,11.789086900140965,63.13916595896318,0,2026-08-25 06:31:50
2024-01-13 02:42:00,CNC-01,L,24.19527146699852,38.22432873957439,2472.8456826412166,24.911836256452784,200.70648812955918,3.816913992667813,11.277647367864525,57.17087462601857,0,2026-08-25 06:31:50
2024-01-13 16:00:00,CNC-01,L,25.81612134024823,40.3779874356253,1706.5771601323515,42.783705124959155,189.64318208139815,3.0323172880946987,13.642880208028378,51.4290650637095,0,2026-08-25 06:31:50
2024-01-13 20:33:00,CNC-01,L,300.11823403546725,313.9268072049532,2353.2297929254796,26.883404360297646,128.82233319557037,3.1624437383645194,100.5011855892808,49.42983974211007,0,2026-08-25 06:31:50
2024-01-13 17:44:00,CNC-02,M,304.1465907752119,312.0771243444287,1945.1928568649207,33.19153326120124,93.07286748494965,25.69019582228931,12.33210495468799,41.57858389963396,0,2026-08-25 06:31:50
2024-01-13 02:26:00,CNC-03,H,24.821503816389907,38.604854423586914,2433.721471516787,25.015859868772026,197.3607984577429,3.4595890738010047,11.545108328387583,53.52338528733043,0,2026-08-25 06:31:50
2024-01-13 18:42:00,CNC-02,M,298.8750386752713,314.2465378519332,2170.0285099130974,36.68095931825116,169.2933879323138,3.197232696562528,14.831840542207614,53.17598319470658,0,2026-08-25 06:31:50
2024-01-13 21:53:00,CNC-03,H,299.3419949980363,312.23490003603905,2544.9326864850036,22.373977966335445,103.95885000939171,3.219152483387029,10.787851476314312,53.33670443563526,0,2026-08-25 06:31:50
2024-01-13 11:55:00,CNC-02,M,295.8806412895218,309.28186542390375,1481.3380905908402,41.60484322265439,,2.128926143798964,11.877861323545627,61.49799925777177,0,2026-08-25 06:31:50
2024-01-13 02:55:00,CNC-01,L,24.035179671399703,37.99309538264612,2534.5542927123643,23.76004353786661,215.4345236616555,3.9601961477921956,11.01380207355686,59.58726762096263,0,2026-08-25 06:31:50
2024-01-13 19:27:00,CNC-03,H,300.38853741586894,314.6400319171317,2319.732437592879,29.302522597349924,169.7423420308221,3.2567932066951832,12.665914754227527,51.47457221731152,0,2026-08-25 06:31:50
2024-01-13 22:13:00,CNC-03,H,299.3241308828229,311.74560367722745,2719.5860041212063,16.790650826007884,126.04346227425314,3.3528139683611036,8.563968910399609,50.3127728971836,0,2026-08-25 06:31:50
2024-01-13 07:14:00,CNC-01,L,296.2069900400586,310.4429953873466,1787.536131960668,41.2379558167774,65.36926526354662,2.4677364305197544,13.816664738154227,61.32277395872268,0,2026-08-25 06:31:50
2024-01-13 19:06:00,CNC-03,H,300.0138485219362,314.0175561848375,2269.5177298443773,28.652945402509577,143.71030675821373,3.136673551719947,12.150732696015503,52.25536415755196,0,2026-08-25 06:31:50
2024-01-13 20:26:00,CNC-01,L,300.64135113018153,313.12158804035516,2449.95094208467,18.958412017264898,120.660546004931,3.2514994756166753,8.990082373070425,48.81771095587647,0,2026-08-25 06:31:50
2024-01-13 22:34:00,CNC-02,M,297.9404620822162,312.2264725694278,2626.4193917138805,23.32099251894465,222.72589879603422,4.144632876519782,11.498348755529197,53.79614744074085,0,2026-08-25 06:31:50
2024-01-13 17:00:00,CNC-02,M,298.67006518861956,313.1094428229187,1854.2713238152733,39.5765731707586,32.58968143279787,2.5268265939958225,13.884172685577127,52.37567288533621,0,2026-08-25 06:31:50
2024-01-13 15:28:24,CNC-03,H,303.9728159277444,312.3652582592794,1614.253416581562,45.41771900548764,114.43195868930174,2.3199030665569738,13.579024296249269,44.71592490483849,0,2026-08-25 06:31:50
2024-01-13 21:51:00,CNC-03,H,299.72910674492874,311.72388955331894,2682.7743200929194,15.272510651059916,101.76550844958912,3.2249759130155997,7.784459043692822,55.575793520014244,0,2026-08-25 06:31:50
2024-01-13 19:41:00,CNC-01,L,300.5170189759011,313.4973925445392,2331.7170780014226,23.827547585479618,67.01664035340357,2.872584273645779,10.320799700140636,47.982338268112265,0,2026-08-25 06:31:50
2024-01-13 20:22:00,CNC-01,L,300.3987694378639,313.9469283360414,2508.440665053818,24.91087099452321,116.02492079200364,3.1723190837563062,11.791862930053165,49.937340063568385,0,2026-08-25 06:31:50
2024-01-13 10:37:00,CNC-02,M,295.7451871648587,310.6629524756062,1355.6730551839669,54.90230076606053,135.6508021874908,2.1511979718433016,13.950949929862395,60.71925944864215,0,2026-08-25 06:31:50
2024-01-13 00:58:00,CNC-02,M,298.0687360011766,310.0508450790077,2717.2551724290333,15.546121063092377,68.94051116705073,3.2463510235200244,7.705475382592268,55.77895420187395,0,2026-08-25 06:31:50
2024-01-13 23:00:00,CNC-01,L,299.8810306170127,312.51311075131366,2487.718390450732,19.841795645604705,96.58287875306024,3.101365621950519,9.085462344738463,53.70685705049368,0,2026-08-25 06:31:50
2024-01-13 04:24:00,CNC-01,L,296.69114325978563,309.8966112740184,2390.2789805324255,24.28146835557897,80.47631081217581,3.0577110230356794,10.829385432518478,56.41810263310128,0,2026-08-25 06:31:50
2024-01-13 21:50:44,CNC-02,M,298.43649990251754,311.118002440961,2558.443558578691,18.164907768245932,174.91693704708135,3.600881413779861,8.791246411184016,56.15475214850929,0,2026-08-25 06:31:50
2024-01-13 12:32:00,CNC-01,L,297.61383102335725,312.23309667804324,1465.2404612144287,52.90466639804742,111.19292670881744,,14.326335722174809,61.2933491615015,0,2026-08-25 06:31:50
2024-01-13 19:04:00,CNC-01,L,300.5036961051417,313.8146291630701,2237.071207803587,28.342475167625615,21.339281383034052,2.7909827204970767,11.586466428615694,,0,2026-08-25 06:31:50
2024-01-13 13:48:00,CNC-03,H,298.1724440316776,312.80809286749786,1408.3945389246344,52.13074396767531,204.15653382401302,2.619259150634417,13.540262477366774,56.52731179477713,0,2026-08-25 06:31:50
2024-01-13 11:42:00,CNC-02,M,296.30093929686416,309.99401405199376,1328.7400180769405,48.41181601368486,22.209828518281583,2.031296101541362,11.715521416651361,67.13660435875578,0,2026-08-25 06:31:50
2024-01-13 21:49:18,CNC-01,L,300.06923262424203,312.02350488992045,2603.0430040773203,17.152948527925368,21.086090956450366,3.083344762974804,8.732639431872451,50.67411687672791,0,2026-08-25 06:31:50
2024-01-13 04:56:00,CNC-02,M,295.7746173215009,309.07165201689986,2210.239960930348,25.429206623047328,123.94649047389106,2.91598519407946,10.156606796565578,59.48179016113949,0,2026-08-25 06:31:50
2024-01-13 19:12:00,CNC-01,L,300.5525713514853,313.20796635298336,2339.6986948621256,25.24934007070622,31.339288676876755,2.977018323906393,10.887936375804287,55.25003258782404,0,2026-08-25 06:31:50
2024-01-13 08:50:00,CNC-01,L,296.6839137786455,311.8237859524174,1595.401097383637,49.774038338765045,206.6585080298202,3.0928322040481353,14.803766095905825,58.085685696375535,1,2026-08-25 06:31:50
2024-01-13 02:52:00,CNC-01,L,24.20832584810819,38.56620818407686,2616.822786637267,24.81689114113732,211.9765553998039,4.154958391607831,12.210251746711847,59.946776969100526,0,2026-08-25 06:31:50
2024-01-13 09:49:21,CNC-02,M,295.5323369077405,,1454.6947682926025,51.22337399094529,61.7413673202509,2.1509890620569423,118.22203617606176,58.84954002025659,0,2026-08-25 06:31:50
2024-01-13 00:44:00,CNC-02,M,298.30125884814925,310.68468842185246,2713.8280618790604,17.412200651498953,54.02153881544187,31.516259354070787,8.990051630157243,51.529060057248074,0,2026-08-25 06:31:50
2024-01-13 19:32:00,CNC-01,L,300.46357710745326,313.98604603500047,2411.5674714835395,27.143311488955494,56.13952348371079,3.0099749726933553,12.244022642335091,47.61089285704038,0,2026-08-25 06:31:50
2024-01-13 18:54:00,CNC-01,L,300.2753109307667,313.2671068148015,2264.2793681572675,26.606283798504474,8.88901191224816,2.906906496960827,11.375989777268714,45.90676706671129,0,2026-08-25 06:31:50
2024-01-13 15:29:00,CNC-02,M,298.159461668168,312.80586401030297,1586.5665987282575,46.03222630157369,139.65099475099578,2.43189044479429,13.627121225496323,49.769245011244124,0,2026-08-25 06:31:50
2024-01-13 09:28:00,CNC-02,M,295.1944620207475,309.2001192880992,1497.4359634285045,46.75311341065655,27.66558455702072,2.158047130513643,13.22276165188247,61.381480215557815,0,2026-08-25 06:31:50
2024-01-13 06:08:00,CNC-03,H,296.50221236058013,309.29440089937555,1889.832510142869,29.847237496324777,14.667380832624278,2.5327264554209763,10.345282913590147,56.524357423292486,0,2026-08-25 06:31:50
2024-01-13 19:07:00,CNC-03,H,300.21397446185586,314.02717363453655,2327.020616589175,27.452790875408066,144.93332588175542,3.027695862871766,11.852207319414,52.271448779587075,0,2026-08-25 06:31:50
2024-01-13 15:39:00,CNC-01,L,299.4421418043484,314.1790262042564,1597.1123805576563,46.912211385298214,158.6531634963584,2.628207120305578,14.120168079146323,53.679600416106496,0,2026-08-25 06:31:50
2024-01-13 15:13:00,CNC-01,L,298.9595374537873,313.23871221564616,1533.0432267512654,48.078148454772816,119.63159104036049,2.340387117031723,13.792267485353157,59.43341559912835,0,2026-08-25 06:31:50
2024-01-13 22:39:00,CNC-03,H,299.2426420072424,311.12724293520625,2530.8845996311693,15.047637570247407,154.40558089409623,3.34383732004428,7.261621326307392,54.57195637880803,0,2026-08-25 06:31:50
2024-01-13 04:43:00,CNC-02,M,295.9676634446076,309.1983078974228,2257.990003273176,25.777664754776453,107.85000822004038,2.853036357626452,10.63894068733224,61.24756388414238,0,2026-08-25 06:31:50
2024-01-13 14:33:00,CNC-03,H,298.22487095137404,312.1818003587166,1518.025035726036,45.566884363481,30.86074033314308,2.1646416318661323,12.830142300398942,52.711482274006585,0,2026-08-25 06:31:50
2024-01-13 11:30:00,CNC-02,M,,309.8514864525014,1406.2839653146182,48.32443374972622,3.1742618974809065,2.091969389579132,12.782356124905219,55.086382983051855,0,2026-08-25 06:31:50
2024-01-13 13:30:00,CNC-02,M,296.9942420114317,311.9222824968295,1370.5432519812457,51.63934792887257,193.4147879722722,2.5443373974765926,13.180770471218073,55.94535683751933,0,2026-08-25 06:31:50
2024-01-13 10:31:00,CNC-01,L,296.7040087471161,310.8827010689032,1440.703028784612,48.081526077472546,128.8165410038209,2.2965148753315714,12.952381623214608,63.275722954938246,0,2026-08-25 06:31:50
2024-01-13 01:02:00,CNC-01,L,303.9155544698567,310.1736611838725,2621.4795924743253,17.695466677117256,91.10766287179321,31.05042885072472,8.578737004509133,51.56075058135192,0,2026-08-25 06:31:50
2024-01-13 05:50:48,CNC-03,H,296.68359436906746,311.06278299958495,2117.5641449929385,33.36495783519765,209.97548885970377,3.36408102269629,13.056229476888467,59.91110251041797,0,2026-08-25 06:31:50
2024-01-13 21:04:00,CNC-02,M,298.6538972314563,311.81242086965324,2483.6813586833046,20.542043293800912,123.48289492524157,3.1748376237142795,9.352603705503592,52.72621995464089,0,2026-08-25 06:31:50
2024-01-13 18:16:00,CNC-01,L,299.95120932043665,314.4298828367075,1969.4460449053868,36.130691910809865,170.95782230426008,3.0881731477435705,13.33793433401392,53.571786993493504,0,2026-08-25 06:31:50
2024-01-13 11:04:00,CNC-02,M,295.9450562624832,310.6297183648201,1328.8437717543734,52.20408457327208,178.58048569796725,2.4286499859695607,13.066220455715552,59.329332303969814,0,2026-08-25 06:31:50
2024-01-13 20:24:00,CNC-01,L,300.400619547176,312.3297031210041,2577.9171783583174,16.531474973273628,118.3532143050021,3.371699637663286,7.970788090211345,49.32233838293356,0,2026-08-25 06:31:50
2024-01-13 15:01:20,CNC-03,H,304.07380422691233,312.2157460558977,1437.8360794295356,49.90189769262806,73.57611244090843,2.196823562806879,13.437680217725267,44.3587636201977,0,2026-08-25 06:31:50
2024-01-13 17:08:00,CNC-01,L,299.83928133897984,313.2506970985277,1837.8148161923334,35.2180911394086,79.24620769903494,2.483537712125092,11.969005634258055,53.22817091288358,0,2026-08-25 06:31:50
2024-01-13 07:44:00,CNC-01,L,296.2529089474573,310.46493005178235,1853.8752949918598,37.77900475210189,108.52082711040566,2.4985535892759234,13.188771131887036,56.45059660356189,0,2026-08-25 06:31:50
2024-01-13 19:13:00,CNC-03,H,299.9887293154702,314.5045708485143,2210.2045598554027,32.08633874852717,152.4381975208333,3.0165896289164453,13.234876162030494,55.25159779067447,0,2026-08-25 06:31:50
2024-01-13 16:12:00,CNC-02,M,25.367108574130384,40.6541351761353,1760.0526511577289,43.30195418672052,202.65073231756122,3.099696889063566,14.255927657097438,50.52703113379596,0,2026-08-25 06:31:50
2024-01-13 22:09:31,CNC-02,M,298.3239623728009,311.17968957554353,2722.253777374649,16.00871823647863,196.72493561719006,3.769659029808072,8.270307622561118,54.18454029857625,0,2026-08-25 06:31:50
2024-01-13 13:36:00,CNC-01,L,298.21839116371655,312.9523615965729,1370.6370716110412,53.06025789930873,212.3345784978383,2.962891742474021,13.724321214384494,55.39229843471221,1,2026-08-25 06:31:50
2024-01-13 04:17:00,CNC-02,M,296.26162440087717,309.2353643527183,2416.481981484675,21.857938275802663,76.13377060350093,2.9328425855919447,9.80918310121999,60.81348194179698,0,2026-08-25 06:31:50
2024-01-13 15:11:00,CNC-02,M,298.13730059341236,312.57947276174446,1570.5223463053073,45.3805207705569,112.64797058493366,2.265942424194142,13.012262478585955,53.2946679825948,0,2026-08-25 06:31:50
2024-01-13 19:37:00,CNC-03,H,299.81854009954014,314.2771221123656,2350.539151678215,30.277400178538397,181.99763472756428,3.3181857302465616,13.170279077028065,55.990363767956815,0,2026-08-25 06:31:50
2024-01-13 13:11:00,CNC-02,M,296.9588804886838,,1359.718821385461,50.68533850406985,163.4211366672618,2.3633437425825825,13.193065535228829,59.75459733757416,0,2026-08-25 06:31:50
2024-01-13 12:09:00,CNC-02,M,296.21799736491124,310.1509031971386,1331.092161740462,51.43728823658634,65.06908760131225,2.1296022377156225,12.959382880689017,61.138287752993406,0,2026-08-25 06:31:50
2024-01-13 00:30:00,CNC-02,M,299.0841631505336,311.8221011064213,2639.367554868812,21.450562732433028,39.154875313345535,3.155555877482545,10.538760191510967,51.32549736812414,0,2026-08-25 06:31:50
2024-01-13 00:20:00,CNC-01,L,298.5672974220889,311.28865530352414,2550.236507953538,22.21992315296942,46.456303460424074,3.1512507560822187,10.546215266783117,50.53888813182242,0,2026-08-25 06:31:50
2024-01-13 20:13:00,CNC-01,L,300.2963270324758,314.14311924504256,2387.156500281892,26.65655247751154,105.41805727205784,3.018907011178945,11.872620533373636,52.761224130676155,0,2026-08-25 06:31:50
2024-01-13 12:32:00,CNC-02,M,296.50481787799714,310.6476608603828,1321.7415832953393,51.665793201457035,101.60740536157827,2.112777989772901,12.829416671892188,57.2430477244534,0,2026-08-25 06:31:50
2024-01-13 05:20:00,CNC-03,H,296.7734041295201,311.1581221933372,2102.016104534917,32.726103056870556,169.44725296940464,2.9674103053961343,12.906679659108141,55.240255172401326,0,2026-08-25 06:31:50
2024-01-13 10:00:00,CNC-01,L,296.50376970600286,310.9508631764426,1549.0134727512418,50.54576058255764,80.09404834628221,2.3128888751354304,14.480827936923077,56.79150813912945,0,2026-08-25 06:31:50
2024-01-13 12:09:02,CNC-03,H,297.4317434886027,311.41790768229356,1384.8616131772687,48.516425556441874,49.2171050750486,2.011876617240039,12.505580906717471,53.24663279877683,0,2026-08-25 06:31:50
2024-01-13 20:41:00,CNC-01,L,300.4689925259352,314.32120811494235,2382.2054803360484,26.515787440907737,137.96266383499267,3.1851984241898497,11.73853933002894,50.03361728036648,0,2026-08-25 06:31:50
2024-01-13 00:11:00,CNC-02,M,298.7961455361082,310.68456589248154,2705.160410763363,15.839181908163518,19.165041134678866,3.2857644227165825,8.33948893664169,54.52221249368197,0,2026-08-25 06:31:50
2024-01-13 03:53:00,CNC-03,H,297.10211339936035,309.50205823008014,2350.8550736923685,22.1472783986859,61.73433697310868,2.9572974426649212,9.595773833562221,60.16995695078314,0,2026-08-25 06:31:50
2024-01-13 09:57:00,CNC-02,M,295.4201932545487,309.80638391503777,1410.3435457783592,49.94016484253813,72.53015165395989,2.1443760842492083,12.969757018549558,59.05320856299089,0,2026-08-25 06:31:50
2024-01-13 11:16:00,CNC-02,M,295.7621497280018,310.78808217837604,1373.8949975573023,53.44009503642636,197.63372689801716,90.90113107280293,0.0,59.19244910875078,0,2026-08-25 06:31:50
2024-01-13 23:57:00,CNC-02,M,297.7378211572538,310.3405796942145,2615.5676076331574,16.97103397148587,76.58123383586053,3.1923481507752696,8.507904782580693,,0,2026-08-25 06:31:50
2024-01-13 22:56:00,CNC-03,H,299.36339094511135,311.8393615835435,2788.4710597928597,15.630491305495598,172.56119962340233,3.649173234148288,8.243890339388425,49.1989549007612,0,2026-08-25 06:31:50
2024-01-13 19:10:00,CNC-03,H,300.3039597751465,315.0066063382523,2082.739082586348,35.69185421237467,148.72128881067368,2.893836566129201,13.86099357780815,49.00282310840463,0,2026-08-25 06:31:50
2024-01-13 13:11:00,CNC-03,H,297.60293817299697,312.2622133307698,1365.8815790899303,54.89675913358245,145.8266480322069,0.0,13.852228336784766,50.19834902487714,0,2026-08-25 06:31:50
2024-01-13 14:27:18,CNC-02,M,297.5497878135146,312.3242435822448,1626.210555062767,47.66590503587739,46.561406735256774,2.2968560611577598,14.550719322164364,54.76916381500686,0,2026-08-25 06:31:50
2024-01-13 12:26:00,CNC-02,M,296.5981615977692,310.5528807279922,1430.1150293755438,47.3528582135572,92.12113571001493,2.222227623161625,12.671247622299356,56.626744220575446,0,2026-08-25 06:31:50
2024-01-13 22:38:00,CNC-03,H,299.25455339452753,312.28143620526976,2669.945099213995,19.585713299635607,153.29338228954268,3.4442063445977884,9.665127298186096,51.9028846791212,0,2026-08-25 06:31:50
2024-01-13 00:54:00,CNC-02,M,298.15888511962675,309.8293576909222,2743.0377173996076,13.742722334493536,64.64346845105092,3.2866342617967677,7.325465542460377,56.425872148934275,0,2026-08-25 06:31:50
2024-01-13 01:04:00,CNC-02,M,298.0667898310621,310.8623635241894,2593.1866203967197,21.237516656472398,75.40058188420802,3.1507649949158285,10.404334993108936,56.390647457515804,0,2026-08-25 06:31:50
2024-01-13 07:39:00,CNC-02,M,295.71522203232536,310.12824596845206,1694.8877995754306,42.46094160129769,100.87203960506685,2.381547654035998,13.477397054233741,60.407429626784634,0,2026-08-25 06:31:50
2024-01-13 04:32:00,CNC-01,L,296.25858381434,309.55044025360604,2117.5575090112034,29.032864589487122,90.30033698372725,2.7255181220763447,11.479645364097836,58.221538229851454,0,2026-08-25 06:31:50
2024-01-13 19:02:00,CNC-03,H,300.1463649968164,314.7836006473069,2229.7743199874785,32.65218363567245,138.65386538294305,28.082421239810557,13.559453922924714,49.905752804466964,0,2026-08-25 06:31:50
2024-01-13 20:17:00,CNC-02,M,298.89366832125916,313.05987868417225,2272.0614887310667,29.226526742989673,68.80978877400072,2.8644080524506164,12.422724974865272,55.5881599405052,0,2026-08-25 06:31:50
2024-01-13 12:46:00,CNC-01,L,298.2810703665115,312.9778028438256,1329.9172861820682,55.87318712407379,133.46325539818534,2.285358662644127,0.0,51.88742705928428,0,2026-08-25 06:31:50
2024-01-13 13:17:00,CNC-01,L,297.83962926893753,312.83134213531883,1420.6174786929341,54.37292356615593,182.3954393660882,2.6874366157236618,14.573489471186607,59.16110977585077,0,2026-08-25 06:31:50
2024-01-13 01:24:00,CNC-03,H,,311.1390920484346,2660.0177392902074,19.73703937566547,129.5466268696226,3.420192763571123,9.971903924974903,53.49445235297969,0,2026-08-25 06:31:50
2024-01-13 07:11:00,CNC-01,L,296.57015089821107,310.76309036033456,1666.2387877583926,42.34270707114996,61.11541151460207,2.326672049373208,13.200717496987284,59.40499478298625,0,2026-08-25 06:31:50
2024-01-13 13:32:00,CNC-03,H,297.8589805842825,312.1933985097051,1289.8162344749546,53.7655127780156,178.99845557471804,2.3762698553335144,12.812301857385787,56.31563242245051,0,2026-08-25 06:31:50
2024-01-13 03:09:00,CNC-02,M,23.547742361093412,38.012337834432515,2528.740093242471,26.729154640495633,212.780389091653,3.9103591913749502,12.569669508910689,58.550972962318006,0,2026-08-25 06:31:50
2024-01-13 13:58:00,CNC-01,L,298.4338209724087,312.0887418565498,1308.118506799738,51.6266702113465,4.635434956410915,1.8220301399905656,12.811001026997307,54.97975807934213,0,2026-08-25 06:31:50
2024-01-13 14:49:00,CNC-03,H,303.7041418388064,311.74105115518256,1667.604126513747,43.79299408653226,55.24280262698885,2.3125827678239395,13.592948535230292,44.05880698623105,0,2026-08-25 06:31:50
2024-01-13 18:47:00,CNC-01,L,300.3711837539077,313.9861714798784,1962.435263001512,35.38157004015385,0.0,2.6700952519003707,12.81689203728482,45.85402793107893,0,2026-08-25 06:31:50
2024-01-13 17:47:00,CNC-01,L,300.01508241546037,314.21027884522584,2099.952740062291,33.25652323501171,132.54727033416484,2.944293833627503,12.978896836979366,49.92642626928671,0,2026-08-25 06:31:50
2024-01-13 21:23:00,CNC-02,M,298.7638693184063,312.4380762385978,2544.904025230993,22.068315215902746,144.87972545576122,3.3021441375154583,10.680428341033554,51.00981964168652,0,2026-08-25 06:31:50
2024-01-13 10:16:00,CNC-02,M,295.30261717815745,309.6512579879166,1329.1076504772461,52.612738638418115,102.4617473690545,2.2097508300423354,13.044749629561942,60.63401062410693,0,2026-08-25 06:31:50
2024-01-13 18:00:00,CNC-02,M,304.3571369876038,312.8079771675779,2196.4142929212217,31.694196407079687,114.35173136798508,2.9804532721247763,13.042706119977119,46.396838687207776,0,2026-08-25 06:31:50
2024-01-13 15:04:00,CNC-03,H,303.996196839185,312.209020628979,1513.2034259728416,48.5671523333429,78.20093368764644,2.2510659555046675,13.835282464036606,45.20567082917669,0,2026-08-25 06:31:50
2024-01-13 07:11:00,CNC-02,M,295.37358223421074,309.64204742069387,1832.2411330251466,39.32376357699027,60.762668694416575,2.4130078043898404,13.576168199117399,61.90627130687774,0,2026-08-25 06:31:50
2024-01-13 20:38:00,CNC-03,H,300.04696345362146,313.06641270007793,2341.226899823019,25.633459024808108,19.830764749077694,2.9747785317053315,10.737149625198368,50.644854329569576,0,2026-08-25 06:31:50
2024-01-13 16:12:00,CNC-03,H,26.206605615527792,41.07161484458578,1764.3257596271983,43.56882117023372,179.50267657266195,2.793109435158051,14.426441113923175,52.16502087303826,0,2026-08-25 06:31:50
2024-01-13 03:33:00,CNC-03,H,297.29687721707035,310.01448701874006,2466.958999931277,22.156929959427753,38.12011503290262,3.0602590637218245,10.090735383538684,55.76467207460042,0,2026-08-25 06:31:50
2024-01-13 08:09:00,CNC-03,H,295.8878493367145,311.2213240053734,1648.2321665930197,49.139426506670944,184.85844205700008,2.765887095060915,15.225064937572022,54.714749404620946,0,2026-08-25 06:31:50
2024-01-13 16:11:00,CNC-03,H,25.95373109982779,41.405564628477634,1687.8261210489418,48.091473007641795,178.0330503577441,2.742945224032039,15.294256767848552,50.85519396334474,0,2026-08-25 06:31:50
2024-01-13 06:15:00,CNC-02,M,295.61274220501474,311.30791571674104,1965.9381616653175,40.11860841472334,227.33912401351884,3.4677796407181076,14.841122675979294,59.76106558127285,0,2026-08-25 06:31:50
2024-01-13 16:03:00,CNC-03,H,31.246717545195963,39.62762329230344,1786.243180412131,39.43885955987501,166.29025064621118,26.247263103821197,13.2751883001568,45.87852300664847,0,2026-08-25 06:31:50
2024-01-13 12:24:00,CNC-01,L,297.69573623094504,312.4750648328469,1409.2053201662281,54.04438508504207,98.58845670363408,2.2135124590119952,14.243924030216444,53.13228732475673,0,2026-08-25 06:31:50
2024-01-13 03:07:00,CNC-02,M,,36.921628253778465,2602.4646238004366,21.05437354538769,210.4192261509068,3.8689312445800113,10.077557134645803,60.462762024587356,0,2026-08-25 06:31:50
2024-01-13 15:54:00,CNC-03,H,31.171950678435962,40.3971317543091,1929.0480188718532,43.55267260559328,153.09282695037052,2.802707107759015,15.562984021687566,40.57467193555246,0,2026-08-25 06:31:50
2024-01-13 11:24:00,CNC-01,L,297.25402748564676,310.6544436450359,1315.3432140579682,47.7812266619207,3.130382654103579,1.8274861310313395,11.430267393163694,56.56996098410248,0,2026-08-25 06:31:50
2024-01-13 15:34:00,CNC-03,H,304.20161113039376,312.98338320449784,1585.161538706224,47.788724400052544,123.4916753659403,2.405812871533213,14.105966525679515,41.24554574806894,0,2026-08-25 06:31:50
2024-01-13 12:49:00,CNC-01,L,297.8575644302598,312.2062655341907,1426.524433025387,49.07702617205126,2286.683234333489,2.3503929194700395,13.24966914210485,57.67135512313322,0,2026-08-25 06:31:50
2024-01-13 16:58:00,CNC-02,M,298.58546784935663,312.03369625431657,1875.7591543580706,31.010062279255397,29.76126449869421,2.541373599941434,10.783367762025625,54.96047583363466,0,2026-08-25 06:31:50
2024-01-13 11:24:00,CNC-03,H,296.774597219397,311.3341227957859,1351.8164414009052,50.82001953520692,212.88246345202273,2.6167385418573392,12.89238712025131,57.373017224359764,0,2026-08-25 06:31:50
2024-01-13 06:20:00,CNC-01,L,296.4305943489394,311.50503700352715,1891.3381150628636,40.27261854335772,229.79932106666365,3.775755098797579,14.176618137898055,58.10229871405303,0,2026-08-25 06:31:50
2024-01-13 14:15:00,CNC-02,M,297.6896391511026,311.8260348587375,1603.2473507609882,44.53005642159555,26.576978545860886,21.027944828424328,13.498546893985193,52.24499691069489,0,2026-08-25 06:31:50
2024-01-13 20:10:00,CNC-02,M,299.1403945880245,312.1340299599503,2595.3770327309094,19.411472410630594,60.4143328734192,3.216535778787139,9.188584455809966,53.56763018083732,0,2026-08-25 06:31:50
2024-01-13 20:43:00,CNC-02,M,298.6920574682143,312.33355426600843,2380.9450784165124,24.843985997540678,99.35969610995267,3.0313733330313632,11.206599052871155,55.11746376154868,0,2026-08-25 06:31:50
2024-01-13 21:38:00,CNC-01,L,299.93275937395447,311.92392506710985,2566.043157834729,18.258541676095128,7.859967496174645,2.9892873162292917,8.72776578114142,52.4637211769878,0,2026-08-25 06:31:50
2024-01-13 01:44:00,CNC-01,L,303.5174268505151,309.8408258029285,2709.371844836585,16.474632295473793,136.7968758886413,3.440730698208325,8.320715913998587,44.24425623270079,0,2026-08-25 06:31:50
2024-01-13 02:48:00,CNC-01,L,23.92464867891408,37.628659656702894,2628.0148897855615,22.25531113714119,207.50657056346972,3.9596726744874915,10.942435249736414,56.069359229418076,0,2026-08-25 06:31:50
2024-01-13 22:11:00,CNC-01,L,300.1420572162177,311.2510958909901,2701.1428091681805,10.681125116745525,43.81645042521939,3.306915795184002,5.095369955993932,50.515887221612985,1,2026-08-25 06:31:50
2024-01-13 02:00:00,CNC-03,H,298.2217735386616,311.00345320673944,2741.2406549632697,17.464750482616374,168.53158303624335,3.565849654285718,8.89087954569693,54.55096472357492,0,2026-08-25 06:31:50
2024-01-13 01:22:00,CNC-01,L,303.77873507437096,310.2014992650562,2479.4360279087896,18.299698417873405,112.76315341184738,3.159391544536114,8.513696702330911,49.048153451468316,0,2026-08-25 06:31:50
2024-01-13 10:04:00,CNC-02,M,295.70182141195346,309.6804039700965,1440.815242502131,48.02818957275385,83.57171097495434,2.0569135901337043,13.126921660429812,58.16887478379952,0,2026-08-25 06:31:50
2024-01-13 23:46:47,CNC-03,H,298.9485614058354,310.6568552551935,2615.5566996477933,12.197186665914893,225.81636790187716,3.926717674740513,6.064448877114612,53.94522665698105,1,2026-08-25 06:31:50
2024-01-13 08:43:02,CNC-03,H,296.12854816283885,310.982489662711,1774.9133320775097,40.910294315711,236.95083289015957,3.3348392541639313,13.7034272822829,55.57828278105748,0,2026-08-25 06:31:50
2024-01-13 01:25:00,CNC-03,H,298.3781077912655,310.39722327167493,2791.195767004837,14.571014568541942,130.5766268696226,3.3560861565972084,7.758972621814821,55.46932948992459,0,2026-08-25 06:31:50
2024-01-13 21:35:00,CNC-02,M,298.94560176201554,312.967761671648,2561.562033112063,23.838981761624,158.25386018895767,3.431813935794628,11.3801109790541,,0,2026-08-25 06:31:50
2024-01-13 21:29:00,CNC-02,M,298.51832418861767,311.7831707875938,2600.321868314279,19.63408996643015,151.6219851772274,3.304161394999354,9.696626593242343,55.90338128402348,0,2026-08-25 06:31:50
2024-01-13 23:02:00,CNC-02,M,298.07259247852096,309.8238732861974,2734.981602758369,13.235741680753062,17.993948609441414,3.1947653071594604,6.665546279765233,51.158507772929674,0,2026-08-25 06:31:50
2024-01-13 07:52:00,CNC-03,H,295.8104071325484,310.27162003545334,1633.7809401384643,44.42192135654096,160.05644323742894,2.6003977606278106,13.641264805237821,57.66018305278806,0,2026-08-25 06:31:50
2024-01-13 00:30:00,CNC-03,H,298.8202344517957,309.83095869959476,2771.926471002655,10.805812583731035,71.9929797838166,3.350701520960016,5.394319149786307,52.65332754707797,1,2026-08-25 06:31:50
2024-01-13 16:29:00,CNC-01,L,26.44615331511642,40.85631457262315,,45.26219074011684,24.36762910710451,2.3827497020103947,14.070827634862153,48.976259202163824,0,2026-08-25 06:31:50
2024-01-13 14:02:00,CNC-02,M,297.3749803763303,310.8296470673649,1379.441059673154,46.13103987240711,6.3309337123366065,2.0284001471403217,11.76803746360323,55.67196865084191,0,2026-08-25 06:31:50
2024-01-13 01:16:00,CNC-03,H,298.3506714333975,310.61654235135717,2633.317848724319,15.943977266080157,121.0048026422884,3.2141708690616575,8.135052484484298,54.80744922453388,0,2026-08-25 06:31:50
2024-01-13 09:33:00,CNC-03,H,296.1669984478255,310.39294794776583,1620.305394427417,45.40962481538288,38.09847729594523,2.311538594894511,13.764469351224024,60.21578877147439,0,2026-08-25 06:31:50
2024-01-13 14:30:00,CNC-02,M,297.56336041329496,311.70588900734367,1405.5434534206945,48.933480611236945,49.6102434589909,2.1685151808683663,12.815916489782127,56.395630485083316,0,2026-08-25 06:31:50
2024-01-13 09:35:00,CNC-02,M,295.40335350402216,309.435660622143,1535.475692969679,45.39481462119423,38.524376960552026,2.1618465035961836,13.055161319434994,61.78412703025768,0,2026-08-25 06:31:50
2024-01-13 09:54:00,CNC-03,H,296.0291525936812,309.7033963934371,1323.4503362453927,51.58404331674989,70.64120484232643,2.079217641611533,12.759684610655377,54.473167733208946,0,2026-08-25 06:31:50
2024-01-13 22:38:00,CNC-01,L,300.17222024682343,312.5202721773429,2878.2762620874505,15.919840400959455,73.04323313709703,3.328881260778579,8.6811173860151,47.84893083523138,0,2026-08-25 06:31:50
2024-01-13 06:46:00,CNC-03,H,296.30075631563363,310.65362280692784,1918.258332305927,37.9464630310584,66.50533124786192,2.530240925211655,13.684108600059151,58.234120588682494,0,2026-08-25 06:31:50
2024-01-13 22:10:00,CNC-01,L,300.1623923345048,312.6676302375796,2691.22772249316,18.818110094054408,42.772329026243945,3.170615902852465,9.301196758734974,53.00315469447546,0,2026-08-25 06:31:50
2024-01-13 09:30:00,CNC-03,H,296.26893539811147,310.55712041236063,1625.1013488227857,45.35126846307342,33.57368418444518,2.3413081550359114,13.639309973078161,61.68299074231707,0,2026-08-25 06:31:50
2024-01-13 17:13:56,CNC-03,H,299.5313928799599,314.6207835519131,1876.9999829877015,39.433342438262336,265.9432929809701,3.7158088953610613,13.827252225247854,52.26017787421113,0,2026-08-25 06:31:50
2024-01-13 16:55:00,CNC-03,H,299.653045163703,315.1050702464296,1769.9009644748764,45.060888210588004,240.80674219747792,3.3399039487109556,15.153149563608142,47.833011669508494,0,2026-08-25 06:31:50
2024-01-13 10:36:00,CNC-03,H,296.1883070398275,310.127912259846,1364.9769797498213,49.96637185810268,136.89368426657987,2.1553715806034224,12.750340785585498,58.75044987807083,0,2026-08-25 06:31:50
2024-01-13 21:14:54,CNC-03,H,299.91853732022946,311.45396295092087,2469.1232898945877,15.901773515216624,60.52761276094248,3.061247770887968,7.48938462072967,51.101039587258526,0,2026-08-25 06:31:50
2024-01-13 03:09:00,CNC-03,H,24.483608810339604,37.21100660801346,2576.5028011734285,21.02327861979407,10.207521876752672,3.139276719364115,10.326015303050099,54.37897566781997,0,2026-08-25 06:31:50
2024-01-13 19:44:00,CNC-01,L,300.4618524054859,314.5724088934081,2262.1841378149843,30.55862042725944,70.75697308671522,2.7964720071445437,12.884544342123085,48.21023112591366,0,2026-08-25 06:31:50
2024-01-13 06:44:00,CNC-02,M,295.60279933254577,309.707661342759,2102.783835546819,35.42864589112701,23.11736170191753,2.7177054552131414,13.783892575903524,63.173169971511825,0,2026-08-25 06:31:50
2024-01-13 18:53:00,CNC-01,L,300.2040802408461,313.05631755253364,2155.670120950179,25.179394015186315,7.658601277453279,2.818200493317945,10.244944417464438,50.250966367329774,0,2026-08-25 06:31:50
2024-01-13 12:18:00,CNC-03,H,297.3946433641792,311.5016822386121,1434.085559856289,49.86456503428744,61.87031802684793,2.106841147776145,13.335336133056835,56.859609304003335,0,2026-08-25 06:31:50
2024-01-13 07:30:00,CNC-02,M,295.54290475074043,309.9917164876445,1752.0153751896867,41.024911530612684,,2.298479784595387,13.44572399582315,59.924406771628945,0,2026-08-25 06:31:50
2024-01-13 21:13:00,CNC-03,H,299.8202546745867,312.1710920298753,2631.952414125993,18.66153622932921,59.41099597987504,3.2110619775722054,9.212758845935241,52.17555684202327,0,2026-08-25 06:31:50
2024-01-13 08:55:00,CNC-01,L,3409.8203042922096,310.8723483398534,1440.8149602258172,49.48328688988066,214.22978255781396,3.082083599290805,13.11844745419603,56.759549350403994,0,2026-08-25 06:31:50
2024-01-13 10:38:00,CNC-03,H,296.3117076531941,310.3463215660451,1509.187742146692,44.32465279078124,139.99778443505593,2.2668038458212862,12.350217344148687,61.971223010005744,0,2026-08-25 06:31:50
2024-01-13 06:30:00,CNC-02,M,295.3101482617044,309.0951092513396,2136.9573373052885,31.57907726288063,4.008815300557418,2.7023340282935737,12.51709144205504,53.713211294222575,0,2026-08-25 06:31:50
2024-01-13 05:22:00,CNC-03,H,296.52433109043824,311.44798662595963,2107.6621674096655,36.258566052015574,172.0494180929267,3.0233502560433037,14.211819585257327,54.59995974408485,0,2026-08-25 06:31:50
2024-01-13 04:26:21,CNC-03,H,296.8653587273571,311.19682852750304,,31.188791560866008,101.75091361602408,3.0193235384305064,13.27592736869723,59.56161860546279,0,2026-08-25 06:31:50
2024-01-13 20:28:00,CNC-01,L,300.58951128081617,314.0830353667472,2314.9056156920237,25.508214368245106,122.97510727700575,2.895642152344255,11.012944324988574,48.651188427549464,0,2026-08-25 06:31:50
2024-01-13 10:32:00,CNC-01,L,296.7250163321655,310.63671751562447,1392.1891414905447,48.38192268199654,130.37887524887677,2.243452683074711,12.685696566946579,56.892122055833156,0,2026-08-25 06:31:50
2024-01-13 14:23:00,CNC-03,H,298.1931435489903,312.0341827471438,1403.6572518436822,50.241098559564634,15.418493254892134,2.107099076915013,13.447560474236969,52.097380402608316,0,2026-08-25 06:31:50
2024-01-13 06:07:00,CNC-03,H,296.8494922998143,310.1407966116554,2004.2268220738802,,13.296204149827375,2.5370168824041066,12.649358277725772,58.168000208277356,0,2026-08-25 06:31:50
2024-01-13 13:41:00,CNC-03,H,298.2605519188229,312.8396076582047,1338.5398429037798,53.52657457594955,193.15173355701654,2.4499527000316093,13.372029578324575,55.176949874321146,0,2026-08-25 06:31:50
2024-01-13 00:04:00,CNC-03,H,299.03674658048084,310.76537285210986,2628.9530000056297,15.425298953268042,44.40176780932393,3.24972378737999,7.35752600737592,55.96197063602544,0,2026-08-25 06:31:50
2024-01-13 05:45:00,CNC-03,H,296.5097282418642,311.27164966302195,2054.1985592867422,36.07308561525517,201.99129658341178,3.144740712177134,13.852358147955542,57.207923518972436,0,2026-08-25 06:31:50
2024-01-13 19:36:00,CNC-03,H,300.1756405562962,314.0084952287876,2252.934695730457,27.701206836358057,180.80384644548067,3.1768200297923443,11.656371711527791,51.47481355756441,0,2026-08-25 06:31:50
2024-01-13 08:26:00,CNC-02,M,295.22278511925697,310.42056783469974,1602.5254262516155,48.385635382608825,169.85946466882976,2.6892322507441206,14.507290577604047,58.65224891970374,0,2026-08-25 06:31:50
2024-01-13 21:16:00,CNC-03,H,299.73481656527184,312.9038267774329,2539.3747341076073,22.49320636032395,62.796542343134064,3.076813475549035,10.67778812060652,53.73329684152197,0,2026-08-25 06:31:50
2024-01-13 01:30:00,CNC-02,M,297.7190293297502,310.2116837499585,2563.6382145999582,18.375442921968382,103.23055240121603,3.089712394551502,8.856988531610487,53.98702692959896,0,2026-08-25 06:31:50
2024-01-13 06:05:00,CNC-01,L,296.1731725277356,311.3964662581292,1923.5786303843724,40.88616533941042,209.61145074522256,3.4776546328924507,14.81185274017106,55.34524605368661,0,2026-08-25 06:31:50
2024-01-13 22:26:00,CNC-01,L,300.119952449121,312.7877874865199,2621.6769291287137,19.67464144867567,60.01020416999539,3.237722959545941,9.71925848373832,48.674580218936406,0,2026-08-25 06:31:50
2024-01-13 11:11:00,CNC-03,H,296.63169718263134,311.39851004026076,1406.2887194753737,52.610951772998106,192.17534183083953,2.5005155662771408,13.879253000334012,61.440164138854435,0,2026-08-25 06:31:50
2024-01-13 13:06:00,CNC-02,M,296.52546394621663,311.09584505646916,1356.5403177080075,53.70989933916199,155.51437234110193,2.322717677656041,13.62909756102304,58.896174258038705,0,2026-08-25 06:31:50
2024-01-13 18:46:00,CNC-01,L,300.5172809576405,314.9210668335304,2083.8360145113907,32.41838164784943,209.94335666700314,3.658919324647694,12.537362493271932,51.85810942260771,0,2026-08-25 06:31:50
2024-01-13 12:04:28,CNC-03,H,296.9724175430262,310.7490741761805,1306.7293056600238,52.143759551345795,38.03651437741282,2.0292782363544397,12.38490695254294,55.3073085963172,0,2026-08-25 06:31:50
2024-01-13 03:39:00,CNC-02,M,296.38604536585007,308.98791153617066,2392.3555045329854,23.244252007034945,31.078483291778703,2.9474941962315544,10.390167654034117,56.97715430110744,0,2026-08-25 06:31:50
2024-01-13 21:43:00,CNC-03,H,299.82630996798565,312.2673861943893,2580.1735157033827,18.25408520572921,92.98713251504095,3.188140646432567,8.937048200585359,49.815580135773764,0,2026-08-25 06:31:50
2024-01-13 22:04:00,CNC-02,M,298.42942005891484,311.9968734311866,2693.7117651680906,19.67102367120508,190.29714716866226,3.687524768431975,10.111813699547115,53.468403804471514,0,2026-08-25 06:31:50
2024-01-13 00:19:00,CNC-01,L,299.0880990747036,310.1545318508971,2731.692879431502,12.337949990604482,45.33668653788236,3.2633316598846465,6.492052995138748,55.54877918627184,0,2026-08-25 06:31:50
2024-01-13 22:07:00,CNC-02,M,298.1400913349044,312.06166362422107,2499.6828585386093,23.293738220339844,193.60369581933475,3.6041894386552276,10.8510613279583,57.26960338133157,0,2026-08-25 06:31:50
2024-01-13 03:03:00,CNC-02,M,23.567086618035376,37.26960862285671,2454.1269931914353,24.29559511740255,205.89442046200804,3.7042875003886504,11.215289257064374,63.03663909674221,0,2026-08-25 06:31:50
2024-01-13 05:58:00,CNC-02,M,295.5783282789113,311.4718966371393,2034.0133895530028,43.00709484616926,204.40946893640526,3.421463538881488,16.23489903522115,62.121353846740014,1,2026-08-25 06:31:50
2024-01-13 00:58:00,CNC-01,L,303.80684379886355,310.22830268854375,2747.9123039349115,17.53958646387371,86.83393939289869,3.331529726772674,9.125117180848555,43.65928946208589,0,2026-08-25 06:31:50
2024-01-13 15:14:00,CNC-02,M,298.0913279195541,312.49714535074213,1543.210889373121,44.93594892066541,117.13282901809829,2.3424933923953,13.107667781447553,54.8126292164104,0,2026-08-25 06:31:50
2024-01-13 13:18:00,CNC-03,H,297.9342658491243,312.26987941309375,1289.5595571309786,53.599853229253725,156.86334353028556,2.164218552507628,12.970479112355104,55.10498281790998,0,2026-08-25 06:31:50
2024-01-13 05:58:00,CNC-03,H,296.6265982826551,310.3593171190957,2137.240035474138,31.91897089195105,1.3368096730226589,2.619293971027636,13.060711578822538,58.506871617258696,0,2026-08-25 06:31:50
2024-01-13 00:42:00,CNC-01,L,303.82507450182106,309.2948805286972,2717.4249625205653,13.362626503566164,69.84564434418729,3.220836573214318,6.632285937081221,45.849809157648025,0,2026-08-25 06:31:50
2024-01-13 15:09:00,CNC-03,H,303.7010183505195,312.0976616431013,1569.843300710993,46.28424148912946,85.68122194898721,2.259774760922859,,41.369911599935875,0,2026-08-25 06:31:50
2024-01-13 14:35:00,CNC-03,H,304.2404200947581,311.96210827957776,1519.6723075537147,45.80773842815157,33.87488572370475,2.2423602574749446,13.14081198592941,46.18302772808227,0,2026-08-25 06:31:50
2024-01-13 20:32:00,CNC-03,H,300.14779309424205,312.31086530705704,2399.6104897845544,18.78657030508614,12.725790383233292,3.0978803102674046,8.497674350551037,50.54556594575956,0,2026-08-25 06:31:50
2024-01-13 00:51:00,CNC-03,H,298.8186788515556,311.04633457337405,2618.5198742851485,16.400741939444742,94.31098515394895,3.126715572133387,7.9937297009209285,56.413491935350436,0,2026-08-25 06:31:50
2024-01-13 18:08:00,CNC-02,M,304.4950962332609,313.13007191393865,2090.0170759943935,33.91273544908849,124.98815259601123,2.912184299986169,13.376049960531839,44.31696728258556,0,2026-08-25 06:31:50
2024-01-13 18:19:00,CNC-02,M,298.86995504240224,313.7052257785609,2122.2701094947697,34.006353476174944,139.5372370896974,28.07872520313652,13.480135585680687,58.07602112076567,0,2026-08-25 06:31:50
2024-01-13 17:50:00,CNC-02,M,304.09141041321595,313.0991470412978,2102.5636334497294,35.70326438703027,101.13125331154025,2.838117947176946,13.860177496931374,43.076624572746255,0,2026-08-25 06:31:50
2024-01-13 05:12:00,CNC-01,L,296.1544522571287,310.5322105504522,2130.683463718043,33.52111026958785,140.4098598767313,2.9591021752045776,13.196062460205859,52.029449298063696,0,2026-08-25 06:31:50
2024-01-13 01:08:00,CNC-02,M,298.2098231842848,309.4594526650087,2733.573504048784,12.113719830502353,79.73951839248527,3.2830699446687714,5.981248222367255,52.70112837265822,1,2026-08-25 06:31:50
2024-01-13 01:21:00,CNC-01,L,303.91181273778346,310.2512380870703,2646.4767708006934,17.263367063705168,111.63083958148312,3.375608004795653,8.655947843351937,40.15000142336142,0,2026-08-25 06:31:50
2024-01-13 21:14:00,CNC-02,M,298.83270480549936,0.0,2572.693553536956,21.14484360986608,134.77415528622004,3.3922102449171656,10.11590971021987,55.053829148870534,0,2026-08-25 06:31:50
2024-01-13 18:10:00,CNC-03,H,300.06588609673537,313.6380284821629,2099.062169918757,30.956213762583033,71.85648164946622,2.7333999858593314,12.333819650913911,51.657619743695,0,2026-08-25 06:31:50
2024-01-13 21:25:00,CNC-03,H,299.6859334335533,313.4743318470009,2568.38976716513,25.36148943389412,72.99224797582598,3.1518947629393854,12.06235935381876,52.08206718182816,0,2026-08-25 06:31:50
2024-01-13 01:04:00,CNC-03,H,298.6290294734409,311.181864148099,2542.7297509372574,19.470749399554936,108.17025083942391,3.118709402756997,9.245615897091604,48.919693204593486,0,2026-08-25 06:31:50
2024-01-13 20:46:00,CNC-02,M,298.85237981093456,311.6638124185777,2481.2537803896553,19.542322347874283,102.89928091505169,3.127934919547138,9.213873955553863,54.10854298150585,0,2026-08-25 06:31:50
2024-01-13 16:43:00,CNC-01,L,26.55256057537008,40.134046531231945,1702.0176347112572,38.22005084727098,44.26741262214564,2.319733513907462,12.051045441550576,54.78844377486229,0,2026-08-25 06:31:50
2024-01-13 04:05:00,CNC-01,L,296.5989167360757,308.57240793076346,2561.0173623372334,17.460023560706766,57.40119222765663,3.031197710817214,8.22984511741825,60.7671117479465,0,2026-08-25 06:31:50
2024-01-13 04:13:00,CNC-03,H,297.20887843986844,310.80482486644513,2278.7981138690766,27.974604025992065,85.98357989515416,2.9173673325782845,12.034562677697485,60.08166903163621,0,2026-08-25 06:31:50
2024-01-13 14:04:00,CNC-01,L,298.70952302641393,311.85145930059315,1545.6599878506056,40.029724677031254,13.958491312283954,2.1842449164178572,11.61282635416938,50.82933196873063,0,2026-08-25 06:31:50
2024-01-13 13:55:00,CNC-02,M,297.3842078285808,312.5536990840558,1427.8960077337763,51.856685736679324,232.86120971121977,3.0727396537586382,13.67413329478194,59.475732274361306,1,2026-08-25 06:31:50
2024-01-13 21:07:00,CNC-01,L,300.3539410438761,313.53640509774266,2383.9962229593316,22.279320501261125,167.74524112773904,3.4915758477439556,0.0,53.45627495306697,0,2026-08-25 06:31:50
2024-01-13 04:18:00,CNC-01,L,296.870659334548,311.12866571179217,2334.5950208368795,,73.13994838714143,2.8735317043231636,14.143743296449626,54.493214390190055,0,2026-08-25 06:31:50
2024-01-13 06:43:00,CNC-02,M,295.38212456462344,308.76445586405646,1888.2696434169595,33.566663794158096,21.789540156501054,2.5281811302341444,11.530240462622992,54.396309896497435,0,2026-08-25 06:31:50
2024-01-13 10:04:00,CNC-03,H,295.8921173982974,310.2387191305337,1522.2895341474925,49.81860285077676,86.436471465755,2.293848279965512,14.29011014930298,60.578380759621396,0,2026-08-25 06:31:50
2024-01-13 18:01:00,CNC-03,H,300.0669085711503,313.733272409937,2061.790906499498,32.671105776857225,59.94953889128456,2.786931360443595,12.65021140556783,52.93087067188385,0,2026-08-25 06:31:50
2024-01-13 05:30:00,CNC-01,L,296.38291628880967,310.8521014458161,2119.571563271351,32.626420129626474,163.62288181856914,3.119907394593584,12.846823235635016,56.87424334596876,0,2026-08-25 06:31:50
2024-01-13 02:37:00,CNC-01,L,24.383086967419217,38.36085187110643,2410.74877502304,24.697947913275023,195.0992187727454,3.686150858373055,10.812571873048133,57.027697649145985,0,2026-08-25 06:31:50
2024-01-13 02:22:00,CNC-03,H,24.78017615317981,38.07272188494426,2548.571294985874,19.69337300703331,192.79133224620028,3.5215526989964308,9.482531773888665,58.623342345445266,0,2026-08-25 06:31:50
2024-01-13 08:19:00,CNC-03,H,296.12626115372046,310.9620422728229,1575.593697350539,46.4452346374247,199.68829124615203,2.6608584939281683,13.658744505281916,59.76540274292604,0,2026-08-25 06:31:50
2024-01-13 20:16:00,CNC-03,H,299.80747375045013,314.4442859271946,2457.979917566766,25.953318784129007,228.95823103682594,3.7928918316313043,11.662825808216036,48.441407760414755,0,2026-08-25 06:31:50
2024-01-13 14:46:00,CNC-01,L,298.92761526861744,313.3113801137483,1507.5038992847701,47.871466655025465,78.53720199483476,2.2119708289207836,13.322859625839364,54.972683642538634,0,2026-08-25 06:31:50
2024-01-13 00:00:00,CNC-02,M,298.9740258494959,311.17453681806927,2646.4558654199886,18.057960419439524,7.44932250728464,3.1655590742477955,9.021290382068639,52.20324312411557,0,2026-08-25 06:31:50
2024-01-13 16:06:00,CNC-03,H,31.40114040269094,40.98576998287058,1909.3611472719567,43.47055892439543,170.66004043188514,2.827618578640357,15.518198957183847,46.58134394918249,0,2026-08-25 06:31:50
2024-01-13 12:12:00,CNC-03,H,297.13159655223734,311.1160502585022,1369.0907153332032,52.524002634579084,52.4020528516589,2.0468983569949084,13.342890059458508,54.37723423289441,0,2026-08-25 06:31:50
2024-01-13 03:17:00,CNC-01,L,297.29406511253694,309.3174107140379,2526.0401337938397,18.512632942634614,1.1397160807683786,3.1845026529688125,8.836221415236441,50.483148030239455,0,2026-08-25 06:31:50
2024-01-13 02:51:00,CNC-02,M,23.821732904947112,37.68657409349771,2522.7981972655425,23.827573688850208,192.2924377708171,3.711798709805063,11.326057353289572,55.17878594406551,0,2026-08-25 06:31:50
2024-01-13 10:38:00,CNC-02,M,295.71017487323877,310.4168767469578,1403.6264691786373,52.52001287834789,137.23191588546345,2.361726025225755,13.8938034451266,61.592970731380106,0,2026-08-25 06:31:50
2024-01-13 03:15:00,CNC-01,L,297.28820643906755,311.7945630829121,2533.848981981273,24.624261800199964,238.3419158523334,4.442990392318431,11.699888298114494,58.52603180724058,0,2026-08-25 06:31:50
2024-01-13 07:23:00,CNC-02,M,295.31358497894666,308.710651023679,1822.7118287875292,34.306678519698124,77.77504049206313,2.4728978743162036,11.759653843550195,65.88736981783613,0,2026-08-25 06:31:50
2024-01-13 19:33:00,CNC-03,H,300.19135849930564,314.69469420430715,2182.8574413392344,31.472816550757663,,3.074141102037241,12.903886567704244,49.80946674959795,0,2026-08-25 06:31:50
2024-01-13 22:15:58,CNC-02,M,298.26796385515087,311.7693094677659,2536.011728388105,19.749395474968146,204.43541049828147,3.6669864492629887,9.442125407102022,55.44147479786332,0,2026-08-25 06:31:50
2024-01-13 01:07:00,CNC-01,L,303.9502518110818,309.7790521468079,2699.8458974049345,14.919628406292903,96.52555534718068,3.2733338331708293,7.71661849809235,44.34084928165214,0,2026-08-25 06:31:50
2024-01-13 11:21:00,CNC-03,H,296.7610099727516,311.28153367066415,1357.32546472711,51.04836909191614,208.10256812095582,2.6181680885372765,13.185128898398906,60.051550936252326,0,2026-08-25 06:31:50
2024-01-13 07:17:00,CNC-02,M,295.28059167480797,309.7142700543271,1929.0296855950671,38.89103723264915,69.23813315670337,2.547748985380392,13.992033663754462,61.709269199971295,0,2026-08-25 06:31:50
2024-01-13 01:37:00,CNC-01,L,303.6256457896556,310.095449698364,2641.123984896053,17.989613871656953,129.21516459307128,3.3556977879736034,8.989702069583128,43.54680453455099,0,2026-08-25 06:31:50
2024-01-13 21:24:00,CNC-02,M,298.6050806507096,312.2708882975076,2573.6609417338454,21.736115042573324,145.99080099320338,3.3906462424924433,10.625629162463026,54.390476275287014,0,2026-08-25 06:31:50
2024-01-13 16:31:00,CNC-01,L,26.313614501683105,40.67758985613858,1858.4871052760084,40.804263432821,27.19930811930601,2.51124152804171,14.311043641425062,52.84946847674512,0,2026-08-25 06:31:50
2024-01-13 18:49:00,CNC-01,L,300.3022880937857,313.91369670497465,2110.823354974474,31.89350031480132,2.61310182760828,2.5881226730250013,12.90238197434173,54.60689800350497,0,2026-08-25 06:31:50
2024-01-13 11:53:00,CNC-03,H,297.052171605539,311.37887481028395,1424.6096808014686,53.85349033561375,22.13305207271131,2.0961456659214424,14.731457968823964,61.56806598146707,0,2026-08-25 06:31:50
2024-01-13 11:57:00,CNC-01,L,297.5902751482181,312.0707958551828,1434.1298288500655,52.49687732298336,55.60785576056943,2.0677657669567524,13.974802147801169,60.02001802234945,0,2026-08-25 06:31:50
2024-01-13 17:03:00,CNC-03,H,299.3981082223482,314.7307030524417,1897.6101437574482,41.51166042334894,252.12760793309343,3.5664470223034757,14.78431750509224,54.113208153335115,0,2026-08-25 06:31:50
2024-01-13 20:57:00,CNC-02,M,298.7326751055457,311.7484851127532,2357.8257761462964,20.937995489290337,115.53043892627643,3.1005833428299767,9.286956051209108,53.4823574551979,0,2026-08-25 06:31:50
2024-01-13 07:36:00,CNC-02,M,295.1187161662266,310.06252379695053,1891.6821575090892,42.343340432001014,96.48375534833666,2.5385782809228794,15.030771988132496,58.89693862577479,0,2026-08-25 06:31:50
2024-01-13 08:04:00,CNC-03,H,296.0196966556756,310.97067055513776,1750.6631655471385,43.75825541501666,177.41687079364954,2.7604802354233384,14.591676112688635,59.684444540782046,0,2026-08-25 06:31:50
2024-01-13 16:10:00,CNC-01,L,26.236828702125933,41.648417133645125,1707.5849553280812,47.70462743808862,204.24399714202661,3.3457932823320933,15.215521531039977,55.39861720063446,0,2026-08-25 06:31:50
2024-01-13 17:44:00,CNC-01,L,299.8906158433268,314.25923278039375,2092.4112572698227,33.08478874273784,128.5000107197035,2.8564499957738527,12.952686303016234,50.035062481295135,0,2026-08-25 06:31:50
2024-01-13 10:35:00,CNC-03,H,296.72544466199025,311.30616783766,1296.9304095995567,56.22719256587745,135.29368426657987,1.9738329387492326,13.852275434320958,53.56994783018571,0,2026-08-25 06:31:50
2024-01-13 22:46:00,CNC-01,L,300.29043549210263,311.8402195758035,2707.9073783373096,13.371739627160625,81.65367520599438,3.308655717675597,6.9435164013295605,48.680160548598735,0,2026-08-25 06:31:50
2024-01-13 03:38:15,CNC-03,H,297.43491229926815,310.3069260800737,2399.994538252651,23.161233352734683,45.191862953527526,2.9630252400468,10.445434245781467,60.545747704617874,0,2026-08-25 06:31:50
2024-01-13 05:28:00,CNC-02,M,295.6164433914335,310.0323594864207,2033.8335401716758,35.122438428232755,164.74610087835993,2.9038053286653525,13.340723278514771,58.760756753486426,0,2026-08-25 06:31:50
2024-01-13 23:48:00,CNC-03,H,298.70045850940835,312.1140603982683,2550.956711170606,20.752899107633173,227.99561928004744,3.799768279589657,9.946333334752275,53.858267606049665,0,2026-08-25 06:31:50
2024-01-13 06:41:00,CNC-03,H,296.3918210920513,310.2095361418291,1786.5838594502075,36.75437614293686,59.55257958727415,2.3364550577375565,12.181351528565015,55.991296419931146,0,2026-08-25 06:31:50
2024-01-13 07:36:00,CNC-03,H,295.9217770917448,310.7421884067701,1744.5244164068429,44.39269129076017,137.0070029365703,2.5755361379295585,14.512307761833716,59.780842807671426,0,2026-08-25 06:31:50
2024-01-13 18:24:00,CNC-03,H,300.11460678527305,314.0823173658036,2050.5767226023804,33.70147912074081,90.09403290725945,2.7824914182559386,12.981122294668028,48.417740784427224,0,2026-08-25 06:31:50
2024-01-13 14:56:00,CNC-03,H,303.89925350703317,311.7957304100345,1495.0351675445554,415.4199586874418,65.90821203849482,2.1713954465809433,13.208465764593736,,0,2026-08-25 06:31:50
2024-01-13 21:49:00,CNC-02,M,298.4012193048406,313.02451205641324,2485.891693668303,25.88711155696494,173.7966124498445,3.4552103443074107,11.865359447736292,51.24177169707435,0,2026-08-25 06:31:50
2024-01-13 07:45:00,CNC-02,M,295.44372564430256,309.9825107797988,1964.7701518023753,36.85726335031868,109.41512253574413,26.445070300696365,13.515313061991627,61.60424983404085,0,2026-08-25 06:31:50
2024-01-13 17:09:00,CNC-02,M,298.48322109500316,312.304117099834,1901.8885939023762,34.47323462588364,45.09234139604509,25.70151582741562,12.19518103931417,56.55758267872666,0,2026-08-25 06:31:50
2024-01-13 16:47:00,CNC-02,M,25.589148230476496,40.127303687753965,1809.238343078233,41.83909854748183,14.336940109207266,2.517920530247062,14.288437547435793,51.69167318145293,0,2026-08-25 06:31:50
2024-01-13 17:53:00,CNC-03,H,299.736195052045,313.36550070188514,2152.1411709165573,30.989182556705547,0.0,2.7018004069288906,12.6251929822499,53.20126355408623,0,2026-08-25 06:31:50
2024-01-13 04:01:00,CNC-01,L,296.80527806715014,309.81497840740303,2411.148446144181,23.716238039346173,52.69967899995493,3.0630669383216396,10.519323440151792,53.64930717148431,0,2026-08-25 06:31:50
2024-01-13 23:30:00,CNC-03,H,298.74098359001493,311.5096055209381,2575.182290247897,,208.86551476749705,3.738111408489971,8.499487902391829,54.2328255626708,0,2026-08-25 06:31:50
2024-01-13 15:54:00,CNC-02,M,25.354962426580187,40.30571716172085,1712.3794368721199,43.5979544715828,176.387810897142,2.7606577269442183,13.91249860862691,59.104241425417946,0,2026-08-25 06:31:50
2024-01-13 15:56:00,CNC-01,L,26.16114692692213,40.729121635533716,1719.1163644984426,43.476842004012376,183.85407451866365,2.9342169461986107,13.901928868215863,53.12287469172634,0,2026-08-25 06:31:50
2024-01-13 23:47:00,CNC-01,L,299.7064260757538,311.8138448344072,2739.491386978789,14.39403942872155,146.57712051188486,3.5463211948581406,7.013913639989276,50.51520659313795,0,2026-08-25 06:31:50
2024-01-13 00:46:00,CNC-01,L,304.0851449627634,,2751.1146500051113,16.35488718409043,74.05561826438866,3.3068541814636614,8.420339674905238,46.321070157171434,0,2026-08-25 06:31:50
2024-01-13 17:05:00,CNC-03,H,299.9095508639309,314.68897281860336,2055.7029759440743,35.272359916546314,254.84218310577995,3.6891182548968486,13.435355929239782,51.280444152688595,0,2026-08-25 06:31:50
2024-01-13 05:08:00,CNC-03,H,296.47757677852474,310.1884882309287,2319.0939067938357,26.332260997477853,154.13480532394885,3.1662003065998277,11.550916824369919,52.818639934286125,0,2026-08-25 06:31:50
2024-01-13 06:33:00,CNC-03,H,296.13105512118113,309.5870127434837,2029.7081178833175,32.90942236809846,48.39408439686819,2.6833922701747173,12.601374101458967,62.72691067461973,0,2026-08-25 06:31:50
2024-01-13 08:49:00,CNC-02,M,295.561612572601,310.44039047861673,,48.994549100491454,204.2195464138089,2.864493731637406,13.578712887782793,56.43485219493579,0,2026-08-25 06:31:50
2024-01-13 20:21:00,CNC-01,L,300.6994652141705,313.299322351175,2327.3749825182,21.91049699722139,114.8415418099979,,9.589658438493121,55.26457027726121,0,2026-08-25 06:31:50
2024-01-13 12:01:00,CNC-02,M,296.3066632508917,310.85658978797943,1398.8045692510473,52.91827710029562,52.38418394901465,2.0844143510981783,13.843052161962948,60.44155052142775,0,2026-08-25 06:31:50
2024-01-13 20:25:00,CNC-03,H,300.15180227199306,312.06154243135404,2494.0559082067284,17.53258680664192,4.656723050359442,3.0672498820829497,8.320100987045848,47.50037768033002,0,2026-08-25 06:31:50
2024-01-13 13:59:00,CNC-03,H,298.4667517002027,313.6971985562606,1354.2363621210084,58.85108655547715,221.3951982483161,2.845128505999121,14.883110110641681,55.8582883399386,1,2026-08-25 06:31:50
2024-01-13 10:19:00,CNC-02,M,295.6411187478842,310.4556157938706,1614.3391453152642,49.82207525726809,107.13116825974221,2.4129810616207092,15.077791209349083,59.74742214464285,0,2026-08-25 06:31:50
2024-01-13 15:05:00,CNC-01,L,299.0519989673456,312.7768603922255,1469.6413624940667,44.63016506514667,107.70328956622713,2.1828056068543367,12.243152084627624,49.87348064076205,0,2026-08-25 06:31:50
2024-01-13 13:42:00,CNC-02,M,297.33351458759125,312.77234109423387,1516.152135028351,52.34651213393358,212.41717184641072,2.9157378048169584,15.092009127470783,55.95651931128614,0,2026-08-25 06:31:50
2024-01-13 15:28:00,CNC-02,M,298.1066141155501,312.9720723345312,1566.526061555394,49.55945254294706,138.14454162674556,2.3926739997614748,14.216157553494055,54.62479216323151,0,2026-08-25 06:31:50
2024-01-13 00:15:00,CNC-01,L,298.60302938920523,309.93776121928926,2754.8671673228655,12.655720645463257,41.054395681878695,3.302359245675662,6.5885582051284315,54.665017475648526,0,2026-08-25 06:31:50
2024-01-13 17:55:00,CNC-01,L,300.1505141267182,314.1631484874773,,34.963325081418596,143.26922604978427,2.7773864998912305,12.412825142649323,49.57678227202098,0,2026-08-25 06:31:50
2024-01-13 07:55:00,CNC-01,L,296.2382538343062,310.625089991764,1780.578286068305,40.19505764258633,124.44790793254091,26.307550236045678,13.458682255487378,61.946184439649414,0,2026-08-25 06:31:50
2024-01-13 11:08:00,CNC-02,M,295.89651659674536,311.1169524933191,1409.1767370572638,57.1088910248631,184.9633459180976,2.4817471176843267,15.187050294065067,58.22122757262169,0,2026-08-25 06:31:50
2024-01-13 03:55:00,CNC-02,M,296.1825186965016,308.78099859281826,2495.550285158676,20.133932414722675,49.81793184520555,3.121874109592434,9.255712886435244,56.938466753184,0,2026-08-25 06:31:50
2024-01-13 06:03:00,CNC-01,L,296.2173099854516,311.05695974702945,1853.0478261226924,39.14517397287965,206.9362993911778,3.2648387720907492,13.47393945291001,58.90095721892873,0,2026-08-25 06:31:50
2024-01-13 03:29:00,CNC-01,L,296.95591633843964,309.19034620399185,2419.1176399113465,20.356193915176515,15.13682049577361,3.027899222153212,9.211414048485244,58.84937942110009,0,2026-08-25 06:31:50
2024-01-13 02:20:00,CNC-02,M,24.338889505446275,36.732981861124244,2641.9110594647436,16.146048100756538,157.82769632230776,3.519978410231224,8.126730018809976,59.92007333965308,0,2026-08-25 06:31:50
2024-01-13 12:25:00,CNC-02,M,296.8687826477525,310.99260805538205,1351.4166205472752,49.07639777088168,90.56869053449851,2.0952381698271303,12.190259096610912,55.41650235904366,0,2026-08-25 06:31:50
2024-01-13 11:46:00,CNC-03,H,297.0631658261391,310.78962519961874,1658.4349073153915,42.429239733485204,11.033155413559388,2.2414623384767833,13.348775508340093,59.85369840267748,0,2026-08-25 06:31:50
2024-01-13 07:00:25,CNC-01,L,296.18953770212613,309.9474444275468,1781.899628405963,38.8573599494892,44.13374324204091,2.428826218814519,12.91371050608971,57.79211238874795,0,2026-08-25 06:31:50
2024-01-13 22:42:00,CNC-01,L,300.0839657901858,0.0,2550.1889364217805,20.976555308784633,77.32492095594714,3.1126858783797227,9.866606765688509,0.0,0,2026-08-25 06:31:50
2024-01-13 07:13:00,CNC-01,L,296.268517283856,310.2878172136867,1824.938051700514,38.09421449606023,63.944974820679114,2.5652922125009074,12.988893023716972,60.061294082099955,0,2026-08-25 06:31:50
2024-01-13 20:08:00,CNC-03,H,299.7569347638546,314.1589486421102,2242.7371594925776,29.310246329215047,219.50925945610803,3.502981727659023,12.162456104969992,53.778643915765954,0,2026-08-25 06:31:50
2024-01-13 17:56:00,CNC-03,H,300.24234823564257,313.50796515332945,1866.2753797144462,33.790759738131385,53.175343804383964,2.444202741411372,11.766994057514852,53.064439843955654,0,2026-08-25 06:31:50
2024-01-13 14:43:00,CNC-01,L,298.6875374586074,312.8281526474081,1539.1394403631873,,73.89807672478425,2.3012642640342396,13.634780401616018,54.25152613600092,0,2026-08-25 06:31:50
2024-01-13 13:32:00,CNC-02,M,296.9473114767601,311.98903791462203,1414.5134500039744,51.82904946958861,196.5932840547463,2.6588663866457303,13.761328078073053,54.67042209829113,0,2026-08-25 06:31:50
2024-01-13 10:20:00,CNC-03,H,296.12686357729075,310.3634059994877,1460.9402609831056,48.271340575122,111.68630290597062,2.216405282837554,13.09335958140363,57.51517245387701,0,2026-08-25 06:31:50
2024-01-13 05:48:00,CNC-03,H,296.6487514063408,311.54995921166613,2110.90448898244,36.1380517636657,205.9650539106966,3.2567666687902035,14.245311411590167,55.73508873988852,0,2026-08-25 06:31:50
2024-01-13 10:28:00,CNC-01,L,296.60132476426867,311.31931221128656,1506.960756035242,51.04816260215474,124.10245247163877,2.2715919510661062,14.556100235067243,56.198986800597424,0,2026-08-25 06:31:50
2024-01-13 01:28:00,CNC-01,L,303.7531896726199,310.6217550409691,2657.4817589300264,19.56815160289318,119.38198564703798,3.275304188937427,9.80139807221461,41.956051577598586,0,2026-08-25 06:31:50
2024-01-13 00:43:00,CNC-01,L,303.79620960157536,309.9681696667325,2705.7686285911827,16.292433801750366,70.90650643346284,3.2674369596949675,8.564413617255875,39.712022646327576,0,2026-08-25 06:31:50
2024-01-13 14:43:00,CNC-02,M,297.82939731120723,312.29432586599074,1558.3241460301492,47.798513839925334,69.65140294237696,2.2442211526236853,13.861528712813834,58.86177073275175,0,2026-08-25 06:31:50
2024-01-13 06:31:00,CNC-01,L,296.38217573012025,309.9140429964008,1904.416010975966,36.341054666228544,5.371494419773709,2.520520083946343,12.858976814606454,59.273571189806034,0,2026-08-25 06:31:50
2024-01-13 14:39:00,CNC-03,H,304.1857753857696,312.1074420816172,1444.3621145472716,47.94736862046796,40.08011867043494,2.088582345064297,13.036675706605447,45.555265156188874,0,2026-08-25 06:31:50
2024-01-13 22:08:00,CNC-03,H,299.3938597137478,312.2973211782115,2554.3052496723194,20.1105600491627,120.55240848459117,3.24057853838474,9.564534634659221,51.29006747966933,0,2026-08-25 06:31:50
2024-01-13 20:08:40,CNC-01,L,300.1713553352352,313.6066425890264,2332.9794058278317,25.974309382640985,100.65361156889081,2.986273822370618,11.110064908296831,47.96783296443581,0,2026-08-25 06:31:50
2024-01-13 23:41:00,CNC-01,L,299.8583623057276,312.2607442268353,2830.458874286713,15.617929953978647,140.14725835697672,3.708427120965639,8.032717824107564,53.97322999246666,0,2026-08-25 06:31:50
2024-01-13 12:31:00,CNC-03,H,296.98007513138145,311.02541326872574,1363.7165119384417,54.41727785770414,82.5396229472627,2.1102236898212494,13.877487368669083,55.44032143646818,0,2026-08-25 06:31:50
2024-01-13 10:12:00,CNC-01,L,296.45630599009394,310.5447502092724,1463.707840036391,47.69464760675122,98.93410130870915,2.158409735973878,13.199952449204837,53.32289169292137,0,2026-08-25 06:31:50
2024-01-13 22:02:00,CNC-01,L,300.15477951637683,312.5297094651619,2639.684140541063,18.782836094220155,34.070688654553386,3.1955238763746023,9.148061937218598,53.10962152104614,0,2026-08-25 06:31:50
2024-01-13 12:19:00,CNC-03,H,296.89663358506715,310.8796140614049,1459.41193144395,46.315353190168324,63.44380264477706,2.1225195252202176,12.277322002746187,57.2658594841875,0,2026-08-25 06:31:50
2024-01-13 03:15:00,CNC-03,H,297.26151598807496,310.05935006309335,2444.8205935378405,22.862711961371787,17.179344253540407,2.999265817100617,10.809324475762343,57.937551108432,0,2026-08-25 06:31:50
2024-01-13 13:51:00,CNC-02,M,297.25996942292085,312.77343634997794,1425.0030650382791,52.755087322541684,226.59633864050252,2.9845890239678314,13.991222700278275,60.92275190158415,0,2026-08-25 06:31:50
2024-01-13 18:45:00,CNC-02,M,298.87876412216394,313.032229050704,2187.0163721500207,28.683644898869264,173.1427011158247,3.213299611864739,11.718675133902932,48.94749472572413,0,2026-08-25 06:31:50
2024-01-13 02:45:50,CNC-01,L,24.20768935803818,37.34734223304861,2518.7617922678473,21.360898199942458,204.11709695858104,3.93727449646756,10.080022712807494,58.21652781320637,0,2026-08-25 06:31:50
2024-01-13 02:55:00,CNC-03,H,24.507475735816058,37.72541111927342,2607.3362962282695,20.551557652438923,230.15417297677885,4.017444895418,9.984845931647527,56.14075164783183,0,2026-08-25 06:31:50
2024-01-13 02:51:02,CNC-03,H,24.06521653762769,37.97381623050734,2435.457988527016,23.908618412515235,224.44344730141196,3.7397300964579685,10.866923610903418,62.3950061231134,0,2026-08-25 06:31:50
2024-01-13 06:12:00,CNC-02,M,295.69780538011435,310.96468481701436,1975.886531754484,38.903396956960805,223.28856424231887,3.4790795768927087,14.404622391926194,56.45562264709758,0,2026-08-25 06:31:50
2024-01-13 03:47:00,CNC-02,M,296.3430513278894,308.559189843919,2336.4813088633923,19.86783073292441,40.42211306291328,2.8660776535781336,8.862776268791235,57.62139164552392,0,2026-08-25 06:31:50
2024-01-13 22:53:18,CNC-01,L,299.8820049196164,311.7980938486442,2711.0797017162668,15.121928860065717,89.04322037813965,3.2293805511872997,7.543388921334161,49.1031035297338,0,2026-08-25 06:31:50
2024-01-13 17:51:00,CNC-03,H,299.8882685461326,313.5221634887313,2005.4605164940556,32.71501284211057,46.54537440011941,2.6356340078628415,12.405572177988887,53.3085351734867,0,2026-08-25 06:31:50
2024-01-13 10:07:00,CNC-01,L,296.63716535492347,310.778815643867,1453.9853396389876,48.15661575570689,91.07867763569779,2.1793716357871236,13.13984016850535,58.22812832511078,0,2026-08-25 06:31:50
2024-01-13 11:09:00,CNC-03,H,296.3451609432116,311.35280461469864,1475.289326778415,52.99773692910582,188.99321767445738,2.5200569763344425,14.514068992453035,61.799917102711404,0,2026-08-25 06:31:50
2024-01-13 01:03:00,CNC-01,L,303.91426474049945,311.07908587199864,2555.2239495518693,23.12681254639724,92.22272004010644,3.1507899100729175,11.224503409834561,44.29718904732538,0,2026-08-25 06:31:50
2024-01-13 07:01:00,CNC-01,L,296.25999956752213,310.5246317762356,1907.2780661175661,39.150885419708416,46.96493423203431,2.52613379788945,13.92780461534336,61.00230432612554,0,2026-08-25 06:31:50
2024-01-13 20:51:00,CNC-02,M,298.8214077355513,312.6785510444501,2327.163343310248,26.843066463340108,108.73419487370015,2.915964236787839,11.499161505847765,53.261493286200135,0,2026-08-25 06:31:50
2024-01-13 18:56:00,CNC-01,L,300.46825298179965,313.6556394713008,2290.464253912706,26.760144418779053,11.382037530592635,2.913841146528203,11.57545492693869,54.30949137660928,0,2026-08-25 06:31:50
2024-01-13 00:10:00,CNC-02,M,298.78533134440573,310.0725195031458,2715.3103283251617,13.132487964017159,18.097211250065026,3.156315924609182,6.485069081064543,48.48527899469808,0,2026-08-25 06:31:50
2024-01-13 16:02:00,CNC-02,M,25.21517800126753,40.67926143079444,1733.4146022321336,45.893246821456955,188.0741449790281,2.902431456550448,14.920082888591255,52.75411025159887,0,2026-08-25 06:31:50
2024-01-13 09:55:00,CNC-02,M,295.9804791245602,310.2493741405222,1412.9188133316375,50.5285495412309,69.40418948990018,2.0129074707620296,13.357937777045308,58.805088702702186,0,2026-08-25 06:31:50
2024-01-13 06:52:24,CNC-02,M,295.2146216936077,309.1186963957593,1726.608454159653,40.398994000950594,32.89527680431209,2.3278884253259835,13.043301482161029,60.43387715101371,0,2026-08-25 06:31:50
2024-01-13 03:31:00,CNC-01,L,296.82513608684565,309.8264130429505,2501.400051744347,,17.421399743185702,2.998061210856387,10.994397282416752,56.89196136409924,0,2026-08-25 06:31:50
2024-01-13 07:23:00,CNC-03,H,295.7701896488811,310.31336861205403,1737.8673360292755,41.356914243965804,118.41058132124972,2.5808975730622064,13.464967320548013,54.44945468449692,0,2026-08-25 06:31:50
2024-01-13 07:58:00,CNC-01,L,296.21443142993746,311.08258850902473,1737.5259564576745,44.25515204613946,128.76112949713044,2.5358272257413232,14.557855452630967,59.527952065429645,0,2026-08-25 06:31:50
2024-01-13 01:01:00,CNC-02,M,298.2208513031216,310.4307302540111,2552.1014343452916,18.165796579216952,72.18051644953728,3.1891360614009043,8.554946041977303,55.84205552149927,0,2026-08-25 06:31:50
2024-01-13 14:13:00,CNC-03,H,298.50487594029704,311.9855512880079,1361.2652909812518,51.71141483643956,0.0,2.0235966648590837,13.167566834350211,52.341963815716156,0,2026-08-25 06:31:50
2024-01-13 10:32:00,CNC-02,M,295.7474475533783,310.6721623009559,1446.3011814423091,51.28585661047241,127.6565597197499,2.3058088551012834,13.970124057495294,56.39010769509514,0,2026-08-25 06:31:50
2024-01-13 04:50:00,CNC-03,H,296.4093448688857,310.4439068611732,2262.296858093066,29.67219211337852,131.53487908132087,3.042962620950443,12.412621500257067,65.99791400398055,0,2026-08-25 06:31:50
2024-01-13 04:46:00,CNC-03,H,296.5932271942135,310.149811279956,2252.427919176593,27.971441774695926,126.5502986743108,2.9707895414775507,11.74817096624511,59.2480492924225,0,2026-08-25 06:31:50
2024-01-13 14:28:00,CNC-03,H,298.3559433222922,312.1669383608063,1449.9996090408818,46.801321723247,23.115835856498393,2.1450772633631385,12.998254515024692,49.867032008171776,0,2026-08-25 06:31:50
2024-01-13 09:33:00,CNC-02,M,295.48020955234506,309.0980766069357,1363.9874116075189,47.26484761008318,35.42271376881406,2.1072302339200286,12.019086163022768,59.950487493019466,0,2026-08-25 06:31:50
2024-01-13 22:23:00,CNC-02,M,298.3865728916936,310.71505083390974,2702.0438683290204,13.579807824708672,210.8386371978529,3.958362533937704,7.034090394919417,53.98605681445455,0,2026-08-25 06:31:50
2024-01-13 14:15:00,CNC-01,L,298.7445662069309,312.63580603269725,1480.4765526238084,48.4197019581999,30.96586993613528,2.0808477251209476,13.301702561624687,54.31313291935337,0,2026-08-25 06:31:50
2024-01-13 00:09:00,CNC-01,L,298.72580964273965,310.00257512614104,2618.977715331612,13.500198012760226,34.73127771242972,3.13938439054896,6.768384457002034,59.06971703674677,0,2026-08-25 06:31:50
2024-01-13 06:29:00,CNC-03,H,296.3615085611358,310.03801312422047,1883.8721679244404,35.6140592488091,43.073014349673144,2.503123806878689,12.452555198375054,54.29876446270083,0,2026-08-25 06:31:50
2024-01-13 23:33:00,CNC-02,M,297.8503933262213,309.7006974229957,2722.6011883552446,13.499934231988748,50.91648583335003,3.296725019785766,7.070434742570203,53.33061839739015,0,2026-08-25 06:31:50
2024-01-13 03:14:00,CNC-03,H,297.4656192885556,309.7528687453497,2577.665933694147,19.192605457115704,16.009328005143423,3.112793777602208,9.251286106069312,59.973857503438644,0,2026-08-25 06:31:50
2024-01-13 12:42:00,CNC-02,M,296.3984986370222,310.7559871090138,1302.4442129744712,53.85542579128321,117.45717339374664,2.112814946824736,12.977309297717886,63.432761859068314,0,2026-08-25 06:31:50
2024-01-13 22:25:00,CNC-03,H,299.14324372534685,311.442813755809,2626.117708667433,16.41852417082107,139.18027485352042,3.383134475842783,8.343707561845095,53.56125942377701,0,2026-08-25 06:31:50
2024-01-13 08:53:00,CNC-01,L,296.4565883422468,311.4442268068551,1569.8468189285993,47.44290255994581,211.19485740191115,3.1604937116467537,13.812904836428302,57.839860240358576,0,2026-08-25 06:31:50
2024-01-13 03:48:00,CNC-01,L,296.7957481481407,309.4326384417227,2463.3970864140347,21.828650291060548,37.34735892578535,3.037864110911833,10.183691394928246,57.75865634187019,0,2026-08-25 06:31:50
2024-01-13 15:58:00,CNC-01,L,25.949015426071583,40.7145944688985,1696.3050768257833,43.413849615773024,186.7345723568784,2.9412792858610346,13.878013516086558,58.95317768794611,0,2026-08-25 06:31:50
2024-01-13 20:05:00,CNC-01,L,300.6761314880703,314.36779235586914,2326.508882122568,27.164981799570562,95.94761089332535,3.02562506608986,11.983574365018756,50.52932520592626,0,2026-08-25 06:31:50
2024-01-13 21:12:00,CNC-02,M,298.587095761168,312.4364518135992,2537.3687942209012,23.76214169947263,132.49567633538803,3.195565755055301,11.239247210707905,60.77202658463723,0,2026-08-25 06:31:50
2024-01-13 01:25:00,CNC-01,L,303.8000705273579,310.22505142629325,2546.9674807254023,18.770458290943242,116.09213961144415,3.2145919466551605,9.167716905958004,45.3420534448579,0,2026-08-25 06:31:50
2024-01-13 15:03:00,CNC-03,H,303.9970821081044,311.9517411169172,1487.114257720933,45.08534744457567,76.6605648145186,2.1762837024679658,12.783397591068134,40.904222676341696,0,2026-08-25 06:31:50
2024-01-13 22:12:00,CNC-01,L,299.9110957884323,312.28516115650575,2639.9164085646235,17.8410976254913,44.89909404151238,3.2471389933233143,8.664475642385678,48.990618390966915,0,2026-08-25 06:31:50
2024-01-13 14:50:00,CNC-02,M,297.7118053888828,312.8228279268966,1634.7199853847858,47.167629271537926,80.45815117681194,2.2540284569471085,14.518396496403197,56.23463164370813,0,2026-08-25 06:31:50
2024-01-13 10:21:00,CNC-03,H,296.3991955069679,310.17384481357226,1445.8526471853625,48.31677898839038,113.2543949788366,21.950998665929472,13.00895242499691,57.15837789936012,0,2026-08-25 06:31:50
2024-01-13 20:04:00,CNC-02,M,299.02059845951754,312.9521515423817,2292.7115183131705,28.91769468393393,53.32345800553723,2.897254202743921,12.162392444826542,51.68006695191199,0,2026-08-25 06:31:50
2024-01-13 20:00:00,CNC-01,L,300.3783097294627,314.02666553127625,2398.162727982954,26.62660187543135,89.96989714689744,2.974557805347938,11.794948429501313,53.14263868218461,0,2026-08-25 06:31:50
2024-01-13 14:53:00,CNC-01,L,298.58474338671357,312.4187565507247,1419.097025831213,47.63888258620869,89.41286935021742,2.2391510439067166,12.85866446829637,55.892155965791744,0,2026-08-25 06:31:50
2024-01-13 16:48:00,CNC-01,L,26.359844992350133,40.46011504378487,1771.4863608163562,41.52518524454275,51.28363618700995,2.4376413045305996,13.7463456212816,51.45980621071286,0,2026-08-25 06:31:50
2024-01-13 20:07:00,CNC-01,L,300.47399864329134,313.36080204775203,2377.9239783263024,22.76751239121644,98.3591698366832,3.06996659161005,10.11528394308788,47.650470472122734,0,2026-08-25 06:31:50
2024-01-13 03:46:00,CNC-02,M,296.2091342556646,307.9179524903454,2633.3896450288626,15.01666192696344,39.236389505695065,3.1403752154735387,7.377551072062005,62.2034165035506,0,2026-08-25 06:31:50
2024-01-13 09:59:00,CNC-01,L,296.1903741727839,310.847647417291,1409.081436374622,54.60548728289148,78.5453764859455,2.168179720117007,14.312080939856065,59.72638929783079,0,2026-08-25 06:31:50
2024-01-13 13:13:00,CNC-03,H,297.74018982913765,312.24864073464636,1519.6524604440697,49.57986393542236,,2.4199562298979758,14.050876675267642,1865.4131219386222,0,2026-08-25 06:31:50
2024-01-13 05:26:00,CNC-01,L,296.10672099998504,310.43595834718633,2188.181801393467,30.386655818816003,158.46124481651157,3.0495141817392377,12.337631197891485,56.8143484913408,0,2026-08-25 06:31:50
2024-01-13 00:08:00,CNC-03,H,298.94000625451497,309.4102277510105,2783.4382592313614,9.319849147843017,48.57248854326643,3.326372073813037,4.826491808399214,54.97585641686987,1,2026-08-25 06:31:50
2024-01-13 22:01:00,CNC-03,H,299.67359856208844,311.03473489054244,2645.9364022247228,12.984066497021196,112.71662935540425,3.238877874240702,6.435468871123603,55.26952279335533,0,2026-08-25 06:31:50
2024-01-13 02:17:00,CNC-02,M,24.289736422681813,38.44881413288044,,27.550988771380077,154.54327043936973,3.3048968928005635,12.673248259017036,57.67728853959319,0,2026-08-25 06:31:50
2024-01-13 11:32:00,CNC-02,M,296.03703609024467,309.82038768409734,1437.5200263638194,47.080525713761155,6.334450840558787,2.0231576476337163,12.59423860793544,62.16574869948157,0,2026-08-25 06:31:50
2024-01-13 02:48:00,CNC-02,M,23.79336765244335,37.5320046396738,2523.0517299005974,23.21426271151346,188.87992126421918,3.670534514327092,11.141037330686732,54.842704545352014,0,2026-08-25 06:31:50
2024-01-13 01:21:00,CNC-02,M,298.1551149897673,309.83861343583015,2678.8088130498995,14.36338562595449,93.62224857591798,3.2720962338479924,7.1726058625953835,53.899182911854574,0,2026-08-25 06:31:50
2024-01-13 21:09:00,CNC-02,M,298.67482103395554,311.76655812360974,2519.5959053056995,20.71193159007383,129.13653136590716,3.170264781075022,9.992341709331336,56.88755735453798,0,2026-08-25 06:31:50
2024-01-13 09:28:00,CNC-01,L,296.1770653093613,309.825385041687,1589.979945240757,42.85806097730196,30.39962902101146,2.2895010758501457,12.642953851356689,56.98758983755006,0,2026-08-25 06:31:50
2024-01-13 06:13:00,CNC-02,M,295.4831317244484,310.8013685341353,2042.673928167141,38.9696881930454,224.61552710290707,3.5293523206948167,14.673303262416782,56.66888111680702,0,2026-08-25 06:31:50
2024-01-13 11:32:18,CNC-01,L,297.1185299381582,311.41379096589986,1445.3312043132794,53.07306585589362,14.316705204320131,2.0139734994409033,14.540425814462436,55.38284601669476,0,2026-08-25 06:31:50
2024-01-13 21:55:00,CNC-01,L,300.35297054348433,311.5369235835291,2620.1060476830294,13.870320850282614,26.52098964953617,3.14644459461663,6.590746182345594,49.36841263477862,0,2026-08-25 06:31:50
2024-01-13 23:06:00,CNC-02,M,297.85289701495896,309.961043703139,2772.453562742714,14.66915764469898,22.23698360863357,3.3980345201561577,7.7356846541956665,55.01311845708347,0,2026-08-25 06:31:50
2024-01-13 06:55:00,CNC-03,H,296.001037686734,310.03236627194156,1852.6997672148038,37.464844439714646,78.95094653624109,2.498581058357885,13.1674813650861,59.57491925413489,0,2026-08-25 06:31:50
2024-01-13 19:34:00,CNC-03,H,300.2095406311376,314.1869406737442,2233.467476228521,27.913361232707164,178.36050607298657,3.1990521289732192,0.0,53.17752754476848,0,2026-08-25 06:31:50
2024-01-13 10:56:00,CNC-03,H,296.32135360274185,310.4802582756511,1339.9227996121201,49.85032746389662,168.51643552192206,2.2989765183530992,12.35021561190809,53.766747430807534,0,2026-08-25 06:31:50
2024-01-13 07:17:00,CNC-01,L,296.29156541643573,310.2227787642714,1757.1781853545458,38.54222479741372,69.61998869468158,2.470012191994838,12.669629591193067,58.63441198501383,0,2026-08-25 06:31:50
2024-01-13 13:24:00,CNC-02,M,297.05720578653046,312.1075256609249,1344.941426160355,56.11185449603156,183.89300175843212,2.4780331126268886,14.233355221598405,53.15198484607439,0,2026-08-25 06:31:50
2024-01-13 02:18:00,CNC-01,L,24.539988014026903,37.53554505020185,2723.59330982273,18.935810898901437,173.9376381725412,3.823900810312811,9.455537733210509,48.05146319217687,0,2026-08-25 06:31:50
2024-01-13 01:59:00,CNC-03,H,298.22165728959504,311.0794355352063,2594.3951484593613,19.015030150737832,167.47478603745836,3.3818716181658415,9.143257882799904,56.48708210244479,0,2026-08-25 06:31:50
2024-01-13 04:09:47,CNC-01,L,296.68391938712756,310.4847811247475,2224.1346174096534,30.073767976526224,64.64298984727574,2.789688222242035,12.40959586824277,53.02682783950094,0,2026-08-25 06:31:50
2024-01-13 16:49:00,CNC-03,H,26.400145874326597,41.52145911228797,1839.2516816354062,41.628741002237824,232.3892535815455,3.220374379352851,14.384055792794996,48.30491083031659,0,2026-08-25 06:31:50
2024-01-13 18:06:00,CNC-03,H,300.11203653542873,313.5409576892149,2040.5492821450637,31.40275306426252,66.55440014135112,2.729614671316881,11.869308069986282,51.41445082244816,0,2026-08-25 06:31:50
2024-01-13 10:24:00,CNC-01,L,296.8227452807428,311.04209921846734,1380.8125024863525,51.636016556483725,117.87362787504229,2.2434100906764605,13.251021518741677,60.939966396642546,0,2026-08-25 06:31:50
2024-01-13 05:41:00,CNC-03,H,296.710352423886,311.2986229020645,1974.632027102313,36.8291865156826,196.74128410880684,3.041903906720078,,58.06807651611902,0,2026-08-25 06:31:50
2024-01-13 21:13:00,CNC-01,L,300.230040881015,314.02265160099034,2563.6899180274017,24.71406003434539,174.5070439532781,3.60870049317787,11.838435575848358,53.395565178501116,0,2026-08-25 06:31:50
2024-01-13 15:47:00,CNC-03,H,31.127619543340188,39.83704505237438,1572.852629673006,47.79480207881779,142.78988777884933,2.3283298184358254,14.031127037039811,42.249036350834935,0,2026-08-25 06:31:50
2024-01-13 21:51:00,CNC-02,M,298.7460232592344,312.4057777623724,2627.2578422945,21.888111186638195,176.01392909105797,3.666400228718815,10.687555118844829,51.19642233179665,0,2026-08-25 06:31:50
2024-01-13 23:07:00,CNC-02,M,298.08440988837015,310.4416341748806,2633.8159018413744,16.508081800233832,23.352937651356694,3.0152857587281408,8.29813505885082,56.45915925971953,0,2026-08-25 06:31:50
2024-01-13 00:02:00,CNC-03,H,299.2600426478552,310.48954403773985,2608.9923115684946,12.681312959365698,42.230023550419496,3.0730183876563495,6.4607732210226265,53.77520553156763,1,2026-08-25 06:31:50
2024-01-13 13:43:00,CNC-02,M,297.17362532823154,312.2587148779399,1347.6555274201453,54.525645888129915,214.00610149632195,2.887397214621065,13.813185403051923,51.954409056286565,0,2026-08-25 06:31:50
2024-01-13 12:49:00,CNC-03,H,297.5981017740254,311.6635726394768,1382.6192952632653,49.05684695291781,110.95264216179017,2.129920902730914,12.747740164866775,58.510353830520955,0,2026-08-25 06:31:50
2024-01-13 07:57:00,CNC-03,H,296.0172186149474,310.8094997312789,1784.2196938384209,42.499026014111756,167.24480652044568,2.805229368249996,14.069656672708948,56.56055603621522,0,2026-08-25 06:31:50
2024-01-13 21:00:00,CNC-03,H,300.06915966286795,312.93041146629497,2567.2743950932145,21.61165810534909,44.86578864681619,3.1599139075829936,10.35280398974171,49.8534305517579,0,2026-08-25 06:31:50
2024-01-13 15:55:00,CNC-02,M,24.921134283264735,39.56728553305214,1898.1486827228166,37.926245219231866,177.7928151544158,2.9632318152733705,13.567236604332127,,0,2026-08-25 06:31:50
2024-01-13 20:44:00,CNC-03,H,299.99389804112985,312.88180027324404,2540.584247946008,22.28296650627215,26.73552087771926,3.1206318788214387,10.411072980697128,51.35045969483378,0,2026-08-25 06:31:50
2024-01-13 10:57:00,CNC-03,H,296.218783436303,311.1178003446582,1419.8872313466618,52.717243945207464,170.06837804890668,2.3458670257253273,13.78552843274359,55.26673660165922,0,2026-08-25 06:31:50
2024-01-13 16:14:00,CNC-01,L,25.894246212158578,39.82632420023424,1806.348186727191,40.93361239417401,2.852421145214193,2.398542785141439,13.900897277485567,55.58058530333654,0,2026-08-25 06:31:50
2024-01-13 08:02:00,CNC-02,M,295.49158999065367,310.6370946556248,1713.0977724048823,46.42315213812747,134.12006575553545,2.5914550592536645,14.82924793544786,59.63034646147724,0,2026-08-25 06:31:50
2024-01-13 02:24:00,CNC-01,L,24.570176978039854,37.92179867858806,2615.1915225064577,21.141086083500717,180.55566383821667,3.709901707267556,10.339858334267618,55.55160483198294,0,2026-08-25 06:31:50
2024-01-13 08:46:00,CNC-01,L,296.54601477497266,311.33970787883237,1508.1995947878393,50.99644870625292,200.46938655498215,2.9306303639747395,14.586010739784907,58.14360215619784,0,2026-08-25 06:31:50
2024-01-13 01:49:00,CNC-03,H,298.4876646266546,311.03115137146665,2671.9902385288715,16.330871873184623,156.57661728132194,3.4490638101281723,8.076577734925356,53.62610529104951,0,2026-08-25 06:31:50
2024-01-13 20:55:00,CNC-03,H,299.8965731817912,312.48461212135413,2638.360669475981,20.216723792974125,39.21117120089526,3.179983738212906,10.080107896512438,49.11664583653641,0,2026-08-25 06:31:50
2024-01-13 05:44:00,CNC-03,H,296.56509403877953,310.8881006999302,2080.635761814619,31.821682562283325,200.66238565084433,3.2384071907297507,12.345277334704926,56.32951338116742,0,2026-08-25 06:31:50
2024-01-13 05:11:00,CNC-01,L,296.42548844429524,311.22158256588693,2236.0852756388235,32.84282974366965,139.12739711480455,3.003854258187263,13.60052791107242,62.75361315820621,0,2026-08-25 06:31:50
2024-01-13 11:45:00,CNC-02,M,296.21895505649866,310.19758019549636,1468.9743683338795,48.20756050697594,26.96074029896708,2.1325295811303633,13.132211040223908,56.267644371211965,0,2026-08-25 06:31:50
2024-01-13 18:15:00,CNC-01,L,300.0751977116774,314.8499973359774,1932.4103735644499,36.761264401396254,169.61773057212312,3.080412347635649,13.201996969997106,50.415729349839175,0,2026-08-25 06:31:50
2024-01-13 15:45:00,CNC-02,M,298.2406376054595,313.33953926622183,1781.3209864872001,43.63777762364283,163.17797021800348,2.6865720219664952,14.610133799039223,52.90964441248842,0,2026-08-25 06:31:50
2024-01-13 16:34:00,CNC-03,H,26.242946726654736,41.218896641691686,1708.9396457908083,42.708202436157826,211.29397176960754,2.980973703089566,13.544649866373824,53.78393707823431,0,2026-08-25 06:31:50
2024-01-13 08:15:00,CNC-01,L,296.50337816082634,311.08386712517415,1587.2023681014812,48.56927923877467,153.85619279208902,2.6472154938972805,14.366767443603239,59.373444377424825,0,2026-08-25 06:31:50
2024-01-13 07:43:11,CNC-01,L,,311.2370630672882,1717.9784323003212,44.46163104643297,,,14.23966432593811,55.59306552099072,0,2026-08-25 06:31:50
2024-01-13 21:18:00,CNC-02,M,298.79270910777865,311.9769179702015,2728.3913266451614,19.094233552827276,139.20319961366548,3.4958193062679856,9.83442773201478,55.675564643325714,0,2026-08-25 06:31:50
2024-01-13 02:27:21,CNC-01,L,24.696304593101672,37.61778167138152,2605.4115384975466,19.283563651985364,182.79030911066553,3.780266702548415,9.180240727984424,55.897730659997244,0,2026-08-25 06:31:50
2024-01-13 07:26:00,CNC-03,H,295.8370588126866,309.62627319434205,1812.8318975193195,35.6839290476915,122.6227724119452,2.5288483460487083,11.956266780818039,62.1128848430141,0,2026-08-25 06:31:50
2024-01-13 02:31:00,CNC-02,M,23.909705098767176,36.901061608691975,2564.404538828689,21.32068203079826,170.02400932604564,3.5102745177824617,10.13553226239939,52.67422999411332,0,2026-08-25 06:31:50
2024-01-13 04:58:00,CNC-02,M,295.7278108553496,309.2818636559631,2212.9481381572655,27.267472330896968,126.48472366568745,2.983713122133455,11.263948912701338,60.132929000881795,0,2026-08-25 06:31:50
2024-01-13 00:22:00,CNC-01,L,298.6601071894347,309.63712973571006,2772.406781555547,10.086196864635294,48.520018258314295,3.3664683237471795,5.164851556280357,54.68317748292741,1,2026-08-25 06:31:50
2024-01-13 23:16:00,CNC-01,L,299.68278936018277,312.94907087338686,2583.9642293972106,22.05535462217962,113.71877785789314,3.276611549420361,10.78902458079887,49.69573873830448,0,2026-08-25 06:31:50
2024-01-13 22:21:00,CNC-03,H,299.24042122548263,312.34615120325685,2472.800911600459,20.986042937723578,134.80781069355493,3.2353444598737013,9.640068713954244,53.950365573386144,0,2026-08-25 06:31:50
2024-01-13 14:46:00,CNC-02,M,297.89645061014363,312.0003691934439,1537.8147921536959,43.38290246756611,74.29935916059334,2.2250933647429276,12.34403468892237,55.30377487860351,0,2026-08-25 06:31:50
2024-01-13 00:30:00,CNC-01,L,298.4507782651148,310.56042976218083,68586.17410434272,17.200670731840262,57.18789898358277,3.2242595054273258,8.630222960355072,51.02549939670531,0,2026-08-25 06:31:50
2024-01-13 05:49:00,CNC-02,M,295.6073358868279,310.7242499514973,1997.9859037637773,39.12719294137535,192.43099196322584,3.2038663916513563,14.643165298498964,60.30361876818083,0,2026-08-25 06:31:50
2024-01-13 23:04:00,CNC-01,L,299.9108329669554,311.82057486343723,2660.39133046664,16.761140265368454,100.91230662232729,3.2139767282002203,8.590850044286615,46.06897450803463,0,2026-08-25 06:31:50
2024-01-13 13:31:00,CNC-03,H,297.98933385475016,312.7410579673319,1478.9392900199578,49.95988242060736,177.39845557471804,2.4217042883260618,13.645513494692633,58.81977669554833,0,2026-08-25 06:31:50
2024-01-13 04:17:07,CNC-03,H,296.9997938107362,310.2591737046749,2282.266093048216,25.830422428984157,0.0,2.884876882705153,11.000538580301052,61.003502989853885,0,2026-08-25 06:31:50
2024-01-13 11:15:00,CNC-03,H,296.7013535516962,311.4447602671193,1365.8789525433772,51.58504841408465,198.52899929446784,2.6340837892789675,12.88188428995453,55.7620724452562,0,2026-08-25 06:31:50
2024-01-13 19:46:00,CNC-01,L,300.39506330005963,313.1248796980459,2400.1807270358586,21.70842088932342,73.18606256150063,2.971764285624528,9.6755786928367,50.15054634889866,0,2026-08-25 06:31:50
2024-01-13 10:36:00,CNC-01,L,297.3070926872565,311.23431037311735,1306.183782548058,49.87903650243195,136.7280310896802,2.2562984670255313,12.220578545890369,58.86854433511732,0,2026-08-25 06:31:50
2024-01-13 06:33:39,CNC-01,L,296.2248327346337,310.31526205680143,1998.6619106194207,36.95921160694917,10.888581266307408,2.6085369277395394,14.028774579043283,60.557116071033214,0,2026-08-25 06:31:50
2024-01-13 20:01:00,CNC-03,H,300.1796524341627,313.9678268105579,2451.2640673186693,23.981122374877398,211.0436488077198,3.589888858942885,10.969049145968858,49.712069573516814,0,2026-08-25 06:31:50
2024-01-13 15:36:00,CNC-03,H,304.35610308313744,312.778846361401,1610.9052428342936,44.84359130178973,126.47354723908998,2.365613297470879,13.422860224249463,42.0219603502266,0,2026-08-25 06:31:50
2024-01-13 03:41:00,CNC-03,H,297.13406886547887,310.1078385943513,2420.0708147597725,,47.536071681070105,3.002410785088046,10.753847279798135,52.88737654150001,0,2026-08-25 06:31:50
2024-01-13 22:33:00,CNC-02,M,298.22412539747626,311.537002239024,2753.5706918069973,16.864563223737374,221.63527392556273,4.211543558829122,8.578695084338236,55.3166340802361,0,2026-08-25 06:31:50
2024-01-13 10:14:00,CNC-01,L,296.2984151322695,310.5346065918725,1387.9691858572446,50.96233751384306,102.05962694344319,2.099769382140266,12.997285638229275,60.025809325562726,0,2026-08-25 06:31:50
2024-01-13 08:52:00,CNC-03,H,296.24253958673887,311.8077796199831,1597.108808862077,52.84917463448466,249.1311273111115,32.36976564017678,15.791358385470739,56.54881666554569,1,2026-08-25 06:31:50
2024-01-13 14:14:00,CNC-01,L,298.9161742259662,313.1507562463135,1650.1318650843818,45.06634784907978,29.398929523124295,2.2958175330235555,14.012509105698761,49.16806989682475,0,2026-08-25 06:31:50
2024-01-13 19:10:00,CNC-01,L,300.4871849756548,313.393723402842,2229.759854652514,25.508805950651354,28.83894125726177,2.8312983545816808,10.419603141581955,48.26144979896996,0,2026-08-25 06:31:50
2024-01-13 16:14:00,CNC-02,M,25.018506636434154,40.18832959381882,1711.9135149392432,44.768404602615085,205.59041793316146,3.0655301696014643,14.322701193787221,50.79327927872683,1,2026-08-25 06:31:50
2024-01-13 15:07:00,CNC-03,H,303.6892356101309,311.6984223394508,1690.9501912945714,39.61048453069145,82.66753242658187,2.3783072095665965,12.815036242421842,43.53508333937898,0,2026-08-25 06:31:50
2024-01-13 14:47:00,CNC-01,L,3441.3596772045494,312.54399157781035,1332.7879818979184,47.01097379748253,80.09098816352362,2.0306512410070026,11.845873536227694,53.40306015941394,0,2026-08-25 06:31:50
2024-01-13 06:28:00,CNC-03,H,296.5145640585487,309.9568557677796,2009.2721969803854,31.980951122105754,41.6874718535378,2.7324039071407182,12.116289175524736,57.40630723045267,0,2026-08-25 06:31:50
2024-01-13 15:19:00,CNC-02,M,298.1499295710122,313.0749393839555,1519.676065634967,50.21428142179652,124.63012196766716,2.420747041046338,14.096578456383114,58.49488451450977,0,2026-08-25 06:31:50
2024-01-13 04:50:00,CNC-01,L,296.4244227108736,309.477357738947,2288.8937765345336,24.02941860284443,112.55591039545828,2.903597277162131,10.130671053970696,56.46062556984031,0,2026-08-25 06:31:50
2024-01-13 16:58:00,CNC-03,H,299.58289384919897,314.6885897358679,1933.9141086253248,38.16552984646271,245.06431745858643,3.5332555761317095,13.839445460877918,55.387850048574414,0,2026-08-25 06:31:50
2024-01-13 05:01:00,CNC-03,H,296.6783232115977,310.79904114410635,2217.7149144747905,30.231611136562844,145.2323693372001,2.9949058071001797,12.593723652230443,54.46002600931662,0,2026-08-25 06:31:50
2024-01-13 08:00:00,CNC-03,H,296.3194118999825,311.38264716393246,1808.866801536728,43.54927168269776,171.5837609119366,2.8113576071734636,14.56415739327595,56.917858722561895,0,2026-08-25 06:31:50
2024-01-13 07:07:00,CNC-03,H,295.99105387779207,310.4806105203485,1997.8857041164779,37.063483923142826,95.75645226017252,2.5858506584960868,13.750818435518497,59.68485605494029,0,2026-08-25 06:31:50
2024-01-13 10:46:00,CNC-01,L,297.037627916212,311.7010422761113,1388.2820505221498,52.582882965902435,152.5014198816554,2.3724833077681122,13.828704714585049,56.85325874126918,0,2026-08-25 06:31:50
2024-01-13 07:37:00,CNC-01,L,296.289361739107,311.1777710499319,1813.105156094564,43.33111890822798,98.36806499812639,2.4683720550339308,14.736075692604766,58.25005633272757,0,2026-08-25 06:31:50
2024-01-13 12:27:00,CNC-02,M,296.7205181540013,311.91271892849016,1559.5694676247772,50.883738561890254,93.68690815739781,2.2566182235893644,14.690921784854657,54.24538851168713,0,2026-08-25 06:31:50
2024-01-13 10:21:00,CNC-02,M,295.29320625209874,309.5397644336969,1427.792258518378,49.711926572957424,110.27078089834403,2.226353863999112,13.394367689082955,62.291583579160324,0,2026-08-25 06:31:50
2024-01-13 04:59:00,CNC-03,H,296.18724639442155,309.8595896216359,2288.1100953363343,26.504412707160835,142.74087644049683,3.0614432012633395,11.187564149733607,58.75744125058413,0,2026-08-25 06:31:50
2024-01-13 21:40:00,CNC-02,M,298.6872867428548,312.0634067984305,2616.0796974963555,21.315426612435676,163.80266520229418,3.487861854169686,10.380223169512803,55.702449726823666,0,2026-08-25 06:31:50
2024-01-13 20:54:00,CNC-03,H,299.70634053344594,312.93184187451544,2433.1892924625286,24.751081328134706,38.07004905996456,3.1190834217470074,11.548458755210724,49.22246605397181,0,2026-08-25 06:31:50
2024-01-13 05:08:00,CNC-02,M,295.6235043932352,310.0436943781969,2053.369101869724,34.488540740468004,139.1242009361463,2.9226717448991675,13.326775097093655,56.47664749050247,0,2026-08-25 06:31:50
2024-01-13 06:08:00,CNC-02,M,295.76094453244997,311.0118887816944,1974.3527583135203,38.567366446528396,217.84575150109825,3.3741628486533437,14.214422304946895,57.77252214916006,0,2026-08-25 06:31:50
2024-01-13 23:03:00,CNC-03,H,299.12198621030905,313.2505223721398,2469.8821662287273,25.775833306291045,180.03373035134013,3.3140683841046275,11.86287143553589,51.34223603945024,0,2026-08-25 06:31:50
2024-01-13 14:28:00,CNC-01,L,298.6635211468057,312.2086809722305,1436.8740494868498,44.72074929438079,50.924888073978934,2.084789817740704,12.127376699957303,48.96508559676718,0,2026-08-25 06:31:50
2024-01-13 14:21:00,CNC-03,H,298.3657307661524,312.24844363355186,1460.3676340466225,49.34331126627056,12.293666105866464,2.136981669150396,13.770729383730707,52.451821899328166,0,2026-08-25 06:31:50
2024-01-13 04:32:00,CNC-03,H,296.6552634974698,309.63455710749906,2297.560894381006,23.32453325454292,109.08563051630905,3.068303833391437,9.70007191589165,66.51635769062734,0,2026-08-25 06:31:50
2024-01-13 03:28:00,CNC-02,M,296.318274414857,309.6490575003545,2595.5124639345986,23.597184613816495,18.276510525194794,3.1197360177091147,11.105751914098473,59.69673094957837,0,2026-08-25 06:31:50
2024-01-13 06:00:00,CNC-03,H,296.265452861394,309.74443756877014,2062.1899983946405,31.910004524671443,4.0500584043788335,2.5891351922165917,12.458817573979976,59.40846397418519,0,2026-08-25 06:31:50
2024-01-13 10:31:00,CNC-02,M,295.60017299559337,309.98429955352674,1367.2635807227105,51.335508731563884,126.1046708228377,22.07849680387532,12.968929323963087,58.369817412165695,0,2026-08-25 06:31:50
2024-01-13 12:29:00,CNC-01,L,297.8109496216592,312.00312313160333,1294.1631774434513,54.11629601708208,106.47885069250934,2.1492921681082726,13.039920139227467,59.059263546111374,0,2026-08-25 06:31:50
2024-01-13 08:23:00,CNC-02,M,295.5261862443646,310.1134027474778,1704.5293341209544,41.6884613582878,165.41388473956317,2.5921055444311882,12.997005272603342,60.46979667516566,0,2026-08-25 06:31:50
2024-01-13 10:33:00,CNC-03,H,296.55430244607044,310.70172057573285,1343.8746393423457,48.416778239267956,132.11163523003881,2.112875138678158,12.148242848541843,60.68851007037854,0,2026-08-25 06:31:50
2024-01-13 04:38:00,CNC-01,L,296.37870830582557,310.22297869255226,2148.8569266236514,31.427741389467123,97.60285399553626,2.858969333591453,12.900062937168277,57.30149846353,0,2026-08-25 06:31:50
2024-01-13 07:31:29,CNC-02,M,295.53260108037,309.54470975089026,1773.0752498993415,39.3200772262,89.31851765589614,2.3471168930848747,12.819814918186584,60.30118988920181,0,2026-08-25 06:31:50
2024-01-13 17:00:00,CNC-01,L,299.76975915362175,313.7778277767864,1991.7333373527476,35.39965376717987,68.12172188412661,2.5234517473137767,13.26648027585584,50.86976540822783,0,2026-08-25 06:31:50
2024-01-13 19:16:00,CNC-02,M,298.80417518792297,313.59609444516775,2340.6461338683725,29.312871831908666,211.9189986772398,3.6739710372030903,12.573472196714084,54.140111282496875,0,2026-08-25 06:31:50
2024-01-13 11:43:00,CNC-01,L,297.39260106698856,311.08438372473876,1362.7457825355527,50.43632754603806,33.389394290780054,20.094086373285897,12.90700883267174,58.930351239971266,0,2026-08-25 06:31:50
2024-01-13 03:35:00,CNC-01,L,296.8226510493166,7430.784010600785,2296.8705655644953,26.06116715346974,22.163011747254256,2.7623851179678987,11.191801037946895,53.95025689656722,0,2026-08-25 06:31:50
2024-01-13 10:52:00,CNC-01,L,296.8905160673287,311.2236229346077,1444.3026348116211,48.669441401996295,161.95787980846035,2.481573544469168,13.206073150396817,60.738250119535586,0,2026-08-25 06:31:50
2024-01-13 05:41:00,CNC-02,M,295.7037757694602,310.150636852669,2081.67344866879,31.544313948538466,181.71631678980572,3.0584085656536386,12.284712825651866,57.027478606160344,0,2026-08-25 06:31:50
2024-01-13 18:44:00,CNC-01,L,300.1906879478803,314.57502231150846,2074.4116693784686,32.56999688287122,207.33973056013232,3.585968486096489,12.718366078339963,48.41104692383661,0,2026-08-25 06:31:50
2024-01-13 06:47:00,CNC-02,M,295.1523177272451,308.8029346794839,1792.5838722500325,36.95431889261188,27.31928445670789,2.3542986439477414,12.361595293006571,60.689302441468506,0,2026-08-25 06:31:50
2024-01-13 12:54:00,CNC-03,H,297.6278803249645,312.138659926185,1419.2662358686543,50.34577835823168,118.87988203337179,2.2320424928750766,13.645500077054267,56.951620741445545,0,2026-08-25 06:31:50
2024-01-13 04:19:56,CNC-02,M,296.2948276236559,309.23067780129594,2383.6777518525114,23.046450650010716,80.97667984095011,3.0602415834856846,10.404933196467502,55.045329589194985,0,2026-08-25 06:31:50
2024-01-13 08:06:00,CNC-01,L,296.3645621719407,310.88205809131455,1650.4769082492815,43.35464864764405,140.47093719180492,2.4789116241906837,13.153008104745831,60.30884241163283,0,2026-08-25 06:31:50
2024-01-13 12:26:00,CNC-01,L,297.5827740582814,311.9112429520244,1426.800616596088,52.66773978214089,101.73396272532064,2.2341933851740925,13.88287109711968,57.72798172357701,0,2026-08-25 06:31:50
2024-01-13 21:17:00,CNC-01,L,300.19649044515126,313.8422471656789,2619.2537789316275,22.21013820181394,179.0431117143312,3.742082934684815,10.576167723088993,53.04197933780236,0,2026-08-25 06:31:50
2024-01-13 01:41:00,CNC-02,M,297.5860004830108,310.9001890059747,2578.8091650479532,21.683421759243725,115.18602979071572,31.748874539391817,10.446620104084904,57.150345593596384,0,2026-08-25 06:31:50
2024-01-13 17:05:00,CNC-02,M,298.5420848263244,312.36865252195423,1901.808155926754,35.091575451838715,39.59295355444413,2.5379705235008987,12.281594521865628,51.14172419194685,0,2026-08-25 06:31:50
2024-01-13 16:18:00,CNC-02,M,25.075246947061885,40.392366299602315,1635.0254634414089,46.107810282155675,211.46494704247294,3.089160259692291,14.238452401317646,57.96821157338678,0,2026-08-25 06:31:50
2024-01-13 14:55:00,CNC-01,L,299.10335741682076,314.04981248924145,1698.4874388682433,48.154882157060136,92.44297089494329,2.4047321782108178,15.493239045422872,56.51636857499952,0,2026-08-25 06:31:50
2024-01-13 13:27:00,CNC-03,H,297.79096436358174,312.3894515208218,1385.947407105169,52.60284434089491,171.06390556313505,2.261843614778005,13.54489464425304,57.49250390071091,0,2026-08-25 06:31:50
2024-01-13 16:12:00,CNC-01,L,26.203559563334807,40.17710789122697,1734.5401976814296,41.751472873526495,0.0,2.394744141064736,13.519647237791943,51.89276298910083,0,2026-08-25 06:31:50
2024-01-13 20:39:00,CNC-02,M,298.88069330073,,2492.9352148299427,19.193540905445534,94.71971834500867,3.1113292049840373,8.836215012425361,52.75876770500927,0,2026-08-25 06:31:50
2024-01-13 14:36:00,CNC-01,L,298.78663673014586,313.04256993402515,1435.2257082117687,50.43809711729482,63.11092254395543,2.133339785449346,13.78036021930321,56.96266589716066,0,2026-08-25 06:31:50
2024-01-13 13:51:00,CNC-01,L,298.3545920404137,313.5644843793609,1510.0614563469592,50.16983872570997,235.7177715878722,3.3821157216211333,14.057565770929036,54.303298204692986,1,2026-08-25 06:31:50
2024-01-13 18:41:00,CNC-02,M,298.61116895507615,313.59728592756494,2201.3069513184946,34.163084161164434,167.99451205839168,3.0609834939651828,14.100684435900332,50.50804671961433,0,2026-08-25 06:31:50
2024-01-13 16:05:00,CNC-03,H,31.38724188476482,40.559931126162894,1813.3713596416133,43.84446091544862,169.24778534305256,2.7206092281458396,14.595214816553977,44.09843678472593,0,2026-08-25 06:31:50
2024-01-13 07:48:00,CNC-01,L,295.98492876720735,311.1867495881482,1867.4298026691472,44.390524139109594,114.27058549221445,2.640177515154037,15.313110025518235,57.824585834336645,0,2026-08-25 06:31:50
2024-01-13 23:01:00,CNC-01,L,299.8145816755083,312.04682316125974,2545.899501027034,16.514446707278477,97.68961098107356,3.2568669767728475,7.863209995027673,52.91657808200057,0,2026-08-25 06:31:50
2024-01-13 11:17:00,CNC-01,L,296.9886278479636,311.4820515798625,1331.3348146749565,54.46150026348045,201.65516257273876,2.735298651448265,13.43279366985545,60.494980700328924,0,2026-08-25 06:31:50
2024-01-13 01:05:00,CNC-02,M,297.9554296629708,310.48041958934664,2516.556132745902,18.702712962235154,76.50277253843488,3.1071539886734127,8.893744001015405,56.973461839191444,0,2026-08-25 06:31:50
2024-01-13 23:51:00,CNC-03,H,298.64096107011767,311.56697960383406,2689.0866210953795,17.542241540266573,231.23539010269997,4.071220882905665,8.929397447738047,55.024046809580476,0,2026-08-25 06:31:50
2024-01-13 04:15:00,CNC-02,M,296.1770775203054,310.0187496960109,,27.220747296792695,73.7804034374398,2.974346831407696,12.424644911015635,55.4091386962273,0,2026-08-25 06:31:50
2024-01-13 13:47:00,CNC-01,L,,313.91395677862516,1502.7051823330053,53.45778545319915,229.51251358153837,3.156615901778338,14.939702010838422,52.7199232009878,1,2026-08-25 06:31:50
2024-01-13 10:09:00,CNC-03,H,296.34773400017855,309.7636016881348,1318.5611928695819,48.066075432635316,94.32838753980089,1.9800692471117685,11.69030269778474,56.84970618629338,0,2026-08-25 06:31:50
2024-01-13 13:12:00,CNC-02,M,297.24174394213355,312.25422297543116,1387.8474707787268,55.44607126227553,165.00620366823176,2.379024325969578,14.558703742795714,59.40066436993658,0,2026-08-25 06:31:50
2024-01-13 01:41:00,CNC-01,L,303.9920886711835,310.7835507979468,2516.7998326304805,20.346856190477595,133.55365255363907,3.346255895030804,9.582131641183683,46.52258124980098,0,2026-08-25 06:31:50
2024-01-13 18:38:00,CNC-02,M,298.6232011168776,312.9346806237202,2292.204690367451,28.329534669939704,164.10662868108443,3.258384195811311,11.915442472175052,55.92142913475373,0,2026-08-25 06:31:50
2024-01-13 13:20:00,CNC-03,H,297.86540246678436,312.59301183139456,1390.1357633415416,53.62771582416598,,2.3648028315010903,14.037357079495782,56.63941270087902,0,2026-08-25 06:31:50
2024-01-13 12:05:00,CNC-01,L,297.59952185870844,311.85180255387274,1415.7783235727984,49.53353542714308,68.32099086369632,2.039420887390091,13.05279339345671,57.24923800226969,0,2026-08-25 06:31:50
2024-01-13 06:30:00,CNC-03,H,296.2140928126267,309.6914213519641,2015.207126823774,30.647569751539688,44.41252514725944,2.618325338690314,11.688013240294858,58.35242435727256,0,2026-08-25 06:31:50
2024-01-13 03:15:00,CNC-02,M,296.7927112317144,,2543.972530428949,19.492233917794113,3.4009726063606407,3.035721030403496,9.359395724507959,53.6837808784255,0,2026-08-25 06:31:50
2024-01-13 18:31:00,CNC-03,H,300.1405181442484,314.53958090227195,2247.9772860727467,31.956569402915758,99.19112837530511,2.994241349589201,13.670050403821259,51.629706550012926,0,2026-08-25 06:31:50
2024-01-13 22:40:00,CNC-02,M,297.99571468661804,311.135753183902,2766.55101430308,15.935986591008003,229.19380702848696,4.2136838905482294,8.249438368001277,57.53050813665622,0,2026-08-25 06:31:50
2024-01-13 03:29:00,CNC-02,M,296.7013378446053,309.5336664762309,2460.23319690475,23.860599615176803,19.455519880000928,3.0720314802306463,10.794776623056006,60.43736859148849,0,2026-08-25 06:31:50
2024-01-13 06:29:00,CNC-01,L,295.94221407932173,309.03352424859145,1921.4670222628838,33.029993836054466,2.7283053780220046,2.428664656996848,12.070407361845486,57.50414825979772,0,2026-08-25 06:31:50
2024-01-13 14:42:00,CNC-02,M,297.47137473668084,312.25837909946273,1608.2029496417483,48.096774283705045,68.13827478392393,2.2681792532094796,14.532839072050011,56.318844597614046,0,2026-08-25 06:31:50
2024-01-13 22:27:00,CNC-02,M,298.2050539723853,312.3281053372134,2677.924544114667,21.978064285021468,215.13634827407864,40.18077430183539,11.05927722003204,54.82823802505025,0,2026-08-25 06:31:50
2024-01-13 15:14:00,CNC-01,L,299.03147298057837,313.8114241000584,1646.121473776645,46.34903804908653,121.14490715353635,2.455636023753012,14.514410288633403,51.00703911156538,0,2026-08-25 06:31:50
2024-01-13 07:58:00,CNC-02,M,295.4641128741171,309.83248412619184,1647.2787684557459,43.71421464450344,128.31066062778558,2.538039151478792,13.691526519795188,63.297220531571675,0,2026-08-25 06:31:50
2024-01-13 06:52:00,CNC-03,H,296.2283826743274,310.07721738322283,1869.9323469751148,38.29345773958922,74.81173186659878,2.5384303524003835,13.351177877150509,56.692763226572964,0,2026-08-25 06:31:50
2024-01-13 06:11:00,CNC-03,H,296.1579550917711,309.87224275198207,2063.5929496620674,33.92546766546389,18.776843229582795,2.7638673623873964,13.119137531193086,55.67641151970326,0,2026-08-25 06:31:50
2024-01-13 13:49:00,CNC-03,H,298.3410556505497,313.42769345139345,1529.077765889514,49.96465100583504,205.71335459551932,2.7453376821571056,14.252560297300263,1884.150350643221,0,2026-08-25 06:31:50
2024-01-13 03:41:00,CNC-01,L,296.58648799630856,309.00749250107674,2428.80034045854,20.97123102213515,29.25233717743141,3.0171838258837123,9.367834527569446,63.82198819113778,0,2026-08-25 06:31:50
2024-01-13 14:19:00,CNC-02,M,297.78690461106055,311.82689612296826,1484.1678055973746,45.77572399773123,32.7706790228073,2.0601703472243806,12.544146508956153,55.7685924789887,0,2026-08-25 06:31:50
2024-01-13 04:22:00,CNC-03,H,297.0169423104704,311.160363370506,2277.480944795183,30.229458740449278,96.86244623670477,2.8933473531812193,12.58904559312067,54.106236786094875,0,2026-08-25 06:31:50
2024-01-13 02:01:00,CNC-03,H,297.98226400096644,310.0552403081325,2681.7913193989107,,169.60978133557362,3.509685689030587,7.306776577700169,53.0628862964663,0,2026-08-25 06:31:50
2024-01-13 22:27:00,CNC-03,H,299.212378785904,312.5043800654027,2674.456946378113,21.43708277022669,141.37959906453827,3.45383616011039,10.713940392596964,54.989242636657245,0,2026-08-25 06:31:50
2024-01-13 05:46:00,CNC-01,L,296.171636070799,310.85825280354186,2124.2204776183917,32.98520096979154,184.39574358116545,3.2238915672140127,13.13985861951686,63.87624081480354,0,2026-08-25 06:31:50
2024-01-13 22:28:00,CNC-03,H,299.2911386902519,311.8841566727321,2702.68785930224,17.306360239649248,142.46433259671147,3.3841857275786973,8.797720004310126,55.657955601445295,0,2026-08-25 06:31:50
2024-01-13 09:49:00,CNC-03,H,296.263532674316,310.2009125106638,1393.701342619566,49.28639757536984,62.921451740119636,2.115885463412222,12.770794709955025,57.857114475287,0,2026-08-25 06:31:50
2024-01-13 22:58:00,CNC-02,M,297.86040926315815,309.69681266456837,2684.355183520382,14.167709576563132,13.721124125476846,3.2414932341975047,7.090401708210586,54.52591952348817,0,2026-08-25 06:31:50
2024-01-13 01:10:00,CNC-01,L,303.8535466435498,310.1470516587155,2624.312986260968,,99.79375362288914,32.735731495115616,7.983696323917446,46.66408618573065,0,2026-08-25 06:31:50
2024-01-13 22:07:00,CNC-01,L,300.2888995886827,311.2261263647254,2552.0406874369414,11.577801010802101,39.51385178487062,3.0954250709271354,5.670709816880521,51.15953596468308,1,2026-08-25 06:31:50
2024-01-13 14:06:00,CNC-03,H,298.25220265338504,313.3287899026529,1479.9595000975673,51.350205773934604,232.2447052519532,28.95602376854682,14.075499276285807,51.426477059815795,0,2026-08-25 06:31:50
2024-01-13 05:34:00,CNC-01,L,296.34553149497873,310.81569773468385,1999.809141249217,35.272007328149776,168.8427518442259,3.0100896827761345,13.084566773891343,61.253960365608776,0,2026-08-25 06:31:50
2024-01-13 20:28:00,CNC-03,H,300.0822732761773,311.67434683503046,2575.0006024700765,16.390834421590238,8.093710253302719,3.157486532363564,8.159587772235287,51.23500667521193,0,2026-08-25 06:31:50
2024-01-13 07:11:00,CNC-03,H,296.0923647155533,310.20135339185543,1722.248308588192,41.597374725327974,101.462981766253,2.2446313981042083,13.22273945088855,57.2740653468814,0,2026-08-25 06:31:50
2024-01-13 17:50:00,CNC-01,L,300.0807716379581,314.57659147278565,1723.8000402656492,41.52421119837864,136.62469002922495,2.522802426868812,13.010311603411312,49.72442761581736,0,2026-08-25 06:31:50
2024-01-13 11:40:00,CNC-01,L,297.55533579449605,311.9179414029881,1592.3756079012624,47.91645552375056,28.60383976253484,2.3113784243302167,14.294396206846947,55.86646818123545,0,2026-08-25 06:31:50
2024-01-13 10:39:00,CNC-02,M,295.33677181203046,310.0913870974288,1362.8732083179125,55.97682855672305,138.83191588546345,2.2496352218260776,14.302582306982249,57.449596315069165,0,2026-08-25 06:31:50
2024-01-13 12:25:00,CNC-03,H,297.0846026142418,311.29950656791164,1327.2170495750927,53.72024080270009,72.99394815593274,2.016066874966835,13.188575473869545,55.55666490811652,0,2026-08-25 06:31:50
2024-01-13 03:08:00,CNC-02,M,23.927172468236677,38.39428173724082,2294.112165516703,28.971611104609238,211.61978477808773,3.6692531301800644,12.449407588168974,58.644392871196054,0,2026-08-25 06:31:50
2024-01-13 06:37:00,CNC-03,H,295.91584331460643,310.1106413590864,1862.146425814089,38.89980802223029,53.88320628982528,2.523353278915715,13.54832138577411,54.171752023141394,0,2026-08-25 06:31:50
2024-01-13 16:41:00,CNC-02,M,25.635808309893207,39.85985518324787,1680.5706685715882,42.95380517226609,5.72774397293346,23.610615067603543,13.595892525227434,1823.5901191374314,0,2026-08-25 06:31:50
2024-01-13 18:38:00,CNC-03,H,299.7597526249562,313.15166278517967,2235.8255600206044,26.857272849054777,108.22450992655163,2.8209090679285973,11.33733445385241,53.36216690663594,0,2026-08-25 06:31:50
2024-01-13 23:34:00,CNC-02,M,,309.31100231736593,2788.3305761411275,12.189637362831316,51.95748793277588,3.38985143674363,6.306230878139935,56.75761415904113,0,2026-08-25 06:31:50
2024-01-13 15:00:00,CNC-02,M,298.19507571227155,312.83630344203414,1707.3437342621392,42.423632452143956,95.73970955672542,2.3665019235390203,13.511070266432949,51.17030092343074,0,2026-08-25 06:31:50
2024-01-13 16:45:00,CNC-01,L,26.4436620728884,40.51743274966344,1789.0123053350987,38.62641603233823,47.06247527903843,2.4406085723819024,12.746035225764537,53.07193117905436,0,2026-08-25 06:31:50
2024-01-13 11:55:00,CNC-01,L,297.57106067541343,311.3184119449921,1249.1764587778766,54.25404360900622,52.45817639960239,1.8676060905317065,12.593712546611954,52.91878463012904,0,2026-08-25 06:31:50
2024-01-13 22:02:00,CNC-03,H,299.71886436801776,312.26208566149484,2669.3521154946948,18.645860268776147,113.81135954803077,3.2425008999724887,9.419767594451693,52.747925343287484,0,2026-08-25 06:31:50
2024-01-13 07:20:00,CNC-01,L,296.29905970629795,310.42688305066764,1787.1260155044515,39.49402779019974,73.86459259746701,2.432211367729467,13.373658816958889,57.689555590544984,0,2026-08-25 06:31:50
2024-01-13 20:58:00,CNC-03,H,299.7860923126239,312.7157688194925,2609.5211103109027,21.98080357356897,42.576535797201196,3.1861582559109753,10.746705582588564,56.15071049174084,0,2026-08-25 06:31:50
2024-01-13 20:24:00,CNC-03,H,300.365289205717,313.4526831434539,2538.955912304408,23.62163442442478,3.533066783475734,3.0725838320092924,,48.454234902749064,0,2026-08-25 06:31:50
2024-01-13 23:50:26,CNC-01,L,299.65287562248534,312.14630937541784,2679.7124089314334,17.883622415886585,148.8144210620435,3.538435802241492,8.909766880119111,48.535762039215726,0,2026-08-25 06:31:50
2024-01-13 19:25:00,CNC-03,H,299.9810776428172,314.7409826066565,2339.156429822766,32.973640671415154,167.33153715888182,3.189884721552672,14.321880237279423,50.55899865284837,0,2026-08-25 06:31:50
2024-01-13 00:26:00,CNC-03,H,298.90269470813564,310.3592864357875,2779.3057089137346,13.907252893943834,67.76486954789733,3.3047181385235675,7.155707113516643,48.577000972649806,0,2026-08-25 06:31:50
2024-01-13 19:19:00,CNC-02,M,298.73861676228034,313.4430023636074,2139.5314793836283,31.287440131542724,215.6851226659906,3.470699729212647,12.637291049145889,49.5355039173815,0,2026-08-25 06:31:50
2024-01-13 04:03:00,CNC-03,H,296.8081668168373,310.03239644574455,2232.6459878864016,26.008165589947712,73.81992121491594,2.794569382439129,10.862713728382678,56.11894746239441,0,2026-08-25 06:31:50
2024-01-13 21:35:00,CNC-03,H,299.4587082856565,312.49441968839676,2689.5565330592735,21.164922323736015,84.06678944888927,3.2688620229410694,10.35780966206741,52.1855920361907,0,2026-08-25 06:31:50
2024-01-13 06:56:00,CNC-02,M,295.3978112248633,309.76331241616685,1848.009049963775,41.263160473581124,39.823673827245365,2.5104039664844655,13.866690331718313,58.588282057670206,0,2026-08-25 06:31:50
2024-01-13 20:26:00,CNC-03,H,300.0605885771472,312.6672842592058,2424.5448766915374,22.34171450911055,5.8184098852010635,2.9223407043816962,10.092689795377684,57.12117195323025,0,2026-08-25 06:31:50
2024-01-13 07:13:00,CNC-03,H,296.27550174867156,310.7613497865307,1911.159757579526,38.569326376558365,104.22990064259649,2.7310110049352563,14.026248447635663,58.57409658328233,0,2026-08-25 06:31:50
2024-01-13 16:33:00,CNC-01,L,26.187558365976656,39.812703848160254,1826.6058495378056,37.29967346227178,30.072860707836522,2.4190025280307497,12.58062989129001,55.1206360598376,0,2026-08-25 06:31:50
2024-01-13 15:57:00,CNC-03,H,31.360464446257026,40.027137655071556,1625.9522890557002,45.37943461219215,157.51005861065298,2.4056076984717203,13.734878062399819,42.77342354422147,0,2026-08-25 06:31:50
2024-01-13 02:33:19,CNC-02,M,23.89372768066164,37.183180008391844,2662.2653218971636,19.908552337977284,173.3595029837023,3.640184901571431,9.808983268368697,57.22521548404276,0,2026-08-25 06:31:50
2024-01-13 07:07:00,CNC-01,L,296.11216171938827,310.44368178010143,1977.9689137543396,37.474285123990654,55.32820735424488,2.6296283243385026,13.736606614613942,60.066049786491725,0,2026-08-25 06:31:50
2024-01-13 00:31:00,CNC-03,H,298.61375226128064,310.5611860815597,2736.896953186122,15.794882150929395,73.04792358914635,3.309177690842648,8.076881673379908,51.711861245388086,0,2026-08-25 06:31:50
2024-01-13 04:52:00,CNC-03,H,296.60016761668413,310.40379647515687,2243.4255718443305,27.22899245195194,134.0229830244156,3.0062983655220052,11.510460911391991,59.593696626322476,0,2026-08-25 06:31:50
2024-01-13 12:55:00,CNC-01,L,297.67193368510823,312.39401819735417,1391.3932787537158,53.56457886729049,147.70749623872655,2.275190828595847,14.23243191575995,57.0452779215011,0,2026-08-25 06:31:50
2024-01-13 08:54:30,CNC-03,H,296.12177394812335,311.47120172800453,1502.7006438120281,52.182662872021325,255.24182661482806,3.19962877970851,14.714137391893857,57.197396112102545,1,2026-08-25 06:31:50
2024-01-13 18:14:00,CNC-02,M,304.3336836568622,313.3462176938332,2083.229902825829,36.12845802631651,132.9418444145417,2.907247573929247,14.004913478400297,42.07464098161836,0,2026-08-25 06:31:50
2024-01-13 04:35:00,CNC-01,L,296.33741594429,309.2316030112221,2449.6216159231535,21.3741182492929,93.88735041550599,3.17753975072155,9.828248876178694,59.76928274542783,0,2026-08-25 06:31:50
2024-01-13 03:44:00,CNC-03,H,297.42592573250994,309.6257778833763,2306.7451885103524,20.422758062748482,50.96594215370352,2.7870207390746544,8.978498478571186,58.949089639673915,0,2026-08-25 06:31:50
2024-01-13 07:53:00,CNC-01,L,296.24209248839355,310.847698790553,1651.4440625282266,46.101787846116885,121.5640205494936,2.4725214039535293,14.188330023572876,54.42337006758535,0,2026-08-25 06:31:50
2024-01-13 22:22:00,CNC-03,H,299.2600838347406,312.3256078693351,2587.7268802803173,21.21095168860967,135.91837867621538,3.2857626603166357,10.15147888524982,51.51656162872818,0,2026-08-25 06:31:50
2024-01-13 12:08:00,CNC-02,M,296.6200166424428,310.92550174457176,1390.1547407712198,50.96847402071445,63.469087601312246,2.0976308566617323,13.195622559819927,1929.0269338451849,0,2026-08-25 06:31:50
2024-01-13 20:49:00,CNC-02,M,298.6597421155247,312.2222778750389,2326.335578902112,24.34805373624352,106.41350333904813,2.889216549722343,10.364883722714971,54.93521433136833,0,2026-08-25 06:31:50
2024-01-13 07:37:48,CNC-02,M,295.8719979046513,310.2473678408587,1672.617389822963,43.45629864545313,97.95837048195031,2.372980161088052,13.796777161376099,56.312306550128405,0,2026-08-25 06:31:50
2024-01-13 14:59:00,CNC-03,H,303.9591471228309,311.9057795975685,1512.244643998768,45.85321434067301,70.46736724458367,2.144995257417801,12.830765273599498,47.0911813755184,0,2026-08-25 06:31:50
2024-01-13 05:26:00,CNC-03,H,296.56607737613507,311.29007867246696,2299.3942655506835,32.31862881540001,177.25225475712313,3.2120654613282387,13.74933667239721,55.52201830993268,0,2026-08-25 06:31:50
2024-01-13 06:00:00,CNC-01,L,296.23844067293237,310.5581871726154,1952.4830029095058,34.84582473222376,202.9379048957078,3.412167840224376,12.644340560079732,60.582423956960014,0,2026-08-25 06:31:50
2024-01-13 22:53:00,CNC-03,H,299.2532759602779,311.79314221108706,2731.6487006505813,16.379849025622114,169.4618142059109,3.484283495976138,8.650374827417037,57.663181256984565,0,2026-08-25 06:31:50
2024-01-13 23:26:00,CNC-01,L,299.8834195134237,311.65196299409695,2817.339694261255,13.540097001537205,124.34867073958041,3.49881461253046,7.252998625551519,50.7793134838915,0,2026-08-25 06:31:50
2024-01-13 16:10:00,CNC-02,M,25.16210210206617,40.45835797006015,1673.4416848291924,44.48160465679102,199.77752232445465,2.957737504656114,13.854160018251498,51.346348924074434,0,2026-08-25 06:31:50
2024-01-13 22:57:00,CNC-03,H,299.18872250317577,311.6321410048752,2804.0223177556727,15.351104200454547,173.59119962340233,3.821213143841307,8.036515749830338,50.61331513703569,0,2026-08-25 06:31:50
2024-01-13 05:50:00,CNC-01,L,296.13550989599014,310.98893895425255,2117.9604527898678,34.15305895523543,189.66508478609506,3.4124058602137812,13.63061967854654,57.40395636239307,0,2026-08-25 06:31:50
2024-01-13 22:19:00,CNC-02,M,298.15596599576224,311.70578462321464,2554.242437962958,20.456330461171888,206.6108262335222,3.8247879358864583,9.945640062813954,55.86050891909615,0,2026-08-25 06:31:50
2024-01-13 12:26:00,CNC-03,H,297.0180813200161,310.95971126194024,1347.5675846882457,49.889811434357654,74.57948538717672,2.127770243466686,12.66178860006906,54.97033974376481,0,2026-08-25 06:31:50
2024-01-13 06:47:00,CNC-01,L,296.35420964115235,0.0,1913.7321937268637,38.3724170742895,27.34458382844554,2.55173002971373,13.497849045450259,57.14152059203688,0,2026-08-25 06:31:50
2024-01-13 17:43:00,CNC-01,L,300.0664499862926,314.44720162922,1877.5504836668786,37.76101757206559,127.17806003827086,25.817560153450188,13.139476116776137,50.69632985704833,0,2026-08-25 06:31:50
2024-01-13 08:25:00,CNC-01,L,296.26324287192875,310.8947431381912,1555.1148949892608,46.776929086571435,168.83202883554014,2.7014506248175496,13.838850590264473,62.02665003488004,0,2026-08-25 06:31:50
2024-01-13 11:34:00,CNC-01,L,297.410278030583,310.8093909376194,1315.297562856351,50.59260490697624,19.09094303826574,,12.294785079412732,55.280667167302255,0,2026-08-25 06:31:50
2024-01-13 23:45:00,CNC-03,H,298.87844839505664,311.90308648603155,2695.0636274569824,18.03094109775999,224.76019747855122,38.846792680548326,9.125909271256258,54.358630857390125,0,2026-08-25 06:31:50
2024-01-13 05:18:00,CNC-02,M,296.01793129332293,310.6008851859264,2271.2058063626973,30.642194132824475,151.73437290147257,3.055782150182184,13.025807948686655,56.38849099639439,0,2026-08-25 06:31:50
2024-01-13 16:41:00,CNC-03,H,26.248068493969924,41.91974405014702,1998.1248112467383,42.04326015037725,221.1848722332923,3.4005116190635576,15.54068369594597,55.31741316685041,0,2026-08-25 06:31:50
2024-01-13 18:58:00,CNC-03,H,299.81190364540635,313.6872050130514,2075.2388233577003,30.458438288204547,133.676007788517,2.803375470043684,11.691094827650792,47.22432659247526,0,2026-08-25 06:31:50
2024-01-13 08:40:00,CNC-01,L,296.6847366362446,311.5630506167374,1516.3887562739392,48.07628500643106,191.4093328306545,2.788249408576702,13.604604925715797,58.19755123748082,0,2026-08-25 06:31:50
2024-01-13 18:11:14,CNC-01,L,300.1672990858176,314.7407875150435,2143.4447883997373,34.33338029531447,162.96998828680705,3.1303017820505477,13.846781080957427,50.369483162736636,0,2026-08-25 06:31:50
2024-01-13 09:41:00,CNC-02,M,295.3253750314493,309.25140235263285,1686.923577102004,41.47001092898509,47.766553492003126,2.288567279402661,13.045573288002982,62.198844387004314,0,2026-08-25 06:31:50
2024-01-13 10:17:27,CNC-03,H,296.1152306046882,310.49636734523017,,50.748076698270715,108.53021948904991,2.241783549016953,14.213376694071203,67.57907283185014,0,2026-08-25 06:31:50
2024-01-13 18:51:00,CNC-03,H,299.97674214729255,313.41769840755654,2158.201750086572,28.833447740653064,124.81049629146177,3.005953055750992,11.647821865835212,53.62084630791489,0,2026-08-25 06:31:50
2024-01-13 00:55:00,CNC-03,H,298.8428682703547,311.42444727863256,2772.2686917843553,17.32926313430986,98.46841041973515,32.601856214137435,8.616938782459627,51.272966834526905,0,2026-08-25 06:31:50
2024-01-13 07:31:00,CNC-01,L,296.45259868715965,310.93503486899317,1671.3268553889895,45.250314796642336,89.77080012081028,2.2703301555299107,14.059093001523236,52.618138584388035,0,2026-08-25 06:31:50
2024-01-13 12:37:00,CNC-03,H,297.3035260748881,311.30894575689734,1370.5014935427923,50.85106554335614,92.09810901258784,2.1429320454264746,13.144539043762435,55.27467575389488,0,2026-08-25 06:31:50
2024-01-13 10:55:00,CNC-02,M,295.87396895898996,310.70919080732966,1447.482386907257,50.146491476952775,164.20706109215058,2.4903201933980617,13.714799237273418,52.96452026475944,0,2026-08-25 06:31:50
2024-01-13 10:02:00,CNC-01,L,296.58661263659127,310.35067122151,1330.7890473687805,50.81928541513211,83.25411038467804,2.019108659881529,12.602509742524798,60.04523741847898,0,2026-08-25 06:31:50
2024-01-13 15:41:00,CNC-02,M,298.318510333711,312.8129111594775,1742.8406080617485,38.748022611335,157.2714052192997,2.703774225860029,12.744568665330018,53.21712613183984,0,2026-08-25 06:31:50
2024-01-13 23:04:00,CNC-03,H,299.04993222147647,312.49691693598203,2653.4289079109867,21.181175308943928,181.11042252113435,3.6140836189287477,10.463790063534143,56.59540599649669,0,2026-08-25 06:31:50
2024-01-13 08:21:00,CNC-03,H,295.9880047293034,310.8160538135988,1603.6510213330762,46.39607143095703,202.6879322208093,2.8097670613050325,13.61091530917428,54.726644798789714,0,2026-08-25 06:31:50
2024-01-13 16:51:00,CNC-01,L,26.517709805476557,40.13345546993247,1857.8149441310238,35.14161815626082,55.510787993494695,24.45914495436143,12.405289476742508,49.19546446921226,0,2026-08-25 06:31:50
2024-01-13 19:39:00,CNC-01,L,300.3656481398403,312.9497811912429,2425.211517695896,20.47228377669925,64.59644932493515,3.0560285456329477,9.41785143676044,51.081792926841786,0,2026-08-25 06:31:50
2024-01-13 22:06:00,CNC-02,M,298.2692317649246,310.9232235952598,2663.9521299972903,15.200226819192835,192.46300136357607,3.7149409813167695,7.6604581946169255,55.98096554987308,0,2026-08-25 06:31:50
2024-01-13 13:45:00,CNC-01,L,298.35470422993404,313.8693232423845,1488.0433969561414,53.593382766920065,226.43136174944178,3.276643063992763,14.814793625533934,58.28793059558726,1,2026-08-25 06:31:50
2024-01-13 23:17:00,CNC-01,L,299.8255416084283,312.19712936594686,2677.754103557031,16.680377359416568,114.77186659719013,3.3899681077478228,8.588865420131544,54.4274414155015,0,2026-08-25 06:31:50
2024-01-13 08:59:00,CNC-02,M,295.8560596973639,310.71053408252556,1638.50892319932,45.0487579411022,219.29534901657377,3.1754373880654114,13.923597137633605,62.064163439442325,0,2026-08-25 06:31:50
2024-01-13 06:11:00,CNC-02,M,295.44205769545357,310.2960019540221,1903.3127809227065,38.57150249937168,221.94026598134872,3.325930479532362,13.61228605783851,60.79497190288545,0,2026-08-25 06:31:50
2024-01-13 17:49:00,CNC-01,L,300.22176749452916,314.75033604115896,2020.4317389892283,36.413664745619876,135.20517990753376,2.8500237572345477,13.970242976844274,48.618405178209336,0,2026-08-25 06:31:50
2024-01-13 20:36:00,CNC-01,L,300.36327769621647,314.89553582191155,2396.8798435500094,30.262463640099106,132.23060358535307,3.1267987726400017,13.4458442266666,52.585985294573945,0,2026-08-25 06:31:50
2024-01-13 11:14:00,CNC-01,L,297.15889475705427,311.87271477987355,1335.5622493660935,52.5425276867746,196.85516257273878,2.7560918457202757,13.073055798597883,58.58540401857454,0,2026-08-25 06:31:50
2024-01-13 21:31:00,CNC-01,L,300.2843337539233,311.3060036052939,2724.1115695851204,11.176777376447786,0.0,3.305933187049149,5.269643410002538,51.464855448255264,1,2026-08-25 06:31:50
2024-01-13 18:37:00,CNC-02,M,298.79925149698835,313.77041644872406,1974.8094114919384,36.64348999950588,162.86477851253628,2.912912995141058,13.503084016127675,56.09121287315752,0,2026-08-25 06:31:50
2024-01-13 20:40:00,CNC-01,L,300.4575427524404,313.5874194264536,2513.2612379858065,21.34293690175432,136.75405708538003,3.317140361678013,10.1406191511707,53.101931970312044,0,2026-08-25 06:31:50
2024-01-13 15:09:00,CNC-02,M,298.06669586778617,312.5477498745524,1637.53175463268,43.80664895216395,109.57832624850053,2.3129018095741736,13.318826852081866,52.85251943073905,0,2026-08-25 06:31:50
2024-01-13 18:09:00,CNC-02,M,304.0465928779064,312.21814937933925,2154.804348310844,31.121343158912023,126.26367840476824,2.828019204276508,12.511715915435039,42.034335029737164,0,2026-08-25 06:31:50
2024-01-13 10:42:43,CNC-03,H,296.70100111995066,311.4466217088297,1344.5819647694223,54.40148031560877,149.4885474286901,2.212394785285218,13.842329502248152,56.170743914602056,0,2026-08-25 06:31:50
2024-01-13 23:56:00,CNC-02,M,297.66892372585477,310.06024957680364,2784.146625332837,16.019738664225805,75.49098963415796,3.326720283950143,8.374382162615053,57.90577332383077,0,2026-08-25 06:31:50
2024-01-13 17:08:00,CNC-02,M,298.50507039131435,312.38073439146467,1935.0435468290152,34.75048519582212,43.731243665162836,2.4937789186268255,12.478645731706548,52.691786348295636,0,2026-08-25 06:31:50
2024-01-13 15:33:00,CNC-01,L,299.16732836917254,313.56095727298987,1527.8314968160785,44.682051036867506,149.56793227379384,2.5152019443900318,12.789767677572625,53.101183105651415,0,2026-08-25 06:31:50
2024-01-13 21:48:00,CNC-03,H,299.5961725214931,312.1186079267327,2612.07665622062,18.942481056252706,98.58841207749936,3.2582559568233815,9.310570290033047,50.346595741965444,0,2026-08-25 06:31:50
2024-01-13 18:08:02,CNC-02,M,304.3321753943599,312.9567413520878,1997.508866650961,35.31779753479013,123.67887338946295,2.6364305380086406,13.292683008466518,47.16483179161957,0,2026-08-25 06:31:50
2024-01-13 12:37:00,CNC-02,M,296.61352364856316,310.68234225334925,1266.5666578796518,51.988887196593346,109.54783770635001,2.0103868414473443,12.653057111619804,60.58140463890124,0,2026-08-25 06:31:50
2024-01-13 20:00:00,CNC-03,H,300.1192018988579,313.5811105134719,2385.52756887772,23.988931387688883,209.87658966120702,3.493940883492976,,48.54756910373143,0,2026-08-25 06:31:50
2024-01-13 03:57:00,CNC-03,H,297.2773087365908,310.48317336926715,2394.42037199211,24.788955583700346,66.58122161088983,2.965919976190843,11.138727246282862,57.820997648697556,0,2026-08-25 06:31:50
2024-01-13 20:29:00,CNC-01,L,300.52479837999107,314.04671275645484,2371.126789321945,25.05947417005775,124.16550965917469,3.130913010187113,11.36128919789001,54.41800112090996,0,2026-08-25 06:31:50
2024-01-13 03:43:00,CNC-03,H,297.3046384115026,310.63180431485756,2541.2528060554973,23.023924727150597,49.780524327952364,3.147350142454523,11.179416625090722,55.386915870744176,0,2026-08-25 06:31:50
2024-01-13 15:15:00,CNC-02,M,298.220473300928,312.56995942209926,1514.7659678408281,46.232032450675696,118.65922577436632,2.2825410826437036,13.085489780047443,52.20653169360513,0,2026-08-25 06:31:50
2024-01-13 21:42:00,CNC-01,L,300.09466874265644,311.17965956882813,2732.8493665284172,12.732239805154075,12.26374948540277,3.266518871990453,6.51535287991751,54.202981875577656,0,2026-08-25 06:31:50
2024-01-13 13:46:00,CNC-02,M,297.3126756009662,312.70434222757814,1471.80468232985,0.0,218.73273471271395,2.8426210288823497,14.658277216528644,57.576212040126826,0,2026-08-25 06:31:50
2024-01-13 07:06:00,CNC-03,H,296.1649119507348,310.42412222009443,1847.7854505718385,38.70087287777031,94.39500813867124,2.5016653659499664,13.192992853225507,59.51637886769203,0,2026-08-25 06:31:50
2024-01-13 15:40:00,CNC-03,H,304.31569803931615,312.6209531710901,1695.234315451239,42.44329803178771,132.35448541776682,2.5682762387442715,13.620817121821817,39.01502033078521,0,2026-08-25 06:31:50
2024-01-13 05:53:00,CNC-01,L,296.3786016073329,310.97742712116917,1950.2265638094227,36.8959792364281,193.63220716399456,3.1382928566834516,13.457618557672587,60.046785391292836,0,2026-08-25 06:31:50
2024-01-13 20:25:00,CNC-02,M,299.2066839334239,313.3182446514453,2291.359781430858,26.83604375835384,78.18301131150471,2.91947292066455,11.741369688759459,45.14304098484229,0,2026-08-25 06:31:50
2024-01-13 06:36:00,CNC-01,L,296.10659310755574,309.96884130939856,2104.624835903897,33.733589958308265,12.206267740606405,2.714799506621416,12.95052832828611,56.40899880494995,0,2026-08-25 06:31:50
2024-01-13 05:42:00,CNC-02,M,295.38954723123385,310.31918527560606,1984.2570178413878,37.77960362858377,183.07172542231865,3.0772433700536186,14.033326072821746,56.29606458894035,0,2026-08-25 06:31:50
2024-01-13 23:33:00,CNC-03,H,298.6711182309091,312.06233449842773,2619.3678521572283,20.210833767256208,212.0718305760624,3.6351623285909693,10.146789898163156,57.20522613004402,0,2026-08-25 06:31:50
2024-01-13 06:46:00,CNC-02,M,295.16006158756016,308.5908839209323,1781.5282431458068,36.66055302287425,25.905475008341686,2.3168599589706718,12.38520657259179,56.628409023474795,0,2026-08-25 06:31:50
2024-01-13 04:43:00,CNC-01,L,296.4397523544684,309.4727495641134,2146.068900017214,25.146502295986224,103.90421819849986,2.7907521593801605,9.907788934646145,60.21689840206783,0,2026-08-25 06:31:50
2024-01-13 08:04:00,CNC-01,L,296.34195440545494,311.10034490287336,1680.2086233056832,44.77410816065833,137.54923032579848,2.510634804791431,14.142316588308951,54.48355174699423,0,2026-08-25 06:31:50
2024-01-13 13:15:00,CNC-03,H,297.51357649314116,311.94713520381816,1337.261323726203,53.05913249890134,152.09409390612095,20.89177959919603,13.154395286790761,57.78698914852758,0,2026-08-25 06:31:50
2024-01-13 18:32:00,CNC-01,L,300.3289205006251,314.708409476425,2051.5786346124487,34.8716608603665,191.7628939987759,3.32397418706544,13.462520902346318,48.04786391158538,0,2026-08-25 06:31:50
2024-01-13 04:08:00,CNC-03,H,296.80285459823915,309.5933918837703,2335.2728366758024,22.511737822938365,79.92200510249573,2.837176976674831,9.811666392930999,58.85845998636275,0,2026-08-25 06:31:50
2024-01-13 07:46:00,CNC-02,M,295.3647587382521,310.26011132579833,1654.6690441990177,46.143640702059756,110.89796951174927,2.4843379955896983,13.999427815981281,56.23460972824518,0,2026-08-25 06:31:50
2024-01-13 07:48:00,CNC-03,H,296.0710324019636,310.73478161457115,1850.6297622660145,38.47490610231219,154.2417980189347,2.7630091653629,13.314021577086915,59.887207292226215,0,2026-08-25 06:31:50
2024-01-13 12:44:00,CNC-02,M,296.4173186798389,310.5503171782145,1298.557587196298,51.994396319989974,120.65717339374663,2.107612569871175,12.509493231564415,58.59823449981506,0,2026-08-25 06:31:50
2024-01-13 01:18:00,CNC-01,L,303.78351849132616,311.109413725696,2576.3362963147083,21.760856449738846,108.3750014439058,3.2593533514051,10.509989523215141,41.41854042107259,0,2026-08-25 06:31:50
2024-01-13 00:11:00,CNC-01,L,298.84094434685676,310.6876158749356,2659.8872656319077,16.263516703895753,36.845116050545606,3.1534876423098215,7.951457039104544,54.0796273129756,0,2026-08-25 06:31:50
2024-01-13 13:37:00,CNC-03,H,298.0876788528172,312.81689105807123,1386.0040759758815,54.12360529043213,186.89465573233213,2.5976182333333293,13.866137616879525,56.17599331742146,0,2026-08-25 06:31:50
2024-01-13 20:48:00,CNC-01,L,300.35331725230674,313.5418038785443,2538.1103471860956,21.452158198201253,145.92033994581772,3.356190947844952,10.312613144355353,49.99642233552395,0,2026-08-25 06:31:50
2024-01-13 04:56:31,CNC-02,M,295.7746173215009,309.07165201689986,2210.239960930348,25.429206623047328,123.94649047389106,2.91598519407946,10.156606796565578,59.48179016113949,0,2026-08-25 06:31:50
2024-01-13 19:44:00,CNC-02,M,298.6840040726347,311.9502226547399,2347.669810536442,24.44461855011742,29.268990831138822,2.916176642593458,10.790799479742555,54.36000551092218,0,2026-08-25 06:31:50
2024-01-13 01:14:00,CNC-01,L,303.7398193694482,309.9956341646048,2737.5509752531384,16.41414970450672,104.05287534349716,3.405360619009294,8.340813363530785,44.172968420485056,0,2026-08-25 06:31:50
2024-01-13 12:18:00,CNC-02,M,296.7228951561076,311.0716815579669,1386.4809270262706,51.416785671661884,79.38551225438042,1.994324219392105,13.229971297762328,52.49100060570002,0,2026-08-25 06:31:50
2024-01-13 14:41:00,CNC-03,H,303.98669098250434,311.99452079636563,1488.980022259454,48.0439565446325,43.10716815999628,2.1167720259535883,13.433767430851452,42.32485146355503,0,2026-08-25 06:31:50
2024-01-13 04:29:00,CNC-03,H,296.78733457590744,310.358232436779,2247.2034333315487,27.415603983320505,105.48407199534995,2.854879455842098,11.350838626175857,58.1156985670692,0,2026-08-25 06:31:50
2024-01-13 23:46:00,CNC-01,L,299.66349600509886,312.4013416204847,2596.400944099423,18.073101846392138,145.53704735218403,3.447013370049045,8.828171987060426,50.43439044907373,0,2026-08-25 06:31:50
2024-01-13 01:20:00,CNC-03,H,298.7242557943067,312.3091291357247,2661.7210845038326,23.201453884894303,125.25834210843928,3.396630244942127,11.444985165858418,55.507274560051194,0,2026-08-25 06:31:50
2024-01-13 23:37:00,CNC-02,M,297.95537120766465,309.4819793306237,2679.3841293063415,13.643201314463646,55.21967766245994,3.2381818034834597,6.87426591012442,56.293824248365794,0,2026-08-25 06:31:50
2024-01-13 21:41:00,CNC-03,H,299.72717743281083,312.215652714772,2621.2918705427746,18.284348448844995,90.78645672547248,3.215199955512586,9.063380698975097,55.73303846606574,0,2026-08-25 06:31:50
2024-01-13 07:46:00,CNC-03,H,296.11486489540556,310.966734206639,1726.2170648884853,46.14822989072826,151.36668832381324,26.015944938875876,14.805355232701531,57.97181326394271,0,2026-08-25 06:31:50
2024-01-13 19:09:00,CNC-01,L,300.3987378905849,314.1357940452903,2123.463363820315,32.26674959056757,27.594879263104513,2.7197476328246135,12.550517659040482,49.62070797346237,0,2026-08-25 06:31:50
2024-01-13 19:11:00,CNC-03,H,300.01509835795554,313.8106197968351,2275.6065041345546,28.678111385356825,149.95421928049942,3.045523584306983,12.20362248290253,53.66348111841809,0,2026-08-25 06:31:50
2024-01-13 06:51:00,CNC-01,L,296.1094144824418,309.81314821647857,1766.2759531957502,38.67109421652865,32.90907205742974,2.359951015388804,12.89354263236895,60.40920665901373,0,2026-08-25 06:31:50
2024-01-13 07:38:00,CNC-03,H,296.30663926663027,310.51638583556684,1849.4500982133643,37.68289258714691,139.84099200500958,2.5321659069789653,12.791987336628097,60.836566979374815,0,2026-08-25 06:31:50
2024-01-13 02:24:00,CNC-02,M,24.10136389284486,37.11183322233808,2661.603566576586,18.58049125879332,162.25883001804843,3.428901732025946,9.187241814630513,60.091255337142144,0,2026-08-25 06:31:50
2024-01-13 18:22:00,CNC-02,M,298.544039569637,312.4450997840942,2179.02496550711,27.340824865367317,143.40535308353472,2.9399826575658703,11.214878666657738,54.309737349108275,0,2026-08-25 06:31:50
2024-01-13 02:41:00,CNC-03,H,24.62562119835337,37.137597311192394,2791.142668796021,15.308807791021472,214.1480052687109,3.9335988851998547,7.847826819804465,61.253476592865994,0,2026-08-25 06:31:50
2024-01-13 11:22:00,CNC-02,M,296.1084638715343,310.3028251627439,1461.0373005078475,44.310033021192304,207.1162475188827,2.7562654603546073,12.290872946608996,58.55240259601239,0,2026-08-25 06:31:50
2024-01-13 14:58:00,CNC-02,M,297.93405098691113,312.70232250043176,1555.3377591037406,49.25816377699728,92.77662190369401,2.3111815383248353,14.274429614874142,55.43837579448277,0,2026-08-25 06:31:50
2024-01-13 13:41:00,CNC-01,L,298.190902843514,313.2227268073289,1561.8206555065653,50.18129600952787,220.09938605214373,3.255946845840631,14.44478766207932,61.62036128939553,1,2026-08-25 06:31:50
2024-01-13 01:29:00,CNC-02,M,297.7229203019029,309.7907233805049,2518.454692865796,18.03050221255835,102.11461641683819,3.109699230959865,,57.08770024069413,0,2026-08-25 06:31:50
2024-01-13 12:34:00,CNC-02,M,296.432589562829,311.1210600456889,1467.9087417914116,49.81351627489148,104.77660292392649,2.1029915307892537,13.482800601471212,54.78523138238981,0,2026-08-25 06:31:50
2024-01-13 09:40:00,CNC-03,H,296.4195492059699,310.4912656468199,1378.6228436281797,52.975490645171725,48.923191489425456,1.987303844538249,13.80330812743443,58.50418114395734,0,2026-08-25 06:31:50
2024-01-13 02:49:00,CNC-03,H,24.587081427365604,37.98212658921159,2510.591487771809,21.532375330074753,223.30039950260988,3.747192339044272,10.03827515642212,57.507383824194676,0,2026-08-25 06:31:50
2024-01-13 18:40:00,CNC-01,L,300.2923678182007,315.0059979824872,2156.185236929349,32.611120743134975,202.17475898128433,34.388798246808975,13.319207509794763,49.661931214356024,0,2026-08-25 06:31:50
2024-01-13 07:18:00,CNC-02,M,295.5567855489878,310.02055023853114,1796.8099046066775,40.70611345053666,70.6704903265168,2.383079385342129,13.551225105890982,61.22137296046393,0,2026-08-25 06:31:50
2024-01-13 18:23:00,CNC-01,L,300.12740556362417,315.2198691632026,2005.9621982642236,38.42755852715434,180.0231861968421,3.219008099370893,14.612545637870827,48.09955730577513,0,2026-08-25 06:31:50
2024-01-13 23:06:00,CNC-03,H,299.1579173740256,312.17519354871064,2617.5677608372007,19.366370301307114,183.2696504119282,3.4664229445055876,9.354922578528631,51.2125660792752,0,2026-08-25 06:31:50
2024-01-13 18:18:00,CNC-01,L,300.0639926302015,315.0153017470054,2045.6854676328749,38.149517228997496,173.55836943791743,3.1125406694638738,14.731858493415627,51.08194682748681,0,2026-08-25 06:31:50
2024-01-13 03:14:00,CNC-01,L,297.3903736412332,311.0574765833068,2544.585189726524,21.81189663985627,237.2100208813213,4.407764471045365,10.496689609400345,51.28469034815538,0,2026-08-25 06:31:50
2024-01-13 18:18:22,CNC-03,H,300.2289148149357,314.1814580011501,2079.347109742248,33.89825415349129,80.98282972039719,2.830454304759942,13.32355336849089,52.506361483153555,0,2026-08-25 06:31:50
2024-01-13 13:40:00,CNC-01,L,298.1099195705476,313.0742349324034,1413.5724917942835,52.878336065440365,218.58122731790786,3.105027056051731,13.75455482182336,55.702695283526474,1,2026-08-25 06:31:50
2024-01-13 14:57:00,CNC-01,L,298.9278798851667,313.19075832923824,1562.0177594498728,47.219759651979,95.51887955939061,2.26037508915554,13.881096847109502,52.465427414632714,0,2026-08-25 06:31:50
2024-01-13 05:06:00,CNC-03,H,296.3044532119362,310.5161288017554,2053.714209857505,33.01632330628435,151.62520384803403,2.825483869609409,12.803770018739375,62.62494577517229,0,2026-08-25 06:31:50
2024-01-13 23:23:00,CNC-01,L,300.245524622513,312.6150919804609,2694.181774039955,16.693728120778534,121.21750446477651,3.3792539364162715,8.328777386754322,51.07269804829098,0,2026-08-25 06:31:50
2024-01-13 01:26:09,CNC-01,L,303.67464252303944,310.5232590643193,2642.3962331679463,19.293969973329062,118.25726442834099,3.37266681991117,9.581737398740637,47.307811545849766,0,2026-08-25 06:31:50
2024-01-13 14:18:00,CNC-01,L,298.6686746685247,312.98522269566763,1548.8801587082637,49.42851049748853,35.58458374708825,2.17072647779002,14.308191458581144,52.08833664867944,0,2026-08-25 06:31:50
2024-01-13 13:40:00,CNC-03,H,298.3710615024983,313.559790888239,1568.047968039766,51.242168521487784,191.55173355701655,2.5826199802203296,15.110652485762015,56.02713430254979,0,2026-08-25 06:31:50
2024-01-13 18:53:00,CNC-03,H,299.88790397611604,313.7810876829396,2026.2962109548641,32.58715959902071,127.35314205017488,2.716815031532856,12.377558259309803,51.28319478099868,0,2026-08-25 06:31:50
2024-01-13 23:28:00,CNC-01,L,299.61892000746377,311.1789264634842,2767.2212552985093,13.08500991526023,126.46551601966887,3.5178300062286496,6.716066903934163,50.899914897597185,0,2026-08-25 06:31:50
2024-01-13 00:18:00,CNC-01,L,298.6489410313366,,2664.173305192968,15.756949797409186,44.29151073949389,3.23224646727899,8.029580108879546,50.29128039821624,0,2026-08-25 06:31:50
2024-01-13 07:53:00,CNC-03,H,295.93492191884496,310.8309332144829,1720.8210035218049,43.77459091920688,161.50653927278697,2.67793289636899,13.985812115419764,56.04145120988082,0,2026-08-25 06:31:50
2024-01-13 18:30:00,CNC-02,M,298.6222938154492,312.9829680812102,2127.1896347767474,31.688946487930828,153.78345906176983,2.8868959820586593,12.520205222795628,56.249349237081105,0,2026-08-25 06:31:50
2024-01-13 16:23:00,CNC-02,M,25.10659466721779,40.07958119218148,1713.812115314625,40.70863739341397,218.57456502405753,3.239842615014929,12.900230701723602,51.676880924163356,0,2026-08-25 06:31:50
2024-01-13 07:49:00,CNC-02,M,295.6499953942483,310.7354536910087,1715.7401671387431,46.967516462181926,115.19461012925967,2.3902170219322136,14.841502743732857,62.056077293411654,0,2026-08-25 06:31:50
2024-01-13 06:26:00,CNC-01,L,296.3859193450456,311.8925566817692,1976.3499092865625,40.70090158251145,237.9103507514323,3.885449465461535,15.113038350420576,55.974559379540466,0,2026-08-25 06:31:50
2024-01-13 08:49:00,CNC-01,L,296.38043221942826,311.11612313834684,1518.1788056965488,49.01419128257948,205.12637102884253,29.700738052952133,13.734959837698593,57.43756432380337,0,2026-08-25 06:31:50
2024-01-13 07:41:00,CNC-01,L,296.2379680263065,310.4762479224881,1675.7998071870184,42.268642452865976,104.17617609729533,2.39637368276933,13.341741688174768,59.66399652418666,0,2026-08-25 06:31:50
2024-01-13 07:29:00,CNC-01,L,296.1344194148212,310.5529320225957,1790.31457423885,0.0,86.82919355345852,2.4336920061770733,14.105762771637794,55.146840972913324,0,2026-08-25 06:31:50
2024-01-13 16:56:00,CNC-03,H,299.4048744939895,314.95508397753497,1767.217116159991,46.61133094498182,242.23476657122134,3.2764171048319732,15.409537484188483,52.79338015995526,0,2026-08-25 06:31:50
2024-01-13 23:35:00,CNC-01,L,299.4890323041404,311.53231422917037,2672.1492018170547,14.877932777344201,133.85788496199535,3.4616157212494665,7.370962132916226,48.52722006848554,0,2026-08-25 06:31:50
2024-01-13 11:34:00,CNC-03,H,296.7698712580158,,1339.9522811174693,53.68879212020004,228.8109881845365,2.7561281449287307,13.432767021264546,57.893739652844005,0,2026-08-25 06:31:50
2024-01-13 20:19:00,CNC-03,H,300.1160205838866,314.7031086291384,2142.4276430027166,31.82295823759165,232.53771459358364,34.377902160914196,12.948934824598435,53.61958969054904,0,2026-08-25 06:31:50
2024-01-13 03:06:00,CNC-02,M,23.723454913832825,36.737746787993046,2603.502105007455,18.30389451638392,209.2918133721359,3.8940857820079104,9.02376300718633,57.34404947017433,0,2026-08-25 06:31:50
2024-01-13 01:17:00,CNC-03,H,298.52477736796664,311.1294465392122,2656.7359434210157,17.90706063320445,,3.2428419757749665,8.931624261726965,57.824714427100325,0,2026-08-25 06:31:50
2024-01-13 08:00:00,CNC-01,L,296.3364835669667,310.3996508785118,1725.561302179636,40.861579359328616,131.66536921901732,2.586756192913778,13.118477514783665,57.054854571825466,0,2026-08-25 06:31:50
2024-01-13 22:42:00,CNC-02,M,298.02560987883805,311.61786476226314,2600.3783652651728,19.26323714633172,231.37187129665392,4.157717101616203,9.362037743509584,52.52442972375158,0,2026-08-25 06:31:50
2024-01-13 21:47:00,CNC-03,H,299.4640472114305,312.23457202499947,2660.6661388344037,19.529094115393136,97.49099615358918,3.2844170761293663,9.703239431820005,54.07288608148023,0,2026-08-25 06:31:50
2024-01-13 12:25:00,CNC-01,L,297.68904365136086,312.33522623682416,1492.2198101633767,48.401970337853555,100.14616158788482,2.2995364987325604,13.686841648659621,57.775771615758714,0,2026-08-25 06:31:50
2024-01-13 01:04:00,CNC-01,L,303.9618542578907,310.19039924811426,2754.1861960083575,16.0916908854748,93.28622497144241,3.3618471819755227,8.120178920528819,42.72080979130775,0,2026-08-25 06:31:50
2024-01-13 19:42:00,CNC-02,M,,312.190122753496,2323.401839573558,23.09529784918648,26.90217721945772,2.9025136588447964,9.775130672766045,49.444989245914435,0,2026-08-25 06:31:50
2024-01-13 16:26:57,CNC-01,L,26.16210209953806,40.005513263396836,1759.4761289792434,39.875518561049574,20.069911785821446,2.4203228782254973,13.026546522134781,48.21822734210732,0,2026-08-25 06:31:50
2024-01-13 00:49:00,CNC-02,M,298.35623802342855,310.50925961242984,2682.276975931005,17.516014594715738,59.36375681608886,3.1991610282697027,8.857921781477346,53.22034901095184,0,2026-08-25 06:31:50
2024-01-13 07:02:00,CNC-02,M,295.664511575928,309.9519254949326,1929.2315203370433,37.60693620480653,48.16581227438813,2.597042919785349,13.706049075406007,57.83209215879025,0,2026-08-25 06:31:50
2024-01-13 22:56:06,CNC-01,L,300.1357833703286,311.8041049527412,2818.7962412812517,13.41124364800683,92.22622597291988,3.418016310830929,6.884577444136326,50.914034769287795,0,2026-08-25 06:31:50
2024-01-13 10:26:00,CNC-03,H,296.559738303564,310.6465134849406,1501.0475692305743,46.320329932464126,121.15956440664827,2.1996940208411226,13.135084937509683,55.58896714438838,0,2026-08-25 06:31:50
2024-01-13 09:00:00,CNC-02,M,295.7755916156876,310.89560504272214,1466.6753508272097,50.613183850087495,220.86609301386,2.9472159748909132,13.862731476751929,60.16819285632104,0,2026-08-25 06:31:50
2024-01-13 12:15:00,CNC-01,L,297.7315400769189,312.1951668502314,1443.0873805157928,50.93950416723188,84.27362754813052,2.1562684537886168,13.745070005149461,61.87548027649967,0,2026-08-25 06:31:50
2024-01-13 18:26:00,CNC-02,M,298.4375171868218,313.14469921370227,2142.4531962622123,33.52797077383293,148.57750546089173,2.984569188037665,13.69068083952784,51.0400119465518,0,2026-08-25 06:31:50
2024-01-13 08:47:00,CNC-01,L,296.52963097872197,312.01891643565693,1624.0878251230035,50.13008947649145,201.99671341107646,2.9784403837749376,15.29722633495846,53.22998542032405,0,2026-08-25 06:31:50
2024-01-13 06:49:00,CNC-01,L,296.2859016783731,310.1942102675156,1952.6171370090808,36.5904750610485,30.092422575042157,2.562549047949571,13.469132637093063,55.702228659323275,0,2026-08-25 06:31:50
2024-01-13 12:22:00,CNC-03,H,297.2216138268303,311.07722654890625,1326.0271179242716,50.76042188527376,68.2397806806423,2.0523185139376423,12.490036868370725,53.62313463747119,0,2026-08-25 06:31:50
2024-01-13 05:00:50,CNC-01,L,296.2325372617456,309.95451639066,2156.6530678736926,28.627532010729215,127.65092048053756,3.0079547827220146,11.59972166933419,56.45871222553527,0,2026-08-25 06:31:50
2024-01-13 18:52:00,CNC-02,M,299.12794619150947,313.5999948059625,2098.3860539729776,31.700265917089858,182.13625767985178,3.1979497893050364,12.483923328664128,56.00934263442274,0,2026-08-25 06:31:50
2024-01-13 08:51:00,CNC-03,H,296.1767897667403,311.3718504736019,1537.9631029354339,51.46405488175965,247.6185294597986,3.052713564767269,14.677279357380327,56.51959604737782,0,2026-08-25 06:31:50
2024-01-13 07:51:00,CNC-02,M,295.4180399908766,309.9414338423457,1610.1420550075056,46.609016229061105,118.14319787210171,2.4653843148034373,13.781144340316843,60.29934834684996,0,2026-08-25 06:31:50
2024-01-13 12:05:00,CNC-03,H,296.99020876253894,310.9394203560812,1400.9991163334666,50.38055215686533,41.22715375852719,1.9680563490653429,13.17641105973559,58.94997291714417,0,2026-08-25 06:31:50
2024-01-13 08:57:00,CNC-02,M,295.63092006178243,310.5297418457251,1578.3335243936806,46.43707919811019,216.35363469190682,2.989453921576043,13.538069673770067,60.94626260053703,0,2026-08-25 06:31:50
2024-01-13 10:52:00,CNC-02,M,295.57962153765413,310.569621823079,1389.5623235615124,55.307058931957336,159.45557774194694,2.473452579960036,14.590264154159186,59.3251840570288,0,2026-08-25 06:31:50
2024-01-13 10:11:00,CNC-02,M,295.54457147311825,309.7394771882125,1408.2241199568539,48.20914699747319,94.60524991298469,2.2250656535522566,12.952766469287665,60.09486206539501,0,2026-08-25 06:31:50
2024-01-13 02:42:00,CNC-02,M,23.638098804354854,37.44473739358665,2466.391809219675,25.85568616914809,182.24681679247658,3.6044911769673598,12.107867559312936,51.99509240658106,0,2026-08-25 06:31:50
2024-01-13 15:52:00,CNC-03,H,31.310608411471378,39.77191878785226,1619.7236232855385,44.192265502904725,150.21830056154525,2.4397968159765733,13.291136147070869,44.702346122166915,0,2026-08-25 06:31:50
2024-01-13 00:31:00,CNC-02,M,298.76250902113844,310.9404553904614,2666.7003635373458,17.789485398212044,40.2312127427093,3.1593229812032875,8.800031043257988,1937.98720040374,0,2026-08-25 06:31:50
2024-01-13 21:28:00,CNC-03,H,299.61066639646265,312.05061797567475,2507.5477927012944,19.03074818894857,76.3242450613284,2.949415720060313,9.05595667233044,49.799911791693894,0,2026-08-25 06:31:50
2024-01-13 20:13:00,CNC-03,H,300.36165725683793,314.4027927327018,2358.4553363374175,26.883020911312617,225.4252638456592,3.6794630165123605,11.85157497900511,51.85785734494425,0,2026-08-25 06:31:50
2024-01-13 09:59:00,CNC-02,M,295.47695244433396,309.5892058739049,1383.0021961201958,50.097841665201095,75.66778153552778,2.1276306463969483,12.9555445311349,61.28321562720943,0,2026-08-25 06:31:50
2024-01-13 22:15:38,CNC-01,L,299.90463013788224,312.4715287296772,2720.788341142667,18.817171218360283,48.13427464264668,3.2217293211744185,9.273897249113315,51.19185151616175,0,2026-08-25 06:31:50
2024-01-13 22:00:00,CNC-01,L,300.1672545301194,311.76529542230907,2619.0850361331554,14.583720554582737,31.836680730548583,30.929807252016914,6.874874490925492,52.50932179283215,0,2026-08-25 06:31:50
2024-01-13 13:48:00,CNC-01,L,298.43880445453567,313.57588488308255,1390.1266419634542,55.38917103503231,231.11251358153837,3.2047869304225336,14.534190708756812,56.31007217063945,1,2026-08-25 06:31:50
2024-01-13 15:08:00,CNC-03,H,303.9519869956635,312.12848244994916,1595.7387552697742,43.72595708242645,84.20140844629009,2.2930242578962012,13.033812381181797,48.348897926121474,0,2026-08-25 06:31:50
2024-01-13 11:07:00,CNC-03,H,296.58353697365726,311.65280022002906,1399.8697322811772,54.40796061822765,185.85954896168724,2.5295521928093785,14.314273626414238,58.45206137124255,0,2026-08-25 06:31:50
2024-01-13 00:40:00,CNC-01,L,298.7955261297021,309.90198733691216,2701.4566648584505,12.174112507468289,67.76220307877124,3.297424704359879,6.007500651459593,51.58066068508703,1,2026-08-25 06:31:50
2024-01-13 22:41:00,CNC-03,H,299.16503730017456,311.4595808791475,2620.435020714355,16.513831326480716,156.60125335961047,33.27539913353313,7.986289995824106,48.59564134336738,0,2026-08-25 06:31:50
2024-01-13 02:45:00,CNC-02,M,23.83521488327142,37.1479725615024,2511.4127415838143,21.437121573810607,185.61066644593114,3.550289901503217,10.420897040022423,54.460166702652316,0,2026-08-25 06:31:50
2024-01-13 08:41:00,CNC-01,L,296.37446419802444,311.5520829099351,1619.416802431686,49.775972634158805,192.905808572314,3.0054632555289746,15.158195543877827,1909.350152120384,0,2026-08-25 06:31:50
2024-01-13 11:06:00,CNC-01,L,297.06113794688764,311.7086734454178,1333.0371422314813,53.70905190105955,184.2200677053866,2.5246941602671593,13.21002211618573,54.23432657405728,0,2026-08-25 06:31:50
2024-01-13 00:16:00,CNC-03,H,298.81332599307694,310.8668034705502,2673.359578452091,16.36624476191308,56.99063147362231,32.22561895497846,8.222414482597145,55.969158457178985,0,2026-08-25 06:31:50
2024-01-13 20:58:00,CNC-02,M,298.901662514006,312.3747556945342,2401.455935963191,24.07255746536044,116.70242715472,3.105381815746365,10.645495786378746,,0,2026-08-25 06:31:50
2024-01-13 07:49:00,CNC-01,L,296.2623369082981,310.7460484265715,1750.7773188967842,42.62706120354873,1915.6720494307071,2.6107317456744754,14.00779044700896,57.83593211805883,0,2026-08-25 06:31:50
2024-01-13 08:31:00,CNC-03,H,295.93529651985915,310.7319182332075,1656.0018296042863,44.18836673222761,217.49599736220094,2.758439110522982,13.931494986359722,62.18581147816114,0,2026-08-25 06:31:50
2024-01-13 21:41:00,CNC-02,M,298.74345869704297,312.03587667671076,2645.8067668374765,19.992999480158296,164.89954679999133,126.30576188861896,9.704939979555329,53.52674146866469,0,2026-08-25 06:31:50
2024-01-13 23:27:00,CNC-01,L,299.63763977965846,312.3040103665969,2603.6121704371053,18.696336446964068,125.43366671795776,3.4314234417940184,9.334069328705162,52.36201312357957,0,2026-08-25 06:31:50
2024-01-13 06:25:00,CNC-01,L,296.23568485747046,311.618998253504,1964.4298914210879,40.01512299124806,236.56196101343298,3.8006690251529798,14.933108102827008,54.94004290354463,0,2026-08-25 06:31:50
2024-01-13 22:16:00,CNC-02,M,298.3378691047855,311.4211001936441,2673.229849967057,17.669094989783595,203.33440192100397,3.934468045164448,8.555789534985216,52.10105094774709,0,2026-08-25 06:31:50
2024-01-13 11:22:00,CNC-01,L,297.38819017793395,310.76684241938034,1280.6877090836958,49.04717706409779,0.0,1.9716693729020793,11.6842589600307,56.10920926992899,0,2026-08-25 06:31:50
2024-01-13 11:23:00,CNC-03,H,296.8015407295923,311.4625886625659,1363.984898902926,53.355347034609686,211.3025681209558,2.6069453415637893,13.512274735607678,55.01158100297279,0,2026-08-25 06:31:50
2024-01-13 12:22:18,CNC-02,M,296.55330169714864,310.4637389344625,1325.0805048304992,49.83852169811163,87.36931090337751,2.0822880729484865,12.21057333285082,59.13672306315106,0,2026-08-25 06:31:50
2024-01-13 22:49:00,CNC-01,L,300.12825112287055,311.8033546990553,2694.8786371441574,13.829562922173551,84.84298276887678,3.2984747189416317,7.414740976665031,50.6035509294024,0,2026-08-25 06:31:50
2024-01-13 21:46:00,CNC-01,L,299.84847791228685,311.62921252451787,2628.0548699982046,15.652516258385926,16.715048923586558,3.218450962771511,7.386065393596658,49.414072378797364,0,2026-08-25 06:31:50
2024-01-13 18:48:00,CNC-01,L,300.10657927250395,313.8654676040505,2170.08517791739,32.3767765039867,1.2949016286097235,2.898764858301722,13.29996702094372,51.685846896249885,0,2026-08-25 06:31:50
2024-01-13 20:52:00,CNC-02,M,298.56304771146995,312.661604247553,2480.5503333261745,25.847306918524893,109.86403039664066,3.0761546755489353,12.218326519673994,54.27141412472705,0,2026-08-25 06:31:50
2024-01-13 09:38:00,CNC-02,M,295.5030061826229,309.866528305948,1483.5616545785126,48.61038003599135,43.20236188217975,2.1691455317937094,13.434443289271295,67.28568313677351,0,2026-08-25 06:31:50
2024-01-13 12:15:00,CNC-02,M,296.6022523486035,310.7472331479122,1416.0156802972704,50.00215872817033,74.60583718009782,2.1344232159441514,13.505104247645905,59.260174197770624,0,2026-08-25 06:31:50
2024-01-13 00:36:00,CNC-01,L,298.5902739919177,309.90789769511935,2737.8445902174954,12.634139011572282,63.57070605884091,3.267205341273226,6.219248184639338,55.62963056790506,0,2026-08-25 06:31:50
2024-01-13 15:27:00,CNC-01,L,299.17323950315154,314.03216605438445,,45.59479231172922,140.5521312140045,2.5979598950579974,14.417682270232241,51.12679984410276,0,2026-08-25 06:31:50
2024-01-13 20:31:00,CNC-02,M,298.9919939245135,313.1149513890051,2334.530283927083,26.30940371919911,85.36925122511863,2.9645953589860934,11.416196324362112,51.588295144576826,0,2026-08-25 06:31:50
2024-01-13 16:33:00,CNC-02,M,25.19424739981463,40.34667676246846,1800.102604549889,41.318791306504814,232.90592467418847,33.4752697603347,13.652661406339556,48.458456475450554,0,2026-08-25 06:31:50
2024-01-13 07:15:00,CNC-02,M,295.46024507544934,309.30754927100963,1735.6989678185,38.245877765284256,66.42941658925704,2.4023856538499713,,60.17722823158064,0,2026-08-25 06:31:50
2024-01-13 23:15:00,CNC-03,H,298.96078504274425,310.7654698698874,2730.1735428381926,12.630913412451388,192.82776006121983,3.7112038334442055,6.343931904926877,50.579355614398395,0,2026-08-25 06:31:50
2024-01-13 08:54:00,CNC-03,H,296.00067212252657,311.12577342174114,1429.4455670802056,54.19585282462537,252.16667582965894,3.0408072403844555,14.593299401189304,57.35426187210035,1,2026-08-25 06:31:50
2024-01-13 23:47:40,CNC-03,H,298.7548392877408,312.12741573709496,2690.103275463718,19.684191528820914,226.89130612371085,3.9632937095602747,9.98903791018757,54.065247060073006,0,2026-08-25 06:31:50
2024-01-13 18:55:00,CNC-01,L,300.3143991269304,313.2319493859363,2211.2591569876236,25.431898153922678,10.147488492485726,2.8169305684984027,10.787018543618114,52.63402501376932,0,2026-08-25 06:31:50
2024-01-13 01:32:00,CNC-03,H,298.323414869004,311.97297905702777,2731.524727848937,22.187211217405512,138.06566268689298,3.440266934096317,11.32024645544568,55.86246451478321,0,2026-08-25 06:31:50
2024-01-13 02:27:00,CNC-02,M,23.729986264449394,37.748344058078715,2521.663913655398,26.744206109024653,165.59497193937977,3.50971408736417,12.782642617924598,56.31975954790237,0,2026-08-25 06:31:50
2024-01-13 12:28:00,CNC-02,M,296.74873777087595,310.46580959741004,1290.0892240828516,50.59734240890196,95.2869081573978,2.074477872842163,12.231673490906411,58.76725497760915,0,2026-08-25 06:31:50
2024-01-13 15:30:00,CNC-03,H,304.3346692550851,313.21720154414226,1690.9644570386936,46.37228515691215,117.47521528507133,2.3199109659683925,14.841460778199284,47.496083367498116,0,2026-08-25 06:31:50
2024-01-13 16:40:00,CNC-01,L,26.221698188898642,40.25692718258597,1929.2789991260845,37.407443074227736,40.013657075988,2.4757908726640436,13.427364600308922,49.498216810629735,0,2026-08-25 06:31:50
2024-01-13 10:01:00,CNC-03,H,296.1225388077652,310.0182507805909,1334.1121464206096,49.00671308605314,81.67557849473133,2.001324010323046,12.357486963563245,59.64568907130175,0,2026-08-25 06:31:50
2024-01-13 02:58:00,CNC-02,M,23.55542153160826,36.97701739930693,2565.720806996541,20.928770565747286,200.15814314687466,3.765382623359263,10.151768796443875,60.26124216569221,0,2026-08-25 06:31:50
2024-01-13 23:52:09,CNC-02,M,297.9259982653143,310.42618596796757,2762.1560508133753,15.783090617173881,70.11122215220603,3.3448296524882166,7.946677795750187,54.771276572138035,0,2026-08-25 06:31:50
2024-01-13 14:34:00,CNC-01,L,298.88293739341424,312.84670927565685,1586.2682007926824,44.97604115439613,60.020589510735945,2.2107923848751856,13.267792516544032,55.88264684143341,0,2026-08-25 06:31:50
2024-01-13 01:24:00,CNC-02,M,297.86464167441596,309.9510122779072,2734.382497975552,14.952024609715153,96.72328351865617,3.3250174382498017,7.708385250783261,53.09932674925091,0,2026-08-25 06:31:50
2024-01-13 09:26:00,CNC-01,L,296.52396287841543,310.32446550865546,1505.0326145160655,45.60819593106922,27.40455072114079,2.0923252616432118,12.819648391395404,53.91347026374426,0,2026-08-25 06:31:50
2024-01-13 17:15:00,CNC-01,L,299.7156935692351,314.12141209034286,1790.502437074849,40.44296768546476,89.08930188528039,2.439982274719558,13.352392146704101,51.99793989702225,0,2026-08-25 06:31:50
2024-01-13 07:22:00,CNC-01,L,296.0477384964047,309.8938188459842,1774.7203633154502,38.06797841458349,76.77164433979323,2.4343388989345356,12.634324437541629,59.324111188516476,0,2026-08-25 06:31:50
2024-01-13 14:32:00,CNC-03,H,298.2261810706287,312.3745844342526,1482.2607725513635,49.792845776501814,29.325890857061484,2.134733675825066,13.617749671767465,60.07331546785981,0,2026-08-25 06:31:50
2024-01-13 09:57:00,CNC-01,L,296.26468754378726,310.51053525030784,1534.6441201404862,47.664451280768176,75.39004612424466,2.2741872431827157,13.897376689616276,57.809043945686305,0,2026-08-25 06:31:50
2024-01-13 19:32:00,CNC-03,H,300.23149012646655,314.145485461574,2276.8805069220643,26.48878140060636,175.83736919273895,3.2343089904812734,11.567534669305857,52.10945715749123,0,2026-08-25 06:31:50
2024-01-13 00:08:00,CNC-02,M,299.10591696435597,309.6313925892799,2676.823513433962,9.948670676141456,15.992052595775307,3.2464674244812937,4.873914394002569,56.1865109194385,1,2026-08-25 06:31:50
2024-01-13 13:22:00,CNC-01,L,298.05300817204954,312.7134716982975,1396.6505207690168,52.56197992365989,190.2551410436462,2.745641243214692,13.706384439558066,49.8314899907132,0,2026-08-25 06:31:50
2024-01-13 12:09:00,CNC-01,L,297.44080608931574,311.03636116464617,1358.0363789152868,49.35141823541532,74.70730812798307,2.0728696964667424,12.338902395615293,56.83929513327838,0,2026-08-25 06:31:50
2024-01-13 16:21:05,CNC-02,M,24.92991707541961,40.55882777259285,1765.4811845600582,46.00664960906636,215.6998874589712,3.114059033823997,15.057814057958707,52.17390182638764,0,2026-08-25 06:31:50
2024-01-13 16:04:00,CNC-01,L,25.978561315898332,41.148822610044874,1670.4961758705529,45.88175553381624,195.50102948229213,3.0387607914972423,14.399612059674263,51.957804875702905,0,2026-08-25 06:31:50
2024-01-13 05:34:00,CNC-02,M,295.7800126326103,310.4937922814048,2055.5489377851222,35.71598464558338,172.48893745698416,2.9810473565671454,13.75903055804496,60.858198382100994,0,2026-08-25 06:31:50
2024-01-13 11:48:00,CNC-03,H,296.9470296067229,310.53302219697434,1365.6243931983865,49.875510466314104,14.197850546192365,2.076459975716,12.87370107934988,56.79709840126889,0,2026-08-25 06:31:50
2024-01-13 19:14:00,CNC-03,H,299.8811529735317,314.2920928417418,2326.2794432929063,30.966169058591582,153.66912435365273,3.0820498435743224,13.513988964188748,51.32528327289463,0,2026-08-25 06:31:50
2024-01-13 01:34:00,CNC-02,M,297.7589802691233,310.4457919190561,2622.1346018803456,19.338202422071934,107.59888278081803,3.094532960962339,9.369360108889039,55.933912964843536,0,2026-08-25 06:31:50
2024-01-13 12:18:00,CNC-01,L,297.79178906844356,311.54129972519166,1342.3885455726054,48.28511813272807,89.05528014415174,2.0839317272126308,12.061887472844438,53.82674400054955,0,2026-08-25 06:31:50
2024-01-13 17:09:00,CNC-03,H,299.80485139657475,314.79220710955764,1880.6143745697216,37.78788140983243,260.4199168949493,3.615751373831343,13.381036059666995,55.479381770787874,0,2026-08-25 06:31:50
2024-01-13 12:38:00,CNC-01,L,,0.0,1445.9678436322054,48.37148804336973,120.66974473648811,2.2933961416885746,13.129507297685121,60.91534985074911,0,2026-08-25 06:31:50
2024-01-13 23:31:00,CNC-01,L,300.0614063156077,312.31483128595255,2582.3365466422056,16.978806987376554,129.6291696257195,3.3575176858930207,8.132748652974296,55.052893921661365,0,2026-08-25 06:31:50
2024-01-13 02:30:00,CNC-02,M,23.66312819444397,37.076677640057824,2743.7555180660333,18.852388614417173,168.90632464484528,1260.6194249222349,9.358953828820898,55.669610560926365,0,2026-08-25 06:31:50
2024-01-13 08:16:00,CNC-03,H,296.2055358710837,310.9862006150549,1695.9132553021743,42.8635299225526,195.19507870905494,2.8601670393916163,13.259049546518526,59.71482763701667,0,2026-08-25 06:31:50
2024-01-13 06:44:00,CNC-01,L,295.9584985323085,309.464135419244,1868.6793739112964,35.40995687335406,23.20009348945576,2.4668528318481875,12.599916478551856,63.11987273722329,0,2026-08-25 06:31:50
2024-01-13 11:02:00,CNC-03,H,296.5667013414366,310.4453247233861,1221.869369388034,51.590150832957676,177.96570553794245,2.309425732620742,11.852046972729507,53.835421396289235,0,2026-08-25 06:31:50
2024-01-13 11:38:00,CNC-03,H,296.6791324163522,311.66521492179237,1360.7952029958367,53.88210805347533,235.16161990750612,2.9371281618609566,13.753660921553449,60.071437868114785,0,2026-08-25 06:31:50
2024-01-13 22:31:00,CNC-02,M,298.0373377021775,311.9767768871226,2726.504476412215,20.398352206402265,219.4646244277588,4.037717487509183,10.625365983086118,54.18638563550757,0,2026-08-25 06:31:50
2024-01-13 00:09:00,CNC-03,H,298.66661309720985,309.99954307263476,2747.6271515724156,11.772105737077219,49.60248854326643,3.3244611261857004,5.908445944363686,52.52328879425011,1,2026-08-25 06:31:50
2024-01-13 16:25:00,CNC-01,L,26.008730821441986,39.73210672544178,1800.1548072939318,38.27720944056812,18.645185093833316,2.4427056016710704,12.580974691244302,57.076050775324454,0,2026-08-25 06:31:50
2024-01-13 09:41:00,CNC-01,L,296.4999108382422,310.3496239309038,1342.2667191467156,51.61489326928887,50.499507476607405,2.04861603840186,12.841552093949558,56.44136540162697,0,2026-08-25 06:31:50
2024-01-13 07:44:00,CNC-02,M,295.42024717598747,309.102613727852,1877.5725469344438,35.06453689808447,108.06062157304213,2.5564713184985033,12.164722191683424,58.88119251690905,0,2026-08-25 06:31:50
2024-01-13 23:45:00,CNC-02,M,297.6592906877957,310.4388588135025,2703.032787221357,18.168481272478093,63.79216162404966,3.196058817116485,8.969727857268397,56.477218415612825,0,2026-08-25 06:31:50
2024-01-13 10:26:00,CNC-02,M,295.39442653194425,309.36424496059544,1304.6440461403124,50.27060548319814,118.20906912661698,2.0436996688794666,12.076574407889092,57.01838567337782,0,2026-08-25 06:31:50
2024-01-13 08:35:00,CNC-02,M,295.5521180349157,310.6549905375501,1692.7557477058026,45.423310088522214,183.19813331215892,2.751263351904973,14.228023583355823,58.1716408247119,0,2026-08-25 06:31:50
2024-01-13 21:39:00,CNC-02,M,298.531954000737,312.76745184099656,2542.1400870847924,26.19027786964148,162.7024549413012,3.4586149417241723,12.750691018273066,52.75852695752656,0,2026-08-25 06:31:50
2024-01-13 07:15:00,CNC-01,L,296.249055208396,310.6358299534079,1846.1387260942706,41.01120602989113,66.7995566986586,2.499505992454393,14.129075837692081,59.86495325653514,0,2026-08-25 06:31:50
2024-01-13 09:00:00,CNC-01,L,296.39193980976563,311.6813767968568,1635.0102547281442,48.94237569877831,221.82143778592925,3.3870696526801853,15.01330169564839,55.89535062643387,0,2026-08-25 06:31:50
2024-01-13 11:44:00,CNC-03,H,296.9571286830532,310.43737621301284,1332.689057300227,49.42278899149247,7.953156447843622,2.0484051851261356,12.419443357303741,62.99727867482481,0,2026-08-25 06:31:50
2024-01-13 10:53:00,CNC-03,H,296.23121642466475,310.5268180541841,1409.0073752327635,49.19642381234946,163.71643552192208,2.335465886367392,13.045542058744868,58.08394073728389,0,2026-08-25 06:31:50
2024-01-13 21:56:00,CNC-02,M,298.41967640522137,312.462649640404,2654.8972418613666,22.091461918629502,181.56851713498386,3.660121129797158,10.775228435706772,53.33940732057599,0,2026-08-25 06:31:50
2024-01-13 18:28:00,CNC-01,L,300.4796763896655,315.0369910948965,2227.6080196678167,32.289226448517915,186.5664624445115,3.4558928702095377,13.220074302066449,46.822268168320605,0,2026-08-25 06:31:50
2024-01-13 13:26:00,CNC-03,H,297.87997853951373,312.6986258612929,1470.2615395907137,51.19348546696951,169.48612084607532,2.4140265368604927,14.221572417121008,54.63789819379001,0,2026-08-25 06:31:50
2024-01-13 04:51:00,CNC-02,M,295.97355476697925,309.3155958452371,2373.6227293259476,24.778517309598843,117.74513803782509,3.0452937183788817,11.026497114292447,58.522295468833555,0,2026-08-25 06:31:50
2024-01-13 21:25:00,CNC-01,L,300.06387159137887,313.67482201715774,2496.260979949855,23.071844412309353,187.99533460832328,3.6371314532369494,10.60562968011766,54.74883107699083,0,2026-08-25 06:31:50
2024-01-13 07:22:00,CNC-03,H,296.3360043748576,310.7571477736012,1931.4896590761923,38.34169439676365,117.00078157838003,2.611212865864465,13.85823843802945,62.00749750033407,0,2026-08-25 06:31:50
2024-01-13 14:09:00,CNC-03,H,298.16362459253315,,1493.4866837749155,50.99862703279086,236.8716873680877,2.9647224144895685,13.937208731838295,56.62657601548018,0,2026-08-25 06:31:50
2024-01-13 22:38:00,CNC-02,M,297.9304336677264,311.3435611547044,2617.06048767288,18.82805465379239,227.03364584988532,4.0315247495172795,,58.118194192536045,0,2026-08-25 06:31:50
2024-01-13 02:51:00,CNC-01,L,23.974426582665387,37.47168375847082,2533.342259260288,21.19657597487358,210.8528996926372,3.9847404285973167,10.098748527663897,54.377396318549934,0,2026-08-25 06:31:50
2024-01-13 06:04:00,CNC-01,L,296.1910296675992,310.9207856629225,2094.2475458477998,35.16854102181125,208.24786426283202,3.661248582554661,13.667221497726082,61.89476878163634,0,2026-08-25 06:31:50
2024-01-13 18:28:00,CNC-02,M,298.7273836086456,312.6416829913268,,30.049858167165446,151.1470699353643,2.9159445247870077,11.288141458894126,61.56471968059406,0,2026-08-25 06:31:50
2024-01-13 05:22:00,CNC-02,M,,310.2448382725962,2070.4606014938454,34.43336586098812,156.8750300190286,2.9942467022610013,13.013830138723433,61.1554951458263,0,2026-08-25 06:31:50
2024-01-13 17:57:00,CNC-01,L,300.0267153101823,314.50315396631936,2000.036140486278,329.0999964919428,145.92250881442388,2.88326116760779,14.07673885458729,50.740592729365666,0,2026-08-25 06:31:50
2024-01-13 00:12:00,CNC-01,L,298.82278584934585,310.1696949970008,2762.2102240924905,12.958999415101971,37.87511605054561,3.395499771316839,6.8670210033778165,49.634016434328494,0,2026-08-25 06:31:50
2024-01-13 12:20:00,CNC-01,L,297.7593193465772,311.61685205017255,1337.3145250098498,52.501991078010136,92.21189598884303,2.0176448114422865,13.08015789216505,54.30092476294519,0,2026-08-25 06:31:50
2024-01-13 18:46:00,CNC-02,M,298.411545031675,313.1382785626229,2307.1296319610738,30.02982596705386,174.38948116706274,3.4215831423343155,12.662735058518011,54.05114621097405,0,2026-08-25 06:31:50
2024-01-13 03:36:00,CNC-02,M,296.4531257335401,308.8917919388678,2408.597939040458,20.884692017526664,27.504886976665397,2.99994604422525,9.360078376562358,58.24128852691933,0,2026-08-25 06:31:50
2024-01-13 18:05:00,CNC-03,H,300.01902404466557,313.85704642899054,1904.993375510389,35.102466440593275,65.23438655305677,2.478015583509683,12.66795044781314,44.00342647222833,0,2026-08-25 06:31:50
2024-01-13 15:48:00,CNC-01,L,25.99655924296235,40.644778036704,1620.0243224312733,44.312741654246146,172.0384232642199,2.6096609586635218,13.274771711342453,53.51988486046969,0,2026-08-25 06:31:50
2024-01-13 07:25:00,CNC-02,M,295.2342146980732,308.83793174321085,1715.8668469315833,37.80677153903932,80.64396691499849,2.4488380443756497,12.220384724636332,63.98116158546034,0,2026-08-25 06:31:50
2024-01-13 16:21:00,CNC-03,H,26.201513575214904,41.96042430719234,1738.1285864885522,48.771457194394,192.67792100384506,2.787283966201807,15.895462643777575,50.288472701574534,0,2026-08-25 06:31:50
2024-01-13 17:56:00,CNC-01,L,300.01629353184626,314.64096200055855,2088.603655533614,34.43125664186635,144.5942439102398,2.991983694940729,13.523729419033732,52.33892595651845,0,2026-08-25 06:31:50
2024-01-13 22:50:00,CNC-02,M,298.2290365395024,309.86564811628915,2799.5057094361177,12.738805319401441,5.295695537602114,3.3586014300323432,6.328339145584514,54.3342031103169,0,2026-08-25 06:31:50
2024-01-13 21:34:00,CNC-02,M,298.429816343383,311.97019928747636,2610.543235580269,20.373202471255617,157.13503669397963,3.369431046605276,9.794237949214812,52.26398851619375,0,2026-08-25 06:31:50
2024-01-13 17:06:00,CNC-01,L,299.54745780793695,314.3446805500413,1841.9616262979712,42.8984121074417,76.47968906376843,2.520077507788808,14.930023957265547,51.994430646172674,0,2026-08-25 06:31:50
2024-01-13 18:45:00,CNC-01,L,300.3289381482242,314.6552427319541,2002.9443594699474,35.387928661007564,208.67077858907157,3.4399993860559825,13.299719880428647,51.100458274117756,0,2026-08-25 06:31:50
2024-01-13 00:13:00,CNC-03,H,298.99133825917096,310.806236103463,2682.6361905755866,16.70054532314125,53.773969830750474,3.0836272608060438,8.172696615045437,49.915956340428586,0,2026-08-25 06:31:50
2024-01-13 12:19:58,CNC-01,L,297.94884724550667,311.66012028385455,1371.3264316790894,48.22966358929938,93.7884567036341,2.1124826645521737,12.446806104911103,56.06405116278291,0,2026-08-25 06:31:50
2024-01-13 09:50:00,CNC-03,H,296.259454174754,310.03827718446433,1620.5050126928743,41.949340214841925,64.40595171985214,2.2318665492682017,12.833945283583391,57.087651689945616,0,2026-08-25 06:31:50
2024-01-13 07:20:00,CNC-03,H,296.2128173574427,310.3975603426285,1828.493797926752,38.14049397228994,114.17843287034295,2.4924056140731685,13.192929289606317,59.942953001082564,0,2026-08-25 06:31:50
2024-01-13 03:37:00,CNC-01,L,296.9464383520322,309.9669387477396,2343.5014743594274,25.52196955733086,24.556800152268984,2.9078984532921437,10.95265643199575,56.51386575790178,0,2026-08-25 06:31:50
2024-01-13 21:21:00,CNC-01,L,300.10760952951813,314.2520188581768,2638.8824325576556,24.10656717699349,183.51576704280723,3.6668577841268535,12.007669068068415,53.54913961135581,0,2026-08-25 06:31:50
2024-01-13 12:11:00,CNC-02,M,296.33803231060386,310.5326839696943,1419.2907628341454,50.51428876626374,68.23875400345726,2.138000482236091,13.529643473031598,55.710707728135375,0,2026-08-25 06:31:50
2024-01-13 11:34:00,CNC-02,M,295.99585467032637,309.5042387833639,1268.949066857068,52.045509817765,9.51464501970427,2.023623542167249,12.155369627489874,56.68751520735606,0,2026-08-25 06:31:50
2024-01-13 04:08:00,CNC-01,L,296.68356769468863,309.7108424379195,2196.734354886803,25.821221413903306,61.026505067500224,2.883136132473362,10.589073798754386,55.93652705056535,0,2026-08-25 06:31:50
2024-01-13 11:29:00,CNC-02,M,295.987264383937,309.727359146219,1507.1031844208173,46.0726808689514,1.5742618974809064,2.202817259658879,0.0,53.971260049987336,0,2026-08-25 06:31:50
2024-01-13 06:04:00,CNC-02,M,295.5966892686675,310.7723381341779,2046.1585800854248,37.70065106514637,212.41581686963596,3.331147049749808,14.344527906375959,58.93300995454782,0,2026-08-25 06:31:50
2024-01-13 10:50:00,CNC-03,H,296.2632460883057,311.1000640347419,1564.1488008228207,48.10440048216313,158.961256608219,2.399841870116305,13.891584943670757,59.87546123045797,0,2026-08-25 06:31:50
2024-01-13 11:05:00,CNC-03,H,296.5896684424677,311.22544358735706,1483.830754571667,49.76783584136458,182.67576166223174,2.5272440387279542,13.742529593415322,56.77555629642086,0,2026-08-25 06:31:50
2024-01-13 16:38:00,CNC-01,L,26.37441030212102,40.553802842730875,1924.181014383489,38.29392786193151,37.22173923948724,2.587180375656545,13.653136822556606,52.997395775069904,0,2026-08-25 06:31:50
2024-01-13 13:37:00,CNC-02,M,296.9300579220374,311.85005144774345,1343.7449398197507,56.19515284463109,204.51040644288108,2.7109605444263773,14.264312853655888,57.544684444044556,0,2026-08-25 06:31:50
2024-01-13 07:10:00,CNC-03,H,296.28917879065745,310.8346171986106,1744.3513163685511,43.96431107583037,100.02018087479605,2.4658581069038075,14.462797446671914,54.89238676480837,0,2026-08-25 06:31:50
2024-01-13 14:39:00,CNC-01,L,299.1812835749484,313.0401786540177,1452.0483787948997,46.70617406459695,67.7162463546955,2.0606937082088432,12.739935450192077,50.709806291717264,0,2026-08-25 06:31:50
2024-01-13 23:59:00,CNC-03,H,298.9355412632028,312.9883957437469,,21.361060530093045,239.77980497944753,4.204077263220905,11.248943699037433,56.99897984720828,0,2026-08-25 06:31:50
2024-01-13 01:23:00,CNC-01,L,303.85097403797033,310.5926875257141,2628.0839962817763,19.828830150385993,113.84890125950938,3.315174276131018,9.649519191414717,39.483081769768106,0,2026-08-25 06:31:50
2024-01-13 04:28:00,CNC-01,L,296.67906207329787,310.2510093818238,2276.2287252915585,28.331669428049725,85.35057729904003,2.85555081507864,12.165009584728244,53.863172270188855,0,2026-08-25 06:31:50
2024-01-13 20:12:00,CNC-01,L,300.4316048957934,313.6877081180435,2237.255225974918,26.589381945583916,104.2012298908935,2.971122631604546,11.024454023782223,51.35976032105734,0,2026-08-25 06:31:50
2024-01-13 15:59:00,CNC-03,H,31.411639915112573,39.4343294578448,1509.0884257648158,44.23471549960211,160.4720938579196,2.5724823395162777,12.18985391778015,42.85961280721882,0,2026-08-25 06:31:50
2024-01-13 05:29:00,CNC-02,M,295.9345689520129,310.5659022721692,2146.719617836864,34.25938451017758,166.01953758623776,3.0931302242904235,13.814817737176789,54.079538775462936,0,2026-08-25 06:31:50
2024-01-13 01:00:00,CNC-02,M,298.5442846642584,310.73450661245215,2598.6902039844254,17.91647090720584,71.0645581561688,3.2148726012434903,8.54349963881573,55.77861454995803,0,2026-08-25 06:31:50
2024-01-13 23:36:00,CNC-03,H,298.9900538692735,311.62132557714585,2686.9813438779734,16.528984566894838,215.2184916057266,3.813790801405875,8.077970930558125,53.11089573130686,0,2026-08-25 06:31:50
2024-01-13 20:55:00,CNC-01,L,300.0647024437534,312.7898584684895,2531.8031984808945,18.60950186619286,153.9180082591821,3.4168462963549997,9.141939539057422,49.792149662955744,0,2026-08-25 06:31:50
2024-01-13 02:20:00,CNC-03,H,24.847547987933638,38.834075953231775,2556.687925237229,23.813328371874995,190.56544943816775,34.15561082007608,11.533743601170126,52.212307647585014,0,2026-08-25 06:31:50
2024-01-13 11:10:00,CNC-02,M,295.8386803263874,310.57822402659843,1437.2778839433213,49.547383074877345,188.13885934875498,2.615166592041526,13.383574676105187,57.279424688297034,0,2026-08-25 06:31:50
2024-01-13 01:38:00,CNC-03,H,298.49968763608916,310.8799227191083,2439.7354502164517,18.51303618707858,144.5853791506655,31.642635770181858,8.407057612888307,54.62663734477017,0,2026-08-25 06:31:50
2024-01-13 16:19:00,CNC-01,L,26.19478382438433,39.9541577146004,1654.50042373029,41.75885668600664,10.045862471234727,2.2888840868387925,12.869086174283554,49.030644816411765,0,2026-08-25 06:31:50
2024-01-13 11:22:00,CNC-03,H,296.82986023255245,311.6667444305717,1338.1115295110399,54.66317332569955,209.70256812095582,,13.681175509254603,58.29361718619991,0,2026-08-25 06:31:50
2024-01-13 15:06:00,CNC-01,L,299.0369419087323,313.0895714037836,1548.8614564259212,46.24320130192664,109.21901681017656,2.3032418068888227,13.423667659280913,55.96910822064008,0,2026-08-25 06:31:50
2024-01-13 10:36:00,CNC-02,M,295.6103862749154,309.47169665770423,1332.7283907850795,48.01839099446743,134.0508021874908,2.288014776884824,11.953450916087826,60.75967838196224,0,2026-08-25 06:31:50
2024-01-13 07:46:00,CNC-01,L,296.48791580075283,311.0720200260861,1756.6067568169476,42.153176003151394,111.40833701979476,2.5745368342040367,13.955337178635599,58.32106713757849,0,2026-08-25 06:31:50
2024-01-13 00:02:00,CNC-02,M,298.80069553700315,310.24120748505356,2620.116978843326,15.154109053139054,9.583492756797389,3.215276469545891,7.250513188286213,49.0104084965687,0,2026-08-25 06:31:50
2024-01-13 04:20:00,CNC-03,H,296.99698454606016,310.28734730825977,2319.6535226317983,25.064862313651446,94.42909425801828,2.8841441241221615,10.90566635775535,56.64548574050673,0,2026-08-25 06:31:50
2024-01-13 18:12:00,CNC-02,M,304.3487580240972,313.094744082207,1992.8199901372318,36.031137309819414,130.30127941395867,2.7202601135396858,13.29651923918859,43.153616675033724,0,2026-08-25 06:31:50
2024-01-13 23:58:00,CNC-02,M,297.4710135095948,309.87382333191215,2740.48323872668,15.608848765132137,77.61123383586053,3.26365876262809,8.225559312686856,53.997568996737655,0,2026-08-25 06:31:50
2024-01-13 07:25:00,CNC-01,L,296.31701023877594,310.8316394176604,1779.1799490678798,44.294736899234586,81.07565749737954,2.5147256817945,14.995445321661883,55.78529236768618,0,2026-08-25 06:31:50
2024-01-13 09:24:00,CNC-02,M,295.43868363573927,309.61961840878524,1505.6735016950063,48.68719392347877,21.445986406832887,2.1201087338797135,13.733670349907836,59.26325286583285,0,2026-08-25 06:31:50
2024-01-13 00:05:00,CNC-02,M,299.09646153005167,310.2656961216313,2688.1577806174505,13.151040994769524,12.772999555812795,3.1867982626978058,6.522108502994359,48.64462071215286,0,2026-08-25 06:31:50
2024-01-13 15:24:00,CNC-03,H,304.04441497060077,312.98450097724026,1556.236619422113,49.946561571703235,108.42818533412103,2.2967422510202136,14.609030257337059,40.592813428455976,0,2026-08-25 06:31:50
2024-01-13 03:50:00,CNC-03,H,297.05246847189744,309.6890298443201,2444.449772703716,22.89403705640215,58.20305199354813,2.9584948676443563,10.728858729272117,55.62277925813352,0,2026-08-25 06:31:50
2024-01-13 00:54:00,CNC-01,L,303.8647896657577,309.71713904304363,68013.15728983295,15.537711096682667,82.52069045467765,3.2554775359773345,7.656838823477435,44.63218653893638,0,2026-08-25 06:31:50
2024-01-13 23:28:06,CNC-01,L,299.7848290951499,312.2745143370876,2766.5212326100027,16.332383186654987,127.49551601966887,33.113774678409335,8.606958057452232,50.59314626861821,0,2026-08-25 06:31:50
2024-01-13 16:18:00,CNC-01,L,25.916696484025238,38.998444579005366,1771.6371673319143,34.41657374019968,8.567893111664581,2.428165760754196,11.27875087905693,54.77889320250379,0,2026-08-25 06:31:50
2024-01-13 07:21:00,CNC-03,H,296.08688833075604,310.9244734851348,1808.4458214576932,43.91078382516606,115.61715070644647,2.661489891490119,14.842182018727382,57.525892505113795,0,2026-08-25 06:31:50
2024-01-13 05:16:00,CNC-01,L,296.216973284457,309.9870723914999,2133.6047322532127,29.783461381203004,145.49057500055545,2.9710894284710334,11.97512608755222,58.21637323640987,0,2026-08-25 06:31:50
2024-01-13 03:27:00,CNC-01,L,297.1434692806849,309.7634350668839,2438.888645523112,21.667456845470163,12.791793461931567,3.01144196928565,9.98804907201517,60.65729400535718,0,2026-08-25 06:31:50
2024-01-13 21:54:00,CNC-01,L,300.5074525168836,311.87640537404326,2586.960336065686,14.59848657729587,25.433055406054173,3.1780642154642695,6.83930137540455,50.39718933919331,0,2026-08-25 06:31:50
2024-01-13 21:33:00,CNC-01,L,300.11917971654344,312.07324182152496,2564.628784796715,17.506568597160694,2.238044226713546,3.1787250722289455,8.610640114188982,50.36298219078981,0,2026-08-25 06:31:50
2024-01-13 06:25:00,CNC-02,M,295.6909757943393,311.27441220292206,1941.8112115435028,41.160190828056386,240.90963901154956,3.6361006947930865,15.004934972937816,51.649067778258726,0,2026-08-25 06:31:50
2024-01-13 11:18:00,CNC-01,L,297.0636125729732,312.03684312799186,1442.8284274064274,52.97138579766406,203.23486066234145,2.876350156294421,14.216656566889032,59.51748872291582,0,2026-08-25 06:31:50
2024-01-13 02:33:00,CNC-02,M,23.97089783927362,37.447095716861156,2449.7580846880774,23.955618388238104,172.28411010844786,3.445110704087607,10.954389278672338,53.04874825684376,0,2026-08-25 06:31:50
2024-01-13 07:19:00,CNC-01,L,296.20602831223016,310.2543986489902,1809.421315382217,38.86458488957806,72.4577022042148,2.4371989030139343,12.977550190295084,55.54048893056214,0,2026-08-25 06:31:50
2024-01-13 23:05:00,CNC-02,M,297.9952186442979,309.30973842040856,2729.135096453691,11.67256308223224,21.186867118507763,3.246163074119188,5.939444726260623,53.12064299123884,1,2026-08-25 06:31:50
2024-01-13 22:20:00,CNC-01,L,300.24773632293187,312.0724008957277,2498.052045445882,16.752943720712658,53.51369679605982,3.0298019154812237,7.804351430923773,54.289533948563715,0,2026-08-25 06:31:50
2024-01-13 09:46:00,CNC-02,M,295.5121061811812,309.967435167594,1463.8266495534263,48.857889437858816,55.57145455325359,2.0872103111945313,13.431889279759664,57.25093120071535,0,2026-08-25 06:31:50
2024-01-13 16:52:00,CNC-03,H,26.52885044377888,41.0511274728496,1922.0262475414759,37.24050182042417,236.56266428698737,3.3335701204250494,13.374154205046834,48.636083096000036,0,2026-08-25 06:31:50
2024-01-13 03:43:00,CNC-01,L,296.901268543692,309.636300773658,2321.443072358012,24.27635787499209,31.58908337652284,2.866139462302151,10.607325062862422,55.6576985471525,0,2026-08-25 06:31:50
2024-01-13 00:10:00,CNC-03,H,298.88160783611806,310.2010523224796,2749.000744579113,12.677157858182502,50.63248854326643,3.258605365842061,6.498557264633707,50.01662092078092,0,2026-08-25 06:31:50
2024-01-13 14:31:00,CNC-01,L,298.7816567833989,312.25329999148124,1543.3914326590896,42.26681632218451,55.47663588927135,2.2273939473793063,12.179392567076485,54.52950361967076,0,2026-08-25 06:31:50
2024-01-13 04:46:00,CNC-02,M,296.02171719597374,309.9105662907461,2165.6701237426687,28.77165505846478,111.60386711738992,2.9767176334976706,11.685314321209457,57.30231372291717,0,2026-08-25 06:31:50
2024-01-13 22:04:00,CNC-01,L,300.13877676466325,312.8409028476012,2681.5162983183695,,36.22344271869249,3.300587568389184,9.695794036595615,51.446009911580795,0,2026-08-25 06:31:50
2024-01-13 11:21:00,CNC-02,M,295.7425770360206,310.5118198401021,1378.781422156594,52.26512557939239,205.58363111077665,2.7771841911163087,13.449416450491528,54.31875115314004,0,2026-08-25 06:31:50
2024-01-13 10:01:00,CNC-02,M,295.57100286765996,310.3074622799868,1438.2280930722513,51.25175682272505,78.83723021877667,2.0705575320531304,13.753167577797585,57.519848091117694,0,2026-08-25 06:31:50
2024-01-13 14:01:00,CNC-01,L,298.6973811698641,312.39051856142817,1364.0226709579697,49.77815375939831,9.331989653055164,2.049012243953524,12.532916277414857,55.810174267543125,0,2026-08-25 06:31:50
2024-01-13 06:50:00,CNC-01,L,296.356843754731,309.96847539452267,1923.090482952231,35.1397574871258,31.48230000058247,2.4843945933394767,12.88720496791468,49.04536147846514,0,2026-08-25 06:31:50
2024-01-13 00:20:00,CNC-02,M,299.0657518676273,310.68896195946854,2836.587088359809,13.16691974232003,28.624339308035793,3.2592115880033314,6.769382558678218,55.484632015100516,0,2026-08-25 06:31:50
2024-01-13 14:07:00,CNC-01,L,298.52791269913286,313.44471988481314,1562.157727703947,53.64982635576705,18.638766929896565,2.309077787974303,15.530583706434332,56.13111527488821,0,2026-08-25 06:31:50
2024-01-13 13:25:00,CNC-01,L,297.95552707443494,312.44529393112026,1427.9411280060085,50.105106631981386,195.03244801081848,2.8828494461279934,13.151984852900778,56.45069918877587,0,2026-08-25 06:31:50
2024-01-13 16:05:00,CNC-01,L,26.224555997428638,41.69525266502046,1620.4624079288724,49.72559841478025,196.9804089383375,2.985599251538106,15.039754260094362,55.28622830756894,0,2026-08-25 06:31:50
2024-01-13 12:40:02,CNC-02,M,296.7352688964285,310.9763811164749,1506.0030579753338,46.494935412948884,114.28226781831168,2.187880634620812,13.219548969251557,57.4523690128585,0,2026-08-25 06:31:50
2024-01-13 13:26:00,CNC-01,L,298.14671750499207,312.7719592621005,,56.6581542315543,196.63244801081848,2.732112677255277,13.778504905893378,52.0788012874845,1,2026-08-25 06:31:50
2024-01-13 13:13:00,CNC-01,L,297.6640901503339,312.0809338314417,1352.0716104064397,54.3713995308062,176.094668096784,2.5659935555031814,13.779728319552932,61.29502838351838,0,2026-08-25 06:31:50
2024-01-13 05:10:00,CNC-03,H,296.41657755951445,311.3949296676066,2181.7338734138307,36.218241992249844,156.73467078228092,3.0714055760523475,14.869877273042318,59.310532518593874,0,2026-08-25 06:31:50
2024-01-13 12:17:00,CNC-02,M,296.41356403817764,310.5498563682014,1348.731005110747,52.371738146444685,77.7859027892763,2.0346112047803513,13.239815867011782,57.75588436148677,0,2026-08-25 06:31:50
2024-01-13 03:01:00,CNC-01,L,24.215919080689616,39.051404085938145,2515.6834363771786,28.367664467245092,222.2599965099431,4.202049772517925,13.402272984580911,52.70781925723991,0,2026-08-25 06:31:50
2024-01-13 11:49:00,CNC-03,H,296.76608283988685,310.4474708331478,1357.2423892275838,49.7944691492102,15.797850546192365,2.1014986088091927,12.389988346478457,54.989632218001674,0,2026-08-25 06:31:50
2024-01-13 12:36:00,CNC-02,M,296.69940216771016,310.9589970375357,1383.6490733335909,49.179453922366406,107.9526013707583,2.106435495956202,12.880963563881519,53.81728180472864,0,2026-08-25 06:31:50
2024-01-13 07:24:00,CNC-02,M,295.31430125677474,309.9653613239111,1838.405572740274,,79.19719113295511,2.5753568560010223,14.23086772310785,58.28693348334626,0,2026-08-25 06:31:50
2024-01-13 23:18:00,CNC-01,L,300.1015328022549,312.79260558593205,2607.993853369338,19.784697088313255,115.88995583588596,3.2959104383696114,9.841414691184497,51.66717018467372,0,2026-08-25 06:31:50
2024-01-13 07:01:00,CNC-03,H,296.16924899789217,310.7889149473045,1825.1551339424727,41.61216944364803,87.3991331132976,2.4810439210767243,14.145981220333091,58.65545839510755,0,2026-08-25 06:31:50
2024-01-13 16:30:00,CNC-01,L,26.22046128345255,39.70729796234525,1789.3650953487236,35.99434224250169,25.785060029667715,2.416989637491043,11.877651152038691,53.09882683362346,0,2026-08-25 06:31:50
2024-01-13 23:36:00,CNC-01,L,299.8155092094151,311.9412030038021,2835.7239463378273,15.063897626564643,0.0,3.5486864922928385,8.025151777282646,53.19844348802777,0,2026-08-25 06:31:50
2024-01-13 15:21:00,CNC-03,H,303.88171561436764,312.11414095604067,1631.9770927644863,43.845486945336766,103.85797001119225,2.3591254471942387,13.250962785028607,42.064395661364145,0,2026-08-25 06:31:50
2024-01-13 07:14:00,CNC-03,H,296.18301840007405,310.36529863695705,1864.6035666457249,37.675073601708945,105.65823361095357,2.5066748633101126,13.269371021243815,57.89409841561627,0,2026-08-25 06:31:50
2024-01-13 00:24:00,CNC-03,H,298.6944777627063,311.19887224682384,2601.5004012525624,19.78676678951935,65.65818209555815,3.0655784545319573,9.637813342627302,51.72486701668353,0,2026-08-25 06:31:50
2024-01-13 05:00:00,CNC-01,L,296.414517651115,310.8665235872525,2257.8594973091353,32.44272587815741,125.08708790190592,2.8988215885897253,13.889959791240384,57.50692729777858,0,2026-08-25 06:31:50
2024-01-13 01:05:00,CNC-03,H,298.45899809030607,310.39625395068634,2728.5330131290048,14.79115459533422,109.2275695927617,3.4385211718839335,7.673580183619122,53.12648035018137,0,2026-08-25 06:31:50
2024-01-13 01:24:00,CNC-01,L,303.74990594527947,310.41046991543107,2609.6830744564295,20.615562242389558,114.96684448370998,3.2538667204278315,10.117537076754074,40.01838700056906,0,2026-08-25 06:31:50
2024-01-13 02:43:00,CNC-01,L,24.494516125494783,38.17980566474887,2514.4784374384117,23.75426906880974,201.84349298780316,3.9941807251822428,10.977470518118277,58.7641091970616,0,2026-08-25 06:31:50
2024-01-13 10:09:08,CNC-01,L,296.4880474148627,310.4462031333819,1344.093749568719,49.21778523746509,95.83939688247392,2.0322686215640524,12.283942959283383,60.150268442962044,0,2026-08-25 06:31:50
2024-01-13 11:38:00,CNC-02,M,295.9471612285779,309.99995651446136,1357.4526641342115,52.83069460971626,15.866276493530831,1.9571829093016355,13.296296952144951,60.01636835103996,0,2026-08-25 06:31:50
2024-01-13 23:49:00,CNC-02,M,297.5791546208302,309.946600196276,2735.107254754764,15.690824446277983,68.02897886179993,3.3628083082832148,8.003647676418208,1857.177106730634,0,2026-08-25 06:31:50
2024-01-13 15:22:00,CNC-03,H,304.2780705571796,313.0293707752069,1517.8042079832928,50.757011848530816,105.39656251019429,2.328984115537083,14.413693350231581,47.99310948468746,0,2026-08-25 06:31:50
2024-01-13 18:47:00,CNC-02,M,299.0957501825158,313.2073150740288,2140.189104008762,29.52359494278504,175.64729573233768,3.1757360801719665,11.67223392449942,54.59307505628609,0,2026-08-25 06:31:50
2024-01-13 16:28:00,CNC-03,H,26.15903868706232,41.26196804211759,2022.7345838731599,38.44049623445772,202.74154201439862,3.135866754936039,14.478738384701497,51.09644823375634,0,2026-08-25 06:31:50
2024-01-13 17:59:00,CNC-03,H,299.8996731833638,313.87638851819764,2022.8457966863634,33.45843426437283,57.231147661141264,2.7041719953677745,12.51784112605158,52.26384781294785,0,2026-08-25 06:31:50
2024-01-13 21:42:00,CNC-02,M,298.4989686552681,312.0923237535612,2577.6969424065483,21.24896940571272,165.99591632164808,3.566829748582835,10.300171364875487,52.720549297123846,0,2026-08-25 06:31:50
2024-01-13 21:26:00,CNC-03,H,299.5502635169037,312.66568995162555,2647.2465221019747,21.46123137968687,74.11370419941018,3.196305801075785,10.775476694231827,53.271384423286854,0,2026-08-25 06:31:50
2024-01-13 15:25:00,CNC-02,M,298.22660901203767,312.66997370167593,1489.915929119188,,133.6918363941731,2.2586773155420388,13.861219567694004,52.800142171567394,0,2026-08-25 06:31:50
2024-01-13 08:21:00,CNC-02,M,295.1024146220881,309.26250511419397,1468.680704276758,44.61672254977785,162.5033196583417,2.5611644406122585,12.147622056352647,58.4509136752945,0,2026-08-25 06:31:50
2024-01-13 16:14:45,CNC-02,M,25.256553492917647,40.860561715207325,1697.6746880548835,47.4342111583355,207.0507233841616,3.0460676676586633,15.117177961119113,57.207960626460554,0,2026-08-25 06:31:50
2024-01-13 23:40:00,CNC-02,M,297.5378327972539,310.9799851327825,2775.355918236551,20.33430287184897,58.40714394141476,3.293332193028717,10.591699101661593,55.316928625399484,0,2026-08-25 06:31:50
2024-01-13 05:13:29,CNC-01,L,296.1992622951543,309.94664103962697,2237.206282759882,28.63695292501169,141.6658095548457,3.0429224738595795,12.100308616130775,54.35071121440478,0,2026-08-25 06:31:50
2024-01-13 21:08:00,CNC-03,H,299.7346829392798,312.36978357928257,2578.5973184264185,20.156932820932546,53.8122659445283,3.162268610239298,9.804825913420489,49.207533196687244,0,2026-08-25 06:31:50
2024-01-13 10:49:00,CNC-03,H,296.59921506671816,311.70475234475884,1487.031305467755,52.52117260949131,157.4328913148441,2.366249030628517,14.548565293897925,55.667293392131945,0,2026-08-25 06:31:50
2024-01-13 14:22:00,CNC-02,M,297.4135054063315,311.60144251417955,1534.092358618752,47.47425594379005,37.40002264136491,2.1760926404440286,13.724319302110583,55.512781202109274,0,2026-08-25 06:31:50
2024-01-13 16:43:00,CNC-02,M,,39.30599390080431,1866.9229329000518,35.598939284242626,8.587015922493517,2.5299343776758425,12.529393766504791,53.535618358440935,0,2026-08-25 06:31:50
2024-01-13 11:52:00,CNC-01,L,297.77848128753516,311.25997297658495,1350.7814971839512,49.156019369354304,47.65817639960238,2.0726009871840327,12.475723962511584,55.80377943418346,0,2026-08-25 06:31:50
2024-01-13 14:40:00,CNC-02,M,297.69865908430046,312.4396113591308,1468.3391055475304,51.27937681555457,65.09098382776577,2.0981297152393745,14.325718206498745,57.28103339619795,0,2026-08-25 06:31:50
2024-01-13 15:44:00,CNC-01,L,299.1954883906603,314.18159169455583,1734.7828673194042,45.44443073914077,166.09476003729708,2.7237365503769557,14.970659469716523,54.78055507043162,0,2026-08-25 06:31:50
2024-01-13 05:17:00,CNC-03,H,296.2990777573877,310.80415668477053,2213.742706808068,31.713674798478678,165.67900819495324,3.1314411017660118,13.138403855746859,61.31684452959527,0,2026-08-25 06:31:50
2024-01-13 03:06:00,CNC-01,L,24.410416437802326,38.38651738245176,2453.509403742218,25.025729495123233,227.98413311712918,4.1287084496120965,11.47203099342537,55.899326551089345,0,2026-08-25 06:31:50
2024-01-13 12:50:00,CNC-03,H,297.5610063363968,311.3667216865394,1218.3625988962597,54.820702082859526,112.55264216179016,2.0589457616083497,12.298071531591754,52.50850684546402,0,2026-08-25 06:31:50
2024-01-13 22:00:00,CNC-03,H,299.54318190623985,312.3476422168447,2636.9290129877472,20.13438266594939,111.62597559576234,3.192193671618237,9.98019902125231,48.7612069673832,0,2026-08-25 06:31:50
2024-01-13 19:24:00,CNC-03,H,299.94230811941605,314.1463444763315,2291.16777700231,29.009769221533112,166.09485011927907,31.45851706965856,12.31275793620684,54.840839161009,0,2026-08-25 06:31:50
2024-01-13 21:01:00,CNC-03,H,299.8310783940713,311.88054163056853,2430.371723667883,19.422524358096748,46.04402126342045,3.0204985894669867,8.813862942172236,51.704770159935556,0,2026-08-25 06:31:50
2024-01-13 07:42:00,CNC-03,H,296.1094472985695,310.53652944094375,1877.4700736731927,38.28179454600919,145.51221609127867,2.5999116983984916,13.245668238873753,55.05381071118805,0,2026-08-25 06:31:50
2024-01-13 04:12:56,CNC-02,M,296.2240112912792,309.49255853339827,2472.706403373268,23.386216333728626,71.34960182714124,3.107954966907244,11.008321329166126,57.301149120602936,0,2026-08-25 06:31:50
2024-01-13 00:52:00,CNC-01,L,304.1557794536323,310.64935273633574,2738.2523927869847,17.88633808007252,80.400148000878,3.3549688352810536,9.05465184480629,42.76315697832658,0,2026-08-25 06:31:50
2024-01-13 11:54:00,CNC-01,L,297.44486771249115,311.0933231666099,1315.8371734569846,49.694603748838524,50.858176399602385,2.042932410897532,12.274821679211248,60.82671878266966,0,2026-08-25 06:31:50
2024-01-13 04:04:00,CNC-02,M,296.06420471901185,308.46083117040615,2474.5303662119986,20.045578803654628,60.46012024323481,29.757594103472133,9.33534058145666,57.75951631019194,0,2026-08-25 06:31:50
2024-01-13 05:09:00,CNC-03,H,296.18677444611143,310.8683712487477,2029.7506749838199,36.23837234084231,155.46959597876,2.915723904037082,13.65913161724855,58.74828098370573,0,2026-08-25 06:31:50
2024-01-13 01:50:00,CNC-02,M,297.6290236483429,310.2062473981397,2791.9396247945842,16.431499772430097,124.84347534451717,3.4792031425239203,8.593541777383406,,0,2026-08-25 06:31:50
2024-01-13 01:13:00,CNC-03,H,298.6548779291319,310.97061209641095,2799.879781697823,16.346429392485433,117.76238386094009,3.414014215661506,8.598571639441015,54.02712082439343,0,2026-08-25 06:31:50
2024-01-13 02:59:00,CNC-01,L,24.180375944178593,38.62165803493633,2501.654628036382,26.116799290554848,220.01049086805205,3.929773256426664,12.05813198842929,56.31221037807079,0,2026-08-25 06:31:50
2024-01-13 11:06:00,CNC-03,H,296.3170390742747,311.26357308951714,1379.2649519978331,54.269775888950456,184.25954896168724,2.5355777930421057,13.967659581195262,60.961874203996345,0,2026-08-25 06:31:50
2024-01-13 04:39:00,CNC-02,M,295.7745000975732,309.7725775578446,2217.669743217197,29.552960279457995,102.98948067469063,2.833875747610838,12.486621949214314,57.56014924113767,0,2026-08-25 06:31:50
2024-01-13 19:27:00,CNC-02,M,298.87149639024835,312.3160963214835,2391.162802050392,25.267170936571816,8.543215139445332,2.9993923391781188,11.492861387438813,58.14633214021955,0,2026-08-25 06:31:50
2024-01-13 07:07:00,CNC-02,M,295.52177872902945,309.30268760234617,1841.9581045741113,35.496095184320176,55.10176906632008,2.490823006545076,12.311747737186664,60.18782768400768,0,2026-08-25 06:31:50
2024-01-13 10:13:00,CNC-02,M,295.4084008991418,310.21662222197125,1519.299193513154,49.862978893815935,97.73719245245466,2.1395616123883165,14.35858814225834,62.98842078994707,0,2026-08-25 06:31:50
2024-01-13 09:37:00,CNC-03,H,296.25011979566955,310.7992367910397,1488.1419592436005,52.362936288703914,44.23327919696463,2.169494830024283,14.496181065430669,59.02983793540711,0,2026-08-25 06:31:50
2024-01-13 10:47:00,CNC-01,L,296.7181414380513,311.424474775933,1393.83332496269,53.31138445135758,154.1014198816554,2.363726741380758,13.81681923600144,57.737347185822614,0,2026-08-25 06:31:50
2024-01-13 22:13:00,CNC-02,M,298.1034881675046,311.4098719731549,2582.779386571352,18.29531688499325,200.02656706877283,3.7710200793790154,8.792611281456502,58.49708752314618,0,2026-08-25 06:31:50
2024-01-13 07:26:00,CNC-01,L,296.39260928133257,310.58705760475505,1765.806121422211,39.773157856017775,82.5057235012146,2.4237436669701196,13.111914735301992,57.380424016177564,0,2026-08-25 06:31:50
2024-01-13 23:39:00,CNC-01,L,299.7100703050456,311.9489995148203,2788.0526497456513,15.063696606722289,138.0389932554782,3.548065729638742,7.977938049141147,49.94704567317511,0,2026-08-25 06:31:50
2024-01-13 10:38:00,CNC-01,L,296.8236606159662,311.3547962698727,1387.3143502446358,53.29681139393004,139.90158995800144,2.376344862107969,13.758173066907846,58.375900461512664,0,2026-08-25 06:31:50
2024-01-13 22:47:00,CNC-02,M,297.8864588474288,310.04107363113604,2708.2403243619983,15.845953943082268,2.1284476855819547,3.300590845491367,8.083879435193639,53.15285269096551,0,2026-08-25 06:31:50
2024-01-13 02:22:00,CNC-01,L,24.73873621828625,37.38991358063157,2683.8929046302937,17.588432161814065,178.3563125688812,3.7404209891365436,8.59235197920693,57.53396194264547,0,2026-08-25 06:31:50
2024-01-13 06:58:00,CNC-01,L,296.2541868123954,309.9333264106131,1970.8753399424293,35.03707819075297,42.7095552198989,2.5329014647945494,12.973240922102333,56.10717787863823,0,2026-08-25 06:31:50
2024-01-13 05:51:00,CNC-01,L,296.26617979388783,310.73758713885144,2111.0007502887606,33.12757395585507,190.97313514827215,3.3203051619410093,13.255761027496812,58.18071054899759,0,2026-08-25 06:31:50
2024-01-13 07:14:00,CNC-02,M,295.4541320715856,309.7552234970564,1912.5120021975627,37.874699942423625,64.97980084071781,2.5669603095554296,13.40694200998088,52.95951636112945,0,2026-08-25 06:31:50
2024-01-13 21:34:00,CNC-01,L,300.0789030856638,312.0515363076853,2606.4117488872384,18.374477923679258,3.3373043914250182,3.0793408164133695,9.058766930432824,49.25367054202378,0,2026-08-25 06:31:50
2024-01-13 09:36:00,CNC-02,M,295.50693991055607,309.63169538884193,1426.176546327664,50.447079731483704,40.10618770669399,2.103028344761953,13.389656035399097,58.45710402031634,0,2026-08-25 06:31:50
2024-01-13 04:47:00,CNC-03,H,296.3337013814863,310.36347641468035,2236.8879261958205,30.110186942927744,127.78943372382251,2.99599427399451,12.671451525504777,59.15583457469401,0,2026-08-25 06:31:50
2024-01-13 10:41:00,CNC-01,L,296.840602602774,311.4073122831419,1404.074747460294,51.21430013713069,144.62415896006638,2.3203485871447294,13.343144101167745,57.90283024954778,0,2026-08-25 06:31:50
2024-01-13 12:35:00,CNC-02,M,296.6741937689143,310.5159428128454,1320.3250718325821,47.75062909262081,106.36273545629254,2.0858882303079103,11.992099629374593,60.51601709650168,0,2026-08-25 06:31:50
2024-01-13 14:48:00,CNC-01,L,299.00839816149215,313.3200363959562,1477.9542709417585,48.68142964926493,81.64765335120578,2.1571011812652983,13.419990814000437,54.188576703763644,0,2026-08-25 06:31:50
2024-01-13 10:14:00,CNC-02,M,295.4723718961012,310.24870492920877,1522.3987264982889,46.37450518214879,99.28278343583472,2.2507073088574985,13.233747185656652,63.227949031879234,0,2026-08-25 06:31:50
2024-01-13 20:56:00,CNC-02,M,299.09288072646194,311.6505237387341,2473.3660470618483,19.75739095037092,114.35270484651625,3.2216864192877264,8.937072477400276,53.541393295265564,0,2026-08-25 06:31:50
2024-01-13 10:39:00,CNC-01,L,297.02966226069884,311.34663238660323,1384.7630817062227,50.515365360145815,141.4554483880293,2.318253514938707,12.89466713184403,61.20890484495641,0,2026-08-25 06:31:50
2024-01-13 01:27:00,CNC-03,H,298.2582627517033,311.2535452429139,2701.399948450157,19.10519829959474,132.68795755365537,3.412242548082598,9.52527801619921,54.06216148688711,0,2026-08-25 06:31:50
2024-01-13 05:05:00,CNC-02,M,295.5039574357559,309.40507896887084,2271.880180599145,28.346045386746017,135.2886791884222,2.9850488916923754,11.902350829205464,60.89983218888922,0,2026-08-25 06:31:50
2024-01-13 01:10:00,CNC-02,M,297.96529372880707,310.10910016875334,2729.93210121341,,81.83288885301195,3.324238625875721,8.273501046325272,53.56478399609551,0,2026-08-25 06:31:50
2024-01-13 05:11:00,CNC-02,M,295.767485507657,309.9568160788007,2141.6781419185577,32.42265778076705,142.916691829926,2.912842629468748,12.978305819366632,58.192110917152704,0,2026-08-25 06:31:50
2024-01-13 15:14:00,CNC-03,H,304.07566851817825,312.79135607094,1485.628603279631,53.23645300776426,,2.141904694348617,14.58994032734573,40.255098697115436,0,2026-08-25 06:31:50
2024-01-13 06:49:00,CNC-03,H,0.0,310.12717090375384,2028.0652723608712,33.17618565798898,70.62146812372744,2.696933542291668,12.607614254593601,56.502228068179605,0,2026-08-25 06:31:50
2024-01-13 13:28:00,CNC-03,H,297.7691270873658,312.69131276308076,1428.8693832912047,54.123119727583266,172.65245548683163,2.3921411973165068,14.661860817777455,57.24350365505598,0,2026-08-25 06:31:50
2024-01-13 17:51:00,CNC-01,L,299.9353744004274,314.3361453683248,2000.8047657016168,35.34871284069151,137.95055861583953,2.8070009291028835,13.274152429096478,48.944376470236705,0,2026-08-25 06:31:50
2024-01-13 22:18:00,CNC-02,M,298.5095299666438,311.55772071300987,2761.234043369464,16.587535965950618,205.49193027336798,3.8099182624181362,8.42458301488931,54.38037013009375,0,2026-08-25 06:31:50
2024-01-13 06:55:00,CNC-02,M,295.538445725869,308.9797040303322,2001.7903248529756,32.10414554597294,38.405143490661814,2.58213437241312,12.27997900379239,56.70428554930416,0,2026-08-25 06:31:50
2024-01-13 11:43:00,CNC-03,H,296.6963302345011,310.5557212639793,1376.0128372947602,49.80041198322848,6.353156447843622,2.1139166721358955,12.879046187272595,53.66007002678204,0,2026-08-25 06:31:50
2024-01-13 01:46:40,CNC-03,H,298.22196195031034,310.922007044439,2570.726724179355,18.400939469952238,155.5136234334707,3.4228888156688764,8.700761080937431,58.07040561294068,0,2026-08-25 06:31:50
2024-01-13 12:11:25,CNC-01,L,297.6595341592413,311.8511296753316,1353.7209597503906,53.18560217187674,77.87362754813054,2.0158146750088792,13.53708590161631,55.217293367863924,0,2026-08-25 06:31:50
2024-01-13 02:27:00,CNC-03,H,24.817661639401877,38.43998395688112,2436.613021303817,23.851481523011522,198.50319866299748,3.410224449758121,10.726308906284002,54.37428275000678,0,2026-08-25 06:31:50
2024-01-13 19:29:00,CNC-02,M,298.87839485057833,312.0742054567978,2422.4703192963098,23.44699334551871,10.923759741455598,3.0376208346488554,10.53735546903904,49.51240287984424,0,2026-08-25 06:31:50
2024-01-13 07:04:00,CNC-01,L,296.13360562423156,310.6153850795825,1807.4947992110604,41.000396684289704,51.163912921671795,2.5813649232581266,14.132447679001066,57.938255289934986,0,2026-08-25 06:31:50
2024-01-13 10:29:00,CNC-03,H,296.66869301607187,311.23398773712546,1376.4948057338527,53.398223758858364,125.89775824583924,2.2538500454762604,13.995175599356308,53.65978948440063,0,2026-08-25 06:31:50
2024-01-13 00:06:00,CNC-02,M,298.8663602712958,310.23987086163294,2558.0565903826273,14.430021453949937,13.876763496187685,3.1509250288029738,6.948390752869072,53.99930152546272,0,2026-08-25 06:31:50
2024-01-13 10:08:00,CNC-01,L,296.3047753863953,310.9398489867201,1518.0131484389674,51.15746487553109,92.63939688247393,2.2447703739349882,14.427821730090075,61.07770373736019,0,2026-08-25 06:31:50
2024-01-13 03:39:00,CNC-01,L,297.0759485151433,308.81002430672635,2452.735202940371,17.313234643739058,26.93536232085434,,7.885247724831721,57.277248349004424,0,2026-08-25 06:31:50
2024-01-13 17:56:00,CNC-02,M,304.119612087407,312.52041347329003,1903.5532523306715,36.153639992051374,109.12761808038182,2.6525186216783454,13.018104074192546,46.1258862173759,0,2026-08-25 06:31:50
2024-01-13 15:13:00,CNC-03,H,304.0365381125262,312.17063498834284,1540.7173581225823,46.33675091767848,91.8116703553147,2.170741008496613,13.078512515219424,46.647263181173216,0,2026-08-25 06:31:50
2024-01-13 16:02:00,CNC-01,L,25.91540385925424,41.08607503546125,1641.3662541294432,48.823045595311335,,28.250188209932006,14.787168899507769,49.2641550469775,0,2026-08-25 06:31:50
2024-01-13 05:33:00,CNC-02,M,295.30000977740445,309.78033136674446,2228.4836975954504,31.58407888601849,171.15018017959503,3.1241162632520965,13.140143783794004,58.565235094994044,0,2026-08-25 06:31:50
2024-01-13 04:11:00,CNC-03,H,297.0956265758151,311.2043856159144,2263.874781917576,30.058814210975072,83.56832163855205,2.8400820812880565,12.860292264008606,54.1480197219526,0,2026-08-25 06:31:50
2024-01-13 20:57:00,CNC-03,H,299.6837837973435,311.6315225626264,2540.3659059019083,17.00628752852931,41.46091381070413,2.9502547205213916,8.200262131371115,53.24466331671237,0,2026-08-25 06:31:50
2024-01-13 21:18:00,CNC-03,H,299.49792697399863,,2479.84726250594,21.81052758831178,65.08083547852797,3.108938181529202,10.186584950568726,54.40736009354222,0,2026-08-25 06:31:50
2024-01-13 14:08:00,CNC-02,M,297.50920021716985,311.36773945558116,1441.781809626805,46.2115196350737,15.712368181996952,2.08297557566987,12.535972414514445,52.304011606726384,0,2026-08-25 06:31:50
2024-01-13 23:39:00,CNC-02,M,297.6181280802101,310.6809118207545,2786.100098577729,19.558352233147613,57.37714394141476,3.360797133083589,9.96116708532097,55.280266117380506,0,2026-08-25 06:31:50
2024-01-13 09:39:00,CNC-03,H,296.3492996817286,310.4501738175322,1524.4744494849776,46.89470335689813,47.35095743282539,21.205343302907693,13.455461136305324,59.263261164110375,0,2026-08-25 06:31:50
2024-01-13 13:12:00,CNC-03,H,297.81706724722306,312.5026054884969,1441.4469598678495,52.13550635800197,147.40828812707787,2.3044542460683313,14.349221287451657,51.535794052047336,0,2026-08-25 06:31:50
2024-01-13 17:53:00,CNC-01,L,300.1442134405468,314.5124157907329,1931.7468810115697,37.0516279063975,140.63181426065236,2.80568253226688,13.511238172246665,52.56389005039129,0,2026-08-25 06:31:50
2024-01-13 03:26:00,CNC-03,H,297.5201090733921,309.88465865753506,2387.854857613697,22.018495629834575,29.959358191660222,3.0330297552452308,9.750018769519047,55.978280463666486,0,2026-08-25 06:31:50
2024-01-13 15:42:00,CNC-01,L,299.4332633076433,314.29447591505823,1652.4270967887744,46.597096455686064,163.10241225732076,2.6040093547470833,14.422228210216177,51.99460165121205,0,2026-08-25 06:31:50
2024-01-13 15:53:00,CNC-03,H,31.303830090781275,,1693.5188681986378,45.209782980044714,151.68332583248613,2.5143925113820504,14.26830929626925,41.51541740060315,0,2026-08-25 06:31:50
2024-01-13 14:44:00,CNC-02,M,297.7304928920452,311.76888070769485,1448.6127741597668,47.09683735451003,71.21235587358726,2.129983130501825,12.67536836549872,54.94890060151923,0,2026-08-25 06:31:50
2024-01-13 12:53:00,CNC-03,H,297.4405230378556,311.6417779653752,1386.320817017858,49.95833842857797,117.32492169563251,,13.043805673093456,56.371355842940616,0,2026-08-25 06:31:50
2024-01-13 23:54:00,CNC-01,L,299.56110882063973,312.0539128549707,2705.5518804849303,15.696604876480901,154.16510767542988,3.5854882016300866,8.00323755831254,54.5735821330901,0,2026-08-25 06:31:50
2024-01-13 08:37:00,CNC-02,M,295.3224879766737,310.6237404384197,1601.2599589798303,49.060956003092514,186.21599037784964,2.75708952239846,14.434699623098641,63.28189727029793,0,2026-08-25 06:31:50
2024-01-13 04:56:00,CNC-01,L,296.5579051959567,310.2459743371755,2236.92140736406,28.42847184432509,120.01775030674754,3.0330003912006247,11.611307457436784,50.68526628997328,0,2026-08-25 06:31:50
2024-01-13 08:18:00,CNC-03,H,296.09627413015244,311.1392103778561,1695.942016685229,44.51372311537649,198.16769603431055,2.731611193927199,14.22812457652884,57.6935517435795,0,2026-08-25 06:31:50
2024-01-13 17:02:00,CNC-01,L,299.5935765056812,313.20232988536566,2163.8491432755554,30.259393917681653,70.8611933851385,2.915330754289892,12.254339628265239,51.084908217379684,0,2026-08-25 06:31:50
2024-01-13 19:41:00,CNC-02,M,298.89078242322097,312.47729043972,2262.605906191153,28.966201076615253,25.691738680751435,2.752750392909326,,56.16350625801813,0,2026-08-25 06:31:50
2024-01-13 03:11:00,CNC-01,L,23.929237196874055,37.79452992948353,2435.2430406529365,24.306531657328378,233.75106532381355,4.342976849929106,11.053772643782192,56.33013725035954,0,2026-08-25 06:31:50
2024-01-13 00:00:00,CNC-01,L,299.0315820166149,311.1784437540218,2656.546931062771,18.08979176537387,417.2545492166374,3.2728379632793256,8.97652084222913,55.77110200509882,0,2026-08-25 06:31:50
2024-01-13 10:19:00,CNC-03,H,296.25180712492016,310.5562125031225,1329.417498887951,51.74110282638336,110.1302194890499,2.1094379059271,12.918282393014495,58.73310475678379,0,2026-08-25 06:31:50
2024-01-13 20:33:00,CNC-03,H,300.1135076030368,313.19093888106363,2334.996331720668,25.396782739529637,13.948035419377284,3.0525743957878997,11.27595648161741,44.9921707645334,0,2026-08-25 06:31:50
2024-01-13 20:53:00,CNC-03,H,299.88554118075825,311.77285392987665,2558.423698306626,17.046785408504253,36.90222359619533,3.0227944552342954,8.004697130714792,50.12521172488375,0,2026-08-25 06:31:50
2024-01-13 03:03:00,CNC-03,H,24.276406563227056,36.63405279819136,2518.7485305230175,20.55068296040237,3.40101283543381,3.0190171271735866,9.688885594023482,55.97094929548251,0,2026-08-25 06:31:50
2024-01-13 03:30:20,CNC-02,M,296.66164743641133,309.24005254869,2556.965944952817,21.383514791653912,20.59575268924125,3.16981361396087,10.33338421487628,56.033493127418474,0,2026-08-25 06:31:50
2024-01-13 01:30:00,CNC-03,H,298.56474069208923,311.1151882131857,2685.5001309351355,17.468722941655468,135.88092642801178,3.44303016232873,8.980676721839796,55.16037744311794,0,2026-08-25 06:31:50
2024-01-13 12:16:00,CNC-01,L,297.65815490967304,311.85390216220696,1317.9328299922913,54.817281368887045,85.87362754813051,2.0546756628765928,13.295944015366732,55.09471759215529,0,2026-08-25 06:31:50
2024-01-13 08:53:00,CNC-02,M,295.7287003924163,310.8834896956768,1569.744088210672,48.533422043195564,210.28670953264242,2.908619874525367,14.400429226475431,57.79138115410078,0,2026-08-25 06:31:50
2024-01-13 19:13:00,CNC-01,L,300.3503329302705,313.9662742337699,2123.2806408400515,30.312572652026265,32.616478934896705,2.7192594140603616,12.109173466636069,50.37975718079033,0,2026-08-25 06:31:50
2024-01-13 17:54:00,CNC-03,H,299.8446221227329,313.041524252816,2132.7357072133555,28.095665803729446,50.47787054934306,2.803072345090679,11.148206481397713,50.36115282582122,0,2026-08-25 06:31:50
2024-01-13 06:56:00,CNC-03,H,296.3641933506973,310.32454408005697,1739.7116094434034,40.37122285455673,80.3643253470546,2.4718471311324395,13.156710373421253,60.98658737216445,0,2026-08-25 06:31:50
2024-01-13 02:17:00,CNC-03,H,24.761706968686838,37.13689179139078,2500.493138204998,16.348068231092174,187.2316587479762,3.5368638481799755,7.6348260072304415,53.74184928550137,0,2026-08-25 06:31:50
2024-01-13 18:34:00,CNC-02,M,298.76556019860766,312.85305242900637,2170.106265929847,29.313195871544043,158.91085581598264,3.0747196099090988,11.932731292054687,54.84548711037647,0,2026-08-25 06:31:50
2024-01-13 01:15:00,CNC-02,M,298.045099091967,310.21441895892104,2675.6876421884817,16.712646073442887,87.2033681992886,3.2783438200045727,8.438049463823925,55.18624237949358,0,2026-08-25 06:31:50
2024-01-13 02:34:00,CNC-03,H,24.57428460794864,38.010618144375314,2664.0660582472997,20.249843622776748,206.30455505630493,3.6863466749253684,10.363609654026819,54.90066036938002,0,2026-08-25 06:31:50
2024-01-13 19:38:00,CNC-01,L,300.2991242258727,314.1685297892479,2472.1326616814636,27.22214788969893,63.40663697464379,3.0041447849483074,12.421195324835125,50.98260493630945,0,2026-08-25 06:31:50
2024-01-13 14:13:00,CNC-02,M,297.36690611453946,311.8198350346463,1381.9249129001028,53.22453869969498,23.523155708639976,2.121408822695217,13.654991959851825,56.703790125066774,0,2026-08-25 06:31:50
2024-01-13 06:05:00,CNC-02,M,295.5547770342022,310.4872757321477,1982.8418605243896,38.462252181492396,213.76581846832335,3.3317438312776337,14.219390661792996,61.45852478950919,0,2026-08-25 06:31:50
2024-01-13 16:40:00,CNC-02,M,25.121635514263005,38.51287194434144,1763.464887798692,36.371231865561114,4.284483328433305,2.431039706287914,11.761449819670926,53.24053501208833,0,2026-08-25 06:31:50
2024-01-13 14:37:00,CNC-01,L,298.98516075117294,313.0477911268085,1594.926256197431,44.87047561330871,64.60661148961552,2.2333549115232976,13.351897750884572,52.4403100509276,0,2026-08-25 06:31:50
2024-01-13 14:01:00,CNC-02,M,297.4231867336874,310.61918223448885,1371.8187497769386,47.066510243360256,4.74489737261186,2.0590475743208945,12.03423536359341,55.15775349103825,0,2026-08-25 06:31:50
2024-01-13 00:45:17,CNC-03,H,298.68548208582337,310.00508151909247,2814.7953157455054,12.092899374818984,87.95371912434432,3.3112811478954156,6.554660866714877,49.94129467063425,0,2026-08-25 06:31:50
2024-01-13 11:56:00,CNC-01,L,297.4692162859357,311.10655572214296,1469.0303328769992,45.60036273093051,54.01149321825474,2.1464545995510274,12.4668774034927,56.435044265481416,0,2026-08-25 06:31:50
2024-01-13 15:40:00,CNC-02,M,298.3362793102563,313.4858654158136,1719.02639995931,44.67541018319508,155.83687263199212,2.713817327855819,14.357531556486991,47.0794839640392,0,2026-08-25 06:31:50
2024-01-13 23:02:00,CNC-03,H,299.15564327610207,311.46166109305346,2750.726124662207,14.976093641041492,178.87843622865415,3.5689734695269797,7.532377871863197,53.95802641960643,0,2026-08-25 06:31:50
2024-01-13 04:24:00,CNC-03,H,296.85427066270483,310.7876063639862,2236.348569847425,29.075652196640227,99.31403692265101,2.8088565001828147,12.418968415859485,53.2596337857079,0,2026-08-25 06:31:50
2024-01-13 07:51:00,CNC-01,L,296.26772085917423,310.22778207934215,1738.0139903055363,37.79978608879454,118.67207063872878,2.5592914769651403,12.42106209500757,56.847574282104546,0,2026-08-25 06:31:50
2024-01-13 05:55:00,CNC-02,M,295.5926273873509,309.71308875385137,1987.5899768055735,32.83932273645584,200.40822330070472,3.2356025921256406,12.118657799328897,60.52732373274465,0,2026-08-25 06:31:50
2024-01-13 18:22:00,CNC-01,L,300.2456690930114,314.5324565787995,2022.127214951246,33.88658766741146,178.69839761504565,3.1518129840464475,12.641651219788187,50.28573064179916,0,2026-08-25 06:31:50
2024-01-13 19:43:00,CNC-02,M,298.899072417173,311.87620688951574,2462.3227407528043,22.126982363230013,28.064959752441798,3.086408802814296,10.332233133686747,54.9427584560826,0,2026-08-25 06:31:50
2024-01-13 10:17:00,CNC-03,H,296.45947709029053,310.8469643993997,1494.6421174674329,47.19348993669017,106.95047586085991,2.1274359255981863,12.891926467152274,57.41925464603513,0,2026-08-25 06:31:50
2024-01-13 21:31:00,CNC-03,H,299.4795498890924,311.9803536512664,2617.0250553251913,18.83003607470292,79.60172727935264,3.122825662311428,9.396863805332789,48.098729428400375,0,2026-08-25 06:31:50
2024-01-13 22:31:00,CNC-03,H,299.3367621675443,311.74683074319455,2563.5187250951617,18.923060990983895,145.66946919137445,3.2745757618246376,9.038509296453258,52.80461089690791,0,2026-08-25 06:31:50
2024-01-13 03:02:00,CNC-01,L,24.10382741471045,37.8022205637879,2467.81224038374,23.938651115010785,223.38878116309596,4.115202519975269,11.059770596511653,52.01699144570079,0,2026-08-25 06:31:50
2024-01-13 23:45:00,CNC-01,L,299.63710615498906,312.1810337812787,2544.931122738991,18.60814485793249,144.41625378674112,3.4160534890960244,8.702030648479768,54.02095831381242,0,2026-08-25 06:31:50
2024-01-13 23:52:00,CNC-02,M,297.4772289636614,310.0101840165892,2589.576931619825,17.317520753077556,,3.1910190817617825,8.64276213229792,54.56712053289078,0,2026-08-25 06:31:50
2024-01-13 15:27:00,CNC-02,M,298.1300087356116,313.3130290489868,1677.864545434599,46.259411648629985,136.62315192010595,2.449395714976999,14.383216342747911,55.08590586194504,0,2026-08-25 06:31:50
2024-01-13 17:11:00,CNC-02,M,298.620360165107,312.2376126666791,1885.3365004583366,34.80292594200216,47.843455994445826,2.538320111737996,12.440165569679781,53.053055739573004,0,2026-08-25 06:31:50
2024-01-13 10:41:00,CNC-03,H,296.4188237496454,310.8886391105225,1339.3111420403013,51.7905019762154,144.73742509310532,2.193149240791773,12.93712619695971,58.50834892046734,0,2026-08-25 06:31:50
2024-01-13 06:40:00,CNC-01,L,296.01078618908815,309.5464913635864,1889.9479396089796,35.24100981648442,17.661598029206644,2.522947154944319,12.422428749162535,57.935257477034156,0,2026-08-25 06:31:50
2024-01-13 17:48:00,CNC-03,H,299.88139703501014,313.76452486764475,1900.987050663636,36.539652716096846,42.54254819514394,2.497655399690495,12.937046286905698,55.21070155971319,0,2026-08-25 06:31:50
2024-01-13 08:20:00,CNC-02,M,295.5562904818199,310.6273471095154,1502.634087185882,49.81735420454517,160.9534685237919,2.4378621327186623,13.902750128498816,60.7962782557696,0,2026-08-25 06:31:50
2024-01-13 05:46:00,CNC-02,M,295.6774749977692,310.2765825721462,1888.6084861315503,36.80342761168591,188.39349878166402,3.053301510242645,12.819695042287844,61.66758867626827,0,2026-08-25 06:31:50
2024-01-13 02:59:00,CNC-02,M,23.275856988508565,37.02655801897771,2572.7081515878613,22.346388664990805,201.27779937964715,3.7714100936384214,10.663722974604854,54.181456161419405,0,2026-08-25 06:31:50
2024-01-13 02:35:00,CNC-02,M,23.792739780605416,36.67520911349027,2683.712945048837,17.764624220023233,174.43941527319876,3.570262533561769,8.746219302978062,63.219295632893726,0,2026-08-25 06:31:50
2024-01-13 08:45:00,CNC-02,M,295.6003554172508,310.16316590446763,1561.4204603831936,44.94409937562951,198.24426354235348,2.868952933492935,13.012505359967967,59.624934447622856,0,2026-08-25 06:31:50
2024-01-13 01:09:00,CNC-02,M,298.107885637005,310.3856690989732,2749.507637755806,16.677492830982693,80.80288885301195,3.2784236201548818,8.563556404483252,59.400603809588375,0,2026-08-25 06:31:50
2024-01-13 23:19:00,CNC-02,M,297.7446863560436,310.054544952966,2772.2612523642524,15.619596536386114,36.1725952763208,3.2408751190314162,8.178782070817464,55.8136054249058,0,2026-08-25 06:31:50
2024-01-13 13:17:00,CNC-02,M,296.8078220347513,311.9628067447352,1491.3165924599716,50.56675336761662,172.86101373715888,2.4443061760749942,14.001429198760608,57.85739313756535,0,2026-08-25 06:31:50
2024-01-13 11:37:00,CNC-03,H,296.7844323134192,311.34578302090273,1385.711438606968,51.6871676377788,233.57622160825073,2.8615150118496904,13.477727377756349,59.941841336173134,0,2026-08-25 06:31:50
2024-01-13 06:36:00,CNC-02,M,295.3203801607865,309.0519855513953,1881.0113200646674,35.78375878592004,12.199308284888552,2.5912835746636613,12.63549316283447,58.5750409538111,0,2026-08-25 06:31:50
2024-01-13 19:12:00,CNC-03,H,300.34017366457357,313.7039014018275,2277.185594584106,24.927452816120002,151.19627270663986,3.0754670711869316,10.639296076534453,51.80707383838575,0,2026-08-25 06:31:50
2024-01-13 02:38:00,CNC-03,H,24.538813475443987,38.31650508305114,2630.6813532964534,23.205570176541833,210.79925259630616,3.7446306648684016,11.542982732858924,53.84481660333344,0,2026-08-25 06:31:50
2024-01-13 14:17:00,CNC-02,M,297.37754959143746,311.25824512111586,1422.7607117319053,47.08269231527537,29.66344283140672,2.101378961667002,12.615053302078648,57.18710590789214,0,2026-08-25 06:31:50
2024-01-13 07:16:00,CNC-03,H,296.06489805223356,310.3632255606169,1868.1405337647225,38.25061739727215,108.46551528018296,2.6603727985083356,13.589364130460348,57.497764517376005,0,2026-08-25 06:31:50
2024-01-13 03:38:00,CNC-01,L,296.7989063368535,309.83610941324,2254.1680472230705,25.816102195602657,25.77727595145258,2.861368146659568,10.984115089571162,52.308158529469495,0,2026-08-25 06:31:50
2024-01-13 02:50:00,CNC-02,M,24.239807737815624,37.59231020049185,2510.6293621353125,22.258616716597647,191.14568081200977,3.617469129048795,10.746240732953886,52.293243221669165,0,2026-08-25 06:31:50
2024-01-13 10:57:00,CNC-02,M,296.00697430788495,310.6452743018723,1371.1779795501839,52.03508793829542,167.40217605111835,2.441225155422484,13.467815899891411,55.373636470458116,0,2026-08-25 06:31:50
2024-01-13 20:47:00,CNC-02,M,298.917761419374,312.10631400366,2374.991947073563,22.153949504514728,104.06854060930239,3.0564388730231764,9.870053626554014,51.17254085075654,0,2026-08-25 06:31:50
2024-01-13 19:24:00,CNC-02,M,298.9268860422005,311.6037500988501,2253.480412302228,23.160441183715637,4.891300391743778,2.7437889252647003,9.838816539599222,53.068301586494506,0,2026-08-25 06:31:50
2024-01-13 11:13:00,CNC-03,H,296.6068527503791,311.29531537506494,1485.1075365340607,48.896770715983656,195.33976211942442,2.609776869025903,13.484959679074802,57.06684753279849,0,2026-08-25 06:31:50
2024-01-13 16:37:00,CNC-02,M,24.98416637677815,38.58499424650279,1772.2268873367714,37.08178941024759,0.0,2.243789016219621,12.226495983506926,54.564191649374465,0,2026-08-25 06:31:50
2024-01-13 11:40:00,CNC-02,M,296.05585696515857,310.0419960057341,1428.3127183583385,48.8817236428367,19.066276493530832,2.122799802502251,13.045793760782175,57.841452474765404,0,2026-08-25 06:31:50
2024-01-13 06:14:00,CNC-02,M,295.6116799344974,310.7173178192853,1936.4623114747478,38.24866409063155,225.96761442687279,3.4261059840121866,13.973685390846862,59.193178552369915,0,2026-08-25 06:31:50
2024-01-13 20:49:00,CNC-03,H,299.69149557707294,312.1938665434315,2507.8463796774486,21.045401674495388,32.37572543421047,3.0613730170294153,9.560003234368484,53.58540568704217,0,2026-08-25 06:31:50
2024-01-13 07:13:00,CNC-02,M,295.59755364548215,309.50391527322455,1884.7383260066247,36.53664216234549,63.60467879245978,2.5415335300717548,12.851654955158907,53.90920963986636,0,2026-08-25 06:31:50
2024-01-13 03:57:00,CNC-01,L,296.6660862128629,309.420334686485,2335.8063141234825,24.39306747165354,48.000131409930425,2.948147577354713,10.41152794475373,58.55494268063783,0,2026-08-25 06:31:50
2024-01-13 12:46:00,CNC-03,H,297.55464658630615,311.61673093828483,1374.7767996463015,,106.25895953163976,2.16042662534039,12.912028765051653,55.39906608211397,0,2026-08-25 06:31:50
2024-01-13 09:23:05,CNC-02,M,295.61330449024956,309.696594906011,1531.4988252022592,46.06192417027387,19.902320218852847,2.179578996493511,13.065429935826938,57.5368086418953,0,2026-08-25 06:31:50
2024-01-13 22:40:00,CNC-01,L,300.06375068544963,311.3038631816493,2808.6613546186163,10.857007262133118,75.16200773420668,3.414341107345227,5.606621647140359,52.94715086318286,1,2026-08-25 06:31:50
2024-01-13 23:43:00,CNC-03,H,299.06941427554176,311.8120264109254,2652.580188738582,16.56256618039683,222.65226438111102,3.8936987512430608,8.324528446167418,53.510321467841436,0,2026-08-25 06:31:50
2024-01-13 10:06:00,CNC-02,M,295.63307733308557,309.7087285662929,1415.971278321665,49.89858355095866,86.70839360829592,2.1706348665224144,13.082112111949346,63.30656357959338,0,2026-08-25 06:31:50
2024-01-13 10:08:00,CNC-03,H,296.38319535027324,310.77280093666303,1435.3324333245232,51.13413877746634,92.72838753980089,,13.845930883871015,,0,2026-08-25 06:31:50
2024-01-13 04:01:00,CNC-03,H,297.17168649706923,310.1438161699107,2336.2819245756255,23.23303555153957,71.3724979871237,2.9485210022940427,10.09760062602066,55.77056379323467,0,2026-08-25 06:31:50
2024-01-13 17:47:00,CNC-02,M,304.30416506474415,312.823794277576,1933.4395668435036,37.09432366017035,97.17377113258001,2.5925016870229243,13.65372851377166,45.532671360628036,0,2026-08-25 06:31:50
2024-01-13 06:28:00,CNC-02,M,295.25805129704815,308.65758098572684,52582.60772065005,30.145369779025504,1.3282283064634055,2.5978979660104313,11.638612894013889,60.57603053727162,0,2026-08-25 06:31:50
2024-01-13 03:31:00,CNC-02,M,296.5399133509185,308.87932827565464,2424.050985501605,21.263462384200658,21.772617445829002,2.9792784001236443,9.89600514675593,51.811648468566766,0,2026-08-25 06:31:50
2024-01-13 16:17:00,CNC-01,L,26.028392294402806,40.00292259780201,1727.9092563344238,41.828881745105875,7.1344169655561,2.194521330838075,13.723538948312893,51.94104571292265,0,2026-08-25 06:31:50
2024-01-13 20:14:00,CNC-01,L,300.52030769908777,314.1560906950487,2363.452480909921,25.87558010958043,106.59815100480688,28.91667046238143,11.712576600394712,49.5953089706993,0,2026-08-25 06:31:50
2024-01-13 12:40:00,CNC-03,H,297.35649334345374,311.55764841420734,1417.9053822255978,50.74145362055792,96.80467981411759,2.1800064016804797,13.31070688032234,60.53520260547053,0,2026-08-25 06:31:50
2024-01-13 15:43:00,CNC-02,M,298.5187808906563,313.98829105321175,1667.541138058626,48.76003703931643,160.25819872421846,2.5104181705678172,15.284793989822118,53.941962258118565,0,2026-08-25 06:31:50
2024-01-13 05:12:00,CNC-03,H,296.45067871848863,310.47947183356837,2088.9797621084754,31.183091585157,159.28942476802177,2.988589167152132,12.082756482210728,60.251550126420355,0,2026-08-25 06:31:50
2024-01-13 12:07:00,CNC-01,L,297.41729956353674,311.0396770201533,1306.7704917543515,,71.51160537154323,2.071074572334138,12.624896526072826,55.48057861845252,0,2026-08-25 06:31:50
2024-01-13 04:10:00,CNC-01,L,296.70360208643496,310.2282350488232,2454.2592341417358,25.668919873382716,63.41486985519557,3.084954530498156,11.863591607586839,57.978957119435236,0,2026-08-25 06:31:50
2024-01-13 20:29:00,CNC-03,H,300.41232138667453,312.15972816534287,2432.2865577105345,17.885968007946072,9.234427051595517,2.9701078379423995,8.258088313868162,51.982242229916565,0,2026-08-25 06:31:50
2024-01-13 05:04:00,CNC-03,H,296.4518669568244,310.31400581584376,2228.4889231141046,27.844885758972524,149.0641086316009,2.9882789434227046,12.122833668401753,53.673713497731754,0,2026-08-25 06:31:50
2024-01-13 21:10:00,CNC-02,M,298.93385547823414,311.7014879002695,2599.8413405912097,18.13387306216873,130.24806102726944,3.428942947040486,8.756480501237228,52.183097363176444,0,2026-08-25 06:31:50
2024-01-13 22:01:00,CNC-01,L,300.15883691542166,312.67942928558693,2607.0421119930525,,32.95115300679717,,9.907766505721922,49.94831928474921,0,2026-08-25 06:31:50
2024-01-13 04:13:27,CNC-02,M,295.9811576303603,309.38754563686854,2432.8055159741452,24.08401397554948,70.16723204363565,3.0792614442527935,11.242388468903771,62.123457341136074,0,2026-08-25 06:31:50
2024-01-13 03:12:00,CNC-03,H,297.45842464261295,310.28913087107145,2466.7825556018015,21.966941291950793,13.712167756778824,2.9405404278940583,9.835270544097115,56.16966565281799,0,2026-08-25 06:31:50
2024-01-13 01:44:00,CNC-02,M,297.80443564563325,310.39644407384037,2497.804053504627,19.33942676821227,118.42143737540492,31.870795545887713,8.925015183602323,55.93468555345501,0,2026-08-25 06:31:50
2024-01-13 01:30:00,CNC-01,L,304.10883617622073,311.548395089344,2627.96312369779,22.718907530846803,121.54958095857468,3.418841893311232,11.11149944791343,46.40470795824493,0,2026-08-25 06:31:50
2024-01-13 07:12:00,CNC-02,M,295.69728196588824,309.8112434979047,1758.3316942704068,40.021956999694176,62.19456124220496,2.445137564199705,13.171236322686763,61.435235754419715,0,2026-08-25 06:31:50
2024-01-13 07:23:00,CNC-01,L,296.02778290558393,310.2683831677665,1735.4102663315734,42.03487713248924,78.21129561087497,2.370803366557816,13.53517061196062,60.986308275291776,0,2026-08-25 06:31:50
2024-01-13 15:24:00,CNC-01,L,299.43592918795633,313.9240549125984,1627.2571258836826,44.834767373206866,136.13998662293665,2.587143181837798,13.72526329709765,56.348247999372255,0,2026-08-25 06:31:50
2024-01-13 17:07:00,CNC-01,L,299.8286332683338,314.0417719853223,2083.9082741038824,35.310833353646544,77.83957323286991,2.7124924970648285,13.57505319684874,48.88047167512119,0,2026-08-25 06:31:50
2024-01-13 11:31:00,CNC-02,M,296.15850580237725,309.9169441283587,1451.8417183768363,47.555894461353866,78.4011958964469,2.036399862693521,12.72253597581957,59.01281695437809,0,2026-08-25 06:31:50
2024-01-13 18:31:00,CNC-01,L,300.3276333776296,315.3123802769837,2046.2217586441254,36.18838902825189,190.47163856051407,3.3337129133322585,13.95679151713624,47.177804945838524,0,2026-08-25 06:31:50
2024-01-13 21:58:00,CNC-03,H,299.4780362829066,312.58497241361744,2532.704475254089,23.51593818432371,109.44077245331565,3.040007721033937,11.075971811424745,55.24534466851729,0,2026-08-25 06:31:50
2024-01-13 23:24:00,CNC-03,H,299.1653758682221,312.0968998149592,2813.5833442136345,16.825500767111052,202.5097006182465,3.850624929344514,8.933263268101921,52.772911063982335,0,2026-08-25 06:31:50
2024-01-13 00:27:00,CNC-02,M,298.662578184496,308.7620026465854,2786.9334670707885,7.3362888243085225,35.976731881108904,3.3004476397881417,3.8944342506431084,54.5652853457227,1,2026-08-25 06:31:50
2024-01-13 15:00:00,CNC-03,H,303.8931888469249,312.0662675531721,1515.4280761551856,47.15493633286832,72.00291536663758,2.2168516815896786,13.401763090838898,44.078124468644816,0,2026-08-25 06:31:50
2024-01-13 21:14:00,CNC-01,L,300.134673491558,313.16103922933013,2477.2030166998634,21.40367305104773,175.62518159568342,35.21120382061278,9.844499713401456,52.524789393397604,0,2026-08-25 06:31:50
2024-01-13 00:34:00,CNC-02,M,298.51598763318873,310.57416893070143,2698.642931137994,17.108089828734563,43.4613372234424,3.2845649236388734,8.68716766141494,54.06179259931259,0,2026-08-25 06:31:50
2024-01-13 04:25:00,CNC-03,H,296.805083047367,310.28360540063306,2519.238175914131,24.542427578398424,100.49030518842838,30.819896619762236,11.66941724550741,58.05619971146303,0,2026-08-25 06:31:50
2024-01-13 15:44:00,CNC-02,M,298.1533690395497,313.02483571386233,1728.430139047748,43.89994178109387,161.71711789574073,2.6358362056725944,14.094134718324351,55.54696782308117,0,2026-08-25 06:31:50
2024-01-13 18:14:00,CNC-03,H,300.08530301236465,314.3262186259352,2253.3455902164524,32.09133249063571,77.08346157069188,,13.537443063869155,49.55671449221685,0,2026-08-25 06:31:50
2024-01-13 01:02:00,CNC-02,M,298.15490986634813,309.6951132895207,2677.3956362517374,13.321899435768364,73.2603878161981,3.195067393570245,6.938840952611622,50.52992186143836,0,2026-08-25 06:31:50
2024-01-13 20:31:00,CNC-03,H,300.10989906106016,313.10619195907987,2379.4845471712288,23.514794983812735,11.560158193874816,2.8348901207338066,10.749634401164613,50.3991853841722,0,2026-08-25 06:31:50
2024-01-13 16:28:00,CNC-01,L,26.258611668405877,39.53822977481832,1798.6823549953679,35.15698476828257,22.884973441346276,2.453296313479434,11.695551529914464,50.90600451604933,0,2026-08-25 06:31:50
2024-01-13 09:42:00,CNC-03,H,296.09122830177853,309.5789063390927,1504.2834911118741,44.81742634217136,52.06326267344831,2.1794197217802598,12.862495242654756,59.59261381681424,0,2026-08-25 06:31:50
2024-01-13 05:00:00,CNC-02,M,296.06192002725146,310.8296961290344,2103.8914642267873,36.07415621422529,129.02358609526195,2.847331449148845,13.962479191435486,56.456332184534446,0,2026-08-25 06:31:50
2024-01-13 03:16:00,CNC-02,M,296.61326513823076,309.4448772336029,2362.9612638034405,24.641164408899158,4.612243818852954,3.0046374548080284,10.831231781469292,55.94335135214254,0,2026-08-25 06:31:50
2024-01-13 13:47:00,CNC-03,H,298.1284459810027,312.88278194436555,1401.1856347514213,52.54245780001412,202.57722525474466,2.454363970535457,13.739341087030109,54.21062369487191,0,2026-08-25 06:31:50
2024-01-13 12:28:00,CNC-01,L,297.8001185794059,312.11093873296596,1397.2113920936572,51.60041451433172,104.87885069250935,2.269981146761856,13.676688070404362,59.1371902463917,0,2026-08-25 06:31:50
2024-01-13 21:57:00,CNC-02,M,298.1172482995849,311.4560704614153,2692.9644696048053,17.91884615535843,182.6446219031397,3.6474572222724366,8.893264194133938,55.26765086808204,0,2026-08-25 06:31:50
2024-01-13 01:39:00,CNC-03,H,298.3856848869456,311.75257020497963,2690.3849744040463,21.603546944120513,145.67554510377008,3.394849149252046,10.620242105046579,55.16559041624831,0,2026-08-25 06:31:50
2024-01-13 06:38:00,CNC-02,M,295.6303069124135,309.1165557981105,1883.8666714116143,34.14589042972151,14.965166042248809,2.452271501870075,11.951745500357125,58.834303032368204,0,2026-08-25 06:31:50
2024-01-13 04:57:00,CNC-01,L,296.29070038099695,310.2927098983334,2201.6055850505445,29.83915336940704,121.28300743510086,2.9046205523135114,11.981188112968242,59.216314296759215,0,2026-08-25 06:31:50
2024-01-13 08:47:28,CNC-03,H,295.9429208583391,311.1692138638557,1540.0013123423532,49.18390124634772,241.52302614079494,3.17078214271963,14.057022656103241,56.65777578922357,0,2026-08-25 06:31:50
2024-01-13 23:50:00,CNC-02,M,297.66578523375046,309.9186949067054,2817.6280752189177,13.83998820700086,69.06042433312965,33.6186753055522,7.340537627547589,56.45392692538097,0,2026-08-25 06:31:50
2024-01-13 19:30:00,CNC-02,M,298.73516723200214,311.83598243759076,2192.2283125731446,26.32415913929973,12.169860940831127,2.78906527597931,10.762090260750039,58.921115498331204,0,2026-08-25 06:31:50
2024-01-13 10:53:00,CNC-01,L,296.8025328653253,311.1343280378035,1427.557386887595,49.06087582517368,163.53198707075623,2.5663470990148785,13.164171742126504,57.319355342864576,0,2026-08-25 06:31:50
2024-01-13 04:41:00,CNC-02,M,296.1147166878028,309.0245131279934,2190.378808136769,24.313864431042568,105.41377784524742,2.8544158192254026,10.152072271112383,59.09900136216532,0,2026-08-25 06:31:50
2024-01-13 14:25:00,CNC-02,M,3425.644750137284,311.98146681414227,1505.7163519218461,49.96054760468945,41.995699639045085,2.3044679904496954,,60.56060673708624,0,2026-08-25 06:31:50
2024-01-13 04:37:00,CNC-02,M,296.1516271671882,310.06470279475064,2267.40795901517,26.894047246738186,100.5207873827223,2.8956224315718857,11.357938214195592,54.654177230335215,0,2026-08-25 06:31:50
2024-01-13 01:23:00,CNC-02,M,297.6516743427864,309.8852645583115,2804.1212897718297,17.072039031382953,95.69328351865617,3.357745540065827,9.129759260638066,52.034014567061725,0,2026-08-25 06:31:50
2024-01-13 16:09:00,CNC-02,M,25.329588934227388,40.66719347515078,1654.948741629135,46.256213857027426,198.31844003674655,29.592481784401745,14.453526174046155,53.40984240902075,0,2026-08-25 06:31:50
2024-01-13 21:26:00,CNC-01,L,299.9107694682962,313.07655184568597,2531.6269101110843,20.415871566076486,189.11964341529418,3.8451968174157023,9.576706273610364,48.855680666418394,0,2026-08-25 06:31:50
2024-01-13 20:47:00,CNC-01,L,300.4444407343087,313.4866017832029,2520.6979159183397,21.340436126587466,144.782241505761,3.4961561689905123,10.150693823063708,52.217588616276,0,2026-08-25 06:31:50
2024-01-13 00:09:04,CNC-01,L,298.7761644839435,310.00486510395484,2719.067610888362,13.292683985286667,33.663136513465325,,6.8448660123883025,53.00521703832452,0,2026-08-25 06:31:50
2024-01-13 09:37:00,CNC-02,M,295.38161216202434,309.50127345490546,1503.3240962291588,46.41756216175522,41.64069197700321,2.060487181262966,13.15446047673596,62.41292873805854,0,2026-08-25 06:31:50
2024-01-13 01:43:00,CNC-03,H,298.22509543509204,311.38708237686853,2549.3729823380468,21.61396441933438,150.16338874661704,3.297380751286493,10.197482236746959,53.50218199760776,0,2026-08-25 06:31:50
2024-01-13 18:50:00,CNC-03,H,299.59291807753647,313.5752965629984,2220.9655935805113,30.332848776282972,123.5265116150262,27.481096299101086,12.78970240947525,56.38953911323652,0,2026-08-25 06:31:50
2024-01-13 06:40:00,CNC-03,H,295.8938964529753,310.40882321488306,1724.404947261237,43.351160662755916,58.1399671958216,2.4723049725530335,14.219123218259119,61.573284999322276,0,2026-08-25 06:31:50
2024-01-13 08:14:00,CNC-01,L,296.538527456304,311.11924762630656,1767.110835537646,41.3251301349588,152.34067028415743,2.6557823949171766,13.88050042972884,53.101619703959955,0,2026-08-25 06:31:50
2024-01-13 08:33:00,CNC-01,L,296.32451384785185,311.22628284965947,1534.5841337040292,48.63849394921236,180.85136805988876,2.8795373976050054,13.858856627589898,58.95665951678187,0,2026-08-25 06:31:50
2024-01-13 00:13:00,CNC-01,L,298.9941826114046,310.60063309061655,2779.4460737633467,13.577893916345891,38.90511605054561,3.376833124401799,7.405340831859886,58.157262956586266,0,2026-08-25 06:31:50
2024-01-13 16:53:00,CNC-01,L,26.685007483263746,40.853478346194436,1896.235086516655,38.68388376239089,58.335674427774975,2.6166621494780786,13.734523363246911,53.82664418367223,0,2026-08-25 06:31:50
2024-01-13 03:02:00,CNC-02,M,23.69437076703838,37.293183232575984,2513.901656581096,22.14846646195478,204.7339057322895,3.7932358628126304,10.350468496020262,60.6530833025598,0,2026-08-25 06:31:50
2024-01-13 05:00:00,CNC-03,H,296.60066629431503,309.504740476278,2288.969353879359,22.276935884458446,143.96358569925272,3.081157132967838,9.43213826008298,57.54796446518397,0,2026-08-25 06:31:50
2024-01-13 19:31:00,CNC-02,M,298.93603853738074,312.55111362619897,2333.882625381718,28.585034346664656,13.394709782073384,2.943313208102923,12.56755985783394,53.82849489545176,0,2026-08-25 06:31:50
2024-01-13 13:35:00,CNC-01,L,298.3314393924528,313.20672844805887,1444.5168747440582,52.37438912643689,210.74739896885507,3.0086520507301224,14.03252743267626,53.11085661438662,1,2026-08-25 06:31:50
2024-01-13 01:13:00,CNC-01,L,303.9274709529564,310.5214786282928,2614.556849305494,18.60674811337374,102.9855764782562,3.306729056477774,8.975079216935573,46.28711086783132,0,2026-08-25 06:31:50
2024-01-13 18:07:00,CNC-03,H,299.86618598592446,313.9587559836524,1929.3895807827514,36.17106716089129,67.92006757350899,2.666905640306435,12.998415397742871,55.61069191491811,0,2026-08-25 06:31:50
2024-01-13 05:32:00,CNC-01,L,296.3392713045783,310.43851723509,2101.3005361679416,31.3178418664103,166.22833919245883,3.1724665528320637,12.470381970029537,57.49067310513287,0,2026-08-25 06:31:50
2024-01-13 22:14:00,CNC-03,H,299.5059028457176,311.8463261332164,2521.6789474306834,18.033657691970113,127.17206838937796,3.207744189119741,8.525954063093637,54.31568801392507,0,2026-08-25 06:31:50
2024-01-13 03:36:00,CNC-01,L,297.00810580037387,309.6578242908995,2487.5182592067777,21.41597478145567,23.33326830936466,3.0088074490083323,9.623966989855806,58.97979860657087,0,2026-08-25 06:31:50
2024-01-13 06:10:00,CNC-01,L,296.2666539211046,311.41334872317447,2108.4191836314717,35.93498515066545,216.31581109280714,3.6053355141698713,14.09017574365412,52.31991867897316,0,2026-08-25 06:31:50
2024-01-13 11:12:00,CNC-03,H,296.89498081579876,311.6769041228241,1374.8097369844236,54.00684075682789,193.77534183083952,24.51026724498917,13.933330066363377,58.258875189654944,0,2026-08-25 06:31:50
2024-01-13 07:09:00,CNC-02,M,295.34537351860615,309.29375637465796,1921.3230537705383,34.98261493283551,59.33691893556544,2.564334085811628,12.503990906150744,59.78705943226484,0,2026-08-25 06:31:50
2024-01-13 03:34:00,CNC-02,M,296.44525294344567,309.3413949177296,2475.4308056218633,22.14231706498474,25.181064509429763,3.0785315589480944,10.176935574772436,58.32857051895065,0,2026-08-25 06:31:50
2024-01-13 05:02:00,CNC-03,H,296.3574570848115,310.9640573885832,2126.537259806963,34.29091633840047,146.5275663613868,2.849996385634405,13.94080144233494,57.60000770879423,0,2026-08-25 06:31:50
2024-01-13 09:49:05,CNC-01,L,296.22022164758647,310.4888280868845,1476.1270828267077,49.11573953590804,61.33962708344279,2.0988314989049845,13.75667583207004,57.34988596535981,0,2026-08-25 06:31:50
2024-01-13 22:26:00,CNC-02,M,298.461797250221,312.681042909189,2633.1781220458365,22.80150697125813,214.05115093883788,3.8326810099989554,11.409692538536312,54.69081752338318,0,2026-08-25 06:31:50
2024-01-13 23:25:00,CNC-02,M,297.6569295931366,309.2260101671816,2800.402491423552,12.053515724918963,42.40669422286045,3.3572218606545756,6.371269677333161,55.27083499659268,0,2026-08-25 06:31:50
2024-01-13 05:52:03,CNC-02,M,295.40410910391944,310.26941120007496,1969.2321896045219,36.92992229411037,196.45251817668483,3.1628960845809404,13.595439862816953,57.41242145431155,0,2026-08-25 06:31:50
2024-01-13 07:03:00,CNC-03,H,296.0419006316174,310.4384009811576,1854.403074582617,41.461430489893324,90.16707723435123,2.50545291215307,14.426471367049949,57.3982430198038,0,2026-08-25 06:31:50
2024-01-13 18:27:00,CNC-02,M,298.84672570273653,312.3701819680305,,26.093122566804638,149.8386970771293,3.13907517532248,10.56819089465522,55.72396462112278,0,2026-08-25 06:31:50
2024-01-13 05:03:00,CNC-02,M,296.00277542163775,310.0470353222318,2404.9607945448574,27.073288552943563,132.71238425519775,30.466667519585744,12.083034822394435,56.738436948913694,0,2026-08-25 06:31:50
2024-01-13 21:06:00,CNC-01,L,300.5791736049488,314.65529302388126,2394.9840836239673,26.968871996167124,166.56434407568423,3.366267806641589,12.035455485724682,49.02076412412342,0,2026-08-25 06:31:50
2024-01-13 04:55:00,CNC-01,L,296.4463738091193,310.4803535628669,2256.5352428888973,29.539447445705477,118.79933321418316,2.9393556868651007,12.56323332773805,53.98739217223089,0,2026-08-25 06:31:50
2024-01-13 11:50:00,CNC-02,M,296.126198739687,310.11505408284023,1343.9867363978497,49.111297790640776,34.89733706814981,2.0657966140346993,12.301438948123588,56.923575176607564,0,2026-08-25 06:31:50
2024-01-13 06:34:00,CNC-01,L,296.23587418392265,310.2434513824618,1910.0641902780183,37.63389382397704,9.52923520754909,2.5210907733211623,13.567175506108596,64.18536668169244,0,2026-08-25 06:31:50
2024-01-13 23:59:00,CNC-02,M,297.57167197486467,309.82439146019067,2718.735575968995,,78.66731690034565,3.2598078008727285,7.81908905552724,57.28549453350051,0,2026-08-25 06:31:50
2024-01-13 04:36:00,CNC-03,H,296.7323834143289,310.8948611845851,2222.121038626164,31.47732258181239,1889.1730778265614,2.905734974861616,12.770970027832126,59.894459589128594,0,2026-08-25 06:31:50
2024-01-13 09:50:00,CNC-01,L,296.5412731231766,310.84486236936004,1482.3544156485698,50.445020084100264,64.44374038768284,2.162308456843987,13.758319664462993,59.664348941951936,0,2026-08-25 06:31:50
2024-01-13 23:08:00,CNC-01,L,299.8292603350372,312.10400949516315,2797.5051787597663,14.666494501065495,105.15733195436404,3.3917660176754856,7.616301466989548,48.95950478672551,0,2026-08-25 06:31:50
2024-01-13 04:42:00,CNC-03,H,296.6173360593026,309.75408701664423,2270.172918907847,25.15527276612146,121.62290579813738,2.975211438142405,10.687210548713708,59.02670406790955,0,2026-08-25 06:31:50
2024-01-13 04:56:00,CNC-03,H,296.6974735945978,310.8145098981266,2278.731050011471,29.859676973495027,139.03578651204643,3.073850163413969,12.449522965199552,57.22659667648625,0,2026-08-25 06:31:50
2024-01-13 00:29:00,CNC-03,H,298.73946211054187,311.9824895811684,2602.854408860369,22.31403347105745,70.96297978381659,3.1114828580982303,10.697383613848048,55.08001870853469,0,2026-08-25 06:31:50
2024-01-13 17:15:00,CNC-02,M,298.5344542155386,312.8534673318044,1866.6522796176157,37.801312095404136,53.33139044104836,2.559746831151406,13.36529231702559,55.5410961107652,0,2026-08-25 06:31:50
2024-01-13 16:59:00,CNC-01,L,299.7384317945071,313.77482121147057,1792.4998050390373,38.978393533874545,66.73609480578314,2.3702964454076,12.928859422621107,49.35881935909668,0,2026-08-25 06:31:50
2024-01-13 23:18:00,CNC-02,M,297.79906774168427,308.22674416485046,2750.5547038486416,8.149722989396299,35.10536548315906,3.361499789808019,4.098683277645687,61.75635328482437,1,2026-08-25 06:31:50
2024-01-13 00:50:00,CNC-02,M,298.42398582695085,310.07618841058877,2725.092613968248,14.775994894593774,60.415027780565175,3.307020614602281,7.378755094220165,51.60501593371426,0,2026-08-25 06:31:50
2024-01-13 19:31:00,CNC-01,L,300.20410022944753,,2316.9751481028675,24.934098704370662,54.946808943068554,2.911275382866205,10.841764155784325,46.4568039314066,0,2026-08-25 06:31:50
2024-01-13 21:00:00,CNC-01,L,300.451490934257,313.76298838690735,2553.0255790570527,20.53932948390483,159.59559333320715,3.5537706687964974,9.990315990774386,50.6243389477212,0,2026-08-25 06:31:50
2024-01-13 10:45:00,CNC-03,H,296.5257890365193,311.1733385737675,1374.9579932820732,54.04815129983928,151.0885474286901,2.3051209414379317,13.983575671035414,57.25652826890706,0,2026-08-25 06:31:50
2024-01-13 19:29:00,CNC-03,H,299.97323497331314,314.68246420032386,2233.793135091048,32.10321836491785,172.2152049386355,3.0944771060872185,13.426440197414239,50.290329371905585,0,2026-08-25 06:31:50
2024-01-13 17:15:00,CNC-03,H,299.6724774060959,315.15061613779756,1968.900359392878,40.31457752671869,268.74086206389103,3.827850842296249,14.767206534376417,52.88359150578284,0,2026-08-25 06:31:50
2024-01-13 10:40:00,CNC-01,L,297.03839391785726,311.51538055099167,1466.8556549216619,49.878750752195394,143.0241589600664,2.350437755306258,13.724244305200981,62.981828150040684,0,2026-08-25 06:31:50
2024-01-13 15:15:00,CNC-01,L,299.3178990201112,313.91951763642834,1487.956339504466,49.16230538724489,122.68072890706347,2.251444848206189,13.66559001331934,52.91669145655935,0,2026-08-25 06:31:50
2024-01-13 11:03:00,CNC-03,H,296.4110299808387,310.61024573489743,1362.2437206207212,50.28528729802812,179.5298375222715,2.5160789625792184,12.873427346660742,57.316741419741824,0,2026-08-25 06:31:50
2024-01-13 10:24:00,CNC-03,H,296.42283505184423,310.9218311632421,1387.1607143158383,51.32937786914653,118.00674777079878,2.214558440728691,13.275646817876018,61.09621152649055,0,2026-08-25 06:31:50
2024-01-13 12:41:00,CNC-03,H,297.5163973087182,311.7891967397434,1506.1089627401166,46.26884650360861,98.3411165549666,,12.90364315879093,57.29218685471225,0,2026-08-25 06:31:50
2024-01-13 06:16:00,CNC-03,H,296.22839345091666,309.82185607679355,1997.9832700196662,34.29627192328929,25.409215755640442,25.989720530950958,12.774746188980963,58.73430261977171,0,2026-08-25 06:31:50
2024-01-13 21:39:00,CNC-01,L,300.3427291650481,312.77912079899244,2527.991408670294,20.977003148726986,8.983972979432316,2.9502793007956623,9.837717933958176,50.35904404287394,0,2026-08-25 06:31:50
2024-01-13 15:09:00,CNC-01,L,298.7903652342221,313.9009973656659,1696.6081184624957,48.21670055039307,113.67000713177126,2.466474272447334,15.207301129200404,51.145900101990144,0,2026-08-25 06:31:50
2024-01-13 14:39:00,CNC-02,M,297.95639372384204,312.0233822462217,1533.7476741429732,44.946147329676336,63.500095878660325,2.387961689480356,12.947124536680443,53.19403692857664,0,2026-08-25 06:31:50
2024-01-13 22:01:00,CNC-02,M,298.19329118903755,311.22318796151495,2798.0428613875,16.248129057537234,186.97242638482237,3.862393090336159,8.482419760686884,55.84716792778974,0,2026-08-25 06:31:50
2024-01-13 20:36:00,CNC-03,H,300.41031524753794,312.942361549443,2238.7368758141206,25.153387886622856,17.465256349088982,2.829337788242329,10.32771458018813,47.528017455230334,0,2026-08-25 06:31:50
2024-01-13 21:36:00,CNC-03,H,299.77244157415083,311.7621749648089,2652.920492160274,15.151412284518418,85.16376597546781,3.266689765791738,7.406636797857935,51.21817729827285,0,2026-08-25 06:31:50
2024-01-13 15:49:00,CNC-01,L,26.021729121010935,40.65491069683276,1698.7287542925087,43.115650561308456,173.51418919855428,2.813100585208147,13.633561797461804,54.059354215057986,0,2026-08-25 06:31:50
2024-01-13 21:16:00,CNC-01,L,300.1504993617984,313.34871917961254,2530.6792308276,21.64235803412348,177.91206471597874,3.67311762976144,10.176942359639884,52.28533679447829,0,2026-08-25 06:31:50
2024-01-13 13:39:51,CNC-02,M,296.9855179743386,312.07279945170745,1378.1974871908058,54.406988520818665,210.87910890299423,2.826230855437662,13.976792412658014,59.56180798304405,0,2026-08-25 06:31:50
2024-01-13 18:13:00,CNC-03,H,300.2833090641008,314.13057208291184,2153.1720822407806,31.38870903007376,75.83474257556041,2.687504966923681,12.54155799856995,52.78832332076611,0,2026-08-25 06:31:50
2024-01-13 18:07:00,CNC-01,L,300.000636841316,314.6494867817539,2030.6897507026624,314.7610640897686,159.0446457696029,3.0689839638931242,13.464984790953803,52.38837685756834,0,2026-08-25 06:31:50
2024-01-13 12:39:00,CNC-02,M,296.7910375398592,311.2598402239249,1376.7426126541518,52.00976700030035,112.7305004341869,2.077261222157863,13.44985771731919,60.450370554298495,0,2026-08-25 06:31:50
2024-01-13 02:21:00,CNC-02,M,23.977552710451278,37.54436632117262,2422.3253530658594,24.02035895210497,159.0055504167586,3.3657234978722865,10.541870240557019,54.778157397820195,0,2026-08-25 06:31:50
2024-01-13 13:29:00,CNC-01,L,298.0116479149789,313.1013458469017,1581.3500441952249,50.18039889501198,201.31095902810412,3.017693016993814,14.608199423289484,54.00163526113484,0,2026-08-25 06:31:50
2024-01-13 01:48:00,CNC-01,L,303.50440977814,310.25753317704823,2560.3863708600343,18.94195467153016,141.18861200305346,3.469101912577523,8.99932576427697,45.53153484093919,0,2026-08-25 06:31:50
2024-01-13 13:14:00,CNC-01,L,297.7920967376755,312.28811204658444,1514.3638136242894,48.20641587475476,177.6507040207564,2.6695469804847325,13.836229313839997,56.473390043421915,0,2026-08-25 06:31:50
2024-01-13 21:52:00,CNC-03,H,299.6822675029576,311.7515799026996,2710.0109133675364,15.95315890276652,102.83628604147196,3.4403338752029518,8.020034094870704,56.25173215861552,0,2026-08-25 06:31:50
2024-01-13 12:14:00,CNC-02,M,296.415435951619,310.59812550984407,1392.9490001059967,51.39365531001182,73.00583718009783,2.1236997786817273,13.262247031275557,51.90908537105477,0,2026-08-25 06:31:50
2024-01-13 12:43:00,CNC-02,M,296.7670947231272,311.164719108855,1369.4917897381993,52.89282276963464,119.05717339374664,2.2331378567253073,13.502166082624242,55.819259053345576,0,2026-08-25 06:31:50
2024-01-13 16:37:00,CNC-03,H,26.151926506207985,41.38616339737683,1641.3055647372144,47.87030246084103,215.5283299462328,2.949603717845567,14.709502663755112,52.82686805039976,0,2026-08-25 06:31:50
2024-01-13 00:43:00,CNC-03,H,298.9186716270071,311.32152923059965,2737.7470811931503,17.41578817989533,85.81620306376179,3.351618207461692,8.814359924668691,52.29429026141896,0,2026-08-25 06:31:50
2024-01-13 22:28:01,CNC-02,M,298.1052581496599,312.3265332609839,2670.2034212851763,21.490875848197216,217.25807439153448,4.037165412420492,11.019229217007616,55.97477571791987,0,2026-08-25 06:31:50
2024-01-13 11:14:00,CNC-02,M,295.8780915692491,310.88760890092396,1404.9412798559397,53.11033654369749,194.43372689801717,2.6324825186467256,13.91181231564926,56.80672910106736,0,2026-08-25 06:31:50
2024-01-13 19:00:00,CNC-02,M,298.90765979104566,313.53225052431384,2293.718891255438,29.825529098461015,192.22113154430966,33.344507340125176,12.80707709572889,57.16169608905309,0,2026-08-25 06:31:50
2024-01-13 01:38:00,CNC-02,M,297.6135990528151,309.8922517580792,2493.654253029466,18.08679509603488,111.93307564620527,3.130434276733928,8.670782392818266,58.41531864563054,0,2026-08-25 06:31:50
2024-01-13 16:23:00,CNC-03,H,26.49147742737148,40.95699971402132,1673.016624065036,42.8530200987099,195.6163973675151,2.8240695487329757,13.485934725341808,52.50421381480107,0,2026-08-25 06:31:50
2024-01-13 21:11:00,CNC-01,L,300.43429536121704,314.0421335164249,2571.6595338086267,,172.20985383920413,3.6495716698261815,11.133380654836396,47.756000778421594,0,2026-08-25 06:31:50
2024-01-13 07:32:00,CNC-01,L,295.95958832702564,310.71618312548685,1788.70443684507,43.38281868860448,91.20544156079302,2.4108308025259193,14.702305362250755,60.111684088526765,0,2026-08-25 06:31:50
2024-01-13 21:35:00,CNC-01,L,300.09088769159735,312.345552806811,2599.2084249645486,19.0408359071729,4.423471116071582,3.1763709078407136,9.205842577195703,49.62797222603874,0,2026-08-25 06:31:50
2024-01-13 01:57:00,CNC-02,M,297.6493000693551,309.7794962674226,2836.0857992616725,14.429848429301817,132.52966736439006,3.5721320634905354,7.531686551391504,59.21822542670127,0,2026-08-25 06:31:50
2024-01-13 23:52:00,CNC-03,H,298.77187587786653,313.01924394885236,2654.4118353219183,24.341105738036617,232.30865322756983,4.095606408331822,12.159395333587621,53.059622985156295,0,2026-08-25 06:31:50
2024-01-13 12:12:00,CNC-01,L,297.4940410124783,311.71146425200317,1376.8660468178973,51.758939713938375,79.47362754813054,20.358819901482455,13.403937805172355,56.30712815451756,0,2026-08-25 06:31:50
2024-01-13 04:34:00,CNC-01,L,296.42738834258756,309.6958114402853,2342.9312050600456,24.698419251718462,92.71273457051791,2.937611204365232,10.854919961146319,60.04059981926301,0,2026-08-25 06:31:50
2024-01-13 18:41:00,CNC-03,H,299.8672307527173,313.27801263654527,2348.2950381275914,25.228430097748074,112.01297415215615,3.078387714487657,11.003761149675633,52.979359166552705,0,2026-08-25 06:31:50
2024-01-13 03:23:00,CNC-02,M,296.33598292731864,308.1938801116692,2511.3749235042715,17.584836232922665,12.638047305493677,3.0509567955087036,8.360020176939866,62.97382038483803,0,2026-08-25 06:31:50
2024-01-13 22:59:00,CNC-03,H,298.92598719790755,311.67548548850795,2696.731976857809,17.386145907681147,175.72633554987578,3.5883668956155534,8.910077694742611,50.09478517048811,0,2026-08-25 06:31:50
2024-01-13 12:06:00,CNC-01,L,297.5205333767845,310.6072212706364,1261.0713263463183,48.46634457014886,69.91160537154323,1.9142797202261264,11.812145146893513,53.84611121691471,0,2026-08-25 06:31:50
2024-01-13 14:03:00,CNC-03,H,298.4685232811132,313.58332516953607,1466.4021505300732,53.28657211055317,227.66471139073343,2.924806471855772,14.831773990850415,53.29994014284367,0,2026-08-25 06:31:50
2024-01-13 21:29:00,CNC-01,L,300.3974216436257,313.7056100143184,2632.4882484037394,20.668555201098947,192.47440222043718,3.878372442218679,10.118252554215953,55.92583073485236,0,2026-08-25 06:31:50
2024-01-13 20:22:00,CNC-02,M,298.69942345851456,312.3568110093956,2398.717783263836,24.496794670750297,74.65049199617962,29.885662724203605,10.863401491633025,52.7759649538551,0,2026-08-25 06:31:50
2024-01-13 09:32:00,CNC-01,L,296.63530799439343,310.38447908196224,1523.5329110708249,46.37530677285507,36.67629717127964,2.240488148780697,13.151263889174016,57.78816445907484,0,2026-08-25 06:31:50
2024-01-13 17:16:00,CNC-03,H,299.7525465385133,314.8815882531194,1933.7926405510723,37.53772286882946,270.0997594323385,3.805316973511287,13.549230584204876,52.317664381806495,0,2026-08-25 06:31:50
2024-01-13 10:59:00,CNC-02,M,295.88041426445636,310.88703485375095,1351.695340106132,53.5752037742756,170.5881186281409,2.4939839232820966,13.578787232106633,62.59948589762342,0,2026-08-25 06:31:50
2024-01-13 19:08:00,CNC-01,L,300.2132368537748,312.9849830663925,2199.5870473363366,25.416530317794578,26.29731277983601,2.770265103859357,10.576677181227144,49.096612560353265,0,2026-08-25 06:31:50
2024-01-13 03:22:00,CNC-02,M,296.54934311098515,308.4389772833674,2342.135689332388,18.707821794788355,11.52534213283646,2.9012524285087484,7.95908039050185,55.69068419209291,0,2026-08-25 06:31:50
2024-01-13 02:45:00,CNC-03,H,24.537898219079295,38.52158557444312,2370.056235152477,26.072187079089154,218.6818215972303,3.5980974425355523,11.456544689984554,59.9342807102519,0,2026-08-25 06:31:50
2024-01-13 17:10:00,CNC-01,L,299.9582891707818,314.43428906653344,1806.6265319974207,40.653130790097904,82.11698504613007,2.519310691416853,13.608341006898094,51.17996985612194,0,2026-08-25 06:31:50
2024-01-13 04:09:00,CNC-01,L,296.7380466222339,310.11153970614987,2358.6443354156854,24.771336897660294,62.22482353753277,2.8650383773843004,11.073209538119364,61.58102242560523,0,2026-08-25 06:31:50
2024-01-13 22:58:00,CNC-01,L,299.9106827889448,311.27811787283883,2833.114767225742,10.962243348333473,94.38122100394851,,0.0,50.932172607048926,1,2026-08-25 06:31:50
2024-01-13 01:13:00,CNC-02,M,297.9529838299326,309.5364378895693,2691.0109003150333,13.311871237596609,84.98183432103176,3.108740218202859,6.737968897832219,56.25989865191355,0,2026-08-25 06:31:50
2024-01-13 23:13:00,CNC-03,H,298.97433849116845,310.937281018778,,13.792163894840163,190.75445284874368,3.5606672068405953,6.5746837222741235,51.771202451092954,0,2026-08-25 06:31:50
2024-01-13 23:26:00,CNC-03,H,298.8953420836626,311.4116337915537,2795.0780447839625,15.599141805775599,204.65643338604937,3.865918531565576,8.054977163179924,55.34360799591356,0,2026-08-25 06:31:50
2024-01-13 17:44:00,CNC-03,H,299.6667510014871,312.78655347794444,1956.6813693202148,31.93567973116819,0.0,2.655509450437201,12.02985464223773,53.970713045184525,0,2026-08-25 06:31:50
2024-01-13 22:53:00,CNC-02,M,297.9561291338561,310.1144695695955,2756.0421497124394,17.34525069151664,8.473219963794104,3.406567640345704,8.915423974871175,53.50832012365791,0,2026-08-25 06:31:50
2024-01-13 02:36:00,CNC-03,H,24.766685679607008,39.15658302371111,2498.187668071697,,208.5831105743911,3.7201016488623657,13.090790886570742,57.322392747474346,0,2026-08-25 06:31:50
2024-01-13 19:20:00,CNC-03,H,299.920613634469,314.427943341223,2277.7969451555173,30.890445375444056,161.0768603829479,3.156325598734859,13.040775577528628,51.838108350003594,0,2026-08-25 06:31:50
2024-01-13 20:11:00,CNC-03,H,299.89469597971834,314.21214518595065,2375.3798284473096,27.555005173511056,223.07643174611033,3.7461361443148355,12.46933752284054,50.006661378066305,0,2026-08-25 06:31:50
2024-01-13 10:58:00,CNC-02,M,295.5788422284828,310.58884680754556,1383.670571744208,55.42906884972245,168.9881186281409,2.3464379195667027,14.246088675794747,63.767888118607644,0,2026-08-25 06:31:50
2024-01-13 04:20:00,CNC-01,L,296.6614087256346,309.1846285829702,2342.0820245014825,21.86672123433161,75.56577869381682,2.997504133590899,9.757111721638903,59.435064032064275,0,2026-08-25 06:31:50
2024-01-13 00:33:00,CNC-02,M,298.66570144415624,311.1090397828618,2663.973295046353,18.08405701378804,42.407279062730765,3.118738685658496,9.26858750282486,51.09318073518126,0,2026-08-25 06:31:50
2024-01-13 19:30:00,CNC-01,L,300.30195747915917,314.38888672233537,2261.76821318583,31.343222617834225,53.69239531244448,2.936973956769559,12.97200296479813,53.851293306140214,0,2026-08-25 06:31:50
2024-01-13 23:54:00,CNC-03,H,298.7681498308129,,2782.096981310425,22.531387898126354,234.4340692380501,4.316298362144563,11.864385336585052,50.44579248904814,0,2026-08-25 06:31:50
2024-01-13 04:53:00,CNC-02,M,296.06283476340735,310.54207246812854,2137.4728047767135,33.39790450431016,120.28257453085982,2.835409143081336,13.072279239670397,60.499886531393,0,2026-08-25 06:31:50
2024-01-13 08:56:00,CNC-02,M,295.74345906458257,310.88343041881404,1665.762566081414,43.99109719391469,214.85867835889889,3.0198380846102006,13.687934436766653,61.8256638072583,0,2026-08-25 06:31:50
2024-01-13 00:57:00,CNC-01,L,304.1580743263656,309.86552002678474,2627.3464450362403,129.6031719471427,85.77843973830225,3.233133284527698,7.226077291595255,46.87173594935521,0,2026-08-25 06:31:50
2024-01-13 00:32:00,CNC-02,M,298.67350324381647,310.79221446328194,2534.324855081223,18.070677322431003,41.326689243312245,3.071833169604851,8.976646753590092,56.75010053761052,0,2026-08-25 06:31:50
2024-01-13 11:35:00,CNC-01,L,297.5020216747395,311.0153626152823,1278.7456938749217,50.40583299121147,20.69094303826574,1.9830551884614132,11.977792652875285,60.51128704997331,0,2026-08-25 06:31:50
2024-01-13 08:46:45,CNC-01,L,296.34355971319303,310.90640075128925,,53.86340392536914,203.59671341107645,27.28667744542164,12.987498622797817,61.16595093293161,0,2026-08-25 06:31:50
2024-01-13 15:46:00,CNC-02,M,297.8482881173136,,1619.6822804428996,46.61768479587968,164.68736264657963,2.6484075845107147,14.215453515101082,54.94062843725296,0,2026-08-25 06:31:50
2024-01-13 14:27:00,CNC-02,M,297.74699510893475,312.12323611809927,1703.3151487805578,43.66337494338141,45.048109209783064,2.3350117528554137,13.814973278151754,55.19232710268364,0,2026-08-25 06:31:50
2024-01-13 04:31:00,CNC-02,M,296.06434827825683,309.4816693780327,2545.228204331296,24.22538348628257,93.1685016238512,3.1665957221276004,0.0,62.358368849972194,0,2026-08-25 06:31:50
2024-01-13 13:20:00,CNC-01,L,297.8831253127741,312.25363944570205,1378.5822260362347,443.7724345486862,187.10636843727906,2.6000679582110866,13.033129707519652,55.45599228483103,0,2026-08-25 06:31:50
2024-01-13 16:11:00,CNC-01,L,26.278076378706544,41.48672505248055,1703.997252481081,46.493237352829794,205.72005241244068,,,49.78649905508494,0,2026-08-25 06:31:50
2024-01-13 12:14:00,CNC-01,L,297.8023985290573,311.34633969458116,1311.839476608371,48.83306783234364,82.67362754813053,1.9237099257530035,12.06786437868129,59.04251367012934,0,2026-08-25 06:31:50
2024-01-13 14:04:00,CNC-03,H,298.4613893034345,313.62180434927785,1614.376270623498,46.58813571023016,229.18388915057278,,,57.282218029990155,0,2026-08-25 06:31:50
2024-01-13 18:15:00,CNC-03,H,300.2040890078001,313.97891997068126,2112.126614427197,31.239539164132054,78.40371382088544,2.8310790340302665,12.535901589192832,51.177129122829065,0,2026-08-25 06:31:50
2024-01-13 00:01:00,CNC-03,H,299.0817603071339,311.1885969006877,2650.10531757875,17.263334184815722,41.15151797307644,3.147359612876962,8.793105937739318,55.68098374370984,0,2026-08-25 06:31:50
2024-01-13 23:22:00,CNC-02,M,297.92896821924455,310.2523372814741,2762.501115529729,17.1300057136156,39.28431949393829,3.3161083855309776,9.043661838264327,56.10085031771404,0,2026-08-25 06:31:50
2024-01-13 02:02:00,CNC-01,L,298.1743283698429,312.4883110546113,2609.1492671674623,24.796158771362776,156.39061267476097,3.4368636040611547,12.076437851013264,50.228758307755946,0,2026-08-25 06:31:50
2024-01-13 12:11:00,CNC-03,H,297.2311425753437,311.41353999214033,1397.1919786239246,50.495526438651765,50.8020528516589,2.032730316496196,13.369231848423576,52.709888728549195,0,2026-08-25 06:31:50
2024-01-13 21:23:00,CNC-03,H,299.8584716602927,311.74911327528446,2571.9495129802986,17.40307171068594,70.72219103908341,3.1294040563989785,8.25601722007081,52.296233127728506,0,2026-08-25 06:31:50
2024-01-13 18:02:00,CNC-01,L,300.128943226207,313.8405667796995,2031.3394008081702,29.33354988166172,152.47620730084432,2.9893330956003226,11.439826434700166,50.44872103991435,0,2026-08-25 06:31:50
2024-01-13 14:37:00,CNC-03,H,303.79724705768535,311.6655652374112,1448.24615972253,47.76237404249236,36.99925784573392,2.0488844058096585,12.7608998704441,44.87569664521873,0,2026-08-25 06:31:50
2024-01-13 22:18:00,CNC-01,L,300.22005280861237,311.79581427945817,2728.115910180649,14.450127247654425,51.34800481769157,3.253592020091563,7.381885572252624,49.14188100903087,0,2026-08-25 06:31:50
2024-01-13 08:03:00,CNC-03,H,295.9555040935397,311.342066362746,1771.9744464195783,47.39533166756329,175.98151883152136,2.737187796127457,15.78959206214135,61.931026424102434,0,2026-08-25 06:31:50
2024-01-13 10:01:00,CNC-01,L,296.5517276842847,311.0364725018715,1478.5790933978342,51.56357208840765,81.66034613064467,2.153667085462347,14.301491902641626,53.883278027154084,0,2026-08-25 06:31:50
2024-01-13 12:00:00,CNC-03,H,296.82123129112523,310.75946635837164,1443.5146286642969,47.18424662720553,33.2563802063431,2.05162149430746,12.933597075223721,59.224061082226264,0,2026-08-25 06:31:50
2024-01-13 10:13:00,CNC-01,L,296.7343945990297,311.0724450128039,1477.2138820271957,48.033769935294885,100.47720181736852,2.2655542976200023,13.32719727647698,58.66952904403259,0,2026-08-25 06:31:50
2024-01-13 15:16:00,CNC-03,H,304.0552228650689,312.1191534969498,1638.1551762228228,42.378510241705804,96.30923378866918,2.4446219491945684,12.909920601015239,48.00678955378619,0,2026-08-25 06:31:50
2024-01-13 17:46:00,CNC-03,H,299.81446786656073,313.4972321427034,1904.2596530502049,34.580600416453976,39.857876662490305,2.62096423301702,12.51051308803795,48.40428349124233,0,2026-08-25 06:31:50
2024-01-13 01:12:00,CNC-02,M,298.12917708584763,309.78359379708763,2821.093637208421,13.98897028142858,83.92735152065823,3.3259863556875358,7.360232673169739,53.25924487653009,0,2026-08-25 06:31:50
2024-01-13 14:23:00,CNC-01,L,3438.8668580198773,312.83708983018147,1695.7281841840224,42.31890202766196,43.23206099173134,2.240788693070992,13.488847259285484,56.020200059581974,0,2026-08-25 06:31:50
2024-01-13 16:46:00,CNC-02,M,25.307238869095386,39.38336852794782,1796.9494450491509,40.89936574055603,12.926279294090861,2.4367568156798654,13.56792810303532,53.27650164755432,0,2026-08-25 06:31:50
2024-01-13 20:11:00,CNC-02,M,298.9681395116615,312.0061620451221,2378.579447805953,23.40333095235321,61.61351241099072,2.973105107773405,10.36047323959894,54.520105596418695,0,2026-08-25 06:31:50
2024-01-13 02:47:00,CNC-02,M,23.518017243860186,35.85775296249392,2685.8962011341177,16.082038776394167,187.77025631033652,3.744404395673299,8.026628696938161,58.68718109289825,0,2026-08-25 06:31:50
2024-01-13 22:56:00,CNC-02,M,297.927827841037,310.0686227077469,2646.902814064238,16.162770977446208,11.63689407754594,3.1130964240192154,7.971278598587854,57.81506940483221,0,2026-08-25 06:31:50
2024-01-13 01:09:00,CNC-03,H,298.4566307529702,310.9740796314908,2678.61456110008,17.599136177659172,113.55204367205025,3.2597451932239343,9.031208307274483,48.234115837635834,0,2026-08-25 06:31:50
2024-01-13 12:13:00,CNC-01,L,297.8700279253581,311.624392283387,1342.6775755891606,50.72674490173369,81.07362754813053,1.9751970729977817,12.82618821746426,52.669870210682454,0,2026-08-25 06:31:50
2024-01-13 06:58:08,CNC-02,M,295.32552233998797,309.9749247436483,2007.609270770052,37.77965642248853,44.0725150373613,2.628342941993723,14.137186701126746,62.04247553464773,0,2026-08-25 06:31:50
2024-01-13 07:40:00,CNC-01,L,296.02305055898245,310.5916189199847,1722.2115578805774,43.96755079530172,102.71775223953145,2.462374791555032,14.428144094229964,55.980181570075345,0,2026-08-25 06:31:50
2024-01-13 08:41:27,CNC-02,M,295.73036830836514,311.04072389640703,1583.0981747266053,49.38300662168491,192.23466765838742,2.7633482507315685,14.689394699157857,56.520277370968905,0,2026-08-25 06:31:50
2024-01-13 00:21:38,CNC-01,L,298.367383031567,311.65951337016605,2618.0379411435056,23.083261373750823,49.62769639289751,3.1523604443076683,11.229742018416484,46.81093363364982,0,2026-08-25 06:31:50
2024-01-13 08:37:00,CNC-01,L,296.15991844217916,310.9106540104298,1585.7842404371945,46.57114677827684,186.83473636874396,2.7953720313350257,13.937437019392593,59.969356115123894,0,2026-08-25 06:31:50
2024-01-13 10:43:00,CNC-02,M,295.25658455289334,309.92640644795836,1508.3624814722257,48.214870102473725,145.11220491591817,2.4012761194206806,13.586594043262288,60.37492614354997,0,2026-08-25 06:31:50
2024-01-13 05:57:00,CNC-02,M,295.5030609468263,310.16091251516264,1952.1834872794434,36.72240898651484,203.03558058207605,3.2051314655825722,13.166132661862664,58.95039990105084,0,2026-08-25 06:31:50
2024-01-13 13:33:00,CNC-03,H,298.04684987029924,312.6402760424137,1437.401779670167,49.92426989485735,,2.5359408235104586,13.457336245523226,54.82492256405912,0,2026-08-25 06:31:50
2024-01-13 01:36:00,CNC-03,H,298.37549545060864,310.930617450788,2774.5491988771237,17.54529379610192,142.35040091716039,3.4735492554885012,9.250186974888468,57.450643447015494,0,2026-08-25 06:31:50
2024-01-13 18:09:00,CNC-03,H,300.18701155345343,313.8360170488148,2048.965168030837,29.933196331035354,70.5556078637399,2.677582047194791,11.462185357224591,48.063984770906195,0,2026-08-25 06:31:50
2024-01-13 06:49:00,CNC-02,M,295.2668803840739,308.85621015672797,1973.0287654717483,32.61005664787066,30.03195062930395,2.5882371985442387,12.097527210583054,58.362690434347705,0,2026-08-25 06:31:50
2024-01-13 01:47:00,CNC-03,H,298.16116697847804,311.52435253864144,2735.9443731069146,20.493291183638295,154.39365823879695,3.5708694439935504,10.302752140794755,52.799654753970785,0,2026-08-25 06:31:50
2024-01-13 21:30:00,CNC-02,M,298.49690724949005,311.32638695558614,2618.793575205276,18.00476137609448,152.69791556990876,3.4273831861672943,8.878601402465794,54.472534019615416,0,2026-08-25 06:31:50
2024-01-13 05:34:00,CNC-03,H,296.46479600048804,310.8928484249639,2074.6293156982424,33.516655107760556,187.5934016756869,3.100118631434247,12.964685201553829,59.190432869319935,0,2026-08-25 06:31:50
2024-01-13 19:01:00,CNC-02,M,298.8954168648394,313.34973745224954,2337.3619495715507,29.60025565135729,193.44051074389466,3.56096096011725,12.367786535021443,48.9145733426433,0,2026-08-25 06:31:50
2024-01-13 14:24:00,CNC-03,H,298.4249414038401,311.7061658994561,1538.8605394311594,43.366486128962144,16.943579907762906,2.254032027381808,12.209973508223463,60.30138940550843,0,2026-08-25 06:31:50
2024-01-13 06:15:00,CNC-03,H,296.6006355481803,310.3081159126383,2065.5484187150264,33.63947265719142,24.08598332435159,2.768331664787172,13.277157457267565,59.591752584256575,0,2026-08-25 06:31:50
2024-01-13 04:38:00,CNC-02,M,296.02892482199934,310.48730532367307,2321.0607047966105,31.172034492413985,101.73709235604944,3.0322681611540068,13.547537427160226,57.487917889486575,0,2026-08-25 06:31:50
2024-01-13 05:38:00,CNC-03,H,296.54964104279867,310.82819318549844,2251.451953775594,29.512423174288923,192.78545598173918,32.83287524606676,12.530595069129804,54.312316910012115,0,2026-08-25 06:31:50
2024-01-13 10:42:00,CNC-03,H,296.5017446282881,310.8634499753953,1377.4125116976109,52.63391050984333,146.3374250931053,2.275242502205742,13.53348365684389,58.55381602081023,0,2026-08-25 06:31:50
2024-01-13 21:00:00,CNC-02,M,298.73160929894163,312.51662030498477,2569.5275895506134,22.75488083222552,118.93570404263795,3.1983901200822946,10.967548819823648,52.406630978845484,0,2026-08-25 06:31:50
2024-01-13 16:47:00,CNC-03,H,26.324841490908625,41.48943929367681,1859.0997203929805,40.887664112679786,3799.834097352033,3.331167086481113,14.226214850344412,48.152534154726084,0,2026-08-25 06:31:50
2024-01-13 07:30:00,CNC-03,H,295.9875748962683,311.0541321638027,1869.502902396207,42.28047780881031,128.38708694818285,2.5262288272411526,14.849111287655623,56.1111090983885,0,2026-08-25 06:31:50
2024-01-13 10:22:00,CNC-01,L,296.72657855144763,310.7644492794344,1356.1530518556979,51.005338639620085,114.72139271563496,2.2365233088082066,13.210765707652158,64.00077190065946,0,2026-08-25 06:31:50
2024-01-13 10:33:00,CNC-01,L,296.7282582829738,310.92701904822576,1292.6586033442932,53.3462297740723,131.97887524887676,2.275658490722521,12.898074495730434,61.59005832048626,0,2026-08-25 06:31:50
2024-01-13 18:40:00,CNC-03,H,300.03594836784026,313.81996013873277,2166.3449733453913,31.150872269871847,110.78552180973024,2.7276658576025232,12.769207456331303,52.23302175872295,0,2026-08-25 06:31:50
2024-01-13 04:59:00,CNC-01,L,296.1564229781753,310.16527775615947,2248.5694942147143,30.88232794070624,123.81394854084206,3.0092160543881166,12.950623108012413,57.17039811963409,0,2026-08-25 06:31:50
2024-01-13 10:17:00,CNC-02,M,295.3988776565372,310.62203218056084,1518.3810278805593,54.49574967454847,,2.3283994688425436,15.138158417016239,56.06715617821004,0,2026-08-25 06:31:50
2024-01-13 06:07:00,CNC-02,M,295.57836801400606,310.00669545428804,1821.7527661347308,35.84901402482882,216.47579122236263,3.3151668885712726,11.921666872069364,56.01551248425088,0,2026-08-25 06:31:50
2024-01-13 23:38:00,CNC-03,H,298.87218446035064,312.08172110801195,2783.097472171121,17.69945779741777,217.34800749790068,3.949942597787135,9.290364637707034,58.72528194842106,0,2026-08-25 06:31:50
2024-01-13 04:50:00,CNC-02,M,295.98858702181616,310.1007674671639,2211.207516221733,31.292002148843018,116.53160481179263,2.872858081527224,12.760450601879377,62.060793090113364,0,2026-08-25 06:31:50
2024-01-13 10:28:00,CNC-02,M,295.410617239715,309.5593076923345,1279.7925336469236,52.483629501219156,121.35867456126333,2.072620690964713,12.840557332887599,56.63281114960883,0,2026-08-25 06:31:50
2024-01-13 12:27:00,CNC-03,H,297.2566116957475,311.40289279210396,1420.5270409786244,50.42315166496997,76.17948538717671,2.1629977435582783,13.520342363520058,54.8341376685234,0,2026-08-25 06:31:50
2024-01-13 19:59:00,CNC-02,M,299.0134125544826,312.042727427349,,22.142999705587716,47.434794163717214,2.9936572390262435,10.194347685695599,52.76518234898437,0,2026-08-25 06:31:50
2024-01-13 15:16:00,CNC-01,L,,313.6581073346125,1629.787367260782,48.547487008544216,124.20528278555456,2.5712392099519894,14.816315315917366,55.80133884215177,0,2026-08-25 06:31:50
2024-01-13 22:24:00,CNC-03,H,299.3858394257429,311.9808820113579,2779.853002007225,18.335285599613094,138.08956608589784,3.458644662025404,9.353119405431741,49.700341881541505,0,2026-08-25 06:31:50
2024-01-13 22:44:00,CNC-01,L,299.976619743675,311.48648232622156,2643.068542825058,12.954467182477401,79.50934370640195,3.0669596183578207,6.365768937489637,55.55626008497823,0,2026-08-25 06:31:50
2024-01-13 00:59:00,CNC-02,M,298.0594709765726,309.61694041486976,2800.5258960122324,13.625270662024834,69.99206909976755,3.3696494360201554,7.2836362734548805,57.341239611078855,0,2026-08-25 06:31:50
2024-01-13 06:37:00,CNC-02,M,295.44436071116,309.31406213241075,1907.477763762591,36.83759401838143,13.591849172262872,2.6101358711049785,13.122941948974313,58.94224072062944,0,2026-08-25 06:31:50
2024-01-13 00:56:00,CNC-01,L,304.0478051539552,310.5227714659119,2667.0993848412063,19.016064384378478,84.69898047083774,3.34467868989906,9.600434549983012,43.31090438975931,0,2026-08-25 06:31:50
2024-01-13 07:12:00,CNC-01,L,296.2433539274154,310.6442639475371,1755.6518637744994,40.82503215601442,62.545375307110945,2.388723088074322,13.207137211765579,56.45790305852676,0,2026-08-25 06:31:50
2024-01-13 22:48:00,CNC-02,M,298.04218787242013,309.2272815168629,,10.816155016684128,3.1697119887818994,3.30870304009548,5.6919962952647705,54.35121361838378,1,2026-08-25 06:31:50
2024-01-13 08:04:00,CNC-02,M,295.49409302083313,310.4659854508892,1722.8379523961426,46.0107955192343,137.0622096539336,2.607918643400844,15.063338956923852,60.52935860747878,0,2026-08-25 06:31:50
2024-01-13 07:21:00,CNC-01,L,296.22899695071635,310.84369052791936,1706.3552861697551,46.181358907480984,75.33883028108475,2.330143968650904,14.858851962722344,54.42389440028971,0,2026-08-25 06:31:50
2024-01-13 17:42:00,CNC-03,H,299.74099123981745,313.5519187045554,2014.9581424885175,32.42662218622976,34.42324633415691,2.6388875685053645,11.968863546771699,49.78548881280758,0,2026-08-25 06:31:50
2024-01-13 07:32:00,CNC-03,H,296.2456983594558,310.41807037205723,1675.9896901652219,39.63347831008825,131.2781578022995,2.488162253279475,12.806845595854199,57.21667167993597,0,2026-08-25 06:31:50
2024-01-13 05:47:00,CNC-03,H,296.61037779326165,311.59216516121074,2054.6147185286914,36.82332747875528,204.6475836664981,3.231641246484882,14.213211935142057,53.52255533706445,0,2026-08-25 06:31:50
2024-01-13 08:34:00,CNC-03,H,296.056458046723,311.09630296620793,1624.457438346661,45.77660264776922,222.00755738718792,2.9209229738275093,14.1552141837311,59.19289333348029,0,2026-08-25 06:31:50
2024-01-13 22:00:00,CNC-02,M,298.3289392385117,312.18723271440075,2617.5990980740257,21.69433424071865,185.92285453988302,3.7265368960921585,10.564365704747223,54.170472020304395,0,2026-08-25 06:31:50
2024-01-13 01:32:00,CNC-02,M,297.8134568602441,310.91666970896097,2579.951510769932,21.837157467602037,105.40398337449027,3.129281730329108,10.4252244602315,56.771345597068844,0,2026-08-25 06:31:50
2024-01-13 00:21:00,CNC-01,L,298.69444805537887,310.8712034572767,2812.6529357946024,15.483156312668243,47.486303460424075,3.3722962171730195,7.915440673373404,54.464165402828264,0,2026-08-25 06:31:50
2024-01-13 13:16:00,CNC-02,M,296.8499372157062,311.74692295212174,1366.3291286177114,54.57936355468564,171.3105631660023,2.47948903901385,13.896433645100206,55.50814935619382,0,2026-08-25 06:31:50
2024-01-13 11:03:00,CNC-02,M,295.6334662963741,310.26573494487513,1304.9824577861707,53.38078919625113,176.98048569796725,2.394224938703561,13.082539027257585,57.43434520848203,0,2026-08-25 06:31:50
2024-01-13 01:01:00,CNC-03,H,298.5652242378614,310.40407233471456,2739.310821354782,14.400696558020298,104.91418926756363,3.3957008697696534,7.59320652584857,51.07799238108335,0,2026-08-25 06:31:50
2024-01-13 17:42:00,CNC-02,M,304.4341693269981,312.85921432627225,1917.3674137604532,36.94788122527408,90.39494519654073,2.5730491602204566,13.25810197334953,41.875500511855975,0,2026-08-25 06:31:50
2024-01-13 05:07:00,CNC-01,L,296.24144461201456,310.77674252823186,2204.4645192314492,32.97706659874381,134.04250529261674,2.9924397262068982,13.60228534178261,55.53613277398872,0,2026-08-25 06:31:50
2024-01-13 23:00:00,CNC-02,M,297.982146846152,309.6225880087656,2809.225576318193,14.1438408400417,15.859153059934247,3.3335362500143324,7.485103593553545,54.3383091442806,0,2026-08-25 06:31:50
2024-01-13 05:27:00,CNC-02,M,295.89085520433366,310.8548839726343,,38.01879490143238,163.4282131358277,,14.14339627075572,52.88404919954001,0,2026-08-25 06:31:50
2024-01-13 07:35:00,CNC-01,L,296.24075538891174,310.70072771263017,1767.8052334630747,41.37338936552483,95.4707040354099,2.471838868409329,13.914427111032543,58.251708760944965,0,2026-08-25 06:31:50
2024-01-13 13:50:00,CNC-02,M,297.61895559718283,312.77960154750116,1414.755391970718,54.017265775340675,225.03698631366504,2.852851088511303,14.401273977342294,58.655675916287535,1,2026-08-25 06:31:50
2024-01-13 22:58:00,CNC-03,H,299.24633730241806,312.1575404835665,2770.5991747813796,17.420974574668634,174.6479873081657,3.647325076316101,8.937308540312074,49.592157877700515,0,2026-08-25 06:31:50
2024-01-13 05:45:00,CNC-02,M,295.58906305518815,310.3462752873514,2012.4976348440603,35.55511721786877,187.04722225955487,3.113260007471282,13.445656304782384,59.28762637910584,0,2026-08-25 06:31:50
2024-01-13 19:26:00,CNC-02,M,298.9388281172193,311.75224125774236,2214.8020247462946,25.628971925561903,7.334522523599788,2.7725279951973665,10.522937012734358,56.18696310181731,0,2026-08-25 06:31:50
2024-01-13 15:52:00,CNC-02,M,25.113462314060712,39.940204100447716,1629.22762036881,43.80288316889201,173.4571550405671,2.6584439212158615,13.558377860192385,58.21062890902803,0,2026-08-25 06:31:50
2024-01-13 04:49:00,CNC-02,M,296.00649565921645,309.47481515140794,2352.452005196974,24.28184146610041,115.28411835292704,3.071877956627805,10.727318181108767,60.43701147160373,0,2026-08-25 06:31:50
2024-01-13 02:50:00,CNC-01,L,23.994896065699606,37.314111022106886,2592.6761751149756,20.52705234738195,209.73746633570883,3.9894635061116266,9.720179160224871,55.446005308685685,0,2026-08-25 06:31:50
2024-01-13 20:53:00,CNC-01,L,300.17321653363854,314.43750029230046,2406.51145815619,28.949407925488075,151.70503392167834,3.3150948497130726,13.280041966123994,55.393700733928135,0,2026-08-25 06:31:50
2024-01-13 17:53:00,CNC-02,M,304.2973155580827,312.46740539106236,2115.4428368341623,32.311260727013284,105.1131852406428,2.811872957061229,12.606488246948242,44.38552775391753,0,2026-08-25 06:31:50
2024-01-13 09:56:00,CNC-02,M,295.59874264985575,309.6950917655258,1349.997147548536,50.9342392543711,70.96921290182914,2.007237465930236,12.820900546323264,61.69018972675117,0,2026-08-25 06:31:50
2024-01-13 22:35:00,CNC-02,M,298.15441871718355,310.5232553419456,2698.6210535693863,12.783182993000022,223.75589879603422,4.1160955524014975,6.592582156016498,56.70371662561246,0,2026-08-25 06:31:50
2024-01-13 06:52:00,CNC-01,L,296.14843543295683,309.873489270132,1941.6306389620524,35.800418742776905,34.28373420856829,2.49575576621692,12.968838187122977,55.48992476488548,0,2026-08-25 06:31:50
2024-01-13 06:07:00,CNC-01,L,296.5657125018533,311.67981910964903,2025.4581575734526,38.18380527784797,212.2896359947209,3.596635537274145,14.663000407459643,55.561605414100256,0,2026-08-25 06:31:50
2024-01-13 11:13:00,CNC-02,M,295.7997340166208,310.90747805217035,1336.2356874193383,56.14327000929925,192.83372689801718,2.6020191687464016,14.174524326905003,55.34894187260441,0,2026-08-25 06:31:50
2024-01-13 03:42:00,CNC-03,H,297.3694427885022,309.67600430926456,,19.151622476568,48.6496870742144,3.0682575905219838,8.981212043214526,54.904998017251636,0,2026-08-25 06:31:50
2024-01-13 02:58:00,CNC-01,L,24.489893691190275,37.8496468394863,2440.5036922555605,21.763525014906058,218.84459813441632,4.021116813398829,9.920903852998594,51.65607244124734,0,2026-08-25 06:31:50
2024-01-13 15:21:00,CNC-01,L,299.12126558210787,313.83547903115544,1689.1796001541422,44.369061806690375,131.63336306820068,2.564021644304584,14.088735784388154,55.693391128528106,0,2026-08-25 06:31:50
2024-01-13 22:36:14,CNC-01,L,300.3045168463811,312.6093270974551,2611.064487593584,18.756345584152406,70.89350005938255,3.240336819012857,9.257776680204218,49.36908778203014,0,2026-08-25 06:31:50
2024-01-13 05:49:00,CNC-01,L,296.1783755674119,310.2721945233307,2034.5903621013858,31.165364119374985,188.3571157430385,3.25002209947229,11.856915105702843,54.39647025187132,0,2026-08-25 06:31:50
2024-01-13 07:39:00,CNC-01,L,296.4310164739517,311.25303869713036,1756.7158690630088,44.71119164888379,101.2808255701903,2.459707916482382,14.784222304375517,57.245537070822365,0,2026-08-25 06:31:50
2024-01-13 15:31:00,CNC-02,M,298.31443728358624,312.9580866701135,1649.445348304813,43.507225304412415,142.54326324225931,2.542324493901192,13.308175670312355,56.69326275460488,0,2026-08-25 06:31:50
2024-01-13 14:57:00,CNC-03,H,304.01891429846745,312.7901207689787,1591.931564059671,48.90839293758804,67.40878086048936,2.3080984508508053,14.563597584461334,44.80817060670011,0,2026-08-25 06:31:50
2024-01-13 04:51:00,CNC-03,H,296.28239080418706,310.18801618384106,2231.58912879828,29.364684685739164,132.79571676421622,3.0391853265852737,12.141623861375031,59.46353077619331,0,2026-08-25 06:31:50
2024-01-13 04:57:00,CNC-03,H,296.2203479178924,309.58385823212154,2281.5750029580763,25.891207089268413,140.24796946930272,3.0029830225772383,11.010385450499355,62.10749556785804,0,2026-08-25 06:31:50
2024-01-13 22:25:00,CNC-01,L,300.31725960164675,312.13395261530917,2682.2134658189952,14.686521874494629,58.904263617225325,31.428215995861105,7.346434847795932,50.15381928577175,0,2026-08-25 06:31:50
2024-01-13 21:55:00,CNC-03,H,299.4505828726453,312.6897308819845,2601.8614865977956,22.3907480470946,106.17911039473489,3.248361253795819,11.006452443092659,54.59273115633703,0,2026-08-25 06:31:50
2024-01-13 03:20:00,CNC-03,H,297.40712334463717,7437.25528003098,2430.6536157489586,23.651751491289765,23.0208910329215,3.0154161000509854,10.906778677865146,59.45974481763809,0,2026-08-25 06:31:50
2024-01-13 01:05:00,CNC-01,L,304.05392506682,311.24375825357464,2534.7801117409012,23.21979257179793,94.4072396435052,3.144559284122891,11.31999309492271,46.60056278008749,0,2026-08-25 06:31:50
2024-01-13 18:49:00,CNC-03,H,299.9325742655581,314.5077175458464,2112.9517430432497,33.89793919916782,122.27483009137133,2.8223261638399264,13.234294779670114,47.11304914891549,0,2026-08-25 06:31:50
2024-01-13 08:08:00,CNC-02,M,295.39110373591785,309.84923168503144,1703.7256350491284,41.46485983047979,142.98992829165542,2.6672783499367902,13.235531914491217,62.2773799947566,0,2026-08-25 06:31:50
2024-01-13 23:10:00,CNC-03,H,298.93412404484803,311.4394339198262,2771.4486943454062,16.398881649824656,187.54330385585217,3.653564363141449,8.683533696044677,50.28979057158222,0,2026-08-25 06:31:50
2024-01-13 20:34:00,CNC-02,M,298.83054770527565,313.66755963739166,2344.750537206156,31.679371515412157,89.00181312819616,3.0280798521966075,13.612328907692024,51.4602445742516,0,2026-08-25 06:31:50
2024-01-13 09:45:00,CNC-01,L,296.4408491011369,310.8216012579703,1558.298065615113,46.97279707666561,56.680587077975375,2.114407553341092,13.811383309193934,61.81852727377052,0,2026-08-25 06:31:50
2024-01-13 03:20:00,CNC-01,L,297.2553485489749,309.07054319553464,2502.303801152588,16.804495195329547,4.563139498451241,2.9850957237540396,7.755926449219119,57.46814216376474,0,2026-08-25 06:31:50
2024-01-13 21:50:00,CNC-03,H,299.63726830408655,311.6638977305208,2629.198395467648,15.947494896629104,100.73359466082812,3.253606542066971,7.77787070789427,51.39589993665929,0,2026-08-25 06:31:50
2024-01-13 00:27:00,CNC-03,H,298.5934522525429,309.5904679416446,2741.4764705137773,11.132297920796567,68.79926399619495,3.258377203051553,5.687861543401775,52.596296427208834,1,2026-08-25 06:31:50
2024-01-13 23:11:00,CNC-02,M,297.9214897200005,309.80680597714803,2737.7818411332482,15.347169762507727,27.652484018365026,3.2419082303744857,7.765862015640719,53.41074909608815,0,2026-08-25 06:31:50
2024-01-13 05:06:00,CNC-02,M,296.0205167756791,309.3014947508449,2325.8379836169756,25.634371086003505,136.50314444631925,3.0195992127979947,10.827978960437685,60.194282617333705,0,2026-08-25 06:31:50
2024-01-13 08:28:05,CNC-03,H,296.1295662709462,311.0888256040939,1563.1213803880178,50.40301689018404,214.5370306043567,2.874875621999221,14.586613071044647,56.551758819037396,0,2026-08-25 06:31:50
2024-01-13 16:56:00,CNC-02,M,,312.72529196643086,1881.58716479147,41.23865966383421,26.971482274432006,2.5420375095290244,14.251176051466475,58.02820667675429,0,2026-08-25 06:31:50
2024-01-13 09:41:00,CNC-03,H,296.3223230461077,310.57331662204257,1404.3817669472678,51.7105615639384,50.51086357868521,2.0952685759690346,13.433710186604124,59.8905243697515,0,2026-08-25 06:31:50
2024-01-13 04:49:00,CNC-01,L,296.28684763424377,310.7967578952377,2203.933577727193,32.884570775869186,111.31415316771822,2.917431957183641,13.387641841747033,54.71204839283287,0,2026-08-25 06:31:50
2024-01-13 10:11:00,CNC-03,H,296.2799613212806,310.50492949217477,1493.9795270509496,48.614375483648686,97.4766532277573,2.212911306821551,13.785019959010162,1862.7470171649286,0,2026-08-25 06:31:50
2024-01-13 15:50:00,CNC-03,H,31.39201248952338,40.13637072580161,1856.9732328511075,40.77286562703524,147.22457486874768,2.7079662340834285,14.158037117653343,39.324219130229096,0,2026-08-25 06:31:50
2024-01-13 23:25:00,CNC-01,L,299.99734110686524,312.06749685415735,2789.5237367695304,14.961256495265188,123.31867073958041,3.4388184313565926,7.78628307263283,50.91210878089137,0,2026-08-25 06:31:50
2024-01-13 05:04:00,CNC-01,L,296.4850187170569,310.59215725612773,2258.5914244901987,30.23843859317922,130.22904313471648,3.0284654854699546,12.667319163940418,57.94380235734665,0,2026-08-25 06:31:50
2024-01-13 19:29:00,CNC-01,L,300.19703933004723,313.7351148867751,2234.0406301417433,29.776486339851154,52.439086110210475,2.789194027942427,12.299590731135652,50.629649341953204,0,2026-08-25 06:31:50
2024-01-13 09:33:00,CNC-01,L,296.44785566569556,310.50854312963065,1442.8317177330118,50.06424191788933,38.227765383267595,2.062305314718496,13.672623972510479,55.715612378726604,0,2026-08-25 06:31:50
2024-01-13 20:10:00,CNC-01,L,300.28562013977853,313.57788086351746,2409.228319154663,24.623514155504992,101.8365762744334,3.098276265929303,11.150340660134631,48.20318323574776,0,2026-08-25 06:31:50
2024-01-13 14:24:00,CNC-01,L,298.81670518205743,312.66847326064885,1544.0985958625351,45.31586554214329,44.74888950577781,2.1888830871655127,113.1615896625517,49.346042814093884,0,2026-08-25 06:31:50
2024-01-13 19:01:00,CNC-01,L,300.72921466756566,313.56724193895576,2151.5731494572574,25.759909869493733,17.600802136458586,2.686985455716528,10.449831952453838,44.379707523158075,0,2026-08-25 06:31:50
2024-01-13 18:29:00,CNC-02,M,298.5368473635787,313.24668199193366,1999.099652657722,35.39377418851924,152.4831792554003,2.8045122884657743,13.321093400321148,51.25185518817539,0,2026-08-25 06:31:50
2024-01-13 06:13:00,CNC-03,H,296.4084743887682,309.84685339008723,1990.8896639631953,33.15814551610157,21.42729001419234,2.74764520233518,12.455770472531329,56.37658421740932,0,2026-08-25 06:31:50
2024-01-13 09:54:00,CNC-01,L,296.3002959656583,310.5093995532332,1531.64087250567,46.62852927217046,70.76409088251687,2.1803119373747295,13.02214819634472,63.989152885016615,0,2026-08-25 06:31:50
2024-01-13 05:15:00,CNC-02,M,295.7862128605657,309.959605103306,2372.879137343912,29.594223089221295,147.95693075383102,3.1388899872078944,13.013153546027636,57.76638781474592,0,2026-08-25 06:31:50
2024-01-13 10:30:00,CNC-03,H,296.4363736096836,310.87452613526494,1540.4149290353987,47.133741881065326,127.44640189358012,2.3475448984242275,13.738207697226057,54.80301334094686,0,2026-08-25 06:31:50
2024-01-13 22:37:00,CNC-02,M,298.08403005707635,312.07278768369497,2452.5704208828297,24.147435533652473,225.9476906263695,38.551012835806425,10.960221079805406,56.88552808390529,0,2026-08-25 06:31:50
2024-01-13 23:44:00,CNC-02,M,298.046563915557,309.55851911778836,2787.0292447606953,11.385423915656473,62.71064820458571,3.2377064816699743,5.876414678097159,58.6030405152295,1,2026-08-25 06:31:50
2024-01-13 00:02:00,CNC-01,L,298.77309312871205,310.11547733040277,2783.099983991249,13.032264303360016,27.329513125654877,3.299915354069861,6.915757752718388,49.18215991021788,0,2026-08-25 06:31:50
2024-01-13 14:53:00,CNC-03,H,303.89164370501175,312.41692842760045,1575.68743266931,48.850092505958614,61.33349714342574,2.2619401858640087,14.403241341743586,45.84696255591634,0,2026-08-25 06:31:50
2024-01-13 03:52:00,CNC-03,H,297.21694168047566,309.42674010374117,2431.411701916355,18.770205276587674,60.52990751479222,2.986652117058804,8.498851160547373,55.152823406320444,0,2026-08-25 06:31:50
2024-01-13 01:53:00,CNC-01,L,303.65743170964413,310.44052460543367,2585.564540484135,18.986531176938186,146.60615392459127,3.493291149815857,9.244354442986873,39.161100036213746,0,2026-08-25 06:31:50
2024-01-13 04:12:00,CNC-01,L,296.65786146511556,309.8100827757971,2356.230959694234,25.819181021133684,65.853099760395,2.975550203423584,11.540805375470715,,0,2026-08-25 06:31:50
2024-01-13 16:18:00,CNC-03,H,25.958263954877566,41.43303644988907,1688.7422392301937,48.04814863907552,188.31096668318224,2.6811454324767805,15.371488667210478,50.44358607279486,0,2026-08-25 06:31:50
2024-01-13 13:46:00,CNC-03,H,297.8910209490052,312.4968172653056,1447.574361021592,50.2296343931889,200.97722525474467,2.64230135986268,13.845695974245404,54.83278330336816,0,2026-08-25 06:31:50
2024-01-13 01:46:00,CNC-01,L,303.5365355555219,310.4334001719521,2610.0270650597727,19.02823634956867,138.96357268113422,3.469851858750238,9.36620118561823,43.548994184747954,0,2026-08-25 06:31:50
2024-01-13 05:28:00,CNC-03,H,296.321580263797,310.6097709222304,2193.0431928997464,30.85852541273437,179.82116057459913,3.10676576825315,12.828776261961886,53.77471877059457,0,2026-08-25 06:31:50
2024-01-13 03:33:00,CNC-01,L,296.74971966289235,309.53630757213205,2540.182588521583,22.088591384873492,19.767465770989833,3.1494726937879096,10.467820108596374,59.07592814171775,0,2026-08-25 06:31:50
2024-01-13 09:01:00,CNC-03,H,296.03856764886876,311.38732664367245,1449.5063821710503,53.187831443835705,,3.3559096539471738,14.5498003081422,66.3704689205476,1,2026-08-25 06:31:50
2024-01-13 02:02:00,CNC-03,H,298.39410988515186,312.44198356755,2619.6986513682896,23.851016211941957,170.7320185529736,3.5664058664306517,11.380625625184944,51.12500184288578,0,2026-08-25 06:31:50
2024-01-13 06:52:00,CNC-02,M,295.492331344552,309.36060102105745,1919.9470238659483,35.26199279046614,34.268317334285605,2.5268460239241386,12.695491557011618,55.956407567715964,0,2026-08-25 06:31:50
2024-01-13 18:22:00,CNC-03,H,300.0178698806503,313.60317726171013,2197.8789281462277,29.550945683606024,87.49811071049591,2.8274945746495406,11.987058700104502,50.663563387479826,0,2026-08-25 06:31:50
2024-01-13 14:31:00,CNC-02,M,298.00246681061554,312.43925986036396,1442.7544941644364,48.85106117876279,51.15532400919473,2.111839235186459,13.155260408391678,57.79103410362802,0,2026-08-25 06:31:50
2024-01-13 04:17:00,CNC-03,H,296.9818470937271,310.6202981663035,2496.171352971146,25.246951378651723,90.80427853738244,3.145824054571405,11.885211018013344,59.17161960034589,0,2026-08-25 06:31:50
2024-01-13 15:07:00,CNC-01,L,298.8482331357591,313.00874526809355,1599.72693775825,43.82149684784705,110.71735466040595,2.4078976931346134,13.442498294952225,49.98703577007789,0,2026-08-25 06:31:50
2024-01-13 18:55:00,CNC-02,M,298.76383784066604,313.1459334879142,2301.1520547275354,28.800198574036475,185.90579756555317,3.5169797165330148,12.172473991376577,51.63448525526105,0,2026-08-25 06:31:50
2024-01-13 12:39:00,CNC-01,L,297.7936328763706,312.5465040181897,1391.9173964256433,55.20044908974504,122.26974473648811,,14.53220380490496,54.10018090065654,0,2026-08-25 06:31:50
2024-01-13 20:34:00,CNC-03,H,300.10298001265534,312.5144863019094,2410.6239112638073,20.846019650268023,15.109625410631757,2.9934166158068414,9.415048795784967,52.71128933767523,0,2026-08-25 06:31:50
2024-01-13 20:37:00,CNC-01,L,300.45439483219064,313.1985822070312,2560.607935833973,19.447067285186904,133.32442975823503,3.3012808622959087,9.47926375908176,49.44081887533882,0,2026-08-25 06:31:50
2024-01-13 13:20:00,CNC-02,M,297.02015016968124,312.1590660452111,1484.1540377705974,49.27672944345842,177.54488319623792,2.5345892862792576,13.683633138878424,59.9442217524833,0,2026-08-25 06:31:50
2024-01-13 20:59:00,CNC-01,L,300.0365047923068,313.2255222177732,2537.8344749370117,20.91261070333696,158.47817013835055,3.499095921926222,9.712815142508553,53.40116409052409,0,2026-08-25 06:31:50
2024-01-13 18:21:00,CNC-03,H,299.99250085120303,313.81190205824544,2063.7692571066273,32.11208654511741,86.23728336455922,2.6519751393068653,12.159490339108588,50.381799340784355,0,2026-08-25 06:31:50
2024-01-13 08:42:00,CNC-01,L,296.65041174855224,311.7131930489815,1709.3080644738159,44.46347180794002,194.34375607234057,3.0668672103495718,14.130829009427748,57.96243290593275,0,2026-08-25 06:31:50
2024-01-13 04:52:00,CNC-01,L,296.35873200460173,310.3605015223409,2140.3991432234016,30.564354295158854,115.08767841064166,2.9215761606990864,12.303317783393638,58.90219633941794,0,2026-08-25 06:31:50
2024-01-13 13:44:00,CNC-02,M,297.21022415082035,312.8380598566941,1539.400603347525,53.01038694862868,215.55192229649526,2.869756139676616,15.281226166439689,52.30536447280506,0,2026-08-25 06:31:50
2024-01-13 03:42:00,CNC-01,L,296.9081586120867,308.1479108239172,2569.6519624241087,14.1419684997627,30.372960826775195,3.0727118354257845,7.010174795722806,57.553304411121296,0,2026-08-25 06:31:50
2024-01-13 15:38:00,CNC-02,M,298.13584995613644,312.8324735206988,1555.682686952016,46.893469012467264,152.88889173413426,2.579503316980097,13.394013658295576,53.80962236651587,0,2026-08-25 06:31:50
2024-01-13 02:55:00,CNC-02,M,23.64049046542266,37.38205018991886,2633.5960681634806,23.371170148115322,196.87611110117672,,11.65791342569626,55.980599730946544,0,2026-08-25 06:31:50
2024-01-13 11:18:00,CNC-03,H,296.56881468058924,311.5393632142669,1396.384392525141,53.05388952129282,203.31846328003428,2.5392280267350342,13.858889026265349,52.23332066180682,0,2026-08-25 06:31:50
2024-01-13 03:18:00,CNC-03,H,297.5124429105234,309.94590274662636,2342.92579401314,22.161838469978985,20.689737657223922,2.821720577296357,9.60224360671803,59.876274460831894,0,2026-08-25 06:31:50
2024-01-13 14:50:00,CNC-01,L,298.6995636318636,312.8409134531266,1449.811022595612,47.500076467890786,84.73020693839193,2.1889948702036635,13.037771114058408,50.39436271575573,0,2026-08-25 06:31:50
2024-01-13 15:35:00,CNC-03,H,304.2966845870901,312.91906704618407,1675.7825989375413,44.27845657238737,124.9770546071862,2.404224446909475,13.894175775515988,41.911682814948506,0,2026-08-25 06:31:50
2024-01-13 16:53:00,CNC-02,M,25.531495620145506,39.846681587597004,1956.4771359180015,36.76071958573555,22.780867924502985,,13.474970113070293,54.27731696182179,0,2026-08-25 06:31:50
2024-01-13 10:52:00,CNC-03,H,296.4536703191592,311.31962146308626,1449.717822227099,51.958001634619094,162.12881477357374,2.262942568573147,14.010192348634181,58.15591396742762,0,2026-08-25 06:31:50
2024-01-13 08:23:00,CNC-01,L,296.22671294856104,310.92226900916165,1577.135872566519,46.83631484732387,165.82889732475672,2.738189090327536,14.270717588611289,61.050364967349424,0,2026-08-25 06:31:50
2024-01-13 11:27:00,CNC-01,L,297.41335970403253,311.5908367464717,1381.6511991547186,53.877102803874166,7.930382654103578,2.0607153763260144,13.939193926169867,53.133749164371956,0,2026-08-25 06:31:50
2024-01-13 15:23:00,CNC-03,H,304.5750725114581,312.5714785073368,1543.3532816866975,43.88904216919077,106.90320999078398,21.801567678512072,12.98987433261628,41.830219375096355,0,2026-08-25 06:31:50
2024-01-13 20:09:00,CNC-02,M,299.01582111051204,312.19825551742036,2419.419494914722,23.267075750417458,59.250196991366685,3.0085101780207326,10.672864490626091,48.671791764512264,0,2026-08-25 06:31:50
2024-01-13 21:05:00,CNC-01,L,300.4271981324924,313.60497497489285,2487.398402108333,21.817072357368087,165.38118675150616,3.4436546639274717,10.200715383977213,47.82149630576771,0,2026-08-25 06:31:50
2024-01-13 21:30:00,CNC-01,L,300.04162915581855,314.0273050584768,2610.1621454742394,23.824496257494257,193.6023982582904,38.43067134770133,11.680455408685312,54.918151911962944,0,2026-08-25 06:31:50
2024-01-13 22:03:00,CNC-03,H,299.4682336074759,312.43104337934716,2526.9162039792213,21.65696656031185,114.93548473762827,3.2013982314899194,10.059119482341577,53.09625176286777,0,2026-08-25 06:31:50
2024-01-13 11:07:00,CNC-02,M,295.568068777178,310.30780927975917,1336.3673120405588,54.27880579838875,183.3633459180976,2.483394681516308,13.657325117644262,57.19763162122489,0,2026-08-25 06:31:50
2024-01-13 14:10:00,CNC-01,L,298.89699727127817,312.95828135899546,1557.9869177891142,46.47924444842539,23.23457146177142,,13.660519841814995,54.73760320086471,0,2026-08-25 06:31:50
2024-01-13 00:46:00,CNC-02,M,298.2594281669848,310.735116047956,2668.7373222167625,19.57428056321433,56.18469216973445,3.21173549700653,9.628255906309235,54.9807114021065,0,2026-08-25 06:31:50
2024-01-13 17:02:00,CNC-03,H,299.46202568548625,314.6076344080139,1703.8909239193088,44.37262147156296,250.7331865518873,3.3465112458340935,13.995559060616955,53.489072781422514,0,2026-08-25 06:31:50
2024-01-13 09:46:00,CNC-03,H,296.2063818996495,310.6866920893401,1549.558734640139,48.82835655349946,58.27462300669577,2.2537974580980444,14.002145048104106,59.58238788609006,0,2026-08-25 06:31:50
2024-01-13 23:16:00,CNC-02,M,297.72010451602256,309.57613940605245,2727.4540198062873,13.380762113896067,33.001847833043556,3.233437481695164,6.619758760692131,55.53226114661594,0,2026-08-25 06:31:50
2024-01-13 00:07:00,CNC-02,M,299.22439662936563,310.0596121997544,2745.6583843174153,11.312432366785526,14.92355025303698,3.235208604349139,5.766425010760528,53.27081550296241,1,2026-08-25 06:31:50
2024-01-13 14:20:00,CNC-02,M,297.10613889852107,311.5481451705677,1544.0569980274827,46.39942908990528,34.303668200312785,2.25170443399663,13.419555428445847,50.298859928278276,0,2026-08-25 06:31:50
2024-01-13 05:16:00,CNC-02,M,295.75040401858536,309.92033540854374,2276.135074486484,28.809290834403033,149.21546540056863,3.0957041741224733,12.12472215265881,61.595145489097845,0,2026-08-25 06:31:50
2024-01-13 19:24:00,CNC-01,L,300.4221512129432,313.39676871452957,2381.8557266089115,,46.202455751886745,2.9704004018598593,10.107323770030133,50.507951056750045,0,2026-08-25 06:31:50
2024-01-13 17:12:00,CNC-03,H,299.83211204368786,315.0312358805879,1803.4498611905515,41.874816328206876,264.5646045663395,3.5718901380988712,14.137425676930798,55.65275249235079,0,2026-08-25 06:31:50
2024-01-13 03:52:00,CNC-01,L,296.81580619091284,309.5080712693609,2383.8656846138474,22.84187164499247,42.1036043077907,2.967650982443489,10.448667320793493,58.29323221063048,0,2026-08-25 06:31:50
2024-01-13 14:55:00,CNC-03,H,304.2880627902996,312.54562919835683,1578.8152559566934,45.312590740029606,64.3604448823898,2.233417755437725,13.568518626837026,44.01543634525823,0,2026-08-25 06:31:50
2024-01-13 00:01:00,CNC-01,L,0.0,310.7604755389464,2691.3389612185315,15.118777526163752,26.28578921474264,3.324814625476933,7.303297182917097,52.393341354833346,0,2026-08-25 06:31:50
2024-01-13 05:48:00,CNC-01,L,296.4563080036612,311.3728769388872,2006.007344069249,38.29101743175215,187.0528339933528,3.2602494860903395,14.450419351960742,62.29179908180137,0,2026-08-25 06:31:50
2024-01-13 16:07:00,CNC-01,L,26.21084401205917,41.999982801996794,1831.2042264965758,47.805185087223286,199.85473625265683,3.2469801857718252,16.278315665542504,50.401501554922845,1,2026-08-25 06:31:50
2024-01-13 22:35:00,CNC-01,L,300.17680761432865,312.59777068340077,2743.8185405470044,16.323676461607715,69.77851467413223,3.417317537662644,8.496030298235123,47.423817739342255,0,2026-08-25 06:31:50
2024-01-13 00:39:00,CNC-03,H,298.6800008076615,310.20090977844364,2845.342182110215,12.171915902212746,81.60626163618487,3.4015958932297887,6.522830444027273,51.97487031173004,0,2026-08-25 06:31:50
2024-01-13 01:54:00,CNC-01,L,303.83999446298895,310.0696783550124,2695.012243736713,16.82867505064956,147.67260505168815,3.577423380187048,8.502530715783653,44.949584929192035,0,2026-08-25 06:31:50
2024-01-13 22:31:04,CNC-02,M,298.1110105143299,312.2148171333084,2467.265963524304,23.066205084204782,218.4076441650736,38.24223182512413,10.95936008206364,51.902413566701185,0,2026-08-25 06:31:50
2024-01-13 17:58:00,CNC-02,M,304.66987995055337,313.1706205085889,2075.9415867274747,35.44014221172372,111.77739916874862,2.7680631421059245,13.676891616515883,40.48792134357007,0,2026-08-25 06:31:50
2024-01-13 20:17:59,CNC-03,H,300.0641864178916,,2284.870166978617,28.292920298123025,231.28844832412275,3.6902658777497117,12.061475718523019,49.04315540420449,0,2026-08-25 06:31:50
2024-01-13 05:13:00,CNC-03,H,296.3504561729388,310.5462852905549,2138.40134347825,32.16244236832072,160.57178196178987,2.9881923314190106,12.84785484078613,54.47820657129337,0,2026-08-25 06:31:50
2024-01-13 19:02:00,CNC-02,M,298.7329262767277,312.8526623388224,2371.165609423015,25.49226023785309,194.62907726064398,3.5263459324295363,11.510119170582204,53.63241004549764,0,2026-08-25 06:31:50
2024-01-13 18:41:00,CNC-01,L,0.0,314.68243010542096,2179.262937144586,30.94388835730575,203.46391241252974,35.26789789774578,12.536940242972536,53.24873769339433,0,2026-08-25 06:31:50
2024-01-13 14:04:00,CNC-02,M,297.1863498083345,311.2499012790514,1446.004574658545,49.111490048851586,9.454677758375393,2.101487039817899,13.413761583071759,57.44825096538212,0,2026-08-25 06:31:50
2024-01-13 10:41:00,CNC-02,M,295.40961855293824,310.20642183904744,1534.9616134449936,48.66677068960328,141.9876356934638,2.4546907987725346,14.155561487273303,61.665154599124556,0,2026-08-25 06:31:50
2024-01-13 04:25:00,CNC-01,L,296.3359548030476,310.2245640691906,2328.993826876406,29.545305760294347,81.69982533872154,2.976759779267024,12.828506842764206,52.299387136589154,0,2026-08-25 06:31:50
2024-01-13 03:00:00,CNC-03,H,24.660580057187076,37.32253914089415,2501.5623375997147,21.157212933800334,0.0,3.135774123605026,10.151427230172077,55.716261637887605,0,2026-08-25 06:31:50
2024-01-13 06:51:00,CNC-03,H,296.16677706157674,310.02041267076606,1903.1747131469695,36.21798359829161,73.39802935160297,2.5744514517758286,12.733344867800772,2010.4870219108318,0,2026-08-25 06:31:50
2024-01-13 22:06:00,CNC-01,L,300.08589270083996,312.0905195759775,2481.852041636061,18.759281193500243,38.4303605092598,3.1038601737748612,8.75594258635736,52.75817142784786,0,2026-08-25 06:31:50
2024-01-13 16:13:00,CNC-01,L,25.981131860748064,39.61324948389944,1820.1056162019588,37.04065016426852,1.41993071105321,2.407169482451459,12.422725096493563,,0,2026-08-25 06:31:50
2024-01-13 17:14:00,CNC-02,M,298.6080614750934,312.7447658521443,1972.712963440293,34.60911299761998,51.9339243384183,2.531209219696848,12.25317694829136,55.69110359725458,0,2026-08-25 06:31:50
2024-01-13 06:34:00,CNC-02,M,295.51144312568186,308.8807140644061,1933.041259287381,33.555295604094084,9.457493627028803,2.4618479094264685,12.156800082966134,62.42022723718438,0,2026-08-25 06:31:50
2024-01-13 01:45:00,CNC-01,L,303.80260088089767,310.9499637312442,2598.6489079597222,20.425987734341607,137.88249122386688,3.3281690763507017,9.863481647378938,44.80104348812576,0,2026-08-25 06:31:50
2024-01-13 12:38:00,CNC-03,H,297.39753298801287,311.6933574439182,1450.3774906452518,48.65996109477244,93.6572553108478,2.2053724477791024,13.251046202150446,57.99790247646896,0,2026-08-25 06:31:50
2024-01-13 03:11:00,CNC-02,M,23.629150151781516,37.24745589666264,2431.960216883945,23.54085722990721,215.00829074309482,3.7880297225421353,10.676818016449381,58.501999438106154,0,2026-08-25 06:31:50
2024-01-13 11:32:00,CNC-01,L,297.23689031561963,310.9586646719756,1505.8702794612566,,15.890943038265737,2.149918601896505,13.303901927823746,57.7152399761166,0,2026-08-25 06:31:50
2024-01-13 00:44:00,CNC-03,H,298.50806046676627,310.7084078906375,2573.627304256815,18.16425138534923,86.92371912434432,3.1353789180043177,8.657630210139839,55.56932217246225,0,2026-08-25 06:31:50
2024-01-13 12:23:00,CNC-03,H,297.09162154173515,310.79321922215576,1344.1844985059304,46.81934188159123,69.82089164243529,1.9534877122960064,11.883146050803743,58.999735507893284,0,2026-08-25 06:31:50
2024-01-13 03:34:00,CNC-03,H,297.3902739007161,310.27820293666247,2374.0764815874436,24.463143952120127,,2.9536949413389757,10.759143708460659,57.464343035127314,0,2026-08-25 06:31:50
2024-01-13 02:38:00,CNC-02,M,23.90603231793068,36.975748495028995,2550.711087388289,20.371897987636174,177.80408914580553,3.5047904164057484,9.56872041352234,62.078518612081744,0,2026-08-25 06:31:50
2024-01-13 14:45:00,CNC-02,M,297.66015621226546,311.9656855465964,1405.8473988392902,50.133703545359126,72.77512191166072,2.1283302597698692,13.104340438205337,58.29769227288573,0,2026-08-25 06:31:50
2024-01-13 14:23:00,CNC-02,M,297.6752919143227,311.92854625900725,1584.4637380163651,46.479543964480335,38.91116429277168,,13.880298876914546,54.73246555726797,0,2026-08-25 06:31:50
2024-01-13 03:45:00,CNC-01,L,297.02597049961764,309.8844449336737,2467.505008155476,21.23149449486393,33.89620275330114,3.063572810522909,9.924794974483774,56.61724735349036,0,2026-08-25 06:31:50
2024-01-13 16:26:00,CNC-03,H,26.084146724277048,41.046713579430275,1655.7885386388098,45.069740948139376,199.92462184030236,28.47184297494868,13.966797987852964,55.34126143990667,0,2026-08-25 06:31:50
2024-01-13 10:08:00,CNC-02,M,295.3191495435174,309.75974499178216,1455.7129956716894,49.91067231833315,89.8304074176728,2.2056413612843087,13.578054411429337,62.60688589667018,0,2026-08-25 06:31:50
2024-01-13 19:59:59,CNC-03,H,300.1894291173962,314.39274265519146,2419.9507379705406,26.77344020284683,208.69726066522395,3.695202876726169,12.043542438471881,49.883914080150696,0,2026-08-25 06:31:50
2024-01-13 07:24:00,CNC-01,L,296.22153625811484,310.1892409448881,1789.9432278485608,39.41736019216945,79.6320629085918,2.4532574224062103,13.242839844170614,61.69710780802913,0,2026-08-25 06:31:50
2024-01-13 20:44:00,CNC-01,L,300.0015422793016,313.26020937193255,2497.6016466327546,22.89514293585046,141.34883768409162,3.26180660127744,10.898117625947698,47.88645759661565,0,2026-08-25 06:31:50
2024-01-13 15:03:00,CNC-02,M,297.9221795328354,313.17251222268334,1532.4977271592038,54.179195848515576,100.44111360084095,2.279409550236706,15.76357459691255,55.39111416786198,0,2026-08-25 06:31:50
2024-01-13 03:25:00,CNC-02,M,296.77334737177057,309.0402236673372,2437.534159358648,19.436539732595023,14.873006934626071,2.903168973213697,8.964149677383201,58.35906159744371,0,2026-08-25 06:31:50
2024-01-13 13:07:00,CNC-03,H,297.78385488992063,312.3211644224709,1449.3142513228177,51.370606181268215,,2.378080088929702,13.614348767704865,53.39753585933974,0,2026-08-25 06:31:50
2024-01-13 09:38:00,CNC-03,H,295.99036259573245,309.5615874294868,1408.5320033331896,47.7810301069064,45.81921658038804,2.092463286250386,12.54613022473285,55.44011549406428,0,2026-08-25 06:31:50
2024-01-13 18:14:00,CNC-01,L,300.2557893723458,314.5323535368338,2089.2980880341615,33.21539291416958,168.2573470969855,3.026399808684502,12.81957496819696,48.682856997679146,0,2026-08-25 06:31:50
2024-01-13 03:11:00,CNC-03,H,24.20901197407602,36.75596263969703,2363.160198609564,21.994829464514623,12.542609365159436,2.9708598532321235,9.711907919472656,54.989314888362024,0,2026-08-25 06:31:50
2024-01-13 16:45:00,CNC-02,M,25.39872078121715,39.447740286371015,1611.4545699881996,40.962100220918764,11.486402651998347,2.2476596673107956,12.330420074635049,50.09393137302824,0,2026-08-25 06:31:50
2024-01-13 05:47:00,CNC-02,M,295.701355357702,311.2163742187204,2027.408768389274,39.51741958643686,189.71985976479988,3.1501950571867714,15.060111543592873,58.63711432329573,0,2026-08-25 06:31:50
2024-01-13 08:12:44,CNC-02,M,295.67612239157984,310.146642473394,1511.6220273370016,47.513273902607736,152.03766170988123,2.3682780533610646,13.605666821752445,56.1910683179383,0,2026-08-25 06:31:50
2024-01-13 07:47:00,CNC-02,M,295.52588877182234,310.0782123235455,1840.2767705859442,39.83936077596192,112.31360766528189,2.470903354713512,13.926611690820783,59.93116508185502,0,2026-08-25 06:31:50
2024-01-13 16:09:00,CNC-03,H,25.855577858369145,41.045580834861084,1575.209067912051,51.16706229575681,175.09114207539335,2.5644169597622795,14.94550822924366,56.69371242710436,0,2026-08-25 06:31:50
2024-01-13 20:31:00,CNC-01,L,300.41708591630277,314.0856443136767,2421.948471193022,25.528889007296822,126.49939664583736,3.095196990733406,11.406527800654672,54.58874230184759,0,2026-08-25 06:31:50
2024-01-13 22:29:00,CNC-03,H,299.53502834044093,312.26188711220726,2604.141692302741,17.858862040831454,143.53728736613783,3.419847071932079,8.73849120520311,53.61364922098937,0,2026-08-25 06:31:50
2024-01-13 10:58:00,CNC-01,L,297.06459449412944,311.98769361419573,1402.9411660130897,55.92123398238102,171.52072695716572,2.5697367137317517,14.709960587914184,54.11810880764332,0,2026-08-25 06:31:50
2024-01-13 02:29:00,CNC-01,L,24.39564670424062,38.10323154275136,2522.062943257308,22.665788068694233,186.12376515516843,3.7588280191663945,10.622016322876624,59.317018042858656,0,2026-08-25 06:31:50
2024-01-13 01:33:00,CNC-03,H,298.41802711815507,310.59911029575164,2729.844573769435,16.016334377595115,139.09566268689298,3.455739767247878,8.26718094442429,52.50773940288501,0,2026-08-25 06:31:50
2024-01-13 13:59:00,CNC-02,M,297.44713137649074,311.3572107265317,1408.1648360896327,50.12235239526951,1.5877922980250934,2.011601927245561,13.026106608198784,54.99979336825143,0,2026-08-25 06:31:50
2024-01-13 09:57:00,CNC-03,H,296.02452947878464,310.04793907402063,1399.2426367234414,50.528764243954235,75.40886583985746,2.09238797433839,13.140044306246903,59.24699397137629,0,2026-08-25 06:31:50
2024-01-13 07:03:05,CNC-01,L,296.4580919928554,310.2950975184162,1817.3540614138867,38.515332143001594,49.71437490399381,2.319682994786548,13.439267808961523,62.78270257653167,0,2026-08-25 06:31:50
2024-01-13 21:24:48,CNC-01,L,300.3918729520375,313.81347675611903,2653.3119539587005,21.624653563436816,186.83896928218377,3.8292794290519607,10.785737894440915,47.573685082473396,0,2026-08-25 06:31:50
2024-01-13 23:31:00,CNC-03,H,,312.2120920302389,2672.1046619674385,20.44755253012351,209.92964102089945,3.9160942438850985,10.32652694974103,55.406726406623896,0,2026-08-25 06:31:50
2024-01-13 23:28:00,CNC-02,M,297.8605624133912,310.41656246481926,2676.440255914081,17.587270261749673,45.551659783025926,3.1467198203864877,9.020341121355276,51.92887324177105,0,2026-08-25 06:31:50
2024-01-13 10:50:00,CNC-02,M,295.6435863507335,310.1485847888694,1307.0549084564627,54.843466545019915,156.25811887700544,2.4117548077166884,13.705380096311348,60.213623509197014,0,2026-08-25 06:31:50
2024-01-13 21:32:00,CNC-02,M,298.7890394053093,312.2146235717404,2537.537615038399,21.755546392601847,154.925149377226,3.4019633914266185,,49.31456790502206,0,2026-08-25 06:31:50
2024-01-13 23:13:00,CNC-02,M,297.93804800179817,310.38143105655115,2800.189490024226,16.183564693303357,29.77470617505229,3.3222472043038005,8.317097102045109,53.02312281118277,0,2026-08-25 06:31:50
2024-01-13 02:28:00,CNC-03,H,25.172100706236222,39.057943182326824,2627.870039664231,23.622826456791763,199.6227007662122,3.7710571417707417,11.66532550496692,55.19165479415706,0,2026-08-25 06:31:50
2024-01-13 15:02:00,CNC-01,L,298.6648547591862,312.65197027157467,1538.9118394255067,45.07801651231379,103.1416408369749,2.159269899525251,12.99240874212325,54.86862941424784,0,2026-08-25 06:31:50
2024-01-13 04:37:00,CNC-01,L,296.18502469066993,309.83891608394066,2293.708029117679,27.226183962279883,96.32757701403904,3.0331139778250704,11.677228546974883,62.36206899803739,0,2026-08-25 06:31:50
2024-01-13 19:42:00,CNC-03,H,300.1527628323499,314.02849765925936,2385.555248026309,25.01450786097923,188.16788009124468,3.2329420409764165,11.031936059900385,52.07404051106947,0,2026-08-25 06:31:50
2024-01-13 10:18:00,CNC-02,M,295.4984633433678,310.33622518539136,1395.6576038108176,54.518894619905375,105.62397472079627,2.184083280863866,14.06902850906981,60.85288790012229,0,2026-08-25 06:31:50
2024-01-13 12:14:00,CNC-03,H,297.0770993253311,310.9694713896522,1367.994537751231,51.830229670514505,55.58550165090876,1.9507872789280585,13.000235059691201,60.12994729180971,0,2026-08-25 06:31:50
2024-01-13 23:09:00,CNC-01,L,299.6264412800059,312.00090529306914,2692.168217321604,17.451006533651313,106.2165641267243,3.2610690143947783,8.543416629408165,51.25967215970133,0,2026-08-25 06:31:50
2024-01-13 01:31:00,CNC-01,L,303.7073174224234,310.9896929172571,2562.1781429458306,22.879928842575517,122.65925954493866,3.360660519302394,11.234155504080588,45.29758219686668,0,2026-08-25 06:31:50
2024-01-13 20:03:00,CNC-02,M,299.07906236794236,312.2872971656547,2390.061617081462,24.457686592597202,52.1011235182508,3.0352131568458223,10.990331059395736,51.26079719332375,0,2026-08-25 06:31:50
2024-01-13 16:03:00,CNC-02,M,25.09799639562857,40.337397351440984,1708.075750376455,44.03903011422016,189.5412005607408,2.8409117902419023,14.128107876719362,53.02510838795464,0,2026-08-25 06:31:50
2024-01-13 22:21:00,CNC-02,M,298.29685623505657,311.02545192942057,2687.889856826968,15.863039981492166,208.73513048475937,3.972957003921442,7.9030237775744325,58.8104474776366,0,2026-08-25 06:31:50
2024-01-13 10:51:00,CNC-01,L,296.97758761729284,311.25363395322,1397.5027037138098,49.2169978472569,160.39343904759266,2.447843607763216,12.83598919675643,58.02929196202444,0,2026-08-25 06:31:50
2024-01-13 06:16:00,CNC-01,L,296.0750435263377,310.82968199210393,1914.7772953598467,36.733362947052505,224.34498198867345,3.5857020280269154,13.407176708071807,57.17722495381253,0,2026-08-25 06:31:50
2024-01-13 12:48:00,CNC-01,L,297.7499821927202,312.41506116679733,1411.4077356853438,49.99638708832206,136.57597934013035,2.38743773570707,13.085854116176254,51.791503040344054,0,2026-08-25 06:31:50
2024-01-13 02:44:00,CNC-02,M,23.668181700222362,36.85082562219026,2650.251982999676,19.562274644727708,184.48075638185009,3.673079665331453,9.595378947702907,54.193658802576785,0,2026-08-25 06:31:50
2024-01-13 11:57:00,CNC-03,H,297.0894422940557,310.57606845461095,1328.6225671838354,48.72641674180894,28.502534250101746,2.0517578998890103,12.010468453271042,55.20362957422074,0,2026-08-25 06:31:50
2024-01-13 00:11:00,CNC-03,H,298.5556514438609,310.4492881151802,2743.5686918973383,15.44436090375245,51.68320953849654,3.2706145488724157,7.960014756689636,54.45453682851063,0,2026-08-25 06:31:50
2024-01-13 16:19:00,CNC-02,M,25.446140092464873,41.22748731924099,1934.5356345636885,42.475184416344206,212.83624558701828,3.2917684041304005,15.435954203598316,50.59868257527637,0,2026-08-25 06:31:50
2024-01-13 09:56:00,CNC-03,H,296.14910276421205,310.99480420097234,1549.2548144046823,50.3719296631707,73.80886583985746,2.329370053388851,14.570725556549558,60.65113883453564,0,2026-08-25 06:31:50
2024-01-13 08:56:00,CNC-01,L,296.026401599591,311.1155060429005,1479.0540158150197,52.60162644607085,215.7803507574539,3.0877649716503943,14.481599907958818,,1,2026-08-25 06:31:50
2024-01-13 08:55:00,CNC-02,M,295.65524875142165,310.29026521302757,1401.1851848416443,49.75241757459436,213.36653963389406,2.8023696374424363,13.182604879680685,61.83692271783009,0,2026-08-25 06:31:50
2024-01-13 13:09:00,CNC-02,M,296.7152498000019,311.3139639971128,1357.0010025059607,52.71256010144797,160.28623541761053,2.3552194899540466,13.403148795678774,54.90954001266447,0,2026-08-25 06:31:50
2024-01-13 04:54:00,CNC-03,H,296.43034842227,310.75200188989874,2245.1965419730145,31.248356480194804,,3.0261460667855826,,57.68577078831459,0,2026-08-25 06:31:50
2024-01-13 01:26:00,CNC-01,L,303.615216768939,310.0101797400369,2763.913206092739,16.18501619613462,117.14978430233549,3.4931185390055357,8.315381393100417,46.21669205842588,0,2026-08-25 06:31:50
2024-01-13 16:13:00,CNC-02,M,,40.55488244455984,1708.7154365052934,47.297864297362814,204.13295904336383,3.001383283191234,15.447323571738835,53.26292781626588,0,2026-08-25 06:31:50
2024-01-13 20:05:00,CNC-02,M,298.9297236355226,312.6658822454109,2305.12149637929,27.311425869916114,54.52719392825945,2.959212353832971,11.612254584860949,50.998067228678444,0,2026-08-25 06:31:50
2024-01-13 05:42:00,CNC-03,H,296.3391699189159,311.5942181271865,2094.592933585114,38.91334814347364,198.0757186156848,3.2446224569159963,15.45679775321815,56.93205598856666,0,2026-08-25 06:31:50
2024-01-13 00:25:00,CNC-02,M,298.73149288751983,310.0478810117434,2709.3117927799008,13.729982287210426,33.907890807072285,3.3023326264669097,7.0793885320663135,56.290583087477586,0,2026-08-25 06:31:50
2024-01-13 20:01:00,CNC-01,L,300.53833753596666,314.39237693596095,2535.1255792414013,25.77000260876622,91.16339010757041,3.2764253710146427,12.373762733436296,48.064865744865536,0,2026-08-25 06:31:50
2024-01-13 08:30:00,CNC-01,L,296.31053748118086,311.5062533438997,1670.3778577245123,48.3636100291191,176.32980448545163,2.793607924545953,15.292389322668553,60.540744639274365,0,2026-08-25 06:31:50
2024-01-13 07:21:00,CNC-02,M,295.2458938384996,309.50687069510656,1779.046203192425,39.690904368998616,74.97311618753781,2.4043224277402575,13.253653475741599,57.13298194196164,0,2026-08-25 06:31:50
2024-01-13 08:11:00,CNC-03,H,296.2682575108646,311.15401137464374,1731.273335678323,44.8368515380726,187.74280848323522,2.826562308754083,14.636386871756944,60.11649102256427,0,2026-08-25 06:31:50
2024-01-13 12:13:00,CNC-02,M,296.5517920107631,310.36304563049026,1332.0850747483137,48.9834409998341,71.41177949103518,19.443349102368877,12.13438941503117,52.83233388555688,0,2026-08-25 06:31:50
2024-01-13 04:48:00,CNC-03,H,296.57787508238783,310.0150981383738,2104.045763829462,27.00941351399438,129.05250755455208,2.75390176547403,10.748740973275632,56.15655339220929,0,2026-08-25 06:31:50
2024-01-13 14:00:00,CNC-03,H,298.22409503320785,313.5984003386943,1524.0026979093732,53.367769555751636,222.9378752324692,2.8157527062365686,15.055747027580466,55.06743280160509,0,2026-08-25 06:31:50
2024-01-13 10:26:00,CNC-01,L,296.7597792245676,311.5602038520649,1568.6243237792742,50.11446000011027,120.9547041742201,2.384489773069613,14.605602915330527,58.83750030696476,0,2026-08-25 06:31:50
2024-01-13 07:28:00,CNC-01,L,296.1945951974406,310.3809146537581,1741.5037461365523,40.928465968368926,85.39315324391993,2.3418611515395247,13.212456113850983,61.911579896327765,0,2026-08-25 06:31:50
2024-01-13 04:24:08,CNC-02,M,295.8339801995308,309.19905690481227,2404.2075839257345,25.147340205607854,84.67754673365509,3.0859703526160143,11.2934176873379,59.079456463208906,0,2026-08-25 06:31:50
2024-01-13 09:52:00,CNC-01,L,296.5726077828398,310.5153767868857,1403.8223191540412,47.80596702291526,67.64029222910044,20.280148561708295,12.482236770163597,57.35363238277006,0,2026-08-25 06:31:50
2024-01-13 22:44:00,CNC-03,H,299.3808084824566,312.4435034727395,2740.074071895927,18.757059942468555,159.80936262125294,3.463517554021203,9.675476510047917,51.17312166658101,0,2026-08-25 06:31:50
2024-01-13 22:49:00,CNC-02,M,297.9431605447375,310.1563480498361,2712.371507134933,15.59119072299168,4.254691696013914,3.407788098129246,7.903057096024667,55.660992825997795,0,2026-08-25 06:31:50
2024-01-13 11:29:00,CNC-03,H,296.6939873275406,311.98906481782586,1419.4553828095168,55.301627282047576,220.87311327242455,2.8231549013470985,14.473898372118017,57.865359334612045,0,2026-08-25 06:31:50
2024-01-13 13:30:00,CNC-01,L,298.2831873476538,313.2103213869526,1435.776121946686,52.156539506824714,202.88683809993836,2.8991338784554173,14.216933342981665,52.360976590436074,0,2026-08-25 06:31:50
2024-01-13 18:11:00,CNC-03,H,300.25345448499945,313.9502764458816,1871.9202780699381,34.974184917818434,73.23229922375735,2.4313536732941556,12.114611429715334,52.076127282445356,0,2026-08-25 06:31:50
2024-01-13 15:00:00,CNC-01,L,298.8374207582167,312.72139132369216,1549.886483668759,44.71104220915285,100.1404250398045,22.54621603057924,13.1620881584048,55.8427506858425,0,2026-08-25 06:31:50
2024-01-13 07:44:00,CNC-03,H,295.9267908207982,310.259614246501,1680.542443800269,42.80582120074083,148.43829420385802,2.5386611616642467,13.456824038197997,56.792269869775986,0,2026-08-25 06:31:50
2024-01-13 10:27:00,CNC-03,H,296.61504613316623,310.6803686477992,1391.1974118672265,49.64476978559003,122.73598748512515,2.2294610409423194,12.757871077699567,54.83611313951492,0,2026-08-25 06:31:50
2024-01-13 08:02:00,CNC-03,H,296.01901178967444,310.5720635642969,1534.6331786486246,46.4205305549398,174.52679877553885,2.465429404211896,13.307782027491509,60.8045633837535,0,2026-08-25 06:31:50
2024-01-13 16:25:00,CNC-03,H,26.086508429164553,41.206588978855905,1916.387995953772,41.17235173669922,198.45624429587747,3.0905735965269074,14.87624523236148,50.21444815184258,0,2026-08-25 06:31:50
2024-01-13 12:54:07,CNC-01,L,297.9676013171525,312.19512437317314,1345.9998850047352,50.510781318880696,146.111457305671,2.3012567458226316,12.728771578336977,55.525679029303824,0,2026-08-25 06:31:50
2024-01-13 08:43:00,CNC-03,H,296.16307614171524,311.6174960386461,1686.6200537105788,46.03067878311117,235.51478891668324,3.269195408574092,14.590781739162392,59.338220581984935,0,2026-08-25 06:31:50
2024-01-13 18:57:00,CNC-03,H,299.7395528625942,313.2102817913377,2141.2950464713863,29.081446037777667,132.39839204553328,2.740620223091352,11.463639194115862,51.556120608735505,0,2026-08-25 06:31:50
2024-01-13 04:49:00,CNC-03,H,296.408265899976,309.6699064661531,2304.04792773614,24.884995263535853,130.28835952167435,3.0415463142903407,10.589906679724505,55.939269523141135,0,2026-08-25 06:31:50
2024-01-13 06:17:00,CNC-01,L,296.39442640813957,311.40822356148004,1973.4195833406638,38.565246475096224,225.7140314207379,3.720485028742707,14.251655450724908,55.80989765733566,0,2026-08-25 06:31:50
2024-01-13 04:39:00,CNC-03,H,296.4618743901355,310.2635719100806,2234.8469170676626,29.073600151104884,117.84229590588585,2.8950863298059817,12.21838390949818,59.49470305070211,0,2026-08-25 06:31:50
2024-01-13 06:12:00,CNC-01,L,296.13762582138077,311.12794743413957,2047.2819167836212,36.36969133542415,219.0148789312286,3.750825064494544,13.996468182852412,60.12110778931028,0,2026-08-25 06:31:50
2024-01-13 08:39:00,CNC-03,H,296.17992146568866,311.2744742902543,1619.0109791248346,46.313708216195685,229.50902686083037,3.108624628063278,14.054487796153213,62.02837567964727,0,2026-08-25 06:31:50
2024-01-13 02:17:00,CNC-01,L,24.545071218853366,37.798644356495174,2592.5103418511353,21.12485425148212,172.87253654461284,3.6272328219820995,10.18289920577404,54.46813843526895,0,2026-08-25 06:31:50
2024-01-13 08:20:00,CNC-03,H,296.07302660247944,310.95517699964483,1644.4334814658357,46.40705922278785,201.18855994919323,2.782916495410103,14.409439111056617,59.61708441619481,0,2026-08-25 06:31:50
2024-01-13 21:12:00,CNC-03,H,299.65616425934104,311.27410649882705,2649.8905834062307,15.874427673251422,58.312277830716255,3.2764901585346045,8.082811088521368,50.325291889054675,0,2026-08-25 06:31:50
2024-01-13 16:40:35,CNC-03,H,26.2420808422317,42.01189954374155,1743.2232391037344,47.356022085859685,219.83041567827752,3.0516417505059645,15.356860848399222,49.79433070408279,0,2026-08-25 06:31:50
2024-01-13 20:41:00,CNC-03,H,300.13376212046387,312.36325322009225,2481.941163525781,20.194276316275694,23.25614491438216,3.0455346486573354,9.458521461431653,51.613345688656665,0,2026-08-25 06:31:50
2024-01-13 18:12:00,CNC-03,H,300.12284329256556,314.229656656042,2119.937613008552,32.22260380002078,74.52741799842966,2.706355477958943,12.963457338133342,48.6909617345083,0,2026-08-25 06:31:50
2024-01-13 12:44:00,CNC-03,H,297.4044899467997,312.0687554759218,1492.6956685455675,50.47946355909422,103.10059437619778,19.946472123210604,13.990890732866571,54.523563384928195,0,2026-08-25 06:31:50
2024-01-13 16:35:00,CNC-01,L,26.110988359180112,39.84594170222226,1875.2679984560277,37.65252166312602,32.948916274798094,2.4962410724432513,13.350084141562803,55.455975451081024,0,2026-08-25 06:31:50
2024-01-13 04:45:00,CNC-01,L,296.4702505410945,309.84510914757664,2234.1407218522536,24.44859614315958,106.36515476885116,2.9243499345911594,10.240365358384711,57.64834752400028,0,2026-08-25 06:31:50
2024-01-13 12:41:00,CNC-02,M,296.46146114994553,310.9416588899013,1405.243225939684,51.00356439205816,115.86671868352794,2.272001990648949,13.415935799621861,58.625999696582795,0,2026-08-25 06:31:50
2024-01-13 20:54:00,CNC-02,M,299.0294744106132,312.00000956588826,2604.214543360943,19.754895456835797,112.1009841979219,3.347539547057709,9.614394514988224,48.79757991406843,0,2026-08-25 06:31:50
2024-01-13 21:47:00,CNC-02,M,298.61657840743317,311.6398828320985,2560.7914100363723,18.07310014859906,171.57662501628226,3.6606673484576477,8.703982659377063,52.47778056420718,0,2026-08-25 06:31:50
2024-01-13 05:21:00,CNC-02,M,295.6470007100563,309.41182831913574,2220.072722818401,28.185834630372604,155.54680481210812,3.203974037452687,11.419929023054266,56.572464589594176,0,2026-08-25 06:31:50
2024-01-13 06:19:00,CNC-03,H,296.1805597082655,309.36733996140646,1953.713927348614,33.0196425421653,29.436091079683678,2.603113526473365,12.129940508639766,60.689708649873296,0,2026-08-25 06:31:50
2024-01-13 11:39:00,CNC-02,M,295.83404036794326,309.86052053292735,1347.7312420938827,52.42155104794876,17.46627649353083,1.967690319041109,13.326605847181618,63.011271882363786,0,2026-08-25 06:31:50
2024-01-13 09:47:00,CNC-01,L,296.16465133439925,310.1382399087985,1404.315396070358,51.98302394399663,59.78964510347104,2.0815936763554808,13.470499632590366,57.661923760855586,0,2026-08-25 06:31:50
2024-01-13 03:40:00,CNC-02,M,296.43681664248805,309.6386408069559,2402.5059813733806,23.561876142917114,32.25781456999258,3.015837618645824,10.456237023761854,57.100538823981005,0,2026-08-25 06:31:50
2024-01-13 18:42:00,CNC-03,H,299.84433024172665,314.14058927627354,2208.3232959971606,31.455059414893075,113.27159272436529,2.8764536792546576,,54.61584283710437,0,2026-08-25 06:31:50
2024-01-13 11:00:00,CNC-03,H,296.5661988046037,311.41199031367535,1389.711447248016,54.44709749914781,174.79429542307707,2.472705989005568,14.10920918566578,59.6427107879325,0,2026-08-25 06:31:50
2024-01-13 22:30:00,CNC-01,L,300.10717866744756,312.6348179997239,2672.761669925654,18.56171359321079,64.38274980891161,3.179667028957914,9.224211975745428,52.990559507943054,0,2026-08-25 06:31:50
2024-01-13 11:56:00,CNC-03,H,297.1477476844475,311.10050892068585,1326.0151451999081,53.36631717502569,26.921557812195086,1.9232674177984335,13.327332418793748,53.21653820576525,0,2026-08-25 06:31:50
2024-01-13 15:45:00,CNC-03,H,304.36906483898485,313.22152636059536,1626.6943031748801,47.49591699472329,139.79825131311372,23.76664624821402,14.379509303853009,41.34831780603341,0,2026-08-25 06:31:50
2024-01-13 06:53:00,CNC-01,L,296.427181703912,309.98416255686226,1805.660986417973,35.35021601286868,35.69077366911128,2.4850760465056188,11.891669607035505,57.41911765366676,0,2026-08-25 06:31:50
2024-01-13 01:44:00,CNC-03,H,297.96043037681375,310.62484667178904,2683.3120005279598,17.46800541407229,151.24677032368444,3.463536428207573,8.700139711603923,53.931606237478995,0,2026-08-25 06:31:50
2024-01-13 12:41:00,CNC-01,L,,312.46199884569023,1360.556782636888,52.936600537107864,125.46325539818537,2.175931856480364,13.479964364061589,52.230547994455605,0,2026-08-25 06:31:50
2024-01-13 16:44:46,CNC-01,L,26.510734032099265,40.20571539438731,1952.4478899614226,34.50550851651785,45.6310867093441,2.4694626379082787,12.650726718072832,50.071533776260075,0,2026-08-25 06:31:50
2024-01-13 13:25:00,CNC-03,H,297.92036575490494,312.4761525857791,1375.62255415775,51.838365670059204,167.91173075674251,2.3541240418106253,13.597505313666662,56.75714274606464,0,2026-08-25 06:31:50
2024-01-13 19:37:00,CNC-01,L,300.67934105462314,0.0,2314.865087271755,24.59232970257371,62.23185638441154,2.9824094256394944,10.733125898754356,52.39786860041914,0,2026-08-25 06:31:50
2024-01-13 07:08:00,CNC-02,M,295.6409395361631,309.9498807711045,1849.7029110206365,39.54296078001068,56.49773469962469,2.452974684079037,13.659776568915387,58.87629268930159,0,2026-08-25 06:31:50
2024-01-13 22:15:00,CNC-02,M,298.10601576431975,311.67466972807983,2532.6559265868095,20.676970532671657,202.23096528529751,,9.460445969641503,50.74604600649894,0,2026-08-25 06:31:50
2024-01-13 12:31:00,CNC-01,L,297.6117840051743,312.48586993149604,1482.0345436411758,51.988323924678134,109.59719905804707,2.200362318029149,14.34590521782006,56.40112559727866,0,2026-08-25 06:31:50
2024-01-13 23:32:00,CNC-03,H,299.1413031071316,312.1887233424127,2793.0858983741123,18.0243673163722,210.96981861672032,3.871562820983462,9.695940533399387,56.964999759220326,0,2026-08-25 06:31:50
2024-01-13 04:47:00,CNC-02,M,295.71350438341096,309.49068569738,2291.945592926851,27.7732481829493,112.83761202384925,2.96306844842542,11.892646409654466,59.29755057317527,0,2026-08-25 06:31:50
2024-01-13 16:27:00,CNC-01,L,25.9396183196763,39.27577373081499,1820.239114593406,35.36125654671703,21.475551161759824,2.4316782564477224,12.141972084600745,48.102862235099266,0,2026-08-25 06:31:50
2024-01-13 17:49:00,CNC-03,H,300.3716188201091,314.4312811136954,2036.7492841169242,34.36655441435414,43.886172527978296,2.663695463153361,13.11420649510298,49.12998938645382,0,2026-08-25 06:31:50
2024-01-13 00:04:00,CNC-02,M,298.875532753334,310.8979338710948,2623.869420189287,17.511213207620898,11.725849497717231,3.070345778281186,8.981144984814481,48.28603603910942,0,2026-08-25 06:31:50
2024-01-13 04:07:00,CNC-03,H,297.1163268045576,310.16151741589624,2349.6858991264553,23.59816730921641,,2.90714846392422,10.314010782233979,57.34494469794895,0,2026-08-25 06:31:50
2024-01-13 18:41:47,CNC-01,L,300.4475025110618,315.65159642088827,2109.7754385234166,37.34265564171816,206.03085245947932,3.5296647078446686,14.766798802764626,55.70006740129169,0,2026-08-25 06:31:50
2024-01-13 06:20:00,CNC-02,M,295.4816419078824,310.7920297066117,1998.0842272366986,38.403372154434145,234.0664800233441,3.6129119766724274,14.51430263532494,62.41675396290412,0,2026-08-25 06:31:50
2024-01-13 23:17:00,CNC-02,M,297.83649519344726,309.87219955593474,2682.245005162274,15.137493198992855,34.07536548315906,3.2336730655957573,7.881833673230353,53.476265754608846,0,2026-08-25 06:31:50
2024-01-13 00:21:00,CNC-02,M,298.76540781632326,309.71157885058943,2798.7726935066175,10.933426328753479,29.654339308035794,3.384719582111959,5.319487639827748,53.54752152317373,1,2026-08-25 06:31:50
2024-01-13 10:27:00,CNC-02,M,295.50851867905317,310.37383899830235,1540.420884268777,50.16470161333112,119.75867456126333,2.2274869673720983,14.475163124194669,60.67671678807982,0,2026-08-25 06:31:50
2024-01-13 20:18:00,CNC-02,M,299.1814846342519,312.74460417420477,2476.4064311452885,24.838593103511283,69.97660533425122,3.0616411503933447,11.595595064801044,50.751914129757104,0,2026-08-25 06:31:50
2024-01-13 07:38:00,CNC-02,M,295.76599254917187,310.65747862067025,1802.8252397061817,41.91291781747001,99.39193856543872,2.581874744648563,14.24418577046977,60.862402999532954,0,2026-08-25 06:31:50
2024-01-13 07:38:00,CNC-01,L,296.0200383960435,310.30431433221196,1701.546349740008,41.96334606010227,99.81901491393211,2.392576253430874,13.510706365305808,60.6235929184685,0,2026-08-25 06:31:50
2024-01-13 00:41:00,CNC-03,H,298.9330441032854,310.6074073508794,2878.4699292516343,12.714022713746953,83.68439099704092,3.5526070892589896,6.887791875799518,54.36088166400114,0,2026-08-25 06:31:50
2024-01-13 20:40:00,CNC-03,H,299.9895842703114,311.84474426235596,,17.07930543984483,22.113669719007568,2.976641453742661,7.9941806919574985,51.45701634111824,0,2026-08-25 06:31:50
2024-01-13 10:23:00,CNC-03,H,296.4471278982632,310.47248039651976,1328.6103146715186,51.27130581715144,116.43238831883569,2.033867892004839,12.691622832294406,62.26129801616607,0,2026-08-25 06:31:50
2024-01-13 18:36:00,CNC-03,H,300.0397962422052,313.6474803583925,2000.1521966681175,31.11607243469909,105.64419580596564,2.620472618790488,11.502757328175068,50.24585665726024,0,2026-08-25 06:31:50
2024-01-13 09:44:00,CNC-03,H,296.2893740054668,310.1651762232192,1370.2985980997719,51.383471875233866,55.162292656308075,2.0879544296769006,13.055370855622003,57.271356651195255,0,2026-08-25 06:31:50
2024-01-13 06:20:00,CNC-03,H,296.1667966085362,309.7110924111995,2026.8793009194658,32.08779153524025,30.762480734383217,2.698032299960972,12.017329705927205,61.685000266198195,0,2026-08-25 06:31:50
2024-01-13 14:46:00,CNC-03,H,303.7978479309713,311.7737365786253,1451.6984834468155,48.519272082164214,50.79152726437548,2.232092067522954,13.240443861712485,42.66172566351098,0,2026-08-25 06:31:50
2024-01-13 00:29:00,CNC-01,L,298.77851305845314,310.6044940789032,2617.959786515033,16.224951057564734,56.10788716223554,3.067934109831367,7.934515636428281,52.90206464645591,0,2026-08-25 06:31:50
2024-01-13 15:23:48,CNC-02,M,298.2684910802046,312.9362149431833,1652.748042003473,42.963530406077155,132.12397892385098,2.4813274561349963,13.0189411142275,55.52270206620622,0,2026-08-25 06:31:50
2024-01-13 19:10:00,CNC-02,M,298.949928680572,313.61688873684784,2381.168651436679,28.79537431685341,204.55696309508554,3.6356944779143525,12.81881315278582,53.02735218089738,0,2026-08-25 06:31:50
2024-01-13 19:05:00,CNC-03,H,299.7246257866695,313.43114647853054,2283.3502972344845,26.902860117238966,142.4676328337614,3.060694143805947,11.484927146690461,54.78690356714983,0,2026-08-25 06:31:50
2024-01-13 14:21:00,CNC-02,M,297.63332613737714,311.27285799535724,1442.9300161878941,45.55614597500718,35.86077149902644,2.128437335342323,12.482598060848703,50.6459823893095,0,2026-08-25 06:31:50
2024-01-13 15:12:00,CNC-02,M,297.9657834984218,312.3585623500877,1578.4881568069632,384.7775509253994,114.14141901225663,2.3092893118699074,12.954049394305347,51.51413192389137,0,2026-08-25 06:31:50
2024-01-13 23:50:00,CNC-01,L,299.85198579342557,312.43086142424846,2703.118853537159,17.146637178329023,149.89199291808495,3.5693828208936123,8.930884383309117,54.09999228223888,0,2026-08-25 06:31:50
2024-01-13 07:02:00,CNC-01,L,296.2653772912208,310.0809584065129,2018.6808119204088,33.79592359520076,48.30513512337767,2.530679593889499,12.768510320784234,63.24337049596336,0,2026-08-25 06:31:50
2024-01-13 05:37:00,CNC-01,L,296.0831294900656,310.38518886187444,2111.6068922847285,32.44492672296635,172.6986477329754,3.2306412104130584,12.675384699715803,57.610005762611756,0,2026-08-25 06:31:50
2024-01-13 23:20:00,CNC-03,H,298.848563811604,312.4201430037332,2538.8409776280655,23.32523986023195,198.3175285290517,3.6033631426578467,11.04606939692517,52.11610706941007,0,2026-08-25 06:31:50
2024-01-13 19:45:00,CNC-03,H,300.1313514137592,314.5279701264519,2343.9914850500368,29.269411956437025,191.81528354548453,3.3712151846787655,13.068897210398024,49.64758043126668,0,2026-08-25 06:31:50
2024-01-13 12:47:00,CNC-01,L,297.99010568040904,312.2241575956608,1408.3531714298833,51.52635694003173,135.01829425045233,2.394918024303368,13.488629477817215,59.482874292747915,0,2026-08-25 06:31:50
2024-01-13 05:53:00,CNC-03,H,296.64693340177746,311.98060705314157,1983.7509546702247,40.124118199547354,212.60456171362785,3.3119135207551795,15.000242291599408,54.6765719050331,0,2026-08-25 06:31:50
2024-01-13 16:23:00,CNC-01,L,26.49139769222421,40.75140433908655,1826.2892364642082,41.83099652640567,15.795113055489056,2.5317209241721885,14.4246172073903,48.53068173794769,0,2026-08-25 06:31:50
2024-01-13 00:37:00,CNC-02,M,298.65551340977186,309.8136789830214,2693.155860591741,13.021952647159424,46.5513372234424,3.2223702141030492,6.326879738756409,52.15913635284569,0,2026-08-25 06:31:50
2024-01-13 08:32:00,CNC-02,M,295.56634351633784,310.52962310296414,1569.323614130056,47.092591261999104,178.72347572081853,2.609944828948588,13.732426124675554,63.97769000685548,0,2026-08-25 06:31:50
2024-01-13 04:30:00,CNC-02,M,295.95595169830534,309.84003316476657,2319.251048370059,28.408996912351327,91.98531465607027,2.980920636824161,12.273343100508857,60.820194325498015,0,2026-08-25 06:31:50
2024-01-13 02:23:00,CNC-02,M,24.024704151120602,36.36223494670185,2681.6686550631443,15.880851708966103,161.17096921864294,3.558721757798833,8.042983811646018,54.423903745836085,0,2026-08-25 06:31:50
2024-01-13 22:49:00,CNC-03,H,299.0544559084267,312.1728749046114,2692.74279999433,19.538736880208198,165.19617277170445,3.5026569557828795,9.9556462360925,53.457220618187634,0,2026-08-25 06:31:50
2024-01-13 17:46:00,CNC-02,M,304.12961494457875,312.6047670223276,2024.6775573719992,36.41901580744336,95.82337318062234,2.6733309159208836,13.831759053471915,45.92917339110969,0,2026-08-25 06:31:50
2024-01-13 11:11:00,CNC-02,M,295.8981456941309,311.12313131443136,1418.90978730163,53.13786407350067,189.71000466699175,2.61005586466118,13.88092719257001,57.08593378707787,0,2026-08-25 06:31:50
2024-01-13 04:14:00,CNC-02,M,296.07894722731504,309.5054329151068,2188.0867456951096,28.7662936237221,72.5965021594235,2.784230240802665,11.714926171983207,54.22690298842349,0,2026-08-25 06:31:50
2024-01-13 04:09:00,CNC-02,M,296.3958066833683,309.4274850728306,2319.7545323191134,24.123276711855624,66.56888459687079,2.832096386617199,10.34741595495535,57.51221945614315,0,2026-08-25 06:31:50
2024-01-13 02:02:00,CNC-02,M,297.36338951272177,310.92450847576873,2633.9165738480474,22.55537699287037,137.963919106134,3.315843435547115,11.044782945249457,55.819066559923876,0,2026-08-25 06:31:50
2024-01-13 07:57:00,CNC-02,M,295.2107327593338,309.7771678313638,1939.2537045704794,36.845654285051374,126.85782200034873,2.6587777033662703,13.392122889485401,60.2662960576677,0,2026-08-25 06:31:50
2024-01-13 15:21:00,CNC-02,M,298.244947889843,313.02562222527706,1703.7568996545992,43.680295713732534,127.58000752375887,2.5601460569367323,13.85425578459993,53.80957853740831,0,2026-08-25 06:31:50
2024-01-13 18:54:00,CNC-03,H,299.98433942609915,314.0808820312527,2151.833694999997,32.10877479455028,128.6431976933043,28.23817080243492,12.988248886861216,53.763519389263536,0,2026-08-25 06:31:50
2024-01-13 08:16:00,CNC-01,L,296.1543440703871,311.0139396699727,1650.7746002709378,45.58721040470866,155.3250517073447,2.59785975322025,13.85326710564455,54.79382952534859,0,2026-08-25 06:31:50
2024-01-13 02:41:00,CNC-02,M,23.98222382851094,36.08629466259288,2702.1798308046923,15.08466658716452,181.08017371363093,3.741108196583906,7.666575061695953,58.33015298814717,0,2026-08-25 06:31:50
2024-01-13 00:05:00,CNC-01,L,298.53403680096494,309.8962127302647,2788.9495558959225,12.745060961229932,30.52478427003446,3.290868736777224,6.7276546990294985,57.272785109435446,0,2026-08-25 06:31:50
2024-01-13 00:38:00,CNC-01,L,298.21008702091984,310.5260548188376,2767.617735825295,17.909109166648868,,3.5159470740102203,9.231922919854144,53.176041736748765,0,2026-08-25 06:31:50
2024-01-13 08:46:57,CNC-03,H,296.03203681341006,311.09512993356145,1424.87538328308,52.24350151463288,240.00745595249126,2.9927253558207307,14.093957640352771,55.31111371455648,0,2026-08-25 06:31:50
2024-01-13 04:39:00,CNC-01,L,296.5401389301251,310.20300450099666,2141.97837976599,28.55612961997631,98.87673167227764,2.8790843106228854,11.485233964968222,56.901376603447176,0,2026-08-25 06:31:50
2024-01-13 13:34:00,CNC-02,M,297.05481494171954,311.9511294683951,1454.216191604315,,199.73331400110416,2.8428204374399493,13.540198056215665,58.75058906636696,0,2026-08-25 06:31:50
2024-01-13 01:40:00,CNC-03,H,298.5411930415815,312.1754469937803,2558.234748218202,22.362487838379288,146.80905003836014,,10.793451457945153,55.813542469760186,0,2026-08-25 06:31:50
2024-01-13 14:26:00,CNC-01,L,298.96445540873304,313.24660953089534,1455.7167080736217,50.20326005843611,47.82686660935542,2.1006286762650794,13.760285010323974,51.19068657361631,0,2026-08-25 06:31:50
2024-01-13 10:29:21,CNC-01,L,296.6323890646098,310.75595875796625,1356.1076192200837,48.22378788045928,125.70245247163876,2.3057043836459186,12.280450731775092,59.83924185557536,0,2026-08-25 06:31:50
2024-01-13 16:07:00,CNC-02,M,25.08888839516078,40.77663026603261,1674.8955917350372,47.68872424116011,195.36991622084852,2.876290193862403,15.158971922427096,57.89668485283038,0,2026-08-25 06:31:50
2024-01-13 01:06:00,CNC-01,L,303.9917799131321,310.8009521512886,2726.02093618897,18.144977516994,95.45774374550398,3.3303398081942834,9.279095133601714,47.7430279079821,0,2026-08-25 06:31:50
2024-01-13 13:10:00,CNC-01,L,297.9430263740305,312.52170038925686,1453.251295528448,50.11796215222523,171.32905683217365,2.7125002410885446,13.665380687615977,49.86952403732245,0,2026-08-25 06:31:50
2024-01-13 14:11:00,CNC-02,M,297.6661621565936,311.5791150050314,1392.5299711389762,48.659939609564205,20.43279347935049,2.0124459564935555,12.73757833369045,55.70490997754761,0,2026-08-25 06:31:50
2024-01-13 16:43:40,CNC-03,H,25.97881592609832,,1880.9074242306158,42.59542995414452,223.99320434727196,3.1551128201746153,15.109748926708015,52.26482883784416,0,2026-08-25 06:31:50
2024-01-13 04:48:00,CNC-02,M,296.1169475357199,310.23689165172595,2171.466756737223,31.480320688054995,114.09438796640168,2.929139181910285,12.58602905648996,61.184582134261795,0,2026-08-25 06:31:50
2024-01-13 03:16:00,CNC-03,H,297.3017666685762,309.93176171097974,2362.833953422762,23.27942003035071,18.37549623324512,29.075457994452925,10.467999646082239,52.740417575712826,0,2026-08-25 06:31:50
2024-01-13 20:23:00,CNC-01,L,300.3137917868851,313.90193573621326,2424.669157038709,26.79729908958503,117.23096726331447,3.0900460942509516,11.956413185062738,48.92224027756657,0,2026-08-25 06:31:50
2024-01-13 04:48:00,CNC-01,L,296.2151389332262,309.86619756763326,2221.273309706229,28.846900962291652,110.04868391965609,2.9241538499712205,11.784221626642891,63.31145386338566,0,2026-08-25 06:31:50
2024-01-13 21:05:00,CNC-03,H,299.8350411310929,312.39588815560745,2623.4659393272664,19.41633206558618,50.46241623183248,3.2518290189666037,9.388584356524493,52.22924437294007,0,2026-08-25 06:31:50
2024-01-13 20:48:00,CNC-03,H,299.7251832966875,312.3494239011437,2611.424739560096,19.98525136809506,31.227762057961815,3.2776390978974526,9.892604039192642,53.666099506407726,0,2026-08-25 06:31:50
2024-01-13 20:01:18,CNC-03,H,300.0172160862343,313.83414078419935,2263.6255048900907,27.11441644023079,212.24757599235127,3.4291641473593693,11.640060136252233,47.26538567968535,0,2026-08-25 06:31:50
2024-01-13 14:14:00,CNC-03,H,298.1467458913054,311.9055441521723,1590.9627807197717,42.568804976647996,1.4986419047300017,2.199569303504756,12.580795106891834,59.2324131395788,0,2026-08-25 06:31:50
2024-01-13 00:39:00,CNC-02,M,298.56883848537615,311.155943141273,2543.967327226533,20.13613713965197,48.69983046339949,3.103215427026932,9.602832143738079,54.52825961136532,0,2026-08-25 06:31:50
2024-01-13 21:29:00,CNC-03,H,299.9070622358196,312.28632512564735,2643.066903046747,17.86673625011752,77.42761423058826,3.366431903793528,8.827371688720032,55.91763369320879,0,2026-08-25 06:31:50
2024-01-13 05:59:00,CNC-01,L,296.2417713034638,310.7870550035336,2115.5109135102925,34.11453733182656,201.5755574025669,3.471829097375073,13.595572258435837,59.509183816027644,0,2026-08-25 06:31:50
2024-01-13 18:13:00,CNC-01,L,300.2234961642345,314.95948829416267,2148.9143155071856,34.71435434275327,166.9193691937919,3.1948908309177213,13.993667049736404,50.71562145947511,0,2026-08-25 06:31:50
2024-01-13 11:58:00,CNC-01,L,297.38342606540357,311.4723947853914,1339.0868593570888,53.39254888740597,57.20274897893577,1.9320338221041062,13.482540297318243,54.54703247009521,0,2026-08-25 06:31:50
2024-01-13 14:05:00,CNC-02,M,297.4653545073336,311.5303646255962,1362.7632515514877,53.058319002435184,11.054677758375393,2.007946095327099,13.6987608919952,56.94378629691646,0,2026-08-25 06:31:50
2024-01-13 13:55:00,CNC-03,H,298.00630006808547,313.02752469927566,1410.5335950903104,53.170655311640765,215.04740296932783,2.721052835862113,14.232617391454218,56.99483051415052,0,2026-08-25 06:31:50
2024-01-13 11:11:00,CNC-01,L,296.8398656141765,311.12892817679756,1375.7868341994902,50.32470449063005,192.06983030749558,2.7580899900997005,13.010253010304787,52.51837638855893,0,2026-08-25 06:31:50
2024-01-13 16:08:00,CNC-02,M,25.068957142923637,40.35694839212829,1628.4911622857805,47.634329966989384,196.8546607665885,2.8351136691596834,14.438419024543478,49.279876956937166,0,2026-08-25 06:31:50
2024-01-13 14:30:00,CNC-03,H,298.57825390837206,311.9013370738316,1495.2352300454809,43.48530044418179,26.19690643688595,2.145111988316044,11.946072304821715,55.117249087159905,0,2026-08-25 06:31:50
2024-01-13 22:08:14,CNC-03,H,299.24663797907533,312.09304934267516,2529.774481387958,20.4110819148147,121.68342848101955,3.1324380088756416,9.663384293104855,52.24235286628344,0,2026-08-25 06:31:50
2024-01-13 12:30:00,CNC-03,H,297.18471057746103,311.188831446748,1365.3719720641736,52.41716261941564,80.9396229472627,1.981405119204775,13.689971070587491,55.55189329048568,0,2026-08-25 06:31:50
2024-01-13 09:34:00,CNC-03,H,296.1629100385833,310.43859926577875,1574.302883150695,46.74875238796036,39.63150463901985,2.1843505624638704,13.652967554369617,58.53191686162793,0,2026-08-25 06:31:50
2024-01-13 12:51:00,CNC-03,H,297.35058152329026,311.50902979001336,1337.6740669652713,52.92478565410398,114.15264216179015,2.212955731395913,12.936948942227177,59.570428158982104,0,2026-08-25 06:31:50
2024-01-13 06:38:00,CNC-03,H,296.0135616919265,310.02874776633575,1821.7425563771208,38.78937201127569,55.27535398642379,2.5039179527636675,13.184417195650767,58.8017884310115,0,2026-08-25 06:31:50
2024-01-13 02:26:00,CNC-02,M,23.965745050674627,37.85965106868076,2591.4542905829517,24.5301872116913,164.42891188800326,3.4843372906696257,12.001481986459046,53.06219668047226,0,2026-08-25 06:31:50
2024-01-13 08:16:43,CNC-02,M,295.4549538408593,310.0414285581151,1711.653222388338,43.22656799052887,154.98885009068462,2.659815727009744,13.826875030558838,54.61685869658071,0,2026-08-25 06:31:50
2024-01-13 02:53:00,CNC-01,L,24.2712898529702,38.80307957407604,2486.8949181293583,28.389916843272538,213.13859182968577,4.089971771655042,13.144718839289371,54.27590691246808,0,2026-08-25 06:31:50
2024-01-13 20:14:00,CNC-03,H,299.7943291373417,314.4040267960339,2471.852663938291,27.449454177314866,226.59031287496782,3.794249684911121,12.750713507793776,53.201472910938094,0,2026-08-25 06:31:50
2024-01-13 03:16:00,CNC-01,L,297.0788158378431,,2513.0327426999147,20.58997282206532,0.0,3.0471156518201727,9.84085167795878,53.48083599947176,0,2026-08-25 06:31:50
2024-01-13 14:38:00,CNC-01,L,299.00762138555416,312.99908046567754,1485.5281815275746,48.47566273285966,66.16189564569873,2.0407058692962643,13.52311709896487,49.892434993946054,0,2026-08-25 06:31:50
2024-01-13 11:17:00,CNC-03,H,296.4437188756571,310.57189324579406,1331.8760350036662,50.064175731022665,201.71846328003429,2.513089531174443,12.499718814331919,61.511200093323524,0,2026-08-25 06:31:50
2024-01-13 02:51:45,CNC-02,M,23.877120304181688,38.43453787092477,2549.834789043766,27.085794753402034,194.5909747533488,3.704224988166267,13.029890573598768,57.026923445305385,0,2026-08-25 06:31:50
2024-01-13 20:04:51,CNC-03,H,299.7505167037996,313.51206815039717,2248.6967309013753,26.825945926995985,214.68112344041865,3.532788634497582,11.377213671487706,52.588343814992356,0,2026-08-25 06:31:50
2024-01-13 06:48:00,CNC-03,H,296.2963122538009,310.43672487293037,1860.3247303918308,38.2036285327158,69.28432637122025,2.6637228507533917,13.37143025144349,59.40003858224904,0,2026-08-25 06:31:50
2024-01-13 13:54:00,CNC-02,M,297.46124971061425,312.93787707444847,1347.711232114776,58.9587197745681,231.30126387595794,3.0270565251523873,14.901989935138689,57.20401688358892,1,2026-08-25 06:31:50
2024-01-13 11:44:00,CNC-01,L,297.21507441916214,310.7401294532893,1353.7010783855178,49.7759746455157,34.98254161492916,1.9544863660849086,12.516891322847853,59.377400805858315,0,2026-08-25 06:31:50
2024-01-13 10:48:00,CNC-03,H,296.3520802962997,310.98236994463116,1415.8841493823138,52.91239181447954,155.86295209238432,2.233325996592208,14.165783052190998,54.09040685540134,0,2026-08-25 06:31:50
2024-01-13 11:52:00,CNC-03,H,296.80614950022976,310.7441984638686,1409.8850541312397,52.562123928663475,20.533052072711307,1.9934967888130564,13.668057123310298,57.958753919578754,0,2026-08-25 06:31:50
2024-01-13 12:08:00,CNC-01,L,297.6497322666299,311.6985435214734,1416.8503910569264,50.491902151923654,73.10730812798307,20.356826289522186,13.246954671370974,54.25834689184571,0,2026-08-25 06:31:50
2024-01-13 14:55:00,CNC-02,M,297.62942639785854,311.93796777979196,1471.773152722118,46.74529557665416,88.14989510595109,2.194446015951242,12.889408744689757,56.978264869459316,0,2026-08-25 06:31:50
2024-01-13 10:31:00,CNC-03,H,296.39005003038244,310.85512110915005,1529.803150408119,48.273768107709316,128.97776214036978,2.375383734686963,14.01270855893796,60.34296138175549,0,2026-08-25 06:31:50
2024-01-13 21:59:00,CNC-01,L,300.188947105594,311.8245357850424,2648.615276361513,15.000596318591267,30.7570465962445,3.226130186741775,7.230416519590911,50.86260185742138,0,2026-08-25 06:31:50
2024-01-13 05:33:00,CNC-01,L,296.2399871852933,310.71101260411615,2187.051865230923,31.04845796550638,167.5062688002963,3.2195351709348543,12.797023824492369,58.908323076847545,0,2026-08-25 06:31:50
2024-01-13 02:43:00,CNC-02,M,23.781465176693928,36.421980965141415,2514.6747131503953,18.27224723982049,183.37671555000728,3.5385400088759327,8.699414630911491,56.19942524746032,0,2026-08-25 06:31:50
2024-01-13 02:56:00,CNC-01,L,24.158607561076053,36.98582286169767,2652.7131992490367,17.677427893569103,216.5099470228125,4.190629110571881,8.702939154926964,53.17999588403612,0,2026-08-25 06:31:50
2024-01-13 15:31:00,CNC-03,H,304.5036870582484,,1527.6043588604407,48.99273002188725,119.02290827828827,2.3010112987300944,14.160508683465466,45.79630044773542,0,2026-08-25 06:31:50
2024-01-13 15:47:00,CNC-01,L,299.07553806834807,314.09073650315844,1749.6350150580367,45.37118073209536,170.55026805171738,2.8560263592376,14.531188918456635,53.20812409367848,0,2026-08-25 06:31:50
2024-01-13 06:10:00,CNC-02,M,295.9383068732457,311.498332612752,1912.111601226932,42.321268951627786,220.5504068743554,3.37470737951731,15.054947860477336,61.25094972970683,0,2026-08-25 06:31:50
2024-01-13 18:32:00,CNC-03,H,299.9865723358959,313.38674669993304,2181.643088025589,27.222375414875724,100.47204719768045,2.8062368773816355,11.112700956495665,53.21910264709569,0,2026-08-25 06:31:50
2024-01-13 01:34:00,CNC-03,H,298.28088592257336,310.58579219994584,2684.4140734844614,16.454903832877267,140.16982826445567,3.308819956852325,8.475846799390858,54.615396212484114,0,2026-08-25 06:31:50
2024-01-13 17:06:28,CNC-03,H,299.534447984277,314.6596907517484,1830.7126821341594,38.17839339562209,257.6369335132134,3.5877172609323758,13.132154485905168,49.67008365924128,0,2026-08-25 06:31:50
2024-01-13 03:37:00,CNC-03,H,296.96834171181456,309.60179362385077,2504.8619005363535,20.381278440431913,42.85944484511957,3.1285082529811814,9.76275816075584,62.005779954753336,0,2026-08-25 06:31:50
2024-01-13 18:50:00,CNC-01,L,300.31158503851486,313.187309267706,2183.7040935997557,27.03445528664732,3.887957363684966,2.7513678086299533,10.897466852592219,56.565924114440385,0,2026-08-25 06:31:50
2024-01-13 12:27:00,CNC-01,L,297.5886005897993,312.10827198721654,1523.5010136991625,50.4750897856543,103.27885069250935,2.2286597787002163,14.30066396727905,54.35125330750138,0,2026-08-25 06:31:50
2024-01-13 16:28:00,CNC-02,M,25.335124077997477,40.75955700415892,1833.0987045564534,42.97087844421513,225.76597220194847,3.375096546030706,15.002611117614217,51.27145410806499,0,2026-08-25 06:31:50
2024-01-13 06:19:00,CNC-02,M,295.5214662880462,310.87643830571704,2030.6240581494808,37.53268998901232,232.73325978833785,3.5980578940051857,14.323588586639842,59.808893631956295,0,2026-08-25 06:31:50
2024-01-13 07:05:00,CNC-02,M,295.5819661344526,309.55282281024597,1775.675762377442,38.923929458802924,52.37797666552347,2.512946058457221,12.930799484981584,58.75631365674315,0,2026-08-25 06:31:50
2024-01-13 07:43:00,CNC-02,M,295.1800964462561,309.0642285311223,1740.0331119282564,38.53373251945354,106.67184275500117,2.494056321221277,12.47531192635693,68.12213334254739,0,2026-08-25 06:31:50
2024-01-13 15:29:00,CNC-03,H,304.2133052949731,312.91173315988254,1475.192486160217,51.138121139479544,115.99252492841327,2.2776564497107334,14.31495345651766,44.879130273934145,0,2026-08-25 06:31:50
2024-01-13 14:49:00,CNC-02,M,297.8588953504648,312.54225709221,1539.5307660074113,49.34692553841193,78.96169710731206,2.2056487727405933,14.170472715456775,52.40270932136662,0,2026-08-25 06:31:50
2024-01-13 07:50:00,CNC-01,L,296.34404870165423,310.77265866789634,1597.4999726671404,45.94974535304606,117.2036752606175,2.4026100254470513,13.672359502354476,57.54102085891469,0,2026-08-25 06:31:50
2024-01-13 21:03:25,CNC-03,H,300.08476337971035,312.58486637392457,2669.829550794808,18.640729447659982,47.13711453871285,3.204590784509338,9.29282262666326,50.618551291391576,0,2026-08-25 06:31:50
2024-01-13 07:02:00,CNC-03,H,296.17344674911124,310.6210342264071,1928.2506694241324,40.07617486573531,88.77790323832895,2.6385006618726545,14.33574347354618,59.2177669352087,0,2026-08-25 06:31:50
2024-01-13 09:28:00,CNC-03,H,296.19799235295216,310.4383544523357,1682.531676715239,44.71155456871061,30.537313806436828,23.12461887852411,14.240086437316466,56.852842910234166,0,2026-08-25 06:31:50
2024-01-13 07:55:00,CNC-02,M,295.1659149221662,309.5089680903702,1750.850170582817,43.04735914966091,124.00200319241905,2.5657219122230046,13.900366113895283,61.287370224509466,0,2026-08-25 06:31:50
2024-01-13 14:15:00,CNC-03,H,298.20091061804067,311.5052064918714,1473.4463811908604,43.12957546592956,3.069587606018355,2.0522569729422413,11.684789703340591,51.82489396707892,0,2026-08-25 06:31:50
2024-01-13 04:22:00,CNC-01,L,296.9414665982602,309.8043637966659,2342.7661004111123,23.42772733849723,78.05184332382582,2.8940887610698973,10.283611647164168,56.2362862631583,0,2026-08-25 06:31:50
2024-01-13 14:25:00,CNC-01,L,298.6075580294303,312.46682106922617,1597.8192214757166,43.70887833830941,46.25892646643033,2.282637024931361,12.96783534965939,55.79403939013537,0,2026-08-25 06:31:50
2024-01-13 09:26:00,CNC-03,H,296.49691323697533,310.10712556763394,1487.1055901927816,46.150750861869064,27.506722862754803,2.103202325284448,12.894021644275682,57.60361767127858,0,2026-08-25 06:31:50
2024-01-13 08:32:00,CNC-03,H,295.86882897402387,311.0406567917139,1548.5710627901713,49.12020875151726,219.0271202538334,2.8676747228381636,14.43412706057886,59.4451304557735,0,2026-08-25 06:31:50
2024-01-13 11:51:00,CNC-02,M,296.39804034648955,310.27933063980885,1412.0597194786874,46.95392361797118,36.444426387862535,2.0018890895961854,12.49536556288092,59.88446772692805,0,2026-08-25 06:31:50
2024-01-13 14:20:00,CNC-03,H,298.2825236792047,312.163376830935,1474.3488524554382,49.053657590080064,10.748089338379135,2.137273696235063,13.326879910661537,55.81133892395617,0,2026-08-25 06:31:50
2024-01-13 15:51:00,CNC-02,M,25.216921659408968,39.84892744660493,1606.4581025978152,43.6266575842294,171.965179175372,2.652070101940554,13.130115634193107,56.4032673404505,0,2026-08-25 06:31:50
2024-01-13 15:38:00,CNC-01,L,299.0811608281411,313.6817975189921,1488.851971708557,49.40843177562258,157.16263091305697,,13.893759551890557,54.29251293755899,0,2026-08-25 06:31:50
2024-01-13 13:52:00,CNC-03,H,298.1941397306344,313.50718737000904,1428.278479843366,54.57822213486218,210.40939050788631,2.7760558516526075,14.54979754726599,50.30221788008113,0,2026-08-25 06:31:50
2024-01-13 22:41:00,CNC-02,M,297.9662160724389,311.9721190347265,2702.4292500310867,21.416890986072293,230.27744937431373,4.17436268032476,11.09857300203614,56.567181497146905,0,2026-08-25 06:31:50
2024-01-13 21:52:00,CNC-01,L,299.9714187555114,311.2632384273561,2547.315392709124,14.595071033163215,23.31475288960542,2.9924760908581263,6.6885221120696166,53.56125289796204,0,2026-08-25 06:31:50
2024-01-13 11:53:00,CNC-01,L,297.42236743852766,311.28299715688445,1418.4168116775422,49.59462762060681,49.258176399602384,2.164017703737619,13.559557083801472,56.222730969723024,0,2026-08-25 06:31:50
2024-01-13 13:19:00,CNC-02,M,297.050738340459,311.5787643845069,1490.3299039758522,46.6676600480889,175.99160684004764,2.5432660308111257,13.013542516499015,55.88193048141159,0,2026-08-25 06:31:50
2024-01-13 22:17:00,CNC-03,H,299.5893766659047,311.12198841855957,2827.4108634953577,11.619940225861972,130.42088995987424,3.356035266938871,5.878766236645736,51.19933520026054,1,2026-08-25 06:31:50
2024-01-13 06:53:00,CNC-03,H,296.34010364630075,310.04321401543547,1833.1609113374511,36.44270865629142,76.2109119252281,2.530797588020936,12.473247192562894,57.38522191082586,0,2026-08-25 06:31:50
2024-01-13 00:35:00,CNC-01,L,298.61963690884755,310.5069828403101,2686.3700619390056,15.44525945710386,62.529425307561596,3.2979215812456686,7.738359612123607,56.04885904074825,0,2026-08-25 06:31:50
2024-01-13 17:48:00,CNC-02,M,304.18290893920226,313.0616723835988,2066.1026960423665,35.909996947528924,98.52696805349854,2.691250881152974,14.013334115959175,43.3074363920023,0,2026-08-25 06:31:50
2024-01-13 05:10:00,CNC-02,M,295.6515423079345,309.58452792939903,2265.269118373297,28.59820429493007,141.6255309639799,3.0597418351093757,11.97846051388498,62.577332508331246,0,2026-08-25 06:31:50
2024-01-13 04:16:00,CNC-02,M,295.8258032223358,309.57442544998554,2515.4490344987826,25.500540092015434,74.95483247464112,2.958853864469169,11.809429796125036,53.61164095975958,0,2026-08-25 06:31:50
2024-01-13 05:23:00,CNC-01,L,296.199528633154,310.1016769365582,2316.2799601203446,28.640914979002467,154.57931125032027,3.1997903297286006,12.320062799949229,58.4514022928932,0,2026-08-25 06:31:50
2024-01-13 11:25:00,CNC-03,H,296.9573523589003,311.7657762901054,1330.7031947482021,55.628247401627014,214.48246345202273,2.6586229901935283,13.908788765864685,56.8994586388057,0,2026-08-25 06:31:50
2024-01-13 05:24:00,CNC-02,M,295.61834073847416,311.0921245984793,2128.3844405045725,38.82886236858923,159.46734372997318,3.0004180718023847,15.670513843296174,57.42023305886882,0,2026-08-25 06:31:50
2024-01-13 06:43:00,CNC-01,L,296.0876022519983,309.6614266739959,1923.3727806413701,34.00784485765048,21.807651721416583,2.6718241340422653,12.224342833950125,63.131365222908556,0,2026-08-25 06:31:50
2024-01-13 19:04:00,CNC-02,M,299.0034051708302,313.44280578284776,2362.3578564910094,26.86931047136262,197.10097477213037,3.5294636995669726,11.745957318765898,52.47460302878349,0,2026-08-25 06:31:50
2024-01-13 05:29:00,CNC-01,L,296.31273362197066,310.6203800307491,2100.3644758851897,32.22936438382757,162.30902758944455,3.13755559596401,12.631883308641028,61.239263639183335,0,2026-08-25 06:31:50
2024-01-13 11:14:00,CNC-03,H,296.9670547994552,311.4374639066505,1337.6757322329504,52.54091182087383,196.93593949251738,24.318800286616142,13.041106373637277,55.552269067282936,0,2026-08-25 06:31:50
2024-01-13 12:19:00,CNC-02,M,296.680228424521,310.6541629221959,1320.8147563996697,49.60106273676281,80.98551225438041,2.0323152628585466,105.65649461595638,60.20364754259281,0,2026-08-25 06:31:50
2024-01-13 08:42:55,CNC-02,M,295.5668438071073,310.5326592220325,1663.7037279265462,43.84998822435628,195.20794752216062,2.9050789561162382,13.62889334549907,57.65360530493391,0,2026-08-25 06:31:50
2024-01-13 16:45:00,CNC-03,H,26.205019429632387,41.25945018074668,1921.4748104830264,38.99365377880933,226.75669987571482,3.299802816189958,13.99501928564748,52.94553606205517,0,2026-08-25 06:31:50
2024-01-13 15:07:00,CNC-02,M,297.6273527489508,312.56549319335073,1596.3184625744316,47.733196954057796,106.56408500671331,2.2435624530602434,14.470057288971766,56.215700443037804,0,2026-08-25 06:31:50
2024-01-13 02:59:00,CNC-03,H,24.58025673845941,38.5646724295853,2575.0937462608354,24.19917953039265,234.7172973244656,4.127549266744204,11.553288908523596,56.67315677430378,0,2026-08-25 06:31:50
2024-01-13 14:37:00,CNC-02,M,297.7654109328758,311.88645987879045,1446.228195561196,48.7895602182731,,2.113026565536338,13.229358848846472,59.78663019247896,0,2026-08-25 06:31:50
2024-01-13 17:08:00,CNC-03,H,299.6149136328231,314.8356783970656,1913.7608815549759,40.617430336023396,259.0437788098714,3.674926401570481,14.516236399772868,50.48747760678847,0,2026-08-25 06:31:50
2024-01-13 09:58:00,CNC-01,L,296.32699445567755,310.73221323370393,1448.1117817889444,51.90886903458096,76.94542678441766,2.1772338976127745,14.284489906806526,56.5870089105089,0,2026-08-25 06:31:50
2024-01-13 01:10:00,CNC-03,H,298.58334521047203,310.3073771418555,2738.118367909055,13.00808562971675,114.58204367205025,3.3706127606400433,6.882969346080674,53.33578229696592,0,2026-08-25 06:31:50
2024-01-13 00:24:00,CNC-02,M,298.5847356591409,309.61519563949224,2767.2084679857885,11.749447568711679,32.83851649161621,3.3356331407930653,6.023735394384796,56.81611960026707,1,2026-08-25 06:31:50
2024-01-13 10:21:00,CNC-01,L,296.3745081642792,310.3431958523023,1395.0186544933447,49.63965360559154,113.12139271563497,2.2090678677266187,12.844877678178825,57.1752406533741,0,2026-08-25 06:31:50
2024-01-13 19:11:00,CNC-02,M,298.82598993516183,312.6948929510133,2307.800120987211,24.281286045792495,205.75524422120915,3.5683680872520718,10.556873921269837,51.2757299988291,0,2026-08-25 06:31:50
2024-01-13 20:13:00,CNC-02,M,299.3298322987884,312.795488973914,2351.270649022199,24.174162836671332,64.00571452459634,2.949696502137625,10.860433786497536,53.31556932562756,0,2026-08-25 06:31:50
2024-01-13 11:24:00,CNC-02,M,295.96321973410824,311.0348443998691,1350.3995465839935,55.06758613729496,210.30602140386378,2.7689210195684186,13.978695200146966,57.49458517839139,0,2026-08-25 06:31:50
2024-01-13 18:04:00,CNC-01,L,300.0315448213799,315.2810241516785,2155.6839130678954,38.11387480646237,155.04605344413966,3.1336618667293448,15.16455133244754,50.523941579330426,0,2026-08-25 06:31:50
2024-01-13 03:05:00,CNC-03,H,24.48378405543258,35.35828303527171,2668.8048202393798,13.33077717983949,5.6699277880306305,3.1543413788164467,6.534455400528818,52.435105904121116,0,2026-08-25 06:31:50
2024-01-13 18:20:00,CNC-01,L,299.9334689461353,314.4724606014975,2214.2669065979053,32.62970557189168,176.12072383953034,3.2643447796073026,13.54616553182187,52.77295454783503,0,2026-08-25 06:31:50
2024-01-13 09:49:00,CNC-02,M,295.6915466243934,309.72204986663957,1492.9989765976643,47.42860521849964,60.177315831908054,2.1707590409692443,13.200538046284331,62.37200872113508,0,2026-08-25 06:31:50
2024-01-13 08:34:00,CNC-01,L,296.0953873959745,311.0484752282576,1509.1591990752358,51.43750491975541,182.41159534686045,2.7422871696121223,14.411961488723643,54.28635653326576,0,2026-08-25 06:31:50
2024-01-13 04:05:00,CNC-02,M,296.18386726568156,309.53912573891887,2202.2023363089857,26.7538544864252,61.73828142278365,2.7537135193930453,10.967817958724872,57.536204656503095,0,2026-08-25 06:31:50
2024-01-13 12:10:00,CNC-02,M,296.374101118862,310.30848774240667,1343.4293405773717,49.80139644192093,66.66908760131224,2.023243800222754,12.215062606403416,54.879060771449005,0,2026-08-25 06:31:50
2024-01-13 19:05:00,CNC-02,M,298.8943438025421,313.5433582238431,2082.968428812948,32.726949878036855,0.0,3.2009693675042525,12.816868006626018,53.23148049121481,0,2026-08-25 06:31:50
2024-01-13 13:38:00,CNC-01,L,298.15659936001873,313.6792866902922,1457.8602258067576,56.41228682283544,215.4320791144848,3.0859784603411375,15.420688094715997,55.08449427368086,1,2026-08-25 06:31:50
2024-01-13 18:05:00,CNC-02,M,304.22016334507526,312.94057917922066,1905.988580361655,37.27227720873489,120.98873247908266,2.6748079533516265,0.0,41.201786566989405,0,2026-08-25 06:31:50
2024-01-13 12:37:00,CNC-01,L,297.6906293419946,311.5843993463143,1320.3671028013591,50.996448401210216,119.13632117246665,2.1230869996013837,12.812615073436563,51.63291646267414,0,2026-08-25 06:31:50
2024-01-13 14:42:00,CNC-01,L,298.70190240229215,312.7856769516572,1463.9680807995176,48.01136032054045,72.34364884284756,2.08554328629809,13.353840417767175,54.19830817552233,0,2026-08-25 06:31:50
2024-01-13 10:05:00,CNC-02,M,295.68411020156645,310.13430259257376,1458.2197894126923,53.17673308331002,85.14285374122124,2.2084370164230225,14.456783644041137,57.72285493547476,0,2026-08-25 06:31:50
2024-01-13 18:30:00,CNC-01,L,300.21564891063645,315.1065713602728,2108.9932243832172,34.346434581641,3130.82924546219,3.355135902763434,13.434041765376573,46.03352165215202,0,2026-08-25 06:31:50
2024-01-13 18:31:00,CNC-02,M,298.71596649698023,314.07284027229656,2102.936789193653,37.91272840967174,155.1040339065539,2.9587923352648526,14.995512040284067,58.19447015097571,0,2026-08-25 06:31:50
2024-01-13 04:28:00,CNC-02,M,296.0949284157749,309.3043084432031,2449.0414662281096,23.0618134721664,89.52061092258924,3.0220615477303725,10.586245454788363,62.52118181015479,0,2026-08-25 06:31:50
2024-01-13 03:56:00,CNC-03,H,297.0357515857924,310.72082431872127,2336.0899514342245,27.697695551434983,65.39447363822246,2.9485588501881654,12.0794956421533,54.06060126471778,0,2026-08-25 06:31:50
2024-01-13 09:59:00,CNC-03,H,296.1012456880082,310.1781440621949,1535.6098191135452,47.507159675334115,78.49917800114478,2.1546416145884058,0.0,59.24281091457701,0,2026-08-25 06:31:50
2024-01-13 19:18:00,CNC-02,M,298.9146381356307,313.2783771599208,2303.689214915322,27.190391579240973,214.4013379430522,3.663584963543875,11.754763658737904,51.335144569810296,0,2026-08-25 06:31:50
2024-01-13 09:38:00,CNC-01,L,296.5865151290477,310.084802983725,1560.984904763132,40.806024804555925,45.841609059302066,2.3230201255826266,12.151791800600554,58.649219332134095,0,2026-08-25 06:31:50
2024-01-13 18:01:00,CNC-01,L,299.95342241644846,314.1542305152472,2015.7397982670998,34.93261014349596,151.18646297855844,2.8513807549802324,13.139815466233301,48.21310808013167,0,2026-08-25 06:31:50
2024-01-13 07:34:00,CNC-01,L,296.10728907370077,310.5623843514439,1765.569693127235,42.376610245534295,94.03051373295187,2.481599772297075,13.949038179344754,59.75278009960968,0,2026-08-25 06:31:50
2024-01-13 15:45:00,CNC-01,L,298.9116903440609,313.1129364882016,1600.2655866771465,42.070892713506694,167.5870155724253,2.6769557645421225,12.471121711642162,51.33198540244803,0,2026-08-25 06:31:50
2024-01-13 23:12:00,CNC-03,H,298.97374293100813,311.8825991950236,2704.18373363908,16.986232724448758,189.6955703859262,3.723959896900587,8.373885806580272,54.82407811869634,0,2026-08-25 06:31:50
2024-01-13 00:37:00,CNC-03,H,,310.4384389527002,2775.9052905678823,15.170193481159725,79.5389351874331,3.3974531347158154,7.972151157395831,55.90068865798278,0,2026-08-25 06:31:50
2024-01-13 00:58:00,CNC-03,H,298.763505612998,311.0965571743383,2552.0585350467372,17.3762701444168,101.7159906021355,3.1438680276463584,8.314933634127689,53.604786641656666,0,2026-08-25 06:31:50
2024-01-13 18:59:12,CNC-01,L,300.2262908659392,313.0799267003855,2267.2644519611435,24.479504450442935,16.356327236675902,2.9972290926269913,10.454044698693755,55.26800867192232,0,2026-08-25 06:31:50
2024-01-13 20:16:00,CNC-01,L,300.20374548761305,313.66997228450697,2408.2982349688386,24.76197340948501,108.93621392709366,3.18794984383304,11.079150809725512,52.06883777414359,0,2026-08-25 06:31:50
2024-01-13 15:37:00,CNC-01,L,299.20399850689955,313.8496741055921,1566.6152280478782,47.4504893494511,155.62150465364343,2.6102056425789537,13.913614294474845,51.645728355152755,0,2026-08-25 06:31:50
2024-01-13 22:52:00,CNC-02,M,297.9877772972919,309.1786807142183,2775.519184451655,12.324001342531853,7.417513135092035,3.3836626356493515,6.254699033888852,53.221362705212876,0,2026-08-25 06:31:50
2024-01-13 18:20:00,CNC-02,M,298.8785321534447,313.33821266329704,2120.7073132899113,32.643568272930885,140.83022484613036,2.923165200476647,13.105684420587483,53.486950874314765,0,2026-08-25 06:31:50
2024-01-13 11:15:00,CNC-01,L,297.26466996225076,312.6485226457987,1404.8187891723546,57.19610488341618,198.45516257273877,2.895335157615357,14.993675063165217,58.48214259092313,1,2026-08-25 06:31:50
2024-01-13 12:29:00,CNC-03,H,297.229340595871,311.2623048894777,1453.5522130342679,49.02982816564367,79.34547032497444,2.1639139505060845,13.284240803701078,55.57302650568651,0,2026-08-25 06:31:50
2024-01-13 10:05:00,CNC-01,L,296.62256611701076,310.5772380722461,1359.3610316850654,50.751727340260175,87.91286682145434,2.0365565942773576,13.180156604678414,60.1923589807843,0,2026-08-25 06:31:50
2024-01-13 01:46:00,CNC-02,M,297.2206151336323,309.4616017753036,2767.970211220836,16.311847749743773,120.58841902314165,3.40638019727267,9.020889036076351,58.39467896529228,0,2026-08-25 06:31:50
2024-01-13 00:16:00,CNC-02,M,298.90074931841747,310.19177498968963,2803.763020843329,12.284442803664025,24.45294063900244,3.329882122048337,6.313954273952486,52.735546871344724,0,2026-08-25 06:31:50
2024-01-13 16:50:00,CNC-02,M,25.119363235009587,39.50775343108211,1873.0830162545626,38.66480490347222,18.58449643542685,2.42306503789068,13.468370044807124,57.44159010941178,0,2026-08-25 06:31:50
2024-01-13 03:31:00,CNC-03,H,297.3974168572296,310.2364785918734,2442.130237026768,24.39276422226319,35.81196217061828,3.0614889769376585,10.982175159085022,53.60453814553023,0,2026-08-25 06:31:50
2024-01-13 14:19:00,CNC-03,H,298.12856763354245,311.3079784755461,1398.630245305667,44.9668438457543,9.174834822999973,1.9340600591105326,11.684654729453667,53.22528176190798,0,2026-08-25 06:31:50
2024-01-13 05:37:00,CNC-03,H,296.6490332531047,311.27709898397404,2178.499439852821,32.90544167351916,191.53547057528678,3.097911533800569,13.478808297488673,58.05815415429062,0,2026-08-25 06:31:50
2024-01-13 03:19:43,CNC-03,H,297.2266658622487,309.5057279395797,2433.2823180074156,19.953260650416013,24.196499146993556,2.9082104232703934,9.407749531495822,54.645408450122765,0,2026-08-25 06:31:50
2024-01-13 13:52:00,CNC-01,L,298.47821602966917,313.57214141823295,1452.318319682742,54.28066770692467,237.27376505846843,3.39022782896989,14.84773624357472,55.13393852130337,1,2026-08-25 06:31:50
2024-01-13 08:52:00,CNC-01,L,296.0897852011355,311.68071580658,1599.5114206938408,50.83034769427239,209.6754342568244,3.1269960074425964,14.84676669650197,60.11027659470022,0,2026-08-25 06:31:50
2024-01-13 14:57:00,CNC-02,M,297.7039845067899,312.3076236642088,1580.1031727914183,47.55806210840757,91.2324008983109,2.3692529157200637,14.184538528637713,57.77887197546347,0,2026-08-25 06:31:50
2024-01-13 12:03:00,CNC-01,L,297.3873478500689,311.7368799861052,1411.6958196445546,52.30960608445786,65.14989602197369,2.09630700472485,13.744839281732313,58.886443277723544,0,2026-08-25 06:31:50
2024-01-13 05:03:00,CNC-01,L,296.37198455551146,310.47364307215355,2113.4994588220256,31.0454382769881,128.9575351946622,2.837611724085819,12.252094294290751,54.62334879753482,0,2026-08-25 06:31:50
2024-01-13 15:10:00,CNC-02,M,298.1587982910318,312.5940793916457,1495.7946020008708,47.07120129421211,111.11033926495635,2.2302449297015223,12.697781186341992,57.04075262973154,0,2026-08-25 06:31:50
2024-01-13 01:51:03,CNC-01,L,303.60978801956776,310.7064991565625,2828.4658844150845,18.46857112683621,144.39561432990726,3.6471110530360296,9.79689716773796,38.41179253023144,0,2026-08-25 06:31:50
2024-01-13 03:33:00,CNC-02,M,296.50122453816056,308.89832683934765,2616.4354364527467,19.647252584778148,24.00218841703231,3.2144864196255227,9.43155719031953,54.975856781389254,0,2026-08-25 06:31:50
2024-01-13 22:11:00,CNC-02,M,297.98334450544655,311.24716178648185,2550.8167907700795,19.84798245183845,197.83850338763318,3.7498807297933,9.45877623720575,50.92062991631051,0,2026-08-25 06:31:50
2024-01-13 07:24:00,CNC-03,H,295.7564516710475,309.59961840015467,2039.039578798992,31.847864252683813,119.78654159718727,2.8287387818097023,12.079655686520635,60.22575163874848,0,2026-08-25 06:31:50
2024-01-13 22:09:03,CNC-02,M,298.4170593516111,311.3457686883569,2776.122768961236,16.676345658380043,194.63369581933475,3.9470555579253226,8.812399073189873,54.77906550363095,0,2026-08-25 06:31:50
2024-01-13 22:48:00,CNC-01,L,299.97769787926114,312.726622406395,2775.395365693224,18.369864420527055,83.78352330508444,3.3584638140821133,9.373498297895527,55.32562344938624,0,2026-08-25 06:31:50
2024-01-13 13:15:38,CNC-01,L,297.71038394531905,312.5316320716632,1410.0387726762183,53.90067115225251,180.817626821478,2.5752094959459093,14.190197069990118,57.61735708244075,0,2026-08-25 06:31:50
2024-01-13 15:28:00,CNC-01,L,298.9780215300111,,1397.5133712178804,52.84438554539755,142.09230049066474,2.239040006614839,13.897382637457188,54.14189868382806,0,2026-08-25 06:31:50
2024-01-13 03:27:00,CNC-03,H,297.2083459758945,309.5488321437789,2342.712505144797,21.358514161647705,31.161930686410685,2.9935875591678967,9.486282810650254,50.912076418965434,0,2026-08-25 06:31:50
2024-01-13 02:39:00,CNC-03,H,24.355330762896642,37.65744662815712,2487.359108883139,20.564799574304516,211.9347075593594,3.740538224162536,9.574909758080024,59.100837495357666,0,2026-08-25 06:31:50
2024-01-13 21:54:00,CNC-03,H,299.4138386494426,312.601246999209,2587.982212142619,21.61256104009736,105.07328151776011,3.2803582468553514,10.817849325186335,53.054287844450236,0,2026-08-25 06:31:50
2024-01-13 18:06:00,CNC-01,L,300.23743082837905,315.57288626225085,1998.5159550939381,41.158807468534505,157.71391010723696,2.9451742802393612,15.433581705592404,53.127543229793844,0,2026-08-25 06:31:50
2024-01-13 00:17:00,CNC-02,M,298.96810505224227,310.0174281690707,2796.715770424059,13.39474219326022,25.502228142079005,3.2748633004105288,7.000519586073221,53.8999957101857,0,2026-08-25 06:31:50
2024-01-13 23:21:00,CNC-02,M,297.6980448236745,309.50412218899226,2900.0,12.441355642635685,38.238436646939846,3.473232754095916,6.835537647327446,55.55386544484485,0,2026-08-25 06:31:50
2024-01-13 20:58:00,CNC-01,L,300.3092733597012,313.60568011621615,2478.9599865161986,22.289794868697935,157.34985211313554,3.4148076827091867,10.358688227847201,53.84488399574631,0,2026-08-25 06:31:50
2024-01-13 05:35:00,CNC-03,H,296.5544294203814,310.97161927455886,2208.306028316135,31.59299037337597,188.86564333129252,3.1369647462785397,13.0445777136568,58.18884632753251,0,2026-08-25 06:31:50
2024-01-13 04:34:00,CNC-02,M,296.07107864234433,309.69314295334283,2489.1297692452554,25.608845042169197,,3.1604826732845153,11.761008221388664,60.012445658304124,0,2026-08-25 06:31:50
2024-01-13 14:08:30,CNC-02,M,297.3824284988049,311.5380576869276,1411.6344297238861,49.82505110618619,18.83279347935049,2.0782343899343845,13.315670211732964,51.42582805498454,0,2026-08-25 06:31:50
2024-01-13 17:43:00,CNC-02,M,303.8912186166379,312.0265517513805,2121.051980164643,30.682714586066368,91.70527769183866,2.8665729337568546,12.07462763781621,42.37243959359682,0,2026-08-25 06:31:50
2024-01-13 03:46:00,CNC-01,L,296.60567766071256,309.52804199016794,2488.753385430968,23.383491736072266,35.044855808234516,3.1500646336721014,10.962946039510808,52.23330226888663,0,2026-08-25 06:31:50
2024-01-13 11:01:00,CNC-01,L,296.9424954207779,311.30387442767824,1407.753662276913,50.692074506900916,176.24937695146056,2.6155591101544924,13.318347092695063,53.35998162428127,0,2026-08-25 06:31:50
2024-01-13 07:54:00,CNC-02,M,295.3051135072535,309.83238492257885,1760.6010776255696,40.56924791641861,122.56758161789759,2.5575994282437486,13.162183944813323,58.44721278518128,0,2026-08-25 06:31:50
2024-01-13 13:43:00,CNC-01,L,298.2937072660911,313.4056152214237,1473.603382103108,51.055483154003134,223.25902443514164,3.290259816319127,14.10566746626711,52.19557995736551,1,2026-08-25 06:31:50
2024-01-13 13:21:00,CNC-02,M,296.82661523225676,311.17188673747705,1391.1194764821234,47.9319230767518,179.13125069537264,2.576484298407178,12.470061319270632,55.389375222924635,0,2026-08-25 06:31:50
2024-01-13 00:28:00,CNC-03,H,298.72941462361416,310.58390823916494,2724.4889278231053,14.00043914579159,69.84852228051145,3.308570904124482,7.177289184521257,57.211649377659015,0,2026-08-25 06:31:50
2024-01-13 09:55:00,CNC-01,L,296.45281346243456,309.97775126714026,1387.0161976537847,44.98292624261866,72.32762497960002,2.1031930801704726,11.97785156540606,59.43335480339509,0,2026-08-25 06:31:50
2024-01-13 22:21:00,CNC-01,L,300.4368972320495,312.4870911510933,2677.5786933401023,16.916420766832896,54.5935412634154,31.526834360296924,8.466402554361608,50.68528045080899,0,2026-08-25 06:31:50
2024-01-13 23:07:00,CNC-03,H,299.1082673496977,312.11685572090386,2756.2841666369186,18.236582802775008,184.3403048471585,3.6109159427128836,9.34069470458068,51.97071682632354,0,2026-08-25 06:31:50
2024-01-13 03:58:00,CNC-01,L,296.84885082685025,309.3851440940456,2454.122561343794,19.71733497140035,49.17508140067129,3.1062236050095824,8.979057396592925,51.95423020731464,0,2026-08-25 06:31:50
2024-01-13 04:44:00,CNC-02,M,296.31976993928856,309.9074825025038,2267.0243242114925,27.658130371213993,109.08318520238258,2.9094610452666956,11.690376885608948,62.3495756442908,0,2026-08-25 06:31:50
2024-01-13 10:54:00,CNC-01,L,296.7941868536042,311.8516525006495,1406.7977640064819,53.71502810433958,165.12072695716574,2.3702511595834026,14.239516521292895,58.693903594590665,0,2026-08-25 06:31:50
2024-01-13 06:45:09,CNC-03,H,296.2124078935709,310.44171270502216,1903.8163297671401,37.9633811507731,63.740341687530616,2.5032305502122774,13.41693202765849,58.50404603968409,0,2026-08-25 06:31:50
2024-01-13 21:25:00,CNC-02,M,298.52914457100405,312.1575888248595,2395.2277282208665,23.45046497606258,147.14047608036054,3.188396181650839,10.316793440949624,56.823194314199085,0,2026-08-25 06:31:50
2024-01-13 16:57:00,CNC-03,H,299.4767792020277,314.90615200888584,1718.8232202623683,45.37374792519097,243.68993603507076,3.2505399130726325,14.863458999661232,54.45484405230551,0,2026-08-25 06:31:50
2024-01-13 05:18:00,CNC-01,L,296.0000711547097,310.5650231640835,2026.1998069808756,35.33276196430978,148.1048975970086,2.837355723945146,13.27829073899752,64.40652188725329,0,2026-08-25 06:31:50
2024-01-13 00:05:00,CNC-03,H,299.10897961517577,310.3203227073159,2814.0424530114997,12.71111811675453,45.43176780932393,3.356176617306365,6.658817301581531,47.27069996026782,0,2026-08-25 06:31:50
2024-01-13 18:25:00,CNC-03,H,300.31169303941857,314.6836551185168,1997.1916418925857,37.873032943125956,91.42449082228005,2.619637467722529,13.758060614320726,51.70223073059916,0,2026-08-25 06:31:50
2024-01-13 21:44:00,CNC-01,L,300.1329122547719,312.49861721189234,2460.9050161691266,19.373857097269454,14.469331797379578,2.943376159936272,8.880933412251556,54.41595262271178,0,2026-08-25 06:31:50
2024-01-13 19:11:00,CNC-01,L,300.40404279660817,314.24804837202623,2157.029560244158,33.56028991917799,30.12330933668747,2.8022167502375774,13.428471551667661,53.356612444666446,0,2026-08-25 06:31:50
2024-01-13 00:27:23,CNC-02,M,298.5565491815721,309.6815052448387,2654.628570373291,13.465928025872197,37.04564351562097,3.1676153136294087,6.774344451489883,51.88858175460739,0,2026-08-25 06:31:50
2024-01-13 15:06:00,CNC-02,M,297.91616502085765,312.0862292043107,1419.5837841379048,48.0172632156832,105.048144944605,2.280023307048324,12.646886552242805,58.96157308380589,0,2026-08-25 06:31:50
2024-01-13 03:58:00,CNC-02,M,296.3249614759876,309.7323070797424,60354.25789497848,25.357192248586294,53.37543389689184,2.8538221731877904,11.075280909750452,58.75321636743727,0,2026-08-25 06:31:50
2024-01-13 07:06:35,CNC-01,L,296.2136664733739,310.54187612176463,1735.8653765073766,44.08536449306427,56.7654298075994,2.3299179274638333,14.12504823486731,60.376083139141016,0,2026-08-25 06:31:50
2024-01-13 01:14:00,CNC-03,H,298.4585299993548,310.91268165521893,2851.7150010290325,15.843273387721693,118.79573365229226,3.5312871364779266,8.419464167531919,54.94058791617056,0,2026-08-25 06:31:50
2024-01-13 22:13:00,CNC-01,L,299.90466542909553,311.7606707927487,2821.230454414897,14.567990643818035,45.950747658783975,3.374043433790806,7.930752831823391,53.47614963060096,0,2026-08-25 06:31:50
2024-01-13 08:03:00,CNC-01,L,296.4287864806776,311.12568988096064,1773.1514202382168,41.14183563776967,136.066592808379,2.533537307064143,13.825498165365842,55.343534219069795,0,2026-08-25 06:31:50
2024-01-13 23:56:00,CNC-03,H,299.0300814752814,312.5850696433483,2723.1067803094356,19.67773533129607,236.62422388130736,4.150087602393732,10.304446679954163,56.12106867136612,0,2026-08-25 06:31:50
2024-01-13 13:38:00,CNC-02,M,297.03895490500514,312.2336647841025,1459.6211154321243,51.20553574337674,206.08516387494987,2.935226133055177,14.164982773232515,57.76672254588423,0,2026-08-25 06:31:50
2024-01-13 06:54:00,CNC-01,L,296.0879320926195,309.93472885703994,1788.1237264352208,37.16672756583794,37.106534107615246,2.3654007417590934,12.321621456940184,60.35203555854186,0,2026-08-25 06:31:50
2024-01-13 05:06:00,CNC-01,L,296.0494419901447,309.7083251374123,2153.3345786469195,28.68625167396637,132.7804443002001,2.90192284036089,11.458151671019644,56.80269932126967,0,2026-08-25 06:31:50
2024-01-13 15:47:00,CNC-02,M,25.132586853823682,40.4381908587564,1685.8500464301242,44.28257111135282,166.14574338317965,26.951008282392245,13.92910402469283,56.09728215730536,0,2026-08-25 06:31:50
2024-01-13 06:09:00,CNC-01,L,296.16267420966136,311.08504047042084,1951.269974382884,39.37955568890191,215.00327401307624,3.4321747691263167,14.452166476313048,57.96643148356045,0,2026-08-25 06:31:50
2024-01-13 13:37:00,CNC-01,L,298.2430463954659,313.8041526290106,1619.8559209555738,50.74731966253689,213.86502119441005,3.2250212631372306,15.376436176459974,48.23501127164308,0,2026-08-25 06:31:50
2024-01-13 04:36:00,CNC-01,L,296.4505219531567,309.3237896882517,2398.2766566393716,,95.07635426610008,3.0795625746465873,9.55787861954999,61.2742301847632,0,2026-08-25 06:31:50
2024-01-13 20:01:00,CNC-02,M,299.2963995635676,312.8836965262008,2421.7867632474085,24.458481806091115,49.77690196510718,3.037391837183501,10.824362371597042,50.570314979659464,0,2026-08-25 06:31:50
2024-01-13 06:32:00,CNC-02,M,295.3116804210515,308.77692585996147,1987.7924448563326,,6.736778461056497,2.6164292386854853,12.41909516412582,60.24643473058389,0,2026-08-25 06:31:50
2024-01-13 17:52:00,CNC-02,M,304.2782765210311,312.29420295399495,2038.7206413494612,32.433483695355605,103.8022431983119,2.690930001728544,12.173883589790012,41.93161428884412,0,2026-08-25 06:31:50
2024-01-13 11:09:00,CNC-01,L,297.0270783373807,311.83161830631377,1469.2145029641076,52.73761469906874,188.93559032923775,2.6888645285921964,14.2832928634062,53.071943695033795,0,2026-08-25 06:31:50
2024-01-13 06:27:00,CNC-03,H,296.1724086169178,309.9050150588284,1944.5170169972585,36.04269058481923,40.37209438643113,2.645861092959852,13.19418860907372,58.802004665775925,0,2026-08-25 06:31:50
2024-01-13 06:50:00,CNC-02,M,295.24054241703436,308.7675093549856,1749.2401408633082,37.78762915474255,31.44123718619117,2.280551983221209,12.413497243732511,61.111628677936004,0,2026-08-25 06:31:50
2024-01-13 00:32:00,CNC-03,H,298.66800119113304,310.8581515177958,2612.0866741366135,17.063432196409476,74.13585885401514,3.2856491733806124,8.184737687064413,54.66770300132155,0,2026-08-25 06:31:50
2024-01-13 16:53:00,CNC-03,H,26.599794361120644,42.20667414835219,1947.7255645272949,41.247344972129824,237.9285536568231,3.459857169554834,14.938679913765501,56.86385909468077,0,2026-08-25 06:31:50
2024-01-13 08:14:00,CNC-03,H,295.90802846828433,311.2101390767384,1683.56097793647,46.729629778302,192.26045729679552,2.825887547145721,14.681909793949053,57.50656570891807,0,2026-08-25 06:31:50
2024-01-13 06:28:00,CNC-01,L,296.25190980914175,310.3070309822679,1994.9949999890946,36.27023004173134,1.3596603344695812,2.607479837080423,13.37646653087057,56.74181149523906,0,2026-08-25 06:31:50
2024-01-13 12:36:00,CNC-03,H,297.3177942485318,311.60280774287133,1432.4148588931146,49.39553546723729,90.50010104508414,2.140943101782837,12.868670568978,55.41357167321263,0,2026-08-25 06:31:50
2024-01-13 05:48:00,CNC-02,M,296.00008134530304,310.6559755359463,1956.599149179329,35.820851080603724,191.0926631301727,3.033583763091763,13.044400971843736,56.62092517387181,0,2026-08-25 06:31:50
2024-01-13 04:45:00,CNC-02,M,295.9339077864276,309.3882753578015,2359.079475519016,25.984578047962444,110.30406593895978,3.160210036805229,11.260330029116938,57.83732956973056,0,2026-08-25 06:31:50
2024-01-13 13:31:00,CNC-02,M,296.98001013216094,312.08140859606635,1361.1838339000085,56.0995553584897,195.0147879722722,2.6969785194545297,14.16549506480731,56.127768890545866,0,2026-08-25 06:31:50
2024-01-13 21:28:00,CNC-01,L,299.8520124356369,313.9949773135803,2448.2415229896374,25.995685793424293,191.37242873839065,3.593879044146367,12.164131442346832,51.89734407289825,0,2026-08-25 06:31:50
2024-01-13 00:04:00,CNC-01,L,298.75860533046773,311.025291059174,2576.8525389009196,18.028079273525183,29.494784270034458,3.1466867855649996,8.778077964772876,51.98965860405389,0,2026-08-25 06:31:50
2024-01-13 21:17:00,CNC-03,H,299.5491705819311,312.1841876315742,2496.4435095368217,20.75729694704316,63.94212220158697,31.246677178992922,9.751714981262875,52.76189444618541,0,2026-08-25 06:31:50
2024-01-13 21:51:00,CNC-01,L,300.19946274301316,312.3841098247401,2530.4358841713156,20.347463081787502,22.210899468844236,3.0714028367838373,9.37500435232085,50.57422950410813,0,2026-08-25 06:31:50
2024-01-13 14:09:00,CNC-01,L,298.4571449941337,312.0868969374926,1487.290457955663,47.00964805700488,21.709750895961626,2.1373996233558197,13.099272713119666,56.82826460517051,0,2026-08-25 06:31:50
2024-01-13 13:48:00,CNC-02,M,297.0655695111419,312.38416852432005,1510.945054738335,50.45600888459481,221.89002702738097,2.9856732221796864,14.00741466934228,54.323698954058735,0,2026-08-25 06:31:50
2024-01-13 14:49:00,CNC-01,L,298.70431905457724,313.0911792298089,1573.4380868572705,47.832926121041865,83.179588222309,2.21381265470455,13.824652533223201,51.45063790786245,0,2026-08-25 06:31:50
2024-01-13 23:12:00,CNC-01,L,299.94714848023835,311.7045440405268,2754.8816538675255,13.780185027039243,109.4227552448556,3.4307713758000675,7.050951635131409,51.07203616819076,0,2026-08-25 06:31:50
2024-01-13 18:06:00,CNC-02,M,304.19892398782065,312.19454643993095,2042.3931572373617,31.28573324318916,122.31841932121239,2.6924350781379953,11.873860565535432,43.73528382627291,0,2026-08-25 06:31:50
2024-01-13 17:51:00,CNC-02,M,303.93519024401473,312.6877177409432,2060.28448305668,35.69993425134172,102.48423274223741,2.8321497260146353,13.772894079044248,45.022184788025754,0,2026-08-25 06:31:50
2024-01-13 03:49:00,CNC-02,M,296.1958053205746,308.8466410580769,2353.651696208152,23.24529328800317,42.81273485784009,29.21243508042209,10.136444132540467,59.2680970153272,0,2026-08-25 06:31:50
2024-01-13 16:20:00,CNC-01,L,25.98718406377418,39.94933438232562,1767.0956925568023,40.45273799401552,11.480341967123131,2.325057065809772,13.445621725297967,46.06004378713333,0,2026-08-25 06:31:50
2024-01-13 19:15:00,CNC-03,H,299.911442027064,313.9646703495896,2274.558787531825,28.32458186698852,154.8711449024029,3.162964351231927,11.876824941420875,49.63729294267664,0,2026-08-25 06:31:50
2024-01-13 21:16:00,CNC-02,M,298.73297088592176,311.8965954685852,2548.079073542851,19.58907718413753,137.044393127602,3.2603845769184465,9.319555898486161,54.55269508899934,0,2026-08-25 06:31:50
2024-01-13 03:12:00,CNC-02,M,296.48976824827423,308.77579273581205,2459.027205197006,20.650665262861473,0.0,2.991691694791981,9.459573181646123,57.475819199338886,0,2026-08-25 06:31:50
2024-01-13 15:33:00,CNC-02,M,298.1295120392402,313.0290265872322,1694.8604543133665,45.31964912320314,145.4638641153929,2.578775573877955,14.546766056772364,53.8268052476349,0,2026-08-25 06:31:50
2024-01-13 16:56:00,CNC-01,L,299.6050659210528,313.3800536759831,1875.7483625554407,36.54765257732017,62.49986963042991,2.440962650024952,12.82203979307412,51.41219591212028,0,2026-08-25 06:31:50
2024-01-13 03:01:00,CNC-02,M,23.57240653619658,37.29626822720155,2397.6102138085603,24.561144339979528,203.57662504043353,35.45191234744541,10.75837099740469,59.183977116517354,0,2026-08-25 06:31:50
2024-01-13 05:21:00,CNC-01,L,296.319234766682,310.83356067035163,2161.6305598670465,32.92456411203123,152.06243291951904,3.1164362813664876,13.339298750087265,60.14799883928717,0,2026-08-25 06:31:50
2024-01-13 13:07:00,CNC-01,L,297.81739475042934,312.9751728106514,1520.034585081987,52.20714960640263,166.6387822108362,2.745969328537367,14.980550196286538,54.60919455149312,0,2026-08-25 06:31:50
2024-01-13 14:12:00,CNC-03,H,298.31707064938854,313.28056490500865,1420.5377140876437,51.319252828250924,241.548461654039,3.0236811344842187,13.510932489918606,55.16908178522403,0,2026-08-25 06:31:50
2024-01-13 08:08:00,CNC-01,L,296.36409549974104,310.70719751288243,1640.8947622819749,43.52648960610977,143.48750379627265,2.5676908309474156,13.396128330785235,59.38269574021952,0,2026-08-25 06:31:50
2024-01-13 00:35:00,CNC-02,M,298.6061486036318,309.4217256025312,2843.4453029893903,10.632469772430781,44.4913372234424,3.346732949237382,5.565671029097213,59.72527887058034,1,2026-08-25 06:31:50
2024-01-13 03:44:00,CNC-01,L,296.7073738661405,310.25236310499577,2461.129342160141,26.189531759814553,32.73954555787042,3.0029809966211296,12.234560036569919,59.32819567951844,0,2026-08-25 06:31:50
2024-01-13 22:08:00,CNC-01,L,299.9244121429445,311.9128660124902,2614.3870198492446,17.185068898804985,40.59222222339157,3.130816253794087,8.119462305163152,50.5361414271499,0,2026-08-25 06:31:50
2024-01-13 14:08:00,CNC-01,L,298.34335273935864,312.1258043136468,1504.703641874278,45.48874442712906,20.171266674957632,2.1971778575654053,13.306585106583954,54.118722098443186,0,2026-08-25 06:31:50
2024-01-13 14:02:00,CNC-01,L,298.3630418369695,311.92820284298153,1374.9269868110503,49.44195640851964,10.931989653055163,1.9712467820859005,12.915747408033084,50.25712175498286,0,2026-08-25 06:31:50
2024-01-13 20:46:00,CNC-01,L,300.3214659927971,313.62751727531446,2457.0286880831404,23.872822843156126,143.65839105194314,3.324446704918438,10.890594418795642,50.326798017177424,0,2026-08-25 06:31:50
2024-01-13 22:43:00,CNC-02,M,298.16322948795295,311.97772732192436,2601.270804030533,21.499150314173473,232.47688383360602,4.006579942144405,10.479643354627854,50.81436096839372,0,2026-08-25 06:31:50
2024-01-13 01:20:15,CNC-03,H,298.33559010736946,310.1976833263667,2743.7007378947555,13.946355594450456,124.1565025490481,3.4817946371222064,6.993025569799147,54.10390026623442,0,2026-08-25 06:31:50
2024-01-13 09:40:00,CNC-02,M,295.64056567781734,309.9217959019148,1594.465910291432,45.47887601748692,,2.2290099670516916,13.439455314714944,58.295499785239215,0,2026-08-25 06:31:50
2024-01-13 20:56:00,CNC-01,L,300.1774146009124,313.19802940894965,2538.3036471406376,20.632745858882444,155.0416829763137,3.48210265955822,10.07093655352646,49.1024030285937,0,2026-08-25 06:31:50
2024-01-13 14:47:00,CNC-03,H,303.9599115000319,311.96458552191643,1686.127508109525,41.55748218754439,52.28664615299327,2.3296366804165407,13.333724129199345,45.6332847550135,0,2026-08-25 06:31:50
2024-01-13 17:55:00,CNC-03,H,300.28404082546433,314.4583238576546,2041.911382588198,35.91483443615251,51.80753672146975,2.6238209891901496,13.74916836268457,50.69045665264276,0,2026-08-25 06:31:50
2024-01-13 11:19:00,CNC-01,L,297.304522150754,311.9087898514537,1299.2001565610235,53.579794931645395,204.83486066234144,2.896160022767357,12.94799971659878,58.438016240794525,0,2026-08-25 06:31:50
2024-01-13 05:08:00,CNC-01,L,296.1413061911939,310.47346267496187,2245.2971037288216,30.69414926835452,135.2921012797568,3.0774247094782003,12.954997071979452,53.873902820182984,0,2026-08-25 06:31:50
2024-01-13 21:27:00,CNC-02,M,298.76541556860786,312.885560080698,2622.9135781936707,23.301390437891936,149.40503559662844,3.427151778588832,11.54774997135011,54.00347757602416,0,2026-08-25 06:31:50
2024-01-13 20:23:00,CNC-02,M,298.7573999617477,312.24060633222405,2576.015196629845,22.864835305795147,75.76158300304432,3.209834073225484,11.223760611489388,57.032100825628625,0,2026-08-25 06:31:50
2024-01-13 11:12:00,CNC-02,M,295.7033722610892,310.64869274184423,1512.675349019183,46.54287101322483,191.23861558433052,2.691206253411709,13.036109971547932,61.11298120689188,0,2026-08-25 06:31:50
2024-01-13 08:00:00,CNC-02,M,295.3301611742308,309.53290191646954,1606.5520215691195,43.23190910613561,131.25306325288724,2.385960695228376,13.13137603702897,53.56769109701433,0,2026-08-25 06:31:50
2024-01-13 01:14:00,CNC-02,M,297.63787769081944,310.6012666863985,2416.8098323150903,22.24423027594825,86.14579067093189,30.104780637064525,10.025425702560288,57.851113040664295,0,2026-08-25 06:31:50
2024-01-13 11:25:00,CNC-01,L,297.2501138515816,310.69939094629615,1346.392371232623,49.13606003852865,4.730382654103579,1.9848511449552333,12.367275338344376,58.50205441974744,0,2026-08-25 06:31:50
2024-01-13 13:58:00,CNC-03,H,298.16188024349145,312.74831692313927,1372.3314093928666,51.29915029297579,219.7951982483161,2.792351866275306,13.042514791962338,54.34762296776182,0,2026-08-25 06:31:50
2024-01-13 14:08:00,CNC-03,H,298.29009358631885,313.50165354295683,1484.6294288146803,50.429997553421806,235.33584031374303,3.010656915992543,13.792987892764378,57.70791344132476,0,2026-08-25 06:31:50
2024-01-13 14:55:38,CNC-02,M,297.9618374325962,312.66302758437365,1481.517700942534,49.74064485395404,89.70108876940685,2.1823230947610393,0.0,55.48804576542628,0,2026-08-25 06:31:50
2024-01-13 10:29:00,CNC-02,M,295.3139442880062,310.0448674914257,1348.736311964668,,122.95867456126332,2.232711620393738,13.92651246821478,59.86893809914815,0,2026-08-25 06:31:50
2024-01-13 10:37:00,CNC-03,H,296.4440216305038,310.50603201180786,1353.7858944884983,49.46262130244825,138.49368426657986,2.178926535110853,12.569376017301234,58.685650641002255,0,2026-08-25 06:31:50
2024-01-13 16:35:00,CNC-03,H,26.11091092014277,41.887007472202356,1943.9240194162337,43.59134537257285,,31.883958492330883,16.283456696711458,48.80147098914784,0,2026-08-25 06:31:50
2024-01-13 02:37:16,CNC-01,L,24.35500435396972,38.76625920333572,2656.356333123011,25.96291634503165,193.9202237220016,3.8227772459107108,12.795954225101987,52.91149460472562,0,2026-08-25 06:31:50
2024-01-13 16:13:00,CNC-03,H,26.09585808567931,40.82784454332392,1671.8706541198956,44.03766469228302,180.96152995350863,2.7111952478633605,13.725831196359708,47.61884183232941,0,2026-08-25 06:31:50
2024-01-13 10:27:00,CNC-01,L,296.7689706840046,311.57421110275715,1479.181705496248,52.10196621226469,122.5338916766862,2.2983407480178184,14.321675337511962,58.49996217341866,0,2026-08-25 06:31:50
2024-01-13 01:16:00,CNC-01,L,303.67915591320724,309.7690555431565,2642.6641160793206,17.03916098634203,106.17323582865023,3.346687490730427,8.375600979593825,46.705446841152344,0,2026-08-25 06:31:50
2024-01-13 21:21:00,CNC-02,M,298.72113792137145,312.3052983802689,2535.2530171466246,22.25512659783816,142.6183734875165,3.4234493197494666,10.602508572551463,53.43461614128143,0,2026-08-25 06:31:50
2024-01-13 08:25:00,CNC-02,M,295.39329814016827,310.08519568267064,1590.3161238524442,43.04755810743633,168.36897029554052,2.686179702083425,12.655667251029248,62.750450935303,0,2026-08-25 06:31:50
2024-01-13 03:13:00,CNC-01,L,297.1624857729011,312.01712278150166,2377.8636407228796,30.695868824474367,236.07991992801544,4.228213123552762,13.875154805904462,58.81188677666765,0,2026-08-25 06:31:50
2024-01-13 01:07:00,CNC-02,M,298.29839744412794,310.8416922426263,2639.3598225381324,18.480835862958084,78.67369061747893,3.1234416455733496,8.97468433732743,55.92384648710915,0,2026-08-25 06:31:50
2024-01-13 07:57:00,CNC-01,L,296.31225237498353,310.738160763916,1731.4392474355413,42.93283735797411,127.31181229545223,2.5873323933267534,13.843319508096975,61.605264583991676,0,2026-08-25 06:31:50
2024-01-13 13:06:00,CNC-03,H,297.6475405377947,312.08942345129134,1463.6711872461437,48.75916825180819,137.902984524209,2.347952551427611,13.286300860763857,55.546146823766335,0,2026-08-25 06:31:50
2024-01-13 16:01:00,CNC-02,M,25.28120609720736,40.42535125430794,1628.40849313345,46.623468653646455,186.6234788677967,2.8154007663894567,14.463021086173336,54.30375532704428,0,2026-08-25 06:31:50
2024-01-13 12:31:00,CNC-02,M,296.4805360734216,310.19261556714474,,48.05188445974027,100.00740536157828,2.0077482047839244,11.94242642841247,54.06758060770593,0,2026-08-25 06:31:50
2024-01-13 05:24:00,CNC-01,L,296.1430764140659,309.58558549622745,2137.5310294990295,28.33506541760952,155.8512999848412,3.1290356556406658,11.19202537197078,60.842376829752695,0,2026-08-25 06:31:50
2024-01-13 01:43:00,CNC-02,M,297.48368987678066,310.00149706185704,2736.0065214454826,16.671573835260435,117.3051789779669,3.419638736355643,8.755037646894888,53.91832340552474,0,2026-08-25 06:31:50
2024-01-13 20:56:45,CNC-03,H,299.8979596094738,312.44729831518043,2549.613256049763,19.759021863926378,40.33525080238843,2.9932805300574525,9.548735044841074,50.215455131821585,0,2026-08-25 06:31:50
2024-01-13 14:34:00,CNC-02,M,297.7381491270329,311.85669224257634,1535.0263365812968,45.612373393353494,55.776185608592435,2.2071496949296656,13.335032883809589,55.22313520369685,0,2026-08-25 06:31:50
2024-01-13 01:18:00,CNC-03,H,298.50207737175407,311.4685264848964,2846.8130832932543,18.024683619957493,123.1265025490481,3.3523681577510716,9.60715125237854,50.68547613915499,0,2026-08-25 06:31:50
2024-01-13 18:39:00,CNC-02,M,298.63527770968483,313.29794361427105,2063.824669788573,33.04467315143485,165.41501736283993,3.067545496274782,12.971205924571976,52.7489018968302,0,2026-08-25 06:31:50
2024-01-13 04:34:00,CNC-03,H,,310.4291096575933,2229.8246631407083,28.481112533638136,111.60787535281725,2.836293710834641,12.123034768296018,56.627112086768165,0,2026-08-25 06:31:50
2024-01-13 04:29:00,CNC-02,M,295.97149982443153,309.92054654113105,2252.376122866169,28.77338847914121,90.76876061512311,2.946269722063768,12.182229443246454,55.90227767803669,0,2026-08-25 06:31:50
2024-01-13 14:31:00,CNC-03,H,298.74590024669766,312.00129566482616,1394.855811262524,47.33127394474114,27.753488107044436,18.938956404802788,12.403973468263874,58.08488670469909,0,2026-08-25 06:31:50
2024-01-13 05:16:00,CNC-03,H,296.5731703973314,310.3172334617072,2134.622638717439,29.608909833298952,164.39655598088527,2.9646493326409162,11.812523971902287,59.26359304978066,0,2026-08-25 06:31:50
2024-01-13 09:51:00,CNC-03,H,296.12293031195554,310.17214152876153,1442.901490972551,51.047430356642266,65.96905882087329,2.093622865120345,13.903368637604869,61.80357852105241,0,2026-08-25 06:31:50
2024-01-13 01:29:00,CNC-03,H,298.4120548896779,7447.70765546518,2714.849569850725,15.524637523629632,134.8266987276896,3.3751788416098303,8.079238385427413,56.16138740390629,0,2026-08-25 06:31:50
2024-01-13 14:41:15,CNC-03,H,303.835217915667,311.98279202737814,1484.7702112740978,49.00688787583202,44.65564146268179,2.159641770770585,13.747966029000942,43.8451424216579,0,2026-08-25 06:31:50
2024-01-13 15:16:00,CNC-02,M,298.1339325922043,313.08555988243546,1684.8631680380595,45.93937018592869,120.13101016765926,2.3920214077142194,14.304294227223552,49.80599556020523,0,2026-08-25 06:31:50
2024-01-13 08:46:00,CNC-02,M,295.34749942971615,310.16731005424174,,41.583292374624605,199.73112421537687,2.9401206235496216,13.084293143609033,61.43262143730625,0,2026-08-25 06:31:50
2024-01-13 13:47:00,CNC-02,M,297.49524391848365,312.7236513107767,1344.6651553686763,57.12099358819853,220.33273471271394,2.7878052909953674,14.599658838010534,61.767549607095404,1,2026-08-25 06:31:50
2024-01-13 23:24:00,CNC-02,M,297.6536605364305,308.96341414084435,2779.067470234629,10.405982249848686,41.37307426495765,3.2528605253050342,4.9184164289674825,55.016369291928584,1,2026-08-25 06:31:50
2024-01-13 00:06:00,CNC-03,H,298.9130251347416,310.99399521586815,2612.9793955569717,18.065092151405068,46.50296204185776,3.1648399329385724,8.983853227927389,51.54025288283078,0,2026-08-25 06:31:50
2024-01-13 19:25:00,CNC-01,L,300.4445343198526,313.2076595354914,2288.536708115464,23.288441248868857,47.431654274810136,2.8873859410653955,9.787159758748615,51.58790878768331,0,2026-08-25 06:31:50
2024-01-13 20:55:00,CNC-02,M,298.62625459582506,311.66203138781844,2446.0678602415533,20.85450019523551,113.24576059215295,3.0988060580359433,9.63709739434016,51.91064840367013,0,2026-08-25 06:31:50
2024-01-13 14:29:00,CNC-02,M,297.44039934408033,310.6519939166719,1517.9841296190514,39.52685151490864,48.057339650165694,2.0911937439567128,11.394280614971938,55.05368196063826,0,2026-08-25 06:31:50
2024-01-13 11:48:00,CNC-01,L,297.6285782690602,311.58445436804016,1490.8750072457199,46.336293066454544,41.330399867134574,21.090112842718835,12.999131324301574,57.10559169191083,0,2026-08-25 06:31:50
2024-01-13 13:51:00,CNC-03,H,298.1127111296965,313.3764920529573,1511.294425273076,51.83522419334795,208.82032793173138,2.795230625138558,14.884908971718435,56.50259554648398,0,2026-08-25 06:31:50
2024-01-13 05:11:00,CNC-03,H,296.35204912700357,311.18126959841624,2223.641476023109,33.50844219243619,158.0037175103081,3.0560377171834308,14.042975841274325,53.642997102740665,0,2026-08-25 06:31:50
2024-01-13 09:58:00,CNC-02,M,295.8519258375483,310.0593009853995,1439.621275263543,48.73023752366098,74.0737937420297,21.073425322338686,13.01661024707905,52.62077142417789,0,2026-08-25 06:31:50
2024-01-13 00:47:00,CNC-03,H,298.77931457254726,311.0174091017127,2700.7899974083957,17.25643688944434,90.06068277944098,3.2832698432392333,8.760198801466998,52.32723352723423,0,2026-08-25 06:31:50
2024-01-13 06:01:00,CNC-03,H,296.33110121632257,309.29740851597757,2128.318383205775,28.49805330472168,5.358376468395336,2.713137420556536,11.281560260909828,57.66679344798444,0,2026-08-25 06:31:50
2024-01-13 04:18:00,CNC-02,M,296.1039047953226,309.0237717183035,2400.8071462087114,23.364345686468486,77.33913118868752,2.944960946777244,10.689202078322468,56.490374920347904,0,2026-08-25 06:31:50
2024-01-13 10:42:00,CNC-01,L,296.7574419638876,311.42317705184126,1465.9691533516525,48.1134376062279,146.16624900490334,2.3697733011015,13.22248434571177,55.97369101365598,0,2026-08-25 06:31:50
2024-01-13 00:15:00,CNC-02,M,299.0023206551361,310.6574031962403,2728.829830178841,13.965580405119882,23.4170358972694,3.3581217716063305,7.230161217562628,53.54764537516752,0,2026-08-25 06:31:50
2024-01-13 10:34:00,CNC-03,H,296.06605287408314,310.57971186223193,1435.8627411993684,51.094286489383926,133.69368426657988,2.2540479339723833,13.698991306510901,59.397027194654946,0,2026-08-25 06:31:50
2024-01-13 14:22:00,CNC-01,L,298.8339050582573,313.107663645358,1628.1364882276582,45.97822277318588,41.702004017325734,2.272404157703679,13.80304359075818,51.444385020742814,0,2026-08-25 06:31:50
2024-01-13 00:47:00,CNC-01,L,304.0252412483858,309.54742318217745,2628.7986500344573,14.021187282215006,75.13925776135754,3.2363863975113323,6.850187870460506,44.613262468513966,0,2026-08-25 06:31:50
2024-01-13 15:50:00,CNC-02,M,25.065596001350514,39.681609511256454,1685.0535699860088,42.011584857827216,170.4771292387191,2.708028490354762,13.136515347862515,50.29614335268698,0,2026-08-25 06:31:50
2024-01-13 16:51:00,CNC-02,M,25.096521544017094,39.30366574229845,1855.1570829336436,38.54886717442486,19.975331932440238,2.423499676732801,13.418404353002664,52.57966973730175,0,2026-08-25 06:31:50
2024-01-13 23:57:00,CNC-01,L,299.5818595640819,311.90740237642046,2765.1866513170735,15.530177532111852,157.31225265338952,3.753566653452925,8.318374249384346,53.6491206194962,0,2026-08-25 06:31:50
2024-01-13 08:27:00,CNC-02,M,295.5391620759545,310.8230097325569,1578.4533895574339,47.52402660521667,171.3477963774438,2.5977320341533026,14.116633109035114,56.25254592147981,0,2026-08-25 06:31:50
2024-01-13 00:53:00,CNC-02,M,298.3480551002664,309.912969519004,2722.8779556904087,12.896164964466792,63.60267303742224,3.3208336701973318,6.510859414421171,53.33516283923802,0,2026-08-25 06:31:50
2024-01-13 10:11:00,CNC-01,L,296.56045867623436,311.07384641010077,1482.77409831995,50.50618652277921,97.38293419326925,2.3260146737042904,14.089401658629175,57.65287041070012,0,2026-08-25 06:31:50
2024-01-13 09:25:00,CNC-02,M,295.7557247126757,309.2855574939935,1398.5940242839342,46.85002699412634,23.01515175814583,2.009949440335869,12.233623731750606,64.74404988157994,0,2026-08-25 06:31:50
2024-01-13 20:35:00,CNC-01,L,300.2677355866516,312.978092954142,2572.270527497723,19.868230639434753,131.05306381372915,3.334253657322787,9.593880500034965,53.08490166295789,0,2026-08-25 06:31:50
2024-01-13 08:25:00,CNC-03,H,295.8834791246726,310.4634053800869,1629.6846313834017,43.201457483672364,208.65223950022775,2.9231012059170545,13.109699486608044,62.14107488006321,0,2026-08-25 06:31:50
2024-01-13 15:53:00,CNC-01,L,26.08753110918815,41.15633100183152,1798.414410694469,43.608636762569276,179.43485194512016,2.994517558787769,14.833468186888828,49.78660947840529,0,2026-08-25 06:31:50
2024-01-13 00:19:00,CNC-03,H,298.85836093210605,311.3032136605096,2622.5547571043585,18.296932746702073,60.208429264994955,30.076350807075887,8.96714293414881,50.82721544653394,0,2026-08-25 06:31:50
2024-01-13 11:49:00,CNC-01,L,297.48300906982877,311.2069612727171,1484.4841849339189,45.35864432229364,,2.1768097921920444,12.693350962305932,56.41117172628021,0,2026-08-25 06:31:50
2024-01-13 23:28:00,CNC-03,H,298.8188237054264,311.27869341148283,,15.098010814391724,206.72636097284175,3.987200149432147,7.490043427201242,53.39750707247215,0,2026-08-25 06:31:50
2024-01-13 07:03:00,CNC-02,M,295.25318577222873,309.10522611823944,42817.155954167734,41.64284753376624,49.596244337529725,2.230569756115043,12.948401760094324,55.72476313766573,0,2026-08-25 06:31:50
2024-01-13 23:13:00,CNC-01,L,299.8988033920148,312.2830999877518,2772.6264978297363,,110.48736327946627,3.3308766590930423,8.066666898146867,50.802593934805834,0,2026-08-25 06:31:50
2024-01-13 17:58:00,CNC-01,L,300.10563623564104,314.570228431474,2122.793286629945,32.873074245026096,147.2402442862286,2.972243287508371,12.909116566186926,51.957356263951894,0,2026-08-25 06:31:50
2024-01-13 04:00:00,CNC-02,M,296.0406226902647,308.76792622589846,2492.135639969346,21.916984041520884,55.69705413927129,2.9873680395346613,10.336051820544919,62.607592252437385,0,2026-08-25 06:31:50
2024-01-13 13:12:00,CNC-01,L,297.7959118281256,312.3821120624665,1365.9937276942528,53.47598415089659,174.494668096784,2.514773858473719,13.795025465977824,53.6957246461593,0,2026-08-25 06:31:50
2024-01-13 11:59:00,CNC-01,L,297.3406391723716,310.765755660989,1301.2423976733778,49.08940502295854,58.802748978935774,2.00572048326965,12.134643467102592,57.872394610520715,0,2026-08-25 06:31:50
2024-01-13 23:09:00,CNC-02,M,297.8447523976412,309.6890790329583,2616.1236024460895,15.20987830035038,25.575769276008664,3.198238980513065,7.672498064556859,62.15127173397597,0,2026-08-25 06:31:50
2024-01-13 21:27:00,CNC-01,L,300.1805369118969,313.0272693257282,2665.5156031239108,18.614289053261007,190.2140837357426,3.891686944433689,9.136919870474813,51.94643644988352,0,2026-08-25 06:31:50
2024-01-13 05:39:00,CNC-01,L,296.1834870663765,310.69572318221066,2055.22497091858,33.312592983243036,175.32934319061513,3.132014627781447,,57.52244372253184,0,2026-08-25 06:31:50
2024-01-13 07:06:00,CNC-01,L,296.09574828959245,309.9864996768842,1962.020912329718,36.55430739057822,53.949586888734856,2.5866281974868075,13.584952790197374,58.756739659878455,0,2026-08-25 06:31:50
2024-01-13 17:14:00,CNC-01,L,299.52281065511625,313.3044442859244,1923.0710864210514,35.441781335576124,87.66171782217006,2.6203612993955536,12.673990053509332,54.37734811231552,0,2026-08-25 06:31:50
2024-01-13 06:06:00,CNC-03,H,296.37085383090596,309.86747123780236,2218.053842507007,29.877417949753028,11.959957364641403,2.829485452265419,12.67724239805801,57.665008115084596,0,2026-08-25 06:31:50
2024-01-13 00:10:00,CNC-01,L,299.08371742332474,310.1948357296315,2751.927622529527,11.8984380784964,35.77339726199274,3.310565925250955,5.814639365342856,52.65495383226664,1,2026-08-25 06:31:50
2024-01-13 19:35:00,CNC-03,H,299.82608801363693,313.78240614027135,2295.1976268042426,28.259402781767495,179.58190932738236,3.2015452430367577,12.238838696234893,52.19251676916816,0,2026-08-25 06:31:50
2024-01-13 12:17:00,CNC-03,H,297.31369710162596,311.18066479692334,1327.1552167249627,51.72185866649208,60.31116900121122,19.635395985498413,12.736506388673714,58.707258456207455,0,2026-08-25 06:31:50
2024-01-13 21:28:00,CNC-02,M,298.6928562472948,311.67210733541214,2506.2721832396974,19.151879873174952,150.5260336243913,3.256268630303227,9.015142832317382,54.2127571184665,0,2026-08-25 06:31:50
2024-01-13 09:36:00,CNC-03,H,296.42357834388747,310.5189120306116,1517.2416051932144,47.89873094097918,42.673311444062854,2.221234158139012,13.483505428497722,62.03420043833392,0,2026-08-25 06:31:50
2024-01-13 05:45:03,CNC-01,L,296.39123066477623,310.8370155838228,2134.717112636801,32.15309535733845,183.1141970416701,3.298521695891071,12.965815705444447,58.67915423385332,0,2026-08-25 06:31:50
2024-01-13 08:58:00,CNC-01,L,296.46133100925374,311.9276062581709,1669.560814650454,,218.81047485265805,3.282695971456886,15.008081214734734,52.33227764667591,0,2026-08-25 06:31:50
2024-01-13 00:44:00,CNC-01,L,303.9859356854345,309.79978982928634,2651.409426266646,15.818669581009557,71.96025792823006,3.2110606894673417,7.787069121710998,48.4279856081073,0,2026-08-25 06:31:50
2024-01-13 19:23:00,CNC-03,H,300.1991162303543,,2174.7748636512374,27.416544907500594,164.85186643820379,3.005364964997829,11.209621984348692,52.880152599866676,0,2026-08-25 06:31:50
2024-01-13 15:31:00,CNC-01,L,299.11742793503987,313.3955599217513,1608.46178899718,44.11627441657526,146.58172288416247,2.6257718756476494,13.579306669063646,49.30024421648334,0,2026-08-25 06:31:50
2024-01-13 18:26:00,CNC-01,L,300.31436731406285,315.3291698805637,2153.9441266564677,36.314948842507434,183.9778326810877,3.3950088214840464,14.827065422203892,44.95155358985273,0,2026-08-25 06:31:50
2024-01-13 23:37:00,CNC-03,H,299.1728361018181,312.892462766679,2607.6238447181845,22.22819769216207,216.31800749790068,3.7968781848340476,10.801236519446848,54.833472981423405,0,2026-08-25 06:31:50
2024-01-13 22:33:00,CNC-01,L,299.9098296965774,312.25339258135523,2618.494972223918,18.15535902700788,67.583859495873,3.1972670893145367,76.91203961788035,51.451029284657054,0,2026-08-25 06:31:50
2024-01-13 17:55:00,CNC-02,M,304.1347929593009,311.9255111439392,2202.189233923836,29.20016694735966,107.75383869625698,2.795338879716115,11.757142336727691,43.41684364078154,0,2026-08-25 06:31:50
2024-01-13 15:33:00,CNC-03,H,304.2772094056257,312.70709428059905,1691.48796736086,43.809151556240444,121.97451674202203,2.419557221570012,13.707321229184378,45.692291254098265,0,2026-08-25 06:31:50
2024-01-13 11:23:00,CNC-01,L,297.42313082167135,310.9997335376104,1474.1990720256842,45.317785190368745,1.5451460094346428,2.0266897141137106,12.537611576615127,54.34621019741577,0,2026-08-25 06:31:50
2024-01-13 15:42:00,CNC-03,H,304.32779405951703,312.52028125151816,1640.0325818244617,44.32483184301065,135.388962943462,2.5399770520223504,,40.38748130852169,0,2026-08-25 06:31:50
2024-01-13 03:24:00,CNC-02,M,296.7398499896263,308.3655252670101,2575.716823843977,15.57990456830274,13.731867928728361,3.053806158360091,7.485357497117257,56.67833532682079,0,2026-08-25 06:31:50
2024-01-13 11:30:00,CNC-03,H,296.7342963397071,311.34116900558394,1413.282957347461,49.11460100512082,222.4487434595115,2.7417062650092756,13.006925584382534,55.70026450919431,0,2026-08-25 06:31:50
2024-01-13 09:53:00,CNC-01,L,296.21831486015554,310.18258723233794,1357.392141957216,51.347920998045005,69.23589288453913,2.140725870749132,12.94992659720757,59.788478031371916,0,2026-08-25 06:31:50
2024-01-13 12:42:00,CNC-01,L,297.92877579592005,312.3203974467744,1403.2918581727233,52.02063912868433,127.06325539818536,2.3834159599786062,13.663763969207936,55.23141203213557,0,2026-08-25 06:31:50
2024-01-13 06:57:00,CNC-02,M,295.5373676024369,309.5903470366022,1806.806508852597,39.087145256483545,41.26597393743753,2.3068552460242624,13.330469390181381,60.49791640911948,0,2026-08-25 06:31:50
2024-01-13 10:48:00,CNC-01,L,296.9989955582541,311.6668651596922,1442.9514847758787,52.54978696381747,155.6698707657231,2.522569436467115,14.133755755355994,53.50489806493177,0,2026-08-25 06:31:50
2024-01-13 11:21:00,CNC-01,L,297.2772210914627,312.47111134886393,1465.7709153927967,52.644791531731514,207.98119502902875,3.0071016272706386,14.483663565027939,55.557830195649835,0,2026-08-25 06:31:50
2024-01-13 07:09:00,CNC-03,H,296.22023314901685,310.29937347337733,1918.0959533353218,35.76751740996931,98.56628841853097,2.5466079487151583,12.717087971681464,58.118079825808614,0,2026-08-25 06:31:50
2024-01-13 02:37:00,CNC-03,H,24.762457017884344,37.77243522175303,2546.488629305204,20.591921589570582,209.69638579274636,3.67136108161739,9.787517717791145,52.88053296741026,0,2026-08-25 06:31:50
2024-01-13 23:29:00,CNC-03,H,298.5989003935944,311.7112127184094,2805.0988258540274,16.89580176479393,207.75636097284175,3.849724751926017,9.116556654325338,53.95987564385399,0,2026-08-25 06:31:50
2024-01-13 05:25:00,CNC-02,M,295.777214709749,310.333970504113,2067.1996313824484,34.24135459745828,160.77413178178753,2.9014969195364944,13.144876585396737,56.970688026851676,0,2026-08-25 06:31:50
2024-01-13 19:07:00,CNC-01,L,300.18836196388446,313.90662110342384,2270.399033225005,28.546259606019124,25.05488063145703,28.33581764725545,12.355370493380569,51.54658044470953,0,2026-08-25 06:31:50
2024-01-13 04:00:00,CNC-01,L,296.9281361490792,309.69511976460865,2438.5344804198858,21.853655868287035,51.521782454050836,2.958642326189026,9.792937981335385,54.55708859824899,0,2026-08-25 06:31:50
2024-01-13 07:12:00,CNC-03,H,296.0744390321711,309.6405857025314,1934.9920659289953,32.239184244306806,102.83697437075863,2.6183626671456883,11.428283780416319,58.1465454743442,0,2026-08-25 06:31:50
2024-01-13 06:02:00,CNC-02,M,295.457343567569,310.2258070378366,1893.4985540988914,37.395029231394176,209.72370549185626,3.1989638895940806,13.198383225897805,58.50493035826545,0,2026-08-25 06:31:50
2024-01-13 20:29:00,CNC-02,M,298.8616126514813,311.64252506338056,2401.8536784842436,21.13644931364286,82.94703455141736,3.092054777364924,9.593045032076002,55.750544597460255,0,2026-08-25 06:31:50
2024-01-13 02:41:00,CNC-01,L,24.121957978690602,37.68844364371182,2592.7658991838443,22.471601731939298,199.57137608981995,3.8261385008051896,10.816255898172773,56.955101621623605,0,2026-08-25 06:31:50
2024-01-13 18:47:13,CNC-03,H,300.2307324287818,313.97759734428433,2164.3384799827427,29.1660128010694,119.70691272338024,2.9311427092679168,11.888690650375175,53.41749006105201,0,2026-08-25 06:31:50
2024-01-13 06:19:00,CNC-01,L,296.4335808617666,311.2884643381856,1998.6868471548755,35.43006849889084,228.42077709224054,3.8099556563026327,13.206105152677331,54.986621431035985,0,2026-08-25 06:31:50
2024-01-13 18:08:00,CNC-03,H,300.18914866792244,313.6946843021991,2030.8730371748616,30.104811423859246,69.23381698657485,2.646868234679535,11.29784286854949,52.126723999822644,0,2026-08-25 06:31:50
2024-01-13 06:57:00,CNC-01,L,296.0575538610044,310.0231058808102,1831.5790827330118,38.826398211272455,41.337331150225246,2.563138348311159,13.41472274074454,63.361653485543926,0,2026-08-25 06:31:50
2024-01-13 13:15:00,CNC-01,L,297.9955006859896,312.6931602408995,1311.7560054276623,54.4075623125744,179.24731921997477,2.5208154654071007,13.442946605173097,54.79507818778941,0,2026-08-25 06:31:50
2024-01-13 22:03:00,CNC-01,L,300.0813536876256,311.8680459093876,2624.5783410793797,16.038622642988127,35.13753835336423,3.209452572225378,7.811617410820804,55.31379872655575,0,2026-08-25 06:31:50
2024-01-13 18:44:00,CNC-02,M,298.70143128147356,,2080.191304432996,29.56791852859861,171.88514122076413,3.1393081891139314,11.247431687598263,48.02377655791549,0,2026-08-25 06:31:50
2024-01-13 08:06:00,CNC-02,M,295.30831357980486,310.3942784421,1646.3847422654324,48.10106169193577,140.02033599564507,2.4114371658294766,15.170284363425568,62.77907905335531,0,2026-08-25 06:31:50
2024-01-13 01:08:00,CNC-01,L,303.8517966075037,310.7571110239951,2669.1058100716805,20.345867975839273,97.61730502165048,3.2967473576762005,10.373979310081756,46.67325930053895,0,2026-08-25 06:31:50
2024-01-13 00:54:00,CNC-03,H,298.66105662719025,310.24561189692093,2840.2132276981647,12.900963032669022,97.43841041973515,3.384496435312394,6.753920405268706,54.13320631002628,0,2026-08-25 06:31:50
2024-01-13 02:46:00,CNC-02,M,23.831592811933888,36.80310659122682,2677.3635080935796,18.761483424393365,186.70765671713147,3.8440558354362553,9.394890800518558,55.617021096203125,0,2026-08-25 06:31:50
2024-01-13 11:56:00,CNC-02,M,295.89685236910026,309.91565362495754,1323.6652466743021,53.53287514671413,44.39290934938399,1.9668082830057447,13.259868903509194,61.26952989064908,0,2026-08-25 06:31:50
2024-01-13 06:45:00,CNC-03,H,296.38294994186583,310.5084677308486,1885.7790355162358,38.303679128087865,65.12235378100935,2.640718124540795,13.61525968981939,56.25101290715943,0,2026-08-25 06:31:50
2024-01-13 02:49:00,CNC-02,M,24.055072553622267,37.76202809160759,2560.0478772688975,23.02607844272379,190.00298528519372,3.7371784281746914,11.056539176236571,61.79436702800419,0,2026-08-25 06:31:50
2024-01-13 01:21:00,CNC-03,H,298.43765960259367,311.36012467713607,2647.4346445972196,19.805252245013996,126.33031913315878,3.265939817613107,9.947497740144252,53.7000000187882,0,2026-08-25 06:31:50
2024-01-13 08:32:00,CNC-01,L,296.21418367932193,310.77054068163636,1645.7245483322135,44.84883525214145,179.33746112842852,2.8566024102645473,13.91642171077143,51.74279007920671,0,2026-08-25 06:31:50
2024-01-13 01:22:00,CNC-02,M,298.1552199213188,310.236836995129,2721.2540091062647,16.035952438348488,94.66328351865617,32.15352668302336,8.36622760080733,57.49888755884633,0,2026-08-25 06:31:50
2024-01-13 22:23:00,CNC-01,L,300.27252450804207,312.49308430248703,2616.5359432752207,18.241441789034596,56.76143440880947,3.2360502409184404,9.04643750793405,54.320180428025104,0,2026-08-25 06:31:50
2024-01-13 23:11:00,CNC-01,L,299.81114409334936,313.02053873586914,2744.657628717905,20.68707890304998,108.3598019733935,3.4572047019240832,10.569331661735525,53.661196015450514,0,2026-08-25 06:31:50
2024-01-13 09:40:00,CNC-01,L,296.322328909282,310.21653494520507,1494.269902180591,47.063013557165874,48.899507476607404,2.1428696584765268,13.289402616929868,56.734598082060394,0,2026-08-25 06:31:50
2024-01-13 23:18:00,CNC-03,H,298.94799335290406,312.597150764488,2645.8012463663817,21.96932050484763,196.07965084330317,3.646247837340144,11.026310911786267,54.80619052395162,0,2026-08-25 06:31:50
2024-01-13 10:25:00,CNC-03,H,296.62447579997183,311.14683214186937,1357.500722295698,53.960416984935165,119.59721249194311,2.2282369176025494,13.654447877948533,56.10627098536912,0,2026-08-25 06:31:50
2024-01-13 07:33:00,CNC-01,L,296.2748829007891,310.6339308419661,1985.5276184603806,36.737290787898694,92.5891429498061,2.6982047718704165,13.473055753254119,53.39546270566203,0,2026-08-25 06:31:50
2024-01-13 23:54:00,CNC-02,M,297.7268162031023,309.89284872100967,2694.1860607516132,15.269928593022845,73.38168836676083,3.270309954283622,7.950892573679035,55.98447581596044,0,2026-08-25 06:31:50
2024-01-13 02:30:00,CNC-03,H,24.89051381184379,37.47616894696239,2595.8870783005386,16.90715028438037,201.86241274663573,3.6522297357703737,8.166266853406905,55.050969213931616,0,2026-08-25 06:31:50
2024-01-13 05:38:00,CNC-01,L,296.5289174770243,310.8654350051938,2132.7867585563213,32.30273974808065,174.00491339044106,3.1734174083518756,12.996412307002414,56.45483131018124,0,2026-08-25 06:31:50
2024-01-13 11:19:00,CNC-03,H,296.6748330677722,311.17319193527163,1405.5144746646295,49.95976092799028,204.90289324768483,2.6036916582085,13.248930445036079,61.51686881668256,0,2026-08-25 06:31:50
2024-01-13 11:31:00,CNC-03,H,296.896672900296,311.49389650506953,1301.9133285874284,53.92095110404393,224.04726730331308,2.8294800803407534,12.952430674847685,58.98155924727085,0,2026-08-25 06:31:50
2024-01-13 08:47:00,CNC-02,M,295.3244826963848,310.8608379725162,1609.6405522421055,50.23250945143726,201.21003258997555,2.87180995486224,15.060692053934277,56.27481793240922,0,2026-08-25 06:31:50
2024-01-13 16:37:00,CNC-01,L,26.549500090870367,40.37376064916674,1687.7123929859579,39.76328241298191,35.86205582861406,23.011891140295514,12.607621831659355,50.626731633136956,0,2026-08-25 06:31:50
2024-01-13 10:39:38,CNC-02,M,295.4529160126813,309.9445784943065,1282.8776231959266,52.676080923717116,140.43191588546344,2.191766828822037,12.453562337692645,62.73549373491417,0,2026-08-25 06:31:50
2024-01-13 03:58:00,CNC-03,H,296.9683338510595,310.1600477233199,2464.325414169904,23.27312179664645,67.75232378788716,2.940323632448986,11.00395047722352,56.560497541119595,0,2026-08-25 06:31:50
2024-01-13 05:09:00,CNC-02,M,295.55920861894475,309.810357297259,2135.4692127247513,32.27950452395503,140.3911044344528,2.958055616978774,13.141941832641397,61.420197706401744,0,2026-08-25 06:31:50
2024-01-13 05:37:00,CNC-02,M,295.5429423578676,310.7233646885449,2055.4490519372307,38.98642923844481,176.47790284765,3.077988244869865,15.058611531473362,59.24885662999861,0,2026-08-25 06:31:50
2024-01-13 15:58:00,CNC-03,H,31.261182863835927,39.87720272157492,1701.6940579408035,43.435018718149855,158.95791085154252,2.545644267730785,13.855174655860466,43.551707699180064,0,2026-08-25 06:31:50
2024-01-13 07:00:00,CNC-01,L,296.3211476209412,310.27543114036683,1756.044619766476,41.56448192297854,45.572887788153736,2.4315334399037987,13.341363907997595,62.95008999783512,0,2026-08-25 06:31:50
2024-01-13 03:49:00,CNC-03,H,297.02392459663525,309.22125919011444,2395.1282534673846,18.884916338982137,57.013234886743554,3.032919443883153,8.224633165022057,64.48328983742275,0,2026-08-25 06:31:50
2024-01-13 20:43:00,CNC-03,H,299.9348770658186,312.7401772205188,2457.8144340381705,23.21716327041307,25.59294412324639,2.9240599349362695,10.464850642445446,52.57820286570215,0,2026-08-25 06:31:50
2024-01-13 21:45:00,CNC-01,L,300.3295168144802,312.6009362424214,2483.2732551387453,20.63449699228999,15.634343410490098,3.058941468124478,9.645871318409409,50.24046253361546,0,2026-08-25 06:31:50
2024-01-13 15:29:00,CNC-01,L,299.1138878579106,313.6459863657979,1622.1343327101333,45.514247279678344,143.5956177061526,2.549690844009655,14.036104438191629,52.52742573640565,0,2026-08-25 06:31:50
2024-01-13 14:54:00,CNC-03,H,303.72494884888386,311.9768926608317,1615.2282036712566,44.93522802925448,62.86008596171719,2.364318426217233,13.502589754849977,42.8311046426217,0,2026-08-25 06:31:50
2024-01-13 16:16:00,CNC-01,L,26.23804644734497,39.98722076453902,1838.7476389102442,37.323429389740326,5.684463911136552,2.408394707458804,12.960005375194266,51.224739416120585,0,2026-08-25 06:31:50
2024-01-13 15:06:00,CNC-03,H,304.08228407783076,312.1987235785706,1607.5595944202246,44.90030723609503,81.20290420250325,2.2693726955628257,13.636632917227704,44.91519591664857,0,2026-08-25 06:31:50
2024-01-13 06:41:00,CNC-01,L,296.13003121731606,310.1624554982931,2056.0785843694416,35.71012721648664,19.019511350628203,2.7533726120358444,13.80362255147843,58.29241814784778,0,2026-08-25 06:31:50
2024-01-13 03:50:00,CNC-01,L,296.8976740135335,309.4854249559329,2429.4944229134703,21.511427230706,39.70956855834575,3.06516036367399,9.586997659392884,53.35325625284542,0,2026-08-25 06:31:50
2024-01-13 00:41:00,CNC-01,L,303.9940652575337,309.6944540852752,2794.990586320181,13.812776845369024,68.79220307877124,3.3327660359711535,7.167247436451378,0.0,0,2026-08-25 06:31:50
2024-01-13 06:26:00,CNC-03,H,296.44029715907936,310.3497414738513,1985.3479164158452,35.34576790977836,38.99686248134342,2.564873017110559,13.26627843502056,58.50956007001698,0,2026-08-25 06:31:50
2024-01-13 10:14:00,CNC-03,H,296.63328027945516,310.7889397493307,1418.324848517127,49.7225499784187,103.83334210511312,2.1041410831533875,13.308805695064484,59.41732567891859,0,2026-08-25 06:31:50
2024-01-13 18:52:00,CNC-01,L,300.0154034230406,313.4373297491027,2307.6347094600314,28.812205212841334,6.39879189430649,2.8489633773150773,12.64601482447301,52.75786235029786,0,2026-08-25 06:31:50
2024-01-13 19:23:00,CNC-01,L,300.71166800551634,313.77749496655946,2190.719695302121,26.38196634880764,45.004206627733446,2.828979496885633,10.786270886952561,49.6254884887575,0,2026-08-25 06:31:50
2024-01-13 21:20:00,CNC-03,H,299.8142096218702,311.77873487815174,2599.7322056177854,16.966626205794444,67.33490149252509,3.131649558046073,8.038436658361999,53.281946060232876,0,2026-08-25 06:31:50
2024-01-13 21:08:00,CNC-02,M,298.86509909876094,311.95554809913205,2466.855228810111,19.942869801583377,127.99896948615086,3.1699553206657916,9.186794756640042,48.818022887154584,0,2026-08-25 06:31:50
2024-01-13 05:58:00,CNC-01,L,296.2272981674078,310.9659899871968,2015.7497960744222,37.03589673635098,200.28771632207824,3.326763113888459,14.021808363531752,59.174760319696304,0,2026-08-25 06:31:50
2024-01-13 11:26:00,CNC-03,H,297.019262834651,312.07614937054547,1335.552332973535,57.90094528602842,216.0776786029977,2.694300228362712,14.498084407056183,57.99041235813244,0,2026-08-25 06:31:50
2024-01-13 14:22:00,CNC-03,H,298.1518786735682,311.8290527857119,1514.139951758891,46.53220493248985,13.857229925302951,2.1419952896547714,13.090706719546313,58.48652457347207,0,2026-08-25 06:31:50
2024-01-13 20:34:00,CNC-01,L,300.302079905263,312.8947749706064,2510.7369181996637,19.289581449231008,129.9538973039039,3.331989154974874,8.92471969834307,47.69007891524425,0,2026-08-25 06:31:50
2024-01-13 19:03:00,CNC-02,M,298.78821153710743,313.1733819462991,2161.7745159266506,29.1473726156454,195.8789982476581,3.3985065339298823,11.705692904863158,52.782469628719205,0,2026-08-25 06:31:50
2024-01-13 09:43:00,CNC-03,H,296.12264442558296,310.15951864938984,1497.7619423740684,48.72846285873088,53.58807131885544,2.2154453560440106,13.947866773222765,58.50740261089643,0,2026-08-25 06:31:50
2024-01-13 22:05:00,CNC-03,H,299.4533878396415,312.4933190569573,2427.554578228592,22.378044886374674,117.17318902412194,3.0741606437491056,9.975685901952481,55.284269057801474,0,2026-08-25 06:31:50
2024-01-13 05:17:00,CNC-01,L,296.23844995624523,310.80762544817395,2100.37433268153,33.58190980005063,146.77780897681157,2.9542874997497357,13.343225588169792,56.47209525299973,0,2026-08-25 06:31:50
2024-01-13 18:42:22,CNC-03,H,299.9718792805002,314.10336074504505,2145.236276518555,32.975460585360366,114.56892237427817,2.846134798791134,13.296237262290727,49.301729657126955,0,2026-08-25 06:31:50
2024-01-13 18:53:00,CNC-02,M,298.8191171318793,314.2201430875782,2272.124584102593,34.35459474311116,183.40645488881816,3.3556727942844917,14.610301226793958,51.971633585273125,0,2026-08-25 06:31:50
2024-01-13 12:15:00,CNC-03,H,297.1646422382107,311.4091136069579,1506.0582256560574,48.139651331875164,57.14763944500833,2.209583522688895,13.439281773968286,60.27373809413879,0,2026-08-25 06:31:50
2024-01-13 23:29:00,CNC-02,M,297.8661778020671,310.0222932687747,2706.0917277576264,14.881995735317759,46.61977081108444,3.3026380573336875,7.350951652899335,52.66469020531277,0,2026-08-25 06:31:50
2024-01-13 06:09:00,CNC-02,M,295.48298430825196,311.5328257005883,2176.7502525554487,39.80747822184899,219.19020386509095,3.4584186135265798,16.385715573260583,60.86261646045881,1,2026-08-25 06:31:50
2024-01-13 22:15:00,CNC-03,H,299.17112948152936,311.5813399656637,2562.383771720353,18.091382022777516,128.27336261652457,3.199218175216957,8.616783634187884,54.06493243388257,0,2026-08-25 06:31:50
2024-01-13 17:59:00,CNC-01,L,299.8059411268285,314.21925443297874,2068.0334294365753,32.74498558696769,148.54758667001843,2.987027024917964,12.651326153545124,49.29384033022054,0,2026-08-25 06:31:50
2024-01-13 22:35:00,CNC-03,H,299.21794125683624,311.40757214948746,2702.888818953938,15.745952498975774,150.0109313339857,3.4845880054668554,7.986466428189561,51.178796534468425,0,2026-08-25 06:31:50
2024-01-13 08:38:00,CNC-02,M,295.80140950318224,311.0619814196403,1587.504180222061,,187.7335733238787,2.7179229939837053,14.385807795759014,55.67543831330163,0,2026-08-25 06:31:50
2024-01-13 01:10:22,CNC-02,M,298.0689893575054,310.2360473038105,2726.06553849831,16.247733258947818,82.89735152065823,3.450715362591577,8.31123573561038,55.42715452103111,0,2026-08-25 06:31:50
2024-01-13 18:02:00,CNC-02,M,304.17593595254135,312.7692456727924,2088.648330905006,33.98600762002265,116.92175979420654,2.874670150212065,13.303151402341198,44.857305550610796,0,2026-08-25 06:31:50
2024-01-13 00:45:00,CNC-01,L,303.89512419956884,310.51032442123534,2784.1460871639606,18.51101627426422,73.00892472700555,0.0,9.887646303158347,45.698998783886765,0,2026-08-25 06:31:50
2024-01-13 06:51:07,CNC-03,H,296.1840040545585,310.69997618003407,1887.9181019951693,40.51421802945932,72.03273633432751,2.468976369915928,14.126063995978974,58.95223427157224,0,2026-08-25 06:31:50
2024-01-13 10:03:00,CNC-02,M,295.68095551383215,310.05231336731,1410.1398083167876,49.98595558189647,82.00448756393374,2.172840531566001,12.93177792714132,58.592858730783675,0,2026-08-25 06:31:50
2024-01-13 14:48:00,CNC-02,M,297.9198843817987,312.28815764286,1491.5510519974414,48.22682331677693,77.41628888020131,2.1369681492258543,13.455415446799975,54.60468253801682,0,2026-08-25 06:31:50
2024-01-13 02:19:00,CNC-03,H,24.580821277982636,38.94106080206228,2599.7215508452946,25.584745156800235,189.42139870361729,3.6269111989921488,105.28841414547495,57.03071215083464,0,2026-08-25 06:31:50
2024-01-13 20:06:00,CNC-03,H,300.0984374970443,314.44158169930256,2420.679851389554,25.813054232890256,217.10733549805525,3.660233681267891,11.738435373944105,51.27268852147281,0,2026-08-25 06:31:50
2024-01-13 00:19:00,CNC-02,M,298.8869749685998,310.4680633767917,2741.608948337629,13.864582099909347,27.594339308035792,3.162560541693193,6.986401800356269,51.65325998205041,0,2026-08-25 06:31:50
2024-01-13 09:32:00,CNC-02,M,295.61739932381147,309.14081303757604,1505.909006695816,44.76833401638974,33.835750837240575,2.1403324831031703,12.500249703410034,57.634870318590195,0,2026-08-25 06:31:50
2024-01-13 21:45:00,CNC-02,M,298.31547196986105,311.6764054050975,2600.3652859800877,19.84843044092893,169.38034231236898,3.3929793533614316,9.49580515259067,58.785194343553954,0,2026-08-25 06:31:50
2024-01-13 08:36:00,CNC-03,H,296.0368696385075,311.02701152630317,1653.2060378153558,43.16097748150276,225.0170040624727,3.0624996437691943,13.69139243445867,59.516791581257635,0,2026-08-25 06:31:50
2024-01-13 09:45:00,CNC-03,H,296.0808289442557,310.04082267123675,1455.702670058748,48.046924203540954,56.70107613664487,2.227133773771166,12.975693278973425,60.65319714631297,0,2026-08-25 06:31:50
2024-01-13 12:53:00,CNC-01,L,297.9054611134016,312.0182329709262,1393.8133836619595,50.68295539218198,,2.4102841272515536,13.448274936227415,57.433413423808254,0,2026-08-25 06:31:50
2024-01-13 03:17:00,CNC-03,H,297.3734270413425,309.42255114794636,2491.2387825986216,19.21906835511742,19.521197486098664,3.127436874866097,8.802389170811013,58.926999080911855,0,2026-08-25 06:31:50
2024-01-13 08:18:00,CNC-02,M,295.7077394426657,310.73666400913,,44.23967365944125,157.97438515882996,0.0,14.499461343119636,55.94040009095061,0,2026-08-25 06:31:50
2024-01-13 02:39:00,CNC-01,L,24.323716847533888,38.768657710110176,,25.681694891812786,197.3401401181406,3.9286141743863183,12.517768483486494,57.39987804858207,0,2026-08-25 06:31:50
2024-01-13 16:02:00,CNC-03,H,31.225677686416645,39.901253888036365,1697.6867277108538,42.90576335573114,164.85998953292324,2.4872350132286734,13.828580619831962,40.79368366419587,0,2026-08-25 06:31:50
2024-01-13 13:15:00,CNC-02,M,297.25509685120636,312.0580278381885,1498.3862772957032,49.03294051655041,169.71056316600232,2.5793388554060352,13.704845083417935,59.210661075470966,0,2026-08-25 06:31:50
2024-01-13 14:33:00,CNC-01,L,298.65892481113156,312.7175645423225,1639.0136008632257,43.989701792126304,58.528144799126565,2.2836419059629174,13.406741470870045,49.52194032893424,0,2026-08-25 06:31:50
2024-01-13 19:46:00,CNC-03,H,299.9896652960641,313.21068286673193,2381.103785512838,22.795115755805334,193.01631836014036,3.438058820466667,10.106671106661846,46.97491646483481,0,2026-08-25 06:31:50
2024-01-13 02:01:00,CNC-01,L,297.8198036421522,310.4367382968872,2751.6042349400605,16.270750802109497,155.27238125693663,3.648520055058724,8.19294928443545,55.26444698585246,0,2026-08-25 06:31:50
2024-01-13 03:21:00,CNC-02,M,296.584361808379,309.3702988472512,2500.3137226240415,22.92877329316072,10.349757948960292,2.9932467869108708,10.88085928060448,53.00253284557621,0,2026-08-25 06:31:50
2024-01-13 22:11:00,CNC-03,H,299.2965603610469,,2593.556749295189,15.041935334917088,123.88411662070403,3.143399166600959,7.232666129075049,47.41265227967906,0,2026-08-25 06:31:50
2024-01-13 02:24:00,CNC-03,H,24.60880008500061,38.150490253439045,2353.9569700592247,24.96041278100465,195.09482270337935,3.3833957440490483,10.99007131930513,56.886487796778155,0,2026-08-25 06:31:50
2024-01-13 11:48:00,CNC-02,M,296.14610819839646,310.257096220453,1340.5324537793804,52.63778416995306,31.69733706814981,1.9533413061584337,13.250263239016109,53.943665445080214,0,2026-08-25 06:31:50
2024-01-13 03:10:00,CNC-01,L,23.897577036082396,36.817487321338035,2629.634866573508,17.922327328543858,232.60405652100204,4.421750196222568,9.077130751357691,59.94140689262488,0,2026-08-25 06:31:50
2024-01-13 12:15:25,CNC-02,M,296.5064083811571,310.3488435125948,1265.9906723537588,51.991764823462525,76.20583718009782,1.9184101455135603,12.2130391610857,56.75565631304456,0,2026-08-25 06:31:50
2024-01-13 18:45:00,CNC-03,H,300.25518696630036,314.2581368484507,1957.2611576491993,33.033744885757585,117.20176099006196,2.625574533785992,12.122796840092727,47.460983471072666,0,2026-08-25 06:31:50
2024-01-13 14:58:00,CNC-03,H,303.92771955224555,311.3407228766311,1541.3782345344077,42.448197276257915,68.93623334039206,2.136924966305691,12.374772164297244,42.39114918824498,0,2026-08-25 06:31:50
2024-01-13 03:47:00,CNC-01,L,296.65358303413336,309.18296774778196,2508.548413437563,20.002304132911867,36.180203605272915,3.0920526238553734,9.447671051073408,57.67951974669382,0,2026-08-25 06:31:50
2024-01-13 15:11:25,CNC-01,L,298.98217847530105,313.00181772605606,1635.4237426450645,41.37234270414086,115.15773926859947,2.341541519981005,12.348022815715288,54.72217668254691,0,2026-08-25 06:31:50
2024-01-13 00:57:00,CNC-02,M,298.3937148772877,310.1020330818794,2783.4207295982715,12.91552416918693,67.85321561622273,3.2273668768229165,6.606819572059453,56.05808244800608,0,2026-08-25 06:31:50
2024-01-13 03:05:00,CNC-02,M,23.575932232966522,37.43062844181475,2523.4469165572846,23.370887388103927,208.1807993818209,3.74912778965786,11.055127038558146,61.262898786954956,0,2026-08-25 06:31:50
2024-01-13 21:59:00,CNC-02,M,298.39063781704743,311.45778043980164,2689.1783705874986,17.18650780582843,184.80106727730075,3.7248565947529966,8.477825790332542,,0,2026-08-25 06:31:50
2024-01-13 07:54:00,CNC-03,H,296.2728300619417,311.02141514608036,1782.6692227624992,40.804628002679046,162.94088495261136,2.6547167189755654,13.67608589110791,61.673475337066115,0,2026-08-25 06:31:50
2024-01-13 00:38:47,CNC-02,M,298.42397280696684,309.75568525841464,2808.717984243057,12.967061066119228,47.59670710548502,3.3458552986262813,6.867861822891243,50.42896429758938,0,2026-08-25 06:31:50
2024-01-13 13:32:00,CNC-01,L,297.97213855748373,313.25280734002297,1429.2577296043671,52.886530461905224,206.06963798200042,2.993676072712054,14.135833968051685,51.88104313401295,0,2026-08-25 06:31:50
2024-01-13 15:15:00,CNC-03,H,304.2569034132305,312.74932584091874,1623.6975962705346,45.768228133888066,94.8377248472707,2.352196362852591,14.00809867447918,44.55751776702274,0,2026-08-25 06:31:50
2024-01-13 07:34:00,CNC-02,M,295.4300505200942,309.34840945646226,1748.4280502197605,37.56991817175691,93.659624198882,2.463922703688794,12.331855516434977,60.68869052958297,0,2026-08-25 06:31:50
2024-01-13 03:04:06,CNC-02,M,,36.97119243828547,2397.3038150648945,21.701667168358767,207.04673886995405,3.8249710318047723,9.66485639443476,57.532101630314,0,2026-08-25 06:31:50
2024-01-13 20:28:00,CNC-02,M,299.0385823863357,312.6207211766001,2314.7592060241664,26.139348046113092,81.75322173270145,2.9235654783710237,11.315915450629046,52.069689825553056,0,2026-08-25 06:31:50
2024-01-13 06:43:00,CNC-03,H,296.23571666256396,309.841233054409,2062.062565366082,31.69605208190076,62.34808589722138,2.6110879096762103,12.130743008933493,57.168917855929536,0,2026-08-25 06:31:50
2024-01-13 20:42:00,CNC-03,H,299.8162764738285,312.3287928430871,2412.5710888711405,21.390245850243467,24.42975741011088,3.0049681538346635,9.580831443727394,47.24005141439357,0,2026-08-25 06:31:50
2024-01-13 09:29:00,CNC-01,L,296.48978108321705,310.02014289695694,1344.876766021118,46.32430647954125,31.981061016383048,1.9146421901953639,11.702805354543509,57.78504287447629,0,2026-08-25 06:31:50
2024-01-13 20:06:00,CNC-02,M,298.85847516911906,311.9392227671331,2467.9858240766603,22.150634236706676,55.70050165491992,3.079835714779174,10.321358636553088,52.988783170975665,0,2026-08-25 06:31:50
2024-01-13 15:34:00,CNC-01,L,299.15558049367706,313.7278253137649,1651.7560043825472,43.71362040368468,151.06222727713416,2.651654271512817,13.470694656987186,52.86563707204394,0,2026-08-25 06:31:50
2024-01-13 06:11:00,CNC-01,L,296.15748224376955,311.7424458775171,1978.5786713798636,42.30662457119608,217.67743572755296,3.5936432741344198,15.532964303140673,56.27569759884268,0,2026-08-25 06:31:50
2024-01-13 02:29:00,CNC-02,M,23.846497963399543,0.0,2502.4572394816737,21.05935691765957,167.83357655804681,3.480787690810111,10.25272874390798,56.59091028729855,0,2026-08-25 06:31:50
2024-01-13 08:36:00,CNC-02,M,295.613695040808,310.82219214937953,1627.805884506592,47.28859958602524,184.69118960805648,2.7187765596677065,14.350239214112685,55.10327814495663,0,2026-08-25 06:31:50
2024-01-13 10:30:00,CNC-01,L,296.62631343108774,311.2255853469102,1542.6451012601958,46.34380468599253,127.25037400312317,2.429155225697513,13.732674565150573,60.500008858163575,0,2026-08-25 06:31:50
2024-01-13 19:06:00,CNC-02,M,298.8507594752671,313.53207487668544,2113.196058952621,32.72323182239211,199.67677611966153,3.319967878197485,13.167444621373033,57.89891916941344,0,2026-08-25 06:31:50
2024-01-13 19:41:00,CNC-03,H,300.37596649418725,314.4778862102497,2200.019000435003,30.442677950774048,186.9733823840245,3.1708905157754588,12.533511557982274,53.387470335754884,0,2026-08-25 06:31:50
2024-01-13 04:25:00,CNC-02,M,295.92325103421615,309.50355485520066,2308.4981853609756,26.583344826829634,85.89780956925136,2.9138475688106595,,59.8616384767006,0,2026-08-25 06:31:50
2024-01-13 08:26:00,CNC-01,L,296.3648610659123,310.62961486642035,1571.8783827601214,43.424750339955686,170.33358835500368,2.659345911663218,12.744957810915064,57.87269562000692,0,2026-08-25 06:31:50
2024-01-13 00:14:00,CNC-02,M,298.69586001477694,310.05754096380014,2741.7875147296268,14.136649376993951,22.362648838522386,3.338467388483965,7.443386422093416,54.60899658189444,0,2026-08-25 06:31:50
2024-01-13 10:02:00,CNC-02,M,295.73514550117693,309.91925466527186,1382.298859573353,49.9392689297871,80.43723021877666,2.053889133124891,12.73082529727561,58.626807315874544,0,2026-08-25 06:31:50
2024-01-13 05:32:00,CNC-03,H,296.36964522130904,310.499831015074,2023.849071715172,33.64440365058266,184.9605147627301,2.987540783420732,12.782461460771247,59.17531992521919,0,2026-08-25 06:31:50
2024-01-13 18:37:56,CNC-01,L,300.2567771288463,315.50854086250854,2127.7746391259666,37.27215984204495,198.31177787443556,3.4916112192223268,14.760969750571697,53.00248376635923,0,2026-08-25 06:31:50
2024-01-13 22:51:00,CNC-01,L,299.9727004116494,312.5713029841843,,19.054982900933073,86.95102189982633,3.293779792331056,9.37324140229063,54.80492231189519,0,2026-08-25 06:31:50
2024-01-13 09:26:47,CNC-02,M,295.7079117053013,309.4437747862364,1500.687927509679,45.11420902338221,26.12539847702868,2.097859088457081,12.832795103519949,62.45296104440411,0,2026-08-25 06:31:50
2024-01-13 00:17:00,CNC-01,L,298.82694131260155,311.1977564476344,2647.799190767195,18.587360875069667,43.22676545225011,3.2268389759369684,9.361716896221525,52.26886870821458,0,2026-08-25 06:31:50
2024-01-13 07:45:00,CNC-01,L,296.07316993983363,310.00245078112073,1728.618979036717,40.70948406836189,109.96179601684072,2.4756928136609173,13.014018522529271,59.569230564691885,0,2026-08-25 06:31:50
2024-01-13 03:54:00,CNC-03,H,297.2390390701157,310.4394480963578,2205.9206376663365,26.892566404390596,62.987125766215506,2.7372839103966378,11.085715635367936,55.25842500523154,0,2026-08-25 06:31:50
2024-01-13 04:38:00,CNC-03,H,296.46240731371137,310.0910647157264,2322.4755305039284,27.115118556918397,116.60924824981649,2.9086566615020506,11.926765231349378,60.233431487861886,0,2026-08-25 06:31:50
2024-01-13 11:05:00,CNC-02,M,295.67619749618564,310.24091597395415,1317.1609252336305,53.31527811798509,180.18048569796724,2.437521962041641,12.973792229272895,60.03554973776295,0,2026-08-25 06:31:50
2024-01-13 11:37:00,CNC-01,L,297.35140940326056,311.6815652304309,1428.0987696154054,51.91273134466051,23.868736572298047,2.0474899962362874,14.088216349906181,51.772101879499594,0,2026-08-25 06:31:50
2024-01-13 22:28:00,CNC-01,L,300.0821018026108,312.5798103680538,2644.4794008773615,17.317063736361163,62.20598539290119,3.239309840247054,8.512928839186417,50.64819403123092,0,2026-08-25 06:31:50
2024-01-13 20:50:00,CNC-02,M,298.77975795219714,312.463882444876,2487.1482627459513,23.19494981136732,107.56699324992597,110.11433735774885,10.796477243122826,,0,2026-08-25 06:31:50
2024-01-13 15:20:00,CNC-02,M,298.11681780235966,312.81347776521756,1624.2900279762896,45.0913595869973,126.11821811286029,2.3831227818410117,13.920124958528945,55.014759869427856,0,2026-08-25 06:31:50
2024-01-13 16:50:00,CNC-03,H,26.1480541204009,42.03745751952886,1917.6177262159213,44.67315934370159,233.78352585996697,3.3727934775474457,15.950190483854591,53.77028350110231,0,2026-08-25 06:31:50
2024-01-13 02:57:00,CNC-03,H,24.26457337353935,38.606851593026136,2312.9842763148617,28.74638723612139,232.46728789777225,124.76833098724111,12.502367395453406,52.074802545377004,0,2026-08-25 06:31:50
2024-01-13 13:52:00,CNC-02,M,297.32632038890404,312.31864030565686,1392.2478254937653,52.67095237456802,228.17323012729915,2.9492619463087233,13.77691103085525,58.21778449027101,1,2026-08-25 06:31:50
2024-01-13 02:47:00,CNC-01,L,24.094910066173043,38.26833983911439,2542.247436859267,25.688294822646863,206.38528828624135,3.9662297683005536,12.31990316946812,54.98848380366699,0,2026-08-25 06:31:50
2024-01-13 01:26:00,CNC-03,H,298.0906435018735,310.41407924311227,2717.59466980694,15.38705312303166,131.6352639196379,3.4325928468448432,8.002796576015076,52.74729298864655,0,2026-08-25 06:31:50
2024-01-13 14:34:00,CNC-03,H,298.66639943188517,313.0790821781805,1706.6133433043542,,32.340387078246664,2.353374564547561,14.59218473446133,54.12778886605398,0,2026-08-25 06:31:50
2024-01-13 20:21:00,CNC-02,M,298.93459756542126,312.0659634918428,2459.550568751231,22.96399527846606,73.48005222642075,3.05022641979326,10.466239430175154,55.11838667193293,0,2026-08-25 06:31:50
2024-01-13 05:53:00,CNC-02,M,295.6473786229533,310.54111603330915,1989.421718269202,36.53228781463558,197.75544707615376,3.2819639204689373,13.764392651568304,55.681203470122,0,2026-08-25 06:31:50
2024-01-13 21:56:00,CNC-03,H,299.5168416000382,311.86731018442634,2647.4092571631513,16.08322891285479,107.24108996902818,3.3422136545049823,8.038993414802697,50.915221201492585,0,2026-08-25 06:31:50
2024-01-13 13:59:00,CNC-01,L,298.4676542376364,312.81332314206463,,49.09195997975831,6.191634917651142,2.2367674404772813,14.34730565140424,53.45971382379795,0,2026-08-25 06:31:50
2024-01-13 00:25:00,CNC-03,H,298.7744671971037,310.4550232489716,2676.2289145414284,15.848037626073436,66.73140198225448,3.1641071511496444,7.705470093677871,53.44824780656145,0,2026-08-25 06:31:50
2024-01-13 00:14:00,CNC-01,L,299.1107695562793,311.28731817454565,2505.0672702579677,20.175751532350514,40.0075290855252,3.0350677696553454,9.530253223822813,54.27209099536539,0,2026-08-25 06:31:50
2024-01-13 22:34:00,CNC-01,L,300.2597434991503,313.533924101479,2591.8503498576843,22.529074005562578,68.71008835790428,3.156571293386979,10.829718420986131,48.68416197149197,0,2026-08-25 06:31:50
2024-01-13 02:28:00,CNC-02,M,23.724694181141558,36.83823191658928,2548.2018859700806,20.77548282279694,166.7060961471626,3.56481125693143,10.109817497005315,53.75450608413768,0,2026-08-25 06:31:50
2024-01-13 09:27:00,CNC-03,H,296.56624542122586,310.8109589138684,1568.7196467305755,48.26037020948819,29.03917983746636,2.270383867458748,14.308033491090077,53.9404370780939,0,2026-08-25 06:31:50
2024-01-13 12:07:00,CNC-02,M,296.02872682283373,310.0389682983571,1398.406432473772,50.22107775238976,61.87530486011944,2.1769962608422153,13.300408125528755,62.53879457954466,0,2026-08-25 06:31:50
2024-01-13 13:07:00,CNC-02,M,296.93779410753285,311.22208388229535,1341.7325794479127,49.21876949290377,157.11437234110193,2.4274726042678325,12.538757026386016,54.253654415173344,0,2026-08-25 06:31:50
2024-01-13 23:35:36,CNC-03,H,298.83769802705183,312.06828485826964,2777.663947644105,18.222892475513646,214.16805513697187,3.9500746798573485,9.662757144872298,52.18565108405589,0,2026-08-25 06:31:50
2024-01-13 22:54:00,CNC-02,M,297.98721314744023,308.96550811408576,2765.513992523005,9.795805468305446,9.521938637807727,3.2724324845032022,5.099822403892293,53.75719516172626,1,2026-08-25 06:31:50
2024-01-13 13:24:00,CNC-01,L,297.90236507829025,312.5571084434662,1357.7553999854601,52.57486543796387,193.44494911638307,2.6713871407234975,13.315855761220684,63.03275486813044,0,2026-08-25 06:31:50
2024-01-13 04:55:00,CNC-03,H,296.4131387639153,310.7406796401251,2371.6125581307774,29.676547907761513,137.78071526842933,3.0636249559110356,13.06709189070316,58.55344522894556,0,2026-08-25 06:31:50
2024-01-13 20:08:00,CNC-02,M,298.9187745296233,312.50746261039006,2353.6255282692205,26.985699447808713,58.07237411466186,3.0079257083405517,12.251430372385196,51.7648208192054,0,2026-08-25 06:31:50
2024-01-13 11:42:53,CNC-03,H,296.72525559829467,310.32777471675445,1413.0479500358101,47.857456513775915,4.7531564478436215,2.113578965419204,12.605028080072259,61.241009117418436,0,2026-08-25 06:31:50
2024-01-13 16:55:00,CNC-01,L,299.8802636484452,314.1668237408675,1816.1690946274637,40.76555704144147,61.11034451865851,2.455478983837841,,52.569775621924066,0,2026-08-25 06:31:50
2024-01-13 01:51:00,CNC-02,M,297.81096860325357,310.3402702431961,2517.618385859131,17.91848269437138,125.97954289297235,31.836673729560783,8.541443673233138,57.79987536208759,0,2026-08-25 06:31:50
2024-01-13 19:47:00,CNC-01,L,300.38139568610086,313.4807229070402,2395.756831458158,25.19909487170791,74.35636617029478,29.706463769595615,11.396500927831106,47.18054483553777,0,2026-08-25 06:31:50
2024-01-13 03:22:00,CNC-03,H,297.45931905353837,310.530327015462,2420.7265893622,23.49966593270574,25.364186705692827,3.0087970084464697,10.845860948070415,56.95450391826306,0,2026-08-25 06:31:50
2024-01-13 06:32:00,CNC-03,H,296.6101984831045,310.56121528789544,2241.959200806349,31.912871724540594,47.055833488797525,,13.082992560056043,59.32076063337657,0,2026-08-25 06:31:50
2024-01-13 19:29:03,CNC-03,H,299.83625859221854,314.1425491376539,2312.3821174198774,29.567181806947012,170.96768279801157,3.1600806709310074,12.73612516919878,53.006231223217014,0,2026-08-25 06:31:50
2024-01-13 22:06:00,CNC-03,H,299.4620966701125,312.461229900112,2626.224933637575,21.084849754804903,118.29560820475629,3.289459748491071,10.509252661537229,52.14679993364705,0,2026-08-25 06:31:50
2024-01-13 14:07:00,CNC-02,M,297.21290851665043,311.3365413893571,1513.9090567968321,46.15712988276377,14.144293576216372,2.1952045440088304,13.003533744301611,59.01845611923797,0,2026-08-25 06:31:50
2024-01-13 09:35:00,CNC-03,H,296.1596502107852,310.83061663377435,1562.6179206804936,49.13861964595502,41.14284097105927,2.269371060778397,14.405262803052514,56.570664548057174,0,2026-08-25 06:31:50
2024-01-13 03:27:00,CNC-02,M,296.5461004975516,309.13816393753774,2655.696128757098,19.86871708113289,17.140140574330115,31.42040449287735,9.965680104402182,56.183523439602276,0,2026-08-25 06:31:50
2024-01-13 16:11:00,CNC-02,M,25.330667943156584,40.84274527322822,1767.6186226667426,45.51227697369991,201.205935125168,3.050908437243675,14.830003953573847,57.42052327843688,0,2026-08-25 06:31:50
2024-01-13 12:00:00,CNC-01,L,297.44728174570815,311.39292712224176,1320.947401820689,51.67421006474225,60.402748978935776,2.019148312314348,12.851131180715399,53.886403399030385,0,2026-08-25 06:31:50
2024-01-13 07:33:00,CNC-02,M,295.31683342938925,309.788701903802,1772.5983538931907,42.07027245871795,92.22018169927819,2.450397516165978,13.873631258006238,61.66561351299143,0,2026-08-25 06:31:50
2024-01-13 04:36:00,CNC-02,M,295.93789509208574,309.2655242541445,2219.780589628814,26.801615720584547,99.28841958281276,2.8485081319065864,10.880772055727357,58.254947427056884,0,2026-08-25 06:31:50
2024-01-13 10:20:00,CNC-02,M,295.4415633685303,309.87231299910513,1452.1409095281342,48.0355187893208,108.70539058205239,2.217796872762047,13.029596717914105,62.88365172535903,0,2026-08-25 06:31:50
2024-01-13 11:47:00,CNC-01,L,297.505934121255,310.9511102137022,1348.3782300684163,49.04224789455847,39.77810560708794,1.9952826592612551,12.19793302852632,52.659539443054044,0,2026-08-25 06:31:50
2024-01-13 07:35:00,CNC-02,M,295.4403690638543,310.19471301480905,1791.2002468032056,41.349937134235276,95.0781887828835,2.333861259235098,14.01161263290094,60.557701502002786,0,2026-08-25 06:31:50
2024-01-13 20:47:00,CNC-03,H,300.04370407503035,311.89538592100496,2406.704877106907,17.476911112437303,30.085727677065734,2.980622007769879,7.971472003038134,55.13589601991664,0,2026-08-25 06:31:50
2024-01-13 22:18:00,CNC-03,H,299.66866025885844,312.8039322824923,2647.4314010496087,21.128076698981744,131.514426582564,3.3486457617670218,10.328666235924356,54.69752360389874,0,2026-08-25 06:31:50
2024-01-13 00:40:00,CNC-03,H,298.7703578160846,310.942112668625,2697.6251215647467,16.176205865375504,82.65439099704092,3.217032095884535,8.121060411559695,52.9192488145608,0,2026-08-25 06:31:50
2024-01-13 10:03:00,CNC-01,L,296.6351983917709,310.6735809739603,1481.7027440495126,48.5710884750267,84.827038269507,2.2153518550100952,13.665005175122356,61.966458076762805,0,2026-08-25 06:31:50
2024-01-13 20:25:00,CNC-01,L,300.41463980267207,314.1871400714056,2418.8825355188774,26.437024409822016,119.50864530088934,3.099466568485279,11.735949745242813,45.2397424481175,0,2026-08-25 06:31:50
2024-01-13 09:31:55,CNC-02,M,295.5586458054384,310.216088206621,1636.8071345968408,48.011714179896636,32.320650930468545,2.1654646695320046,14.845563895067455,58.9228309346681,0,2026-08-25 06:31:50
2024-01-13 21:44:00,CNC-02,M,298.86803466615254,312.37985889565437,2515.877364229982,22.0413909194206,168.26919046317133,3.370838055479715,10.190389314831792,54.14638815910941,0,2026-08-25 06:31:50
2024-01-13 18:12:00,CNC-01,L,299.9954578691861,314.181534718562,2109.585691611519,33.14350744570005,165.59458586761372,3.1256451634515563,12.785971015563055,49.504907718744185,0,2026-08-25 06:31:50
2024-01-13 08:38:00,CNC-03,H,296.40664018765307,311.5907705761703,1602.6174887299187,47.12551481503357,228.0207206516028,,14.477457485893042,54.99932625405915,0,2026-08-25 06:31:50
2024-01-13 16:54:54,CNC-01,L,299.77910136659676,313.21876229901983,1916.1063721907537,33.66149769197109,59.7043243567448,2.520190042380206,11.99358331131593,51.405509858992744,0,2026-08-25 06:31:50
2024-01-13 15:58:00,CNC-02,M,25.36053435973247,40.082625007418244,1671.9025418613824,42.303894604677275,182.21554956433792,2.672761692192071,13.333666469959862,53.17366076336365,0,2026-08-25 06:31:50
2024-01-13 13:26:00,CNC-02,M,296.7926357524367,311.8295275985585,1393.6119695335012,54.07279055139257,187.07982103182565,2.469224824252501,13.983192391995589,57.90636084552967,0,2026-08-25 06:31:50
2024-01-13 13:19:00,CNC-01,L,297.6602876519095,312.7330900376712,1548.0832959298336,50.29838693657209,185.52937533256718,2.759801950669937,14.432772598429299,52.62083922550886,0,2026-08-25 06:31:50
2024-01-13 19:58:00,CNC-02,M,299.05777314940065,313.13089728643985,2285.979215651241,30.024882079542504,46.27211024970344,2.8851325407064166,12.59716674151102,50.99063738917834,0,2026-08-25 06:31:50
2024-01-13 05:22:00,CNC-01,L,296.33025776025374,310.35974955569725,2113.647099778143,31.578071920894253,153.34842346091884,2.9731449010238564,12.5272002433465,60.04089336339087,0,2026-08-25 06:31:50
2024-01-13 19:37:00,CNC-02,M,299.0543440564186,312.4136897974968,2261.010625634184,26.821623813666104,20.77581135972534,2.894770924324245,11.46497524358582,55.219287819994115,0,2026-08-25 06:31:50
2024-01-13 03:10:00,CNC-03,H,24.441195517344056,37.0452213250162,2483.6653913575824,21.116331815508094,11.339340235817492,3.0281214073893334,10.076450928247544,53.92617366592342,0,2026-08-25 06:31:50
2024-01-13 18:51:00,CNC-01,L,300.44701942657844,313.62512545496224,2180.8116908914417,28.168090587374003,5.156648174137718,2.6769021045504395,11.433335398754055,47.63269100845795,0,2026-08-25 06:31:50
2024-01-13 17:47:00,CNC-03,H,300.22420418751784,314.1364677309492,2047.275252603689,33.55612695118775,41.17922044463651,2.593741174138683,12.902855323374492,55.841822597459135,0,2026-08-25 06:31:50
2024-01-13 05:54:00,CNC-02,M,295.20497631770274,309.761615594674,1979.9364491052797,35.279783297458756,199.0858514221153,3.2157425226237466,13.082315516831352,62.616421121279096,0,2026-08-25 06:31:50
2024-01-13 13:56:00,CNC-01,L,298.61792341553564,312.40014268460834,1549.4025235254967,46.997586215669386,1.544525127998698,2.0778850080535043,13.371912194016431,53.88300648381546,0,2026-08-25 06:31:50
2024-01-13 21:48:00,CNC-02,M,298.6068945031563,312.0882889276664,2578.1629634075516,21.062883485436863,172.66355685717605,3.5552410806264416,10.262412809514268,56.25403489127914,0,2026-08-25 06:31:50
2024-01-13 23:00:00,CNC-03,H,299.1682914285134,311.4201232698664,2658.078046924193,16.140361898390005,176.8023818850135,3.455881023882927,7.962054169348127,49.86213072429878,0,2026-08-25 06:31:50
2024-01-13 20:02:00,CNC-01,L,300.4820806167914,313.8607323713539,2450.1624351194555,24.08655664352086,92.34751445853149,3.079892177199243,10.892552664216664,54.27399965139704,0,2026-08-25 06:31:50
2024-01-13 21:02:00,CNC-02,M,298.77588203181057,311.15126329243395,2465.224182287888,16.326984191725817,121.20237255866668,3.1670577476012385,7.525890919407997,54.47852210524767,0,2026-08-25 06:31:50
2024-01-13 22:32:00,CNC-01,L,300.09576246011653,311.42520244757986,2746.8065596398587,12.635813961355593,66.48759687719419,3.233638701846105,6.432534069264973,49.22930455401412,0,2026-08-25 06:31:50
2024-01-13 01:01:00,CNC-01,L,304.05912267650746,310.15866722631756,2754.2701122722115,15.850518225183519,90.02828158810969,3.3917940883927944,7.713434569246473,42.52345315209847,0,2026-08-25 06:31:50
2024-01-13 04:07:00,CNC-01,L,296.57332953353267,309.6433238194226,2274.9723193409313,25.78112827696003,59.7888793597241,2.8661094257709108,11.116899861762702,56.036086032285866,0,2026-08-25 06:31:50
2024-01-13 17:11:00,CNC-01,L,299.608661745216,313.73142825646624,1855.362371364895,37.6121425028838,83.51776856266152,2.5616434160019828,13.138920988449621,50.74822458558632,0,2026-08-25 06:31:50
2024-01-13 04:31:00,CNC-01,L,296.39258815534606,310.05330895934077,2375.566233931309,28.017084219458116,89.05026138436267,3.0600389378556425,12.416012665394636,61.51029669488511,0,2026-08-25 06:31:50
2024-01-13 23:10:00,CNC-01,L,299.79572374602657,311.679857525021,2774.422438428446,14.668857825053854,107.28122028505577,3.3146857592751866,7.586457501781231,53.38238366597485,0,2026-08-25 06:31:50
2024-01-13 11:28:00,CNC-02,M,296.1299917221324,309.6249234838534,1335.66731296841,48.283491186177116,0.0,1.9954902864358115,11.914756896706237,57.080590625938804,0,2026-08-25 06:31:50
2024-01-13 09:23:00,CNC-01,L,296.452729708312,310.2589716045122,1644.3465797284057,42.88160157139171,22.866569772792218,22.174234416451505,13.225730702625981,55.83561504013835,0,2026-08-25 06:31:50
2024-01-13 00:27:00,CNC-01,L,298.64800396990717,311.3119422350401,2659.446088873074,19.906358408623934,53.9524359282336,3.17170464851682,9.962791889964814,53.861792735768226,0,2026-08-25 06:31:50
2024-01-13 07:20:00,CNC-02,M,295.36502691380304,309.3886781156296,1656.820054701019,40.88878696700683,73.57028255152427,2.2642977280448773,12.958988645685407,60.46067779826716,0,2026-08-25 06:31:50
2024-01-13 11:02:00,CNC-02,M,295.7682100690023,310.91440696954675,1372.2298508007955,55.741875107807374,175.38048569796726,2.4638588304852234,14.305451533286265,60.381938579780986,0,2026-08-25 06:31:50
2024-01-13 09:54:00,CNC-02,M,295.3193819229988,309.49030991361116,1415.123245705384,47.975384249402325,67.84260008075259,2.1493792254776394,12.472829049214345,61.68905866022608,0,2026-08-25 06:31:50
2024-01-13 05:26:00,CNC-02,M,295.5613996320025,309.9943327814085,2065.289953240008,34.116829502258064,162.09026741038298,2.9475748362670164,13.198336017436985,59.335065834247814,0,2026-08-25 06:31:50
2024-01-13 17:45:00,CNC-02,M,304.0349347490569,313.1651293491584,1899.5389983526352,41.39418686361913,94.46892067854282,2.5889508578478297,14.781509416120834,45.77111877949771,0,2026-08-25 06:31:50
2024-01-13 14:06:00,CNC-02,M,297.5592095801028,311.2254578427734,1512.301529290562,43.793992515721875,12.581866658093645,2.163831060564551,12.45789218664689,50.25972643769291,0,2026-08-25 06:31:50
2024-01-13 11:31:00,CNC-01,L,297.1185299381582,311.41379096589986,1445.3312043132794,53.07306585589362,14.316705204320131,2.0139734994409033,14.540425814462436,55.38284601669476,0,2026-08-25 06:31:50
2024-01-13 07:19:00,CNC-03,H,296.1705176011163,310.37628350398484,1833.9090126386577,39.477885599176886,112.7737933579523,2.517452243646029,13.548527654588923,59.458137250587804,0,2026-08-25 06:31:50
2024-01-13 05:07:00,CNC-02,M,295.7795797186988,310.0189476495411,2073.2242064232046,33.403066119499236,137.80479910634915,2.951181358322611,12.816607122621711,53.94610539796394,0,2026-08-25 06:31:50
2024-01-13 11:41:00,CNC-03,H,296.90597009058786,310.8873209183922,1399.2871609232243,54.139826206667884,3.2,1.9978581067940058,14.047267689474221,59.02023823924451,0,2026-08-25 06:31:50
2024-01-13 19:44:00,CNC-03,H,299.96550470248195,313.53498175643676,2368.99126873994,24.11251297928304,190.59191977026686,33.35980101293393,10.7330213776067,52.96502656550881,0,2026-08-25 06:31:50
2024-01-13 03:03:00,CNC-01,L,24.038703542277517,37.51844959430218,2553.153958529777,21.315947676462418,224.52632188455422,4.250012092125818,10.392109867742867,55.12989871566404,0,2026-08-25 06:31:50
2024-01-13 20:20:00,CNC-03,H,300.07973161233264,,2336.7602615107394,28.885672737044978,233.71888265055844,3.8236834835035203,12.571046043205397,47.254591239287095,0,2026-08-25 06:31:50
2024-01-13 04:00:00,CNC-03,H,296.7492812721283,310.3730082711745,2464.2593393408274,27.248615764658293,70.1794569352138,2.999912019815211,12.389714507370725,54.199087923691216,0,2026-08-25 06:31:50
2024-01-13 09:48:00,CNC-02,M,295.30994380821505,309.8873090034344,1457.7891747227275,50.86937884993385,58.63904432075636,2.081798369711816,13.938713062067402,63.25905161003444,0,2026-08-25 06:31:50
2024-01-13 16:39:00,CNC-03,H,26.12546284865033,40.953086048106854,1719.6913596755242,42.37128426220943,218.38612767356742,3.108339294915912,13.84839246225106,52.52812336092465,0,2026-08-25 06:31:50
2024-01-13 23:22:00,CNC-01,L,299.8487181762083,311.9425931813276,2644.144139023745,15.570699830621994,120.13020333200974,3.347987144445975,7.681309863101599,51.18371646582628,0,2026-08-25 06:31:50
2024-01-13 20:27:00,CNC-03,H,300.01799356507877,312.561805223437,2451.4914361092856,21.961170029674612,6.985574419486012,2.959128176327748,10.168155504650782,51.209096194110906,0,2026-08-25 06:31:50
2024-01-13 10:46:00,CNC-03,H,296.78284903214126,311.59255964547276,1383.3583704421026,54.63373084742671,152.6885474286901,2.3294738648833477,14.055798174927176,57.30337483491792,0,2026-08-25 06:31:50
2024-01-13 18:59:00,CNC-03,H,299.98195857623716,313.22294817379316,2405.055404910367,23.949819716004395,134.8705367280196,3.1149927002054385,10.750311219315137,50.22734898387955,0,2026-08-25 06:31:50
2024-01-13 07:56:00,CNC-02,M,295.18809464378415,309.2631716769005,1609.0361226219857,41.10090868103091,125.47954515782938,2.4119533133310562,12.395588094550304,57.17414813449907,0,2026-08-25 06:31:50
2024-01-13 02:18:00,CNC-02,M,24.201414922581137,36.6386617868622,2501.414304797736,18.334845419173543,155.66579412314104,3.3505415242533343,8.440637028157873,59.64366506788975,0,2026-08-25 06:31:50
2024-01-13 07:39:00,CNC-03,H,,311.16185098272547,1815.1004438219331,43.62008433564641,141.26093257577918,2.602593873386177,15.045968153817151,57.62714722503507,0,2026-08-25 06:31:50
2024-01-13 04:44:00,CNC-01,L,296.3872469843767,310.94283115813687,2302.5892005511796,33.43711670863283,105.13421309528421,2.897290075557546,14.737516886886652,58.54093618099106,0,2026-08-25 06:31:50
2024-01-13 08:40:00,CNC-03,H,296.0037429136531,311.064610316614,1542.1710759529476,49.85294033560116,231.01612943771903,3.060276676102862,14.332899747653986,56.528661838954164,0,2026-08-25 06:31:50
2024-01-13 23:14:00,CNC-01,L,299.91782467864857,311.15609537412115,2746.7275472659408,11.366410855396012,111.52320089699762,3.2918078275041855,5.797530788398912,55.333816914227135,1,2026-08-25 06:31:50
2024-01-13 18:57:00,CNC-01,L,300.58644100954433,313.0920821135048,2219.7519442416065,25.561450240312467,12.637642212672791,2.715852549745171,10.768649282515435,50.8047547895037,0,2026-08-25 06:31:50
2024-01-13 17:03:00,CNC-02,M,298.6620254204102,313.1411235243236,1875.7183387861453,39.56266362543295,36.83314918092365,2.509405074824085,13.882887724210638,53.676235746064236,0,2026-08-25 06:31:50
2024-01-13 03:26:00,CNC-01,L,297.0513679228719,310.84029809570933,2463.963694725778,27.21178058125226,11.632611406000638,2.938452787384811,12.590362492742749,56.34349244026834,0,2026-08-25 06:31:50
2024-01-13 16:58:33,CNC-02,M,298.6534712322799,312.84170529699776,1844.4698948738237,39.222095949814886,31.17080518098507,2.3971363034715236,13.483082837683094,51.22449396909366,0,2026-08-25 06:31:50
2024-01-13 15:35:00,CNC-01,L,299.21811696518125,313.7875679219034,1459.5357318292338,48.49291074124317,152.59569890902347,2.4766010834656873,13.360432636829787,53.04130655667961,0,2026-08-25 06:31:50
2024-01-13 04:13:00,CNC-01,L,296.6005049451057,309.1736069098187,2246.7404600224895,21.955587521623794,67.0675980928881,2.7977366525444993,9.347662284532502,0.0,0,2026-08-25 06:31:50
2024-01-13 04:52:00,CNC-02,M,296.00158688112805,309.88808658538187,2177.3755613670724,30.22770128396889,119.0115801587709,2.824517227468588,12.367345498664186,54.05422843610188,0,2026-08-25 06:31:50
2024-01-13 18:20:00,CNC-03,H,300.1265797193781,314.47387066456866,2018.1313652577437,36.526396807549915,84.93405188520228,2.6265530318787915,13.744570358079647,52.867708258071374,0,2026-08-25 06:31:50
2024-01-13 07:27:00,CNC-03,H,295.97222523898387,310.2909272525296,1703.8511765498026,43.49737546262438,124.09194890779759,24.47150463759731,13.821045046941816,58.93285855027455,0,2026-08-25 06:31:50
2024-01-13 07:59:00,CNC-01,L,296.23494954345585,310.8103204176428,1707.2987404919502,44.02302481923732,130.21722212259152,2.575398298710223,13.970702468882632,54.21971817647143,0,2026-08-25 06:31:50
2024-01-13 13:21:00,CNC-03,H,297.7675213675847,312.2632406168271,1323.8953372946523,52.98877278243079,161.63673539819789,2.2579890767641877,13.551997254036383,57.031354075991125,0,2026-08-25 06:31:50
2024-01-13 08:02:00,CNC-01,L,296.3904202506429,311.0845031130176,1777.0217612115196,43.34849355870882,134.60217942081815,2.7222106035237066,14.58658049948004,60.222319271696826,0,2026-08-25 06:31:50
2024-01-13 12:28:45,CNC-01,L,297.6758763137337,,1392.8580893822718,,108.06517666199669,2.1699393876312976,13.784994435656548,59.20454926528876,0,2026-08-25 06:31:50
2024-01-13 21:46:00,CNC-02,M,298.5348414671114,312.424036277697,2523.799255402949,22.914585047572203,170.47628427617371,3.5097566162150393,10.687454877452186,52.25358388636373,0,2026-08-25 06:31:50
2024-01-13 03:45:00,CNC-03,H,297.41773324821617,311.05973786062634,2345.1731494295846,28.268105371916317,52.193402710665104,29.21649171327023,12.291853709969134,54.83774956384305,0,2026-08-25 06:31:50
2024-01-13 22:36:00,CNC-03,H,299.23773815501437,312.2147435744914,2588.7004580089924,19.21539728088623,151.0987502393191,3.39631464709369,9.01061098657736,49.68671366158737,0,2026-08-25 06:31:50
2024-01-13 02:42:00,CNC-03,H,24.773219606848556,38.26012181256755,2655.8802723686467,20.75246023376236,215.2349572409888,3.767070284207886,10.506272008473537,58.51029211338614,0,2026-08-25 06:31:50
2024-01-13 10:23:00,CNC-02,M,295.28302569212525,309.76380183712786,1351.6815439183817,52.59117251788215,113.44933470245434,2.1864651289342767,13.408298536624335,57.440646641618635,0,2026-08-25 06:31:50
2024-01-13 16:08:00,CNC-03,H,31.48987148403205,40.93803054328623,1746.3635168578596,47.68611085763351,173.55109325283738,2.7794288443818242,15.53751626762276,43.51873902989504,0,2026-08-25 06:31:50
2024-01-13 04:27:00,CNC-03,H,296.71941523988596,310.1112005114484,2315.179768897584,25.974515044266663,102.99668132521344,28.86824225820016,11.010456192934763,58.41862571812729,0,2026-08-25 06:31:50
2024-01-13 05:13:00,CNC-02,M,295.7381776874629,309.62625285195287,2210.1097173665557,28.865552484614476,145.48089521475498,2.9912889855828757,11.880092267449225,53.916692035162384,0,2026-08-25 06:31:50
2024-01-13 08:22:00,CNC-01,L,296.4979266289413,311.07389400122366,1749.0121517426737,42.51467278751799,164.32572697166995,2.7318090672144355,13.838085139667982,61.20761822095421,0,2026-08-25 06:31:50
2024-01-13 20:19:00,CNC-01,L,300.4130487454342,314.52205388536123,2430.780343974455,28.280417715345795,112.49984453181781,3.1399922766975084,13.19898872585616,,0,2026-08-25 06:31:50
2024-01-13 19:27:00,CNC-01,L,300.4400447109471,313.30984235957004,2219.0913659057383,25.519169300319383,49.959755957452536,2.8270214392913546,10.49578379797624,52.49605143270692,0,2026-08-25 06:31:50
2024-01-13 05:23:00,CNC-02,M,295.8055102652246,309.5632626692924,2089.3876161813178,29.267373470952244,158.16569791312378,3.0104793100817737,11.461255962974757,58.36289505292437,0,2026-08-25 06:31:50
2024-01-13 10:40:00,CNC-03,H,296.35968522034767,310.6589302714707,1427.410157045626,49.21056532326818,143.14636403238993,2.2705539714336984,13.257218569270938,57.139642013143764,0,2026-08-25 06:31:50
2024-01-13 15:20:00,CNC-03,H,304.36512460815214,312.886452152404,1509.595282452981,48.13067957196332,102.36185041778086,2.2567489237112106,13.683524025758077,48.16010623481362,0,2026-08-25 06:31:50
2024-01-13 00:53:00,CNC-01,L,304.0582017759829,310.1047069989955,2742.0637181146744,15.315941680666253,81.430148000878,3.290468312297591,7.786387166583953,44.72757205422235,0,2026-08-25 06:31:50
2024-01-13 12:51:53,CNC-03,H,297.4313540450268,311.46238897417527,1366.0137227531377,50.00991729078952,115.75264216179015,2.0435893088562884,12.963449150160432,58.28704784979188,0,2026-08-25 06:31:50
2024-01-13 11:25:00,CNC-02,M,296.10322355961756,310.84642789118783,1309.4121485576213,53.94482005453685,211.9047597772793,2.812809529674347,13.332892053332696,55.803944451883275,0,2026-08-25 06:31:50
2024-01-13 14:02:00,CNC-03,H,298.03455784415803,313.02520757431734,1364.379126103008,56.8082736698361,226.10385031576965,2.7992786947310213,14.572513066868407,53.521029445218346,0,2026-08-25 06:31:50
2024-01-13 09:24:00,CNC-01,L,296.53536850284684,310.23646644736374,1620.2679108925938,41.877438570561246,24.367255267403902,2.270425392584156,12.891534578598653,59.84032188863172,0,2026-08-25 06:31:50
2024-01-13 22:25:00,CNC-02,M,297.97110867457417,311.10091204519307,2724.4427798433344,17.39833878252303,212.97095409262968,4.0908641147538685,8.729232388951239,,0,2026-08-25 06:31:50
2024-01-13 05:03:00,CNC-03,H,296.4336215717687,309.98317063224596,2185.969199369961,27.298702010616328,147.79698120806415,2.929325434921408,11.186798747946028,55.527826515094375,0,2026-08-25 06:31:50
2024-01-13 16:49:00,CNC-01,L,26.376382768399253,40.11395918282568,1867.8793176537056,35.55267627226212,52.68539940469139,2.467097657032414,12.469780515419812,51.768227001272955,0,2026-08-25 06:31:50
2024-01-13 11:00:00,CNC-01,L,296.9703554634471,311.7144813592218,1354.3025923630375,54.839699263280544,174.67304435395883,2.436351333322496,14.077683293385263,56.2869915777621,0,2026-08-25 06:31:50
2024-01-13 21:23:03,CNC-02,M,298.95513968030076,311.7246957703124,2613.7824844051893,17.71755841838525,143.73018772201152,3.479602289932571,8.5363343097355,53.9988370944948,0,2026-08-25 06:31:50
2024-01-13 01:57:00,CNC-01,L,303.28429663488697,310.26085391478034,2679.9455295223675,20.474761267146583,150.88391544990284,3.5070691739706525,10.181820329507978,44.192072389646164,0,2026-08-25 06:31:50
2024-01-13 18:30:00,CNC-03,H,299.98568646956943,313.4603855441597,2041.8706916108056,30.60195178105463,97.92875882806462,2.6662892845413975,11.513476658153786,49.09862022873413,0,2026-08-25 06:31:50
2024-01-13 04:35:00,CNC-03,H,296.6466311466718,310.29807674641995,2255.1758095325426,28.586184443427662,112.85193192198403,2.922795144962593,11.838867059024267,57.757908362598315,0,2026-08-25 06:31:50
2024-01-13 01:54:00,CNC-03,H,298.3660665512,311.372789068396,2721.3478546223764,17.79155440155686,161.9919335695727,3.6058477250378496,9.259242029447067,56.889056217005056,0,2026-08-25 06:31:50
2024-01-13 01:53:00,CNC-03,H,298.26614895408454,310.7093419639198,2737.2551490311985,16.10694680471118,160.93176925338904,3.590874077207597,8.498401801105711,62.91682404284079,0,2026-08-25 06:31:50
2024-01-13 10:20:00,CNC-01,L,296.55349008224835,311.43146529279636,1476.5959295559708,53.17069145664985,111.54955352936821,2.310156558806583,14.652237999759413,58.752048647971996,0,2026-08-25 06:31:50
2024-01-13 04:58:00,CNC-03,H,296.4865852864095,310.6248858545939,2225.300270754377,29.45957997630984,141.51596851062556,2.996430681773463,12.195994408702258,56.67236164341382,0,2026-08-25 06:31:50
2024-01-13 06:38:00,CNC-01,L,296.2609620328774,309.70616242464337,1897.772076131604,34.55765883494687,14.885921957702658,2.5045091753013007,12.642848868039465,57.05933584586773,0,2026-08-25 06:31:50
2024-01-13 03:49:00,CNC-01,L,,309.6527559198658,2315.290778522919,25.10188799234228,38.55550653229793,2.8840557711236054,10.76713510747331,62.53117200572482,0,2026-08-25 06:31:50
2024-01-13 14:59:00,CNC-02,M,298.04443060487006,312.5556988281673,1579.7883282180235,46.346430249523756,94.26032935295014,2.363079061761418,13.800085932639254,58.315008446687614,0,2026-08-25 06:31:50
2024-01-13 15:11:00,CNC-01,L,299.06995104593113,313.32103505947515,1646.5261833633017,43.62029654212992,116.63931662601254,2.4920449375662943,13.564514742216279,51.74116138484085,0,2026-08-25 06:31:50
2024-01-13 04:07:00,CNC-02,M,296.0956702918627,308.8004167630982,2322.4390972509023,21.56195353820426,64.1613376277323,2.8367250440549547,9.49458979815747,61.824005741812485,0,2026-08-25 06:31:50
2024-01-13 10:53:00,CNC-02,M,295.6200465589108,310.0390009830797,1349.2536424791924,52.278626084943646,161.05557774194693,2.395031319771618,13.420866760247828,59.62253999549853,0,2026-08-25 06:31:50
2024-01-13 02:31:00,CNC-03,H,24.859354830225982,38.600921618267705,2456.1081679044446,24.739042846448058,203.01590663534068,3.53873984169126,11.192817071803526,52.0915869727939,0,2026-08-25 06:31:50
2024-01-13 19:18:00,CNC-01,L,300.1192006395911,313.01888610515834,2377.351310567798,22.935047305835244,38.772565419184744,2.947157670834914,10.032877955600732,54.1822319531214,0,2026-08-25 06:31:50
2024-01-13 07:47:00,CNC-03,H,295.7932393224111,310.10170686628555,1696.4462397558764,40.301652245136346,152.81970183123371,2.619207398076005,12.918840715387159,56.170937322876654,0,2026-08-25 06:31:50
2024-01-13 17:06:00,CNC-03,H,299.5572227907781,314.98418428664763,1977.8731210236929,,256.2185452965812,3.7356749108700558,15.129245273632016,52.77683840368107,0,2026-08-25 06:31:50
2024-01-13 23:48:00,CNC-02,M,297.463599911451,310.38283272949565,2671.7976694208187,18.302636328802812,66.99897886179993,3.290639179286813,9.13965019826487,53.84568331021809,0,2026-08-25 06:31:50
2024-01-13 02:29:00,CNC-03,H,24.807780361531854,38.86959910434257,2410.6532205604653,26.631921263434037,200.78065798621736,3.5734894250730664,12.137569471331368,59.338553739900625,0,2026-08-25 06:31:50
2024-01-13 23:06:00,CNC-01,L,299.98254259808243,311.46327711357264,2788.830731770621,12.392280061173755,103.06704879109715,3.435682327236127,6.594882644119326,54.67796208248305,0,2026-08-25 06:31:50
2024-01-13 10:33:00,CNC-02,M,295.6017841170565,310.0945359539325,1346.1429082301747,54.53169825005271,129.25080218749082,2.10633803786232,13.685791105722341,57.5703565320943,0,2026-08-25 06:31:50
2024-01-13 07:01:00,CNC-02,M,295.48133227233666,309.5045762784621,2000.9323730348124,35.113481656987126,46.78980680613198,2.5740164333827886,13.1725397368496,62.04882094456888,0,2026-08-25 06:31:50
2024-01-13 21:33:00,CNC-02,M,,311.60473376706346,2674.4293059702263,18.30091272454933,156.00740573570138,3.477620080527185,8.935901521999597,53.80318238065032,0,2026-08-25 06:31:50
2024-01-13 15:19:00,CNC-03,H,304.1761504675039,312.97603216065727,1676.117847698309,46.426752196558255,,2.4302421781657992,14.519914656707474,41.74383416959303,0,2026-08-25 06:31:50
2024-01-13 22:37:00,CNC-03,H,299.21094446353453,311.7699877730531,2573.675469316648,18.177784004699696,152.2084213012473,3.3746266385617703,8.669317299960202,52.30790064187155,0,2026-08-25 06:31:50
2024-01-13 01:47:00,CNC-01,L,303.6073810227978,310.8260841532965,2533.4745622667947,21.9930184420217,140.09881215120646,3.579181683904831,10.318074199419392,44.03888487197096,0,2026-08-25 06:31:50
2024-01-13 08:31:00,CNC-01,L,295.99557321019716,311.13370562163885,1580.434712094645,51.60388438389557,177.84203630823527,2.793725607351427,15.206604465296236,61.005661300323595,0,2026-08-25 06:31:50
2024-01-13 18:16:00,CNC-02,M,304.21669201019444,312.4773384221831,2197.3924339234336,29.31092825084982,135.55861296831398,2.9859525933548086,11.976964905796272,42.6684837188104,0,2026-08-25 06:31:50
2024-01-13 06:29:00,CNC-02,M,295.3885669587992,308.83341628520685,1840.2079191707878,35.93248337462133,2.7177175193873513,2.474709127929886,12.275365810921421,59.69922912134553,0,2026-08-25 06:31:50
2024-01-13 10:59:00,CNC-03,H,296.6108397278686,311.37741232178456,1562.8533519439654,48.727139767731046,173.19429542307708,25.177441041353518,14.424386815904445,54.265176402615275,0,2026-08-25 06:31:50
2024-01-13 01:55:00,CNC-01,L,303.31466507049277,309.13958762613817,2745.6028097851577,13.672205254752495,148.70260505168815,3.612364895501453,7.003186834912123,43.47618389130738,0,2026-08-25 06:31:50
2024-01-13 06:12:00,CNC-03,H,296.3468767981388,309.61589675648025,2160.082550844789,29.22429120509154,20.06734596046304,2.7449641136805942,12.10341767767039,61.275354604041716,0,2026-08-25 06:31:50
2024-01-13 16:14:00,CNC-03,H,25.960420460961586,40.35817988033415,1815.3916100132885,38.56605785142348,182.41056316920577,2.8981181618155896,13.379725622040716,53.41186780921048,0,2026-08-25 06:31:50
2024-01-13 03:25:00,CNC-03,H,297.44859114558295,310.8585169550087,2437.586297703987,25.222272013968762,28.782333870557817,3.0160171527073296,11.462537752652587,55.411503070290784,0,2026-08-25 06:31:50
2024-01-13 23:55:00,CNC-01,L,299.49836725066297,312.25924255536984,2635.3810035673264,18.329346408978584,155.24327728265538,3.6171909279190593,9.205416483881917,,0,2026-08-25 06:31:50
2024-01-13 10:24:00,CNC-02,M,295.5256767491562,310.7951398814865,1455.600466207127,54.0188736093084,115.02527630208007,2.268984688549501,14.562224022392734,61.22303677934482,0,2026-08-25 06:31:50
2024-01-13 18:59:00,CNC-01,L,300.5381031962678,313.6208481785825,2275.1280913503497,26.64339248781333,15.115724877201014,2.885345725615211,11.512510243104943,53.379557394565666,0,2026-08-25 06:31:50
2024-01-13 12:22:00,CNC-02,M,296.5490479691875,310.8457625129088,1308.835407328008,54.43711626909916,85.7855122543804,1.9617740441629714,13.409126957529136,57.401382843022695,0,2026-08-25 06:31:50
2024-01-13 04:59:00,CNC-02,M,296.0046682355224,310.16192496216007,2225.1883057271343,30.362480924698275,127.70931055385991,3.0060315351125997,12.683998608213905,59.25020881310741,0,2026-08-25 06:31:50
2024-01-13 11:37:00,CNC-02,M,295.5774877759137,309.44802419685055,1455.4846327859964,46.62337053639883,14.266276493530832,2.161460845801241,12.946582816576937,64.25267191548335,0,2026-08-25 06:31:50
2024-01-13 11:06:00,CNC-02,M,295.78563000433746,310.14414430693256,1382.0127883595155,49.99184774285921,181.7633459180976,2.5769179269807965,12.578397632208485,56.022675124358074,0,2026-08-25 06:31:50
2024-01-13 05:12:00,CNC-02,M,295.7805177813978,310.1063877805395,2110.3947911899413,32.452427692253224,144.22086575768645,2.886955618378426,12.724688103125915,57.69132668186746,0,2026-08-25 06:31:50
2024-01-13 06:54:00,CNC-03,H,295.8755724790305,309.5780930372218,2015.7884248160533,32.494426887787164,77.56731385898952,2.8237827851375026,12.28672223851739,57.18899903949523,0,2026-08-25 06:31:50
2024-01-13 04:31:00,CNC-03,H,296.71257953982325,309.44497593518577,2401.8501900256956,22.77567685480732,107.87708002035306,3.0726481169384994,10.229071863439076,55.54737533441501,0,2026-08-25 06:31:50
2024-01-13 08:35:00,CNC-01,L,296.3860796656337,310.41912809909553,1683.841910511608,39.60913268961173,183.8658528501106,2.970664313641622,12.353878188670553,52.8695772696197,0,2026-08-25 06:31:50
2024-01-13 18:09:50,CNC-02,M,304.3998854387795,313.1682944175759,1973.6261772853993,35.95912077348939,128.95630670000997,2.808552071154527,13.052237968389118,42.88668656731179,0,2026-08-25 06:31:50
2024-01-13 12:33:00,CNC-01,L,297.564728731687,311.7687719398749,1354.2304930263333,53.032023831087955,112.79292670881743,2.136955127186966,13.397698283881098,54.62371455231465,0,2026-08-25 06:31:50
2024-01-13 08:19:00,CNC-02,M,295.2973138586908,310.2513843667778,1689.7303563527673,44.49192673387785,159.4365921814094,2.733043037752127,13.979403980556242,60.12862275837458,0,2026-08-25 06:31:50
2024-01-13 11:45:00,CNC-01,L,297.27832928186035,311.46711890915674,1376.8980560851626,53.430820891612335,36.578105607087934,1.9902275721143612,13.90117019328739,54.08748034382085,0,2026-08-25 06:31:50
2024-01-13 16:54:00,CNC-02,M,298.34469987212776,312.0840307454334,1836.2025058116942,34.898966619636205,24.191473932328865,2.3864393822459484,11.988852624239545,56.68509810626026,0,2026-08-25 06:31:50
2024-01-13 23:05:00,CNC-01,L,299.6620360121609,311.73662758271763,2525.398899937505,16.55303124069549,102.01502982276946,3.098481670737288,7.911126298959582,57.5285588234839,0,2026-08-25 06:31:50
2024-01-13 08:45:00,CNC-03,H,296.0884408620366,311.93133216661016,1658.0549499567112,52.114086521817846,238.46111248195118,3.163397747836005,16.359681488140957,59.31690995389853,1,2026-08-25 06:31:50
2024-01-13 08:39:00,CNC-01,L,296.4441629899966,311.0284162527612,1637.7561378076252,43.24671828568675,189.87958019794908,2.9595288425327175,13.077286080581468,60.05278750009349,0,2026-08-25 06:31:50
2024-01-13 07:51:00,CNC-03,H,296.106573672358,310.9587625038142,1742.387267054223,43.81140160729749,158.58155449456152,2.6483732842918912,14.479750617967207,55.08368353812202,0,2026-08-25 06:31:50
2024-01-13 08:44:00,CNC-01,L,296.4471752601159,310.9738613473609,1456.4662693093132,48.402618967077615,197.35850962727184,2.790987787028478,13.138068902919962,61.17312599520238,0,2026-08-25 06:31:50
2024-01-13 22:47:00,CNC-01,L,300.2033111709279,312.06662202837714,2723.1742197643553,14.725340997180881,82.72748423084134,3.357041964933144,7.73081302931813,50.040228479395765,0,2026-08-25 06:31:50
2024-01-13 00:07:00,CNC-01,L,299.03597845185476,310.49529782996615,2718.41454903393,13.787340811243103,32.612610495071195,3.177084961605075,6.785972642627834,55.47679578115647,0,2026-08-25 06:31:50
2024-01-13 11:10:00,CNC-03,H,296.6169296782602,311.33210946850016,1402.2406439698718,53.24248097240605,190.57534183083953,2.486630087108275,13.785932317522745,60.21363234541497,0,2026-08-25 06:31:50
2024-01-13 19:17:00,CNC-02,M,298.7781658909155,313.5271905215913,2152.1021208454827,32.00228860935944,213.1957893530414,3.550440545106151,12.94927840672238,49.48691693364293,0,2026-08-25 06:31:50
2024-01-13 09:01:00,CNC-01,L,296.5238612603648,311.5056295699408,1524.2433825316616,49.540796059201206,223.33051694239109,31.837693435690102,13.97860375929328,61.5567284240327,1,2026-08-25 06:31:50
2024-01-13 06:15:55,CNC-02,M,295.66101987627405,310.4821164429229,1897.3778548308921,38.87493971114889,228.736402471381,3.3823228747219907,13.94535377392949,59.26829573894947,0,2026-08-25 06:31:50
2024-01-13 07:32:00,CNC-02,M,295.4166661910011,309.82584175568394,1695.6615588342759,42.243822712001716,90.77961684374664,2.2983845514314742,13.37119480969051,61.51892560796529,0,2026-08-25 06:31:50
2024-01-13 09:27:00,CNC-01,L,296.307116859099,310.0474066590197,1631.6331053049923,41.86775859903214,28.895629014824053,2.313795974945928,13.141422186383448,56.44811173364708,0,2026-08-25 06:31:50
2024-01-13 15:03:00,CNC-01,L,298.92473182153475,313.4165751359394,1610.6072683319155,44.40545215207961,104.64863450529822,2.3729439007007183,13.42379400749026,53.89547602921637,0,2026-08-25 06:31:50
2024-01-13 19:02:00,CNC-01,L,300.27781460190846,313.1507521976992,2289.228553462861,24.785716250404136,18.83913398235314,2.91817648142802,10.477356211055048,52.94694785428882,0,2026-08-25 06:31:50
2024-01-13 12:50:00,CNC-01,L,298.09622748121217,312.19772548497735,1281.5538053122561,53.38880685594181,139.72681122786767,2.3232417565228,12.982044849612757,55.703275499255724,0,2026-08-25 06:31:50
2024-01-13 15:46:00,CNC-01,L,298.8774896271608,313.9139099105751,1604.2938372787532,48.06682137922541,169.08232110381653,2.7821956526175793,14.553847330756305,54.21455189782661,0,2026-08-25 06:31:50
2024-01-13 03:32:00,CNC-01,L,296.9314881410964,309.8763073262798,2434.44417309427,23.867686955890655,,3.0203102717299286,10.679978910658205,57.69069574432139,0,2026-08-25 06:31:50
2024-01-13 08:57:00,CNC-03,H,296.46509895561053,312.1384483341448,,46.48113332499209,256.68518592400994,3.4964049892760687,15.713859779819344,60.46479579759799,0,2026-08-25 06:31:50
2024-01-13 23:27:00,CNC-02,M,297.600074523736,309.4254862863065,2865.9556933103545,12.383607671198655,44.48499881039327,3.5056966019063838,6.744526924353988,57.56432682234771,0,2026-08-25 06:31:50
2024-01-13 06:35:47,CNC-03,H,296.41710988691466,309.86336226907866,1941.3550618984036,33.911507499327655,52.4702154798403,2.5318484037310336,12.245965311165323,58.7426301079599,0,2026-08-25 06:31:50
2024-01-13 07:00:00,CNC-02,M,295.25810151829074,308.8697104893792,1930.1348980698413,33.512910549382916,45.43188000795686,2.5639784837162094,12.063518871949311,58.53168140720169,0,2026-08-25 06:31:50
2024-01-13 22:22:00,CNC-01,L,300.27755735695297,311.4258149861979,2636.169248958157,12.2009850737183,55.68117217875982,3.1746317672030946,5.980617444224395,48.76466623046463,1,2026-08-25 06:31:50
2024-01-13 21:32:00,CNC-03,H,299.3888609347176,312.2848830064962,2475.61437752802,21.811530011304814,80.73713918197679,3.000912733010236,10.289117146587701,52.24750087085479,0,2026-08-25 06:31:50
2024-01-13 03:51:00,CNC-02,M,296.4989568436249,308.9778987288552,2333.920337692353,22.12296104880888,45.16277540360152,2.904188154499973,9.715411774595074,61.498438185368336,0,2026-08-25 06:31:50
2024-01-13 22:24:00,CNC-02,M,298.04025643921284,311.6579522973783,2666.8113757637607,19.9663663461988,211.90498064754956,3.9244912321853285,9.911078011489192,57.63029016654572,0,2026-08-25 06:31:50
2024-01-13 18:18:00,CNC-03,H,300.07534518030917,314.1892841434789,1944.3096750851582,34.06945636736472,0.0,2.4756110907519036,12.13984515418184,49.27019065540521,0,2026-08-25 06:31:50
2024-01-13 21:47:00,CNC-01,L,300.29820856802775,311.378499215175,2578.26392125056,12.86246640457714,17.811978604676966,3.083148984973732,6.12957018489601,53.34829662558656,1,2026-08-25 06:31:50
2024-01-13 08:57:00,CNC-01,L,296.6240819175861,311.8873123902936,1532.10275714592,49.366227997151704,217.32256812596071,3.2386783580505445,14.161542227952708,58.58924135119436,0,2026-08-25 06:31:50
2024-01-13 14:36:00,CNC-02,M,297.7428560917854,311.4700327790647,1463.845671371149,44.36586425474963,58.87209426198568,2.1878357974871587,12.13691042930477,57.0051211435176,0,2026-08-25 06:31:50
2024-01-13 04:19:00,CNC-01,L,296.7578087529514,310.568476685538,2276.5117470535324,29.229187094008626,74.36828179780491,2.916179422718228,12.491853419488768,52.806550163677805,0,2026-08-25 06:31:50
2024-01-13 02:18:00,CNC-03,H,24.97066013990724,38.43385026987255,2652.6711479276123,20.256143693601377,188.3095449389136,3.6383930474282447,10.096742022143319,53.50384419433395,0,2026-08-25 06:31:50
2024-01-13 19:17:00,CNC-03,H,300.095522321425,314.7072959051413,2245.5566474012603,32.175364829454686,157.32474764466747,3.178361737623891,13.406797071464563,50.27703736182201,0,2026-08-25 06:31:50
2024-01-13 23:14:00,CNC-02,M,298.0127387217652,310.43993424805456,2720.2389073480063,17.70962811349948,30.854256350409464,3.19615782078663,9.096333722505719,59.16515721791944,0,2026-08-25 06:31:50
2024-01-13 04:14:00,CNC-01,L,296.8592807388366,310.2886834878301,2397.459936280374,26.16529421503541,68.29671105601398,3.0405267121743362,11.827321918696923,58.892000192013775,0,2026-08-25 06:31:50
2024-01-13 19:43:00,CNC-03,H,300.14221594080476,314.19770538985375,2337.3963894167728,27.024387267555,189.41261766713393,3.3325592034010403,12.032884982630659,47.434849896438536,0,2026-08-25 06:31:50
2024-01-13 11:57:00,CNC-02,M,296.1080743504669,310.1509078102082,1377.350748653869,50.784080601022815,45.99227324164837,1.8508934438026077,13.008008538264027,57.561932146287184,0,2026-08-25 06:31:50
2024-01-13 19:40:00,CNC-01,L,300.53027468554035,313.33639353435717,2341.5404656089404,21.857141446239048,65.7968828819396,2.9065844572493478,9.366577175686528,48.35244713914969,0,2026-08-25 06:31:50
2024-01-13 20:45:00,CNC-03,H,299.69106015635276,311.96118086796383,2704.4531253769965,16.667014678791485,27.832021741357508,3.1716937247912877,8.340398644813472,52.45650142331895,0,2026-08-25 06:31:50
2024-01-13 13:08:00,CNC-01,L,297.82354571623785,312.6499218697823,1413.5421391578009,54.97836703580536,168.23395374372396,2.419133480894287,14.44982941038122,56.01272664739336,0,2026-08-25 06:31:50
2024-01-13 01:02:00,CNC-03,H,298.91454857370684,310.819638303838,2655.266067782892,15.507395713729236,105.96010594163009,3.2025474164140717,7.596616608261983,51.670163203567924,0,2026-08-25 06:31:50
2024-01-13 23:23:00,CNC-02,M,297.7979582959038,310.4982233742105,2693.2615271004133,17.059207626359747,40.33799731336414,3.302387886805307,8.590577971218494,55.67898173205158,0,2026-08-25 06:31:50
2024-01-13 05:07:00,CNC-03,H,296.5700765011622,310.9549934266735,2158.8939971803675,32.583656762523916,152.90946866930506,3.00075482257438,13.16334495022685,57.89620673595368,0,2026-08-25 06:31:50
2024-01-13 18:39:00,CNC-01,L,300.47607675761566,315.7901317710568,2136.0645667350786,37.66290205809527,200.90510664698564,3.50731850936591,14.928412353889936,0.0,0,2026-08-25 06:31:50
2024-01-13 20:12:00,CNC-03,H,300.1039936209556,313.6566890920058,2513.2417353323976,21.88607904878385,224.21489740690345,3.7931061655610336,10.19231047727823,48.23868158697421,0,2026-08-25 06:31:50
2024-01-13 04:30:00,CNC-03,H,296.6932154138407,309.95599074129007,2471.6309491476063,23.141962404860433,106.68805673405464,3.059300259304257,10.866160048713086,61.60374694572011,0,2026-08-25 06:31:50
2024-01-13 23:42:00,CNC-03,H,298.83505717572484,311.7758552674447,2783.6311595315287,16.289784639679308,221.58041777635427,3.952684514257522,8.35989731373485,54.870528442306686,0,2026-08-25 06:31:50
2024-01-13 00:49:00,CNC-03,H,298.958370177716,311.1607318180699,2585.3917367905055,16.44002600884537,92.19441523178591,3.1471311836916884,8.014502320507134,60.584617905977616,0,2026-08-25 06:31:50
2024-01-13 19:38:00,CNC-02,M,298.94413707355375,312.3127627025742,2331.09718244457,25.985739983779528,21.978205566080497,2.8409967236703175,11.290035863205468,54.618227584867334,0,2026-08-25 06:31:50
2024-01-13 17:45:00,CNC-01,L,299.9731915996339,314.6772842137713,1942.989292645057,39.08683534873355,129.86827176785,2.8426713079527235,14.191344430150528,54.751408585886374,0,2026-08-25 06:31:50
2024-01-13 11:27:00,CNC-03,H,296.75314527692507,311.7470752987759,1378.2182979339036,53.78133035503422,217.6776786029977,2.882532438969097,14.251778966887462,57.12748196131816,0,2026-08-25 06:31:50
2024-01-13 02:36:00,CNC-02,M,23.67147797670566,37.12669804902998,2433.8550898429694,22.20329742408865,175.58639872677998,3.477280482464368,10.179838399574907,57.894241078253195,0,2026-08-25 06:31:50
2024-01-13 10:50:00,CNC-01,L,296.8429111009624,311.26547967441815,1403.6441371219646,49.497849887055125,158.8177061504451,2.378640293682947,13.153053950957258,56.579496828077176,0,2026-08-25 06:31:50
2024-01-13 19:23:00,CNC-02,M,298.8163050810011,311.7151372303348,2298.436369684726,24.286510561577874,3.6646965259981483,2.849556596459873,10.32039908960645,50.89522993701801,0,2026-08-25 06:31:50
2024-01-13 02:00:00,CNC-01,L,298.0264096356301,311.40872924898866,2652.392617334208,21.308917990423616,154.21128858870614,3.5563831690295644,10.578952368185975,56.67514223799495,0,2026-08-25 06:31:50
2024-01-13 01:35:00,CNC-01,L,303.6637708608584,310.9309195428798,2508.47559893703,22.832368347853247,126.99127135224386,3.2841936264341545,10.64725037904576,41.915860223231896,0,2026-08-25 06:31:50
2024-01-13 05:40:00,CNC-02,M,295.58701597833874,310.7038459780193,2047.8268709046392,36.888581499053096,180.43224553985445,3.157770477178854,14.299219926912828,60.42696948632944,0,2026-08-25 06:31:50
2024-01-13 10:10:00,CNC-03,H,296.3034779005676,310.73571820517816,1398.5539451432626,51.56339466387488,95.92262181173,2.1101899699261137,13.75064801642762,57.76013121995289,0,2026-08-25 06:31:50
2024-01-13 11:28:00,CNC-03,H,296.4884386134495,311.5024572457698,34765.679317919035,54.57760299572022,219.27311327242455,2.7689466225246915,14.000101790620917,55.80160987911303,0,2026-08-25 06:31:50
2024-01-13 06:31:00,CNC-02,M,295.33103760457203,309.3991004326602,1929.1145677352913,38.5152057013571,5.384090531150029,2.562041303134304,13.94639293800918,58.38296047231137,0,2026-08-25 06:31:50
2024-01-13 11:15:00,CNC-02,M,295.75908630162405,310.77589047588845,1400.4531145033266,52.74832062727425,196.03372689801716,26.152563485451637,13.720095991781829,60.38405532846849,0,2026-08-25 06:31:50
2024-01-13 04:54:48,CNC-02,M,295.6033532772717,309.3740475740981,2342.5027814420596,26.747968848352993,122.73172801646159,3.099119683955673,11.576593486211799,58.737547350781234,0,2026-08-25 06:31:50
2024-01-13 11:10:00,CNC-01,L,297.12328828856573,311.7880922803935,1443.6423152965017,50.19986152702643,190.49222709888235,2.8223736398739465,13.711813001608752,52.12330257734166,0,2026-08-25 06:31:50
2024-01-13 19:33:00,CNC-02,M,298.8020797982448,311.6925725297013,2349.057083486591,23.151603333124765,15.832519497163577,2.8075207924862298,10.07632657038438,56.35275590202298,0,2026-08-25 06:31:50
2024-01-13 00:48:00,CNC-02,M,298.1172761480949,309.8323026452466,2742.4793566385606,13.621955644111527,58.26612312798235,3.2569799103940733,7.137266734706683,56.203999009484924,0,2026-08-25 06:31:50
2024-01-13 07:54:00,CNC-01,L,296.3370904376183,,1874.7046211588815,0.0,123.01136124460447,2.575124700277584,14.670463465992542,55.501240031368276,0,2026-08-25 06:31:50
2024-01-13 06:06:00,CNC-01,L,296.35595941296145,311.25325018770326,1965.3342510779971,36.292618290764956,210.9483523290673,3.4830858246278265,13.312830141878484,60.72915455237994,0,2026-08-25 06:31:50
2024-01-13 18:56:00,CNC-02,M,298.79226914878046,313.27752711889946,2089.0001576777654,31.477741987875913,187.19521626601951,3.2794864076779175,12.044353192748645,54.914932409754826,0,2026-08-25 06:31:50
2024-01-13 05:15:00,CNC-01,L,296.3047411384652,310.8553279755775,1996.961747608719,34.17879172656583,144.20282602406112,2.8685408669379266,12.984702626447147,53.40602592108173,0,2026-08-25 06:31:50
2024-01-13 20:11:00,CNC-01,L,300.4090115365791,313.621420973394,2514.0651385867754,21.55179425444959,102.97828265409449,3.154977634139063,10.098710319249122,1797.8100215951308,0,2026-08-25 06:31:50
2024-01-13 11:09:00,CNC-02,M,295.58415779988934,310.38957537810234,1335.5988914637755,53.90123940707695,186.56334591809758,2.5617077604726686,13.645474737896677,61.6484721213186,0,2026-08-25 06:31:50
2024-01-13 11:50:00,CNC-03,H,296.9424138891127,310.2173561347229,1326.0727224326106,48.587394032132984,17.382366868409886,1.9384582461494853,12.320367353637492,52.55301293363516,0,2026-08-25 06:31:50
2024-01-13 16:51:00,CNC-03,H,26.42609619093389,41.69400776415341,1906.7623934574574,40.21536890479481,235.19479204252278,3.3164535840839537,14.02916829575151,50.52083501040337,0,2026-08-25 06:31:50
2024-01-13 13:50:00,CNC-03,H,298.64421567348126,313.249194740892,1398.810686638367,51.08656001715834,207.28269755464578,2.794072866568109,13.387905160124076,56.325344822960325,0,2026-08-25 06:31:50
2024-01-13 12:24:00,CNC-02,M,296.6455726100976,310.9517035734298,1320.6726001885634,52.708132407942884,88.96869053449852,2.0219831383088285,13.320663138197474,55.624440371598226,0,2026-08-25 06:31:50
2024-01-13 20:19:00,CNC-02,M,299.0283890552401,312.0195223053227,2297.1945661728705,23.052346385714802,71.2040956793738,2.9607299553021798,9.661441194981588,53.61055080625246,0,2026-08-25 06:31:50
2024-01-13 15:20:00,CNC-01,L,299.2418593996063,313.7380549044652,1692.0621752641364,43.65253880317956,130.14626653369044,2.48949619872833,13.873397005354649,53.453642089026005,0,2026-08-25 06:31:50
2024-01-13 13:14:00,CNC-03,H,297.8262170721091,312.5295700239808,1442.0658431738095,52.20022759361596,150.52276408734443,2.3485272537860276,13.968489684747095,55.028661765762244,0,2026-08-25 06:31:50
2024-01-13 16:21:00,CNC-01,L,26.229344826868385,40.25732030551103,1695.0667059168843,42.344194589909456,12.91878206463817,2.2898226531491104,13.503274281826249,51.44448700769853,0,2026-08-25 06:31:50
2024-01-13 20:08:00,CNC-01,L,300.2204932136353,312.5869323969602,2593.40360845122,17.69617299594887,99.46639865815924,3.299980161279647,8.596997310871847,49.682845499565126,0,2026-08-25 06:31:50
2024-01-13 20:52:10,CNC-01,L,300.2763009763991,313.855227179757,2364.936324026988,25.189207450066082,149.37142494542633,3.292172581570037,10.965903066259557,54.184361000930096,0,2026-08-25 06:31:50
2024-01-13 08:19:00,CNC-01,L,296.3936085886142,311.09034608656594,1554.9969760770086,47.30888173364281,159.83208055126988,2.6881361821914793,13.868199035737915,60.99060841234953,0,2026-08-25 06:31:50
2024-01-13 08:24:00,CNC-01,L,296.4628439982446,311.55843378873277,1662.7725439289206,46.043511532644494,167.32371570259807,2.7172693409246427,14.305621608480264,65.2743758852245,0,2026-08-25 06:31:50
2024-01-13 16:15:00,CNC-03,H,26.354575616448415,41.47586490941228,1694.526914509048,47.049097663588,183.86766259025316,2.800472495212711,14.522199185926425,50.90084101123879,0,2026-08-25 06:31:50
2024-01-13 18:56:00,CNC-03,H,299.97138356476904,314.0853502522697,2345.455520036605,28.39958849708719,131.13914164319613,2.9762866216643467,12.31502760654232,48.41910048771355,0,2026-08-25 06:31:50
2024-01-13 01:46:00,CNC-03,H,298.3455457539384,310.88106364382605,2640.2581943926875,17.76738498143071,153.34000775703905,3.371304990184839,8.61912930006763,51.92340180163643,0,2026-08-25 06:31:50
2024-01-13 03:12:00,CNC-01,L,297.17046790817824,310.9154334568369,2573.6545643348895,22.715339554742435,234.88026054830956,4.359129814153018,11.263812061658694,56.63820150353413,0,2026-08-25 06:31:50
2024-01-13 14:54:00,CNC-01,L,299.0882917645089,313.0290881841666,1538.6688286352066,44.14815920218886,90.94244150707138,2.3457504170519026,12.807764279016983,58.04648789553798,0,2026-08-25 06:31:50
2024-01-13 10:00:00,CNC-02,M,295.44595515240906,309.76982523180595,1420.0651298521761,51.59021611163034,77.26778153552777,2.1073299435961843,13.738944976602514,61.16842574641799,0,2026-08-25 06:31:50
2024-01-13 22:54:00,CNC-03,H,299.17752342858165,311.48200757062784,2782.8123137945136,15.082094231691542,170.50119962340233,3.66062566040973,7.811552266812702,54.02752911256483,0,2026-08-25 06:31:50
2024-01-13 17:03:00,CNC-01,L,299.60392928478524,313.4967601906033,1787.540485280216,38.08419125050089,72.27749000264966,2.469228912631017,12.854122863673124,51.781041405871825,0,2026-08-25 06:31:50
2024-01-13 01:19:00,CNC-02,M,297.7779142733028,308.8922685587081,2762.700736893837,10.867732998092189,91.47889653726544,3.4244683208785336,5.635160771983436,58.149927607582384,1,2026-08-25 06:31:50
2024-01-13 21:23:00,CNC-01,L,300.1830365898671,312.44592078071275,2520.543798577834,16.89337204739591,185.73317021959713,3.7712061214171912,7.883362092812249,52.493017209156015,0,2026-08-25 06:31:50
2024-01-13 06:37:00,CNC-01,L,296.02059312558254,309.6487230741721,2059.107106520717,32.752996700252424,13.513483746688719,2.6463777735567464,12.62675656654648,62.310943740747256,0,2026-08-25 06:31:50
2024-01-13 08:12:00,CNC-02,M,295.44622418233956,309.626271828244,1596.270234643621,42.39113434502999,149.04143526677777,2.4111253079049693,12.677916548727076,59.62641402258197,0,2026-08-25 06:31:50
2024-01-13 20:32:00,CNC-02,M,299.0149814720135,312.95567674771013,2277.2495643768166,28.639564539344704,86.59068572193925,2.8165907800677275,12.35228485000428,49.93569137709048,0,2026-08-25 06:31:50
2024-01-13 13:57:00,CNC-03,H,298.4095653155997,313.35633135114506,1395.0789889810424,54.83901202605626,218.21525253666857,2.7920474558044606,14.379547793441146,54.763481602828605,0,2026-08-25 06:31:50
2024-01-13 16:34:00,CNC-01,L,26.113382656943486,39.95848654882013,1754.4955326905865,41.324853012892305,31.536947037883536,2.3985023974916784,13.603873411544104,52.33172591275119,0,2026-08-25 06:31:50
2024-01-13 05:05:00,CNC-01,L,296.0288427234445,309.75512287441376,2210.785019823679,28.303626735246702,131.51323811904294,2.9920922026415706,11.77410540085565,57.815489671535175,0,2026-08-25 06:31:50
2024-01-13 12:36:00,CNC-01,L,297.98076303640556,,,55.5617367924618,117.5488226566141,2.3439620516040827,14.277842715210918,58.15883422335218,0,2026-08-25 06:31:50
2024-01-13 08:10:00,CNC-01,L,296.45558697488116,310.91940325553253,1732.028119836307,41.163277127299594,146.38917987034085,2.646225879536026,13.405283160530917,56.638384991535844,0,2026-08-25 06:31:50
2024-01-13 13:45:00,CNC-03,H,297.92993651380743,312.922989828006,1434.341308430662,53.11697348865362,199.37722525474467,2.5943245812269375,14.28328076786363,55.28552465059558,0,2026-08-25 06:31:50
2024-01-13 19:17:00,CNC-01,L,300.32616979095525,313.9512897453956,2349.3384855554255,28.697237514298024,37.594793270863484,2.8788416984421366,12.599834941853606,48.39988720107581,0,2026-08-25 06:31:50
2024-01-13 20:45:00,CNC-01,L,300.17150257241974,313.09600578823853,2494.5331026618132,20.97009624701503,142.48642438573555,0.0,9.671737182669522,49.50843148253972,0,2026-08-25 06:31:50
2024-01-13 23:58:00,CNC-01,L,299.602933957515,312.21899162463944,2714.7777189430085,17.24791248161819,158.38395832937533,3.5355544138777564,8.851017395120943,51.38907771248541,0,2026-08-25 06:31:50
2024-01-13 15:57:00,CNC-02,M,25.05100911271012,39.68298185785454,1451.7859985497776,45.895463060860486,180.7556333406993,2.535490300712824,12.384350755575028,0.0,0,2026-08-25 06:31:50
2024-01-13 12:52:00,CNC-02,M,296.7655667312468,311.18983693773424,1416.2263580616777,49.798546074824955,133.35607404094125,2.2680213918178302,13.021345899684766,59.066101703064334,0,2026-08-25 06:31:50
2024-01-13 22:50:39,CNC-01,L,299.7501648442528,311.8208976544631,2764.960995762171,15.116124186798091,85.87298276887678,3.34896828472686,7.5849076643064635,53.862898411765315,0,2026-08-25 06:31:50
2024-01-13 12:33:29,CNC-02,M,296.6625538333432,310.86519394980365,1357.2638018912858,50.62218509166902,103.20489189731946,20.597777664069866,12.722724910286988,55.289665998766914,0,2026-08-25 06:31:50
2024-01-13 07:56:00,CNC-01,L,296.5356655100993,311.0249620195385,1799.486620101455,41.85092910495808,125.87442240917606,2.542457823493381,14.012689229570698,55.99613797441696,0,2026-08-25 06:31:50
2024-01-13 23:58:01,CNC-03,H,298.6681489633302,312.18888077392535,2681.3421161212364,20.3426632532807,,4.164094723887343,9.960728574099251,56.04020619395299,0,2026-08-25 06:31:50
2024-01-13 11:03:00,CNC-01,L,296.9933598236875,311.88614353111217,1451.6484749933436,53.654841187226204,179.42516278530343,2.728960913840887,14.467801506627085,57.86747747952534,0,2026-08-25 06:31:50
2024-01-13 15:18:00,CNC-02,M,298.09804010316486,312.45610275152677,1571.604491726812,45.02893143946855,123.10424828982084,23.563522156523355,13.459569525623838,50.52103280905918,0,2026-08-25 06:31:50
2024-01-13 12:45:00,CNC-01,L,297.97549291046545,312.1884715658541,1277.5743157442312,52.80426138586326,131.86325539818534,77.17615584116481,12.71259565858359,49.60619579621156,0,2026-08-25 06:31:50
2024-01-13 18:17:00,CNC-02,M,304.15111237146806,312.5259797683569,2017.4047767469701,35.18803694498285,136.90154487908072,2.828480429851061,13.17011971348038,44.523602866036306,0,2026-08-25 06:31:50
2024-01-13 08:15:00,CNC-02,M,295.59952422950994,309.8500003413594,1601.0395052454355,41.86378151230507,153.50884829910513,2.497970524861139,12.606673177880662,58.7255445454263,0,2026-08-25 06:31:50
2024-01-13 18:19:00,CNC-01,L,299.83092738287826,314.15453238665293,2143.7948976624875,31.10999448024679,174.84809440902785,3.3097503068926546,12.564642083202296,50.71004944455946,0,2026-08-25 06:31:50
2024-01-13 19:21:00,CNC-02,M,298.95351998196827,312.28378774701116,2213.0615963294154,27.790142437294275,1.2368782777867753,2.7881147391012013,11.53232732933719,54.38264177527284,0,2026-08-25 06:31:50
2024-01-13 19:46:00,CNC-02,M,299.16509080878166,313.18092278974865,2283.758669552939,29.079973770147134,31.775144969362962,2.786228340530903,12.044326168990866,55.79156868097882,0,2026-08-25 06:31:50
2024-01-13 08:16:55,CNC-02,M,295.3230309019918,309.87924041471695,1593.8464508732586,45.698474429630366,156.50382304457426,2.528440713254206,13.329879364748429,60.134245184408186,0,2026-08-25 06:31:50
2024-01-13 21:42:00,CNC-03,H,299.518755472922,311.57800618336046,2650.3752932388065,16.276952171439135,91.87172631267964,3.253276020158326,7.714057663626753,53.44128770031884,0,2026-08-25 06:31:50
2024-01-13 02:21:00,CNC-01,L,24.799321688184875,37.84978182837676,2613.034331791262,19.742265386954397,177.28593741959781,3.686920409776454,9.617653603962832,56.93253397721097,0,2026-08-25 06:31:50
2024-01-13 00:53:00,CNC-03,H,298.84066368632705,311.16443029317605,2643.9091116240047,17.875582114670042,96.40841041973515,3.2723638595682774,8.848620378490978,52.92986101570048,0,2026-08-25 06:31:50
2024-01-13 13:23:00,CNC-01,L,297.96210778756284,312.7519162654082,1383.8697955290436,53.44850880961178,191.8551410436462,2.6949094565178555,13.777442152834716,54.84335730043305,0,2026-08-25 06:31:50
2024-01-13 11:33:00,CNC-01,L,297.6274250332124,311.2533212441521,1341.3534370962414,51.40608769240234,17.490943038265737,2.0097637882646784,12.996962010020232,55.780112414853996,0,2026-08-25 06:31:50
2024-01-13 07:05:00,CNC-01,L,296.3382823604636,310.1867447300949,1796.8483911102426,39.02876427261518,52.59394658687252,2.4329713941021662,13.199766180546476,52.19101175291291,0,2026-08-25 06:31:50
2024-01-13 02:19:00,CNC-02,M,24.188525875826826,37.49408397250522,2736.7765241995703,19.90080834605975,156.73666904774376,3.6528629235974632,10.212314081907753,55.86842328600562,0,2026-08-25 06:31:50
2024-01-13 13:46:00,CNC-01,L,298.25904523137086,313.6505259336897,1527.4425537112572,52.640969582630255,227.98758738395446,3.352630817276141,15.012019903661779,55.35589586002487,1,2026-08-25 06:31:50
2024-01-13 01:33:00,CNC-02,M,297.6604141457382,310.2636295770819,2535.8637720573456,19.395623519150945,106.51776254605561,3.069172616253722,9.015077614895842,54.85620310027016,0,2026-08-25 06:31:50
2024-01-13 09:43:00,CNC-02,M,295.5301865014776,310.1282883349401,1525.736635533506,49.41685218518104,50.89455604055406,2.228267860529206,13.837995485478876,55.91388748327371,0,2026-08-25 06:31:50
2024-01-13 01:34:00,CNC-01,L,303.38716584309856,310.52173880537987,2520.049710693295,21.487254393214506,125.87213261745094,3.2566584220990613,10.146244935343004,44.26595265187755,0,2026-08-25 06:31:50
2024-01-13 01:06:00,CNC-03,H,298.49040801850754,310.73291012521776,2570.7726468522915,17.521766479414218,110.32446637579474,3.1554947933232698,8.512039375266985,51.61537468219339,0,2026-08-25 06:31:50
2024-01-13 16:30:00,CNC-03,H,26.25022591404479,41.847358130434884,1797.8947738736986,46.23779967100947,205.58145895562097,3.0061423352223344,15.597115809080664,50.26472819493607,0,2026-08-25 06:31:50
2024-01-13 00:14:00,CNC-03,H,299.1335245595417,311.1605132154345,2746.7682495737167,15.643435225686593,54.83276275058453,3.212532964686459,8.067762985459444,55.934916087761906,0,2026-08-25 06:31:50
2024-01-13 06:53:00,CNC-02,M,295.8273956386409,309.743448919776,1859.4723504253955,37.24383437675945,,2.5112023243441763,12.811192099425817,57.01590074684776,0,2026-08-25 06:31:50
2024-01-13 13:25:47,CNC-02,M,297.1197964231602,312.27686424847207,1399.4405381150805,54.069789055455566,185.47982103182565,,14.475992431436124,55.09024262223597,0,2026-08-25 06:31:50
2024-01-13 14:54:00,CNC-02,M,297.72916460306044,311.457350796305,1489.7247570743586,42.72809552111998,86.60261738748653,2.1899378961072586,12.020959459659354,54.588809088975545,0,2026-08-25 06:31:50
2024-01-13 18:08:00,CNC-01,L,,314.0682054021943,2155.90465277061,30.379168969406972,160.31359040968496,3.1923893903733935,12.302343882059189,52.114486154499026,0,2026-08-25 06:31:50
2024-01-13 23:39:00,CNC-03,H,298.63215073629203,310.9979926972021,2808.4828916830947,14.778181060095449,218.38204094947608,3.9947250356337363,7.585671998290084,51.65036533985835,0,2026-08-25 06:31:50
2024-01-13 06:17:00,CNC-03,H,296.17049791226066,309.633209856168,2096.9630192364484,32.71399641057804,26.708670782603388,2.6142087166018193,12.992979261773035,58.83808999619135,0,2026-08-25 06:31:50
2024-01-13 02:34:00,CNC-01,L,24.730275482675893,37.626888634622844,2593.1821946937907,18.49834863173819,191.72104583583385,3.786870721456863,8.726139171151672,55.584745702664705,0,2026-08-25 06:31:50
2024-01-13 11:39:00,CNC-03,H,296.7806314683592,311.00481980886286,1486.9069322667763,51.33127800404976,0.0,2.123930899803498,13.890127326040195,57.815176420313904,0,2026-08-25 06:31:50
2024-01-13 10:56:00,CNC-01,L,297.2862021830215,311.5504565249629,1306.7201144566127,51.9293318927395,168.32072695716573,2.477236802940088,12.817262074748292,52.25217809137308,0,2026-08-25 06:31:50
2024-01-13 16:17:00,CNC-03,H,25.987967008607995,41.1146522850467,1688.1155249213148,47.474136647262384,,2.761440725855368,15.246679838807104,51.19056401966017,0,2026-08-25 06:31:50
2024-01-13 07:08:00,CNC-03,H,296.5134696300363,310.77492662329473,1809.4431809771186,39.41502069783354,97.19863633881242,2.5250645052404934,13.209615336952444,61.52376079814529,0,2026-08-25 06:31:50
2024-01-13 22:09:00,CNC-01,L,300.3211021437045,312.18908484065577,2615.0402280858457,16.01477324974683,41.68690157528241,3.1475585618143107,7.677062609028672,53.774235449020246,0,2026-08-25 06:31:50
2024-01-13 06:45:00,CNC-02,M,295.3417927506505,308.5453121328125,1874.9807183622572,32.41125169468182,24.523008341814595,2.4762267533059155,11.285469477121648,58.7842174499408,0,2026-08-25 06:31:50
2024-01-13 05:01:00,CNC-02,M,295.79125714560575,310.1268047100763,2302.379891918646,29.758188791382395,130.25690980707063,3.1127332466355524,12.879783238951054,59.817807998567815,0,2026-08-25 06:31:50
2024-01-13 10:59:00,CNC-01,L,296.7685696057409,311.21275174973994,1426.1538409446775,51.591665366510476,173.0794367517521,2.609417003855541,13.83609631013725,57.51238949744239,0,2026-08-25 06:31:50
2024-01-13 01:00:00,CNC-03,H,299.054917291203,311.60973438370377,2606.7205339790776,18.998618696656738,103.86508716212494,3.1245643479030494,9.588429741421857,50.06418397981079,0,2026-08-25 06:31:50
2024-01-13 01:58:00,CNC-01,L,298.0138264802054,311.37022786162817,2546.6370533272734,22.998759670306352,151.9875660079087,3.359767980874301,10.750434825418681,57.297238874394104,0,2026-08-25 06:31:50
2024-01-13 23:27:00,CNC-03,H,298.8064307200388,312.04780961661197,2797.28017358512,18.608909072077136,205.68884300564693,3.878139870618049,9.635687983441256,52.33976702917037,0,2026-08-25 06:31:50
2024-01-13 11:01:00,CNC-02,M,295.68425736316334,310.44565167622045,1354.0473246648246,53.968111055337,173.78048569796726,2.4085888778267552,13.685001267578818,58.87453924091561,0,2026-08-25 06:31:50
2024-01-13 23:37:00,CNC-01,L,299.88091421739864,311.3296168902377,2704.4794343960884,12.12039943771716,135.92535272822417,3.525535343358577,6.106267703032067,49.005318760814454,1,2026-08-25 06:31:50
2024-01-13 20:57:00,CNC-01,L,300.3880853271663,314.4071728743852,2458.1091185831788,26.250104335910862,156.2002306615443,3.3617502350220105,12.257363136064496,55.0282008642162,0,2026-08-25 06:31:50
2024-01-13 09:53:00,CNC-03,H,296.2213547582687,309.97577377216646,1483.1856794087369,45.239453814898496,69.04120484232644,2.2229130817710425,12.385566070155189,59.15190280833087,0,2026-08-25 06:31:50
2024-01-13 04:26:00,CNC-02,M,296.2701622802838,310.24529091038795,2199.8280749817177,30.679630906034138,87.14464666871875,2.827674747360655,12.727473678693165,60.63973185403133,0,2026-08-25 06:31:50
2024-01-13 00:24:00,CNC-01,L,298.540734374886,309.66841425357234,2743.7288075345855,12.27348890704323,50.693587496056,3.282030382391641,6.466634993350164,52.31396118210337,0,2026-08-25 06:31:50
2024-01-13 23:43:00,CNC-01,L,299.97397501898826,312.36650352816906,2746.195607100339,16.361627391686877,142.22125248307523,3.518115362095196,8.514394479015674,47.940749111166504,0,2026-08-25 06:31:50
2024-01-13 00:26:00,CNC-02,M,299.0171894083668,309.4984702061854,2832.330387480157,9.013931486058745,34.9467318811089,32.16657717353688,4.736950087779759,53.940246336397735,1,2026-08-25 06:31:50
2024-01-13 21:20:00,CNC-01,L,,313.91465496464303,2424.81064913637,25.82949028224382,182.4216000293204,3.513409029056102,11.865180589539559,44.58873123366955,0,2026-08-25 06:31:50
2024-01-13 11:05:00,CNC-01,L,297.05810086223255,311.9579148129871,1429.9205908013046,52.66437745191212,182.62006770538662,2.655192827708299,14.082700074673184,52.804027185912396,0,2026-08-25 06:31:50
2024-01-13 13:08:00,CNC-03,H,297.8375976585931,312.7758479355411,1426.007948347044,54.90244348068298,141.0657616609583,22.982643285997707,14.556232959528343,58.02694216312118,0,2026-08-25 06:31:50
2024-01-13 10:35:00,CNC-01,L,296.85765119536404,311.37690621642525,1395.1988313872325,53.1123200041681,135.1280310896802,2.226329188120779,13.802928225525008,59.60444848904021,0,2026-08-25 06:31:50
2024-01-13 10:13:00,CNC-03,H,296.1685821502302,310.36223296384355,1344.5855699530891,53.45702558700913,100.67554387321233,2.0198416710560534,13.426758314271254,59.02564499732266,0,2026-08-25 06:31:50
2024-01-13 05:55:00,CNC-01,L,296.5262366679852,310.9529368317942,1926.6607188487542,35.71375411006948,196.3136240928842,3.254831682270784,12.952120107648325,62.46371134739638,0,2026-08-25 06:31:50
2024-01-13 06:04:00,CNC-03,H,296.33567894810307,309.90054581765696,2079.973267882903,32.173576170796466,9.366028548316383,2.671491513667219,12.4740801551726,59.67470961545991,0,2026-08-25 06:31:50
2024-01-13 19:01:00,CNC-03,H,300.01305711851654,314.03659565364717,2179.1650450129223,29.808805337765342,137.40541695861043,2.9061577289937817,12.15830167225911,54.615628299811355,0,2026-08-25 06:31:50
2024-01-13 19:13:56,CNC-02,M,298.9869389563181,313.8017121949142,2336.323866637915,29.495515947829922,208.25307045078247,3.558268720241565,12.976294024469878,55.72035408370269,0,2026-08-25 06:31:50
2024-01-13 04:21:00,CNC-01,L,296.5566640124778,310.4862067489106,2148.20772716626,32.61886522213265,,2.742059694702597,13.275636147783423,59.84428547356712,0,2026-08-25 06:31:50
2024-01-13 22:59:00,CNC-02,M,297.86004542265965,310.2662918907318,2551.9697371725724,18.61164815748873,14.825822237162377,3.100529333838386,8.865509790985953,50.86486274768893,0,2026-08-25 06:31:50
2024-01-13 08:54:00,CNC-01,L,296.2825018092123,311.524897462199,1558.53833763734,48.95976865115192,212.703261768259,3.1439301825273036,14.268955853968176,58.02330551941002,0,2026-08-25 06:31:50
2024-01-13 11:01:00,CNC-03,H,296.5811732430649,311.71115807159333,1410.4331747088338,55.440960069654714,176.36570553794246,2.34925299787586,14.522134231914567,58.86592778258076,0,2026-08-25 06:31:50
2024-01-13 02:40:00,CNC-01,L,24.43417920878045,38.026375166188814,2503.4301199855176,23.82777944939771,198.46913736447263,3.8107533847900035,11.25488530135529,55.78696647182803,0,2026-08-25 06:31:50
2024-01-13 14:16:00,CNC-02,M,297.62206703992007,312.4419812240268,1580.2999273354412,49.71098888790641,28.10588882800224,2.2390404117355818,14.920185630236702,58.54046731373256,0,2026-08-25 06:31:50
2024-01-13 01:36:00,CNC-02,M,297.9892939685656,310.6365902469563,2695.599281644239,18.340649726096036,109.73337721883733,3.4089036904055456,9.149442637313294,51.75479391025912,0,2026-08-25 06:31:50
2024-01-13 12:38:00,CNC-02,M,296.7243585241456,310.99811062730134,1386.1102453597364,51.20711487398084,111.1305004341869,2.1940945089809856,13.160489783713835,55.40485348651585,0,2026-08-25 06:31:50
2024-01-13 23:41:00,CNC-03,H,299.02661962325544,311.95691655113495,2651.9580010446275,18.5702007165943,220.5354060900243,3.9092694122584817,9.203979890042351,49.26238950897776,0,2026-08-25 06:31:50
2024-01-13 14:03:00,CNC-01,L,298.5116420165091,312.58292457637106,1685.4198448293107,44.524831289342266,12.416134061025279,2.2348099996494004,13.839951308153477,54.78368954376968,0,2026-08-25 06:31:50
2024-01-13 05:56:00,CNC-02,M,295.48459637638416,309.6729190778742,2193.9120775019414,29.130258729316346,201.6752348205883,3.4731609165211954,12.085959690393462,55.147796712656294,0,2026-08-25 06:31:50
2024-01-13 22:10:00,CNC-03,H,299.3834749353604,312.37304044215136,2573.801679206464,21.010080261269877,122.80194476645843,3.359785860669844,9.780813164979943,51.76508032661283,0,2026-08-25 06:31:50
2024-01-13 08:31:00,CNC-02,M,295.2285290728861,310.84462167110445,1643.4556855019234,49.979231469666594,177.23744391884992,2.681152923868275,15.358177426922683,55.20896854015453,0,2026-08-25 06:31:50
2024-01-13 11:35:00,CNC-03,H,296.73196707644377,311.65392460500567,1343.3206611013431,53.511037146102254,230.4109881845365,2.781830752781818,13.107739666080018,58.34434821129087,0,2026-08-25 06:31:50
2024-01-13 02:21:00,CNC-03,H,24.814190943123265,38.320143056687016,2591.131326486805,22.25809862225587,191.67161268043026,3.6995506016476387,11.043326733299908,57.08106678488015,0,2026-08-25 06:31:50
2024-01-13 23:47:00,CNC-02,M,297.65711027692987,309.9720360741712,2639.5253388770943,16.560850925003713,65.93764939547904,3.1667825376498815,8.094321757225424,54.09053610273709,0,2026-08-25 06:31:50
2024-01-13 15:54:00,CNC-01,L,25.91762087257905,40.38677424964345,1723.424758624466,40.63483447219983,180.9036291799968,2.8086551332477288,13.08258358381244,49.90844634862146,0,2026-08-25 06:31:50
2024-01-13 00:26:00,CNC-01,L,298.5836933295549,310.40002975825576,2679.896609618871,15.56590306149732,52.8591039455441,3.214036272339453,7.784831681487769,57.913654987693086,0,2026-08-25 06:31:50
2024-01-13 02:52:53,CNC-01,L,24.143551098235378,37.62236834645688,2370.577449736489,24.4937331049181,214.3176055264593,3.9275101457180446,10.915727159196312,61.4323790686202,0,2026-08-25 06:31:50
2024-01-13 01:30:35,CNC-03,H,298.3556511386641,310.78518996695664,2465.502358485942,18.746123064361775,137.00501942952957,30.417687991386174,8.797841256422686,58.86028642202202,0,2026-08-25 06:31:50
2024-01-13 16:59:00,CNC-03,H,299.51077309388745,314.53569889553506,1833.86469350274,40.474098460828074,246.48632771246415,3.3334816817033444,14.280785010735155,52.66285222405744,0,2026-08-25 06:31:50
2024-01-13 16:22:00,CNC-01,L,26.074033711745074,39.31348579778921,1622.1625730088501,38.403339285804684,14.385326705453858,2.279292269699058,11.52435993562841,57.692135988847284,0,2026-08-25 06:31:50
2024-01-13 13:57:00,CNC-02,M,297.19234210140934,312.7614762899154,1385.8373441188194,55.41688814772685,236.04433415779752,3.0793727574586494,14.44171572149728,51.866412615278996,1,2026-08-25 06:31:50
2024-01-13 17:48:00,CNC-01,L,299.7628464143055,0.0,1965.7483673687498,37.40118901031259,133.87789230166788,2.732978744663751,13.750758359022448,53.12863784259877,0,2026-08-25 06:31:50
2024-01-13 01:11:00,CNC-01,L,303.88621527603533,309.9198142252394,2780.3592181064932,14.931372912018142,100.82375362288914,3.4114718196000315,7.853544243693859,43.43651614998663,0,2026-08-25 06:31:50
2024-01-13 05:40:00,CNC-01,L,296.1333266301017,310.50448098477483,2060.1379142120904,32.34316406296603,176.65663163890653,3.183248205969299,12.46994556835431,59.56922108296874,0,2026-08-25 06:31:50
2024-01-13 01:37:00,CNC-03,H,298.2287198052956,310.9523296710335,2665.139739093742,17.894556049678744,143.4571966165799,3.3826924234334843,8.777870369303592,57.24940964005564,0,2026-08-25 06:31:50
2024-01-13 14:00:00,CNC-01,L,298.6253114337214,312.2771734797423,1493.223517952974,45.354114484053724,7.731989653055163,2.153333248554363,12.582018245559379,55.82333945645946,0,2026-08-25 06:31:50
2024-01-13 15:17:00,CNC-01,L,298.8999067210897,313.5871523105223,1643.0050964767486,45.22713490487912,125.70991054562694,2.5299482270356424,13.94314363236155,54.2405701489211,0,2026-08-25 06:31:50
2024-01-13 05:52:00,CNC-01,L,296.2712367423177,311.4433406533482,2196.9556814540647,35.89722987728503,192.27942348867305,3.5093863911533343,14.554124761024909,58.58594160628822,0,2026-08-25 06:31:50
2024-01-13 16:52:00,CNC-01,L,26.56044002994048,41.067131351115506,1813.2270009325491,41.98891886227262,56.938462479643405,2.4830470729239322,14.102282157581781,52.07142560084368,0,2026-08-25 06:31:50
2024-01-13 03:28:00,CNC-01,L,297.03609567936866,309.8188855917604,2447.447745169097,22.636198131739736,13.963875006171202,,10.38573722654222,59.44115532404938,0,2026-08-25 06:31:50
2024-01-13 17:45:00,CNC-03,H,299.85815506501046,313.25419873388006,1974.2159619544277,31.415629060017544,38.467696971194044,2.4490581446892508,11.380028916245962,50.471791098561454,0,2026-08-25 06:31:50
2024-01-13 14:20:00,CNC-01,L,298.7908679003853,313.0878650877538,1538.1117503269156,50.17785435245254,38.70179148646884,2.2844116446546265,14.390503100528056,55.737666983865914,0,2026-08-25 06:31:50
2024-01-13 07:29:00,CNC-03,H,296.1914738659803,310.68833962439317,1635.9076879312643,43.30765299370382,126.99076101647069,23.567970929120573,13.00237314315294,57.94595709874764,0,2026-08-25 06:31:50
2024-01-13 22:36:00,CNC-02,M,297.93074449822444,311.84328658068256,2752.462336983292,19.648609646472735,224.80476297586569,4.186446832718235,9.850117489410282,61.958050808671736,0,2026-08-25 06:31:50
2024-01-13 03:22:00,CNC-01,L,297.0788450561309,309.6954605733596,2332.776239874609,23.395644654709614,6.960109371251628,2.9200158423798412,10.388543767866263,53.550539840232375,0,2026-08-25 06:31:50
2024-01-13 19:28:00,CNC-01,L,300.4498080030088,314.2684460097798,2364.302593206075,30.14372471521955,51.19483672687717,3.026602034696594,13.189350228354249,58.35304662219159,0,2026-08-25 06:31:50
2024-01-13 13:24:00,CNC-03,H,297.71414487086236,312.6314930002215,1609.5473531663804,49.12217214339444,166.34433489713334,2.591857518528427,15.214614947772962,56.46664693375624,0,2026-08-25 06:31:50
2024-01-13 02:20:00,CNC-01,L,24.651812912618823,37.698137659514316,2693.254892380238,19.141549507604104,176.15893287934693,3.7724270188328743,9.763539198395712,55.77903627056761,0,2026-08-25 06:31:50
2024-01-13 10:45:00,CNC-02,M,295.58444519892777,310.36585572919296,1364.1929972999128,53.72966331992085,148.30328332060242,2.233789052577201,13.739173302325218,58.116323536382346,0,2026-08-25 06:31:50
2024-01-13 21:46:00,CNC-03,H,299.52139954994834,312.1575788051304,2605.9485963387597,18.853099470237417,96.37924315641445,3.197382859323482,9.053660430521262,53.643595192773084,0,2026-08-25 06:31:50
2024-01-13 19:03:00,CNC-01,L,300.2222073323817,313.10261408397,2347.4861600257773,24.102380987601386,20.080049765435295,2.9885728013098447,10.823499776210745,50.963071536093985,0,2026-08-25 06:31:50
2024-01-13 23:19:00,CNC-01,L,299.7361182342904,312.33132897995193,2759.356883869905,17.725269882003893,116.94487523721035,3.458845537743682,9.196513481900356,47.39788676185216,0,2026-08-25 06:31:50
2024-01-13 23:08:00,CNC-03,H,299.04636660279425,311.81430822889297,2771.1063966737383,16.880008675138548,185.38538874162407,3.7656478820129453,8.839476713561455,50.36710716721561,0,2026-08-25 06:31:50
2024-01-13 09:39:00,CNC-01,L,296.2851933267517,310.15503655259783,1585.709447078521,42.12937530133275,47.35728827580731,2.2873401161474356,12.63845695821273,55.85058200221028,0,2026-08-25 06:31:50
2024-01-13 17:58:00,CNC-03,H,300.24809212547257,314.0577864017274,1864.9062701643454,36.54539099066873,55.91803118763798,2.4990678767645083,12.928222952770454,50.446068387491096,0,2026-08-25 06:31:50
2024-01-13 13:23:00,CNC-03,H,297.59244525386265,312.0760952448318,1306.864359159552,54.61517449605681,164.83673539819787,2.340978640661758,13.333216980957829,55.36408286433865,0,2026-08-25 06:31:50
2024-01-13 01:50:00,CNC-01,L,303.5547929894609,310.2725778736658,2656.7865811680776,18.06346417712701,143.36350783023835,3.516417800293446,9.082810260186015,46.78424136118175,0,2026-08-25 06:31:50
2024-01-13 21:10:00,CNC-01,L,300.3905452784222,313.1066021260634,2561.0353401310213,18.96117232146036,171.0713132523313,3.6079751296921105,8.925881565693107,47.281334839888196,0,2026-08-25 06:31:50
2024-01-13 14:10:00,CNC-03,H,297.96371016859877,313.0939535447014,1548.6871247687493,48.16860511605425,238.38437750364608,3.060405185241233,13.839035299592904,49.90613187211974,0,2026-08-25 06:31:50
2024-01-13 23:31:00,CNC-02,M,297.8641591293939,310.43658357496264,2682.559033881615,16.9445946721432,48.802507343288205,3.190842613563302,8.57940203590358,52.49030974232582,0,2026-08-25 06:31:50
2024-01-13 10:18:00,CNC-01,L,296.34377533177667,310.7382148390667,1457.0353713408679,51.06537527687256,108.39946512345516,2.2772196398097586,13.63921570882138,62.662577635748804,0,2026-08-25 06:31:50
2024-01-13 03:07:00,CNC-03,H,24.634983987996463,37.71381608031686,2418.7938925899753,24.882551815597836,7.9594440242341635,2.9977757280116184,11.226383801635313,54.74792268754042,0,2026-08-25 06:31:50
2024-01-13 00:55:00,CNC-01,L,303.94246567060486,310.55581870715065,2637.2349014285132,18.60261326082499,83.6259809077346,3.292814078372382,9.13594082948786,45.914279638827864,0,2026-08-25 06:31:50
2024-01-13 06:46:00,CNC-01,L,296.05167582493794,309.9055512468221,2050.438869120281,34.272173968163,25.960936231482865,2.679457029311439,13.316010428467173,59.13741856621302,0,2026-08-25 06:31:50
2024-01-13 16:38:00,CNC-02,M,25.22171269457914,38.9880384606447,1952.9512488241135,34.331996880039014,1.3730408254803057,2.567732580699925,12.480522671759012,55.26879723371129,0,2026-08-25 06:31:50
2024-01-13 13:40:00,CNC-02,M,297.03170655371554,312.0570713099101,1302.6965217765885,53.49716998854314,209.28147956856017,2.6747668282827437,13.026542145302255,61.32703007963229,0,2026-08-25 06:31:50
2024-01-13 05:14:00,CNC-01,L,296.2914995393084,309.83901171147374,2301.481247729639,25.24001676216125,142.88985231517142,3.2207690212062934,11.02313940127175,60.446854670833595,0,2026-08-25 06:31:50
2024-01-13 13:18:09,CNC-02,M,297.0947015158997,312.1506993165949,1351.9556316789603,55.18941586505041,174.4469758725724,2.5269764785352202,14.234153878494858,59.519184591218554,0,2026-08-25 06:31:50
2024-01-13 22:12:00,CNC-02,M,298.08689855014575,312.24876674104246,2639.3901643056097,21.868757550791496,198.9313914276034,3.7742487257942514,10.579696498411952,57.81593131129644,0,2026-08-25 06:31:50
2024-01-13 16:03:00,CNC-01,L,26.431745362506717,40.855993230173226,1714.3358543003292,40.15675862206489,194.02812840754018,2.971517735879322,12.840143524188143,54.57790354704577,0,2026-08-25 06:31:50
2024-01-13 13:49:00,CNC-01,L,298.44238914389535,313.50049777021593,1582.3605818917433,47.75776542976218,,3.433174128925312,13.894826120216646,53.822367263900496,1,2026-08-25 06:31:50
2024-01-13 22:03:00,CNC-02,M,298.21371514934833,312.49114223104056,2447.426241974528,25.95817103805727,189.22524200028258,3.588606162210413,11.641950044344183,57.04840803240522,0,2026-08-25 06:31:50
2024-01-13 03:56:00,CNC-01,L,296.75210673151696,309.2775926048609,2422.9819383210815,21.30089528044898,46.81113615904824,3.0742099793738045,9.868014840157025,54.55542576064361,0,2026-08-25 06:31:50
2024-01-13 23:23:00,CNC-03,H,299.07730216937523,312.76842207944003,2683.5556890534513,21.56862138267867,201.4797006182465,3.740058275657772,10.900809104680809,54.8616462378628,0,2026-08-25 06:31:50
2024-01-13 04:18:00,CNC-03,H,296.9295683640139,310.18539063780463,2428.6360586631154,24.026569031642186,91.99322689386847,3.0159851308858054,10.479054630790207,54.872835456569206,0,2026-08-25 06:31:50
2024-01-13 08:30:00,CNC-02,M,3402.294161775141,310.4944216743637,1681.9547129459545,45.164936366347135,175.73311370711082,2.8357991288278908,14.081788761904248,61.190509432449645,0,2026-08-25 06:31:50
2024-01-13 01:00:00,CNC-01,L,303.8850004911614,310.3087789396023,2703.2109630161854,18.07023774722552,88.99828158810969,3.2639013415402762,9.108450550557656,41.10073772462119,0,2026-08-25 06:31:50
2024-01-13 23:07:00,CNC-01,L,300.05671609545675,312.49236232955207,2666.2724190606327,18.005366549271145,104.12733195436404,3.3417795784280178,0.0,51.23954795319075,0,2026-08-25 06:31:50
2024-01-13 20:44:00,CNC-02,M,298.6262515162543,312.7012036539849,2367.267843477259,26.86445916993704,100.58171468748033,2.942628822804546,11.789752458384786,53.580857079918495,0,2026-08-25 06:31:50
2024-01-13 21:07:00,CNC-03,H,299.65068160422896,7481.57477380205,2510.2567211340065,18.327370847730762,52.68465966274002,3.048528824331961,8.617363880191936,52.70214128196357,0,2026-08-25 06:31:50
2024-01-13 15:59:00,CNC-01,L,25.824522433753202,41.158955585861804,1721.096096942525,45.93229144606046,188.2018717806033,2.983683480579085,14.906860631352902,53.08660488669722,0,2026-08-25 06:31:50
2024-01-13 20:37:00,CNC-03,H,299.593387453604,311.7118195689789,2540.4306792956145,18.54000852823169,18.625976292920082,3.066092821599316,8.946949786687686,52.83735283247239,0,2026-08-25 06:31:50
2024-01-13 23:32:00,CNC-01,L,299.51311357027566,311.7091815677902,2744.653216643416,14.658184081944633,130.68028517008293,3.447088743600236,7.454249571284484,53.40461274382136,0,2026-08-25 06:31:50
2024-01-13 23:42:00,CNC-02,M,297.4720991345134,309.61861764949396,2540.1138283184127,16.322787281057547,60.612575963899424,3.200745092221145,7.651741734477278,55.964708167221914,0,2026-08-25 06:31:50
2024-01-13 21:03:00,CNC-01,L,300.2051877142776,313.15520422374016,2365.047835211989,20.98133579693541,163.09050849105145,3.2566478156007594,9.421435537336702,47.85147068141667,0,2026-08-25 06:31:50
2024-01-13 22:39:00,CNC-01,L,300.1965743899331,312.5429803219969,2559.2964122707076,18.169934637588316,74.12382909977309,3.031876003429064,8.610489908246112,45.48741567222812,0,2026-08-25 06:31:50
2024-01-13 23:53:00,CNC-03,H,298.6546496138935,312.0523306999686,2630.835046256154,20.29269735911517,233.3771049713764,3.980369237041304,9.878172591813208,54.24686321648723,0,2026-08-25 06:31:50
2024-01-13 13:42:00,CNC-01,L,298.1653378211696,312.9533011423558,1405.626888128053,51.09702439001406,221.68431635203413,3.0983132875323736,13.544870927258213,56.46311910240236,1,2026-08-25 06:31:50
2024-01-13 08:09:00,CNC-02,M,295.38800995927363,310.1956331874749,1589.1176618645386,47.14788421371825,0.0,2.513861105974841,14.215918769992584,59.470274575103545,0,2026-08-25 06:31:50
2024-01-13 03:02:00,CNC-03,H,24.182099750658438,35.635919228019134,2496.5546165889027,15.707982311243356,2.2783935403118996,3.032233089349951,7.496577562396821,59.90695230269415,0,2026-08-25 06:31:50
2024-01-13 01:35:00,CNC-03,H,298.40184856019755,311.82479574586273,2546.9485463972246,22.7477636960937,141.30496300412523,3.2719917905681974,10.89895578587145,54.81415420396681,0,2026-08-25 06:31:50
2024-01-13 01:47:00,CNC-02,M,297.50572044681724,310.5298449468276,2653.228549933619,20.39781473221482,121.68579279889586,3.297935796434191,10.127419956001033,53.04215740374739,0,2026-08-25 06:31:50
2024-01-13 10:06:00,CNC-03,H,296.14135894613037,309.88458046100914,1513.651426344482,43.88664019589644,89.5475813495311,2.2316298554350484,12.483555213980956,61.2831541915532,0,2026-08-25 06:31:50
2024-01-13 11:00:00,CNC-02,M,296.0699415591763,310.8121583539486,1373.6349866592882,53.93941857258914,172.18048569796727,2.370577880962603,14.05447144813287,57.93812401855175,0,2026-08-25 06:31:50
2024-01-13 23:15:00,CNC-02,M,297.69539939440835,310.1976680904072,2610.5474833274525,19.38125446094316,31.942655843988277,3.101790417102794,9.438594262260684,55.54266306068689,0,2026-08-25 06:31:50
2024-01-13 15:26:00,CNC-01,L,298.9171687536226,313.6478412504998,1564.974560259033,47.89179342440922,139.08408096515464,2.4618099479021063,13.901772494229837,53.333120268317685,0,2026-08-25 06:31:50
2024-01-13 13:18:00,CNC-01,L,298.18582125189016,313.0338606630695,1379.1488297174608,51.98176898738042,183.9954393660882,2.617067009399008,13.606801434643456,50.37677773143005,0,2026-08-25 06:31:50
2024-01-13 11:33:00,CNC-02,M,295.9542159061553,309.7693893327974,1350.0540844350182,48.96647404042713,7.92265999481538,2.005251563230358,12.28939790693792,60.60908193110581,0,2026-08-25 06:31:50
2024-01-13 14:38:00,CNC-03,H,304.0267780525163,312.017699112335,1624.4850376296338,43.91687826023772,38.52503688359783,2.2494590589993586,13.3052048755537,46.62646709437381,0,2026-08-25 06:31:50
2024-01-13 22:47:00,CNC-03,H,299.0744605750316,312.08555081915415,2651.5050861743375,18.52163131924017,163.04377379598876,3.46439016448449,9.11306090607152,52.42749313107693,0,2026-08-25 06:31:50
2024-01-13 18:58:00,CNC-01,L,300.41104400410563,313.5804596668821,2326.503337859581,26.10016327971088,13.87458485705218,2.8699703454146515,11.596005028161004,49.20307367744377,0,2026-08-25 06:31:50
2024-01-13 20:30:00,CNC-02,M,299.03799913837577,312.49087446836694,2266.48902505834,27.08323464418184,84.16625047409596,2.9007578566357224,11.298344873278632,46.952775366138184,0,2026-08-25 06:31:50
2024-01-13 22:09:00,CNC-02,M,298.08171319980664,311.08993292970285,2891.4227144494207,15.556798130532973,195.66369581933475,3.949370455037199,8.601849965959559,53.98595289263365,0,2026-08-25 06:31:50
2024-01-13 04:05:00,CNC-03,H,296.89837366855596,310.10079873385627,2426.8863754312174,22.779053137131946,76.24110058824061,3.0530746578836965,10.527837160233874,55.556937887381665,0,2026-08-25 06:31:50
2024-01-13 16:50:00,CNC-01,L,26.343800999939447,41.01453758933201,1757.5956525297872,43.96201001862333,54.10827159590656,2.3893128418135428,14.365672160406227,54.109809250181236,0,2026-08-25 06:31:50
2024-01-13 10:24:04,CNC-02,M,295.5330978681179,309.8978738837348,1454.0004636620029,48.196021668810374,116.60906912661699,2.3059313697781154,13.249063194640238,61.10660620034819,0,2026-08-25 06:31:50
2024-01-13 21:52:00,CNC-02,M,298.27276149662964,311.8669422995265,2359.0035219521583,23.91446341861811,177.21743143676775,3.396677302373586,10.702916026192334,52.78734407191916,0,2026-08-25 06:31:50
2024-01-13 01:45:00,CNC-02,M,297.4678525292919,309.8707020968967,2631.0971622701086,17.695674943105058,119.5343205393239,3.368947706483575,8.800783859179443,56.59990582696636,0,2026-08-25 06:31:50
2024-01-13 15:32:00,CNC-01,L,299.35088384722627,314.1253359371111,1638.1919212791229,46.07063263610312,148.0776992124625,2.5848022088561766,14.04422557416047,50.86325354009106,0,2026-08-25 06:31:50
2024-01-13 21:15:00,CNC-02,M,298.53118928945514,311.9681868101766,2546.268378091197,22.36209684063447,135.9116111715393,3.3099948710459346,10.665103085092396,56.063621413255966,0,2026-08-25 06:31:50
2024-01-13 04:57:00,CNC-02,M,295.91132706794514,310.4683961536404,2181.715363256466,34.27538537948016,125.2130768479595,2.941061654948344,13.964758184347836,58.56530141163286,0,2026-08-25 06:31:50
2024-01-13 22:48:00,CNC-03,H,299.3306386895891,312.1506440509793,2743.409197687883,17.64859530881964,164.100788852503,3.531847127265182,9.230398616172604,52.53113706249699,0,2026-08-25 06:31:50
2024-01-13 22:52:00,CNC-01,L,300.0308097259089,312.011566075396,2792.397624980427,14.985463338621418,87.98102189982633,3.3204762543187845,7.786515197973821,51.14597264444364,0,2026-08-25 06:31:50
2024-01-13 03:38:00,CNC-02,M,296.5249462476287,308.79427463563775,2262.551058489686,21.165787289035553,29.917092470479286,2.995856348054915,8.702038804108755,62.67121320841269,0,2026-08-25 06:31:50
2024-01-13 13:28:00,CNC-01,L,298.0888394397086,313.2269529222725,1468.5842076095705,49.333562113509934,199.7958150437097,2.841043195348706,13.508201822380304,53.380497006769424,0,2026-08-25 06:31:50
2024-01-13 23:33:00,CNC-01,L,299.7330252840264,311.47359580495333,2748.5251149905407,13.356606191781808,131.71751839081116,3.5209965681840383,7.0933464013523695,55.029211864687085,0,2026-08-25 06:31:50
2024-01-13 07:27:00,CNC-01,L,295.92011720808347,310.0296857669839,1741.3000326573995,40.643590883209754,83.94025312156678,2.4102817721760936,13.124223250508603,59.12442520091397,0,2026-08-25 06:31:50
2024-01-13 13:22:00,CNC-03,H,297.95034811997164,312.27187625168426,1292.4478688249021,52.6215825737267,163.23673539819788,2.250462818796336,12.849160401530261,54.6685773854885,0,2026-08-25 06:31:50
2024-01-13 05:20:00,CNC-01,L,296.0509926972424,310.65530775580976,2140.840577981792,34.890048710443395,150.78467416786975,3.14841755751165,13.752382461810042,53.25155511139162,0,2026-08-25 06:31:50
2024-01-13 22:41:00,CNC-01,L,300.1126121768139,311.91328188024096,2671.5832494710694,14.875991271928795,76.22126537946943,3.1489331513441843,7.258729897083733,50.02880344654332,0,2026-08-25 06:31:50
2024-01-13 02:22:00,CNC-02,M,24.193087254108548,37.792351841309824,2623.4789777744886,23.344031378737277,160.12709178720084,,11.689068065028518,59.406437578016316,0,2026-08-25 06:31:50
2024-01-13 01:49:00,CNC-01,L,303.6111447796429,310.4317325288433,,20.44771804852979,142.2898019268929,3.489395319833784,9.748928995172005,47.99349706230776,0,2026-08-25 06:31:50
2024-01-13 19:22:00,CNC-03,H,300.1993545380382,314.30389274365604,2228.0549329059754,29.620733666890466,163.6061063463391,3.031728201705101,12.41195060615352,47.44020381743204,0,2026-08-25 06:31:50
2024-01-13 05:05:00,CNC-03,H,296.4458190941689,311.15105587114465,2345.024032910116,31.764131685803438,150.2954857167083,3.2388233554394144,13.70516275319361,54.191520270707045,0,2026-08-25 06:31:50
2024-01-13 15:52:12,CNC-01,L,25.91262740786692,40.85550018493916,1688.4658555895587,46.91877969476771,177.96383443141275,2.9413718549683177,14.417687422849024,50.52314104928626,0,2026-08-25 06:31:50
2024-01-13 11:46:00,CNC-01,L,297.43402997863933,311.1426778632788,1320.6095315486637,50.4134290598397,38.178105607087936,2.017240729786115,12.48802517545018,57.68415778028981,0,2026-08-25 06:31:50
2024-01-13 08:24:19,CNC-03,H,295.88227297232794,310.7271622716423,1669.9975354218273,44.13161447220945,207.16792889134868,2.7857951215969576,13.994159501942702,58.895440908877895,0,2026-08-25 06:31:50
2024-01-13 03:32:00,CNC-03,H,297.3601967456576,310.2345665185587,2467.6140310707206,22.703419506467778,36.97009557579193,2.9284285337446168,10.497891421834934,58.87582270305907,0,2026-08-25 06:31:50
2024-01-13 07:58:00,CNC-03,H,296.12825644141805,310.5165585346132,1721.4632682786837,41.22316756770446,168.68188976762622,2.6591649730930262,13.16644582207979,58.00022573257299,0,2026-08-25 06:31:50
2024-01-13 13:10:00,CNC-03,H,297.64574626479606,312.69336129791446,1416.6799187140641,55.413203158300874,144.24171809127313,2.367660730615787,14.520610221508234,59.88518312039472,0,2026-08-25 06:31:50
2024-01-13 18:39:00,CNC-03,H,300.0247632304001,313.90570975910737,2072.4394259048067,31.630126268991948,109.50758228885391,2.7438340951490217,12.063172397696038,54.16965422494987,0,2026-08-25 06:31:50
2024-01-13 08:01:00,CNC-02,M,295.3527285489597,309.9222519824509,1871.1580416241654,39.6546496452703,132.65124620209443,2.6474652692422693,13.525973485011603,61.8579824967774,0,2026-08-25 06:31:50
2024-01-13 16:41:00,CNC-01,L,26.204247736354375,39.78228038625059,1690.6688493506742,39.05852173033905,41.466308452952724,2.4546931060540556,12.238475098546601,56.59277770991797,0,2026-08-25 06:31:50
2024-01-13 21:57:00,CNC-03,H,299.3887081999196,311.65944582638207,2639.0810247439836,16.953845686174112,108.3225685148901,3.2650646726207175,8.361373786371736,57.19177431026507,0,2026-08-25 06:31:50
2024-01-13 04:02:00,CNC-03,H,297.29137792032935,311.25833622458515,2413.2604749177535,28.02013884615391,72.57121470934057,2.9827909482206096,12.6020044856119,54.888942014357326,0,2026-08-25 06:31:50
2024-01-13 10:07:00,CNC-02,M,295.699818859712,310.0641696767206,1466.504967112863,49.50249285731675,88.2620158490804,2.1991026628189925,13.587855139846981,62.436981031625685,0,2026-08-25 06:31:50
2024-01-13 21:06:00,CNC-02,M,298.53188154228957,312.2643465873847,2536.2568462023773,22.97602523033966,125.74651307685717,3.283541552253777,11.039080146876126,54.39323823175092,0,2026-08-25 06:31:50
2024-01-13 21:57:00,CNC-01,L,300.15577714114943,312.1084569975638,2722.2386581274973,16.448712215273854,28.646624818342428,3.271806175334103,8.464261647069144,49.85017531185093,0,2026-08-25 06:31:50
2024-01-13 19:09:00,CNC-02,M,299.056706539167,,2269.1836741803213,28.427362910931055,203.33924404439392,3.5446670841219445,12.012910070754515,52.041351012318856,0,2026-08-25 06:31:50
2024-01-13 03:21:00,CNC-01,L,297.1560427040677,310.6031128687107,2402.0969752141577,27.11722252693313,5.746354181657954,28.20319755291748,12.354927060764508,60.10333030369679,0,2026-08-25 06:31:50
2024-01-13 07:09:00,CNC-01,L,296.23496028334444,310.44745733803825,1649.0527501467586,44.40721064463186,58.23466823477767,2.379173289888908,13.722320582066944,60.83647931644587,0,2026-08-25 06:31:50
2024-01-13 05:01:00,CNC-01,L,296.6771054008026,311.73319564094055,2116.3571123132056,38.092380848695754,126.39582063765266,2.900482547297623,15.040366667033902,58.12018686362688,0,2026-08-25 06:31:50
2024-01-13 09:45:00,CNC-02,M,295.4329969447644,309.78889444865297,1464.545444168084,50.29267314828849,54.006702820204005,2.155407730881677,13.591181591265833,62.85102896486258,0,2026-08-25 06:31:50
2024-01-13 21:54:00,CNC-02,M,298.14374640978536,311.43328873292734,2603.77018573073,19.250826938817656,179.39435828875008,3.6263389310861887,9.300428340221782,55.52223472082147,0,2026-08-25 06:31:50
2024-01-13 21:41:29,CNC-03,H,299.6299986184199,312.1565669564254,2657.829520271826,18.271259112709153,89.69705875824604,3.2339595828860994,8.980125301329593,53.49602745765913,0,2026-08-25 06:31:50
2024-01-13 20:38:00,CNC-02,M,298.79383628959863,311.3557052263975,2600.995215746499,16.916300653530367,93.58643126624503,3.238119780536776,8.194368584973994,56.65578957126306,0,2026-08-25 06:31:50
2024-01-13 11:41:00,CNC-02,M,296.09707151653043,310.05570806456285,1446.8838085066752,46.866010627974426,20.6330459603694,2.234754539437332,12.5693225400561,58.43875497939979,0,2026-08-25 06:31:50
2024-01-13 21:31:00,CNC-02,M,298.8394623836102,312.36472837554186,2615.964374405352,20.739985496609517,153.80941373749792,3.578621925445158,10.35945950267043,52.57495730953198,0,2026-08-25 06:31:50
2024-01-13 23:55:00,CNC-02,M,297.43323524489205,309.95307469650237,2735.843783333873,15.568637104048285,74.43407908354406,3.2704566402317305,8.130255950150806,53.95305614758186,0,2026-08-25 06:31:50
2024-01-13 09:23:00,CNC-03,H,296.109045599327,309.6643395015583,1378.5691068718634,49.37535066896331,22.772858422202923,1.9860937911653584,12.692686812296506,54.66840605577176,0,2026-08-25 06:31:50
2024-01-13 16:38:00,CNC-03,H,26.197914040097828,41.625436950086396,1810.79934968751,43.91868392589253,216.96389496669417,3.080771776408192,14.936076092283681,54.630854142460045,0,2026-08-25 06:31:50
2024-01-13 02:34:20,CNC-01,L,24.525887391032484,37.95447188080851,2513.051367575143,22.947069989197466,190.63157859852765,3.700157767521486,10.660018274846266,54.56181435759824,0,2026-08-25 06:31:50
2024-01-13 01:11:00,CNC-03,H,298.43520338046505,310.72362253566786,2673.111572365995,17.547634609607755,115.66791360365377,3.281458648742422,8.727841044039469,54.742500034874084,0,2026-08-25 06:31:50
2024-01-13 03:29:00,CNC-03,H,297.2998345723212,309.54697484142633,2487.9299282843567,18.737784651511575,33.438387297742715,3.1107426023256735,8.668233584422198,53.40976539974752,0,2026-08-25 06:31:50
2024-01-13 20:52:00,CNC-01,L,300.50693197129783,314.46793665413753,2467.9244626524687,27.079403118132163,150.53750688562096,3.310653514892992,12.322008816424145,47.87079455044612,0,2026-08-25 06:31:50
2024-01-13 17:59:00,CNC-02,M,304.6156832835471,312.66101092272754,2163.601882019233,31.106748965895058,113.08182775168144,2.8949096177143625,12.476951977221876,42.45522508152603,0,2026-08-25 06:31:50
2024-01-13 01:18:00,CNC-02,M,298.00392823973783,309.89932647536415,2776.9429593918658,16.08892848725577,90.44889653726544,3.444233866970077,8.378341470808072,52.789003260202534,0,2026-08-25 06:31:50
2024-01-13 12:48:00,CNC-02,M,296.5486614470502,310.7658490203044,1292.5424099199765,50.63983147232602,126.9993165961257,21.61704971396058,12.560947859967285,58.75283955549297,0,2026-08-25 06:31:50
2024-01-13 01:54:00,CNC-02,M,297.75518067078326,310.2338777672419,2647.860500540969,17.883280107350462,129.3044548345592,3.388860050510456,8.892609535921801,54.21225455908919,0,2026-08-25 06:31:50
2024-01-13 23:52:00,CNC-01,L,299.59040355866875,312.25649382577456,2508.8614757356027,18.875770632930802,,3.448865500914247,8.735431839592229,56.003450693056195,0,2026-08-25 06:31:50
2024-01-13 15:05:00,CNC-03,H,303.99918441782324,311.8418637663093,1522.5074285745338,46.17595304471766,79.71589186832797,21.691505996376637,13.09600777342841,49.16163334236664,0,2026-08-25 06:31:50
2024-01-13 13:36:00,CNC-03,H,297.95091271277124,312.75576316368455,1491.8452775403666,50.04648956209881,185.29465573233213,2.5785096140570944,13.830293270090626,59.804476791784616,0,2026-08-25 06:31:50
2024-01-13 09:51:00,CNC-01,L,296.3846286592344,310.5338250740617,1366.8590690493184,53.065944469689,66.04029222910044,2.0550948141485534,13.49171130815365,52.92847529459877,0,2026-08-25 06:31:50
2024-01-13 15:44:00,CNC-03,H,304.14335190336936,312.54249245960324,1614.5550070924453,43.4525377215184,138.3175152912432,2.417822399468933,13.020853643088305,1603.4596331552993,0,2026-08-25 06:31:50
2024-01-13 16:49:00,CNC-02,M,25.243463620164448,39.190649461571354,1806.8556278644696,36.625740634524746,17.165909961095117,2.3085649164352957,12.147344101006185,55.027882768228075,0,2026-08-25 06:31:50
2024-01-13 23:03:00,CNC-02,M,298.2167970255095,309.92628130164036,2615.408525961299,14.147939497924835,19.089078319813684,3.260989827479244,6.928220526937572,55.570662380036104,0,2026-08-25 06:31:50
2024-01-13 15:51:00,CNC-01,L,25.93685829779622,41.03446231706346,1709.729393428276,46.266994043127546,176.49374381689532,2.9635593597873586,14.727877743495782,54.17259355051929,0,2026-08-25 06:31:50
2024-01-13 16:46:00,CNC-03,H,26.147249050131734,41.084075973985875,1873.9339596715583,39.88740849814459,228.13824853702982,3.1941503813608567,13.901711391397313,53.30216571097181,0,2026-08-25 06:31:50
2024-01-13 11:17:00,CNC-02,M,295.81893825090077,310.592588197801,1340.2403957389402,51.88342735645537,,2.641608866110676,12.864955400088556,57.95866271372167,0,2026-08-25 06:31:50
2024-01-13 09:51:00,CNC-02,M,295.4079835519845,309.8843590789244,1505.7117584565328,48.57286702254643,63.28141073295032,2.180757686371689,13.707963272975213,63.223417998423805,0,2026-08-25 06:31:50
2024-01-13 15:10:00,CNC-03,H,303.99179141156986,311.98059378004046,1473.3917743702962,45.20450104240205,87.23623623133656,2.1824948755786724,12.444029567201357,47.774291183210494,0,2026-08-25 06:31:50
2024-01-13 03:32:00,CNC-02,M,296.45517459273145,308.5900452168699,2575.4713601213025,17.996856192591835,22.888276211639127,3.1285861058555797,8.795874413475039,59.54129586733799,0,2026-08-25 06:31:50
2024-01-13 15:57:00,CNC-01,L,25.75638599226221,40.295635679210875,1793.6356765741116,41.71447501441522,185.27993282839867,3.0670675068982547,14.065040314862665,53.07700747469193,0,2026-08-25 06:31:50
2024-01-13 10:12:00,CNC-03,H,296.53714829890254,311.03556983473464,1425.8118654357534,51.795342469927334,99.07665322775729,2.2432119170364824,13.956725642880274,55.743232596526994,0,2026-08-25 06:31:50
2024-01-13 23:09:00,CNC-03,H,299.1872926208369,312.8027274497312,2677.080264181632,21.848650823312052,186.4860841055674,3.5154644618440987,11.23062236078868,54.321538709579904,0,2026-08-25 06:31:50
2024-01-13 17:13:00,CNC-02,M,298.7118110682003,312.93484481191956,1864.5858216045003,37.593906687641905,50.60112020075432,2.544272360680348,13.104911243254614,54.221827358811446,0,2026-08-25 06:31:50
2024-01-13 00:49:00,CNC-01,L,303.51838641333296,309.7275463916649,2618.344391263504,16.935165052554854,77.24407140144599,3.1700084512923286,8.28997023041451,44.60357263079629,0,2026-08-25 06:31:50
2024-01-13 22:55:00,CNC-01,L,299.95216423575005,311.80703380510704,2641.7494352905464,14.268471420094926,91.19622597291988,3.335931084797736,7.384932852441581,53.92698909586732,0,2026-08-25 06:31:50
2024-01-13 19:09:00,CNC-03,H,300.2798271599991,313.36830093928546,2179.0976387618853,25.590323642047412,147.42598702915362,2.9653715958993896,10.506043245407342,54.413411549134565,0,2026-08-25 06:31:50
2024-01-13 08:07:00,CNC-03,H,296.04967341240683,311.09799252565267,1700.6058357075915,46.57315841198786,181.86668135956035,2.6833592564480107,15.127405484202225,53.859218987132365,0,2026-08-25 06:31:50
2024-01-13 05:56:00,CNC-03,H,296.422374811841,311.1540655981587,1971.1528228988007,35.675951670078994,216.58850677484702,3.204324983712792,12.908785579869939,58.54526555769307,0,2026-08-25 06:31:50
2024-01-13 01:56:00,CNC-02,M,297.71201771168796,310.69749616041105,2633.6946109271216,20.94073722585243,131.48499356574595,3.330523229943607,10.239062698818488,51.20785523956897,0,2026-08-25 06:31:50
2024-01-13 22:43:00,CNC-01,L,300.0634518622861,312.4191515262759,2568.9493883003856,18.417277252961732,78.43718282942947,3.1415064487401887,8.825933037470138,53.528194145424855,0,2026-08-25 06:31:50
2024-01-13 03:57:00,CNC-02,M,296.19660307953035,308.99372035299695,2418.572298833249,22.323388267985056,52.16985240573841,3.02916002270146,10.13464668677302,58.92907790061582,0,2026-08-25 06:31:50
2024-01-13 10:05:00,CNC-03,H,296.23325542366524,310.4844250743941,1525.6264898844374,46.86103364116381,87.99919939343023,2.173062077752814,13.206474802401612,58.850880541981525,0,2026-08-25 06:31:50
2024-01-13 23:21:00,CNC-03,H,299.1040666223105,312.38960245951506,2725.7523382507006,20.05992110471437,199.37615503862676,3.748822371151077,9.957244258194432,53.43439590267675,0,2026-08-25 06:31:50
2024-01-13 06:35:00,CNC-02,M,295.3988186158625,309.0961746384502,1954.1173085602409,34.7724750182008,10.810374832688776,2.525335022689485,12.874078236251233,64.95988191715848,0,2026-08-25 06:31:50
2024-01-13 07:29:00,CNC-02,M,295.37113479666164,309.745365539961,1769.7931046695576,41.89205564170215,86.45950955402108,2.4693321391375758,14.248056397765758,64.05074006808127,0,2026-08-25 06:31:50
2024-01-13 10:19:00,CNC-01,L,296.54715246780734,310.48322024231953,1343.5060324740227,50.74119967326215,109.98879556653678,2.213722771453092,12.497502158781783,59.401447412667515,0,2026-08-25 06:31:50
2024-01-13 05:43:00,CNC-01,L,296.40916683666035,310.215010525184,2191.1906423313267,27.308095646267358,180.51984906670455,3.3026036846162308,11.136293193292229,59.073375674130844,0,2026-08-25 06:31:50
2024-01-13 20:30:00,CNC-03,H,300.0435282036052,312.47985684352534,2460.0704064319825,22.068016248099976,10.394355555900066,3.0120911002503203,10.116760220134847,55.94090828749088,0,2026-08-25 06:31:50
2024-01-13 17:49:00,CNC-02,M,304.08417256652996,312.0939645012764,2110.7832614132076,31.136955772761635,99.8135186954386,2.81319467165565,12.33982569488379,47.48405510356034,0,2026-08-25 06:31:50
2024-01-13 06:09:39,CNC-03,H,296.59421236596745,309.6048935420257,1873.1420828877747,32.443174696422986,16.058427205888442,2.4672860497127105,11.446667555614782,56.01103563686692,0,2026-08-25 06:31:50
2024-01-13 09:33:07,CNC-02,M,295.61739932381147,309.14081303757604,1505.909006695816,44.76833401638974,33.835750837240575,2.1403324831031703,12.500249703410034,57.634870318590195,0,2026-08-25 06:31:50
2024-01-13 02:28:00,CNC-01,L,24.375146263482577,37.551800318271944,2567.5923253635024,20.026768856102766,184.96939110236363,3.8040706983831947,9.511640708706976,56.201860789332216,0,2026-08-25 06:31:50
2024-01-13 10:54:00,CNC-03,H,296.44530392506454,311.02508524157656,1389.3528454294685,53.21938362571543,165.31643552192207,2.4299586497543912,13.891029082559367,54.25660677589801,0,2026-08-25 06:31:50
2024-01-13 01:25:00,CNC-02,M,298.03999595421953,310.89663786745297,2636.07264134969,19.334501495439724,97.82527128486406,3.255687727319168,9.595854685602639,55.44912003395767,0,2026-08-25 06:31:50
2024-01-13 12:01:00,CNC-01,L,297.4151619111301,311.69426016265163,1420.5200274928197,53.37147004692609,61.99345107397563,2.098936461186228,14.234790528278108,58.33433719059749,0,2026-08-25 06:31:50
2024-01-13 04:32:30,CNC-02,M,296.23397151435216,309.52778997613666,2365.752132951401,24.70285461731098,95.6214162284431,3.0649947257709136,11.0905149696305,61.857297695072475,0,2026-08-25 06:31:50
2024-01-13 12:32:00,CNC-03,H,297.1462565661009,311.04372830407937,1391.0624623670037,48.95049471007192,84.1396229472627,2.0244873469743996,12.85275430320386,58.32244669024214,0,2026-08-25 06:31:50
2024-01-13 21:49:00,CNC-03,H,299.72514752476286,311.8501386801416,2710.0162472891216,15.873181625903628,99.66328493975531,32.37195203280525,8.060428716156936,51.38685082577002,0,2026-08-25 06:31:50
2024-01-13 18:29:00,CNC-01,L,300.0696879425063,314.7956580723263,2193.6591639785147,34.015250139525115,187.8437981563484,3.394506514794999,14.189212933608713,58.0456580599909,0,2026-08-25 06:31:50
2024-01-13 11:26:00,CNC-02,M,296.08712720688527,311.58865687890847,1526.4257266757786,51.564274580088046,213.45153506119541,3.0542184300091324,15.127004795282241,53.51650929855454,0,2026-08-25 06:31:50
2024-01-13 11:40:00,CNC-03,H,296.625074164661,310.50188112724555,1386.897363271613,51.46087210461245,1.6,2.0953437054722786,13.413110163165362,55.23330090252739,0,2026-08-25 06:31:50
2024-01-13 12:06:00,CNC-02,M,296.24189945289095,310.4870827878722,1416.828571006259,49.494966123083586,60.27530486011944,2.0358524638161257,13.233540202769651,57.039036611670724,0,2026-08-25 06:31:50
2024-01-13 08:08:00,CNC-03,H,,310.8444574670797,1579.4534538311539,47.60185004441012,183.36574647874926,2.6640730653688913,14.19235394376687,62.72890869020757,0,2026-08-25 06:31:50
2024-01-13 02:52:00,CNC-03,H,24.113573192821036,37.81506264326646,2612.080817963558,22.590092252370418,226.6757607638727,3.978738006171125,11.11805800512609,57.654126077595365,0,2026-08-25 06:31:50
2024-01-13 21:22:00,CNC-03,H,299.64015227348153,312.31124778917285,2682.8504018844997,20.175854845962192,69.63298435440024,3.2941658060050907,10.127936108317334,44.33214578079839,0,2026-08-25 06:31:50
2024-01-13 21:17:00,CNC-02,M,298.6863277374448,311.2979755462877,2544.5010180741283,16.443034588632337,138.1452242577008,3.3165055254556752,7.830640596193763,50.330567954977376,0,2026-08-25 06:31:50
2024-01-13 12:33:00,CNC-03,H,297.63351697515134,312.0025202148149,1381.980231457063,55.02749302144922,85.73962294726269,2.1242035761912894,14.02287405555262,55.38828451371503,0,2026-08-25 06:31:50
2024-01-13 15:36:00,CNC-02,M,298.20093812310904,313.1052404710281,1635.5461659046152,45.371554250141756,149.9096234422694,2.600613902779006,13.707205268459454,52.05059614835412,0,2026-08-25 06:31:50
2024-01-13 01:59:00,CNC-01,L,297.7255855485057,311.2008358713325,2529.022983183773,21.6957481928585,153.11818889059828,3.3504317606823846,10.393608439898179,55.87312422527679,0,2026-08-25 06:31:50
2024-01-13 19:36:00,CNC-01,L,300.38674316974493,314.13492162208695,2293.227573698955,29.039008088996447,61.01425014266359,2.845719771545884,12.626255794615272,52.90768755143151,0,2026-08-25 06:31:50
2024-01-13 03:03:52,CNC-03,H,24.462175153111048,36.03446679599767,2400.997199013918,0.0,4.580350604728636,3.0605920706861727,8.08036653697973,56.62305272665659,0,2026-08-25 06:31:50
2024-01-13 19:15:00,CNC-02,M,298.6589016952333,313.3140657479016,2303.3851822601832,29.502952566501477,210.69125362295512,34.46842139948226,12.412105513185372,57.38305062675202,0,2026-08-25 06:31:50
2024-01-13 15:36:00,CNC-01,L,298.9703296142836,313.331288008171,1526.8572220549718,44.26343226729768,154.11345601773237,24.473513304809813,12.762021443529944,50.28918620081354,0,2026-08-25 06:31:50
2024-01-13 03:43:00,CNC-02,M,296.38048019369285,309.74991445220496,2507.848386702143,24.812155230740537,35.85170092316146,3.138052933720454,11.421543476823416,56.94435419994683,0,2026-08-25 06:31:50
2024-01-13 04:08:00,CNC-02,M,295.9830905527481,309.22156601952844,2358.1498379066993,24.805485788519565,65.35441600528857,2.910664188145581,11.124188072413386,54.16271219371425,0,2026-08-25 06:31:50
2024-01-13 04:51:00,CNC-01,L,296.4811825474774,310.01832695742365,2226.5006657531108,26.78264792838911,113.81086091708774,2.849111191949034,10.961058820099462,56.0772503046556,0,2026-08-25 06:31:50
2024-01-13 08:58:00,CNC-02,M,295.76553624478476,310.86692664918525,1675.8591547236408,46.368425556202084,217.8419984536912,3.1014088717950803,14.521139267966054,54.80141889089285,0,2026-08-25 06:31:50
2024-01-13 08:21:00,CNC-01,L,296.25496419007516,311.4562161319676,1660.9971121848453,48.427391505173766,162.86093409057588,2.7320685863314886,15.196207799293273,58.29787756749856,0,2026-08-25 06:31:50
2024-01-13 16:36:00,CNC-02,M,25.37029598217282,40.543750302378044,1768.5957221552694,41.626058602422134,237.21147128674664,3.4381642379068316,13.508681987048917,56.55338886508274,0,2026-08-25 06:31:50
2024-01-13 16:35:00,CNC-02,M,,41.049950392228084,1698.8763756054766,46.790682218671726,235.8146114341861,3.3697829526321286,14.82627516784181,,0,2026-08-25 06:31:50
2024-01-13 05:19:00,CNC-03,H,296.52231409215455,310.621254848117,2416.3246375294943,28.47618856699554,168.18018281046648,3.2760773967638754,12.664051714007913,61.2709051780053,0,2026-08-25 06:31:50
2024-01-13 06:18:00,CNC-03,H,296.2390112369976,310.2555957991614,1855.9786340938263,36.96422856801046,28.089978285556384,2.444548555069087,12.876835079441554,60.66523468494287,0,2026-08-25 06:31:50
2024-01-13 20:00:00,CNC-02,M,298.8032364468318,311.1287983490091,2483.554755818213,18.587831832690146,48.5762345432262,3.131135475385614,8.718189833834181,52.98052233970645,0,2026-08-25 06:31:50
2024-01-13 06:27:00,CNC-01,L,296.3361117857602,309.65092688761086,2033.9636004034933,30.66898148543385,0.0,2.610511557359055,11.78098888786649,60.097365609346184,0,2026-08-25 06:31:50
2024-01-13 16:20:00,CNC-03,H,26.259053511395905,41.737329983253005,1809.79346810773,45.38783959785662,191.20082972753346,2.8151614347586125,15.49953407552904,47.24707545404632,0,2026-08-25 06:31:50
2024-01-13 00:03:00,CNC-02,M,299.04130990946317,310.24578575074383,2746.669260304384,13.547626985611785,10.640882305933806,3.262537146177885,6.928346218040157,53.245309221490736,0,2026-08-25 06:31:50
2024-01-13 13:56:00,CNC-03,H,298.36971220079965,313.297577633507,1430.5418462009384,51.71280916209609,216.6235176757328,2.735497182958359,13.930443126111626,55.98780665744023,0,2026-08-25 06:31:50
2024-01-13 20:32:00,CNC-01,L,300.46905845265076,313.1973833825107,2572.151731051632,19.943770653105197,127.615355058053,3.3542233460885655,9.783352228345443,49.82689519056238,0,2026-08-25 06:31:50
2024-01-13 19:08:00,CNC-02,M,298.8694079495438,313.744436282114,2309.9054944630807,30.822403064152283,202.09836704177363,3.4314763765054654,13.516815400894979,53.01036936941834,0,2026-08-25 06:31:50
2024-01-13 05:28:00,CNC-01,L,296.33462705291225,311.8369068783783,2272.0760518046714,36.221584769931475,161.02038262550153,3.2576885598919887,15.392886443349727,53.6643936745675,0,2026-08-25 06:31:50
2024-01-13 01:12:00,CNC-01,L,303.9664027682672,309.9469160265893,2634.05699847359,16.086944259053503,101.90713174052236,3.314764854666091,7.836821260350081,44.101022297338815,0,2026-08-25 06:31:50
2024-01-13 10:45:00,CNC-01,L,296.84812465302826,311.45261295639574,1356.3086349942962,55.185248258740494,150.9014198816554,2.3117018563634577,13.963252340537144,56.72935907272041,0,2026-08-25 06:31:50
2024-01-13 18:48:00,CNC-03,H,300.1401600480506,313.859220021051,2196.362661866914,27.212283389333777,120.96747415243202,2.855835087311818,11.141791146416105,52.89665489784548,0,2026-08-25 06:31:50
2024-01-13 00:16:00,CNC-01,L,298.73858760433114,310.74076270127506,2691.2290620510953,16.571790522206584,42.14312081562695,3.1596275901777906,8.508195754056548,55.97138086554956,0,2026-08-25 06:31:50
2024-01-13 14:12:00,CNC-01,L,298.7262259737405,312.63685417140374,1423.5155102647934,49.6423186379123,26.332391402587355,2.067060416397311,13.21046704325766,59.04445960616263,0,2026-08-25 06:31:50
2024-01-13 12:33:53,CNC-03,H,297.1353324952543,311.6634928081704,1460.3680577837117,50.37890232463159,88.91608199740871,2.1512303166440976,13.96782157932547,55.7062853982505,0,2026-08-25 06:31:50
2024-01-13 19:35:00,CNC-01,L,300.35563873960547,313.7083791043582,2197.8329544736694,28.28871745295791,59.78135893139562,2.8521124907084223,11.63194658656912,46.2282185282081,0,2026-08-25 06:31:50
2024-01-13 18:03:00,CNC-02,M,304.10893007138793,312.4323855148662,1962.171512927054,34.61250400171026,118.27819839262347,2.6150360537955475,12.823607971993294,47.871735037864624,0,2026-08-25 06:31:50
2024-01-13 16:04:00,CNC-02,M,25.17616027806372,40.48754443999593,1734.3591973336806,44.5285445612263,190.98206813165305,2.9902137879731234,14.325534036526927,50.20693284404271,0,2026-08-25 06:31:50
2024-01-13 06:48:00,CNC-01,L,296.2997674439285,310.17208217476366,1936.5251621399048,38.00959035400079,28.719159754498758,2.511365249244284,13.661130092807209,56.42591486854437,0,2026-08-25 06:31:50
2024-01-13 00:02:48,CNC-01,L,298.9485307236878,310.52547062011894,2679.538590570155,,28.383812651708144,3.174509879201045,7.954694949006401,56.58908734741779,0,2026-08-25 06:31:50
2024-01-13 22:02:00,CNC-02,M,298.23666682616556,312.24301947177975,2630.9811809534317,22.290704936512395,188.06622263443987,3.660093187049732,11.116288866553274,59.88717074347017,0,2026-08-25 06:31:50
2024-01-13 03:54:00,CNC-02,M,296.33828055380405,308.8637144958787,2543.8801601875784,19.624090978135968,48.66324750880361,3.177741123620177,9.40370889378103,51.51741298729391,0,2026-08-25 06:31:50
2024-01-13 18:29:00,CNC-03,H,300.06930235207,314.05506166620376,2006.9146275729095,34.32659919102143,96.62360765860987,2.723342875412657,12.76383293493135,48.19997290433146,0,2026-08-25 06:31:50
2024-01-13 06:17:00,CNC-02,M,295.38186084379424,310.6694405502544,2080.852797021378,37.26878439017879,230.04998678633135,3.633018365983354,14.449699431666565,58.773472269197896,0,2026-08-25 06:31:50
2024-01-13 05:38:00,CNC-02,M,295.86733205455204,310.41953484291423,2017.1926145052264,34.57216256879373,177.8179481006538,3.04029985801076,13.193322192397739,59.87184241858077,0,2026-08-25 06:31:50
2024-01-13 07:48:00,CNC-02,M,295.3767698635249,310.46042254676536,1894.2528610706981,42.06016876895214,113.70870930212254,2.551321386919756,14.797522714833837,62.6617052989109,0,2026-08-25 06:31:50
2024-01-13 19:14:51,CNC-01,L,300.40631434738145,313.5676000905606,2161.96800311041,28.930437829610618,35.15998755623535,2.7604901632326433,11.416786999516493,51.19707014632388,0,2026-08-25 06:31:50
2024-01-13 03:55:00,CNC-03,H,297.16443183100887,309.70071647623837,2354.0533808346713,22.62355918077416,64.18784810153757,2.9915969246725433,10.059786574793128,,0,2026-08-25 06:31:50
2024-01-13 21:24:00,CNC-03,H,299.65014383744887,311.7349270840774,2549.930203458468,17.813388690980567,71.8453226903409,30.548029270016617,8.403910897074748,48.15654785300311,0,2026-08-25 06:31:50
2024-01-13 05:42:00,CNC-01,L,296.15265721156567,310.62087680405716,2188.802423011364,32.60632030314959,179.25325056810416,3.4103376197507362,13.056506112913066,54.21946470444183,0,2026-08-25 06:31:50
2024-01-13 20:22:00,CNC-03,H,300.14208719294777,313.28802769740497,2323.7403941151883,26.475640392100274,1.2117474767417256,2.8906290974737465,11.504244187220992,46.61640787081399,0,2026-08-25 06:31:50
2024-01-13 16:48:00,CNC-03,H,26.080555571854347,41.569949496158245,1799.9187540728212,45.62121886398381,230.98460693232735,3.203573978120584,15.518988066886996,48.554789111918154,0,2026-08-25 06:31:50
2024-01-13 19:26:00,CNC-03,H,299.8467991298731,313.98373023749565,2382.296047576739,26.9598926349114,168.52656689395863,3.292845504490817,11.917790427569456,50.7022135974982,0,2026-08-25 06:31:50
2024-01-13 00:12:00,CNC-02,M,298.888611121976,310.91406060577606,2604.417969061122,17.55327589063528,20.237329922204378,3.107239361899002,8.685531996109013,57.50216133064845,0,2026-08-25 06:31:50
2024-01-13 01:42:00,CNC-02,M,297.6474453773855,309.1435227235389,2776.1379497329635,13.307451052864929,116.24998057462085,3.4002447185935583,6.877116139346766,52.17605130601271,0,2026-08-25 06:31:50
2024-01-13 12:44:00,CNC-01,L,297.77493345925905,311.9258743309148,1304.881413506718,52.135897920368535,130.26325539818535,2.164383288245713,12.84331961009558,55.604891397917754,0,2026-08-25 06:31:50
2024-01-13 13:14:00,CNC-02,M,296.8492855266983,311.94551996774993,1390.6703185969852,55.449543768477454,168.16902025103508,2.4254134359480237,14.494123316035092,60.31354659410245,0,2026-08-25 06:31:50
2024-01-13 18:26:00,CNC-03,H,300.0101763966196,313.9531407261872,2117.548596771815,32.59891192840093,92.71338782530981,2.744657140757178,13.002518894925624,49.05475278184481,0,2026-08-25 06:31:50
2024-01-13 04:58:00,CNC-01,L,296.3726876470383,310.4389214198848,2077.1112579490373,32.2170361823745,122.57376433345836,2.7786594074722513,12.625802158526879,61.504909931744365,0,2026-08-25 06:31:50
2024-01-13 00:50:00,CNC-01,L,303.91104478917526,309.40722400163025,2813.940501688977,13.194187107752,78.29998241392957,3.413003648677217,6.91165109918605,47.20573456184117,0,2026-08-25 06:31:50
2024-01-13 05:39:00,CNC-02,M,295.77329500053264,310.15056870563575,2176.0698702227796,30.36606789838448,179.08854888700648,3.1606924921622097,12.326012986429568,60.91380568736825,0,2026-08-25 06:31:50
2024-01-13 03:19:00,CNC-01,L,297.5326958876773,310.25735253543445,2395.6038515574137,23.942894554243708,3.4141735056289146,2.9739069964323055,,57.29626359612131,0,2026-08-25 06:31:50
2024-01-13 17:12:00,CNC-02,M,298.4581034060451,312.38980869617615,1969.203078163891,33.43089351615594,49.19534816155388,2.529124359545303,12.357350374285076,57.58620006595812,0,2026-08-25 06:31:50
2024-01-13 01:48:00,CNC-02,M,297.6183434495402,310.47212731667,2687.1417107845364,18.015638408487188,122.7416786904237,3.333925267987652,9.121175180572058,54.99767831586708,0,2026-08-25 06:31:50
2024-01-13 00:42:00,CNC-02,M,298.42545194500525,310.13278015869633,2780.8436013068113,14.443313909022036,51.86712660152306,3.3088312183061803,7.349992936078773,52.52394743534286,0,2026-08-25 06:31:50
2024-01-13 17:01:00,CNC-03,H,299.6506045140493,315.20022970406353,1906.3965602116934,41.92911084424734,249.26506764187974,3.4660209975113827,15.184849440258663,53.79686131567795,0,2026-08-25 06:31:50
2024-01-13 17:06:00,CNC-02,M,298.63986385776144,312.40302117123696,1821.5147507174372,34.79593470605832,41.01867430216212,2.38853117394404,11.666758500369925,52.00277682751836,0,2026-08-25 06:31:50
2024-01-13 01:26:00,CNC-02,M,297.836138695303,309.6098954627226,2642.7246615164495,14.43292111493246,98.88920360261447,31.162788163550292,7.018424774717894,54.35846438163555,0,2026-08-25 06:31:50
2024-01-13 23:55:15,CNC-01,L,299.6048579484331,312.1373502458035,2706.630826120798,17.87704246294673,156.28225265338952,3.651212754644187,9.123427136922574,52.1301566540799,0,2026-08-25 06:31:50
2024-01-13 11:08:00,CNC-01,L,297.15303203424736,311.8507970884519,1393.60387950497,52.50286228710267,187.37571394371406,25.847648935638972,13.733347080381225,59.495194743609865,0,2026-08-25 06:31:50
2024-01-13 15:55:00,CNC-03,H,31.18504211477699,39.94871195810197,1751.577348868292,,154.5534794821938,2.732407468347899,13.552382894052476,41.19888170677547,0,2026-08-25 06:31:50
2024-01-13 08:41:00,CNC-03,H,296.1539956552059,311.9186217567816,1634.0991662787947,52.68349053336357,232.5355436943054,3.0853816624189503,16.050547794611592,60.18781080578214,1,2026-08-25 06:31:50
2024-01-13 09:47:59,CNC-03,H,296.110788629538,310.17840889450764,1498.6603187323235,47.72475206693303,59.813590122699495,2.259286989071642,13.621120368129553,56.06885612551025,0,2026-08-25 06:31:50
2024-01-13 18:54:00,CNC-02,M,298.55301948162605,312.6238355588017,2166.576259630282,28.51072604270762,184.67870297913237,3.3120694446254433,11.455540281446211,54.9430198602575,0,2026-08-25 06:31:50
2024-01-13 12:19:00,CNC-01,L,297.32935817964454,311.4822017324823,1420.2201089357982,51.51874001229209,90.62144726545833,2.1747393469412484,13.729555873675077,54.68949968142688,0,2026-08-25 06:31:50
2024-01-13 04:41:00,CNC-01,L,296.49998826898525,310.3766505609471,2365.1263460637706,28.33732971761042,101.37322865667886,3.025375495952814,12.604000698723318,55.022478611833044,0,2026-08-25 06:31:50
2024-01-13 14:51:00,CNC-02,M,297.85228288722595,312.32446537902223,1481.102964119304,49.41360589957166,82.01294518537851,2.24250436288705,13.776249193538488,56.98981833294937,0,2026-08-25 06:31:50
2024-01-13 20:21:00,CNC-03,H,300.2853480889789,313.127466732382,2190.8995124984153,26.151664621226452,0.0,26.60750004615174,10.734830488964608,52.546770492449824,0,2026-08-25 06:31:50
2024-01-13 15:26:00,CNC-02,M,298.1154715379072,313.05439650923176,1814.2337074456277,43.44256424039039,135.12592970666446,2.547260564579375,14.860870963279547,52.028529949449116,0,2026-08-25 06:31:50
2024-01-13 18:57:00,CNC-02,M,298.9170196538372,313.4713147195441,2212.9223949667435,32.25181341987212,188.47332161857284,3.3608884470147733,,52.96726836881461,0,2026-08-25 06:31:50
2024-01-13 08:06:00,CNC-03,H,296.23675754934953,311.2931734735878,1713.8845931390863,46.521024682726704,180.38347723002474,2.6787365672308274,15.06453917007966,59.87960415583013,0,2026-08-25 06:31:50
2024-01-13 19:59:00,CNC-01,L,300.2257347493271,313.593877367306,2343.379212501963,25.112581769481793,88.79355442670287,2.964567961862726,11.137960146747094,52.34355491750564,0,2026-08-25 06:31:50
2024-01-13 03:40:00,CNC-01,L,297.08285902495123,309.12537259675753,2422.4441719432584,19.179210722335768,28.108203380634578,3.0114735128573016,8.736153331489708,53.77541603568388,0,2026-08-25 06:31:50
2024-01-13 18:46:00,CNC-03,H,299.74468001753564,312.88557504699867,2229.1375812714277,24.67722218532773,118.4275928884892,2.9157035839755983,10.070878207080723,45.60946609605895,0,2026-08-25 06:31:50
2024-01-13 12:34:00,CNC-01,L,297.82278404133984,311.98722626337377,1462.4005194088386,46.543505106213956,114.34882265661412,2.301238983134299,12.554776732946776,54.94211050030591,0,2026-08-25 06:31:50
2024-01-13 04:47:00,CNC-01,L,296.1457676608487,309.5206144556308,2388.0725565010557,25.172931016705203,0.0,3.06114439154916,11.835476119547595,59.49734329498113,0,2026-08-25 06:31:50
2024-01-13 04:22:00,CNC-02,M,296.4162050042768,309.5886992203185,2200.494998230186,27.113717050655488,82.21275320235294,2.787114693741924,11.064829386164696,57.26857511347038,0,2026-08-25 06:31:50
2024-01-13 21:37:00,CNC-03,H,299.6931924615886,311.95103322423546,2579.7409564589334,18.304479023545586,86.27465656158955,3.1659140389983005,8.708381162073172,55.17113209675589,0,2026-08-25 06:31:50
2024-01-13 07:36:00,CNC-01,L,296.1701998344373,310.0835648054314,1755.6512863336409,39.37584749914276,96.92720970483613,2.5207356879112752,,59.330799489822276,0,2026-08-25 06:31:50
2024-01-13 21:22:00,CNC-01,L,300.2954907817725,313.62181118926156,2683.7883555189846,19.928160121876356,184.59695861763737,3.8690195824621427,9.85427487506745,51.140974186533555,0,2026-08-25 06:31:50
2024-01-13 04:45:00,CNC-03,H,296.60661834339896,310.6715305043323,2244.0439619381054,31.054055596971686,125.3005309827304,2.926210218801939,,59.51110977541452,0,2026-08-25 06:31:50
2024-01-13 13:49:00,CNC-02,M,297.27333670588735,312.0870941610035,1461.8807553849879,48.16300791869537,223.43698631366505,29.43668448527464,13.221481070029931,59.56340229312995,0,2026-08-25 06:31:50
2024-01-13 14:51:00,CNC-03,H,303.9360036308077,312.14266364836965,1486.3193018123932,48.178065916222565,58.27441325461441,2.2196434579643025,13.638154177519969,46.72496481653967,0,2026-08-25 06:31:50
2024-01-13 19:39:00,CNC-02,M,299.04699631629467,313.17423876146404,2280.711775469787,30.61102000828604,23.216599972494855,2.6781354904940655,12.992801152374387,50.32196460294777,0,2026-08-25 06:31:50
2024-01-13 05:17:00,CNC-02,M,295.5382497562894,310.5903970841133,2246.4855078718906,33.791869802568506,150.48060432308367,3.096883681611285,14.273248557507788,60.19515473509497,0,2026-08-25 06:31:50
2024-01-13 23:40:00,CNC-03,H,298.98011915680826,313.0235886076905,2701.453721177725,23.185518779915043,219.45445675511934,3.9221754480813664,11.650040868905927,52.847013459109284,0,2026-08-25 06:31:50
2024-01-13 20:27:00,CNC-01,L,300.6062959211477,313.23871674608824,2633.488358115714,18.818516413252592,121.78327943628894,3.4347709547449905,9.357089774139123,50.57057999349655,0,2026-08-25 06:31:50
2024-01-13 21:43:00,CNC-01,L,300.1392579242598,311.17788390852724,2719.934455548463,12.092776540365996,13.321091175220365,3.2450678368620705,6.276747408817423,50.61934097666575,1,2026-08-25 06:31:50
2024-01-13 22:55:00,CNC-02,M,298.1880889782854,309.38116319817664,2784.4455289831526,11.48410516121052,10.551938637807726,3.2798894836956864,6.115208116849561,55.412899956362764,1,2026-08-25 06:31:50
2024-01-13 01:51:00,CNC-03,H,298.3079826354196,311.5424162217137,2702.461765242163,20.56768893092922,158.76071183846685,3.4650551284169637,10.620499130329144,53.45140629942941,0,2026-08-25 06:31:50
2024-01-13 07:28:00,CNC-03,H,295.9621451531647,310.3367961023223,1758.7264686945657,40.35512304303129,125.53541748222867,2.5319801187940696,13.341563383697553,57.56870296202819,0,2026-08-25 06:31:50
2024-01-13 01:06:00,CNC-02,M,297.8560634065528,310.3671182462474,2755.956633074835,18.474132201718426,77.57615388774964,3.36558723410561,9.294960133184924,58.11912023104462,0,2026-08-25 06:31:50
2024-01-13 10:47:00,CNC-02,M,295.3482437982269,309.9500591389987,1358.720314387973,50.64775697236685,151.49025837890196,2.4306899085299283,12.869871414945518,55.94813377615496,0,2026-08-25 06:31:50
2024-01-13 00:15:00,CNC-03,H,298.9646297437622,310.4042726220033,2646.9409810831303,13.41848498740703,55.909865593392894,3.1739012099398733,6.738218291614582,55.74547503231864,0,2026-08-25 06:31:50
2024-01-13 07:40:00,CNC-03,H,296.0269006063385,310.725073993244,1887.1892597880344,40.86296134203385,142.67106650632348,2.733142631204041,14.330319298828979,58.24397631432195,0,2026-08-25 06:31:50
2024-01-13 22:33:00,CNC-03,H,299.2279618796043,311.3074602252087,2684.6703116347426,15.782496792059597,147.8239157141675,3.3989725610681574,8.11810230491206,55.16785234378514,0,2026-08-25 06:31:50
2024-01-13 05:44:00,CNC-02,M,295.56327034567505,309.7060488583643,2038.3055061278465,32.763971817223776,185.70911411121767,0.0,12.603140652618702,59.513895742025866,0,2026-08-25 06:31:50
2024-01-13 00:40:00,CNC-02,M,298.31856681550767,309.6530288118305,2615.415773278925,13.74888793961721,49.78444608839088,3.2770401275751477,6.7891410525152995,54.477159933699085,0,2026-08-25 06:31:50
2024-01-13 14:50:20,CNC-03,H,303.97994139618515,312.2242244055749,1693.948245633434,43.109504679208676,56.72689664927917,2.331692169337335,13.851522606118149,45.39551876447503,0,2026-08-25 06:31:50
2024-01-13 23:22:00,CNC-03,H,298.8965736522289,311.7829046505962,2830.7273527554357,17.09734329080054,200.40615503862676,3.785467704087047,8.995850237592466,55.40845044884675,0,2026-08-25 06:31:50
2024-01-13 03:56:00,CNC-02,M,296.0254518288252,309.32571004818146,2389.4349191240913,23.597087779189668,51.00865407899374,3.050439033415089,10.370557100338509,56.150827031402066,0,2026-08-25 06:31:50
2024-01-13 01:31:00,CNC-02,M,297.81997953176415,310.52933934089504,2760.918108946145,18.308525809366937,104.28507129884332,3.278505690722845,9.55274589845795,54.39551848863335,0,2026-08-25 06:31:50
2024-01-13 08:40:00,CNC-02,M,295.6217163233728,310.61882459814495,1642.1277479759876,44.75136913274039,190.72082995454022,2.7690043272032288,13.576911258788899,61.98140133025177,0,2026-08-25 06:31:50
2024-01-13 05:40:00,CNC-03,H,296.63742817714297,310.77639109537716,2176.3602298047535,30.419516236888484,195.4065812285313,3.2750060421156553,12.712151719755152,57.98314237231165,0,2026-08-25 06:31:50
2024-01-13 11:54:00,CNC-03,H,297.08302318783956,310.804854876638,1403.1692212484616,49.81192685724044,23.721557812195083,2.013616312284494,13.052060254572243,60.26500395112954,0,2026-08-25 06:31:50
2024-01-13 13:39:00,CNC-01,L,298.2847536764651,313.26055910911174,1425.9708102803647,52.2134790392124,217.0139406381505,3.0488965065516496,13.912134605352351,54.27884673698138,1,2026-08-25 06:31:50
2024-01-13 11:51:00,CNC-03,H,296.97127677139326,310.8221603118017,1533.9745030178565,47.924368465853014,18.933052072711305,2.1859988160764936,13.734218599219226,52.72141665392503,0,2026-08-25 06:31:50
2024-01-13 03:40:00,CNC-03,H,297.39457150505444,310.3411303578508,2389.944693403691,23.01836314909762,46.36546646486698,2.9810726244607837,10.388243219579794,56.57407637284636,0,2026-08-25 06:31:50
2024-01-13 02:46:00,CNC-03,H,24.667594040387712,38.74621916057981,2449.8869116266105,24.791493677000233,219.84993049087765,3.8287918855285343,11.156458316936511,55.60240874633518,0,2026-08-25 06:31:50
2024-01-13 08:24:00,CNC-02,M,295.20938360547507,310.0933535438159,1646.9727896451946,43.67083543364462,166.8683720663934,2.657327517374177,13.592296012838032,56.92920434815667,0,2026-08-25 06:31:50
2024-01-13 10:34:00,CNC-01,L,,310.9617357107791,1424.0006076923735,47.94716992565247,133.54021456492455,2.3482057333798148,12.90666694698272,57.92180366863191,0,2026-08-25 06:31:50
2024-01-13 14:52:00,CNC-01,L,298.72081922543566,312.61643388121263,1419.4492374539304,46.036872913544684,87.83700923306759,2.2760259793867155,12.286011500132346,56.520515831404204,0,2026-08-25 06:31:50
2024-01-13 03:46:00,CNC-03,H,297.1430012780354,310.2812205520514,2400.986941292416,24.43300568255936,53.39396062566508,2.9721092159451175,11.12190322492986,53.95632965662879,0,2026-08-25 06:31:50
2024-01-13 21:37:00,CNC-01,L,300.38935060384733,312.6037601741702,2490.5669120844855,19.18901832685457,6.719456180324657,29.032181007327214,8.835893923960136,53.70334479353219,0,2026-08-25 06:31:50
2024-01-13 20:40:00,CNC-02,M,298.956966392958,312.1986098251951,2594.9077398198274,20.546564963052152,95.83176279683776,3.1399532198152236,9.911140964273196,50.33184358045922,0,2026-08-25 06:31:50
2024-01-13 22:42:00,CNC-03,H,299.05372949164786,312.2908353111234,2619.877909358364,21.261000924920456,157.68378468014637,33.58295459832466,10.390323693114583,,0,2026-08-25 06:31:50
2024-01-13 09:29:00,CNC-02,M,295.3905856650375,309.17111857360754,1354.0403834102742,49.26568489551309,29.246668088460705,2.00058561219242,12.809271075871486,61.80941218941739,0,2026-08-25 06:31:50
2024-01-13 21:01:00,CNC-02,M,298.8749245227696,311.4376241298547,2535.771596909166,17.1391278943612,120.05370152165021,3.2308286195787788,8.07532211088977,55.26173629960236,0,2026-08-25 06:31:50
2024-01-13 04:29:00,CNC-01,L,296.40977969569497,310.3510002200836,2375.4766738602766,27.666755822011247,86.5697858314167,2.980811145989876,11.976692337865265,56.45608095691226,0,2026-08-25 06:31:50
2024-01-13 03:34:00,CNC-01,L,296.6006101070992,309.57345642296644,2400.1697438727474,23.695487692017355,20.941844695678977,3.0119209046469884,10.576915875583062,61.514544553588124,0,2026-08-25 06:31:50
2024-01-13 14:51:00,CNC-01,L,298.7975689222525,313.167997973437,1418.4365115433068,,86.28888315505364,2.1282771958218243,14.05416814117625,55.71161815085778,0,2026-08-25 06:31:50
2024-01-13 08:27:00,CNC-03,H,296.18934338921815,311.67572603158874,1737.5919778855891,48.26151017823761,211.5309336860279,3.036193719740289,15.6094255067299,57.489100563407895,0,2026-08-25 06:31:50
2024-01-13 06:27:00,CNC-02,M,295.3814149672828,308.86382143052333,1990.6318378243932,32.43332071243524,0.0,,11.993768155884064,,0,2026-08-25 06:31:50
2024-01-13 08:18:00,CNC-01,L,296.73082051832864,311.45486095723606,1747.7966891314106,42.41680805251516,158.31021708708812,2.713582846183004,13.998187368547919,55.921937283918666,0,2026-08-25 06:31:50
2024-01-13 06:47:00,CNC-03,H,296.0542083613804,310.28475013997905,1870.9571853103466,38.59948243485787,67.89577800119609,2.4897932562772915,13.37252652728249,57.49823204602472,0,2026-08-25 06:31:50
2024-01-13 00:21:00,CNC-03,H,298.8256630145087,310.84154240111076,2672.2347003458976,15.297800023266927,62.369415353847636,3.1110281771870825,7.608932121796817,53.55631211010451,0,2026-08-25 06:31:50
2024-01-13 08:12:00,CNC-03,H,296.12402625624077,311.5453052847617,1517.0116733549976,52.29351573932439,189.28027199354628,2.534676020469089,14.710204827179018,54.21190674944736,0,2026-08-25 06:31:50
2024-01-13 21:30:00,CNC-03,H,299.5374192941528,311.53763981038526,2677.2114239178377,16.637741111330474,78.50119917963093,3.2624832885167385,8.284531122755824,55.204117622507745,0,2026-08-25 06:31:50
2024-01-13 19:19:00,CNC-01,L,300.2441627128445,313.82940743869847,2179.835073643262,28.872464429585477,40.04180600939831,2.772311593211205,11.937237694362477,52.538592182114414,0,2026-08-25 06:31:50
2024-01-13 05:59:00,CNC-03,H,296.31214454262823,309.83335619447723,1836.5437857675254,36.287574409678264,2.7283479228746312,2.3157652136721993,12.528838779135695,57.531938875038854,0,2026-08-25 06:31:50
2024-01-13 08:36:00,CNC-01,L,296.63148316640064,311.7135561864466,1624.3875529948418,47.272320600707516,185.3442462131086,2.934501246275237,14.254403639001579,56.7989045700946,0,2026-08-25 06:31:50
2024-01-13 09:44:00,CNC-02,M,295.51278344242974,308.9977654796543,1384.2677540506572,45.18392715264917,52.45507136802117,2.1403600333134394,11.603422497434707,63.648553377258494,0,2026-08-25 06:31:50
2024-01-13 19:16:00,CNC-03,H,299.8108826095492,313.46134428412347,2338.9020510174314,26.342497145929485,156.09551932767172,3.1671747125448797,11.328879378620162,49.12750556123937,0,2026-08-25 06:31:50
2024-01-13 03:50:00,CNC-02,M,296.25560942581984,309.2371416964736,2495.852452366666,23.101257283897326,43.957139282219025,3.0509839818306643,10.725674882355863,58.96486890655374,0,2026-08-25 06:31:50
2024-01-13 20:51:00,CNC-03,H,299.8923044253203,313.24599780138976,2594.02059161152,,34.65496432496275,3.2299661706843423,11.425534451519919,52.48333465156898,0,2026-08-25 06:31:50
2024-01-13 04:06:00,CNC-01,L,296.77687223239303,309.7657432169094,2368.8810477627653,23.494816943301668,58.57381709455382,3.0224402491584033,10.43302377121237,56.797415247113555,0,2026-08-25 06:31:50
2024-01-13 13:45:00,CNC-02,M,297.29932573544244,312.8065644889559,1363.580742350293,56.72338873859289,217.15192229649526,2.854901076398434,14.430405941317911,54.34008517207654,1,2026-08-25 06:31:50
2024-01-13 18:48:00,CNC-02,M,298.77423056233357,313.7459021107946,2194.8502758729037,33.13379491114572,176.9148499274939,3.1941163589811206,13.339620972065504,52.73527419378294,0,2026-08-25 06:31:50
2024-01-13 21:38:00,CNC-03,H,299.4682428384983,312.8760408566324,2532.9394791922214,25.221611025627332,87.41863299197301,3.14553758735948,11.738060230800546,49.1156893880519,0,2026-08-25 06:31:50
2024-01-13 04:27:00,CNC-01,L,296.5006772163779,309.8113370931668,2374.460264627965,25.317794692377518,84.1082727492547,3.0107463727329744,11.665180382900946,57.90804738187782,0,2026-08-25 06:31:50
2024-01-13 12:21:00,CNC-02,M,296.72517932156927,310.9982406720956,1350.6271643833093,53.235788010339526,84.1855122543804,2.0289576772019573,13.575991151530006,54.133876864599024,0,2026-08-25 06:31:50
2024-01-13 16:01:00,CNC-01,L,25.977889429769334,41.05930152959007,1743.7931221311212,43.59597668444185,191.11667150230426,3.1964048348233844,14.15751776029261,49.89243734038913,0,2026-08-25 06:31:50
2024-01-13 09:30:00,CNC-02,M,295.71255434605087,309.1693087417604,1395.844207486535,46.496664107465556,30.82348638479833,2.094677082311795,12.19238354114446,61.960163137113085,0,2026-08-25 06:31:50
2024-01-13 16:39:00,CNC-01,L,26.23636592544449,40.17208704607225,1832.8409125081973,39.243438552318544,38.63606366523138,2.4092396935395763,13.433635348146362,56.40284172855003,0,2026-08-25 06:31:50
2024-01-13 11:43:00,CNC-02,M,296.18056281159653,310.31309038669445,1411.0664727233636,50.82873754317781,23.809828518281584,1.9905714001691495,13.414502112007195,57.970540809060516,0,2026-08-25 06:31:50
2024-01-13 10:56:00,CNC-02,M,295.9162840104543,310.2995659403541,1377.1450040276204,50.33192911282355,165.80217605111835,2.391338728558443,12.600541274157594,59.52727983200131,0,2026-08-25 06:31:50
2024-01-13 03:30:00,CNC-01,L,297.0282039687989,309.7461457821234,2448.1093093109184,22.400701028223764,16.28557031253073,2.8371931557699117,10.306485623134927,58.05117036382615,0,2026-08-25 06:31:50
2024-01-13 16:16:00,CNC-02,M,25.471786441554684,40.97300563346562,1662.3174717166485,46.942462268655014,208.51679086791924,3.1255177426604743,14.56426486417232,55.79368459246062,0,2026-08-25 06:31:50
2024-01-13 04:19:00,CNC-03,H,296.9305756276969,0.0,2366.35914594438,23.66572621794996,93.20902452527157,2.935775394945814,10.288856954418055,56.54152638566277,0,2026-08-25 06:31:50
2024-01-13 00:12:00,CNC-03,H,298.98259681279086,311.08522173586266,2786.6779208044645,16.075396201566342,52.72021126057203,3.1789864160337333,8.275266797822827,55.34110904728981,0,2026-08-25 06:31:50
2024-01-13 15:37:00,CNC-02,M,298.22699935033245,313.27810079441673,1629.356081056963,46.05251505180719,151.40026194408952,2.5829472791368415,13.740172361056352,52.422214468703984,0,2026-08-25 06:31:50
2024-01-13 08:12:00,CNC-01,L,296.6875929802396,311.80739641238137,1691.6361338738852,48.2320752838175,149.37330480094377,2.541577676434372,15.240075246115579,58.845432138033644,0,2026-08-25 06:31:50
2024-01-13 22:32:20,CNC-02,M,298.22663689195235,311.98288631371094,2608.7561504923515,21.49415128312949,220.5804742263194,3.8938303130039555,10.533233484921052,51.401483834695455,0,2026-08-25 06:31:50
2024-01-13 01:37:00,CNC-02,M,297.61484897580584,309.30801030300864,2687.9013719364857,13.218229593716657,110.81770489541539,3.3551537158022104,6.719472178471173,55.91398353695793,0,2026-08-25 06:31:50
2024-01-13 02:56:00,CNC-02,M,23.846695055525913,37.833906994162305,2594.320109472029,22.186379707471374,197.961562310089,3.713559069723309,10.659584050727009,55.750604357028905,0,2026-08-25 06:31:50
2024-01-13 16:47:00,CNC-01,L,26.50074564154039,40.13034043830544,1871.115639376796,36.172966133022946,49.8510281261123,2.513746088842369,12.6824457111996,50.252240812116185,0,2026-08-25 06:31:50
2024-01-13 00:31:00,CNC-01,L,298.58511111083635,310.6541114160207,2610.295651246219,16.289210693966325,964.6705737912013,2.9756369203443103,8.014324224723003,52.53112302891654,0,2026-08-25 06:31:50
2024-01-13 05:47:00,CNC-01,L,296.3882236406118,310.8540951545201,1989.8229672285427,34.32522909644503,185.7288166720075,3.1639871733951934,12.729867434956718,61.93196664154907,0,2026-08-25 06:31:50
2024-01-13 04:27:00,CNC-02,M,296.08510249920533,309.3023105650932,2280.866687681247,25.482490119708626,88.36523187107588,2.8261582292304532,10.870836073901305,54.95792483195206,0,2026-08-25 06:31:50
2024-01-13 22:27:00,CNC-01,L,300.14172036415084,312.2516428317969,2582.683880062024,18.33351633665925,61.110186920935845,3.1055366546500642,8.73252504760535,48.54030808928854,0,2026-08-25 06:31:50
2024-01-13 12:42:51,CNC-01,L,297.90015508980713,312.6505284688803,1418.1039159341422,55.18710096627835,128.66325539818536,2.3937072889656372,14.847194776569566,52.68762512024855,0,2026-08-25 06:31:50
2024-01-13 12:09:00,CNC-03,H,297.1812846772608,310.49968861515924,1329.8828562661568,47.46352130038624,47.625139565342764,1.9680533482770395,11.884321436525282,57.03797528219007,0,2026-08-25 06:31:50
2024-01-13 17:54:00,CNC-01,L,299.693307871081,313.65664185464163,2162.814232130694,29.404218839681903,141.90525634516993,2.933104742893907,11.85197811867208,51.25769545490219,0,2026-08-25 06:31:50
2024-01-13 13:33:00,CNC-01,L,298.5301204432797,313.3297595726595,1453.566630019213,50.87147331261176,207.62674670924656,3.035355974162363,13.845157865834068,51.106071266664785,0,2026-08-25 06:31:50
2024-01-13 16:00:00,CNC-03,H,31.606835820640754,40.27521203567392,1727.7390533743342,41.8707814440499,161.9294967162062,2.6352874480594513,13.42962139402444,44.57986085724754,0,2026-08-25 06:31:50
2024-01-13 21:58:00,CNC-02,M,298.27148119041595,311.9329486871332,2692.8038343786666,20.18490020129459,183.70847571836526,3.733182410297543,10.16570442957416,49.07317451328254,0,2026-08-25 06:31:50
2024-01-13 16:54:00,CNC-03,H,299.7543267121454,314.92463326205205,1812.740294959562,43.12828494538931,239.38405148296127,3.346201321225433,14.636437375010892,54.317357689984576,0,2026-08-25 06:31:50
2024-01-13 09:35:00,CNC-01,L,296.37520412217907,310.74115471551545,1701.5057229673955,43.44924416825408,41.226801337889555,2.4595126160536003,13.940160725170621,61.624647716435014,0,2026-08-25 06:31:50
2024-01-13 11:19:00,CNC-02,M,296.3121136166968,311.3160757365654,1382.8815179945718,54.16224065145378,202.41337848485148,2.6955818064837422,14.182431076245038,61.429635352910566,0,2026-08-25 06:31:50
2024-01-13 16:07:00,CNC-03,H,31.45305446018517,40.44370032188334,1795.1480668991214,42.5498670501619,172.08606708931651,2.727728432464617,14.24539618656039,44.40842258274104,0,2026-08-25 06:31:50
2024-01-13 10:58:00,CNC-03,H,296.42575030859604,310.6004389827325,1330.1954890785782,51.00700828109183,171.66837804890667,22.446077161703712,12.457558027477024,57.29289194905164,0,2026-08-25 06:31:50
2024-01-13 22:14:00,CNC-02,M,298.29264814103277,310.77402565193125,2636.1365699851813,15.366829036131254,201.09383109259375,3.898728017863522,7.7830691475862,52.72261941455008,0,2026-08-25 06:31:50
2024-01-13 04:23:00,CNC-02,M,296.0982860278402,309.0179045176575,2153.035847959271,26.435130516789727,83.49131896561525,2.8620158921799908,10.699133336014969,56.294947135507805,0,2026-08-25 06:31:50
2024-01-13 22:06:26,CNC-03,H,299.4238193087032,313.00162508578416,2470.330853009575,24.21423051546884,119.45355412595042,3.18068686558921,11.004146020992465,51.729234325849596,0,2026-08-25 06:31:50
2024-01-13 03:21:32,CNC-03,H,297.36334902377394,309.27277470419807,2498.2219801171736,17.71512704360843,26.491082268543494,3.1241471452190104,8.324380667577296,59.4799704683324,0,2026-08-25 06:31:50
2024-01-13 15:02:00,CNC-02,M,297.72676633081517,312.1478956578715,1409.1968947277683,50.66929813643256,98.8863736733242,2.0987421115646776,13.230631323748264,52.66323279329567,0,2026-08-25 06:31:50
2024-01-13 07:40:00,CNC-02,M,295.6242230773266,310.61941170560004,1766.3968027144895,44.12998393699191,102.31091230053376,2.502313564776173,14.59862170312502,64.67322779352337,0,2026-08-25 06:31:50
2024-01-13 15:46:00,CNC-03,H,304.1444527849561,312.4044686474484,1636.3741838409337,42.993510375117424,141.28240762225823,2.5862063700182123,13.076610684210081,48.97902928236701,0,2026-08-25 06:31:50
2024-01-13 07:30:00,CNC-01,L,296.0274708878565,310.9898167299315,1708.0984099924474,45.6378899030782,88.29709886568979,2.4544584378807355,14.535434878854149,60.94357590566077,0,2026-08-25 06:31:50
2024-01-13 20:15:00,CNC-02,M,299.23778948484113,312.48350794920844,2292.816652503916,24.818513194292986,66.42817756995228,2.882992753741702,10.792105647397925,54.80392148493807,0,2026-08-25 06:31:50
2024-01-13 13:27:00,CNC-02,M,296.7881118718895,312.10847445250243,1399.5492283709361,53.69283142348921,188.6524318254948,2.583013543805162,13.9287450064298,53.23255118031109,0,2026-08-25 06:31:50
2024-01-13 01:27:00,CNC-02,M,297.84792928416243,310.70283653186175,2713.9199958067006,19.198707501219065,99.9690546200981,3.3118783817646262,9.759495481047743,56.58823406425311,0,2026-08-25 06:31:50
2024-01-13 02:52:00,CNC-02,M,23.646418281943227,36.54282890337129,2567.2792820958125,18.862633937360815,193.42189294333062,3.624465562327228,9.225429138380179,58.24096577274614,0,2026-08-25 06:31:50
2024-01-13 11:45:00,CNC-03,H,296.64569947983426,310.51011112532814,1424.3714539285174,48.96692141855083,9.526735773515002,2.159273812897755,13.037147965972814,58.40354725778171,0,2026-08-25 06:31:50
2024-01-13 17:50:00,CNC-03,H,299.9155798993076,313.0759075720175,1923.927940354232,,45.22761918693063,2.6550156224065375,11.425632096711965,50.78202949205003,0,2026-08-25 06:31:50
2024-01-13 01:32:00,CNC-01,L,303.50398004647263,309.19569466243786,2681.4420059034082,13.067480088362998,123.72078280525615,3.3233842712389725,6.665472321046374,41.23979623814491,0,2026-08-25 06:31:50
2024-01-13 21:03:00,CNC-02,M,298.9340310954804,311.728497452452,2503.3058940652504,20.49970794874095,122.34226344727715,3.256788120381605,9.555456810068174,49.29727107127722,0,2026-08-25 06:31:50
2024-01-13 15:23:00,CNC-02,M,298.2434495698782,312.8347926686568,1466.4292493832081,50.55147978059444,130.64350261421876,2.3229983058420456,13.79346829765749,56.08804922190105,0,2026-08-25 06:31:50
2024-01-13 05:23:00,CNC-03,H,296.76722406439933,311.56758353751917,2151.6900362725187,33.89405580004183,173.34622706146286,3.1033200063582047,13.956918675963788,60.84284648661514,0,2026-08-25 06:31:50
2024-01-13 19:21:00,CNC-01,L,300.5674060550807,314.7383244985797,2221.083258574314,32.74748649990789,42.50699159564082,2.9134513758407317,13.891634514531006,49.882111055171585,0,2026-08-25 06:31:50
2024-01-13 14:52:00,CNC-03,H,303.7561628168463,311.9035410134347,1594.6947813006493,45.355649895789334,59.781900903084214,2.3677115336874976,13.767191363886344,46.49608565091364,0,2026-08-25 06:31:50
2024-01-13 07:28:00,CNC-02,M,295.3886271204811,309.53759680823816,1800.1180524322604,39.52738056627533,85.00192746013587,2.4624408880783664,13.476440930204648,56.71382761432166,0,2026-08-25 06:31:50
2024-01-13 12:05:00,CNC-02,M,296.23562405645055,310.72877582171964,1355.840888038084,53.430084286785196,58.67530486011944,2.096064007418238,13.516960078684088,58.52123183091826,0,2026-08-25 06:31:50
2024-01-13 09:25:00,CNC-03,H,296.338359888772,310.1966142143607,1372.7669185328657,51.37871755733301,25.963756758996695,2.025160059876649,13.213282774240476,58.68500749637462,0,2026-08-25 06:31:50
2024-01-13 08:09:00,CNC-01,L,296.3174230278143,311.433613097067,1728.3703013153865,47.46157236088313,144.94152358805252,2.6273890991045064,15.242539481615966,60.18478384871846,0,2026-08-25 06:31:50
2024-01-13 08:07:00,CNC-02,M,295.5462909568569,310.7806401025453,1644.759081662211,49.07600577657947,141.52515942165624,2.4289449275571173,15.227443969388906,59.86676163333596,0,2026-08-25 06:31:50
2024-01-13 15:01:00,CNC-01,L,298.995117469482,313.2970948396792,1620.584997848527,44.63284716905645,101.6292542223723,2.3925020159833976,13.701922171121911,49.99466137514716,0,2026-08-25 06:31:50
2024-01-13 15:53:00,CNC-02,M,24.93016017856081,40.54206432680036,1731.7144743481379,47.12899552733859,174.93487521333515,2.743986567027733,15.097833383565021,48.23065189672444,0,2026-08-25 06:31:50
2024-01-13 07:47:00,CNC-01,L,296.16474616316935,310.2284267782199,1642.7315182671305,43.519141843019455,112.87498155788852,2.441806328765549,13.54166719218192,56.75836876151116,0,2026-08-25 06:31:50
2024-01-13 04:06:00,CNC-02,M,296.25050814587445,309.66543992560395,2301.78380361716,27.10229522037063,62.95558063492137,2.7515030990130325,11.36554027895317,60.61817011078907,0,2026-08-25 06:31:50
2024-01-13 15:12:00,CNC-01,L,299.05584037481947,313.22949744089124,1631.9904375785366,42.61329539944501,118.10605989785637,2.3916479580922534,13.071390330126562,50.115086768613565,0,2026-08-25 06:31:50
2024-01-13 11:47:00,CNC-03,H,297.0223020273946,310.39675846521766,1434.455022350939,45.95197930663488,12.597850546192365,20.45006160815472,12.292530855151131,60.572431697780225,0,2026-08-25 06:31:50
2024-01-13 10:06:00,CNC-01,L,296.43145409556166,310.7718028188894,1428.8343986551683,51.67457179487185,89.51286682145434,2.2233561519288942,13.815940844024277,59.96670725537198,0,2026-08-25 06:31:50
2024-01-13 04:54:00,CNC-02,M,295.6092333680871,309.59913615934096,2276.0354044468545,28.682252145798763,121.52084395304888,2.931899867362587,12.080558454975533,59.80376586395456,0,2026-08-25 06:31:50
2024-01-13 08:17:00,CNC-01,L,296.5229262498498,310.65010273796486,1594.1378832947967,42.328921685151286,156.83908444426675,2.53037647470721,12.524913325039602,60.73289149742121,0,2026-08-25 06:31:50
2024-01-13 16:16:00,CNC-03,H,25.759945733829,41.05723976204007,1688.6809199952304,48.56894680970434,185.34892615915984,2.7776597678861443,15.561763521159566,54.93571102570195,0,2026-08-25 06:31:50
2024-01-13 16:44:00,CNC-03,H,26.152566577904565,41.128116640969836,1834.015665931713,,225.39214623005913,3.213528876322293,14.332255004872684,51.40680321827977,0,2026-08-25 06:31:50
2024-01-13 16:42:00,CNC-01,L,26.547678101663678,40.67361369059921,1974.4040605489872,36.16602541881628,42.84152331460499,24.73746452710588,13.453479802991783,51.95835082333837,0,2026-08-25 06:31:50
2024-01-13 15:01:00,CNC-02,M,297.9957117321078,312.6741843071253,1383.1294328116894,54.600932435215746,,2.0789985352935934,14.32135893816031,49.21155036288763,0,2026-08-25 06:31:50
2024-01-13 18:10:00,CNC-02,M,304.21362898960837,312.4473885612003,1969.8571590790193,32.681425757838255,127.59906282924572,2.7173226583119323,12.097203841608383,46.76793366371892,0,2026-08-25 06:31:50
2024-01-13 02:54:00,CNC-03,H,24.39887060012387,38.515357463450584,2454.2947663003256,25.46675007407686,229.04748955639866,3.6625174952207167,11.558054853017202,55.966899637225225,0,2026-08-25 06:31:50
2024-01-13 12:47:00,CNC-03,H,297.83542822777196,312.36006074913047,1568.6822801024884,46.67471337208828,107.769443410772,2.3634570459431643,13.684198433785435,52.27860110010048,0,2026-08-25 06:31:50
2024-01-13 16:42:00,CNC-02,M,25.202266280337653,38.837187062540124,1707.7244324548287,38.10019106899265,7.178777213138404,2.372124153469332,12.125834539922632,51.78559645980273,0,2026-08-25 06:31:50
2024-01-13 22:45:00,CNC-01,L,300.3193399490621,312.85620038673477,2643.5739513721037,18.457686922491494,80.60999047808707,3.2436907411494,9.131555840259795,54.33811136393526,0,2026-08-25 06:31:50
2024-01-13 03:51:00,CNC-03,H,297.19568738190134,310.2210224395028,2428.6091499964336,23.149777436226554,59.35334274351323,2.9080453904204338,10.414279502908927,59.43345427676532,0,2026-08-25 06:31:50
2024-01-13 13:30:00,CNC-03,H,297.7272206200962,312.4821571954732,1396.9863558133543,53.04723779210067,175.85245548683162,2.4907039006707477,13.783105633241187,57.12738107335006,0,2026-08-25 06:31:50
2024-01-13 06:59:00,CNC-03,H,296.05593272369936,310.11850175766955,1884.7009340634547,38.161922291600405,84.58188359473455,2.606855141744317,13.449057157149701,59.0446551379093,0,2026-08-25 06:31:50
2024-01-13 02:31:00,CNC-01,L,24.513702536365486,38.177611970847806,2492.1309167228674,23.492339822068274,188.39069151957494,3.687801106721651,11.103398547629649,51.248835428834255,0,2026-08-25 06:31:50
2024-01-13 03:48:00,CNC-02,M,296.60355989629386,309.31176938167135,2367.1588983197553,22.3859196055739,41.611136997136654,2.8522148455460616,9.81992393004811,58.87017033692774,0,2026-08-25 06:31:50
2024-01-13 06:01:00,CNC-01,L,295.99726014269976,311.12928837280725,2126.794950366628,36.79857126888324,204.24112417816076,3.6556388396662625,14.526724663901343,59.81498601771874,0,2026-08-25 06:31:50
2024-01-13 22:50:00,CNC-03,H,299.25428437162634,311.9967633981232,2689.904859752629,17.493030665713583,166.26934544651485,3.58449779424502,9.136496463111714,52.07601115866027,0,2026-08-25 06:31:50
2024-01-13 14:56:00,CNC-01,L,298.92678307818284,312.7886578860567,1506.6051543638914,45.15077930099734,93.99441536579546,2.2191392005359942,12.607398791722455,57.344830159227904,0,2026-08-25 06:31:50
2024-01-13 10:09:00,CNC-02,M,295.49860549550885,309.9178912111017,1329.4672213826927,52.59432616569071,91.4304074176728,2.1118623912776537,13.32890820505332,66.61319563544409,0,2026-08-25 06:31:50
2024-01-13 00:38:00,CNC-03,H,298.8802849637474,310.8875795355113,2782.7775536789118,15.21908513527378,80.57626163618487,3.2799774417030334,7.83028545692362,54.35606695126192,0,2026-08-25 06:31:50
2024-01-13 04:54:00,CNC-01,L,296.5326151978015,310.31554085245745,2396.584632316574,26.617432198987768,117.55392381244326,3.097594182971036,11.94936175004856,53.26481544470785,0,2026-08-25 06:31:50
2024-01-13 18:35:00,CNC-02,M,298.4064791004116,313.4683770859535,2048.5772999850187,36.28311560991057,160.2295736842069,2.9388020030071833,13.740323424367146,56.79538474155408,0,2026-08-25 06:31:50
2024-01-13 13:29:00,CNC-03,H,297.9079397775171,312.58638949158046,1330.2542991663029,54.95027405732291,174.25245548683162,2.3611260678687866,13.883544098114761,55.251880804633174,0,2026-08-25 06:31:50
2024-01-13 12:02:00,CNC-02,M,3411.2369003863646,310.2552986643152,1498.69707772282,46.510789525068695,53.93747043857647,2.0437218357100027,13.095888923104807,58.561350755056374,0,2026-08-25 06:31:50
2024-01-13 06:02:00,CNC-01,L,296.2100025600311,311.4913182680801,2160.9128590717164,36.55779306812858,205.53639529834516,3.6064287308275795,14.627253743495436,56.13472207217383,0,2026-08-25 06:31:50
2024-01-13 01:53:00,CNC-02,M,297.2670297367126,310.08506454640747,2495.2699243983543,20.09883225202833,128.2159165331351,3.2265582143284575,9.506135929690245,53.55242322840597,0,2026-08-25 06:31:50
2024-01-13 07:27:00,CNC-02,M,295.45199604999556,309.29758606380324,1617.4187783961804,40.14496713312162,83.56819147541697,2.2911184794284964,12.243422191228232,62.382855815157036,0,2026-08-25 06:31:50
2024-01-13 00:48:00,CNC-03,H,298.6324668038679,310.1287755336295,2811.4081950154246,12.71127753820924,91.09068277944098,3.375636698849684,6.736732153454886,55.02756668323281,0,2026-08-25 06:31:50
2024-01-13 14:07:00,CNC-03,H,298.413837965053,313.6386874830724,1500.2315235463368,52.198896175719895,233.76595930348344,2.935100507343526,14.543679493084982,51.31230110236215,0,2026-08-25 06:31:50
2024-01-13 00:34:00,CNC-03,H,298.8710083311476,311.7201714272382,2454.823474967967,22.370160804801422,76.34515587909789,2.9457351514852292,10.45434519066749,54.46524932376592,0,2026-08-25 06:31:50
2024-01-13 19:08:00,CNC-03,H,299.9920049057558,314.26955343490044,2179.8602438070566,32.51529573416495,146.1792008434955,2.925246879280098,13.387982336263834,45.992908886512204,0,2026-08-25 06:31:50
2024-01-13 19:26:00,CNC-01,L,300.35957148110685,313.9208116491675,2154.951712658342,30.430942763348046,48.71787398664852,2.7749594855496618,12.3312347772442,48.242563457640706,0,2026-08-25 06:31:50
2024-01-13 08:43:00,CNC-01,L,296.19446768904146,311.5100996876616,1690.9085868385014,45.531132835388526,195.82838068813163,3.0221284128360657,14.432725676948685,56.70451498588852,0,2026-08-25 06:31:50
2024-01-13 00:47:00,CNC-02,M,298.685712433894,310.1721919036697,2725.984897350133,13.523629382830347,57.23163163361245,3.2669182210839405,6.964975545099861,50.23158669517642,0,2026-08-25 06:31:50
2024-01-13 23:34:00,CNC-03,H,298.8887307242767,311.20961516997517,2773.3353094905065,14.442828330183001,213.12099677970298,3.877883957961173,7.4418854854401655,54.09547696997128,0,2026-08-25 06:31:50
2024-01-13 16:58:00,CNC-01,L,299.86177428065787,314.46021458553713,1672.3289360556698,45.36121875279519,65.33067428982197,2.3575010316377765,14.359791735940806,54.60699818013165,0,2026-08-25 06:31:50
2024-01-13 03:53:00,CNC-02,M,296.46236150762695,309.50723226863084,2326.8072810443505,25.629134334160163,47.53052195325574,2.98083052843097,11.187678268479608,61.12743335501849,0,2026-08-25 06:31:50
2024-01-13 20:15:00,CNC-03,H,300.02457732479985,314.11300095963946,2342.5843635738793,26.87767592918516,227.78598749030766,3.6928052987956645,11.737069676405518,48.33058545613409,0,2026-08-25 06:31:50
2024-01-13 07:10:00,CNC-01,L,296.3434284656305,310.24799456264367,1904.7876845281528,35.88505064540515,59.63668628117266,2.628815377597738,12.70863010804569,60.398005216399774,0,2026-08-25 06:31:50
2024-01-13 00:25:00,CNC-01,L,298.67182660381314,310.8016878309851,2632.7113415215454,16.314227855745443,51.78607732656864,3.1979960936984995,7.674867043842262,52.06995556069697,0,2026-08-25 06:31:50
2024-01-13 13:34:00,CNC-01,L,298.18430754815387,313.14325949511004,1541.6595866404994,48.51702105071746,209.1716045794745,3.0086278459772258,13.984252846222148,57.12577664309748,0,2026-08-25 06:31:50
2024-01-13 11:08:00,CNC-03,H,296.79850351556536,311.5338817588466,1393.8595394253866,51.35521136020694,187.42605732822332,2.4057860049708317,13.64438752210353,56.11905895523325,0,2026-08-25 06:31:50
2024-01-13 20:54:00,CNC-01,L,300.22243348566934,312.40666497330136,2757.5006485204517,15.46982697584832,152.79339168800018,3.719305967780314,8.017253579662707,46.068806514154524,0,2026-08-25 06:31:50
2024-01-13 19:30:00,CNC-03,H,300.14640476581644,313.91136966615284,2321.249913721496,26.731025150631396,173.42541669127726,32.08009488778227,11.727038785036518,53.1555381435699,0,2026-08-25 06:31:50
2024-01-13 23:01:00,CNC-02,M,297.94827945800824,309.9438553498024,2634.731044729792,16.008361685824234,16.93548050395391,3.1649336705573154,8.074537023458271,55.52386714276272,0,2026-08-25 06:31:50
2024-01-13 13:36:00,CNC-02,M,296.8947095091176,311.62614096294703,1354.4464204332735,50.997765901541975,202.91040644288108,2.76750520596337,12.691586266155296,55.936482201692286,0,2026-08-25 06:31:50
2024-01-13 00:18:00,CNC-02,M,299.03002012660096,310.18502918643173,2673.1357227296803,13.198127865580016,26.5472731119449,3.2417609458092316,6.585984515233263,48.57788603132939,0,2026-08-25 06:31:50
2024-01-13 12:22:00,CNC-01,L,297.44190690164965,311.6520187389996,1335.767275174744,51.50374490656024,95.38845670363409,2.0013177460796694,12.901457508582453,52.906714863378106,0,2026-08-25 06:31:50
2024-01-13 06:18:00,CNC-01,L,296.1602186751693,311.1495908698789,1929.4548226684708,39.339081239100985,227.08950248293021,3.723790169570735,14.150101753787771,58.34335363759448,0,2026-08-25 06:31:50
2024-01-13 14:36:00,CNC-03,H,304.15096758095535,312.0598963620246,1525.975747476101,46.34337540385806,35.4182140971905,2.238873189593044,13.380063319721547,45.65721383230916,0,2026-08-25 06:31:50
2024-01-13 14:32:00,CNC-02,M,297.7612451238929,312.19422112601706,1493.3427174505775,48.45649629294145,52.69441168855627,2.0555646350153087,13.34048862045214,57.17671134390685,0,2026-08-25 06:31:50
2024-01-13 17:04:00,CNC-03,H,299.7955017852768,315.64042022842204,1974.337274560509,42.374727192245096,253.49091591805814,3.6785068034834403,15.823130321373572,47.06353379590788,0,2026-08-25 06:31:50
2024-01-13 23:42:00,CNC-01,L,299.7527353852593,311.3061468355331,2783.853406091518,12.76980371062142,141.17725835697672,35.84616487068479,6.690012318993504,50.983383612502,0,2026-08-25 06:31:50
2024-01-13 07:18:00,CNC-03,H,296.17278397270576,310.33190671521317,1747.992310832118,41.01446856826989,111.34983910078034,2.513340772295004,13.375240205254508,53.27880177821341,0,2026-08-25 06:31:50
2024-01-13 21:56:00,CNC-01,L,300.05522696811835,311.25330958919693,2764.2810089954482,13.093168951921438,27.564646236585066,3.223739178836715,6.661243547461061,50.770873672308596,0,2026-08-25 06:31:50
2024-01-13 02:51:00,CNC-03,H,24.388548717781532,38.15848420554863,2599.9154609783573,23.45127468913411,225.56270341633237,3.8478738646578963,11.47448057260388,54.539607697415704,0,2026-08-25 06:31:50
2024-01-13 12:17:00,CNC-01,L,297.92353797048924,311.9010710207267,1369.6698952214404,51.03829634840757,87.47362754813051,21.387489849134116,12.998161637870556,52.69477017178444,0,2026-08-25 06:31:50
2024-01-13 10:07:00,CNC-03,H,296.0339323622002,310.2961659686452,1419.5776910366865,51.5946306101951,91.13427190294793,,13.571605819831086,63.75159649024817,0,2026-08-25 06:31:50
2024-01-13 13:29:00,CNC-02,M,296.8338881824263,312.1364835749945,1481.417385283882,53.98960082432507,191.82697520092887,2.681049884406395,15.023276646411993,57.830775193775175,0,2026-08-25 06:31:50
2024-01-13 11:36:00,CNC-01,L,297.8138334128157,311.52062642310244,1314.5893743796194,48.68818760509319,22.29094303826574,2.030593573399261,11.933709794982304,50.39405113315522,0,2026-08-25 06:31:50
2024-01-13 23:34:00,CNC-01,L,299.6335635752735,312.215001764698,2594.2844550717873,17.635155373111964,132.81747643267417,3.2428837762565195,8.687222989349499,52.15085082738071,0,2026-08-25 06:31:50
2024-01-13 03:28:00,CNC-03,H,297.2199994069174,308.7691299299616,2444.9688797172075,16.12969558057994,32.30699035183277,2.94780042180879,7.039606213127098,51.70693897946479,0,2026-08-25 06:31:50
2024-01-13 18:51:00,CNC-02,M,298.650360472907,312.6882016731081,2177.545999019733,29.377649328818794,180.8493652569533,3.237412353676742,11.872697405736039,52.28635882686029,0,2026-08-25 06:31:50
2024-01-13 15:27:00,CNC-03,H,304.0598644999179,312.2306790091994,1585.9588904570076,42.949699842995486,112.94072398261163,2.3369616565640507,12.62599114471841,45.13625504917975,0,2026-08-25 06:31:50
2024-01-13 18:38:00,CNC-01,L,300.3484765841395,315.32563392316086,2155.3738313865388,35.5673695195617,199.60394954262858,3.4900848972573897,14.059835407606235,,0,2026-08-25 06:31:50
2024-01-13 13:58:00,CNC-02,M,297.19164232749836,311.03656564665624,1414.1222112948349,47.80431939149789,0.0,2.0985122427121667,12.561668851020812,57.07491341298063,0,2026-08-25 06:31:50
2024-01-13 10:03:00,CNC-03,H,296.05631386036123,309.9169394109522,1405.4686101143457,47.11102119489202,84.87557849473131,2.1345818135833396,12.476120351075949,53.55991543058147,0,2026-08-25 06:31:50
2024-01-13 05:43:00,CNC-02,M,295.8074426954114,310.153425894733,2129.461401298593,32.15393468767175,184.37470960035284,3.2785230627338,12.749485679117507,59.77561249023338,0,2026-08-25 06:31:50
2024-01-13 15:23:00,CNC-01,L,299.17081554476573,314.2728350344996,1620.9052989401382,49.26484129720167,134.636616451723,2.5358694554264885,14.844911297672306,49.83274160645203,0,2026-08-25 06:31:50
2024-01-13 04:44:00,CNC-03,H,296.0928859777041,309.5264267973472,2324.204106453758,25.75114193873361,124.07067364549295,3.0541437581090096,11.327336608589446,57.02462005299865,0,2026-08-25 06:31:50
2024-01-13 18:16:00,CNC-03,H,300.1320922998382,313.639306342834,2162.396505619612,29.51947764005256,79.68893664378533,2.759463192019972,11.785639183164173,46.36629411429379,0,2026-08-25 06:31:50
2024-01-13 04:21:00,CNC-03,H,296.772880077174,310.4264358457238,2340.7183437306458,26.54896091784105,95.62426059896198,2.9597411091638954,11.881439014682432,56.79938264617935,0,2026-08-25 06:31:50
2024-01-13 11:04:00,CNC-01,L,297.1367095079453,311.4097722633418,1369.8088887603087,49.83757952960247,181.02006770538662,2.6546966952658595,13.088950422737533,54.91760914559712,0,2026-08-25 06:31:50
2024-01-13 02:32:00,CNC-03,H,24.84923937677729,38.31642204569732,2595.484680711267,21.448049481268807,204.12965094395628,3.6936966391024986,10.66967484313733,53.7816784798723,0,2026-08-25 06:31:50
2024-01-13 11:18:00,CNC-02,M,295.83512145034456,310.4242254024875,1306.988846815125,53.59387967950812,200.81337848485148,2.565716174397938,13.383739333645211,56.19313222521539,0,2026-08-25 06:31:50
2024-01-13 09:42:00,CNC-01,L,296.5985275903327,310.72838663485317,1554.0585432198934,45.81795511177407,52.014498949485,2.1740281036379763,13.402464571850901,57.27341959369918,0,2026-08-25 06:31:50
2024-01-13 13:08:00,CNC-02,M,296.76620406124397,312.03556353298694,1426.8116338096117,55.02304883264892,158.70035933073962,2.3912719938589406,14.780185953298854,54.42916519866979,0,2026-08-25 06:31:50
2024-01-13 07:33:00,CNC-03,H,295.9021370048711,310.6227159152673,1715.9381404226413,44.089422917695714,132.72599510481152,23.157410454009142,14.163807421087196,54.8969401551512,0,2026-08-25 06:31:50
2024-01-13 21:11:00,CNC-02,M,,311.8814849488726,2617.1801007516187,20.114612819860593,131.34122306733542,3.3837424755941856,9.927947761938594,56.87763041997241,0,2026-08-25 06:31:50
2024-01-13 08:58:00,CNC-03,H,295.9444178543188,311.47978880964905,1712.6726233026698,46.72521981715262,,3.4676814593444947,15.118453999997621,60.23714632606203,0,2026-08-25 06:31:50
2024-01-13 01:17:00,CNC-01,L,304.0347881653322,311.0229615490137,2607.7189313008785,19.67582577425497,107.27856478328921,3.220697849840055,9.761708913363401,42.927688064501865,0,2026-08-25 06:31:50
2024-01-13 16:39:00,CNC-02,M,25.382489001682814,39.537555226308996,1697.6321142038842,42.05019855690959,2.8342597279107737,2.256932269693075,13.476696561962603,54.699245865707084,0,2026-08-25 06:31:50
2024-01-13 06:26:00,CNC-02,M,295.52683845317176,310.71744426454825,2020.9014312858026,37.36305070135162,242.25835833860643,3.7882940058204015,13.922578129878898,59.20233853846063,0,2026-08-25 06:31:50
2024-01-13 03:13:00,CNC-02,M,296.70696636328074,308.38518040318496,2627.762227473533,15.15656289009489,1.112617022274392,3.1872911029969324,7.505429831418017,56.628992643719755,0,2026-08-25 06:31:50
2024-01-13 22:16:00,CNC-01,L,300.3787588052637,312.2235822342014,2614.571908596582,16.149497398667677,49.207472756496855,3.188631792380718,7.893248315952969,52.35741296535238,0,2026-08-25 06:31:50
2024-01-13 11:59:00,CNC-02,M,296.3138182957429,310.5404933942482,1379.632121781834,51.73851567769008,49.19227324164837,2.0410422474772525,13.538781830200826,59.23084215867042,0,2026-08-25 06:31:50
2024-01-13 09:56:00,CNC-01,L,296.50395114432223,310.1988210608458,1562.0802342469908,43.12805175690707,73.85181446796689,2.2148267463452505,12.362998269093966,56.637978910584515,0,2026-08-25 06:31:50
2024-01-13 14:11:00,CNC-03,H,298.2538914956474,313.45723579855667,1405.8642653281272,53.92743114141647,239.98437750364607,29.88568088177156,14.181553939417872,57.1860535172892,0,2026-08-25 06:31:50
2024-01-13 03:19:00,CNC-03,H,297.26235347626726,310.0071429669301,2462.1280932253344,22.049722099359194,21.85966144719242,3.123825395673701,10.305071412351335,55.345409173111264,0,2026-08-25 06:31:50
2024-01-13 00:52:00,CNC-03,H,298.82066827369147,310.6545146877466,2818.663178541997,15.077940591931462,95.34098515394895,33.22580795620535,7.81956523433362,52.062253952532345,0,2026-08-25 06:31:50
2024-01-13 01:23:00,CNC-03,H,298.32526521304885,310.14764915148237,2794.583515068595,13.826484618998517,128.4414056371583,3.485857417262736,7.186643523057316,51.88601759977214,0,2026-08-25 06:31:50
2024-01-13 12:40:20,CNC-03,H,297.46305874866454,311.34119260310354,1434.684011362896,47.59616362806619,95.22312800304249,2.2023111428209603,12.872770295987495,56.346438000853674,0,2026-08-25 06:31:50
2024-01-13 00:51:00,CNC-02,M,298.6519771776972,309.84450142885953,2750.256669017843,12.269302906020895,61.46526577300309,3.3245415787845785,6.397161072059133,52.15561018323738,0,2026-08-25 06:31:50
2024-01-13 08:50:00,CNC-03,H,296.03794347771407,310.87471104461866,1398.1990813003592,51.428162802055446,246.08800652587027,2.9569670607274525,13.82658198305989,55.973474145039866,0,2026-08-25 06:31:50
2024-01-13 01:38:00,CNC-01,L,303.57143693432175,310.37788954331427,2580.7117783564318,20.29889082478381,130.33530720516083,3.3601949523721575,9.826466651922242,44.93878171068985,0,2026-08-25 06:31:50
2024-01-13 00:41:00,CNC-02,M,298.5462402137849,309.8930055212755,2706.5156032064624,12.917421459852248,50.82316615069141,3.3229770728166823,6.4670961404992235,50.78983426601738,0,2026-08-25 06:31:50
2024-01-13 07:56:00,CNC-03,H,295.97989727867207,310.61611306753053,1883.7821338937952,38.868263714745524,165.78418592949228,2.731940738519628,13.673614721807272,62.891852653037624,0,2026-08-25 06:31:50
2024-01-13 15:18:00,CNC-01,L,298.7909961683568,313.0893927782965,1578.144767698807,46.91282454452063,127.20373834481636,2.4246345874958646,14.019929305496444,55.456216516861005,0,2026-08-25 06:31:50
2024-01-13 03:30:00,CNC-03,H,297.49476360189664,310.68958083437013,2358.506949164953,25.4843559609772,34.63837232531388,2.9125447692407436,11.081125241374187,55.6303855522735,0,2026-08-25 06:31:50
2024-01-13 06:14:00,CNC-01,L,296.22732584257096,310.6663275513929,2163.9677506778153,30.826252113120358,221.63825696383412,3.714761497165225,12.20786306449192,50.4786208940307,0,2026-08-25 06:31:50
2024-01-13 16:32:00,CNC-03,H,26.076560173736482,40.79700523671511,1858.0866140094595,38.4084426142152,208.42789592444353,3.057486271368176,13.309402979207052,50.7352887810698,0,2026-08-25 06:31:50
2024-01-13 23:53:00,CNC-02,M,297.8362935769093,0.0,2621.827289100323,20.51170949273883,72.29781289997793,3.146460847845855,10.098960496850532,52.58719869465956,0,2026-08-25 06:31:50
2024-01-13 12:46:00,CNC-02,M,296.57725825578456,311.19462695899057,1361.1797379094442,51.73403345994681,123.7993165961257,2.130185225765985,13.126774677914225,53.968367126372144,0,2026-08-25 06:31:50
2024-01-13 22:30:00,CNC-03,H,299.4809117831643,312.08112850912045,2767.1165334389025,16.93475469228109,144.5801334387668,3.6357934303788895,8.64668517017484,54.10320210441434,0,2026-08-25 06:31:50
2024-01-13 22:14:00,CNC-01,L,300.0285464160188,312.3247471442332,2580.9447617228725,18.39716310167371,47.060578532247405,3.1264409748607305,9.200139415201784,50.77578243645358,0,2026-08-25 06:31:50
2024-01-13 23:44:00,CNC-03,H,298.4847635522228,310.67488132451194,2693.276883898351,13.988273043018697,223.70151354127486,3.922409367902262,6.792287548756063,53.0460915479315,0,2026-08-25 06:31:50
2024-01-13 22:23:00,CNC-03,H,299.346246338728,312.343348857309,2552.499121953408,20.249980385295462,137.0416517627164,3.26995014010261,9.773039893768924,52.62475807461602,0,2026-08-25 06:31:50
2024-01-13 05:36:00,CNC-02,M,295.738753484236,311.125622400381,2131.3159258726546,37.71212949108087,175.14220840948548,3.15998963686833,15.073869195904333,54.78289984554564,0,2026-08-25 06:31:50
2024-01-13 23:38:00,CNC-02,M,297.70398387878504,311.0630461206047,2621.472256912819,22.340253854230383,56.30223893719311,3.292658145938966,10.916522577357552,54.11407110358796,0,2026-08-25 06:31:50
2024-01-13 08:13:00,CNC-01,L,296.1729207778733,310.1009981976305,1438.1493057334242,45.47283871673724,150.8937564125679,2.5639134919042146,12.147915791238812,59.26357197418204,0,2026-08-25 06:31:50
2024-01-13 23:21:00,CNC-01,L,299.8611183735083,311.7240756936127,2734.5320385212826,15.388466336261718,119.05091231591875,3.4805571076413324,8.019073504972225,50.07351945010052,0,2026-08-25 06:31:50
2024-01-13 01:28:00,CNC-02,M,297.8036801788118,309.62860827264467,2775.699958199753,14.438505612886711,100.99905462009811,3.3790962501318176,7.3378123818090595,55.45573511324173,0,2026-08-25 06:31:50
2024-01-13 23:24:00,CNC-01,L,299.6868789156791,312.12624418028156,2658.775048016824,17.780254743714785,122.28867073958041,3.3378156930611413,8.915572989906668,58.202116672996794,0,2026-08-25 06:31:50
2024-01-13 09:46:00,CNC-01,L,296.42329649922465,310.36102848742223,1541.1299639472434,45.50063627030493,58.216167936836335,2.2125205822305816,13.130866889003498,57.665499217292215,0,2026-08-25 06:31:50
2024-01-13 12:20:00,CNC-02,M,296.4916435078417,310.53270252298876,1433.2762508662279,46.9376929500226,82.5855122543804,2.16700090546646,12.398444414675806,57.433956146499135,0,2026-08-25 06:31:50
2024-01-13 17:09:00,CNC-01,L,299.7655591085783,313.8088921106566,1691.5206004557256,43.366900900125714,80.69126827730592,2.3137808429280122,13.802743866383414,54.0389053358742,0,2026-08-25 06:31:50
2024-01-13 19:16:00,CNC-01,L,300.6130744829616,314.0587848427906,2263.2519390661714,27.899934452044015,36.38344353255275,2.924850872752618,11.784860881932962,50.36017445999941,0,2026-08-25 06:31:50
2024-01-13 10:37:00,CNC-01,L,296.5059613497784,311.0941506944543,1462.5258332876879,49.818644559550265,138.30158995800144,2.3511783274482707,13.529640605375542,55.515899984556626,0,2026-08-25 06:31:50
2024-01-13 16:52:00,CNC-02,M,25.34086551545323,39.52593925018817,1781.8131443932496,38.42295598626833,21.42401412866269,2.437346313918251,12.866820451076144,53.48213892057212,0,2026-08-25 06:31:50
2024-01-13 20:20:00,CNC-01,L,300.3574965096423,314.182229144965,2512.0703420607992,24.27828491552103,113.66293436768571,3.2182211317436455,11.363467890037855,49.69248081404372,0,2026-08-25 06:31:50
2024-01-13 18:03:00,CNC-03,H,300.11194493600044,313.53746667351356,2043.8552179512862,30.46852406337504,62.57486806280853,2.591717857506765,11.71386908939984,50.6386366240504,0,2026-08-25 06:31:50
2024-01-13 22:29:00,CNC-01,L,300.1128168218299,312.35642369926677,2570.656919571761,18.89426204107361,63.30443877837352,3.0911861262775115,9.026246897024164,53.17839382656368,0,2026-08-25 06:31:50
2024-01-13 09:29:00,CNC-03,H,296.23507718269826,310.57053091866015,1496.024286205405,50.27308605292543,32.067283145950064,2.1707885648243033,13.996108261366647,54.6060730280591,0,2026-08-25 06:31:50
2024-01-13 04:04:00,CNC-01,L,297.0252529618197,309.21121297587484,2354.5460355139985,19.61116913182078,56.25882489600219,2.888865803511246,8.523420882216417,55.06415075096986,0,2026-08-25 06:31:50
2024-01-13 22:34:00,CNC-03,H,299.5353482640104,312.44063057034134,2545.4021988262916,18.762118001844776,148.9390222223093,3.3204714905794126,8.91357490691491,52.64899173818417,0,2026-08-25 06:31:50
2024-01-13 18:25:00,CNC-02,M,298.5517917653665,312.7639065762736,2309.910967742171,28.169098206055732,147.26592140110702,3.149357131862947,12.31586296599366,54.83797757198827,0,2026-08-25 06:31:50
2024-01-13 17:54:00,CNC-02,M,304.2712627020459,312.52836908374945,1966.0253316969981,35.294282451979115,106.4683785793742,2.654682959119375,12.983474963756922,47.018808444858976,0,2026-08-25 06:31:50
2024-01-13 03:42:00,CNC-02,M,296.590027864504,309.82322272873046,2224.038448961004,25.728098170526827,34.67590256975532,2.6750144238598366,10.613307594877076,61.37486369868141,0,2026-08-25 06:31:50
2024-01-13 17:14:00,CNC-03,H,299.57335813529136,314.6725082626022,1759.2279865852915,43.355129758464,267.3797782254267,3.5702833546680903,14.380606523743369,51.42485154623141,0,2026-08-25 06:31:50
2024-01-13 13:35:00,CNC-02,M,297.06605308957796,311.8198316938078,1384.1759538568876,51.71865033379376,201.32200930773212,2.672459696809101,13.496565210973513,56.21655119921271,0,2026-08-25 06:31:50
2024-01-13 16:44:00,CNC-02,M,25.350596128587313,39.302039190874154,1789.3603272822338,38.80560430373191,10.007245322869753,2.4252445441765733,13.1094248903462,54.365508177146594,0,2026-08-25 06:31:50
2024-01-13 05:44:00,CNC-01,L,296.3200530464873,310.6680090851152,2178.6894166241937,30.4623800268801,181.80901723749696,3.335546966862931,12.107949072362134,63.885136018641354,0,2026-08-25 06:31:50
2024-01-13 00:36:00,CNC-02,M,298.48569249209925,309.99634847263746,2779.8403344057306,13.84300792535129,45.5213372234424,3.351247053263692,7.231298505031726,48.14781922346791,0,2026-08-25 06:31:50
2024-01-13 22:45:03,CNC-03,H,299.15685935682916,311.9829396767755,2562.797231321745,18.687229104467633,161.95884843244087,3.485431923411617,8.716010338573698,54.985029853593964,0,2026-08-25 06:31:50
2024-01-13 20:18:00,CNC-01,L,300.397475320342,314.2334104654231,2330.528999704297,27.240856753598568,111.32952174927094,29.492004359242497,12.025937936623144,51.90822939022802,0,2026-08-25 06:31:50
2024-01-13 14:12:00,CNC-02,M,297.17294631785643,311.0716373520956,1592.2967225305288,43.45132074662732,21.96734106262677,2.308151451408279,12.999202563059153,53.769887028022175,0,2026-08-25 06:31:50
2024-01-13 06:33:00,CNC-02,M,295.53044154940244,309.27607238816745,1981.8373928282447,35.35534514714263,8.096520742889918,2.708168111785493,12.859430191522865,60.52254628149428,0,2026-08-25 06:31:50
2024-01-13 03:55:00,CNC-01,L,297.27930455675124,310.27755360760614,2333.860935737286,25.21485824391142,45.643851209803074,29.21972537972634,10.974209431961105,55.26131240418706,0,2026-08-25 06:31:50
2024-01-13 00:32:00,CNC-01,L,298.5336296675732,309.1717907992061,2745.612937074994,9.036748468018892,59.31692518299593,3.242336408713004,5.111214316439224,53.32561744112804,1,2026-08-25 06:31:50
2024-01-13 10:12:00,CNC-02,M,295.521253514597,309.77386795357313,1346.8248867530956,51.7155760995565,96.20524991298468,2.0157079788633827,12.910880177801653,61.39948841497431,0,2026-08-25 06:31:50
2024-01-13 14:18:00,CNC-03,H,298.36997786139557,312.5346229334061,1540.8228221025008,48.70197223138077,7.615755539415412,2.2103074659591644,14.070359717093163,53.53341389589332,0,2026-08-25 06:31:50
2024-01-13 12:29:00,CNC-02,M,296.9167147059132,311.1394711085807,1418.0262914262453,47.898770977923775,96.83834927869817,2.0686819039406212,12.87708285260995,58.389446570047916,0,2026-08-25 06:31:50
2024-01-13 08:30:00,CNC-03,H,295.8554012781442,311.1196852037061,1691.2272046400976,44.82609714165441,216.01218375420112,2.875420594645923,14.159458532661422,56.62179295328917,0,2026-08-25 06:31:50
2024-01-13 07:05:00,CNC-03,H,296.09033477194265,310.74564648703847,1739.8806944040207,,93.00965012518463,2.410728706700175,14.35754146541165,57.19457056433483,0,2026-08-25 06:31:50
2024-01-13 16:36:00,CNC-03,H,26.0563579917295,40.989390599939554,1944.9616667150617,,214.06065253748773,3.182062967175373,14.25723390996384,52.38167202879863,0,2026-08-25 06:31:50
2024-01-13 20:50:00,CNC-03,H,300.08443283807765,312.5300302508549,2438.0220783689188,21.8907969953146,33.51722727296976,,9.996207351408302,54.436793651571676,0,2026-08-25 06:31:50
2024-01-13 15:23:57,CNC-01,L,298.94560725639906,313.1339700863965,1670.9009223107887,40.783150748927554,137.57952539727108,2.5805047359597,12.670181059302,55.1447414648041,0,2026-08-25 06:31:50
2024-01-13 14:38:00,CNC-02,M,297.6409972026828,311.6578261222075,1433.197104632767,46.52272298712896,61.97581652064967,2.1940830052374345,12.298629030832132,59.03730216246655,0,2026-08-25 06:31:50
2024-01-13 06:05:00,CNC-03,H,296.3941401522854,309.5914703576551,2008.0416494102042,31.25496520802061,10.699156367801702,2.6322015707357354,12.254843861937077,61.083866405817346,0,2026-08-25 06:31:50
2024-01-13 02:25:00,CNC-01,L,24.887036124120073,38.26274329187794,2425.7717242009307,22.86559832546002,181.69560599980767,3.569112642635213,10.378214508897367,58.560816306622954,0,2026-08-25 06:31:50
2024-01-13 10:15:00,CNC-02,M,295.72030449730823,309.9808593317966,1368.1114903909174,49.170599664748195,100.86174736905451,2.0660325650231046,12.710934902243164,57.47999973976359,0,2026-08-25 06:31:50
2024-01-13 00:13:00,CNC-02,M,298.9122095360414,310.10865827526123,2734.8814031976476,13.31246446807828,21.29515552648459,3.2403981561726902,7.016151695980363,51.84472400149782,0,2026-08-25 06:31:50
2024-01-13 13:13:00,CNC-02,M,297.04159056680754,312.0624895709038,1427.9329627027992,51.589727085515705,166.56902025103508,2.537489517290368,13.968714756431433,53.977175375319234,0,2026-08-25 06:31:50
2024-01-13 09:25:00,CNC-01,L,296.75771744345536,310.47703943251406,1596.4062291488492,42.215499157083975,25.873092922537886,2.27889131026725,12.65864923998318,56.84634462061368,0,2026-08-25 06:31:50
2024-01-13 22:05:00,CNC-02,M,298.1048572124973,311.88616049287555,2537.9111004786414,21.385777843447812,191.40613779422782,3.5888689586903793,10.182294926626561,52.77466487970563,0,2026-08-25 06:31:50
2024-01-13 12:53:00,CNC-02,M,296.9333729847128,311.87088618048205,1455.3466176814761,52.982326314838396,134.9383913864453,2.333330031030144,14.642538812487635,60.43990132425324,0,2026-08-25 06:31:50
2024-01-13 16:29:00,CNC-02,M,25.14599428812687,40.451602783657904,1862.060105055029,42.77592449159089,227.1849858289938,3.4038941598700445,15.038877406624893,55.33651103159929,0,2026-08-25 06:31:50
2024-01-13 21:07:00,CNC-02,M,298.6783948006905,312.2928622534426,2539.0837202588527,22.058778935402614,126.86912236211577,3.292003337776412,10.178307979270521,51.17797647768222,0,2026-08-25 06:31:50
2024-01-13 14:14:00,CNC-02,M,297.5959063653236,311.5018836504775,1448.9829451607031,46.38445359991983,25.06306950261216,2.176079995930968,12.561812251572626,56.67623190365417,0,2026-08-25 06:31:50
2024-01-13 17:10:00,CNC-02,M,298.70054105938647,312.8015806372944,1975.4611100751774,35.323057112200864,46.4628117601165,2.568165116201381,13.267954411547992,55.30515545436113,0,2026-08-25 06:31:50
2024-01-13 21:09:00,CNC-01,L,300.3015302972158,312.8372245352413,2558.955216144784,18.239752211073917,169.9565816149232,3.592955606896205,8.432088212311108,50.29426082966327,0,2026-08-25 06:31:50
2024-01-13 08:11:00,CNC-01,L,296.4556068373725,311.23493816311907,1644.6598904031255,46.02236965819583,147.89724641359203,2.5920774242462215,14.097064928123737,61.459467512416126,0,2026-08-25 06:31:50
2024-01-13 15:40:00,CNC-01,L,299.13668348223695,313.8109829688869,1754.7297398767364,42.80294281003779,160.11427234469383,2.854564547756311,13.68660621636154,55.816415946030766,0,2026-08-25 06:31:50
2024-01-13 07:50:00,CNC-02,M,295.407995504302,309.569294367263,1707.250643701346,38.450173703621864,116.65480282723092,2.5021010410810183,12.577270304982893,65.23440621055397,0,2026-08-25 06:31:50
2024-01-13 02:44:34,CNC-01,L,24.123207839186477,37.60326047564166,2569.6562884105297,21.31119192897607,202.97972812894085,3.910004928102985,10.332538905541076,54.24159113035165,0,2026-08-25 06:31:50
2024-01-13 16:34:00,CNC-02,M,25.019560001350328,40.53963738412074,1743.1245819148792,44.73323448818028,234.37741416190934,3.404671957850684,14.478937694895105,58.39726521442561,0,2026-08-25 06:31:50
2024-01-13 03:07:00,CNC-01,L,24.420840132578917,38.63844447392023,2368.6237586509724,27.163950105906114,229.1717761080003,4.18552982820893,12.00890159371915,58.86018655137284,0,2026-08-25 06:31:50
2024-01-13 11:13:00,CNC-01,L,297.03151405495004,312.113243913815,1376.2356067485046,56.06761368270881,195.25516257273878,2.6990775117015424,14.739124674711272,56.24343716612892,0,2026-08-25 06:31:50
2024-01-13 23:36:00,CNC-02,M,297.92276602515244,310.35605026012325,2560.9499439371702,17.546803774352824,54.12798136801244,3.0998431702168423,8.615473194995877,49.518689958538964,0,2026-08-25 06:31:50
2024-01-13 05:30:00,CNC-02,M,295.63116580530715,310.37205164459544,2082.3149516854005,34.91757603762959,167.34571588357105,3.054559486315498,13.643458919142116,58.14687226682931,0,2026-08-25 06:31:50
2024-01-13 15:35:00,CNC-02,M,298.0379769744723,313.6804834850694,1741.0985023431394,48.81211716094074,148.42829320050683,2.642348834288872,15.85463063175702,55.20776057823446,0,2026-08-25 06:31:50
2024-01-13 20:46:58,CNC-03,H,300.131780413248,312.23373377341215,2594.796136933564,17.977001306657684,28.934986512469735,3.230882952287006,8.737840417402616,52.7455460485926,0,2026-08-25 06:31:50
2024-01-13 20:16:00,CNC-02,M,299.0939983788336,312.38288361700904,2482.4760134176718,22.602965756847624,67.58170849747721,2.8932847545691374,10.626544231028106,53.97381237478801,0,2026-08-25 06:31:50
2024-01-13 05:21:00,CNC-03,H,296.16156508415094,310.4915706168589,2162.662292197476,31.47372431407885,170.72446303217063,3.1683847972440717,12.57648903528784,54.797750235894696,0,2026-08-25 06:31:50
2024-01-13 03:44:00,CNC-02,M,296.3797629694387,309.6721394866037,2464.5108640461326,24.884015491651127,37.00638058021633,3.067997274373745,11.761356842501494,59.4828720324239,0,2026-08-25 06:31:50
2024-01-13 05:50:00,CNC-03,H,296.4358699137712,311.1404649149737,1980.0326643201508,36.43861873170824,208.6581314838579,3.2012686981607312,13.662604400887624,57.76198646432413,0,2026-08-25 06:31:50
2024-01-13 20:02:00,CNC-02,M,299.02604962981525,310.94788415723,2483.818107671182,15.836148608663764,50.926287940940334,3.125480910599191,7.3875099748385935,50.54646346570883,0,2026-08-25 06:31:50
2024-01-13 06:42:00,CNC-01,L,296.22717075246476,309.44826963987396,1864.7698985866664,34.164260984977936,20.41735439100456,2.500105719706686,12.095023101330758,55.513358130708454,0,2026-08-25 06:31:50
2024-01-13 10:35:00,CNC-02,M,295.42457626553147,310.3277690759782,1374.306679925683,56.87582652551514,132.4508021874908,2.3072950785209354,14.87179591089166,58.42788320016308,0,2026-08-25 06:31:50
2024-01-13 02:00:00,CNC-02,M,297.7708990988149,310.3172233954398,2661.336156834943,16.96794563809059,135.81380809761677,3.3613552888214975,8.488456272050021,50.29088023198653,0,2026-08-25 06:31:50
2024-01-13 08:48:00,CNC-03,H,296.10366475534596,311.1694932331647,1628.4057244555263,46.48417537479339,243.02382744009267,3.219001624752193,14.240802143413342,58.04922777971747,0,2026-08-25 06:31:50
2024-01-13 02:49:00,CNC-01,L,23.949709820940143,37.16569834495624,2639.230383773257,19.10643990807294,208.6128585043572,38.78476068196708,9.238146932002415,60.594367250012944,0,2026-08-25 06:31:50
2024-01-13 18:55:00,CNC-03,H,299.8763185001311,314.21575213441054,2179.2019651603605,32.45171950753665,129.91372443319162,2.819745139033368,13.137409066575499,53.772409319269144,0,2026-08-25 06:31:50
2024-01-13 20:51:40,CNC-03,H,299.97767701732977,312.42176030950213,2496.624940761298,,35.781051718476775,3.089635027858146,9.847873996718594,51.17476282305749,0,2026-08-25 06:31:50
2024-01-13 15:39:00,CNC-03,H,304.4247551361411,312.92454132433596,1640.2880402666503,44.75391524550393,130.91863597255332,2.416235825051185,13.950205746878177,43.193275569164484,0,2026-08-25 06:31:50
2024-01-13 16:06:00,CNC-02,M,25.040590781313256,39.79144145856321,1774.1450927359767,39.81099883404825,193.87877539801082,2.948277345787287,13.509965621995399,50.45066720384966,0,2026-08-25 06:31:50
2024-01-13 13:28:00,CNC-02,M,297.1959240348344,311.8551086285704,1364.8333577491812,53.03781928562888,190.24704797734722,2.466457397306825,13.463980905737678,58.98353184841382,0,2026-08-25 06:31:50
2024-01-13 01:19:00,CNC-01,L,303.86534386388144,310.53028939887105,2565.7113318665306,20.297578729751102,109.49343670681401,3.348962868465856,9.88031279992762,41.698640932171834,0,2026-08-25 06:31:50
2024-01-13 18:23:00,CNC-02,M,298.64216432361235,312.90471878582844,2205.053519464924,30.38527325950607,144.69299286777945,2.9931031407232527,12.340927215875336,52.32383166077414,0,2026-08-25 06:31:50
2024-01-13 22:05:00,CNC-01,L,300.0069339258782,311.4737821818779,2660.2139180499803,14.154671629989169,37.2980074634219,3.232298621516564,6.923366041404906,51.58657279439982,0,2026-08-25 06:31:50
2024-01-13 19:34:00,CNC-01,L,300.39117290110556,313.6446953826401,2452.2085644594003,24.339567657341977,58.515863957016556,3.093101328304791,11.320417508506937,53.51479100456925,0,2026-08-25 06:31:50
2024-01-13 00:34:00,CNC-01,L,298.43772478948347,310.4694736997033,2694.1562240673675,15.58710264812862,61.4829596931931,3.1852232874046895,,53.86933150527789,0,2026-08-25 06:31:50
2024-01-13 07:16:00,CNC-01,L,296.31015707211657,310.66472169634017,1847.5704753931877,40.45023196646768,68.20485758726005,2.5062937410881645,14.020087294416124,60.23921092617585,0,2026-08-25 06:31:50
2024-01-13 05:59:00,CNC-02,M,295.88286997097185,310.9376493948697,2021.9291794176625,36.424423733049224,205.7115348725256,3.3150905101802173,13.739914768872197,58.335517158798154,0,2026-08-25 06:31:50
2024-01-13 21:08:00,CNC-01,L,300.44126946340305,313.607806528556,2699.9655589744993,19.547551469923956,168.8407369097653,3.742799661651367,10.047158712276236,52.729356519488235,0,2026-08-25 06:31:50
2024-01-13 08:54:00,CNC-02,M,295.701756532608,311.02686870030544,1560.5893481976104,48.71494314374186,211.8103178854493,3.056673120897422,14.49160805500135,59.93486901625833,0,2026-08-25 06:31:50
2024-01-13 20:05:21,CNC-01,L,300.50464259040376,314.5264536480619,2331.9482205985146,28.43048768400023,94.75738577708329,2.9473710788636285,12.58939441710669,49.58724536443051,0,2026-08-25 06:31:50
2024-01-13 21:45:00,CNC-03,H,299.41882350737507,311.54628619968634,2549.752212924019,17.167932247892164,95.263899734208,3.0810691157630807,8.168158448925896,51.01555487793039,0,2026-08-25 06:31:50
2024-01-13 15:22:00,CNC-02,M,298.1734055030451,313.0496748240312,0.0,47.69281931504515,129.08724905111046,2.4338754759749857,14.39679323971367,55.031970760869065,0,2026-08-25 06:31:50
2024-01-13 18:21:00,CNC-02,M,298.815802231114,313.71267744286814,2034.736381653075,35.32313443887725,142.1449864314473,2.868663456018042,13.316991268747278,55.922883527795086,0,2026-08-25 06:31:50
2024-01-13 01:15:00,CNC-01,L,303.7338607069188,309.96092247187676,2799.6080736288554,16.078867577865275,105.11216714434549,3.5370768782091404,8.496825021019392,45.70937463417735,0,2026-08-25 06:31:50
2024-01-13 12:52:00,CNC-01,L,297.60697522028124,311.47188623106996,1330.5834146997695,50.961312805714364,142.92359242629334,2.3583192285700894,12.65540882897489,58.932812565010394,0,2026-08-25 06:31:50
2024-01-13 09:01:00,CNC-02,M,295.5393512245305,310.6015735307434,1682.028569699896,44.95215288398409,222.33969112756563,3.188206794728148,14.182338888225372,59.39054778792471,0,2026-08-25 06:31:50
2024-01-13 01:56:00,CNC-03,H,298.103230594708,310.4542762444254,2596.9384621699737,17.012453503367794,164.16309547023297,3.3422655380106057,8.045242326781574,47.04657782198278,0,2026-08-25 06:31:50
2024-01-13 20:26:00,CNC-02,M,299.1281571016423,312.7536833180449,2349.059756134129,25.744961884353167,79.37914554662615,2.9468649105373483,11.082584558167607,50.79250288035543,0,2026-08-25 06:31:50
2024-01-13 22:38:22,CNC-01,L,300.2113644468071,312.2111532878016,2569.354797098753,17.288673484747246,72.01323313709703,30.397017987835465,8.552976753320566,53.42492691861036,0,2026-08-25 06:31:50
2024-01-13 13:35:00,CNC-03,H,297.7829273987946,312.15368485703834,1413.514338250864,50.76987909680121,183.7391447776317,2.516922967061492,13.559734468700197,53.569132728417806,0,2026-08-25 06:31:50
2024-01-13 09:31:00,CNC-03,H,296.47923315431774,310.34651790748944,1407.4927891642324,48.30134254644952,35.15137024738162,2.0622392678376,12.716624729724103,57.16951970461507,0,2026-08-25 06:31:50
2024-01-13 23:41:00,CNC-02,M,297.49923502643907,310.0244131133606,2657.1211041851566,17.37223529453647,59.50096371453521,3.2317500995425235,8.78034824251869,,0,2026-08-25 06:31:50
2024-01-13 17:04:00,CNC-02,M,298.76795945335135,312.1212948207745,1960.188170461695,31.210572656984283,38.18969841829263,2.6239041041355557,11.58316309607597,51.021740550193655,0,2026-08-25 06:31:50
2024-01-13 10:51:00,CNC-03,H,296.1631491117136,310.49970829390503,1352.2846400662565,49.7991766816071,160.55980217112884,2.2468898942223623,12.546727801562238,59.25728628698719,0,2026-08-25 06:31:50
2024-01-13 05:31:00,CNC-03,H,296.4865489494444,310.93841222806805,2148.739797861223,33.342584270030144,183.64908089974202,3.238000986103325,13.33863072264349,58.01074983248641,0,2026-08-25 06:31:50
2024-01-13 05:20:00,CNC-02,M,295.6742656684285,310.1848655349652,2150.6162877371867,31.912072506017484,154.31329062700115,2.988444858412667,12.586709218477878,54.934549528766176,0,2026-08-25 06:31:50
2024-01-13 04:20:00,CNC-02,M,296.3080292503432,309.3966240040422,2394.0580688961736,23.87277246214109,79.78390425183217,3.1074393350018763,10.62366765754529,61.22038755166723,0,2026-08-25 06:31:50
2024-01-13 05:55:00,CNC-03,H,296.4795949586421,311.78390958094354,1992.9959539800457,40.50130365179601,215.26224226623347,3.2064062835472438,15.400142755194516,57.15673025642622,0,2026-08-25 06:31:50
2024-01-13 19:25:00,CNC-02,M,299.06956974685386,311.5236855537496,2318.7822019879395,21.505262488517527,6.092989105531494,2.83396623909181,9.053449845429515,53.308157500383324,0,2026-08-25 06:31:50
2024-01-13 10:44:00,CNC-02,M,295.6874013544472,310.13140002028473,1389.0255927631547,50.020515719439096,146.71220491591816,2.1859638941534443,13.088538126794854,57.35288497229667,0,2026-08-25 06:31:50
2024-01-13 03:59:00,CNC-03,H,297.0530014123652,310.78680765558244,2264.292802613703,29.420853158656833,68.99482920180628,2.879243078525923,12.449226631287406,,0,2026-08-25 06:31:50
2024-01-13 01:20:00,CNC-02,M,297.95567814028254,0.0,2575.8425735248156,14.305795807663582,92.56765433658018,3.1859984224820836,6.91841629149435,55.3861445216553,0,2026-08-25 06:31:50
2024-01-13 10:49:00,CNC-01,L,297.01728410494417,311.06596836509607,1384.306033648382,48.18134115756438,157.254709910123,2.3943849878273658,12.438076076322284,57.859908973350734,0,2026-08-25 06:31:50
2024-01-13 08:28:00,CNC-01,L,296.23015662316635,310.65361738246133,1470.8096640040385,47.320386066782206,173.37610033380471,2.6249593927371686,13.155663946238695,52.77597055254265,0,2026-08-25 06:31:50
2024-01-13 20:53:00,CNC-02,M,298.72370480587773,311.7276198457308,2553.6346520372017,19.491363502873412,110.98429653380809,3.179407982207283,9.223833658310223,49.882344019760225,0,2026-08-25 06:31:50
2024-01-13 03:25:00,CNC-01,L,296.8621385235097,310.03989594639694,2401.4801901693063,25.614508096810304,10.45008582954968,2.8957061104658632,11.19220541629283,55.91959498751836,0,2026-08-25 06:31:50
2024-01-13 14:51:46,CNC-02,M,298.01967690034996,312.2619244045581,1472.0881190038392,46.94917786707178,85.09216111221014,2.22168077000461,13.039173964120673,58.03196539070237,0,2026-08-25 06:31:50
2024-01-13 08:20:00,CNC-01,L,296.28718100529335,311.058718832795,1535.6901739281122,48.672670839245065,161.3628153800545,2.625636959608511,13.878982264952407,55.57739645290117,0,2026-08-25 06:31:50
2024-01-13 06:24:38,CNC-03,H,296.12539154073534,309.54134842733464,1836.4768219885418,33.70765222658611,37.649309893452646,2.5910688130607857,11.483258331325459,58.11666642736685,0,2026-08-25 06:31:50
2024-01-13 11:44:00,CNC-02,M,296.02295803783204,309.990776489938,1344.3395150519182,50.686146323362635,25.409828518281586,1.9413307900514243,12.779178625665818,57.53669489832586,0,2026-08-25 06:31:50
2024-01-13 04:12:00,CNC-03,H,297.22840245335857,310.608794579411,2371.78906974362,25.49328278952156,84.76624574212963,3.0114577565257674,11.32185584938167,57.899107934305704,0,2026-08-25 06:31:50
2024-01-13 06:10:00,CNC-03,H,296.4786982848694,309.70915685659656,1843.0226626261915,34.06296821712868,17.4434343241258,2.4163042693560124,11.972970571152574,57.01913011104049,0,2026-08-25 06:31:50
2024-01-13 14:30:00,CNC-01,L,298.89190765206894,312.91592588094255,1542.1903144460703,46.09440596276963,53.95724465892598,2.1976258285065806,13.353945403480003,50.96089563642772,0,2026-08-25 06:31:50
2024-01-13 01:55:00,CNC-03,H,298.4104033472454,311.30449026417324,2704.1719191502566,19.378571851114607,163.0702722434545,3.543297396688225,9.750824712077769,54.178494819514796,0,2026-08-25 06:31:50
2024-01-13 19:34:00,CNC-02,M,299.08293909767156,312.92389399292813,2297.655446706391,29.772973751777474,17.06842099168558,2.8508505943285076,13.021637919634559,57.9452133355427,0,2026-08-25 06:31:50
2024-01-13 20:20:00,CNC-02,M,298.9288234849546,311.7891078450542,2477.4456830552667,21.338740345206133,72.33818992957521,3.043801565879554,9.900619007453837,50.31721373452624,0,2026-08-25 06:31:50
2024-01-13 21:39:00,CNC-03,H,299.78435139486555,312.672102263266,2466.625685061955,22.197541209002868,88.57916128611119,2.9857747568270723,10.026882158930912,52.495578629685625,0,2026-08-25 06:31:50
2024-01-13 08:59:00,CNC-03,H,296.2494630264881,311.1550216564087,1479.7447420399385,49.57186022215482,259.69265555804566,3.2510715138732387,13.908744414277407,58.9369733310925,0,2026-08-25 06:31:50
2024-01-13 21:20:00,CNC-02,M,298.9168420340375,312.9635406390861,2393.498470550783,25.824270637993298,141.488873742584,3.2050615939704583,11.636699654102546,48.318240310058,0,2026-08-25 06:31:50
2024-01-13 14:29:00,CNC-01,L,299.16575044485853,312.75352146862946,1544.4418890146967,43.50519179559284,52.44541966951325,2.19050552268696,12.70849945307812,53.474777413581684,0,2026-08-25 06:31:50
2024-01-13 08:35:00,CNC-03,H,295.9813668392982,311.10725281273176,1565.1332806753937,49.47290884664507,223.55492088575332,3.0222722723267066,14.43676359972604,60.87411883416789,0,2026-08-25 06:31:50
2024-01-13 01:42:00,CNC-03,H,298.2886326221433,311.17110136033403,2609.028072296887,18.320839387377653,149.06610802338034,3.344426497159697,8.868083382986592,56.3014713434563,0,2026-08-25 06:31:50
2024-01-13 16:06:00,CNC-01,L,26.172091826738153,41.68965387341143,1677.406465510897,47.63233560479556,198.43408073495428,3.0813066855920583,15.023126239212514,51.06859265127079,0,2026-08-25 06:31:50
2024-01-13 16:08:00,CNC-01,L,25.993596067685132,40.70171912494419,1702.3256918209006,42.09664824818995,201.32040906187046,3.0939683963627607,13.529874119235437,51.17731204919903,0,2026-08-25 06:31:50
