ts,machine_id,type,air_temp_k,process_temp_k,rot_speed_rpm,torque_nm,tool_wear_min,vibration_mms,current_a,humidity_pct,machine_failure,collected_at
2024-01-11 22:49:00,CNC-01,L,300.1440561572765,312.3098039734347,2612.02046133385,16.38850750709991,114.47407840181548,3.345820066068798,7.760048348959193,52.77584290904746,0,2026-08-25 06:31:49
2024-01-11 23:34:00,CNC-01,L,299.88866296529727,312.11505283555795,2761.2495516049585,15.879749769669623,162.36144680451955,3.6217795139984563,8.48716519286869,50.74877404599222,0,2026-08-25 06:31:49
2024-01-11 14:31:00,CNC-01,L,298.4143099373843,313.4065199943836,1526.9140363998183,50.554270960998906,158.5200059189182,2.616212128635264,14.267685269887146,54.92372553523343,0,2026-08-25 06:31:49
2024-01-11 13:53:00,CNC-01,L,298.2512322889861,312.5455980037499,1530.7054735240845,48.475354376352996,99.34221293343779,2.2391900540963197,13.773553616731743,54.59172795954952,0,2026-08-25 06:31:49
2024-01-11 10:34:00,CNC-03,H,294.30114537406047,308.9650421283232,1484.2441909327322,51.77505444381168,130.38189063668466,2.2152553563998723,14.27769106344155,65.47408210853109,0,2026-08-25 06:31:49
2024-01-11 12:02:00,CNC-03,H,300.1333336997655,307.4146951957494,1327.5839317295222,46.98107458733225,44.49360575173845,2.085502453581617,11.321075749867914,48.285408472966736,1,2026-08-25 06:31:49
2024-01-11 05:53:00,CNC-03,H,295.24369816536023,310.1464912262978,2166.465373327947,34.423789444008136,175.0642364725118,3.076899963161373,14.196448984372989,60.49198438167694,0,2026-08-25 06:31:49
2024-01-11 20:20:00,CNC-03,H,298.28656310336294,310.7203182443819,2396.523461405949,21.6509351937371,20.08632283078023,2.8939080337998,9.684644321422963,52.896066940051476,0,2026-08-25 06:31:49
2024-01-11 12:06:00,CNC-01,L,297.04510317665694,311.27590632089687,1370.1303046090604,50.83874062765705,151.86473540508143,2.5755735474655075,13.098163940647844,52.962760473301834,0,2026-08-25 06:31:49
2024-01-11 08:51:00,CNC-01,L,296.5891425475121,310.0942532758105,1619.9717893408495,40.13570980199326,37.551414183791195,22.216542577897492,12.313541023340443,54.537431633777516,0,2026-08-25 06:31:49
2024-01-11 09:57:00,CNC-03,H,294.1508282756337,307.82239442096653,1308.0867533445087,49.54069371909015,72.45061432756938,2.080901239999534,12.14560275645427,65.02215949255152,0,2026-08-25 06:31:49
2024-01-11 10:18:00,CNC-01,L,296.2728136206146,311.65912164813847,1523.6912708931693,52.27600969440994,171.90853483846792,2.580914894339278,14.870788955290505,54.94780670533804,0,2026-08-25 06:31:49
2024-01-11 21:15:00,CNC-03,H,297.89842584252915,310.24148599324127,2579.679448087801,18.73494115089768,83.21964850517817,3.1484903784580487,9.217080445277174,55.925843401241806,0,2026-08-25 06:31:49
2024-01-11 23:56:00,CNC-01,L,299.37676868685986,312.46931531188244,2599.253628966988,19.47844936180835,,,9.406656764417933,50.796451600059896,0,2026-08-25 06:31:49
2024-01-11 23:45:00,CNC-01,L,299.6158153841625,312.8710067515709,2763.832576979965,559.5947955449608,174.23081185877,3.8299775716238442,9.364790627916555,48.87129015058043,0,2026-08-25 06:31:49
2024-01-11 19:11:00,CNC-03,H,298.00358937493695,311.8397222073738,2236.357918591319,28.466392612200387,158.57757642790463,3.127301375014483,12.112883678965225,55.55529186122593,0,2026-08-25 06:31:49
2024-01-11 08:22:00,CNC-03,H,294.4684583797314,308.7960082494198,1583.4398731310057,43.84444720966818,151.73865593365593,2.421907057116591,13.006220497611848,64.22282562361548,0,2026-08-25 06:31:49
2024-01-11 21:36:00,CNC-01,L,300.41883470271335,312.91309648823915,2591.9844876758716,20.2054560772905,34.9311283676216,3.1562472023622425,9.76807386215672,47.943622055080866,0,2026-08-25 06:31:49
2024-01-11 06:18:00,CNC-03,H,295.16319590987564,310.1653008074483,1912.1422179859173,39.009082832148145,208.6807152798718,3.137484603592149,13.925156760413884,59.18434975762988,0,2026-08-25 06:31:49
2024-01-11 06:18:00,CNC-01,L,302.1663248257427,310.0685835656156,1954.0748020379062,36.79120866919883,52.75022002519446,2.6211196792634626,13.400882876773686,42.48156498872668,0,2026-08-25 06:31:49
2024-01-11 05:19:00,CNC-01,L,296.65275053999017,310.8936849967461,2092.432657419528,32.90891075775684,166.5365314196284,3.081241726456054,12.816637551428983,60.74846067081076,0,2026-08-25 06:31:49
2024-01-11 19:59:00,CNC-03,H,298.35147564936614,312.5949791163158,2272.653334690015,28.670377593639184,217.2143264199681,3.3656569883950533,12.247797009932913,55.24760634695867,0,2026-08-25 06:31:49
2024-01-11 05:43:00,CNC-03,H,295.5987631194663,309.60892678389877,2157.825458251651,31.071384299170944,162.03038284759813,3.017155448960184,12.496705238975581,57.85954750293632,0,2026-08-25 06:31:49
2024-01-11 03:19:00,CNC-02,M,23.76886723734009,36.11758622099558,2462.5143967918684,18.790446892375325,45.616064535297944,3.0896360454248213,8.730112547751888,53.218566191042704,0,2026-08-25 06:31:49
2024-01-11 18:21:00,CNC-02,M,32.19056007519782,39.74803634572646,2203.0991828832093,28.259720506048858,23.668192107084575,2.822501744674625,11.553727055903897,41.13764188215058,0,2026-08-25 06:31:49
2024-01-11 01:26:00,CNC-01,L,298.526157845878,311.0120092137515,2700.3663940398733,16.688692288161846,93.38573017534542,3.3854449410539242,8.5682438596976,52.383892814753985,0,2026-08-25 06:31:49
2024-01-11 08:59:00,CNC-01,L,296.219059994609,310.58048865085783,1716.7990799688666,43.62780719565791,49.63787847744658,2.3656522832186466,14.044319954537322,57.09750333650104,0,2026-08-25 06:31:49
2024-01-11 14:32:00,CNC-03,H,295.6404764017715,309.47725007157163,1563.7622111195376,45.14482926364128,20.040627423367603,21.236086323461095,13.2872097743107,59.88183236404994,0,2026-08-25 06:31:49
2024-01-11 21:33:00,CNC-03,H,297.5117732657082,310.0597893429028,2358.6090573899587,20.136911913247904,103.73798420668211,3.0962588711071404,8.963153474535726,56.67875752330732,0,2026-08-25 06:31:49
2024-01-11 13:22:00,CNC-02,M,297.015979831406,310.89497463268697,1386.5409217252763,49.86500913800121,14.238549090198328,1.9649789259119326,13.033590209035786,52.43601204439359,0,2026-08-25 06:31:49
2024-01-11 22:25:00,CNC-01,L,300.1735753456637,311.91577561228826,2639.5510823894288,14.917940630143487,88.45470013262509,3.1476021430232666,7.413430693545131,49.94298329807909,0,2026-08-25 06:31:49
2024-01-11 10:31:00,CNC-01,L,296.5697615746839,310.1195425564449,1374.8490789430211,49.75271936438007,1.6,2.0127130642356534,12.580025379024304,51.93917982843712,0,2026-08-25 06:31:49
2024-01-11 09:25:00,CNC-01,L,295.88364314574255,310.5982275574201,1646.1419974278665,46.300024761857166,89.35736522092088,2.3994832532964407,14.457822829415324,54.678082035701294,0,2026-08-25 06:31:49
2024-01-11 10:51:00,CNC-02,M,296.1954398491487,311.6606363975319,1490.8036990470582,54.4124512249506,207.53899176546943,2.8175703903822913,,60.14062003861366,0,2026-08-25 06:31:49
2024-01-11 17:26:00,CNC-01,L,27.064503526970952,41.944778743088875,1857.0223829374374,39.302765067327094,206.54989012767217,3.259417540235805,13.877771386228195,51.93242581082755,0,2026-08-25 06:31:49
2024-01-11 06:27:00,CNC-01,L,302.29217749038025,310.9727574667461,1969.985262956699,39.37123540145651,64.95881634302462,2.5116856048972465,14.475308834437755,43.2212835303806,0,2026-08-25 06:31:49
2024-01-11 08:30:00,CNC-01,L,296.4772655302217,310.1219193520699,1658.929137351212,40.542376284995306,5.999480343059172,2.2683197354707185,12.57859282991631,59.612534068595906,0,2026-08-25 06:31:49
2024-01-11 03:13:00,CNC-02,M,23.904307393688953,36.211137357164716,2417.7006295035417,19.30757026386692,38.79457816047415,2.953625154162845,8.71009712629673,58.71949616096979,0,2026-08-25 06:31:49
2024-01-11 03:45:00,CNC-02,M,23.4811965118717,36.331204726676106,2386.378882168241,22.765746409423635,76.16547100258505,2.975774376954772,10.189187797193368,50.37908724358134,0,2026-08-25 06:31:49
2024-01-11 20:41:00,CNC-02,M,299.5534620164743,314.37439343159645,2459.0435462863697,28.07102074730185,195.2581751352051,3.5404813169487266,12.99002177698626,49.815744745026635,0,2026-08-25 06:31:49
2024-01-11 14:52:00,CNC-01,L,299.19437628839603,313.9122578665765,1504.7314806618942,47.92096581827802,0.0,2.782353672732277,13.331105491192291,52.41110656258056,0,2026-08-25 06:31:49
2024-01-11 13:31:00,CNC-02,M,297.3721967164956,311.41653778773076,1376.2229447989666,50.564952809915006,28.448850477777576,2.115226260070448,12.725435301494057,56.68067280829647,0,2026-08-25 06:31:49
2024-01-11 11:16:00,CNC-01,L,297.12908070779173,311.6735311198033,,50.32065862390204,72.82521176872068,2.2043473657051185,14.026701018702918,54.871351759544005,0,2026-08-25 06:31:49
2024-01-11 21:18:00,CNC-02,M,299.28220355384815,312.8433535044908,2416.292509539339,22.448743865176933,237.19895974795355,4.031479798345888,10.379978415845631,50.71021719302419,0,2026-08-25 06:31:49
2024-01-11 14:04:00,CNC-02,M,297.23916399044975,311.8419264305564,1357.1360954336385,52.126365788044296,80.07990163934998,2.1035762923160353,13.19690654408381,56.60423160213066,0,2026-08-25 06:31:49
2024-01-11 23:26:00,CNC-01,L,299.9237047996207,311.6673160947809,2769.0553196035053,13.019797891115969,153.9190189174771,3.7745044128877088,6.614273588423318,53.7172762085339,0,2026-08-25 06:31:49
2024-01-11 06:25:00,CNC-03,H,295.23442587707217,310.338082876667,1924.6727737512126,40.09113175936156,218.32914636737263,3.1779098271858213,14.596091678992849,59.560088459389746,0,2026-08-25 06:31:49
2024-01-11 23:49:00,CNC-02,M,298.65565509272005,311.2606498240119,2690.6230291752217,15.285935501191808,151.11714187512143,3.4274105428193495,7.6932033281085594,49.393960395915684,0,2026-08-25 06:31:49
2024-01-11 16:49:00,CNC-01,L,300.33791547631944,315.3643770275029,1794.141528541129,44.21201413244831,155.1915873489559,2.777690523003978,14.779289775251055,51.59486860716597,0,2026-08-25 06:31:49
2024-01-11 00:38:00,CNC-03,H,298.67656957323567,310.36241304970855,2738.6045461884323,13.595606999580195,,3.255228854823144,6.992998889574131,58.57027279240774,0,2026-08-25 06:31:49
2024-01-11 11:13:00,CNC-03,H,294.6092179423223,309.2761030475763,1471.7628331527847,49.80891860999148,192.00375096638552,2.676949650479855,14.046389268440679,60.99954792292969,0,2026-08-25 06:31:49
2024-01-11 16:51:00,CNC-02,M,299.493094468644,313.65101517091546,2002.0415827493523,33.9468646101226,106.9602324283162,2.702786342470495,12.483458499462916,52.12588146499671,0,2026-08-25 06:31:49
2024-01-11 12:24:00,CNC-02,M,296.36100002100466,310.5640564039556,1295.9530194114534,50.95235715844757,125.2670205696921,2.1644171096443787,12.22007176023311,53.45004703421078,0,2026-08-25 06:31:49
2024-01-11 23:31:00,CNC-01,L,299.8252487852751,312.2428719340024,2753.184028939127,15.226607585062718,159.15669387903137,3.6875860107534613,7.7785224435953655,50.675973520043215,0,2026-08-25 06:31:49
2024-01-11 16:24:00,CNC-03,H,296.478273587402,311.6232489245086,1656.694659807081,48.694583295162715,187.83905469453168,2.69030933752589,15.090216463706437,58.25092657088559,0,2026-08-25 06:31:49
2024-01-11 06:40:00,CNC-01,L,296.4016573415686,310.6797914946627,1978.8565967067414,35.47924112433622,82.66118425602393,2.7172325925561607,12.923249550411128,58.36572219233894,0,2026-08-25 06:31:49
2024-01-11 16:21:00,CNC-02,M,298.92813267836436,313.21634302581003,1732.3166560455402,41.894416922031716,64.35627539942142,2.3773580629461275,13.564559747951154,43.71230358390926,0,2026-08-25 06:31:49
2024-01-11 06:37:00,CNC-02,M,295.5965227006452,309.77005323982553,1884.798439186061,36.87103472075136,76.53977293918592,2.6026802996856744,13.005370052356714,59.55094883549658,0,2026-08-25 06:31:49
2024-01-11 10:44:00,CNC-03,H,294.6631853225859,308.96161940590184,1325.3875477594656,51.44418831412615,146.2459107856173,2.2316296013166204,12.863609429578467,65.143657598045,0,2026-08-25 06:31:49
2024-01-11 10:39:00,CNC-01,L,296.6012325799351,309.9459240701974,1496.3372585905,43.02206327272662,14.172556422230342,2.1031014291879453,12.036069183698135,58.75871002574802,0,2026-08-25 06:31:49
2024-01-11 01:51:00,CNC-03,H,297.7507640896374,310.60243446013754,2775.5519910908247,18.10727814749061,138.27409182227274,3.4959564968618193,9.464955820423652,53.58108214555717,0,2026-08-25 06:31:49
2024-01-11 14:20:00,CNC-03,H,295.2608189791431,308.6565204242866,1592.0562993599572,41.95327404054072,1.4861399560752202,2.2164736035339603,12.655041812853803,61.68652103277736,0,2026-08-25 06:31:49
2024-01-11 08:43:00,CNC-03,H,294.4267009590419,309.69347438106195,1669.8344699339675,47.82339556026384,183.24025431787985,26.369578752236656,14.769390787086984,60.351739291546195,0,2026-08-25 06:31:49
2024-01-11 01:46:00,CNC-02,M,298.23962019870015,311.1511237597071,2627.254804554744,18.302947429908947,162.78926361035542,3.5764609184911413,9.077023034983807,54.023651843283396,0,2026-08-25 06:31:49
2024-01-11 03:59:00,CNC-01,L,296.950862713282,309.9383802179373,2406.3957204636276,22.74093697944571,67.24284710731719,3.010114286850877,10.277851965025985,52.44447021849983,0,2026-08-25 06:31:49
2024-01-11 12:46:00,CNC-02,M,296.7201468911444,311.6499991536002,1354.565542131687,55.08743174386736,160.14435015001646,2.337385937127517,13.753836041069063,61.52028747543676,0,2026-08-25 06:31:49
2024-01-11 00:15:00,CNC-01,L,298.71931000361457,310.11183175429557,2691.1966471030673,14.468191313603937,17.459507997929926,3.2607737478632948,7.4407603368615955,53.26524884221602,0,2026-08-25 06:31:49
2024-01-11 01:40:00,CNC-01,L,298.52869454325617,310.82391748007296,2823.100776107415,16.162159975931917,108.68137577185034,3.4799571877167255,8.558049762549851,57.19731646306207,0,2026-08-25 06:31:49
2024-01-11 21:11:00,CNC-01,L,300.391328858319,312.81996269098374,2449.493277765266,22.21577507784418,6.8494522416184225,2.9649602312134298,10.10194384486197,50.27611011300148,0,2026-08-25 06:31:49
2024-01-11 20:34:00,CNC-03,H,297.741682745648,310.124365416626,2431.8374093528273,20.008495018625577,36.466510291971794,2.98513133126334,8.855245921201043,57.94475520734082,0,2026-08-25 06:31:49
2024-01-11 18:20:00,CNC-02,M,31.919200149348796,39.72814155630101,2126.0939695005623,30.6287274778641,22.391771133773748,2.776539172252106,12.107247595883143,41.023600015507185,0,2026-08-25 06:31:49
2024-01-11 09:47:00,CNC-03,H,294.2362609847684,308.2972037070322,1434.9261598225203,49.21157790633319,56.898270650299864,20.772155609280926,13.241544816128977,64.46477183700779,0,2026-08-25 06:31:49
2024-01-11 10:55:00,CNC-02,M,295.92175971371466,310.80392700304935,1425.3497421640016,53.47895912937091,213.89559325839528,2.8749967260085603,14.11269711125885,58.30267199528603,0,2026-08-25 06:31:49
2024-01-11 00:38:00,CNC-02,M,298.8717081471314,311.6750795033918,2610.677629594561,20.03480106954586,89.82504811630409,3.183339672280366,9.590977137815578,55.526039814786536,0,2026-08-25 06:31:49
2024-01-11 08:22:00,CNC-02,M,294.9481051916284,310.15552678720496,1685.2511987182136,45.016797819450225,226.64700934649576,3.2892942805836207,14.32600123183045,57.99940994410282,0,2026-08-25 06:31:49
2024-01-11 11:53:00,CNC-03,H,300.4345695958626,308.436583767197,1375.2230144829525,51.78821885448531,30.27574384603896,2.041136266610689,13.33724436109153,48.06113171848646,1,2026-08-25 06:31:49
2024-01-11 16:56:00,CNC-03,H,297.05691019178016,312.1145116570522,1805.055808890734,41.58814363401628,233.17794668071278,31.415622432147394,13.910525032104413,53.60007251260619,0,2026-08-25 06:31:49
2024-01-11 17:06:00,CNC-02,M,299.383769289661,314.4169774782119,1824.5878579487735,41.55587278136935,128.0074749320518,2.6044015040150112,14.061215031199254,56.03898327523635,0,2026-08-25 06:31:49
2024-01-11 09:21:00,CNC-02,M,295.5047515726977,309.52584249965247,1558.4699373139622,44.731106253480206,66.89210802671913,2.3154587024826876,13.227751546751737,61.659308076855936,0,2026-08-25 06:31:49
2024-01-11 07:15:00,CNC-03,H,294.8519285887468,308.4892512084451,1851.5130258848437,35.459152451405174,54.57560863347956,2.3731925955701207,12.316770990912987,59.83214447459426,0,2026-08-25 06:31:49
2024-01-11 00:07:00,CNC-02,M,298.8474086638244,310.8908828106147,2649.0896855787882,16.66812392419809,56.971385690430026,3.2470594955924783,8.39391465545397,55.81771410258993,0,2026-08-25 06:31:49
2024-01-11 16:49:00,CNC-03,H,296.9598548822518,312.77103269292917,1928.453581354148,43.663909558539665,223.2735645332642,3.3510935992246376,15.855992440031258,52.86845278220085,0,2026-08-25 06:31:49
2024-01-11 00:02:00,CNC-03,H,299.03967033971776,309.90929914164496,2791.816629658243,11.354536839564794,21.58880452629127,3.2572588288461,5.795326560872057,55.90752589715473,1,2026-08-25 06:31:49
2024-01-11 13:19:00,CNC-02,M,297.12109175589524,310.72192893145177,1371.4740203403035,47.98450192291382,9.470654016314162,1.9149235119942905,12.256465636313887,54.476242254445616,0,2026-08-25 06:31:49
2024-01-11 04:08:00,CNC-02,M,296.5565445227358,310.2780105260124,2289.1896507081456,26.734652905792863,103.56679388390504,3.0042051186169583,11.43214872231277,60.160461843505814,0,2026-08-25 06:31:49
2024-01-11 20:48:00,CNC-03,H,297.9976577798801,310.78768596660143,2469.9783063000036,21.862050038378563,52.65909476774983,3.00473212913852,10.055735735539791,55.9877564988454,0,2026-08-25 06:31:49
2024-01-11 05:18:00,CNC-01,L,296.7075580002536,310.907932441393,2111.09099009244,33.36128143375872,165.2450018960834,3.199144516769757,13.363399112255484,57.94775907620636,0,2026-08-25 06:31:49
2024-01-11 08:56:01,CNC-03,H,294.26936805702667,309.80970216048644,1650.0260950499498,49.674240962060765,201.38585448825935,2.720023565606511,15.448889455566272,62.70732626722446,0,2026-08-25 06:31:49
2024-01-11 04:19:00,CNC-02,M,296.51150204922624,310.28389284150455,2351.9697830434725,25.0647813373931,116.84377967373705,3.0429940973748155,11.040439190778457,58.532011975217515,0,2026-08-25 06:31:49
2024-01-11 10:11:00,CNC-03,H,294.430564301394,308.3250277742955,1314.705087218625,50.202187332930905,94.23939983442787,1.9487696259613514,12.337513872374762,59.90044456755643,0,2026-08-25 06:31:49
2024-01-11 14:21:00,CNC-01,L,298.31572812757827,312.6847830111298,1577.7133937676438,44.752171012377126,143.0930884909547,2.495923117644612,13.285336452357859,54.06741980238363,0,2026-08-25 06:31:49
2024-01-11 21:09:00,CNC-01,L,300.33923140725926,312.7061050950176,2534.902601257385,19.480155300516433,4.573307040682242,3.079375299406946,9.469014242399535,50.18484909478603,0,2026-08-25 06:31:49
2024-01-11 01:19:00,CNC-01,L,298.44929515490554,310.6286394286475,2788.53226376949,15.196326039688525,85.8021103619816,3.345561569627021,7.877823648435359,51.597006147501105,0,2026-08-25 06:31:49
2024-01-11 03:48:00,CNC-02,M,296.70067729969406,309.546197849283,2313.2582067285352,24.158917572326505,79.7246727287362,2.94564426532927,10.687231652694265,54.77332619690516,0,2026-08-25 06:31:49
2024-01-11 02:28:42,CNC-01,L,298.01118339611895,309.66228161353786,2679.013779893145,12.762131230472416,162.50537598357835,3.6506273617410114,6.6756805445611365,54.95727080459337,0,2026-08-25 06:31:49
2024-01-11 17:02:00,CNC-03,H,297.2168497891038,311.88619708921317,1931.3303466677335,36.395448097128735,241.58121676722942,3.4818717699449118,13.363644127747824,53.744272420397124,0,2026-08-25 06:31:49
2024-01-11 11:34:00,CNC-03,H,294.1791338119097,307.3539323130898,1340.8161175845582,47.195653718245055,0.0,1.9916728606609122,12.049275765360562,62.829770598835545,0,2026-08-25 06:31:49
2024-01-11 06:15:00,CNC-01,L,302.20087253325767,310.0497986553518,2039.3392587209378,34.54930808036079,48.72841295728764,2.607023352066698,13.352468230867363,49.007767037878494,0,2026-08-25 06:31:49
2024-01-11 09:03:00,CNC-03,H,294.19681571839686,309.6581344531926,1435.485929409065,56.242638264605915,213.64779055994848,2.7229479403184733,15.212350197244874,62.59479786171006,0,2026-08-25 06:31:49
2024-01-11 21:08:00,CNC-01,L,300.1333483610051,312.6365062800584,2440.8661213810606,22.780106264906614,3.4292271554028684,3.0812274153654773,10.427207390019515,51.46490094377721,0,2026-08-25 06:31:49
2024-01-11 01:19:00,CNC-03,H,298.16179560648237,310.89371680338525,2500.7659456084702,21.301274687716415,103.45634392633927,3.1062388853046783,9.998130412378387,55.33817509713851,0,2026-08-25 06:31:49
2024-01-11 08:01:00,CNC-02,M,295.27584291544355,310.4544041013326,1688.919301084419,45.25823482282095,195.53778497454832,2.7741078856324832,14.407407969849677,61.50048850392375,0,2026-08-25 06:31:49
2024-01-11 13:08:00,CNC-03,H,295.27486810945993,309.9584698093717,1370.7204568224713,55.95515665787577,149.18219938943616,2.1388871745076283,14.520150664948806,58.79437281412851,0,2026-08-25 06:31:49
2024-01-11 14:38:00,CNC-02,M,297.6066146962364,312.59515897525927,1510.1648976969961,49.74403726852373,132.76427473001675,2.37096691694754,14.307831884365429,62.36844305947202,0,2026-08-25 06:31:49
2024-01-11 11:40:00,CNC-02,M,296.5561913847311,310.19689724999563,1513.3603499288702,44.53822300331692,55.33575764013263,2.1209195684775466,12.498601721565494,61.95185795413973,0,2026-08-25 06:31:49
2024-01-11 10:56:00,CNC-01,L,296.61397450081813,310.6544080114036,1389.7626581575837,51.204288828934864,41.08081078870098,2.063849372198362,13.385472306372447,58.935878449631204,0,2026-08-25 06:31:49
2024-01-11 00:21:00,CNC-03,H,299.16578497868306,310.17714985282925,2845.9900100291084,11.251922461191665,41.57786814394665,3.301596371081555,5.8590056447872305,48.708404579761144,1,2026-08-25 06:31:49
2024-01-11 08:12:00,CNC-02,M,295.27545291615223,310.29494523317294,1544.403347825057,47.78609004435517,211.7281623045859,28.076591542297823,13.709989152677277,60.97378199388065,0,2026-08-25 06:31:49
2024-01-11 12:30:00,CNC-01,L,297.3139982773747,312.32491827921143,1330.324941849932,58.21942337216821,189.86357088164655,2.674752414334585,14.187504944602415,58.754178470786314,1,2026-08-25 06:31:49
2024-01-11 23:46:30,CNC-03,H,296.8316967537106,310.42899076722273,2700.2771109634705,21.133000768097276,249.20822951910873,4.153735270858315,10.92683739547512,56.73207999965893,0,2026-08-25 06:31:49
2024-01-11 10:57:00,CNC-02,M,296.0795056275103,311.47265231451394,1513.0059480578116,51.040116233927264,217.03147252766718,2.922694538779336,14.436950853903339,61.693583538438524,0,2026-08-25 06:31:49
2024-01-11 06:50:22,CNC-02,M,295.4964870049694,309.4495543954313,1896.2080862919074,36.35574666707984,94.42448411574232,2.614995281207818,12.875156274844885,59.15009759747171,0,2026-08-25 06:31:49
2024-01-11 04:13:00,CNC-03,H,296.2280096348546,309.2108477592517,2528.272277481975,22.47266837996545,48.59738453224906,3.09820773257001,10.765625638939433,59.08451630278893,0,2026-08-25 06:31:49
2024-01-11 10:39:00,CNC-03,H,294.37712834273793,308.9355433972299,1358.4869042132975,54.71421687033112,138.28505952863298,2.180499207081058,13.916876357452717,64.22797705626388,0,2026-08-25 06:31:49
2024-01-11 03:03:00,CNC-02,M,24.38371403602082,37.25599746926366,2433.508021382081,23.51615018596611,27.283947757796298,3.0726142999492376,11.010142260533737,54.56898695488353,0,2026-08-25 06:31:49
2024-01-11 01:31:00,CNC-02,M,298.11669292556275,311.6159155502879,2641.529368018604,21.194705185839283,146.37416398904446,3.4127518553481995,10.647615550198994,55.9313075380277,0,2026-08-25 06:31:49
2024-01-11 12:17:00,CNC-02,M,296.77590117563403,311.26274698684387,1410.9188153746793,50.46395494406564,114.1523873993563,21.67669496258387,13.19564101980692,58.34486450491244,0,2026-08-25 06:31:49
2024-01-11 14:11:00,CNC-01,L,298.8314185025373,313.41060064711223,1379.0949428229064,53.309082328780235,127.6818080912828,21.945962662638433,13.708661080053757,53.654846823942464,0,2026-08-25 06:31:49
2024-01-11 13:33:00,CNC-03,H,295.1588772726116,310.5395935102076,1482.1224061302812,54.94867497067391,188.57186681829776,2.5364078919912645,15.257687872585242,58.74599600645607,0,2026-08-25 06:31:49
2024-01-11 13:03:00,CNC-01,L,297.75683429788126,311.57854174284626,1441.775322124202,49.1702587900643,20.54248498735373,2.07316513263959,13.081326447521263,61.28276098203118,0,2026-08-25 06:31:49
2024-01-11 16:47:00,CNC-03,H,296.77943695620286,312.0540390842907,1829.3976161182059,42.40590795467457,220.49046706877348,3.1594114880198085,14.419396804401671,58.680727678900226,0,2026-08-25 06:31:49
2024-01-11 16:44:00,CNC-01,L,300.3019333169851,315.15078990298474,1780.8689352034066,41.68074879466667,148.14123364722698,2.8240640287942633,13.755790011534547,56.76753520236542,0,2026-08-25 06:31:49
2024-01-11 03:54:00,CNC-02,M,296.7968729557161,310.62596956966263,2436.547405739215,26.265912286677917,86.79576473140999,3.059650779846474,11.98393666936783,54.079158703331366,0,2026-08-25 06:31:49
2024-01-11 09:08:00,CNC-02,M,295.51673959292077,309.51821781807223,1634.9792533664497,43.99703088490151,46.99176004746263,2.2092396951631033,13.133690607487436,61.1992789784147,0,2026-08-25 06:31:49
2024-01-11 00:44:00,CNC-02,M,298.68259239852733,311.81143322587667,2574.634252484544,22.08090230870802,96.30412044092567,3.1322861281964536,10.647338638769776,54.75503798513432,0,2026-08-25 06:31:49
2024-01-11 09:11:00,CNC-01,L,295.96574199896673,310.7059086087589,1647.441342172034,48.08145776832216,67.97359528724425,2.261382776825759,14.921769660763156,58.720478122205144,0,2026-08-25 06:31:49
2024-01-11 12:26:00,CNC-03,H,300.55104451285314,308.7629829620225,1524.5974973682266,47.70467597011149,82.5896960280987,2.2368073312457177,13.547721689362062,44.52260332591115,0,2026-08-25 06:31:49
2024-01-11 15:58:00,CNC-02,M,298.9142637445605,313.15539752862276,1658.2049322435632,43.54264984733309,30.931999287733174,2.2141787767639807,13.432841117658567,54.445382776573275,0,2026-08-25 06:31:49
2024-01-11 12:59:00,CNC-01,L,297.8719619143169,311.31432602237135,1313.0892439707852,47.21600695051262,14.234599787092028,1.9916406186600373,11.677431064426381,53.06851509328361,0,2026-08-25 06:31:49
2024-01-11 21:38:00,CNC-01,L,300.1156362535033,312.3045984122224,2588.665845694394,18.796058389462335,37.157801088071494,3.09289996431277,9.290433389994988,53.377877060339216,0,2026-08-25 06:31:49
2024-01-11 17:12:00,CNC-02,M,299.47017508052954,314.452362081934,1845.1890933723016,41.87380103817589,136.39663735304057,2.4666951926591465,14.45826999062067,57.08236594211902,0,2026-08-25 06:31:49
2024-01-11 10:20:00,CNC-03,H,294.5238550875874,308.8995765800516,1371.8682615558942,52.45021649159952,108.31796178692483,2.042419755887317,13.491052366945125,60.09945866515684,0,2026-08-25 06:31:49
2024-01-11 23:46:00,CNC-02,M,298.62904197680297,311.3429925085259,2769.598846548392,16.010546390895154,147.97785401043484,3.4874146516830216,8.152756824302628,49.17635075448187,0,2026-08-25 06:31:49
2024-01-11 04:20:00,CNC-03,H,296.00211980286934,309.20694035178377,2168.0881633539984,27.040823015265442,57.128458767126666,2.8503001436286883,10.8971161037258,61.63291722939865,0,2026-08-25 06:31:49
2024-01-11 19:51:00,CNC-01,L,300.5520614543245,314.3942560151966,2142.942618603359,30.1324799813447,154.87133104178025,3.082923960306231,11.96161941745254,46.56429826019004,0,2026-08-25 06:31:49
2024-01-11 19:42:00,CNC-03,H,297.8725780531975,311.6123671492631,2411.7748491462294,25.00201374930488,196.69114380768855,0.0,11.180162103850133,53.970782418643104,0,2026-08-25 06:31:49
2024-01-11 07:34:00,CNC-01,L,296.519723242634,311.2185866509302,1699.880073653737,43.216648070344704,158.43397355980755,2.713480478349305,13.789264599530782,63.8869303875435,0,2026-08-25 06:31:49
2024-01-11 07:23:00,CNC-03,H,294.82142539828175,308.3606408889113,1764.7280459089432,38.04142687892895,65.886376074643,2.4696367390630516,12.429029132392447,59.90949224471644,0,2026-08-25 06:31:49
2024-01-11 19:12:00,CNC-01,L,300.1730834479047,313.88196565011305,2234.48667596901,29.11235943342875,107.31539865889388,2.942895756137129,12.090214586983441,49.65735131442467,0,2026-08-25 06:31:49
2024-01-11 22:21:00,CNC-02,M,298.7765931900474,311.4355520596305,2738.493606642932,18.167993374635703,56.96541359817559,3.281082958838351,9.427296441374867,56.087472024398686,0,2026-08-25 06:31:49
2024-01-11 02:07:00,CNC-03,H,297.4832015014221,309.94149036674986,2665.910831552418,16.719169875613936,155.76882044970714,3.489968616794008,8.226712874260148,54.29430890485516,0,2026-08-25 06:31:49
2024-01-11 18:41:00,CNC-03,H,298.35912076964183,312.0535189683588,2309.292916993466,27.057624292369212,120.63559652007113,3.0601124388263923,11.572625689756704,56.33860306115036,0,2026-08-25 06:31:49
2024-01-11 22:58:00,CNC-03,H,297.34654237514025,310.5564888769941,2805.9321222705353,19.742901775537185,195.97739314979663,3.9397001327989583,10.189742191127161,55.09879316543805,0,2026-08-25 06:31:49
2024-01-11 20:09:00,CNC-03,H,297.919638647167,310.75377615686034,2259.5948626871755,26.64951900940489,7.153626543670149,2.844114637329974,11.228960532918391,54.35983369600098,0,2026-08-25 06:31:49
2024-01-11 12:46:00,CNC-01,L,297.484223723918,312.3700271923741,1368.7345413571452,54.98831140570154,215.42676650482727,3.0542301412032207,14.315101472507203,59.6303481894724,1,2026-08-25 06:31:49
2024-01-11 16:25:00,CNC-02,M,299.05031297162714,314.0403046570009,1927.7713708472852,40.0201664982917,70.06930649802402,2.5807317595577124,,53.190933830877206,0,2026-08-25 06:31:49
2024-01-11 03:10:00,CNC-01,L,24.439233315247236,36.17530062015095,2591.5486220812727,16.533864221472676,9.99377967367256,3.21127116381528,8.102070631098158,56.39159946827357,0,2026-08-25 06:31:49
2024-01-11 17:16:00,CNC-02,M,299.3016825588537,314.45719329180855,1886.257746856905,40.64951139540325,141.9288730316974,2.8027886163126934,14.306872767544295,51.02004359163383,0,2026-08-25 06:31:49
2024-01-11 20:51:00,CNC-01,L,300.16098819757667,314.8929502244843,2276.795098531075,31.59772699452728,225.56236352193764,3.945781275116199,13.418202745592236,57.5770327294639,0,2026-08-25 06:31:49
2024-01-11 19:14:00,CNC-03,H,298.017563287276,312.0882671730665,2358.6924613247634,28.113490160585236,162.3576264751728,3.164197355443865,12.801760265366008,55.654567724267245,0,2026-08-25 06:31:49
2024-01-11 08:40:21,CNC-03,H,294.26359911574525,308.8109327447401,1679.566257582243,42.73569976479085,177.1411168301141,2.733826211239174,13.265132278973665,61.298920486571014,0,2026-08-25 06:31:49
2024-01-11 10:24:00,CNC-01,L,296.45469832454324,310.83429101298265,1451.3941368119588,47.204939039237765,181.36166848577835,2.670070963573208,12.870365424268067,58.120086639529596,0,2026-08-25 06:31:49
2024-01-11 05:56:00,CNC-02,M,295.12690623476954,308.45246564636244,2135.0311552210787,29.505756083577804,21.04197732212229,2.744186400998738,11.785988192110098,60.62692176030923,0,2026-08-25 06:31:49
2024-01-11 11:31:00,CNC-03,H,294.53461553993424,309.1313037812334,1346.1421732256126,51.40004473727242,220.46178978001217,2.742507759457102,12.77714064165049,59.210005325107694,0,2026-08-25 06:31:49
2024-01-11 12:04:00,CNC-03,H,300.1752650144589,308.4348636386165,1483.789922408475,49.60603378531749,47.63400477507203,2.1688094844974257,13.910453159231956,54.258513909180664,0,2026-08-25 06:31:49
2024-01-11 20:27:00,CNC-02,M,299.81377027298987,313.72532246682323,2342.952066946564,25.13352908960281,179.00683618460988,3.382356723813989,10.850450918388672,46.62894998257349,0,2026-08-25 06:31:49
2024-01-11 16:45:00,CNC-01,L,300.08895155680125,313.91032674588575,1793.892056924526,35.4962678289712,149.5488791371022,27.09812319191461,11.894808303217108,53.04662879661132,0,2026-08-25 06:31:49
2024-01-11 02:31:00,CNC-02,M,297.6652489431703,311.70176355390333,2544.5775102168595,23.04645480342466,212.48270882863036,3.7977405084493965,11.070086418015663,51.74005720090723,0,2026-08-25 06:31:49
2024-01-11 18:53:00,CNC-02,M,305.6461353161171,313.3120652315271,2088.6149594850694,30.471407416739172,64.77965520493419,27.043003273675225,11.840824169258042,43.05291136966622,0,2026-08-25 06:31:49
2024-01-11 11:35:00,CNC-03,H,294.6634075018023,308.0784955238226,1274.4504674293191,50.60269377944648,1.6,1.8449500898206614,12.09979571830758,64.49126008938669,0,2026-08-25 06:31:49
2024-01-11 16:59:00,CNC-02,M,299.572917916008,313.89887827465395,1916.633916183939,36.377670550559685,118.20220985233306,2.6813278396386355,13.046453907529639,50.182577192788756,0,2026-08-25 06:31:49
2024-01-11 16:05:00,CNC-01,L,299.7268147297097,314.30781558501377,1827.7268107535992,41.433704208643455,92.17984659005774,2.5713296810455515,14.274940505456112,54.01535602656399,0,2026-08-25 06:31:49
2024-01-11 14:36:00,CNC-02,M,297.4421633926332,312.5132653075383,1553.516445544908,50.3869553965508,129.6362443224184,2.3995440682927596,14.681312661938765,56.67887374544755,0,2026-08-25 06:31:49
2024-01-11 21:30:00,CNC-03,H,297.3399755443407,310.19909213197207,2536.749805159245,20.811692618928994,100.27407341212499,3.1404917029644164,9.76027574664176,54.43399746537273,0,2026-08-25 06:31:49
2024-01-11 16:53:00,CNC-03,H,297.0526052381243,312.4211379503168,1825.8504405518552,41.87809890894912,228.9118382726205,3.1187627689268242,14.283998366847081,55.06047655684056,0,2026-08-25 06:31:49
2024-01-11 06:22:00,CNC-01,L,302.06820358828725,310.1633876394727,1931.058684492555,36.59826635142862,58.146989040486,2.474120481783061,13.267655733609502,46.95354404803962,0,2026-08-25 06:31:49
2024-01-11 18:40:00,CNC-02,M,305.4079665416485,313.4734293935318,2138.0939458311677,31.93854621519739,48.27937246789829,2.7476284065823204,12.809148660883235,40.30293984239907,0,2026-08-25 06:31:49
2024-01-11 18:01:00,CNC-01,L,27.065236460588835,40.099841194094154,1824.0696227766402,34.49285680758548,16.236187653317042,2.4050459214733477,11.83841055301201,55.94719765712248,0,2026-08-25 06:31:49
2024-01-11 13:01:00,CNC-02,M,296.8673634525997,311.81824679659485,1377.0526549351805,53.185410031913094,183.89252195737285,2.5544499857603498,13.57887265046699,53.759621630901066,0,2026-08-25 06:31:49
2024-01-11 10:30:00,CNC-03,H,294.413354560724,308.12013980507237,1302.268575482923,48.857576170698785,124.11196518884934,2.1405311730765373,11.882001540787215,59.336195659894926,0,2026-08-25 06:31:49
2024-01-11 02:49:00,CNC-03,H,23.799399213007916,37.661573095695985,2526.330101554043,23.761898349693574,202.71175211853395,3.586188326435593,11.13134498348868,56.827795877305896,0,2026-08-25 06:31:49
2024-01-11 13:04:00,CNC-01,L,297.64929999519427,311.364299447394,1392.2018787910208,50.164270113779814,22.142484987353733,1.9752243802929794,13.458574459932798,56.2019928382226,0,2026-08-25 06:31:49
2024-01-11 17:07:00,CNC-02,M,299.39859213580576,314.1310399297771,2000.5238695587261,36.31265835153252,129.3760045703011,26.773076304406636,13.644905691305818,51.15756207296564,0,2026-08-25 06:31:49
2024-01-11 03:06:00,CNC-03,H,23.708063448728296,37.21151945187705,2737.7232770509904,20.55763287608345,222.1271064406239,4.0065772175920165,10.358754030030628,56.509004831493975,0,2026-08-25 06:31:49
2024-01-11 13:13:00,CNC-02,M,297.08319775673914,311.3430841344028,1473.6163161131267,49.071598034508035,0.0,2.0927027420634214,13.574445109544449,51.10107902268939,0,2026-08-25 06:31:49
2024-01-11 12:29:00,CNC-03,H,300.49398153849194,309.00218693237633,1402.9930097429196,53.4534724595189,87.32245896949658,2.1167684284040122,13.94059435398694,50.206829707356384,0,2026-08-25 06:31:49
2024-01-11 12:35:00,CNC-02,M,296.94726388622104,311.39705388202754,1432.4679264897716,48.897638423875634,142.78601675405906,2.2972527094266204,13.053994643772239,60.8905222340399,0,2026-08-25 06:31:49
2024-01-11 00:10:00,CNC-03,H,299.04517871143366,310.5215834203458,2690.163709289653,13.801294515873263,29.997648649643335,3.1357728723781633,6.9467485979744215,48.81761999109041,0,2026-08-25 06:31:49
2024-01-11 16:09:00,CNC-02,M,298.94210276430044,312.89421291998775,1822.326178610889,36.931194740246156,46.99797771260803,2.407023613533373,12.436405372897768,52.768855386847434,0,2026-08-25 06:31:49
2024-01-11 18:11:05,CNC-03,H,24.545219285296298,38.26787386889805,2077.867933080661,32.75738025366987,81.51970047195854,2.7151628929903486,12.866105411879728,55.17804932504173,0,2026-08-25 06:31:49
2024-01-11 22:45:00,CNC-02,M,298.94865732376275,310.50843299171373,2833.5934821316164,10.623710320232709,82.88347541909668,3.402875648719258,5.543095444804333,53.54065792118418,1,2026-08-25 06:31:49
2024-01-11 16:02:00,CNC-03,H,296.60381629537625,311.35026961240226,1669.1621441654981,46.05057380686978,155.85963002279303,25.08723692837596,14.145418553078382,59.94805028084355,0,2026-08-25 06:31:49
2024-01-11 09:16:00,CNC-03,H,294.40451938987763,308.34297705475325,1671.5427585645214,42.46452926999709,8.995691875071866,2.3959413761500965,13.124294526793832,63.48485117948693,0,2026-08-25 06:31:49
2024-01-11 23:29:00,CNC-01,L,299.46548718562843,311.7980977415599,2681.0239903892,15.378355511708586,157.08139851563172,3.566867219498452,7.816930920573538,51.083608699837654,0,2026-08-25 06:31:49
2024-01-11 01:28:00,CNC-01,L,298.4374902523524,310.99386390747776,,18.16114329565331,95.57979485180799,3.3419333360006034,9.07015229490708,56.94893209009343,0,2026-08-25 06:31:49
2024-01-11 10:00:00,CNC-01,L,296.4997917033692,310.2857801640344,1477.4568618036956,44.628408115306485,143.80503069152869,2.457867376246658,12.155591979573346,57.55546707778379,0,2026-08-25 06:31:49
2024-01-11 01:50:00,CNC-03,H,297.7152608666354,311.2600611424289,2681.8717663750267,21.174121394627743,137.201164989762,3.326501065633447,10.755140339512304,57.74778307642718,0,2026-08-25 06:31:49
2024-01-11 01:35:00,CNC-02,M,298.21535870900414,311.3144047148417,2600.3112046153256,20.26418588035826,150.8053965630013,3.3937740840566857,9.873650521939236,54.40118740810922,0,2026-08-25 06:31:49
2024-01-11 13:33:00,CNC-01,L,298.0592127690558,312.2208451843709,1388.643026927692,48.80268580168554,67.92792363625497,2.0922988167783387,12.816256653851255,57.08784444383545,0,2026-08-25 06:31:49
2024-01-11 10:59:00,CNC-02,M,295.87362230727007,311.0401933102076,1397.2892984627304,52.83839418187171,220.22626982426345,2.894777683401864,13.610100038898814,56.661541235952036,0,2026-08-25 06:31:49
2024-01-11 16:16:00,CNC-01,L,300.0182934918946,314.55704424452057,1638.6405793858173,44.34612663066734,108.17735053205944,2.4118415524973726,13.314852019956863,52.44014738297405,0,2026-08-25 06:31:49
2024-01-11 01:49:23,CNC-02,M,298.2291608818004,310.90466972026815,2757.403581563798,17.163459851368376,164.9845565003615,3.633913084413154,8.573961380225063,58.807997216769515,0,2026-08-25 06:31:49
2024-01-11 05:48:00,CNC-02,M,295.35032556703214,308.92893896018643,2207.601214781022,29.494435587987667,10.498434537108531,2.741577711985774,12.358641657968503,55.91127235511341,0,2026-08-25 06:31:49
2024-01-11 22:31:00,CNC-02,M,298.88841319489495,311.2959759184628,2601.1423000598625,17.147466022417674,67.87620627848798,3.1297687268576597,8.341387991105991,52.83325182147229,0,2026-08-25 06:31:49
2024-01-11 14:22:00,CNC-02,M,297.5715675047736,312.1988657085581,1450.8321162686289,53.25596386980124,108.02501837633848,2.1849268284749495,14.371588339710982,58.86880254777976,0,2026-08-25 06:31:49
2024-01-11 22:40:00,CNC-02,M,299.0441830528499,311.25366094644113,2751.423137789736,14.986927117164633,77.51450591808636,3.370950818889848,7.606289501170169,55.821355637164075,0,2026-08-25 06:31:49
2024-01-11 16:54:00,CNC-03,H,296.968844560837,312.34062341882156,1854.9264484211392,43.342479095780085,230.3171560944502,3.2827917251070433,15.141410522788815,53.89824960305764,0,2026-08-25 06:31:49
2024-01-11 07:04:00,CNC-03,H,294.84321306905684,309.1946796234669,1885.2269182580421,38.77226728098454,39.03583739656991,2.4988425984246705,13.674341535425325,59.60019917148623,0,2026-08-25 06:31:49
2024-01-11 12:39:00,CNC-02,M,296.79302888588916,311.65482684144087,1423.378910993876,52.75513456268008,149.06227943000914,2.385148796723326,14.165999122763985,52.56052760482567,0,2026-08-25 06:31:49
2024-01-11 10:29:00,CNC-02,M,296.0513682725701,310.77118064503577,1325.2145277363168,54.82889865199821,172.97102143010156,2.489775125110814,13.666101035673025,56.738672241193285,0,2026-08-25 06:31:49
2024-01-11 00:25:00,CNC-01,L,298.7278826898587,310.79764882666564,2530.2429868181225,17.69863384485729,28.113488657742387,29.782080246524583,8.374250715151833,46.92436513031953,0,2026-08-25 06:31:49
2024-01-11 11:45:00,CNC-01,L,296.9063933076442,311.3347314786901,1365.1669758734415,51.722040601853436,118.69554278925146,2.073547489395517,13.186836368324245,55.23637772953584,0,2026-08-25 06:31:49
2024-01-11 14:34:00,CNC-03,H,295.50048865711125,308.9999655001816,1373.911756888499,46.38575548039902,23.132642056215,2.068709295118454,12.050696963258979,58.217959651474615,0,2026-08-25 06:31:49
2024-01-11 02:13:00,CNC-01,L,298.3238110455725,311.4118103268038,2619.8288287413884,19.686144436966178,144.82564774605402,3.4133484719613074,9.787659677255833,59.035013374775986,0,2026-08-25 06:31:49
2024-01-11 07:52:00,CNC-01,L,296.72381569072326,,1650.4591401364062,49.944823550287715,184.4812445788686,2.9157924612644774,15.429581851642032,60.1080287375177,0,2026-08-25 06:31:49
2024-01-11 07:49:00,CNC-01,L,296.36142539110534,311.39135448829103,1808.5732959811794,42.417526432200276,180.03627818892525,3.0377866941372274,14.377385712795824,59.93433806023289,0,2026-08-25 06:31:49
2024-01-11 11:58:00,CNC-01,L,297.3156316917195,312.15598304553555,1499.6452019941191,53.10344457853318,139.25068492519242,2.335866263242885,14.656546319492284,59.61432346411248,0,2026-08-25 06:31:49
2024-01-11 05:42:00,CNC-01,L,302.2977469982032,309.764798526562,,35.1435879447281,5.175375826568498,2.70482567078592,13.189038358847183,46.02123167383235,0,2026-08-25 06:31:49
2024-01-11 06:24:00,CNC-03,H,295.2248290899099,310.09861661790745,2033.6644256477198,36.599681162794646,216.96721533699105,3.2087917266708366,13.803297106451026,62.919277492148176,0,2026-08-25 06:31:49
2024-01-11 16:43:00,CNC-01,L,300.2642475297204,314.46842543893763,1872.0731628644714,37.78832213008174,146.7119507298044,2.722895478753761,13.295396967665916,56.171393018704975,0,2026-08-25 06:31:49
2024-01-11 03:01:00,CNC-01,L,24.44994636792262,36.4956133299101,2576.33155749955,18.447471127533454,0.0,3.0652437932261125,8.714220091530969,56.69624085879352,0,2026-08-25 06:31:49
2024-01-11 08:40:00,CNC-01,L,296.5137103982907,310.91021144974127,1587.2667464607766,47.49422110813221,21.056069713463955,2.1943889454039995,13.87045291428317,59.22289615343589,0,2026-08-25 06:31:49
2024-01-11 21:00:00,CNC-02,M,299.6669795248559,314.8620432594186,2464.3006388428894,28.78677498905632,217.1039905100372,3.872857613549108,13.295517045430271,49.04079418632857,0,2026-08-25 06:31:49
2024-01-11 09:04:00,CNC-01,L,296.2278245949457,310.22546069723205,1588.103850310966,44.220263354598025,57.20640191494142,2.241028019897259,13.328265383407176,60.19721240781046,0,2026-08-25 06:31:49
2024-01-11 02:38:00,CNC-03,H,297.0735259797916,310.9216895151634,2525.167356746242,24.29140490657795,190.21274863352187,3.3994985193506095,11.621927296952343,58.31273076316369,0,2026-08-25 06:31:49
2024-01-11 21:23:00,CNC-01,L,300.41371320380125,312.99522463542127,2363.0220383020783,23.157381576757462,20.516471806612856,2.8652334729631646,10.2641291976262,54.79622398890204,0,2026-08-25 06:31:49
2024-01-11 10:01:00,CNC-02,M,295.844408500657,310.27539271389213,1279.9652202602658,54.06083754783709,128.89287383490972,2.2091529159333843,13.12634403632338,59.76140222267276,0,2026-08-25 06:31:49
2024-01-11 03:00:00,CNC-01,L,24.635018661736808,38.76497070572077,2483.6840455773972,25.27185701625633,197.44089911537247,3.804476598170014,11.66393524375858,52.79847357275786,0,2026-08-25 06:31:49
2024-01-11 09:02:00,CNC-03,H,294.2634238153223,309.46665878572594,1611.828674339281,49.38243135326006,212.0675822523813,2.779636414838623,14.850795086391086,61.309826649526684,0,2026-08-25 06:31:49
2024-01-11 06:22:00,CNC-02,M,295.54669061962824,309.74578834267027,1986.0153407295604,35.71387908179482,55.936288610330166,2.517043708941074,13.182712095309116,56.48308492465902,0,2026-08-25 06:31:49
2024-01-11 19:23:00,CNC-02,M,299.7692788802148,313.41157320031255,2271.245812077065,26.517948700733754,102.12405399727811,2.9729105787099726,11.182453985907452,53.20521390908268,0,2026-08-25 06:31:49
2024-01-11 08:43:00,CNC-02,M,295.1834782522237,308.86909124362217,1546.468227456681,44.64557764518425,9.09861561753714,2.201139239446755,12.7194220747955,63.88938201485171,0,2026-08-25 06:31:49
2024-01-11 06:57:00,CNC-03,H,294.8264791998407,308.6558701210231,2029.5732312384641,34.14691710836227,29.047445878565767,2.621991602384276,13.067894993375154,56.52877395913501,0,2026-08-25 06:31:49
2024-01-11 11:01:00,CNC-03,H,294.7156832211076,309.7655332913255,1492.8269960203468,51.174142164530856,172.99600820035366,2.5544190086544223,14.241141518279345,58.993342855357355,0,2026-08-25 06:31:49
2024-01-11 08:36:00,CNC-02,M,295.1188971456731,309.9705331638094,1654.0091455164006,42.93637719359735,247.53108543759637,3.5206243321888415,13.264745265890777,56.36511360134842,0,2026-08-25 06:31:49
2024-01-11 22:26:00,CNC-01,L,300.22362655720553,312.8777215943489,2770.8678746577257,17.970915481640006,89.4847001326251,3.3333641965804532,9.1890768645268,54.73342700595897,0,2026-08-25 06:31:49
2024-01-11 00:09:00,CNC-02,M,298.9304653132108,311.12287065518404,2699.789194434944,17.138633521941237,59.032050269400344,3.2762347074309446,8.792551934909966,52.712350370554034,0,2026-08-25 06:31:49
2024-01-11 15:31:00,CNC-01,L,299.3791109813693,313.69400423854455,1737.273456849152,42.722742427465505,42.2605908723824,2.353167915408438,13.855397228084572,52.82212746490876,0,2026-08-25 06:31:49
2024-01-11 05:20:00,CNC-02,M,295.53563343534756,310.37620992544134,2074.7027871286937,35.45112866268277,193.6587401415287,3.3110464624071705,13.714366499931321,58.93426466775199,0,2026-08-25 06:31:49
2024-01-11 20:00:00,CNC-01,L,300.34354487733475,313.7800679577951,2277.7484660187943,25.999875247946825,165.70153840711504,3.3178755636098347,11.194520776293553,51.106789754905336,0,2026-08-25 06:31:49
2024-01-11 12:17:00,CNC-03,H,300.3099763597346,308.43229149746946,1477.5357086906297,48.305019124199895,68.27399938546351,20.645028202163253,13.043069500353779,49.07068651418765,0,2026-08-25 06:31:49
2024-01-11 02:34:00,CNC-02,M,297.42429376969244,311.1486167445101,2537.7459003784447,24.077598173941556,215.8743115781026,37.92971415869861,11.306420514413615,58.81608656092369,0,2026-08-25 06:31:49
2024-01-11 11:57:00,CNC-01,L,297.42857590315896,312.25509618853584,1422.523322979606,54.20713302605589,137.66280794937572,2.307203212268666,14.328484510074862,59.89217356773295,0,2026-08-25 06:31:49
2024-01-11 10:39:00,CNC-02,M,296.0606438224235,310.7972588362269,1391.8265928008234,52.56045474925468,188.60886617624482,2.5964305048973575,13.386343736719681,59.29812454532118,0,2026-08-25 06:31:49
2024-01-11 17:25:00,CNC-01,L,27.433245186711304,41.98274206841148,2039.4447183252096,34.08244158953722,205.14381019895777,3.4954428688611654,13.031704965933452,52.42524682737383,0,2026-08-25 06:31:49
2024-01-11 11:30:00,CNC-03,H,294.3950531483152,309.017174044046,1366.553368938388,51.370060036102565,218.86178978001217,26.888934531351364,13.13674792660122,59.370676708756726,0,2026-08-25 06:31:49
2024-01-11 02:55:00,CNC-03,H,23.77908431408906,37.573175639125225,2596.1752176716427,23.704306534949367,209.66156446544983,3.77640378416717,11.297719762555035,53.46778199042386,0,2026-08-25 06:31:49
2024-01-11 20:49:00,CNC-01,L,300.57476545953443,314.7524917519012,2480.6803352699662,25.870835632659013,223.21949040292574,4.102217910278235,12.07817803058805,51.28388876486479,0,2026-08-25 06:31:49
2024-01-11 11:15:00,CNC-01,L,296.9090496305193,310.9963341463681,1378.763802475063,,71.28053415272355,2.0624402904405557,13.399537048565122,53.981142006045005,0,2026-08-25 06:31:49
2024-01-11 12:15:00,CNC-03,H,300.2271388246961,307.73080122023015,1333.2801878435548,49.31479810744476,65.11988369744792,2.0935340553597346,12.254646168358855,50.185175151480806,1,2026-08-25 06:31:49
2024-01-11 14:00:00,CNC-03,H,295.42266797062524,310.32722760743184,1367.7397716465255,54.302331742849155,231.02673790925724,2.8108793140464545,13.766206442319604,57.90216491172436,0,2026-08-25 06:31:49
2024-01-11 15:56:00,CNC-01,L,299.5710958289144,313.5949866692934,1697.2032683138275,40.84208893887625,79.02136411734317,2.3880933464056957,12.954877801369953,52.14908238197892,0,2026-08-25 06:31:49
2024-01-11 18:49:00,CNC-03,H,297.68375233408443,310.69115988592984,2262.7749515342543,23.923631412722795,130.8163166228888,3.0139827830443817,10.153119084303334,55.53673094945117,0,2026-08-25 06:31:49
2024-01-11 21:00:00,CNC-01,L,300.31333104519643,314.52102194431944,2519.6056660524832,25.960216962610833,235.86989310005697,4.368210160554751,12.440501500979824,48.92118477964264,0,2026-08-25 06:31:49
2024-01-11 13:02:00,CNC-02,M,297.05434762265764,312.00415153743774,1392.458415995372,54.030140988595186,185.48783967270398,2.466959893243062,13.938811294941628,53.02319991128733,0,2026-08-25 06:31:49
2024-01-11 22:47:00,CNC-03,H,297.08070671240466,310.13914154473656,2619.421508505049,19.65785198674864,184.2222895496288,3.491070508053612,9.37342569164025,57.89105634256316,0,2026-08-25 06:31:49
2024-01-11 03:08:00,CNC-01,L,24.460465713141332,36.76050730307037,2621.282011850551,19.245261114420853,7.787264564444921,3.05049127334501,9.315151040983512,57.22102050330027,0,2026-08-25 06:31:49
2024-01-11 03:08:00,CNC-02,M,23.76710539470588,35.594769046822705,2470.707973557205,17.52991951392054,33.039649094287995,2.994187749325079,8.143140654154651,52.91483458201132,0,2026-08-25 06:31:49
2024-01-11 20:08:00,CNC-02,M,299.87897715184505,313.95827595527976,2477.13341376145,24.231266736151376,156.60715188078328,3.290393919173088,11.12967126246769,51.55828514131059,0,2026-08-25 06:31:49
2024-01-11 06:19:00,CNC-03,H,295.1154195003694,309.7537893884464,1980.0708933066278,35.76724488494739,210.02095232488054,3.2637060577912793,13.227241253862239,60.42019903010544,0,2026-08-25 06:31:49
2024-01-11 12:36:00,CNC-01,L,297.42423504207636,312.35464481549025,1382.7398997282924,54.53140009747111,199.45325421365905,2.7874678103753303,14.31245353421033,54.31410386501847,0,2026-08-25 06:31:49
2024-01-11 19:45:00,CNC-01,L,300.43078267787115,314.13620374390206,2217.856155107432,26.887583988936683,147.56517729501402,3.0621591961695063,11.106138824034037,45.48067601596807,0,2026-08-25 06:31:49
2024-01-11 03:06:00,CNC-02,M,24.25857065369064,36.59337615585059,2489.7476590314236,19.371525939958747,30.72609607689648,3.060532945680234,8.711628875330867,59.463266954983254,0,2026-08-25 06:31:49
2024-01-11 21:48:00,CNC-02,M,299.40686852698826,311.93785427494754,2617.37541447338,17.705657888958754,20.93657411385916,3.0811728914538157,8.525521458200336,52.43694338312074,0,2026-08-25 06:31:49
2024-01-11 09:22:00,CNC-02,M,295.64231602123044,309.9452017767419,1529.1339606456045,47.09701346072217,68.43151790836865,2.2469519284899597,13.559857273421793,56.37729879786147,0,2026-08-25 06:31:49
2024-01-11 10:24:00,CNC-03,H,294.28801161880875,308.53570943129176,1464.2853469632507,48.72142190085058,114.58971637912958,2.1370188985441336,13.359300043219879,69.91722935193062,0,2026-08-25 06:31:49
2024-01-11 07:58:00,CNC-03,H,294.9390233231818,309.0236710437853,1771.2415746579052,39.57539353506826,116.41003446700834,48.06799574967033,13.194566034332412,57.68450030749282,0,2026-08-25 06:31:49
2024-01-11 13:10:00,CNC-02,M,296.7715741771779,311.72492977052326,1425.1788429525204,51.95767636742537,198.18106952794636,2.663510847687093,13.92556246576255,56.027133774074315,0,2026-08-25 06:31:49
2024-01-11 18:43:00,CNC-02,M,305.2460130193694,313.56596118298535,2168.334429226028,33.26275911947582,52.12869708908177,2.7151340409992173,13.446085115710407,44.091600597572906,0,2026-08-25 06:31:49
2024-01-11 21:50:00,CNC-02,M,6961.638218614909,312.1964291090572,2562.42840699994,19.335489095877726,23.18995968922576,3.137396099478561,9.377894369519097,53.70524143239685,0,2026-08-25 06:31:49
2024-01-11 07:52:00,CNC-03,H,294.8864189419974,309.47487826780554,1760.9790299186177,43.40511985848644,107.68911100534007,2.554792297187992,14.163143247772686,53.948859182797236,0,2026-08-25 06:31:49
2024-01-11 23:38:00,CNC-02,M,298.5559834980596,311.1544785802948,2832.726726799868,15.111361551501142,139.51671703577108,3.5104143238977796,8.009878355763297,57.2852052851793,0,2026-08-25 06:31:49
2024-01-11 23:44:00,CNC-03,H,296.8249138233315,309.2934256863127,2635.1118305888813,15.31207460525637,244.9040751403388,4.065218104111279,7.596051133631537,55.06641453489881,0,2026-08-25 06:31:49
2024-01-11 02:05:00,CNC-01,L,298.29945321047984,311.2914357792295,2549.565146069427,20.876507439857633,136.00298609031455,3.190798585031403,10.008688420541821,56.41349793593774,0,2026-08-25 06:31:49
2024-01-11 16:17:32,CNC-03,H,296.7697563095082,311.3629917430391,1549.0312712242974,45.7956021819224,179.14081680358407,49.0066863881604,13.416171971488266,56.749618670772236,0,2026-08-25 06:31:49
2024-01-11 23:36:00,CNC-03,H,296.90444501842205,310.3668643128476,2724.009047613712,19.10212006033525,236.41670009103163,3.987836204395972,9.870799226302564,58.76267451403354,0,2026-08-25 06:31:49
2024-01-11 13:48:00,CNC-01,L,298.1505789548598,312.8951140695815,1423.5303923634774,54.39150568125208,91.50422578318432,2.1351471998292353,14.304272052967558,59.341441941028506,0,2026-08-25 06:31:49
2024-01-11 07:47:00,CNC-01,L,296.3711999728928,311.2080203063916,1714.7169685360445,44.32725523885007,177.20039690499158,2.929108544971711,14.304966268699042,56.89534034624847,0,2026-08-25 06:31:49
2024-01-11 05:24:00,CNC-01,L,296.5637587119352,311.1153440408113,2133.552566020292,33.88042380915893,172.98154351079927,3.2747244259515402,13.318824917318606,61.25526554100212,0,2026-08-25 06:31:49
2024-01-11 21:06:00,CNC-02,M,299.446470780077,312.49058978516973,2569.690027449936,17.605812774735583,223.75668803536595,38.35455956175241,8.458059705158432,50.15069426916525,0,2026-08-25 06:31:49
2024-01-11 14:13:00,CNC-01,L,298.5352652639856,313.13849515525754,1500.7818640299888,50.57104276593593,130.84393256998874,2.273271567925911,14.165020861985113,54.085970307020986,0,2026-08-25 06:31:49
2024-01-11 19:32:00,CNC-01,L,300.0493876430293,313.7349791620075,2511.6153720177044,23.978433097074614,131.8162727228027,3.301020370628716,11.031648365493592,51.35171365514501,0,2026-08-25 06:31:49
2024-01-11 18:59:00,CNC-03,H,298.1680101809456,312.0602646134719,2436.390829245922,27.02053604553017,143.36720692978437,3.2627495330681326,12.293216821120236,55.24771186956836,0,2026-08-25 06:31:49
2024-01-11 23:41:00,CNC-03,H,296.9582849365979,310.2426212964832,2746.521664867972,19.293517340534546,241.6752985795674,4.20487817450648,9.708990979028362,56.2617704260049,0,2026-08-25 06:31:49
2024-01-11 19:13:00,CNC-03,H,298.1659398850205,312.04097613808716,2130.4619349010527,30.156089753484288,161.13348352538534,2.8710966125869377,12.13383438315035,54.52772402758052,0,2026-08-25 06:31:49
2024-01-11 10:43:00,CNC-02,M,295.7543307784321,310.95441577811107,1554.9276088570368,49.912908439053695,194.8967846976127,2.7650681499878,14.434392891800048,58.09034688034385,0,2026-08-25 06:31:49
2024-01-11 02:28:00,CNC-02,M,297.3158583709835,310.1950687465579,2550.4807774081523,18.306600352591133,209.0883884245512,3.669045900653256,8.660206591888418,54.82601996946503,0,2026-08-25 06:31:49
2024-01-11 01:52:00,CNC-01,L,298.57933003275065,310.49552687520094,2740.562908873084,13.019096465960715,121.70813316003007,3.4344353731738657,6.81212253971069,52.58139644180311,0,2026-08-25 06:31:49
2024-01-11 00:03:00,CNC-03,H,298.9631944258871,309.89861815378396,2734.998190187684,12.75487593053973,22.61880452629127,3.1222563445233003,6.513288408646689,52.77220146851812,0,2026-08-25 06:31:49
2024-01-11 14:10:00,CNC-02,M,297.1847322164937,312.1062948694246,1517.0565631173276,51.27873303142898,89.41086151225838,2.224122913765167,14.529443957082433,57.36438268127396,0,2026-08-25 06:31:49
2024-01-11 19:46:00,CNC-03,H,297.84280272222594,311.6958372415871,2444.572529125296,25.650263473977375,201.5126022665823,3.521469595699886,11.699778421002481,53.9478434999419,0,2026-08-25 06:31:49
2024-01-11 21:35:00,CNC-03,H,297.49419034749246,310.5009772108323,2530.493499962926,21.25465456633121,105.9876303007908,3.1993254611436686,9.875252195496566,51.58403881460541,0,2026-08-25 06:31:49
2024-01-11 12:08:00,CNC-02,M,296.58458107736647,310.9287084852429,1352.21534014214,52.17076960434927,99.82898379732194,2.0570073372866786,13.338855763182789,61.728058965483605,0,2026-08-25 06:31:49
2024-01-11 00:23:00,CNC-03,H,298.9723657685164,310.85324488411874,2698.934807486901,16.553368063960164,43.740131807133125,3.2151654191654333,8.441954141007024,50.892396691095215,0,2026-08-25 06:31:49
2024-01-11 13:21:00,CNC-02,M,296.99173630283923,311.07617650560746,1433.5078995771266,50.12142429889574,12.66562821508297,1.9897076829063771,13.374188731263768,59.359721523042495,0,2026-08-25 06:31:49
2024-01-11 21:49:00,CNC-01,L,300.12099866811303,313.18393579766035,2566.1568774792763,22.50445017739972,49.166580044236966,3.1019496505811746,10.60772467186626,51.596042899548,0,2026-08-25 06:31:49
2024-01-11 04:02:00,CNC-02,M,296.54651733678674,310.38698814602674,2432.7110948341715,26.499700468882157,96.33729805124551,3.040879576491157,12.067484492351467,61.009254079878176,0,2026-08-25 06:31:49
2024-01-11 05:47:00,CNC-02,M,295.18672516283203,308.47362631050726,2173.961679716012,28.59675102815536,9.22739170321821,2.7625615974565636,11.659904867057348,60.24689963272815,0,2026-08-25 06:31:49
2024-01-11 12:50:00,CNC-02,M,296.8482884054987,312.0851565504078,1519.7409672517979,51.68069122487914,166.41611366155385,2.4633402833523275,14.61176142817179,54.02828266961823,0,2026-08-25 06:31:49
2024-01-11 19:48:00,CNC-03,H,298.209586673045,312.87291554228545,2290.096891487367,30.879482867213103,203.95009060304298,3.389128264017104,13.06177831107342,56.1756306157103,0,2026-08-25 06:31:49
2024-01-11 07:22:00,CNC-02,M,295.35016877294214,309.8994184011568,1707.5313749921308,42.35776833889115,139.31353227566765,24.68607328618407,13.51169272996645,57.63026847687593,0,2026-08-25 06:31:49
2024-01-11 08:47:00,CNC-03,H,294.25164506561896,308.8695343222591,1511.5621988104501,50.16523436380677,189.2575443908682,25.263372787156012,14.257049547403154,64.12905181450573,0,2026-08-25 06:31:49
2024-01-11 04:00:00,CNC-02,M,296.5073812087328,309.75359020126655,2389.0178691061155,23.306679661850303,93.9174638910335,3.025015315421648,10.505093381828718,58.501668694594734,0,2026-08-25 06:31:49
2024-01-11 16:01:17,CNC-01,L,299.66770124143335,314.0461862345313,1614.777152564133,44.50373819499479,84.85181867708508,2.3031420670313936,13.495734345219164,51.59010993304437,0,2026-08-25 06:31:49
2024-01-11 14:29:00,CNC-02,M,297.30314600687285,311.74415791800374,1407.4725765878918,50.614643340316945,118.90050053201772,2.2026113390490614,13.437737879615794,51.27766481392012,0,2026-08-25 06:31:49
2024-01-11 22:39:00,CNC-03,H,297.0599691232322,309.1169098962489,2800.1365837067483,12.449082282765833,175.64560701581505,3.7212426331544024,6.459193046965667,56.65720759711733,0,2026-08-25 06:31:49
2024-01-11 16:48:00,CNC-01,L,300.0969761159869,315.192453360833,1768.0598119063618,45.03390376957006,153.7673603159625,2.788877957743423,14.686972654799108,50.39342634069863,0,2026-08-25 06:31:49
2024-01-11 19:35:00,CNC-02,M,299.75332973236084,313.6371196504578,2245.3177002162397,27.622447430239152,116.90549454993521,3.037417514447269,11.479207683517753,54.41043159298743,0,2026-08-25 06:31:49
2024-01-11 02:19:00,CNC-02,M,297.68414569796687,310.4321697300004,2722.9369559508286,16.184253902932777,198.9980862864194,3.828026179908718,8.394136065223785,56.64316384797455,0,2026-08-25 06:31:49
2024-01-11 02:44:00,CNC-01,L,24.650946694305674,38.44422675795977,2361.6955827322754,24.860021927448305,179.28541797531574,3.483486850159853,11.196534904137337,53.40672062139914,0,2026-08-25 06:31:49
2024-01-11 13:48:00,CNC-03,H,295.5814242550478,310.7174797627081,1400.4976108377973,54.620585355576125,212.206639833998,2.721270329153299,14.292266500621256,62.48240510892843,0,2026-08-25 06:31:49
2024-01-11 20:52:00,CNC-03,H,297.9535517602006,310.9781994285984,2397.617767217854,23.05665414103299,57.33217289114349,2.9781988038716363,10.60718867144906,53.787975013471076,0,2026-08-25 06:31:49
2024-01-11 20:48:00,CNC-01,L,300.22901044229684,313.60520143687035,2525.350082716752,21.288159579827358,222.08867673675223,4.222803661544271,10.07916459828561,52.159942388882726,0,2026-08-25 06:31:49
2024-01-11 11:38:00,CNC-02,M,,310.67415629882726,1457.3561608846173,48.72343753779049,52.1891185794765,2.1646961453286635,13.409959579464756,57.94833446608434,0,2026-08-25 06:31:49
2024-01-11 15:45:00,CNC-03,H,296.2824795550812,310.7898898398513,1712.2398284629382,42.49412773429182,130.7581856479434,2.4624710470597577,13.537097926486862,60.28858125844407,0,2026-08-25 06:31:49
2024-01-11 08:08:00,CNC-02,M,295.3003311332921,310.1580590293413,1657.884689136826,45.15007309670492,205.77528716755174,2.965280414031939,13.785516096465283,63.23934673330307,0,2026-08-25 06:31:49
2024-01-11 12:00:00,CNC-02,M,296.5444583498363,310.83137786864455,1509.0666333522638,46.432068832018295,87.14548330331083,2.1602372137050105,12.842573692846521,57.587121127811194,0,2026-08-25 06:31:49
2024-01-11 09:05:00,CNC-02,M,295.5088927894549,310.29376233024726,1727.0314458556168,45.994450919107955,42.50193866434166,2.326057234822249,14.956183652280782,59.413183190259865,0,2026-08-25 06:31:49
2024-01-11 06:29:00,CNC-01,L,302.16306646469747,310.53241200456137,2030.1884324940545,36.08787230390851,67.69559288472627,2.605628427515288,13.822706102736955,52.040162199765746,0,2026-08-25 06:31:49
2024-01-11 07:57:00,CNC-02,M,295.56292490785864,310.60609781377605,1574.5947071915705,48.247655982489086,189.60578929963168,2.682016276658403,14.06466751915966,61.7717675930181,0,2026-08-25 06:31:49
2024-01-11 14:18:00,CNC-01,L,298.67861098698717,313.4738704869194,1591.7511892381424,48.90206936805843,138.53314622302616,24.645769043283256,14.608568157657837,58.30955152143779,0,2026-08-25 06:31:49
2024-01-11 15:44:00,CNC-01,L,299.37871589807236,313.61967567460164,1703.307994862708,43.13720938673921,61.46395133106958,2.3044326240761213,13.715068737255487,50.49550890891957,0,2026-08-25 06:31:49
2024-01-11 16:18:00,CNC-02,M,298.80956668299797,313.0460090175316,1910.2338945141096,35.13107068081401,59.98663082981828,2.653336109881432,12.626607163830709,52.020363951737586,0,2026-08-25 06:31:49
2024-01-11 16:12:00,CNC-03,H,296.57396201262276,311.0321592616928,1766.0170532501709,39.04233642137511,170.3006418156518,2.7395543853386677,12.702454923828048,61.35744911788946,0,2026-08-25 06:31:49
2024-01-11 08:31:00,CNC-01,L,296.27406871446635,309.9673433555252,1577.6689694338243,44.06643902561399,7.496460426287825,2.270791452486674,12.7928660970113,60.80899681447366,0,2026-08-25 06:31:49
2024-01-11 22:25:00,CNC-03,H,297.2193559535502,310.132865625343,2659.572558355507,18.411554953734942,160.67582745517913,3.5986216439371868,9.090767361691226,57.861135096645874,0,2026-08-25 06:31:49
2024-01-11 11:29:00,CNC-01,L,296.8953497634554,310.94383030532066,1339.8922608845376,52.33003430191428,93.46801256583917,2.055987271812748,13.274354421077538,57.519708559113745,0,2026-08-25 06:31:49
2024-01-11 02:41:00,CNC-01,L,298.00394132500577,311.5245106185673,2453.7263669751333,24.25486077401247,175.90444911555537,3.5490515357868824,11.380186569925774,50.45111098097965,0,2026-08-25 06:31:49
2024-01-11 14:35:00,CNC-03,H,295.53362352590693,308.99441686926497,1404.493020798148,46.34502288093316,24.72303831948625,1.9451701196293303,12.311863561026568,58.89107785808432,0,2026-08-25 06:31:49
2024-01-11 13:37:00,CNC-01,L,297.96584080478027,0.0,1368.595543888391,49.34680794118262,74.1631511668435,2.0754800985600963,12.577416781138204,51.61642910541017,0,2026-08-25 06:31:49
2024-01-11 16:23:00,CNC-02,M,298.7584199290551,313.02306104594305,1649.662768341968,42.72966051005474,67.25238231172109,2.294884765749018,13.022133613704895,,0,2026-08-25 06:31:49
2024-01-11 00:29:00,CNC-03,H,298.95056818305306,310.2774285298174,2703.3550595575593,11.685543976357302,50.11911085849972,3.2568640999298264,6.182316573236393,52.229598605775884,1,2026-08-25 06:31:49
2024-01-11 01:30:00,CNC-01,L,298.6279476337492,310.96489960481506,2694.083555882405,17.883250926020633,97.79973324645147,3.3354480490154934,8.896671797601607,54.486444950164106,0,2026-08-25 06:31:49
2024-01-11 18:20:00,CNC-03,H,24.746690756380588,38.568872158527086,2042.6456665247956,33.038292959926615,93.31546666387453,2.671650517054455,12.768120747741374,56.38796683134718,0,2026-08-25 06:31:49
2024-01-11 18:54:00,CNC-02,M,305.34969159601894,312.44853470144625,2298.0597734228377,22.17148776849306,65.99119700185051,2.922300025384892,9.703457028861662,42.43222698612245,0,2026-08-25 06:31:49
2024-01-11 08:00:00,CNC-01,L,296.35443568082087,311.14468132653275,1566.5043741144611,45.112574632661804,196.19604086796437,2.882785877974718,13.056456633290315,58.1163041150429,0,2026-08-25 06:31:49
2024-01-11 18:13:00,CNC-03,H,24.529062863769354,37.93932870223347,2033.63317550432,31.93511568244552,84.19798205747958,2.7006103558315195,12.034795201759172,53.546550948424,0,2026-08-25 06:31:49
2024-01-11 09:47:00,CNC-01,L,296.3688287637913,310.2382233632005,1363.682496997034,48.39791873424925,123.51768590030214,2.1623124454542566,12.618678077295323,55.44654941424392,0,2026-08-25 06:31:49
2024-01-11 03:41:00,CNC-01,L,24.205470658271395,36.76071253117874,2407.3018083797665,22.19124052318002,46.029519665083825,2.98082439063075,9.888004355015536,56.03994241482313,0,2026-08-25 06:31:49
2024-01-11 04:15:00,CNC-01,L,296.8833898635759,310.71333443498924,2313.7250904642733,28.401997850683898,86.72148803306591,2.879648075480321,12.175498868931413,56.81685953291446,0,2026-08-25 06:31:49
2024-01-11 20:06:00,CNC-03,H,298.32240094914783,310.5642209225295,2523.4529898437836,20.179537139677468,3.4804828361731897,3.050477081898133,9.595543968402525,50.11958782924715,0,2026-08-25 06:31:49
2024-01-11 01:50:00,CNC-02,M,298.1077650952434,311.4940826134605,2569.066632861646,21.420045279806075,167.15639882448284,3.4962434879529596,10.26693299016854,57.7819667123332,0,2026-08-25 06:31:49
2024-01-11 14:02:00,CNC-02,M,296.97669834257124,311.10734128828244,1432.9283359522274,48.26994717331094,76.91039532720778,2.059109952308229,12.741549338155762,56.06119040390134,0,2026-08-25 06:31:49
2024-01-11 23:49:00,CNC-03,H,296.90981069322976,309.8514266904873,2735.8877529927954,15.522663294418168,250.2574463569595,4.331030624064461,7.8732341853620795,61.232316769632696,0,2026-08-25 06:31:49
2024-01-11 17:12:00,CNC-01,L,300.2730482187873,314.50954584502546,1940.3703279872764,33.448749302250064,187.38614858337075,3.259274655564964,12.316897966826449,50.28044275575867,0,2026-08-25 06:31:49
2024-01-11 19:41:00,CNC-02,M,299.9396049819679,313.5126683662705,2315.431383024963,25.514379952623738,124.23434328683358,3.0501715440447095,10.903753859177055,48.32778261406634,0,2026-08-25 06:31:49
2024-01-11 04:13:10,CNC-03,H,296.1298715764099,308.8659532884158,2290.4081281790063,23.053449671676884,49.79589478128094,2.8099865457372997,9.738399623248513,54.56706814629014,0,2026-08-25 06:31:49
2024-01-11 09:13:00,CNC-03,H,294.27726538148636,308.09132827364743,1524.1653822731892,46.316432391117324,4.540973949438758,2.1918526533711216,13.2640754725077,66.23866844435248,0,2026-08-25 06:31:49
2024-01-11 20:15:00,CNC-02,M,299.81656943616457,314.2060941439335,2312.755373002367,28.241845023800746,164.96386732317308,3.2302378577069053,12.337909233282597,54.85235278297152,0,2026-08-25 06:31:49
2024-01-11 10:01:00,CNC-01,L,296.0146982755274,310.48982174255224,1387.216922941607,52.72995011980944,145.38620341289268,2.2955693705234763,13.586848817189978,60.81328309454298,0,2026-08-25 06:31:49
2024-01-11 13:04:00,CNC-03,H,294.99687654860793,309.37445446680385,1373.0859271507973,51.94347740301406,142.8616752758949,2.1495203309405415,13.552396609006763,58.57373360615337,0,2026-08-25 06:31:49
2024-01-11 10:17:00,CNC-03,H,294.3949092746249,308.52498244062025,1506.323958829509,46.47867143992772,103.59282119145372,2.2334902190426607,0.0,62.57022217575655,0,2026-08-25 06:31:49
2024-01-11 06:26:00,CNC-01,L,301.98518449638294,309.969770796342,1942.8439484130288,36.050803251857694,63.55843301574493,2.5473166888239334,12.978023253388379,49.98202171693192,0,2026-08-25 06:31:49
2024-01-11 14:26:00,CNC-01,L,298.45637978970103,313.0032708824579,1493.8388212402047,47.13634928178962,150.87072526713422,2.5043890166533926,13.114761501257641,55.822952420543515,0,2026-08-25 06:31:49
2024-01-11 20:21:00,CNC-02,M,299.53993328796497,313.03766568389887,2518.0320337899275,22.16076149482502,171.9983203838034,3.3764304454082557,10.233611989403988,53.23706679197992,0,2026-08-25 06:31:49
2024-01-11 05:20:08,CNC-03,H,295.9129194197944,310.11249318452735,2204.0561930253266,29.322882852735347,130.75500494428212,2.9280738307533536,12.215701207299949,61.13210289924838,0,2026-08-25 06:31:49
2024-01-11 00:04:00,CNC-03,H,299.13856410494526,310.6121865749192,2613.4375009721152,14.658374950552712,23.679347164120596,3.1773235931076136,7.22635516199015,49.714765870677034,0,2026-08-25 06:31:49
2024-01-11 20:24:00,CNC-03,H,297.95807096197416,310.59876023458435,2417.4920927954563,22.773463275007266,24.795358215614282,3.0164218372819507,10.039723390061585,51.68498740116897,0,2026-08-25 06:31:49
2024-01-11 17:26:00,CNC-03,H,24.225866433079943,38.306396512892945,2081.9677791455765,36.019149790043464,20.76216319251166,2.723101948553739,13.962621096988869,58.846053836237864,0,2026-08-25 06:31:49
2024-01-11 19:29:00,CNC-02,M,299.87630340412494,313.7442028718015,2276.2114887705825,26.632470480411648,109.50369152214671,2.870956182540613,11.67607546060271,51.60083202367906,0,2026-08-25 06:31:49
2024-01-11 03:14:00,CNC-02,M,23.834342282611715,36.77299452769989,2458.1481144175245,23.198489265367662,39.94657015233747,3.014033854961703,10.53665981632583,57.48491729462837,0,2026-08-25 06:31:49
2024-01-11 13:12:00,CNC-01,L,297.68664216266257,311.526999549645,1451.0278660221961,46.44005947326835,34.795676497238354,2.13034431604924,12.70656069279745,52.89284148499213,0,2026-08-25 06:31:49
2024-01-11 20:53:00,CNC-03,H,297.8609060570122,311.23805135987993,2540.6212199333763,24.90734948638516,58.484900525665246,3.1521182537959085,11.869909329239393,56.04892157273488,0,2026-08-25 06:31:49
2024-01-11 19:03:00,CNC-02,M,299.72390720345174,313.11691741362233,2211.1992662114517,27.630118003447045,77.29037323688452,2.814773020081012,11.408050026932274,52.82718424093002,0,2026-08-25 06:31:49
2024-01-11 14:13:00,CNC-03,H,295.5457143014184,311.3182694920072,1474.3383062184005,56.908019998114085,251.19466436038226,61.521620863038976,15.737896848349923,66.005590303591,1,2026-08-25 06:31:49
2024-01-11 00:12:19,CNC-03,H,299.01571483733863,310.6288216463927,2729.434459844477,14.071254058938415,0.0,3.2238511361692566,7.163810666876228,52.83594284043373,0,2026-08-25 06:31:49
2024-01-11 15:28:00,CNC-03,H,296.1395062975157,310.2875808821623,1535.2630430663837,46.752146630297794,105.38609559758672,2.293198360832253,13.391288942667648,58.88621343536113,0,2026-08-25 06:31:49
2024-01-11 20:59:00,CNC-03,H,297.68619541690003,309.76019999496026,2664.805643749426,16.91735560224959,65.26782547272174,3.2269763924489356,8.265421407288308,58.88208845233616,0,2026-08-25 06:31:49
2024-01-11 02:23:00,CNC-03,H,296.9981828056066,309.62731932120374,2485.081822296465,19.279871597536776,173.4431687553863,3.5178181332742198,9.018065647863924,60.037464767624606,0,2026-08-25 06:31:49
2024-01-11 20:53:00,CNC-01,L,300.0520961529368,7568.0182284694065,2546.000568238369,24.632228605466274,227.8808704984841,41.558785898056264,11.765760557534534,50.641969435091866,0,2026-08-25 06:31:49
2024-01-11 20:33:00,CNC-01,L,300.6887709791105,315.27961888255277,2363.9967521827425,31.04902061835207,204.6118989817815,3.7404434520053127,13.839556546032126,49.11718972655555,0,2026-08-25 06:31:49
2024-01-11 14:20:00,CNC-02,M,297.3909356001229,312.0415495595903,1433.8964808156697,52.009461609148055,104.88865820997037,2.2917635771476665,14.101055048473468,53.460541115723785,0,2026-08-25 06:31:49
2024-01-11 13:34:00,CNC-02,M,297.13831480915087,310.7477066353461,1271.665329409844,49.18120212403217,33.1525564117438,1.9774611670033604,11.75193059486412,55.48383700998996,0,2026-08-25 06:31:49
2024-01-11 14:44:00,CNC-01,L,298.9926298826402,313.98744219241684,1515.5116938138178,50.987306994958544,178.45276740600315,2.8194298158803326,14.38185466734415,52.5364025711514,0,2026-08-25 06:31:49
2024-01-11 08:18:00,CNC-02,M,295.369510409933,310.8734941518787,1691.6246409450805,47.32095241813051,220.64177593820014,3.1862967338920023,14.894013953098067,63.0113019892919,0,2026-08-25 06:31:49
2024-01-11 12:59:00,CNC-02,M,296.5819268213037,311.7240829802954,1290.5674271273194,56.465606752638365,180.7271064522988,2.422556796620596,13.582818458574254,56.43908568280745,0,2026-08-25 06:31:49
2024-01-11 06:14:00,CNC-03,H,295.1131595091205,309.9149005021334,1900.9206435223878,37.37803611872099,203.18311412400962,3.0315963853533145,13.28826490314219,66.2771050433625,0,2026-08-25 06:31:49
2024-01-11 11:46:00,CNC-03,H,294.62518577396384,308.5474245902314,1404.5390661730617,50.4372529725257,19.11438868724676,2.1669437690162265,13.367268054608914,62.815720949221415,0,2026-08-25 06:31:49
2024-01-11 21:48:00,CNC-03,H,297.6351332889881,309.19783235241795,2702.7532844082302,12.528153937078148,120.29879177469046,3.2595299305857544,6.489760538051651,50.9571199153959,0,2026-08-25 06:31:49
2024-01-11 08:12:00,CNC-03,H,294.7773617996165,309.5637938096077,1473.3515342143128,50.92241751195208,137.02584538551065,2.3324141482272687,13.972654788135976,62.17741734750436,0,2026-08-25 06:31:49
2024-01-11 18:11:00,CNC-01,L,27.32493925678972,40.32290275997002,1990.5174593262973,29.713011806383832,29.548697580356656,2.6204208152763977,11.229640633727152,48.875321150066476,0,2026-08-25 06:31:49
2024-01-11 18:38:00,CNC-02,M,305.41722510326633,313.64798197049623,2238.211328592652,30.77857697244955,45.7050534901939,,12.894489075455171,38.71903409616239,0,2026-08-25 06:31:49
2024-01-11 16:26:00,CNC-03,H,296.44292491817396,7506.205609472564,1810.0803024991746,41.285901756524595,190.68916506040054,2.7719783831560916,14.123609357734539,56.028466184742214,0,2026-08-25 06:31:49
2024-01-11 14:16:00,CNC-02,M,297.34722075563036,312.00324941375476,1569.3199932156715,47.615823286570794,98.736572542488,2.221424362803839,13.734601071493904,54.15380718114793,0,2026-08-25 06:31:49
2024-01-11 05:37:00,CNC-02,M,295.69057684118474,310.78056377327,2144.8529996456127,35.16016379607378,215.51086276318208,3.647590572740806,13.971261921904212,54.044210214246206,0,2026-08-25 06:31:49
2024-01-11 13:17:00,CNC-03,H,295.1142063530858,310.3245753265547,1517.2666466142527,52.53312455308109,163.38915482880077,2.4873579523203655,15.076264461897878,63.72913859062225,0,2026-08-25 06:31:49
2024-01-11 00:48:00,CNC-01,L,298.9363409787425,310.94535127083293,2573.2545417993224,17.197182465032235,52.74148418669096,,8.356601461901741,52.42665150079385,0,2026-08-25 06:31:49
2024-01-11 00:15:00,CNC-03,H,299.0449411298344,310.75555670074755,2742.934176025458,15.241261092513575,35.26690284704316,,7.838380188463097,47.53182564686514,0,2026-08-25 06:31:49
2024-01-11 01:36:00,CNC-03,H,297.82252398266576,311.2788710722127,2449.58978517871,23.702092244212537,121.86716527223763,3.1294261208242307,10.970356181184933,54.490116405594826,0,2026-08-25 06:31:49
2024-01-11 19:33:00,CNC-01,L,300.3042904385965,314.5235075269068,2287.4273667290186,29.674075937243973,133.05289372612262,3.0225926395832197,12.853546292205603,55.82978146855166,0,2026-08-25 06:31:49
2024-01-11 14:28:53,CNC-03,H,295.5481888423798,309.3083889843333,1537.0654899747676,45.55706775144816,16.941679127989374,2.124640100253644,13.31282617414061,62.27167978835565,0,2026-08-25 06:31:49
2024-01-11 16:44:00,CNC-03,H,296.9287754680458,311.81777557499004,1891.1301600696572,39.12451006704887,216.24000737920912,3.1760240301790827,13.915721559709366,58.933026516508924,0,2026-08-25 06:31:49
2024-01-11 13:46:00,CNC-01,L,298.5436854246637,312.82422666829996,1394.911364898468,52.337465153301736,88.37444724086895,2.143424678537033,,52.30281265770709,0,2026-08-25 06:31:49
2024-01-11 13:46:00,CNC-02,M,297.0512215144571,311.31092530252323,1488.0077093818056,48.163626181357984,51.874722943395994,2.082506327524344,13.243077319554112,57.766832927315036,0,2026-08-25 06:31:49
2024-01-11 18:53:00,CNC-01,L,300.1204809877304,312.93009454071915,2295.0613158271767,24.004612190930843,83.56768738866963,2.9476463604013396,10.314286205422176,49.80228836588098,0,2026-08-25 06:31:49
2024-01-11 21:58:00,CNC-01,L,300.09982331859317,312.7041779461683,30354.449543243918,19.09006747709826,58.953807678564566,3.1682253718233584,9.361907406183237,51.83281236507975,0,2026-08-25 06:31:49
2024-01-11 10:54:00,CNC-02,M,296.12424501687894,310.8830807461353,1395.8984874164835,50.39210576396553,212.2964939351746,2.7679548672557033,13.140062838560949,55.253019695646586,0,2026-08-25 06:31:49
2024-01-11 16:58:00,CNC-03,H,297.1405424942127,312.28604850648185,1777.8075446149883,42.7244017360805,235.9798572847871,3.2097237050900014,14.270467992873588,56.62757877515467,0,2026-08-25 06:31:49
2024-01-11 23:57:00,CNC-02,M,298.56232015310457,312.07554415127976,2736.4128384953074,20.536308003470737,159.574056870897,3.6425815672722517,10.490469692026902,53.82950835120626,0,2026-08-25 06:31:49
2024-01-11 21:18:00,CNC-03,H,297.4675827061339,309.5501719625897,2408.6297102471594,18.961472837402198,86.7277336136453,3.0077414029654808,8.741981337408628,50.73034216891976,0,2026-08-25 06:31:49
2024-01-11 09:28:00,CNC-03,H,294.3070270723967,308.0483340720571,1502.1857970191331,45.84103777961288,27.55050309835232,2.203246911615866,13.151900085412422,57.75078810556765,0,2026-08-25 06:31:49
2024-01-11 16:41:00,CNC-01,L,300.3775443709885,314.58204411590486,1708.5073251527535,41.472896328906096,143.88546467890987,2.690441583393614,13.307899361021974,47.309286222812894,0,2026-08-25 06:31:49
2024-01-11 18:05:00,CNC-01,L,27.511205990747953,40.21968001460664,2144.362173730953,27.854665708848458,21.447678668514,2.7695911478151958,11.347649826616335,53.28745262540062,0,2026-08-25 06:31:49
2024-01-11 13:04:59,CNC-02,M,296.7556766685262,312.58284325868,1421.9352285828454,59.0396763389927,188.62854313302986,2.6024110902302917,15.543234316566362,59.95611711033174,0,2026-08-25 06:31:49
2024-01-11 12:39:00,CNC-03,H,6987.225524005184,308.72916942155274,1322.9667467540064,53.64557364916652,103.18935873932291,2.0615528565744667,13.185993757225956,53.090651714567564,1,2026-08-25 06:31:49
2024-01-11 12:09:00,CNC-03,H,300.61643983248655,308.77988956042145,1321.1453362220288,54.94055070067938,55.56310834515592,2.036086895142967,13.531422299394542,50.378160656838354,1,2026-08-25 06:31:49
2024-01-11 21:27:00,CNC-01,L,300.1744481506139,312.7443478746232,2432.8253584376776,22.804364514332924,25.08136847819187,3.1265979709430836,10.459152794348867,48.1044762499974,0,2026-08-25 06:31:49
2024-01-11 20:09:00,CNC-02,M,299.9626783045492,314.305558551849,2319.1044786554758,27.73780944328968,157.83022805469437,31.257520459256416,12.383481239007908,57.24023847120078,0,2026-08-25 06:31:49
2024-01-11 12:14:00,CNC-02,M,296.7896416374977,310.99626220833414,1282.4280975634674,52.277944940622376,109.36374758852638,2.076181928357387,12.631009445503361,56.26283820310957,0,2026-08-25 06:31:49
2024-01-11 09:14:00,CNC-01,L,296.2704557974893,310.14081519958955,1629.4042389455155,42.39260114056718,72.58307282856308,2.4755323770856337,12.861547809169618,55.95061330498407,0,2026-08-25 06:31:49
2024-01-11 15:35:00,CNC-03,H,296.0092086262987,310.5114978580421,1687.4209907007837,44.406494107868724,115.8962378077726,2.426823377405085,14.042277407638728,60.485239000484384,0,2026-08-25 06:31:49
2024-01-11 02:40:00,CNC-01,L,297.6111756472839,311.69154692716705,2486.6321170064934,25.784953096795974,174.75602787576122,3.529256761751995,11.77627386870874,57.759970136639204,0,2026-08-25 06:31:49
2024-01-11 23:52:00,CNC-01,L,299.6743101215177,312.0932177147393,2629.9124879769206,15.804250021183945,181.71751255211268,3.808217715236944,7.778779144941628,54.73285757142831,0,2026-08-25 06:31:49
2024-01-11 03:52:25,CNC-02,M,296.44168653283236,309.36777456290827,2370.914941890771,23.635841987748833,84.4547663965838,3.0650507367968456,10.375384116421866,56.07482665587512,0,2026-08-25 06:31:49
2024-01-11 02:05:00,CNC-02,M,297.66503339014656,310.6845782275416,2543.2176529929916,20.401238261182844,183.57116106733898,3.662166838278228,9.862629815141595,60.001405978019974,0,2026-08-25 06:31:49
2024-01-11 05:22:00,CNC-03,H,295.6408649547526,309.95622267820073,2239.041966309409,31.380753398379206,134.5791855890896,3.0044602613712965,12.960211989859603,59.1353737791919,0,2026-08-25 06:31:49
2024-01-11 07:49:00,CNC-02,M,295.3384489977655,309.983191289694,1845.507034853878,37.67869117369272,177.9252852285715,2.967801595012133,13.228858380347472,60.260796812361384,0,2026-08-25 06:31:49
2024-01-11 07:44:00,CNC-02,M,295.3686658647938,309.75278233860104,1770.7413498821697,39.12427604176858,170.77612862792859,2.7870821777200674,12.891394381874301,57.35793012905567,0,2026-08-25 06:31:49
2024-01-11 19:35:00,CNC-01,L,300.195259756686,313.62393054152795,2452.724086998783,24.37726288848765,135.43782404893958,3.252527642669088,11.076378708445827,51.75495249614828,0,2026-08-25 06:31:49
2024-01-11 20:59:00,CNC-02,M,299.357717233862,313.9924409066034,2456.4556007378615,26.40198130696632,215.9432306071506,3.7864731512538334,11.95661814003635,57.1686982946461,0,2026-08-25 06:31:49
2024-01-11 04:24:00,CNC-02,M,296.290894018793,309.51547513068624,2234.4880915765034,26.12874846659569,122.90332828603484,2.993827235814221,10.80665358785537,57.01043697099952,0,2026-08-25 06:31:49
2024-01-11 22:13:00,CNC-01,L,300.4834199656749,312.4780244838434,2675.0674316173004,16.52798935883644,75.51019695282679,3.1513088822865067,8.068134068542834,57.00276599183257,0,2026-08-25 06:31:49
2024-01-11 15:37:00,CNC-01,L,299.2818349922807,313.66611579425324,1662.1813042325223,46.18197014036733,,2.2679589758583782,14.120985131204806,57.10899732508684,0,2026-08-25 06:31:49
2024-01-11 06:01:00,CNC-01,L,302.1967497179959,310.06473105327694,2112.410921602623,33.2469074400448,30.21158004514786,2.605634373742618,12.936173716932165,48.22134541505454,0,2026-08-25 06:31:49
2024-01-11 20:43:00,CNC-01,L,300.06321404681523,314.81926508481155,2352.2664096635626,30.21563419657193,216.38056025355004,3.884827194281291,13.514040586322368,50.0246523895211,0,2026-08-25 06:31:49
2024-01-11 18:57:00,CNC-03,H,297.7764189436189,311.4595824414782,2235.3992274157204,27.154354663321186,140.9141438580932,3.0446342661993877,11.472244388910132,55.81284975271823,0,2026-08-25 06:31:49
2024-01-11 21:18:27,CNC-01,L,300.49271489363434,312.5596120550041,2419.624273081489,19.22223121025732,15.877401404138325,2.9885604854194727,8.942662879611587,48.13001596633457,0,2026-08-25 06:31:49
2024-01-11 07:29:00,CNC-03,H,294.95080468054556,308.90567598211084,1791.610317887545,40.10837079784379,74.50064719147709,2.4643919022840604,13.52027349888928,62.45576903500273,0,2026-08-25 06:31:49
2024-01-11 09:32:00,CNC-01,L,296.64654397060065,310.84768588270447,1436.2373889691632,49.00370601979158,100.25266114423727,2.19570159000416,13.318055617605975,56.277174426988154,0,2026-08-25 06:31:49
2024-01-11 01:49:00,CNC-03,H,297.5554910269883,310.42871956259654,2492.572346280625,20.737150139639386,136.08672920914262,3.317478700472282,9.48495271614508,57.98781910675186,0,2026-08-25 06:31:49
2024-01-11 20:18:00,CNC-02,M,299.54477390109264,313.27931687456055,2440.4978541404994,22.842398955483958,168.54757088182777,3.324266408827138,9.979147065988558,54.86094667760732,0,2026-08-25 06:31:49
2024-01-11 14:04:00,CNC-01,L,298.5808373821042,312.8127782117281,1382.9252298388774,51.580821769107104,116.70146051569043,2.2542526538978214,13.427905082826715,56.62889581753504,0,2026-08-25 06:31:49
2024-01-11 12:52:00,CNC-02,M,297.00427907746786,312.22009380872765,1362.4854456280918,56.549096037161625,169.61611366155384,2.475892092605199,14.407049418883693,59.44669411743048,0,2026-08-25 06:31:49
2024-01-11 18:22:00,CNC-01,L,27.095397290229585,41.1543586318885,2081.7278153020843,32.96947739801676,43.9730012828405,2.7122994541293037,12.807659414705432,55.20604347628988,0,2026-08-25 06:31:49
2024-01-11 22:17:00,CNC-01,L,300.37333748835994,313.6883424625828,2574.415951176655,23.04262829979486,79.85864876950335,3.065720670678102,11.148028378817035,49.69467687111777,0,2026-08-25 06:31:49
2024-01-11 17:19:00,CNC-02,M,25.8631055385826,40.52145687463758,1791.5403956664343,40.55060762361504,146.13629795168347,2.5263773193118406,13.575288068501143,53.63410203951628,0,2026-08-25 06:31:49
2024-01-11 20:00:00,CNC-03,H,298.0399999833747,311.99145537051857,2330.789284912993,27.158799953153324,218.41255034868806,3.5366062865108705,11.709547082939174,54.0295788390298,0,2026-08-25 06:31:49
2024-01-11 23:53:00,CNC-02,M,298.18771489604717,310.2912392576959,2662.4286122660787,13.595026446913204,155.30540000509671,3.4858959809414207,6.735546854297346,53.691420503046146,0,2026-08-25 06:31:49
2024-01-11 09:28:00,CNC-01,L,296.08331856069043,310.25494245227463,1474.9863259792462,48.26259800212119,94.10769738791862,2.228927748819457,13.125378915355157,61.02631955528558,0,2026-08-25 06:31:49
2024-01-11 10:42:00,CNC-01,L,296.7394318001293,310.4157982126136,1298.9624754097063,52.352811840533015,18.966963847543365,2.0055180877964047,12.79302805702663,57.745338549276646,0,2026-08-25 06:31:49
2024-01-11 13:31:00,CNC-03,H,295.03883307312867,309.7989551285094,1433.4734665732042,52.25627012309915,185.42336459039524,2.487767226915187,13.874678554879688,60.99536757198049,0,2026-08-25 06:31:49
2024-01-11 06:06:00,CNC-02,M,295.5234222079318,308.8855238435798,2060.7198859080945,31.378552846369594,34.31017947324987,2.7578047514516073,12.096655149613515,63.04223866176134,0,2026-08-25 06:31:49
2024-01-11 00:28:00,CNC-03,H,298.91153831378347,310.7857896147204,2756.752618750358,15.775635013872414,49.07572670363538,3.2915277083338212,8.163888423400396,53.07617936238594,0,2026-08-25 06:31:49
2024-01-11 06:17:00,CNC-01,L,302.25505699066105,309.7941269940071,2035.0097959601078,32.15616306253867,51.37938464885055,2.684294880665317,12.406973410964572,46.41282222466377,0,2026-08-25 06:31:49
2024-01-11 04:16:00,CNC-03,H,296.161040211794,308.9758522617537,2264.2713679316553,25.16334561902712,,2.797416120081202,10.651312123740013,58.78369267166479,0,2026-08-25 06:31:49
2024-01-11 17:04:00,CNC-03,H,297.07070624393594,312.92880934707904,1873.3792175313772,44.10987686112081,244.39008429014515,3.4801675890732424,15.567702601216636,53.94657597321328,0,2026-08-25 06:31:49
2024-01-11 22:45:00,CNC-03,H,297.30181565189747,310.00924340711805,2645.205725371124,17.351006269996645,182.07806742791794,3.5710800845920825,8.772284739199032,55.432782171523414,0,2026-08-25 06:31:49
2024-01-11 18:51:00,CNC-01,L,300.2649779752363,314.6667226985433,2132.8892097198695,34.824653841630415,81.04608425218824,2.706947937538058,13.9318150820672,50.39849916088957,0,2026-08-25 06:31:49
2024-01-11 13:20:00,CNC-01,L,298.0261343103555,311.8653584547486,1417.2642372188375,49.933682563527626,47.41026812009252,2.0713298103701154,13.278879773327272,53.40773237041759,0,2026-08-25 06:31:49
2024-01-11 21:22:00,CNC-02,M,299.46257601395826,313.06007562555055,2509.304913371238,20.578594255911202,241.67901645789004,4.248363383314504,9.730121333375365,54.595305717003114,0,2026-08-25 06:31:49
2024-01-11 10:20:00,CNC-02,M,295.63893758434716,310.4265877343108,1402.9804965199548,51.00192895415597,158.8274588781175,2.3224701601629243,13.267691019400889,58.56459845712756,0,2026-08-25 06:31:49
2024-01-11 06:11:00,CNC-02,M,295.45491004134567,309.18311012875677,1920.881825844415,34.491899991778986,41.02101805997422,2.599416384800859,12.437535988997578,62.69364047814031,0,2026-08-25 06:31:49
2024-01-11 07:54:00,CNC-02,M,295.3086874624554,,1620.9137296043052,44.83871190925838,185.20843680838155,2.84285631263802,13.48713683730599,63.96002833237004,0,2026-08-25 06:31:49
2024-01-11 02:52:00,CNC-03,H,23.77610750919098,37.926645031059365,2447.99794012876,26.09408744483538,206.2165998284421,3.5444269009548184,11.799500066591897,54.30076345877296,0,2026-08-25 06:31:49
2024-01-11 01:28:00,CNC-02,M,298.1464448711482,310.178334406164,2808.144441998472,,143.0883406870581,3.4814561378054645,6.764368340822071,54.50527635483266,0,2026-08-25 06:31:49
2024-01-11 06:56:00,CNC-01,L,296.57792045773385,311.26295936547865,2041.935082333545,38.4463405587494,104.51614852519494,2.869656041892227,14.577280467293454,58.76432634390001,0,2026-08-25 06:31:49
2024-01-11 07:04:00,CNC-01,L,296.300511302317,311.1191841409489,1810.5221604824978,43.87116955318247,115.77018103736299,2.634817811424801,14.69605762777377,61.46671339493772,0,2026-08-25 06:31:49
2024-01-11 09:35:00,CNC-01,L,296.3256004173801,310.6226364321069,1484.915203413138,46.9193909124046,104.91452507311786,2.1412436573270486,12.914317799530627,61.137180313180025,0,2026-08-25 06:31:49
2024-01-11 08:24:00,CNC-01,L,296.4545270010095,311.78156973260644,1750.7864429625265,45.18707450301007,231.52971769090473,3.6105233082093875,14.977783620657686,59.3637481985666,0,2026-08-25 06:31:49
2024-01-11 04:14:00,CNC-02,M,296.7079170422549,310.04755432616787,2215.52588350347,25.93848596543349,110.82654504123387,2.9203453354314592,10.73473965701514,54.72672474544915,0,2026-08-25 06:31:49
2024-01-11 15:28:00,CNC-02,M,298.3494134908019,314.4840351855765,1766.5620165384992,49.972637035958954,208.69227489258066,3.1256323161491038,16.46378388857677,56.66562588570594,1,2026-08-25 06:31:49
2024-01-11 06:49:00,CNC-02,M,295.3259810088985,308.70686568770054,1900.3065652912355,971.8531447627545,93.03167510334453,2.5579715264695855,11.219493280124228,56.816989654482114,0,2026-08-25 06:31:49
2024-01-11 18:07:00,CNC-02,M,26.57557116610326,40.20012761138884,2075.745548465199,31.920319910564345,5.290064425045749,2.5615012713116636,12.499360091478072,50.508103529803336,0,2026-08-25 06:31:49
2024-01-11 12:03:00,CNC-01,L,,311.5347861678022,1338.090750816767,52.66309082037654,147.1009949266241,2.3554977863858233,13.449134475216034,55.218559709774055,0,2026-08-25 06:31:49
2024-01-11 23:58:00,CNC-01,L,299.6162078426795,312.55279313370977,2708.3296620487577,17.84060176400441,188.1023446259702,,9.13007265360785,52.90903069014646,0,2026-08-25 06:31:49
2024-01-11 08:14:00,CNC-01,L,296.32927300132724,311.62647888246323,1672.9168298334255,47.26181163495891,216.74124248311003,32.942703000219446,15.0059440138442,61.11655364505516,0,2026-08-25 06:31:49
2024-01-11 22:54:00,CNC-01,L,299.7782507650612,312.96743321304245,2762.1084266585513,19.00419006479809,119.74916959635131,3.515319560440493,9.663156712145922,55.07540769321122,0,2026-08-25 06:31:49
2024-01-11 07:35:00,CNC-01,L,295.97275888995864,310.8043391002734,1974.3361164085986,38.16776953269926,159.81117576099996,2.911018445957093,14.196918831900195,59.24816838069942,0,2026-08-25 06:31:49
2024-01-11 19:26:00,CNC-03,H,297.83560995131944,311.27735462323466,2264.8864702094206,24.053991758886212,177.1200011852142,3.2536538130398487,10.193869045492418,56.810568118466,0,2026-08-25 06:31:49
2024-01-11 13:23:00,CNC-01,L,297.987863738466,312.1610139760867,1455.7925912611945,48.98189784175798,52.11998484764226,2.1457544253770826,13.484826196134364,55.42665078031344,0,2026-08-25 06:31:49
2024-01-11 09:37:00,CNC-03,H,294.3652210038438,307.72434874073275,1492.313927336405,42.667865897565704,41.36819254444307,2.2330628013254104,12.057848943937987,61.032212290874575,0,2026-08-25 06:31:49
2024-01-11 02:23:00,CNC-02,M,297.56602355425105,310.8446178932541,2553.5030958535194,21.474562813987284,203.49350698772287,3.8252155958026033,10.387371553831583,56.00647097781823,0,2026-08-25 06:31:49
2024-01-11 05:38:00,CNC-02,M,295.4926337487456,310.35153325009884,2061.7969573602622,34.25545258481768,216.83486550597343,3.51676165403068,13.264853748663338,60.75105170686906,0,2026-08-25 06:31:49
2024-01-11 13:17:00,CNC-02,M,296.9978611229088,311.09534971116955,1391.165616589407,52.08634280593954,6.33169471586652,2.036303654928444,13.566018077440056,57.74761397185082,0,2026-08-25 06:31:49
2024-01-11 10:45:00,CNC-01,L,296.76457907676934,310.5487920825421,1454.2189584784599,49.15764156248885,23.683258303466616,2.1811148360194212,13.439594718148726,55.54502530391827,0,2026-08-25 06:31:49
2024-01-11 12:27:00,CNC-03,H,300.5138548268037,308.61216583371436,1402.9891428725325,51.50618858671896,84.18621462065019,2.1767033118835815,13.428845162537769,50.13035970161749,0,2026-08-25 06:31:49
2024-01-11 03:14:00,CNC-01,L,24.253088291651807,36.66857000490819,2529.80215932181,20.25240490527648,14.59916252923778,3.1134173727608587,9.578667461284356,59.08272362101557,0,2026-08-25 06:31:49
2024-01-11 22:36:00,CNC-01,L,300.3894547892483,313.30894805964624,2617.219320027343,21.25506501034179,100.35823460734267,3.251446080060478,10.472635851753965,48.91176076998673,0,2026-08-25 06:31:49
2024-01-11 14:31:00,CNC-02,M,297.91227619875065,312.21565067543673,1412.2105222902967,50.377379792931464,121.96393151425619,2.248247365738476,13.132633807156898,55.00296426537262,0,2026-08-25 06:31:49
2024-01-11 13:40:00,CNC-02,M,296.9503272641656,311.37104703974853,1339.6669198626291,53.71001676391592,42.49249849612333,1.9160835435404318,13.492743708580418,59.5919032518265,0,2026-08-25 06:31:49
2024-01-11 03:30:00,CNC-02,M,23.63525193416325,36.51867580012356,2270.8760296500077,24.96545580727003,58.3203175641755,2.789962405959963,11.119227431841994,57.013210923275054,0,2026-08-25 06:31:49
2024-01-11 16:25:00,CNC-03,H,296.5535177950333,311.58688079587256,1846.7959400089856,43.0656809280826,189.24275990675054,2.9836285399044824,14.842335871853273,56.684663170281794,0,2026-08-25 06:31:49
2024-01-11 12:15:11,CNC-03,H,300.37654535263744,0.0,1305.035877450262,48.633996021696944,63.519883697447916,1.9586282921836533,12.085633838969795,52.41012519787156,1,2026-08-25 06:31:49
2024-01-11 11:32:00,CNC-03,H,294.4921406542493,309.11816511430396,1370.6311311392926,52.57882847537884,222.04114924299466,2.832028960829673,13.724347472414118,64.38381599487583,0,2026-08-25 06:31:49
2024-01-11 13:24:00,CNC-03,H,295.1181240997534,309.9825417055096,1507.5534144288406,49.664515527446014,174.35238801341953,2.4613901353716807,14.110598528778223,59.048393992895484,0,2026-08-25 06:31:49
2024-01-11 17:11:00,CNC-03,H,297.10589823348965,310.669442573952,1868.6085989962824,35.90675420466397,0.0,2.4244309975649365,12.307404032550874,,0,2026-08-25 06:31:49
2024-01-11 06:12:00,CNC-01,L,302.0990343031471,309.5717681821292,2078.961014117396,30.919638276628454,44.684664454425885,2.586337827521864,12.35398613352275,48.56372143724233,0,2026-08-25 06:31:49
2024-01-11 22:14:00,CNC-03,H,297.3458088255062,309.9071990362959,2704.8941194698,17.670886290194638,4592.387968138162,3.366564614331731,8.767804445186137,55.77530928919265,0,2026-08-25 06:31:49
2024-01-11 12:34:00,CNC-01,L,297.21951400783666,312.1481786433759,1413.1010687874432,53.70146361643637,196.25325421365906,2.815236040222878,13.999509067067107,55.007081813116805,0,2026-08-25 06:31:49
2024-01-11 08:45:00,CNC-03,H,294.2872263359545,309.609732620476,1667.8746934588748,48.08618909303153,186.20625038906107,2.819749298323153,15.200677126609639,61.13243257799711,0,2026-08-25 06:31:49
2024-01-11 23:30:00,CNC-02,M,298.958875507931,311.3173237482547,2846.1365513730766,13.629116005422668,131.09903132241186,35.088506956836376,7.197294271930996,49.74222411855739,0,2026-08-25 06:31:49
2024-01-11 14:06:00,CNC-02,M,297.4647753445743,312.0231054246407,1618.4336714030246,45.23543901710496,83.18909688352886,2.287505078298032,13.892975655779626,49.87983665736072,0,2026-08-25 06:31:49
2024-01-11 03:33:00,CNC-03,H,23.51590198054538,35.942132371339426,2574.1846671360654,19.75903068376499,1.1183433031897407,3.0907988068880248,9.30616882622714,55.52875373336953,0,2026-08-25 06:31:49
2024-01-11 04:15:00,CNC-02,M,296.4313602476167,310.18981042047994,2466.8177639988194,25.23948403696087,112.01087840092084,3.1127785207602963,11.466893697408146,57.24269529603089,0,2026-08-25 06:31:49
2024-01-11 07:04:00,CNC-02,M,295.507937378887,309.62766268391925,1712.1715412802987,40.00937041991797,113.9530989053975,2.382745830025089,13.088772436923746,62.36842840863383,0,2026-08-25 06:31:49
2024-01-11 18:52:00,CNC-02,M,305.8136181627719,313.725418306148,2124.842574752534,31.047297287010828,63.48491014681706,2.8077766937079476,12.450748769494986,39.30995239048748,0,2026-08-25 06:31:49
2024-01-11 22:43:00,CNC-03,H,297.21948683778567,310.4268774158494,2631.604432336298,20.228633443359396,179.91271809939553,,10.130521576787721,60.97535678380882,0,2026-08-25 06:31:49
2024-01-11 06:20:00,CNC-03,H,295.6356813569163,310.6011073871949,1789.9110359852355,42.84303092077717,211.4372071331279,29.52654155616523,14.288323033546686,56.4568554270251,0,2026-08-25 06:31:49
2024-01-11 00:52:00,CNC-01,L,298.88025520452595,310.8428910502091,2554.3024772219587,17.02671478031667,56.98359924948005,3.128595508235771,7.925671623106179,55.126047799434595,0,2026-08-25 06:31:49
2024-01-11 11:07:00,CNC-02,M,296.3255553705335,309.6224327879513,1343.586219053823,46.04310311128314,3.1896382082099173,1.9843501444953189,11.667925357196577,57.196268171114916,0,2026-08-25 06:31:49
2024-01-11 17:13:00,CNC-03,H,297.2646938844379,310.8933422424009,1891.0968957834064,35.993204012609006,2.802585194772317,2.661950433273059,12.707053663634346,59.638620806954165,0,2026-08-25 06:31:49
2024-01-11 03:43:00,CNC-03,H,23.21643003894451,36.274269242662626,2547.2068636114504,23.149712922155146,12.767208816524251,3.089573062625967,11.085808034663847,59.126481614405904,0,2026-08-25 06:31:49
2024-01-11 15:54:00,CNC-02,M,298.7954416975258,313.00119908025886,1731.1366086206772,41.52626908554852,25.060010230941423,2.2730017255428407,13.57389432815765,53.60227040316374,0,2026-08-25 06:31:49
2024-01-11 13:15:00,CNC-01,L,297.8859246015571,312.0659759023313,1487.9280086959775,48.578217869528025,39.549282944866526,2.139505682725609,13.561257497647558,52.27107936679971,0,2026-08-25 06:31:49
2024-01-11 19:32:00,CNC-03,H,298.04633674675887,312.692321188453,2228.0099377323304,32.44800136918873,184.51382377576144,3.141950849135043,13.732817248853337,51.001678306104765,0,2026-08-25 06:31:49
2024-01-11 13:12:00,CNC-02,M,296.91361610924554,311.65941041284634,1461.9680590118628,49.16788433474905,201.2973765689734,2.813747235001624,13.176549261317971,55.83158763086033,0,2026-08-25 06:31:49
2024-01-11 03:41:00,CNC-02,M,23.592583775387936,36.78910911324999,2544.7521297952117,23.012785592826262,71.34522562688747,3.164744454520043,11.151812340925801,57.5198630140405,0,2026-08-25 06:31:49
2024-01-11 09:30:00,CNC-02,M,295.37147942920444,309.7511105122382,1580.9377023666607,47.33982854998492,80.79089857458735,2.376268694917748,14.39708212098046,58.94720290214704,0,2026-08-25 06:31:49
2024-01-11 07:06:00,CNC-02,M,295.3777792237014,309.32440057237835,1889.2641406511973,34.98657609203638,116.71974787122198,2.6064845460855204,12.466731543571804,60.2684512177039,0,2026-08-25 06:31:49
2024-01-11 22:29:00,CNC-01,L,300.0656908408044,312.5513426732317,2588.0854939333994,18.248506451351698,92.75940723248075,3.196613822212115,8.838079717619777,51.285757870173676,0,2026-08-25 06:31:49
2024-01-11 14:13:00,CNC-02,M,297.3631182072234,311.7240460631938,1335.809837199952,51.24493292441965,94.12321980582766,1.9163106584508196,12.854885741570403,55.79292421600781,0,2026-08-25 06:31:49
2024-01-11 14:05:00,CNC-02,M,297.3207855786792,311.7141824656787,1396.6206843074594,50.417562910661864,81.67990163934998,2.090581446369914,,55.33651773658876,0,2026-08-25 06:31:49
2024-01-11 23:33:00,CNC-02,M,298.57310434081626,310.85558047229654,2677.9330690905144,13.985998709079814,134.2758502150064,3.4511822523387354,6.966827295639015,53.564736011772126,0,2026-08-25 06:31:49
2024-01-11 21:14:00,CNC-03,H,297.94456832001146,309.63964051990456,2644.2968992022224,15.96887324675583,82.10237610323206,3.296972698886964,8.113311292118723,57.369318829289554,0,2026-08-25 06:31:49
2024-01-11 00:32:00,CNC-01,L,298.84740948893847,,2605.8358436429694,18.971465720359745,35.658263822492444,3.167401792478586,9.229902053751276,52.384481402583404,0,2026-08-25 06:31:49
2024-01-11 03:13:00,CNC-03,H,23.5570304280738,37.83026861805706,2395.1363654875386,27.291183657935203,230.22443375840703,3.791596966086965,11.958465757994395,58.548407314686486,0,2026-08-25 06:31:49
2024-01-11 11:18:00,CNC-02,M,296.02674377487006,310.01640917522116,1515.24515067226,46.24110306455134,20.51851656836452,2.191624513966659,13.13509116001057,60.712405389354714,0,2026-08-25 06:31:49
2024-01-11 22:47:00,CNC-02,M,298.9875012264399,311.7242314645085,2615.1547905177076,17.555412878774682,85.06655834224277,3.3170451816269133,8.533793359987426,51.89965243166544,0,2026-08-25 06:31:49
2024-01-11 07:23:00,CNC-01,L,296.5845572132616,311.1880348483117,1657.3326066661132,45.064561679378215,142.64688174764242,2.4913356695445525,13.997257243991035,56.31160212951594,0,2026-08-25 06:31:49
2024-01-11 19:47:00,CNC-01,L,300.05297983981586,313.57048292206207,2296.8788973273818,25.544681540666073,149.98256900281828,3.1875799685676833,10.8812451905373,53.6468567776245,0,2026-08-25 06:31:49
2024-01-11 23:37:00,CNC-03,H,296.9808687746829,309.8310130250087,2805.4506368167454,16.996792642737955,237.44670009103163,4.308333998565011,8.83195079982829,59.00534987082074,0,2026-08-25 06:31:49
2024-01-11 05:23:00,CNC-03,H,295.6814465852356,309.55448975477657,2098.7230724605197,30.059235619175237,135.88868896972866,2.849233606029852,11.695040164136781,58.62101663131121,0,2026-08-25 06:31:49
2024-01-11 17:23:00,CNC-01,L,26.983422974734538,41.65565889219329,1967.169052698299,36.916960135745086,202.46068013028034,3.4159474210287297,13.561812502409513,53.061419588001456,0,2026-08-25 06:31:49
2024-01-11 01:56:00,CNC-01,L,298.36995310462527,311.13910494839246,2744.5648226011813,17.249786318944633,126.14753804749574,3.4618293971156446,8.813566377192146,57.99423475538464,0,2026-08-25 06:31:49
2024-01-11 20:01:00,CNC-01,L,300.1639185846233,314.20399974365404,2352.471764858091,28.552890189984346,166.89569525725125,3.4347792611915886,12.547392913481753,51.13181649935238,0,2026-08-25 06:31:49
2024-01-11 21:07:00,CNC-02,M,299.40108654185127,314.286382413232,2469.9918519961893,27.311331718490678,224.9093567458588,4.024923879576015,12.651876285736089,48.44915088605953,0,2026-08-25 06:31:49
2024-01-11 06:35:00,CNC-03,H,295.00555222696283,310.60132525940173,1835.2140195707273,44.1061896436519,232.12399711858714,3.3676252651536194,15.355390161521603,60.99874042308766,0,2026-08-25 06:31:49
2024-01-11 10:18:00,CNC-03,H,294.2444659105291,308.44297619751524,1507.13801583744,48.20794676246281,105.13163801316381,2.231838070083418,13.509017188355047,59.368506423723495,0,2026-08-25 06:31:49
2024-01-11 09:58:00,CNC-03,H,294.3493519060977,308.70263845737867,1603.3913513905616,46.07204200698607,73.9743098966467,22.657697678327764,13.975798918154972,69.12541447365531,0,2026-08-25 06:31:49
2024-01-11 06:14:00,CNC-01,L,301.94476136980256,310.26559184162045,2020.9581674788706,35.5351118586462,47.40967978317353,2.502733161997768,13.534875448764842,47.21410816161987,0,2026-08-25 06:31:49
2024-01-11 07:32:00,CNC-03,H,294.92699166683457,308.88386461878343,1714.887330475619,,78.83995439637148,2.3769464658090524,13.55125271494107,57.00362456904229,0,2026-08-25 06:31:49
2024-01-11 11:17:00,CNC-01,L,297.23519754630297,311.3877104180364,1389.891242085842,53.99788701943547,74.42214425306365,2.011536057737374,14.101066601695461,61.08929063538779,0,2026-08-25 06:31:49
2024-01-11 15:50:00,CNC-03,H,296.16389975837257,310.8593464782195,1642.8701821356187,45.39719426917551,138.12220291908346,2.5182690951806985,13.635983252939871,58.20424950771891,0,2026-08-25 06:31:49
2024-01-11 23:47:00,CNC-03,H,296.5890665549953,310.1900021180055,2666.9890392018083,21.049654278093314,248.12927975165007,4.171055491322718,10.518926603231717,58.4414822507688,0,2026-08-25 06:31:49
2024-01-11 16:19:00,CNC-02,M,299.325600746225,313.82064753173637,1766.9172818148022,41.9144304564044,61.455091659886634,2.399735034051231,13.829485126756419,54.71053002646358,0,2026-08-25 06:31:49
2024-01-11 09:20:00,CNC-03,H,294.26965638706474,308.0438380381841,1563.8839417260358,45.47023497094897,15.197040745330664,2.3374845165259797,13.037165124944684,57.412433339919296,0,2026-08-25 06:31:49
2024-01-11 04:07:00,CNC-02,M,296.3331117680149,309.8169524531454,2330.787800702985,26.491088209012368,102.35290512185567,3.0021013196010915,11.531819201647723,58.99683254528426,0,2026-08-25 06:31:49
2024-01-11 05:53:00,CNC-02,M,295.4764372175508,309.41650163619215,2044.2733527661771,34.81781111451254,17.071042157482403,2.6443716727827806,13.294859992132938,59.07242008558143,0,2026-08-25 06:31:49
2024-01-11 07:56:00,CNC-01,L,296.20556967159325,311.08022866484174,1756.2653201711614,44.30909072109264,190.38030289737117,3.0143063080007892,14.35668553115499,60.51470908757352,0,2026-08-25 06:31:49
2024-01-11 18:33:00,CNC-03,H,297.78219347303326,311.50405987181165,1982.3253332837014,32.44250431417331,110.39986778534636,2.6854435390098486,11.767957942045248,54.66112982098218,0,2026-08-25 06:31:49
2024-01-11 13:45:00,CNC-02,M,296.90570069256046,310.9148227776591,1591.9168561893168,43.01822334051648,50.314092038777076,2.333369553833524,12.856391381481105,60.80582506578605,0,2026-08-25 06:31:49
2024-01-11 20:41:00,CNC-03,H,297.9008753548718,310.72008092787684,2460.942020498233,21.12856145089066,44.5530879409135,3.0758550329619987,9.797077047964141,55.704016073588164,0,2026-08-25 06:31:49
2024-01-11 01:44:00,CNC-01,L,298.31632424223943,310.69967450979317,2494.389394086162,18.19505199102906,113.06230875358285,3.1871621192383772,8.301553882665713,54.48005454372695,0,2026-08-25 06:31:49
2024-01-11 14:11:00,CNC-03,H,295.4616297352515,310.287659527987,1422.501581616627,49.49880014526361,248.068153258869,3.0617685614381647,13.370334883173376,61.86754997413265,0,2026-08-25 06:31:49
2024-01-11 08:25:00,CNC-03,H,294.2885503682017,309.3676058691899,1668.767610172615,46.971784564961666,156.18896156352676,2.470013825337961,14.92398099471709,63.04610144177671,0,2026-08-25 06:31:49
2024-01-11 04:27:00,CNC-02,M,296.30558982481483,309.74134508031244,2177.127748635063,27.405775589689227,126.56834539390348,2.92407510009612,11.420670442683647,58.688172157890016,0,2026-08-25 06:31:49
2024-01-11 07:41:00,CNC-02,M,295.2527372584578,310.3232206613797,1879.1313573315194,41.77457611445413,166.45710840714153,2.8142860366108153,14.795833293942703,58.44420721234754,0,2026-08-25 06:31:49
2024-01-11 14:17:00,CNC-02,M,297.72668359942475,311.8304270746139,1475.6988427660833,46.89553859599637,100.2810286195335,2.273108162855017,13.09050292375524,57.27098981463243,0,2026-08-25 06:31:49
2024-01-11 11:39:00,CNC-01,L,297.3431892525318,312.2136994026666,1498.879575401986,52.77585708942284,109.19587135768853,2.287751721885822,15.063824247659177,54.194796006368534,0,2026-08-25 06:31:49
2024-01-11 09:29:00,CNC-01,L,296.26628480019417,310.38846824300975,1391.8392667291807,50.08145355644884,95.68953787816204,2.183767390518616,13.171521490450427,65.5948346952552,0,2026-08-25 06:31:49
2024-01-11 18:00:00,CNC-03,H,24.55006955962989,38.60316206451523,2081.9049149313046,33.02627454711547,66.92131165754299,2.671982002402561,12.85631872252291,53.37663162552024,0,2026-08-25 06:31:49
2024-01-11 21:45:00,CNC-03,H,297.6371337255688,310.9995436991472,2678.4407970412826,21.455557901048312,117.07354472225265,3.31679787486133,10.58114583984651,57.29364138163132,0,2026-08-25 06:31:49
2024-01-11 19:05:00,CNC-01,L,300.3309170812395,314.17908117293115,2365.7106115949077,27.81236806421476,98.64602413526177,3.0100148149935038,12.282583117031894,49.554718232994304,0,2026-08-25 06:31:49
2024-01-11 16:02:00,CNC-01,L,299.5533079251117,313.679996220581,1748.811408352347,41.153506983055856,87.77873625061964,2.4611968415384617,13.247985045950799,48.82815528442673,0,2026-08-25 06:31:49
2024-01-11 18:29:00,CNC-02,M,305.1076012467291,312.86879334009404,2064.401140667992,31.324004513082695,34.12652790202082,2.703093734923043,11.950113611809023,40.310423214602224,0,2026-08-25 06:31:49
2024-01-11 06:53:00,CNC-01,L,296.25033251874834,310.58060985640356,1924.6654527270416,36.69218432721602,100.3186471776987,2.684118159916802,13.431292025938323,59.52369052790649,0,2026-08-25 06:31:49
2024-01-11 21:01:00,CNC-01,L,300.20444983418145,314.3302444283078,2507.87090502386,24.566008758530483,237.01409624216186,4.374089459003487,11.500078617515546,50.956603049451765,0,2026-08-25 06:31:49
2024-01-11 19:09:00,CNC-01,L,300.2047891709286,313.7085336913955,2257.271661103538,26.962630819567494,103.60560380444582,2.884529030703505,11.281420112804103,52.10483378244602,0,2026-08-25 06:31:49
2024-01-11 20:51:00,CNC-02,M,299.3223851611592,314.0371769449547,2450.856942165362,27.546655507231367,206.7575323645407,3.5966797207046444,12.582563374815255,55.13909576897641,0,2026-08-25 06:31:49
2024-01-11 21:20:00,CNC-01,L,300.21703783077675,312.5140614719534,2493.4188253805914,19.288022364343885,17.03113368887306,3.0967313508303005,9.186907738633034,52.06281444497654,0,2026-08-25 06:31:49
2024-01-11 04:11:00,CNC-02,M,296.4141275344356,309.57491542772135,2374.1241424223413,23.210885005484005,107.15226315112601,3.023185242006684,10.384015191822416,61.36333409321707,0,2026-08-25 06:31:49
2024-01-11 03:35:00,CNC-01,L,24.197549488893685,36.43934990467875,2391.243425489332,20.014160750479032,39.06969355092731,2.955249693770234,9.056002474224192,55.67499565397508,0,2026-08-25 06:31:49
2024-01-11 20:06:00,CNC-01,L,300.2643658962798,313.6616094819834,2533.2304794167458,20.715499044340937,172.74601435217306,,9.80484534092773,54.75547881456022,0,2026-08-25 06:31:49
2024-01-11 06:34:00,CNC-03,H,295.0255206278089,310.3810213404724,1893.8164290841435,41.27849801974473,230.7104459773847,3.2470200887993483,14.566867385529315,60.80858913190631,0,2026-08-25 06:31:49
2024-01-11 13:55:00,CNC-03,H,295.22750796267144,310.12662678678214,1466.9356460889067,50.24637850663064,223.25794169630908,2.8045197424196484,13.934260109439238,61.18610221133668,0,2026-08-25 06:31:49
2024-01-11 08:50:00,CNC-02,M,295.18350920658537,309.40897183566943,1584.6112727035447,45.77968341455307,19.58270291333697,2.219743298427209,13.39951776286395,63.20344470117882,0,2026-08-25 06:31:49
2024-01-11 16:11:00,CNC-03,H,296.5565557815235,311.79467378735654,1968.6387653199117,41.640136274005314,168.87944000997786,2.883670654039585,15.219724854560457,58.017624792857035,0,2026-08-25 06:31:49
2024-01-11 10:19:00,CNC-03,H,294.3106587132582,308.074666631259,1346.1057400594664,48.502551925495105,106.7316380131638,1.9951230100809507,12.264179025424436,57.29141285764223,0,2026-08-25 06:31:49
2024-01-11 03:04:00,CNC-03,H,23.960516535790532,37.36392073844894,2518.9212159457074,21.345758346641485,219.9425290823336,3.7704161181453157,9.967687361948308,53.55385376074959,0,2026-08-25 06:31:49
2024-01-11 22:27:00,CNC-03,H,297.4008571291866,311.16461723844986,2674.8796186464197,23.183257105100097,162.83853307353164,3.4634453922586443,11.362015589419572,54.903510176188576,0,2026-08-25 06:31:49
2024-01-11 16:04:00,CNC-01,L,299.79907428947035,314.01239272846567,1640.886955461147,42.96484145256937,90.755125838079,2.228556743395966,13.30554443457749,53.15842186694862,0,2026-08-25 06:31:49
2024-01-11 03:40:00,CNC-01,L,24.047404708554325,37.17417335485578,2403.525345275247,24.26385985716154,44.86889178206974,2.9114249541233885,10.738121194701966,54.290201652807355,0,2026-08-25 06:31:49
2024-01-11 18:45:00,CNC-02,M,305.20055230715974,312.74980575146924,2137.3580029615778,28.310665014500913,54.64812160503376,2.7393818714025655,11.490873252349738,42.856058299574094,0,2026-08-25 06:31:49
2024-01-11 13:23:00,CNC-02,M,297.2689618447314,310.90569703627085,1405.4795912183577,47.14138864618203,15.804283381161225,2.0413454441165255,12.237583452723033,57.15622228226855,0,2026-08-25 06:31:49
2024-01-11 10:03:00,CNC-02,M,295.45985565330005,309.76588329329746,1451.0194969723084,47.68361313296739,132.01538536358782,2.251684379422831,13.011976040824175,60.55815523641788,0,2026-08-25 06:31:49
2024-01-11 11:22:00,CNC-02,M,296.18321200634153,309.9996395602372,1329.1482345181828,50.46964301832702,26.846547559888013,2.036471267313407,12.607277117544317,59.289229744257625,0,2026-08-25 06:31:49
2024-01-11 15:46:00,CNC-03,H,296.310898412353,310.31113736252337,1528.9548295831319,42.06486608767396,132.25560240952146,2.3387621898921065,12.235690722444767,56.63282451853448,0,2026-08-25 06:31:49
2024-01-11 13:20:00,CNC-02,M,297.1051741458168,311.17705922124264,1428.3402737437114,49.83343958027243,11.06562821508297,1.992088510655596,13.041677069803754,56.608373055293356,0,2026-08-25 06:31:49
2024-01-11 20:05:00,CNC-01,L,300.42165577432814,314.79571042257425,2326.1037348886503,29.764094956337217,171.5865373037217,3.3592641565524706,12.973075381687268,51.02492839215052,0,2026-08-25 06:31:49
2024-01-11 22:57:00,CNC-03,H,297.297790029971,310.09320144563867,2872.363069918671,15.878709147175957,194.94288274728845,3.8749976039309173,8.51345527728117,57.968837402007715,0,2026-08-25 06:31:49
2024-01-11 21:24:00,CNC-01,L,300.21439211004446,312.62761204467307,2480.355464572584,20.441464626880197,21.681484508729433,3.082997092748002,9.480140495625989,47.771371421548295,0,2026-08-25 06:31:49
2024-01-11 12:07:00,CNC-01,L,297.1593166531549,,1407.2242678250163,54.293483399037264,153.44418714822564,2.431552725406566,14.156440756534126,58.21838259460825,0,2026-08-25 06:31:49
2024-01-11 11:55:00,CNC-02,M,296.2207285505366,310.19719209606376,1274.1069680204344,51.74945342381627,79.23361502230385,1.9351019035084411,12.18513263433308,55.92994941071497,0,2026-08-25 06:31:49
2024-01-11 17:04:00,CNC-02,M,299.23057679589374,314.33244325632074,2026.2204924839752,37.73148783616605,125.1737896146363,2.699808943095142,14.404223782996295,50.196435385181076,0,2026-08-25 06:31:49
2024-01-11 06:06:00,CNC-03,H,295.12824326648365,309.459984010661,2185.9999174423237,30.28356646425682,5936.279690851327,3.169687303057645,12.58063821399765,61.49441145846844,0,2026-08-25 06:31:49
2024-01-11 22:15:00,CNC-02,M,298.9946096247522,311.20806633105076,2599.983492817086,16.29253049900419,50.51080811317559,3.1628097904192445,7.788800582292807,51.89959363676212,0,2026-08-25 06:31:49
2024-01-11 16:38:00,CNC-02,M,299.00252348281697,313.68049900685304,1751.0506137542245,42.04200127458273,88.64096708098198,2.32687242503755,13.8342120026485,55.755953832845165,0,2026-08-25 06:31:49
2024-01-11 11:52:00,CNC-02,M,296.40470707655385,310.49305477814397,1333.2308719571565,52.80415128550788,74.48020245748543,1.9813087594012233,13.18112217572501,51.344876519112525,0,2026-08-25 06:31:49
2024-01-11 11:16:00,CNC-03,H,294.3202095053331,308.9285403210652,1353.7251878523707,52.37015113871433,196.76054061142517,2.5569440379692514,13.563890365395228,65.09737460729082,0,2026-08-25 06:31:49
2024-01-11 05:23:00,CNC-01,L,296.6431060398962,311.80307410956345,2209.5256496891334,34.92937941752889,171.6704448098372,3.252957240627914,14.646473215309001,56.915635216464295,0,2026-08-25 06:31:49
2024-01-11 08:56:00,CNC-01,L,296.2479327885076,310.0579860394134,1508.0597052929688,46.756325788154115,45.13151301398776,2.0322162986851096,13.40094036501808,59.887076340588514,0,2026-08-25 06:31:49
2024-01-11 02:20:00,CNC-01,L,298.17267556833787,310.68438708501293,2685.1156681565644,16.662424872936054,152.57223029577472,3.553614097140658,8.296135846952138,801.3051469673937,0,2026-08-25 06:31:49
2024-01-11 11:50:00,CNC-02,M,296.4021174038876,310.7332224218257,1398.4936947812055,50.37272427266296,71.28020245748544,2.045736645793371,13.089303179311822,55.80155881801891,0,2026-08-25 06:31:49
2024-01-11 09:01:00,CNC-03,H,294.17470392790887,309.4980525525665,1463.905543697976,54.49942431444321,210.58131619871503,2.792442362628717,14.877134472479778,63.37985042369791,0,2026-08-25 06:31:49
2024-01-11 02:51:00,CNC-02,M,24.270397588736955,36.66174017612815,2441.7037741429845,21.20268260504031,13.483415496878433,2.9495767559296384,9.6667038249236,60.481559095124624,0,2026-08-25 06:31:49
2024-01-11 12:01:00,CNC-03,H,300.3510074280427,307.8389029155457,1431.2510027898202,46.186478113595115,42.89360575173845,,12.548865429506106,55.12150027808639,0,2026-08-25 06:31:49
2024-01-11 11:03:00,CNC-02,M,295.97451197024026,311.5619658556872,1420.1015645197012,56.12350682426349,226.62546932196787,2.9439722247635527,15.172512830409257,59.85309744555374,1,2026-08-25 06:31:49
2024-01-11 21:49:00,CNC-02,M,299.30243034977235,312.2459379569536,2569.801447286446,20.594419844327586,22.064146848374094,2.9704787688644427,9.97400596685376,52.64075362209322,0,2026-08-25 06:31:49
2024-01-11 11:46:00,CNC-02,M,296.604499844848,311.18690405372286,1427.1421846984756,52.19793297448869,64.88392793190651,2.1083303614384086,14.226508360428518,58.00182922387654,0,2026-08-25 06:31:49
2024-01-11 16:33:00,CNC-01,L,299.953834464586,314.33161010226587,1713.063056247035,42.465623424697284,132.51587435202714,2.5987170112493176,13.766381636736018,52.38371852127394,0,2026-08-25 06:31:49
2024-01-11 20:14:00,CNC-02,M,299.6764436874985,314.5179760140175,2478.097688094168,27.688084851129044,163.7577162755808,3.2967290787570884,12.826484693178724,49.72442165553873,0,2026-08-25 06:31:49
2024-01-11 01:23:17,CNC-01,L,298.218260703943,309.0219092499199,2729.3968443224016,10.161692728823605,90.09331860001213,3.3637518095373466,5.237162374497241,55.88781784268933,1,2026-08-25 06:31:49
2024-01-11 07:05:00,CNC-02,M,295.4438921598455,309.8630712597197,1958.7346335775142,36.849894747262915,115.34443794413039,2.717402568231821,13.632545813046137,59.05854987309348,0,2026-08-25 06:31:49
2024-01-11 08:43:00,CNC-01,L,296.55169476609956,310.40445599058586,1605.7010769884237,43.39363937470343,25.526626354340834,2.161010456560134,13.020089922282212,62.592247634944705,0,2026-08-25 06:31:49
2024-01-11 10:17:00,CNC-01,L,296.50747684636275,310.8506301431411,1414.7071711393992,48.427828863167505,170.33362722699437,2.478869308973913,12.608922639997422,57.13891852003988,0,2026-08-25 06:31:49
2024-01-11 23:25:00,CNC-02,M,298.7688546104681,311.534684234141,2680.702012584289,17.24416464021737,125.7978525034509,3.3591100186144573,8.569873055756268,50.49831156917193,0,2026-08-25 06:31:49
2024-01-11 10:02:00,CNC-03,H,294.4497026770705,308.7817531265257,1406.8967629591664,50.997521322170385,80.1673833277208,2.077191164950897,13.389153249904611,59.55873045247243,0,2026-08-25 06:31:49
2024-01-11 23:39:00,CNC-03,H,296.7728484530444,310.1800856624922,2654.5529069530135,18.72747037108262,239.56384967237133,4.21102835560995,9.433126282136847,56.85258289684048,0,2026-08-25 06:31:49
2024-01-11 14:18:29,CNC-03,H,295.4209559765042,308.9677555545374,1420.0989341247566,47.28320066311231,0.0,2.0724861405527633,12.609951895263542,57.194192803681105,0,2026-08-25 06:31:49
2024-01-11 01:27:00,CNC-01,L,298.2195367796305,310.45263323085356,2519.739264327209,18.48154636459585,94.49839199253836,3.161530556689,8.6677844644387,52.960611230053196,0,2026-08-25 06:31:49
2024-01-11 03:03:00,CNC-01,L,24.252469833569364,36.80022155278448,2378.7882652059116,22.484536985077405,2.22835448429126,2.9881190931257215,9.858639384347882,54.48343540882381,0,2026-08-25 06:31:49
2024-01-11 07:47:00,CNC-03,H,294.718507485362,309.2840273013188,1798.5617427435168,41.16155062331525,100.40030895538273,2.5121593964163056,14.08191618811631,63.26396833126554,0,2026-08-25 06:31:49
2024-01-11 11:05:00,CNC-01,L,296.8867859770189,310.69660352205244,1336.188606440094,50.52616684904344,55.31939813961906,1.9634740342605532,12.622285937717471,59.878240787737326,0,2026-08-25 06:31:49
2024-01-11 11:51:00,CNC-02,M,296.2305089644696,310.3315841085702,1390.8505631545338,48.97825265289829,72.88020245748544,2.139732718671913,12.403980696623558,60.66667699005716,0,2026-08-25 06:31:49
2024-01-11 11:38:00,CNC-03,H,294.33108624960613,308.0614820174645,1469.423089407981,47.65635004414159,6.367832578505205,2.0839305660294265,13.22039283042069,64.02436552755516,0,2026-08-25 06:31:49
2024-01-11 06:04:00,CNC-01,L,301.7840552530431,309.40961455964145,2117.086357264066,31.88024285384693,34.178650108959815,2.7186734586918107,12.475655976266369,48.08573152085386,0,2026-08-25 06:31:49
2024-01-11 22:29:00,CNC-02,M,299.18489188955414,312.36194978985355,2660.0318612823103,21.03692017021107,65.66250543585389,3.2007492980489074,10.766801475767938,53.29768612025829,0,2026-08-25 06:31:49
2024-01-11 14:54:00,CNC-02,M,297.9885117030485,312.6507250343017,1451.5607899041572,48.52366506544067,157.27842076099543,2.391748273208724,13.244481804790263,54.40926857534732,0,2026-08-25 06:31:49
2024-01-11 20:57:00,CNC-03,H,297.9326079668856,310.27293765495705,2536.721525110052,18.82661208292681,63.03571933291543,3.215441189820936,8.949735447076003,54.16941417620756,0,2026-08-25 06:31:49
2024-01-11 13:06:00,CNC-03,H,295.0164940779344,309.1965691059833,1440.439924469036,48.784964166695204,146.00894375641127,2.342249035370582,13.259713875031318,60.63015889273609,0,2026-08-25 06:31:49
2024-01-11 08:32:00,CNC-03,H,294.6048071142039,309.4772009822783,1468.4610641340869,49.24481072760255,166.6517151499973,2.3955716969300616,13.901065383171177,61.49101200987374,0,2026-08-25 06:31:49
2024-01-11 07:11:00,CNC-02,M,295.2445381441604,309.37610939386474,1736.9787464162446,37.87566160096886,123.78991162395623,2.5919318399169966,12.224545017511675,58.62388941275598,0,2026-08-25 06:31:49
2024-01-11 05:40:00,CNC-03,H,295.63882992109757,310.40402776162955,1987.1973743824212,37.5235200401542,158.13049124894974,2.8665138345572356,13.932621599641456,57.68316565451406,0,2026-08-25 06:31:49
2024-01-11 02:29:00,CNC-02,M,297.56313810771337,311.1758557522481,2529.7177792283474,21.648517531573965,210.21075378101295,3.854378512072011,,51.72221088160042,0,2026-08-25 06:31:49
2024-01-11 12:23:00,CNC-02,M,296.8806810094746,310.7676805766734,1268.7478496287038,50.35949761588125,123.6670205696921,2.062682386712725,11.703269825817447,58.83538975399451,0,2026-08-25 06:31:49
2024-01-11 03:01:00,CNC-03,H,23.87157634010822,37.85054678289936,2531.4216313137813,24.68943785529134,216.5031006794804,3.757179725242064,11.655935040861216,59.74247454301099,0,2026-08-25 06:31:49
2024-01-11 13:50:00,CNC-03,H,294.9632435526946,,1355.4176672087135,54.90022037529674,215.39465131922913,2.774796395704964,13.738468871461807,61.327450384485935,0,2026-08-25 06:31:49
2024-01-11 22:53:00,CNC-03,H,297.082485819815,308.9575437691619,2826.789467569072,12.040947459410077,190.67765752460738,3.832904807649604,6.197435168957306,55.80393413261623,0,2026-08-25 06:31:49
2024-01-11 19:29:00,CNC-01,L,300.0268680851165,313.5746546048853,2247.0288304829214,27.80540927930346,128.16521613870097,2.9928871431418385,11.63045928151466,47.43531034909117,0,2026-08-25 06:31:49
2024-01-11 12:44:00,CNC-01,L,297.59400155284425,312.2741226207437,1431.216784001346,49.287141672632686,212.22676650482728,3.1043548342220166,13.339310559603371,52.50541845153218,0,2026-08-25 06:31:49
2024-01-11 19:17:00,CNC-02,M,,313.9195822409569,2346.707564299051,27.87444649706658,94.72268221688682,2.9744660464975916,12.145139035290015,50.64485938586009,0,2026-08-25 06:31:49
2024-01-11 16:02:00,CNC-02,M,298.8848113554549,7548.247170066947,1623.8427898807481,42.87768987138581,36.779774755879146,2.294775898917663,13.329880541017713,54.78619553484878,0,2026-08-25 06:31:49
2024-01-11 21:55:00,CNC-01,L,300.42154756406296,312.20523557101006,2703.310352950206,15.125094673652423,55.70823840771336,3.3129185472492484,7.688623012791037,50.58127425336112,0,2026-08-25 06:31:49
2024-01-11 16:16:00,CNC-02,M,298.95339893492843,313.1172588019935,1696.683257697743,41.81116489962394,57.160669815883935,2.3034669080143826,13.36473698305655,50.82443935507643,0,2026-08-25 06:31:49
2024-01-11 23:47:00,CNC-02,M,298.72212142760765,311.5020805888554,2758.044293136554,16.191853974358366,149.02622782800628,3.481267050289668,8.381367036257512,54.03171581320005,0,2026-08-25 06:31:49
2024-01-11 20:59:00,CNC-01,L,300.49540002071734,314.33214317475824,2576.1845729085867,24.785995989242313,234.74174185740006,44.08316991710111,12.076444403798549,54.05913008598435,0,2026-08-25 06:31:49
2024-01-11 01:30:00,CNC-03,H,297.8698023244034,310.61094372054356,2761.732314988953,19.440549373366842,115.19993660354501,3.349440543856175,10.129157332497497,59.296415873619665,0,2026-08-25 06:31:49
2024-01-11 02:12:00,CNC-01,L,298.1086387083585,310.7436501124379,2679.7669497126903,18.168997872019002,143.72195976165224,3.5105408052387355,8.885592551955094,54.411404827532614,0,2026-08-25 06:31:49
2024-01-11 01:48:00,CNC-01,L,298.29957420013255,311.1890338112303,2680.3011933425373,19.116915284948487,117.39575127421321,3.3872192286332337,9.6619746963189,53.26906488831672,0,2026-08-25 06:31:49
2024-01-11 07:30:00,CNC-03,H,294.7625316975417,308.2222990527362,1726.9705650819035,35.9057989013023,75.96179715365889,2.3692861767498736,11.56068295498359,1101.406582847206,0,2026-08-25 06:31:49
2024-01-11 06:30:00,CNC-01,L,302.24408886271624,310.31761382616344,2149.572072794317,33.34435218559782,69.02206912526795,2.7200044967084898,13.390721321012263,48.057726044103745,0,2026-08-25 06:31:49
2024-01-11 12:53:00,CNC-01,L,297.567095753113,310.5966771848316,1360.3864347896751,44.596520983653704,4.744119704278801,2.0768393160572773,11.428649288449472,56.11968638396316,0,2026-08-25 06:31:49
2024-01-11 15:54:00,CNC-01,L,0.0,314.13114234212765,1719.955718779445,45.336828219043156,76.08974856033633,23.169554238159506,14.807034664528546,50.46739374240332,0,2026-08-25 06:31:49
2024-01-11 12:00:00,CNC-03,H,300.42481579812704,308.4025100866679,1404.1797525948255,50.16102861336097,41.3197957134428,1.962890652455505,13.271993700198616,47.64717803816988,0,2026-08-25 06:31:49
2024-01-11 07:56:00,CNC-03,H,294.53547574758284,309.2009411581566,1665.5342299906733,45.84851581798882,113.48295294929486,2.4726195455388997,14.440047341921504,63.390612024687066,0,2026-08-25 06:31:49
2024-01-11 16:31:00,CNC-01,L,0.0,315.04421713798797,1916.5275828059919,40.1949681015816,129.6079266529021,2.7249418574935818,14.40427493665116,47.02493540331882,0,2026-08-25 06:31:49
2024-01-11 18:13:00,CNC-02,M,31.932866531885793,40.17388522088294,1975.9526917107992,36.850942028669905,13.296336023320452,2.5251689288321466,13.654508630338928,39.22715177228554,0,2026-08-25 06:31:49
2024-01-11 09:37:00,CNC-02,M,295.6694054896561,309.9438931491578,1451.7590877813702,47.4457619051907,91.69505429574176,2.1243482410795504,12.978506406712258,59.53422585378204,0,2026-08-25 06:31:49
2024-01-11 16:04:00,CNC-02,M,299.00398766843057,312.6208467835501,1663.3943866931781,38.95157835848761,39.69569226979997,2.1902237380107894,12.073670835867688,55.70585850564067,0,2026-08-25 06:31:49
2024-01-11 10:24:00,CNC-02,M,295.80090795147015,310.88424912591836,1489.418874798092,50.61494508265958,165.0583918991756,2.5113259408020117,14.040260454945097,59.402397328903156,0,2026-08-25 06:31:49
2024-01-11 16:37:00,CNC-03,H,296.7182465038371,311.25511494343374,1670.835243273673,41.43885374404673,206.40856099801158,2.8067652228038327,12.611019245571134,59.19843914680821,0,2026-08-25 06:31:49
2024-01-11 08:18:00,CNC-03,H,294.4528632471786,308.98558882847846,1737.4008484011904,41.90709972884296,145.8532992007571,2.4763123901335673,13.652717996355015,62.96161292199971,0,2026-08-25 06:31:49
2024-01-11 04:17:00,CNC-02,M,296.3391003539799,,2269.468238580121,27.242852131560642,114.40349990341578,2.899995530994888,11.320766816636047,61.61197777869433,0,2026-08-25 06:31:49
2024-01-11 09:35:00,CNC-03,H,294.34906939219655,308.33301339026207,1508.1617443517694,44.660918889993155,38.306312191236856,2.191752398052546,12.417668689162914,62.52373318752007,0,2026-08-25 06:31:49
2024-01-11 22:20:00,CNC-03,H,297.41095618092885,310.1675360105835,2661.2040693745435,17.93171128659136,155.2938020531001,3.5268776487152413,8.982909159397073,53.72011572413701,0,2026-08-25 06:31:49
2024-01-11 13:08:00,CNC-02,M,296.78764828935897,311.80030399828945,1343.0963831660858,55.18759563027239,195.0158386234318,48.338211694916126,13.941410899484643,55.183853941501624,0,2026-08-25 06:31:49
2024-01-11 17:23:00,CNC-02,M,26.126450984107294,40.45161567526492,1769.576726091721,38.54686998253243,151.5980730346467,2.5784174569966423,12.558674039720001,55.13813499198685,0,2026-08-25 06:31:49
2024-01-11 14:15:00,CNC-03,H,295.12826473314624,310.0553058745869,1469.522697365903,48.42985155393788,254.30396341566313,3.1542462898701324,13.296619219889616,56.26302180056839,0,2026-08-25 06:31:49
2024-01-11 10:31:21,CNC-01,L,296.30501550768867,310.3567121188344,1480.5672003595218,49.64620143058266,3.175401450456131,2.15250442652681,13.762906414363759,61.381776763319145,0,2026-08-25 06:31:49
2024-01-11 21:46:00,CNC-03,H,297.5559156024263,310.62468977741884,2569.7170914551875,20.192219234803822,118.17682682383885,3.212026007050515,9.82479863282329,59.395394296370675,0,2026-08-25 06:31:49
2024-01-11 08:10:00,CNC-01,L,296.3189036897019,311.2342331640808,1555.7792850885746,48.8518212631821,210.85447993692677,30.304035367340067,14.291846462454728,56.01059172648849,0,2026-08-25 06:31:49
2024-01-11 06:38:00,CNC-03,H,294.8012055473356,308.0501179330246,1763.097472813943,36.55512104139727,2.7797381228822715,2.440568786509574,12.080107321945707,61.66993270866789,0,2026-08-25 06:31:49
2024-01-11 00:47:00,CNC-02,M,298.23112096411035,310.27692065351533,2759.421564203302,15.558167272188962,99.44940588673285,3.3897221991129114,7.787597704680508,53.83429309837311,0,2026-08-25 06:31:49
2024-01-11 10:55:00,CNC-01,L,296.7866884281133,310.5826872384026,1535.07816463676,46.49817637504912,39.48081078870098,2.2020991934296834,13.264818001153143,58.72420021375927,0,2026-08-25 06:31:49
2024-01-11 05:41:00,CNC-01,L,302.23683825196224,309.9049310614321,2108.449762192654,33.63959083588501,3.835770587724073,2.650083571658342,13.39123797898655,43.397220737223854,0,2026-08-25 06:31:49
2024-01-11 22:11:00,CNC-01,L,300.3864989760091,312.45320072165794,2680.421885093715,15.739717327091698,73.32462075013076,3.2338540056580793,7.929670953673618,49.61035017438659,1,2026-08-25 06:31:49
2024-01-11 14:48:00,CNC-02,M,297.9801550150935,312.3711463266619,1522.3746967684608,46.84051174008605,148.1887954022253,2.3625211273212794,13.317766582143062,58.81259543451412,0,2026-08-25 06:31:49
2024-01-11 22:35:00,CNC-02,M,298.8224558195114,310.8271422133153,2763.78444250632,14.636263117202809,72.24747677399989,3.290784384895053,7.59941325439402,56.091719813670316,0,2026-08-25 06:31:49
2024-01-11 18:41:00,CNC-02,M,305.42020700475433,313.5792725984531,2112.3564485382135,32.88667468341802,49.591138436648684,2.6852569016558565,13.026431053739245,42.36946745873765,0,2026-08-25 06:31:49
2024-01-11 01:19:00,CNC-02,M,298.1787925474511,311.38055393330103,2653.0281723298694,21.673292835632786,133.49185975969215,3.4192114396202133,11.022048620045705,54.06402451981757,0,2026-08-25 06:31:49
2024-01-11 11:01:00,CNC-01,L,297.01579272707835,311.47417051414067,1513.8556655098052,50.88141803987183,48.97914067363682,2.137063406379061,14.581183080720301,56.00828677151377,0,2026-08-25 06:31:49
2024-01-11 10:29:00,CNC-01,L,296.6086265741414,311.95528466939686,1421.2429846154669,55.243653682076044,189.27968610161716,2.743196446507717,14.843850382145341,54.47841749909526,0,2026-08-25 06:31:49
2024-01-11 10:07:00,CNC-03,H,294.2780565236142,308.3431114154938,16050.422192595743,51.49117820052671,87.91603739960881,2.051723749739643,13.401644474885101,62.142439395776115,0,2026-08-25 06:31:49
2024-01-11 20:54:00,CNC-03,H,297.8705672280069,310.1853071418783,2555.9347291806293,19.241797414706777,59.60447096792499,2.99754910928488,9.314966839292527,54.52900602252778,0,2026-08-25 06:31:49
2024-01-11 15:38:00,CNC-03,H,296.04062769322735,310.2811221035066,1618.9907212469736,44.26054868270422,120.2905432248319,2.230580194597787,13.543940521310915,56.34171937516463,0,2026-08-25 06:31:49
2024-01-11 02:06:00,CNC-03,H,297.4348656969088,311.0797681012476,2486.9202969594826,24.311138611958103,154.66497239943237,3.199450428410821,11.418177079046988,57.206199618012555,0,2026-08-25 06:31:49
2024-01-11 08:36:00,CNC-01,L,296.53291205348006,310.7720322947501,1655.1077595101701,44.49960239526037,15.009322220171079,2.3408831204124425,14.02525109431442,59.71599697907594,0,2026-08-25 06:31:49
2024-01-11 14:15:00,CNC-01,L,298.684332252475,313.3544725368559,1532.9393387376106,47.87776301588409,133.93556668306667,2.4841225151209905,13.717658292195978,53.10875936199873,0,2026-08-25 06:31:49
2024-01-11 10:54:00,CNC-01,L,296.5603899918802,310.38211520808443,1385.61474507188,49.97218730915445,37.938467950560835,2.0510651701097316,12.878980808786885,56.92397151395973,0,2026-08-25 06:31:49
2024-01-11 13:48:00,CNC-02,M,297.08872903780815,311.5231747157914,1422.3501970028085,51.89551857271075,55.0069396589072,2.086827666539257,13.765621339803422,54.094552247412935,0,2026-08-25 06:31:49
2024-01-11 13:41:00,CNC-01,L,298.30579814930803,312.57432925383586,1435.3749825706248,49.72743373196556,80.45331610641374,2.1374403013903014,13.297767108695737,57.10531746533544,0,2026-08-25 06:31:49
2024-01-11 17:00:00,CNC-02,M,299.33440336237635,313.8545172530753,1892.0195297409825,36.775382924137894,119.60511702854204,2.67017971054987,13.094131647598424,54.103314407648405,0,2026-08-25 06:31:49
2024-01-11 19:25:00,CNC-01,L,300.1159286571294,313.4062744447059,2214.660988472586,26.220434426067012,123.2625426909579,2.855631414995112,11.329555350923535,50.01450001649791,0,2026-08-25 06:31:49
2024-01-11 04:02:00,CNC-01,L,297.07798662676464,310.1154497241387,2190.267713130706,25.447144443516187,70.8610881954688,2.943139299628329,10.452488738494383,54.976789451561686,0,2026-08-25 06:31:49
2024-01-11 18:58:00,CNC-01,L,300.40046692463625,314.2425206763598,2133.1216041216026,31.468679705344893,89.920138351781,2.8626300003001353,12.62663812042954,51.52080868596164,0,2026-08-25 06:31:49
2024-01-11 19:03:00,CNC-03,H,298.2062013626756,312.2768102652615,2273.610267281103,28.695021330164693,148.44201607594448,3.1140352981606503,12.116092274795271,54.33887972460597,0,2026-08-25 06:31:49
2024-01-11 08:59:00,CNC-03,H,294.20714132605605,308.78857922108006,1349.3100161019154,53.02154796812402,207.49734627926205,2.434470030088483,13.389313209818217,57.09147437051247,0,2026-08-25 06:31:49
2024-01-11 02:59:00,CNC-02,M,24.105135687403276,36.56557742194059,2372.012255976507,21.696328694961096,22.65058383210244,2.939859287667315,9.386829443419813,51.75440565510554,0,2026-08-25 06:31:49
2024-01-11 20:32:00,CNC-01,L,300.19980646480116,313.9542201971745,2500.3592653649175,24.49083344307414,203.40629466292728,3.7895135884743336,11.379292059273736,52.4752228417036,0,2026-08-25 06:31:49
2024-01-11 09:34:00,CNC-03,H,294.11604090809317,307.9779467503489,1598.0748591607123,43.89985640038737,36.77776695183213,2.218071238052195,13.190201187822135,65.66464422858667,0,2026-08-25 06:31:49
2024-01-11 18:51:00,CNC-02,M,305.4466160397963,313.52536283591576,2200.1105455934394,29.002191688409578,62.196413723603015,2.836959073820301,12.013710053067305,43.528907069583965,0,2026-08-25 06:31:49
2024-01-11 03:29:00,CNC-01,L,23.9921162374942,36.89969668569432,2477.0197590183075,21.518924845730048,32.09402189258807,3.054891600782019,9.909099130673306,56.540937458104096,0,2026-08-25 06:31:49
2024-01-11 13:32:00,CNC-01,L,298.2732351961848,311.980919149504,1389.3031241807028,48.37200686744229,66.37458667853355,2.0069105897303547,12.71159900598154,54.96639252296028,0,2026-08-25 06:31:49
2024-01-11 01:47:00,CNC-01,L,298.646200645942,311.1747931716841,2738.771560141662,17.123684622538644,116.31469261716843,3.3025597316990143,8.771080938454656,55.2603886929853,0,2026-08-25 06:31:49
2024-01-11 02:10:00,CNC-01,L,298.2164579437887,311.05765532198825,2578.008243864199,20.18108933905808,141.52334931515998,3.406835459134303,9.556400624601395,56.533588981520666,0,2026-08-25 06:31:49
2024-01-11 21:13:00,CNC-01,L,300.1459363994911,312.06634763760127,2521.1521093434444,18.248292213391363,9.097107742519814,3.0571723302748635,8.680891038945623,50.50584208292749,0,2026-08-25 06:31:49
2024-01-11 22:24:00,CNC-01,L,300.199394097468,313.2047202091162,2501.222127022125,22.359945315476406,87.41822325900495,3.1652961604002416,10.38829871486561,51.914552984686146,0,2026-08-25 06:31:49
2024-01-11 00:31:44,CNC-03,H,298.8837377977112,310.57958951332444,2737.9556764232498,13.763425910527191,53.32731254884369,3.2944620421062063,6.983771865241867,52.56442361180817,0,2026-08-25 06:31:49
2024-01-11 20:10:00,CNC-02,M,299.6706581520148,313.9657843620913,2331.975460874516,27.19937466077448,159.04375644480348,3.293539819618971,11.91946437829181,50.71785028365333,0,2026-08-25 06:31:49
2024-01-11 10:36:41,CNC-03,H,294.54367858728995,309.10375585717617,1485.706805220239,47.96593354759667,135.10594914663042,2.2697381647278965,13.252455040171803,59.52608576738811,0,2026-08-25 06:31:49
2024-01-11 19:57:00,CNC-01,L,300.4133445584882,314.15585889080324,2238.525872508563,27.48714921599585,162.09995222066058,3.2659594612979967,11.503246843672786,53.273456795248926,0,2026-08-25 06:31:49
2024-01-11 18:28:00,CNC-01,L,300.3691164177843,313.3062071267201,2170.2718196706496,27.274972734437174,51.794312188622655,2.7579167005606897,10.901319248124809,50.72776279687778,0,2026-08-25 06:31:49
2024-01-11 00:50:00,CNC-03,H,298.5188809818997,309.1520419296119,2787.4378829664047,8.883539828345071,72.31126935037075,3.327160355514171,4.518582172031602,54.240656856751784,1,2026-08-25 06:31:49
2024-01-11 16:38:51,CNC-03,H,296.8976753807967,312.03113206564905,1853.4395392068004,40.557463844531206,209.21655388388956,3.106331247643201,14.160536585867373,56.27965294963132,0,2026-08-25 06:31:49
2024-01-11 08:46:00,CNC-03,H,294.20028119648697,309.2617822814554,1548.228740386643,49.56033857325137,187.71230995350615,2.60440075530608,14.535130587973134,66.75276884344991,0,2026-08-25 06:31:49
2024-01-11 20:03:00,CNC-01,L,300.2964466642211,313.2397895050556,2512.2367874778606,19.722111010759537,169.22075502861142,3.537216763382767,9.221375280476154,53.896065816943675,0,2026-08-25 06:31:49
2024-01-11 06:40:00,CNC-03,H,294.7957831652476,308.27730165914494,1946.8160776705786,32.79358621447334,5.541193007201583,2.503835357268794,11.837504869161263,59.417711333779756,0,2026-08-25 06:31:49
2024-01-11 13:34:00,CNC-01,L,298.048468668072,312.731990241126,1472.5542098588755,51.99287415643955,69.48253783522206,2.144805776145981,14.77824089588546,56.369855341115766,0,2026-08-25 06:31:49
2024-01-11 00:46:00,CNC-02,M,298.35356678643996,310.12080948143694,2753.0815351001875,14.461789265513998,98.41940588673285,3.4320116213868124,7.687314981622285,57.00148692335952,0,2026-08-25 06:31:49
2024-01-11 21:53:00,CNC-01,L,300.18468133458674,311.8929270744091,2651.1820501310112,15.58513975260305,53.53785840759863,3.1612293777678375,7.5446914723623415,52.690921516196816,0,2026-08-25 06:31:49
2024-01-11 07:11:00,CNC-01,L,296.28811325958657,310.79611590625444,1923.0793126047247,39.13877064075983,125.47184283901741,2.709549702247819,14.374447009080727,56.49396082086025,0,2026-08-25 06:31:49
2024-01-11 07:37:00,CNC-01,L,296.2681455544605,311.11133516647277,1830.1975606371964,41.98574793251482,162.62861518708095,2.888582746836143,14.356030104583715,55.09210464368138,0,2026-08-25 06:31:49
2024-01-11 18:36:00,CNC-03,H,297.77895407057457,311.68885262460157,2250.8226134820075,29.901398029521594,114.23720054209501,2.86225395151433,12.622046013461002,51.12410241800407,0,2026-08-25 06:31:49
2024-01-11 10:13:00,CNC-02,M,295.76588632175833,311.0763175032115,1413.8113694936483,,147.81443303456422,2.2481606068216573,15.090675517007247,60.31925114543175,0,2026-08-25 06:31:49
2024-01-11 09:37:19,CNC-02,M,295.5000432979974,309.65907975106603,1471.918293611221,48.37214893896622,93.23658637873223,2.248008871432421,13.331683231922833,58.91315290570373,0,2026-08-25 06:31:49
2024-01-11 18:39:00,CNC-03,H,297.88740311955496,311.77639404246617,2063.919184889555,33.171760577399496,118.13726401038058,2.807019796396197,12.863798402063232,57.040681816221166,0,2026-08-25 06:31:49
2024-01-11 18:05:00,CNC-02,M,26.713227477885084,40.130699142814876,2209.815872213934,27.906725885220677,2.6165622382748355,2.7832222098800115,11.652483642981139,52.731433121344566,0,2026-08-25 06:31:49
2024-01-11 09:44:00,CNC-01,L,296.5794022509034,310.8897716180314,1609.955604038036,44.6761445225665,118.8707932320951,,13.354001552950297,56.31634142898233,0,2026-08-25 06:31:49
2024-01-11 04:04:00,CNC-02,M,296.7472820005288,310.4308956966252,2282.403059647259,27.432682577285174,98.75651392652696,2.9253001221849844,11.8874134589186,56.020624920711924,0,2026-08-25 06:31:49
2024-01-11 19:39:00,CNC-03,H,297.9208345621357,312.38907997688835,2418.733027995523,26.830466848972648,193.11999043154952,3.3896340696540337,12.26317389443689,57.168588296769386,0,2026-08-25 06:31:49
2024-01-11 22:51:00,CNC-03,H,297.0975844746898,310.66635269770643,2562.4013737269397,22.707528718033863,188.575058987325,3.4839685365649387,10.937481124784437,58.596840603518274,0,2026-08-25 06:31:49
2024-01-11 08:12:00,CNC-01,L,296.3220940280355,311.2819976593513,1769.0096173406512,44.05684068507884,213.81500014768582,3.289605256111031,14.403266368219318,58.17520941570824,0,2026-08-25 06:31:49
2024-01-11 03:03:00,CNC-03,H,23.55879292287534,37.67004706879209,2484.746855538117,24.547847488342196,218.80951880275666,3.8233456877860577,11.47419217860388,59.10137860558127,0,2026-08-25 06:31:49
2024-01-11 07:27:00,CNC-03,H,295.19539958037564,309.88226950484307,1930.4068758431224,40.59939738746735,71.62506180475134,2.470687884918799,14.793754496296083,57.17333713738778,0,2026-08-25 06:31:49
2024-01-11 02:36:00,CNC-03,H,297.0609717140625,310.76588700477265,2518.7222723246878,24.545404672086768,187.99538412769647,3.45943432751059,11.595018402659484,52.89970145476918,0,2026-08-25 06:31:49
2024-01-11 13:57:00,CNC-02,M,297.38924424432514,311.6791280681812,1530.0870940493548,46.83232431544655,69.22083772259393,2.3076910612185784,13.197933768393447,56.20937942194327,0,2026-08-25 06:31:49
2024-01-11 11:48:00,CNC-02,M,296.51358311717416,310.3665790901383,1361.4876367767113,48.75108390070655,68.08322964326547,2.1303745155592133,12.429330853053516,58.62334149421311,0,2026-08-25 06:31:49
2024-01-11 12:20:00,CNC-02,M,296.88389307327856,311.28757403990875,1312.067160304249,51.886300432340676,118.91608379604685,1.9765042636159347,12.76562087644306,57.15186816164969,0,2026-08-25 06:31:49
2024-01-11 19:18:00,CNC-03,H,298.1894677511096,312.44969877301855,2184.910427828091,31.260858837889856,167.32845177686522,3.057945159293549,12.778840255639217,55.19818227436009,0,2026-08-25 06:31:49
2024-01-11 09:08:00,CNC-03,H,294.40562361535314,309.746483146313,1702.3080464850868,47.98970738739816,221.27278145615628,3.0392829467810443,15.374152742151088,60.56853511683129,0,2026-08-25 06:31:49
2024-01-11 06:03:00,CNC-03,H,295.2943718056572,310.30980802946436,2018.2047740910032,37.203466227240604,,2.9789473752674884,14.17285897299585,58.49271489989077,0,2026-08-25 06:31:49
2024-01-11 03:26:00,CNC-02,M,23.815106284563,36.75808421430588,2424.543975254646,22.513567306037455,53.72135188284984,2.9309127945040343,10.175826575493577,53.36974367903278,0,2026-08-25 06:31:49
2024-01-11 09:08:00,CNC-01,L,296.386917878874,310.16835896930814,1416.0771274664737,47.68390321432426,63.3640943599429,2.108556590254691,12.395646457529724,55.192281443206085,0,2026-08-25 06:31:49
2024-01-11 11:00:00,CNC-03,H,294.60941724095693,309.1860205886207,1430.2656001620862,49.69198551239479,171.41752230497093,2.437182815945972,13.307948778517643,58.17612266883573,0,2026-08-25 06:31:49
2024-01-11 01:53:00,CNC-03,H,297.47302671141904,310.4844844475642,2739.1557554825704,18.73885269740991,140.46714318766104,3.4502676553429197,9.405191698706115,59.16556076902141,0,2026-08-25 06:31:49
2024-01-11 07:00:00,CNC-03,H,295.1258925579165,309.34675793115485,1950.4269307161935,38.66175014931129,33.34964789607795,2.684911765778788,14.23319897899145,58.02270939231849,0,2026-08-25 06:31:49
2024-01-11 02:39:00,CNC-01,L,297.7338034334438,311.4174659899452,2557.953642821878,23.224503402544222,173.60941053717383,3.6109523617584167,11.141110460330717,56.27576277487433,0,2026-08-25 06:31:49
2024-01-11 07:03:00,CNC-02,M,295.3073780317483,309.4432198382392,2076.309059599834,33.35767384131938,112.53299330395399,2.7362915172314892,13.129188447932712,60.620315980123316,0,2026-08-25 06:31:49
2024-01-11 19:07:00,CNC-03,H,298.11658818284644,312.3075407139664,2272.9425370789213,29.2783743752025,153.49274042270693,3.1257302358029766,12.293340897343297,52.9950405145188,0,2026-08-25 06:31:49
2024-01-11 12:01:00,CNC-02,M,296.37207172148,310.81695173687535,1388.6930784011563,50.84530255085484,88.73393583660959,2.0445524503244386,13.35746670307265,57.842960138595316,0,2026-08-25 06:31:49
2024-01-11 03:20:00,CNC-02,M,23.559740283985434,36.237553338794385,2450.787815640207,21.92212046402279,46.76433066693492,2.9607316680905478,9.91210406736789,56.83492372490463,0,2026-08-25 06:31:49
2024-01-11 04:36:00,CNC-01,L,296.73579805731174,310.4637880551506,2257.897654406635,28.78975065061001,112.27651156023782,3.0257420103946497,12.291627816553795,57.38150450984544,0,2026-08-25 06:31:49
2024-01-11 16:08:00,CNC-03,H,296.45635503349547,311.3294083880666,1676.064003899529,44.578636844386004,164.53409527133357,26.16139275913879,13.832031974623963,55.880455827800255,0,2026-08-25 06:31:49
2024-01-11 04:18:00,CNC-02,M,296.4480855817398,310.90967282006335,2227.475007797538,33.03849838626261,115.6488585864741,2.894847070766611,13.871407374158517,56.5576420528862,0,2026-08-25 06:31:49
2024-01-11 00:02:00,CNC-02,M,298.9046707056355,311.2688125215316,2751.6463674483743,17.088295048018388,51.655838430283545,3.253019203577526,8.688333200858272,52.3709402958545,0,2026-08-25 06:31:49
2024-01-11 14:43:00,CNC-02,M,297.83273405315515,312.68327350308317,1564.2099920651276,49.19090078019889,140.43969273816973,2.4668368125668176,14.55051579937412,58.3025122034708,0,2026-08-25 06:31:49
2024-01-11 20:10:00,CNC-01,L,300.20765835342445,314.6605225830554,2314.6247669015097,30.685853360991985,177.5047518384874,3.352948020005072,13.012548913139717,52.632138324864655,0,2026-08-25 06:31:49
2024-01-11 17:23:00,CNC-03,H,24.024079447836016,37.78706478426801,1962.1318223119006,34.81475627276458,16.692819506493926,2.509101844241653,13.124905690852954,54.403055561028566,0,2026-08-25 06:31:49
2024-01-11 18:45:00,CNC-01,L,300.3263740124402,313.8511436008499,2159.0335989077216,29.677711698913246,73.35149647644403,2.8417667993900695,11.860464174001565,49.087814426882524,0,2026-08-25 06:31:49
2024-01-11 16:10:00,CNC-01,L,299.77597009584673,314.34967537624567,1825.2425945876116,41.84083148684577,99.48622874982085,2.548007470573778,14.344124851853406,55.63069980790518,0,2026-08-25 06:31:49
2024-01-11 02:47:44,CNC-01,L,24.547452529441216,38.01997112928399,2493.468628926979,22.351629062287294,184.93242601434977,3.5712275763151844,10.24757604440814,57.21869100261837,0,2026-08-25 06:31:49
2024-01-11 09:57:00,CNC-02,M,295.5761646243995,310.0494811860908,1306.6233313525022,54.29648094381095,122.75647239708412,2.1154261917982145,13.277354247895719,60.48260166877613,0,2026-08-25 06:31:49
2024-01-11 02:36:00,CNC-01,L,297.6998146870489,310.75298395604204,2750.3416340936133,17.342588206743507,170.24320212291838,3.7950547307208025,8.765308186511385,52.71203384053093,0,2026-08-25 06:31:49
2024-01-11 22:42:00,CNC-02,M,298.97316162993206,311.3930423402587,2719.7328876952856,15.60068260781843,79.63825829121686,3.2380644283348836,8.111944845298833,53.57813364236917,0,2026-08-25 06:31:49
2024-01-11 16:08:00,CNC-01,L,299.8497935376322,313.525261759956,1769.5538698206537,37.05558433270533,96.58000615557525,2.543602876186078,0.0,53.18028726410469,0,2026-08-25 06:31:49
2024-01-11 07:39:00,CNC-02,M,295.43736569723364,309.89464045480526,1598.6377934910552,43.7404078122444,163.57230400344002,25.15463819727033,13.022475673205623,62.43698384411921,0,2026-08-25 06:31:49
2024-01-11 20:02:00,CNC-02,M,299.93217692571005,314.08284496738446,2311.7269437981126,26.918566789387967,149.57604993702228,3.160836602167167,11.83239763202835,50.31432981438077,0,2026-08-25 06:31:49
2024-01-11 19:23:00,CNC-03,H,297.95549867530053,312.028909658017,2232.2745071788854,30.182457132411173,173.48405920208356,3.212432956800239,12.587565808074055,57.66742752371542,0,2026-08-25 06:31:49
2024-01-11 12:18:00,CNC-01,L,297.46010321359097,312.06836788164003,,53.68344881508375,170.9202391486081,2.518235234654319,13.573831065977863,58.28889989095893,0,2026-08-25 06:31:49
2024-01-11 09:06:06,CNC-03,H,294.4934239910165,309.12677703908207,1543.9058155479133,45.421888344084024,216.7183406235426,2.8845070125767456,13.362236134064757,57.35491381584336,0,2026-08-25 06:31:49
2024-01-11 22:35:00,CNC-01,L,300.0193485404252,312.82363381720364,2595.696201934225,18.59234542568941,99.26703575931863,3.245913949218872,8.895271158345722,52.07953690581105,0,2026-08-25 06:31:49
2024-01-11 00:51:00,CNC-03,H,298.13283339588673,310.1946415638081,2719.1783503269817,16.24797199175079,73.37528587899243,3.180293365008149,8.222608012641675,53.98002963705762,0,2026-08-25 06:31:49
2024-01-11 22:39:00,CNC-02,M,299.11563894888565,311.8799683313666,2755.065175972178,17.431320113452024,76.45127877592085,3.2324759820576916,8.70558593403232,50.69686309363954,0,2026-08-25 06:31:49
2024-01-11 02:16:00,CNC-03,H,296.9942278850067,309.4852573383471,2519.610472060613,17.11397217264274,165.72296249400878,3.32972586769659,7.821774873480194,57.019036559955474,0,2026-08-25 06:31:49
2024-01-11 16:40:00,CNC-03,H,296.93005339585557,312.47072267256067,1717.5839543369848,47.32711923323572,210.67621181987855,2.952781676484753,15.28562831270146,58.362289042435286,0,2026-08-25 06:31:49
2024-01-11 18:38:00,CNC-01,L,300.3384741540666,313.76065146569067,2197.882773294176,27.804905434018686,64.51957226862172,2.737158297046412,11.325114272889595,52.5521955035269,0,2026-08-25 06:31:49
2024-01-11 02:57:00,CNC-02,M,24.08545567492581,36.5400030025267,2528.7159755174157,20.638824090434888,20.31044399119419,3.0709405923386504,9.90423951990197,57.32050897905942,0,2026-08-25 06:31:49
2024-01-11 06:16:00,CNC-01,L,302.1370932763958,309.46883323355394,2073.6373253731367,31.05234333189884,50.04474165004926,2.7018190654765224,11.838245497967502,49.954251219042646,0,2026-08-25 06:31:49
2024-01-11 00:06:00,CNC-03,H,298.9886748538851,310.7882256370708,2737.545190472366,16.256504096940855,25.80510379302141,3.187496342616554,8.383742266397816,55.24728893583527,0,2026-08-25 06:31:49
2024-01-11 09:39:00,CNC-03,H,294.45308693608666,308.35524005434115,1448.6183808662822,48.476950192352206,44.50267259657997,2.113047991940531,13.403911922889721,66.35830783502847,0,2026-08-25 06:31:49
2024-01-11 01:59:00,CNC-02,M,298.2379352667284,311.56820273071526,2654.4395856022093,20.30026715816662,176.9834606465404,3.638969810115071,10.067434633036385,50.54340479646575,0,2026-08-25 06:31:49
2024-01-11 14:26:00,CNC-03,H,295.4652904689393,308.81126981567417,1407.3951428530665,46.92315485811443,10.77751663459291,2.1035036701317056,12.053014224165695,58.94471240373807,0,2026-08-25 06:31:49
2024-01-11 02:21:00,CNC-01,L,298.0618869380884,310.52171629750814,2490.8512483025456,17.773536515072063,153.6983891071662,3.3610716543951153,8.169716849099519,58.97311912175584,0,2026-08-25 06:31:49
2024-01-11 09:23:00,CNC-01,L,296.27596426892313,310.5026544121713,1499.0109894253826,48.16168186940113,86.3137655753558,2.1940568963135685,13.455082638581498,56.48297941059768,0,2026-08-25 06:31:49
2024-01-11 20:56:00,CNC-03,H,297.76435063654196,310.27921197286,2526.9227848954283,18.649100884232436,61.91782540879411,3.107792410914518,8.785072741476517,57.39905188781079,0,2026-08-25 06:31:49
2024-01-11 06:26:00,CNC-02,M,295.46494487134663,308.9361349046868,2092.198022205014,29.980435948920412,61.337612353142624,2.6903956607260735,11.655201374106413,57.77905534197398,0,2026-08-25 06:31:49
2024-01-11 02:04:00,CNC-03,H,297.4653480828978,310.3583373720167,2524.6606567512526,21.17992901382494,152.4693009050091,3.2290077995007955,10.283245446514254,49.33434004484437,0,2026-08-25 06:31:49
2024-01-11 11:12:00,CNC-02,M,296.15538024724486,310.1065474859889,1486.156689233084,48.24684273896291,11.07031953179185,2.1333879565618994,13.277298183182682,57.75199718784465,0,2026-08-25 06:31:49
2024-01-11 23:26:00,CNC-02,M,298.403260253349,310.8702602795194,2603.9827132841183,16.760641497942437,126.88100328933359,3.395193430849369,7.903650066164215,53.93152431701445,0,2026-08-25 06:31:49
2024-01-11 06:25:00,CNC-02,M,295.734815264608,309.29183930126146,1988.119605558612,32.373083432723675,60.017196964755804,2.577367898499575,11.907966635216857,58.351710354736326,0,2026-08-25 06:31:49
2024-01-11 20:28:00,CNC-02,M,299.9192103784632,313.4982967494346,2434.422132270997,22.477498319612625,180.16335393648524,3.373506223260661,10.148255667717203,52.18020820768661,0,2026-08-25 06:31:49
2024-01-11 10:43:00,CNC-01,L,296.8440511770388,310.8317300973328,1417.9737242146464,51.23242924137202,20.566963847543366,2.087476296240639,13.321135230989825,54.58547634329444,0,2026-08-25 06:31:49
2024-01-11 04:08:00,CNC-01,L,296.883370715699,310.174439668772,2185.7295785835304,26.539874960271614,78.18511008445837,2.728039028145874,10.901373446701385,56.30156642357569,0,2026-08-25 06:31:49
2024-01-11 05:49:00,CNC-02,M,295.39181338495774,308.49068061270304,2042.720197520137,29.052642758775978,11.81914455822335,2.533254988166047,11.285916326838828,64.27859763339464,0,2026-08-25 06:31:49
2024-01-11 15:46:00,CNC-02,M,298.4520764952945,312.08546805800444,1759.7443589988902,36.447831767726655,13.304337070178534,2.3551063053363612,12.123794144036209,55.59446443508346,0,2026-08-25 06:31:49
2024-01-11 19:08:00,CNC-01,L,300.35955372518265,314.109999572523,2241.7078102218507,28.69431805495785,102.3553296126923,2.969660831287454,11.970924450413378,49.76982976359598,0,2026-08-25 06:31:49
2024-01-11 18:13:00,CNC-01,L,27.02280841341758,40.5499478724015,2150.6062359169655,30.939225572684617,32.13318971268233,2.732736013511146,12.635944568968009,53.560117575256925,0,2026-08-25 06:31:49
2024-01-11 23:25:00,CNC-03,H,297.308806277142,310.4962349591411,2780.2068589395576,17.958491703786216,224.77775149458768,4.073603508881979,9.541814052148961,59.98393045586947,0,2026-08-25 06:31:49
2024-01-11 14:48:00,CNC-01,L,298.9051330181607,313.79854201731433,1550.054986538972,1532.1271310941,184.61999363700335,2.67007258387532,14.251764055307426,51.92496360118115,0,2026-08-25 06:31:49
2024-01-11 01:26:05,CNC-02,M,298.24079861347366,310.87439058522915,2673.4316333372203,17.268064023729913,139.89389395769874,3.4264211559452002,8.576491397918433,56.46832250809518,0,2026-08-25 06:31:49
2024-01-11 13:19:00,CNC-03,H,295.09744083733074,309.4692302769607,1467.1539841341255,47.94825024712624,166.51888412607684,2.368293052014867,13.147179305475726,56.24791731566911,0,2026-08-25 06:31:49
2024-01-11 11:24:22,CNC-01,L,296.896474297289,310.9631409284504,1407.1536588478984,49.07050271455363,83.91638957828184,2.076259315620055,,59.5880973092401,0,2026-08-25 06:31:49
2024-01-11 17:29:00,CNC-01,L,27.372263859847294,42.04532413967752,1892.3929243854323,37.68881990583014,210.70199222576906,3.410636479131633,13.396486016206593,48.39062471871975,0,2026-08-25 06:31:49
2024-01-11 10:37:00,CNC-02,M,295.73595316474496,310.6448496215939,1378.4259931586932,55.45123929941521,185.48710011783817,2.5651665314255863,267.3771025255192,60.5066919239355,0,2026-08-25 06:31:49
2024-01-11 08:31:00,CNC-02,M,295.0996618149313,310.12202451650035,1657.1093426570353,45.19034575688247,240.01188799380566,3.330954271661049,13.846043788442056,63.7979225146551,0,2026-08-25 06:31:49
2024-01-11 18:12:00,CNC-02,M,32.02816612223512,40.19413009535265,1983.4014583938826,34.633043480719685,11.9357304781703,2.5712323077050825,12.681997082055997,42.94902581283187,0,2026-08-25 06:31:49
2024-01-11 08:11:00,CNC-03,H,294.8422506611977,309.7656493312257,1683.986813038218,47.06342059593897,135.47161076460876,2.490066827347485,14.743821858309316,59.25724659765697,0,2026-08-25 06:31:49
2024-01-11 13:52:00,CNC-03,H,295.07295770046824,310.33216358591045,1415.5076083449833,55.5955495188732,218.52649258906328,2.7625375150593934,14.610069876045456,60.233325563655974,0,2026-08-25 06:31:49
2024-01-11 05:58:00,CNC-02,M,295.34579477433334,309.364351827458,2176.570295123659,32.68596651686419,23.64190722732723,2.723515084071474,13.139920624874508,62.60652591288623,0,2026-08-25 06:31:49
2024-01-11 22:12:00,CNC-03,H,297.3137698607802,309.6695963571438,2699.406735312413,15.975351756711184,146.72438068631868,3.374217184957325,8.246856633683786,54.83605504176407,0,2026-08-25 06:31:49
2024-01-11 17:25:00,CNC-03,H,24.296531862913753,38.2800562757717,2075.9230229486598,34.677411144812076,19.41835034982313,2.6786272899243966,13.613412481399129,52.706103941812486,0,2026-08-25 06:31:49
2024-01-11 12:41:00,CNC-02,M,296.83343757888247,311.3885380158176,1301.0745794708243,54.03434429930159,152.23140029243692,2.3108523433960535,13.17973627955217,57.53754187260598,0,2026-08-25 06:31:49
2024-01-11 22:56:00,CNC-02,M,298.96035053446434,311.9040570139836,2536.4961676029898,19.353432249408435,94.98137494795635,3.1279209630680223,9.357415044042595,54.31641513776936,0,2026-08-25 06:31:49
2024-01-11 19:59:00,CNC-02,M,300.32101404365676,314.29746785132846,2384.531480556591,26.49237752421274,145.9636368449506,3.2026710107920415,11.880329794221389,51.60154996325916,0,2026-08-25 06:31:49
2024-01-11 03:44:00,CNC-01,L,23.818505877673374,36.73276667208518,2435.1760276151244,23.76667263266135,49.54121302881024,3.0106949588752934,10.733831106359474,58.08251283404872,0,2026-08-25 06:31:49
2024-01-11 03:27:00,CNC-02,M,23.93479527904134,36.02560997728199,2462.631154607349,19.18755782623209,54.85767715054368,2.972304380925608,8.684552222260429,58.712206977828856,0,2026-08-25 06:31:49
2024-01-11 04:26:00,CNC-02,M,296.2765763669355,309.5434793417118,2284.3259310462436,24.327126789954136,125.31827049093434,2.89887483455705,10.295846279267746,59.82519872568432,0,2026-08-25 06:31:49
2024-01-11 11:27:00,CNC-01,L,296.7799454890442,311.36552807539175,1385.0240118916086,53.813119552199524,90.26801256583919,2.078981111199135,13.98552346855972,50.38201929406728,0,2026-08-25 06:31:49
2024-01-11 06:41:00,CNC-02,M,295.8207410349392,309.8170883265791,1860.7580706087344,36.88208437442232,82.03293231222321,2.510937741819378,12.829231021503608,64.99697997747894,0,2026-08-25 06:31:49
2024-01-11 22:38:00,CNC-01,L,300.21374456111704,312.51191303479493,2709.0445608476093,17.23253360050261,102.53654282382168,3.2757200853029973,8.657150110600401,48.77463238254328,0,2026-08-25 06:31:49
2024-01-11 21:41:00,CNC-01,L,300.1586556970992,311.80422474140903,2680.536443515253,14.397968321508648,40.39215546961343,3.2473400298738975,7.024253403145872,48.74365127545413,0,2026-08-25 06:31:49
2024-01-11 06:14:51,CNC-02,M,295.3801396090641,309.3005720869634,2040.608539421712,31.883877030095725,47.79737416740019,2.648905091784223,12.142702840173113,57.51350262806623,0,2026-08-25 06:31:49
2024-01-11 10:25:00,CNC-02,M,295.8074256298751,310.53215019465574,,52.17330863004715,166.6583918991756,2.3893241000777206,13.40541332915934,58.19905651628811,0,2026-08-25 06:31:49
2024-01-11 20:09:00,CNC-01,L,300.0506501382909,313.6245401075151,2414.1283738662933,23.28363649412649,176.30811087398553,3.514501704289311,10.684820712393176,48.48772911339037,0,2026-08-25 06:31:49
2024-01-11 17:16:00,CNC-01,L,300.2655796484765,315.3401451877663,1851.4293455532363,42.59428424576508,192.96276385643574,3.0577568118708416,14.897022908680746,51.27589719633943,0,2026-08-25 06:31:49
2024-01-11 07:26:00,CNC-03,H,294.72968086207055,309.410374512413,1722.7975940108663,45.319553479181536,70.23016971648221,2.3327029269478587,14.578044834466088,62.369687924136585,0,2026-08-25 06:31:49
2024-01-11 11:42:00,CNC-03,H,294.5726953150061,308.326979200437,1406.03632832652,50.43279846415503,12.725795083096346,2.152824173319576,13.250625776728858,60.669668397748644,0,2026-08-25 06:31:49
2024-01-11 08:38:00,CNC-03,H,294.4458248813681,309.2031526386356,1636.6028631951715,46.22527514289431,175.66079075482267,2.6754179698622362,14.157127043269472,62.144007306380814,0,2026-08-25 06:31:49
2024-01-11 09:44:00,CNC-03,H,294.6616948595351,308.47179210393534,1442.0964764441596,48.11804081094518,52.2536484476869,1.9745948511743945,13.205583213732174,61.2511318948239,0,2026-08-25 06:31:49
2024-01-11 08:08:00,CNC-01,L,296.17532795040586,310.7601322129692,1658.7014936334162,44.03931636241947,207.8672832394768,3.041419118286815,13.770748426392734,55.083683638320046,0,2026-08-25 06:31:49
2024-01-11 07:17:00,CNC-02,M,295.374383044551,309.8914481031666,1619.59317017609,44.769157496105926,132.29075894746623,2.502004029787458,13.598085150816198,59.116988756277486,0,2026-08-25 06:31:49
2024-01-11 08:01:00,CNC-01,L,296.4865720373579,311.81785102647234,1767.872357140874,45.884601768901355,197.6440432694335,3.094069214032913,15.153234150382104,60.70568808401863,0,2026-08-25 06:31:49
2024-01-11 03:31:00,CNC-02,M,23.434866252529844,35.7085291829851,2364.433331660428,19.9082247834308,59.495916295790465,2.9639002407097172,8.771997275444631,59.449302446948316,0,2026-08-25 06:31:49
2024-01-11 19:20:00,CNC-01,L,300.1873319681997,313.228432212815,2332.074534830807,24.627851984427064,117.17156961730845,3.0878823552787042,10.732028488032304,53.01324449536989,0,2026-08-25 06:31:49
2024-01-11 18:49:00,CNC-01,L,300.4205074906203,314.1655708231376,2251.237827172161,29.072533503872386,78.48190397862668,2.8683658590263765,12.173162668576756,48.19029827638601,0,2026-08-25 06:31:49
2024-01-11 04:29:00,CNC-02,M,295.9582682427539,310.2166841394356,2255.9737307243167,29.07694012699675,129.01292441353053,3.0228592507769854,12.227777375874787,0.0,0,2026-08-25 06:31:49
2024-01-11 11:43:00,CNC-01,L,297.0908853757052,311.4347861465696,1397.080784574958,50.10696954649239,115.53772120770898,2.1663623262336227,12.945220911930003,56.7110972640966,0,2026-08-25 06:31:49
2024-01-11 19:27:00,CNC-01,L,300.27858256446456,313.3693866351375,2421.4948682156414,22.414197389730273,125.68520941353518,3.2011179558187286,10.268222337880433,48.833848713172166,0,2026-08-25 06:31:49
2024-01-11 07:50:00,CNC-03,H,294.5883927321691,308.69107679320484,1729.8589747606934,40.156885806550434,104.76748165947497,2.45487590367354,13.057408869671526,64.6113553798836,0,2026-08-25 06:31:49
2024-01-11 04:09:00,CNC-01,L,297.08477323610884,310.7430027388478,2137.7881708040504,30.343826745007476,79.44321198706963,2.792925633561642,12.334524822321574,55.262151758124816,0,2026-08-25 06:31:49
2024-01-11 20:45:00,CNC-03,H,297.82878011093226,310.882961243509,2457.785517852644,,49.214009712271746,3.04420012832854,10.905655537843208,51.94339556305032,0,2026-08-25 06:31:49
2024-01-11 21:56:00,CNC-03,H,297.29508509380025,310.310895550616,2557.2488507762837,20.44287726706351,129.2006702896157,3.2728293795015073,9.840423187894325,57.77302029440095,0,2026-08-25 06:31:49
2024-01-11 20:19:00,CNC-03,H,298.1622249920269,310.9466732911985,2468.1120423319107,23.00980731336926,18.89855397279596,3.0422333302381133,10.490453456932688,56.58528779192664,0,2026-08-25 06:31:49
2024-01-11 13:07:46,CNC-01,L,297.6272570065107,311.3323518934761,1410.4410737114533,47.85874624009704,26.8834118566041,2.0106826492161254,12.58189570278199,53.671012532882344,0,2026-08-25 06:31:49
2024-01-11 16:46:00,CNC-02,M,299.2068393600413,313.9842795659227,1961.2759763515817,38.856151053319984,99.90798512137859,2.6091492009272037,13.970368417501604,57.35767270975386,0,2026-08-25 06:31:49
2024-01-11 08:33:00,CNC-01,L,296.2137099919496,309.58927573237094,1597.378689916517,40.44399952665399,10.545366118679173,2.1577695146771965,12.232118866726598,59.61632378828176,0,2026-08-25 06:31:49
2024-01-11 21:16:00,CNC-02,M,299.15560614033495,313.0237135102436,2534.949369288733,22.059564820455037,234.9729932409043,4.0653349871968505,10.760759549170439,50.039777530145514,0,2026-08-25 06:31:49
2024-01-11 22:26:00,CNC-02,M,298.9195593690197,310.47302147958857,2661.5212799592746,13.430220799919024,62.38137488824661,3.2367620729173563,6.733686304311947,53.81798748086733,0,2026-08-25 06:31:49
2024-01-11 03:35:00,CNC-03,H,23.301675386655575,36.69682966206244,2468.920848877461,26.829888605532023,3.4661562712057528,2.9995417965590225,12.42733342238281,56.67745923581396,0,2026-08-25 06:31:49
2024-01-11 20:34:00,CNC-02,M,299.527620192803,313.9708338874425,2374.640161354218,26.89102306114236,187.21033668377294,3.424801295987389,11.739647070889266,50.61849481171311,0,2026-08-25 06:31:49
2024-01-11 06:07:00,CNC-03,H,295.36579688895506,309.8524258168088,1845.037919337266,37.28811883343682,193.85415754119435,2.8141118181612237,12.835692152668605,56.982829797575064,0,2026-08-25 06:31:49
2024-01-11 23:35:00,CNC-03,H,296.86508913582986,310.45599566392553,2587.0524248427746,23.09947642503625,235.34559621669746,3.935447921117444,11.258526139204363,52.0457567762676,0,2026-08-25 06:31:49
2024-01-11 12:55:00,CNC-01,L,297.8160719051781,311.2926412573833,1395.8279592379934,48.15945299661396,7.873975615611151,2.1141904472761306,12.472995423260683,53.24212035729172,0,2026-08-25 06:31:49
2024-01-11 21:54:00,CNC-03,H,297.46535585019654,310.44167122857266,2642.1698334966777,20.55159446861831,127.00436764098991,3.431095849967444,10.298191600773961,54.492003187536376,0,2026-08-25 06:31:49
2024-01-11 03:28:00,CNC-01,L,24.085136879933316,37.32113223754362,2360.852848874033,25.202395775608352,30.915971726619084,2.9393741829577182,,56.81424747666889,0,2026-08-25 06:31:49
2024-01-11 03:22:00,CNC-01,L,24.510385479027946,37.77960554000788,2419.5783923858075,25.080193494002057,24.001211060543568,2.935530359257785,11.30675892485915,57.579566479200594,0,2026-08-25 06:31:49
2024-01-11 11:15:00,CNC-03,H,294.8048798765889,310.03290456722254,1513.4662318965707,51.08484101469687,195.17466494580765,2.657503385778234,14.367671562057087,57.95444072300158,0,2026-08-25 06:31:49
2024-01-11 08:52:00,CNC-02,M,295.34945691823003,309.5496528241395,1626.7946544326421,45.13480648696477,22.5815531893899,2.1536980483878625,13.867257152090216,61.15531634753828,0,2026-08-25 06:31:49
2024-01-11 11:17:00,CNC-03,H,294.7162709635575,309.4823221201308,1480.6583481201303,49.76158097552336,198.33080494263362,2.67163811661662,13.783195961796702,61.99310952507588,0,2026-08-25 06:31:49
2024-01-11 08:19:00,CNC-02,M,295.2142856247423,310.650402960878,1618.028347452947,48.681765093026286,222.14991036888068,3.077555038382907,14.572045438520355,61.268228182291594,0,2026-08-25 06:31:49
2024-01-11 03:34:00,CNC-02,M,24.054831129765716,37.37250975563228,2492.068462828947,24.779265003284294,63.023784061599294,3.0782354538117014,11.164854118515121,58.61474976943849,0,2026-08-25 06:31:49
2024-01-11 02:22:00,CNC-01,L,298.17826210925784,311.40989716327084,2682.0448723027926,20.188157745399867,154.76812503501296,3.516516897051374,10.224231864638734,56.181758721188466,0,2026-08-25 06:31:49
2024-01-11 14:30:00,CNC-02,M,297.6716023956524,312.1920504160499,1566.1180043617858,46.06823643424143,120.39877683993699,2.46752193267525,13.875751061216128,53.880998183923055,0,2026-08-25 06:31:49
2024-01-11 14:27:00,CNC-02,M,297.5675148542196,312.3160516989763,1490.2054710231428,47.8828161778347,115.76246480282586,2.269699185794735,13.119999686499565,,0,2026-08-25 06:31:49
2024-01-11 16:14:00,CNC-01,L,300.07435883157194,314.644711598633,1753.8099991079482,41.317136362580655,105.24041489327328,2.529981268216815,13.38615028740578,52.260806208439064,0,2026-08-25 06:31:49
2024-01-11 19:38:00,CNC-01,L,299.98655140657564,313.64076192165,2416.8435217021693,26.958601550071442,139.07342848500838,3.222813139611276,12.152261064917829,50.74461976569703,0,2026-08-25 06:31:49
2024-01-11 21:47:00,CNC-03,H,297.5756341853893,309.5102240464856,2814.8644033030946,14.305953861716912,119.21271304270371,3.387276799454098,7.282779491066578,56.851947096792486,0,2026-08-25 06:31:49
2024-01-11 02:28:00,CNC-03,H,297.0998755575112,311.2903100155152,2570.781148667709,26.132547230142226,179.0301834233021,3.4433167950437737,12.337706285045268,56.22998143542893,0,2026-08-25 06:31:49
2024-01-11 15:30:04,CNC-02,M,298.51421127462106,313.8619669656396,1698.763514218824,45.129416811801825,211.67307715058516,3.161074262892024,14.337567626505328,52.51888839729299,0,2026-08-25 06:31:49
2024-01-11 12:14:00,CNC-01,L,297.20128758922243,311.73871341849286,1316.415126899128,53.381000984791065,164.5502204196185,2.3318347041107375,13.087775117233749,58.77378695265969,0,2026-08-25 06:31:49
2024-01-11 15:34:00,CNC-03,H,296.1732918380239,310.6351137824359,1648.4809237865543,45.29622193500511,114.42478639101414,2.427052671633768,13.470051702764506,59.648377695780134,0,2026-08-25 06:31:49
2024-01-11 23:43:00,CNC-01,L,299.6079409829287,,2735.037394983101,13.113344251457839,172.01679528613872,3.8093563085003335,6.6841209064826925,51.92388521162885,0,2026-08-25 06:31:49
2024-01-11 16:48:00,CNC-03,H,296.56198620350796,311.6302214181552,1909.6321293032079,40.53868125874645,221.8905214435653,3.285250022739443,14.480229419649959,57.416288093025024,0,2026-08-25 06:31:49
2024-01-11 16:42:00,CNC-01,L,300.4314295088509,314.8160545807208,1807.315403328621,39.25353635295718,145.3133734841156,2.9708878076785328,13.428513435935301,47.54342412365882,0,2026-08-25 06:31:49
2024-01-11 09:26:00,CNC-01,L,296.17746910928577,310.24194057392816,1433.5637187674706,48.76975090309351,90.94238326231822,2.12972132300877,13.263322296327114,58.66563819151537,0,2026-08-25 06:31:49
2024-01-11 16:20:00,CNC-01,L,300.0440569095197,314.6018267179948,1811.7762472186862,40.18425747094798,113.89830075155638,2.549270014462866,13.451715063763508,51.56760550428649,0,2026-08-25 06:31:49
2024-01-11 05:41:00,CNC-02,M,295.62522139620813,308.8952438557147,2075.5067480742987,31.41018674327382,1.303977151496342,2.6338158665164686,12.565179404501222,60.88391680803612,0,2026-08-25 06:31:49
2024-01-11 18:52:00,CNC-01,L,300.3576286056005,314.3415088677292,2168.102368453583,32.89376738629654,82.33991635376259,2.857639594832631,,48.43426155061773,0,2026-08-25 06:31:49
2024-01-11 20:23:00,CNC-03,H,297.8397095422597,309.68713033603075,2500.5390065436627,16.70393349076189,23.617456736088418,3.052557306293524,7.848126420522103,57.234423369225865,0,2026-08-25 06:31:49
2024-01-11 15:25:00,CNC-03,H,296.29705729339526,311.0315999788656,1728.080392571419,45.23998879632579,100.882572694256,2.3905866760607544,14.822828634566385,56.266707152308,0,2026-08-25 06:31:49
2024-01-11 07:05:00,CNC-03,H,294.9604200193133,308.55704005251215,1833.0034348656059,35.364276201217706,40.43217338918117,2.3619396140120608,12.132531328439352,57.33054222830109,0,2026-08-25 06:31:49
2024-01-11 04:21:00,CNC-02,M,296.5160716714669,310.2901023540006,2369.3961024424143,26.066429519116472,119.27772883756205,3.107548848673449,11.463206352543454,57.45677886624254,0,2026-08-25 06:31:49
2024-01-11 06:54:00,CNC-03,H,295.08822347126903,309.03360566004255,2116.4016367651157,34.739300060082925,24.86522084991384,26.95351346974276,251.01573579230518,57.364657904018365,0,2026-08-25 06:31:49
2024-01-11 06:18:00,CNC-02,M,295.265643670622,308.92603528227977,1978.053452056292,33.788262044893905,50.48065624214956,2.6361898655845883,12.538472060805274,59.979081327908894,0,2026-08-25 06:31:49
2024-01-11 11:07:00,CNC-03,H,294.81345657196056,309.4108119111876,1338.532487559417,55.07735814005586,182.58376543499497,2.440654458177639,13.854262065716668,65.24505558193827,0,2026-08-25 06:31:49
2024-01-11 00:39:00,CNC-02,M,298.53142292117064,310.472393317378,2730.135635101019,14.684894100326044,90.85504811630409,3.2429725211201346,7.395040503977047,50.08539162691637,0,2026-08-25 06:31:49
2024-01-11 16:35:33,CNC-02,M,298.68463446567733,313.16729482381385,0.0,42.0587147064855,84.37328342899667,2.2917506473401086,13.289179350857786,53.825742249568684,0,2026-08-25 06:31:49
2024-01-11 08:27:00,CNC-02,M,295.2567952181165,311.002038189426,0.0,53.45575737252228,234.09983505248533,3.208218863419222,15.507192545605719,60.95206726625449,1,2026-08-25 06:31:49
2024-01-11 17:07:00,CNC-01,L,300.3884895273744,315.1145387823867,1911.1967928347276,37.458845203818356,180.4893981478129,3.2291069007551476,13.300226244871837,48.67258702635512,0,2026-08-25 06:31:49
2024-01-11 00:29:00,CNC-02,M,298.862447562945,310.4699240598172,2778.2130821719397,13.503281817985728,80.18447217456405,3.344924237850106,6.973525884457889,54.65768824826088,0,2026-08-25 06:31:49
2024-01-11 03:40:00,CNC-02,M,23.53456576574621,37.161447760079,2407.282067095311,25.234492722862434,70.22805399183628,3.058778551101956,11.472096245426986,61.257714774051635,0,2026-08-25 06:31:49
2024-01-11 12:30:00,CNC-02,M,296.7863492041642,311.5950581996014,1369.456483067635,54.559297478235735,134.81965170912784,,13.765690860383177,55.2842750716541,0,2026-08-25 06:31:49
2024-01-11 19:21:00,CNC-02,M,299.7190613940307,313.3819535800422,2181.6028472229073,27.638547873270806,99.66627657097558,2.836340938498978,11.49290784608327,49.83614851484509,0,2026-08-25 06:31:49
2024-01-11 17:14:00,CNC-03,H,297.2577907709622,310.6367521249526,1900.8061801249291,32.47377678232582,4.193935057314022,2.4983434522812007,11.415034007354254,58.00040246270632,0,2026-08-25 06:31:49
2024-01-11 19:34:00,CNC-02,M,299.7697398003292,313.380530225376,2408.5933278106236,25.259167438013122,115.66225124927891,3.0844791204868374,11.517594623381289,51.73306615134968,0,2026-08-25 06:31:49
2024-01-11 11:09:00,CNC-02,M,296.0877475776509,309.6234765366331,1261.6226810926905,52.27355595635042,6.354106915839806,1.9828621967171884,12.29029434840161,58.742564337301374,0,2026-08-25 06:31:49
2024-01-11 14:28:00,CNC-02,M,297.5186930932217,312.0995665334179,1393.5826967403723,50.66573286985039,117.33938755097678,2.2075091851945032,13.285826271811434,55.987409685186215,0,2026-08-25 06:31:49
2024-01-11 03:51:00,CNC-02,M,296.57969298956425,308.96071168668266,2402.8031448496326,19.728871703263014,83.26082138099677,3.015217349333744,9.12122915514732,57.285683567030475,0,2026-08-25 06:31:49
2024-01-11 13:58:00,CNC-03,H,295.4143295744918,310.26818644130753,1527.4374562652288,48.267529569332574,227.95180681930225,2.9257798822914243,13.93744080945663,58.68350878373087,0,2026-08-25 06:31:49
2024-01-11 03:18:00,CNC-01,L,24.233792886668255,36.46274155565919,2382.4745362359363,21.90456593490079,19.21448926188007,2.9282682663492663,9.911038517908636,55.50505667814683,0,2026-08-25 06:31:49
2024-01-11 08:48:00,CNC-02,M,295.5959253317504,309.2948960061035,1607.4353934635224,39.92107393758396,16.57446889115432,2.2209033353003194,12.231967823289914,59.63947409491409,0,2026-08-25 06:31:49
2024-01-11 07:36:00,CNC-02,M,295.1527448533052,310.71362735410315,1743.5106188274283,48.32481090604677,159.21156928138316,2.74047187176919,15.631896509475803,55.44577073241755,0,2026-08-25 06:31:49
2024-01-11 13:38:00,CNC-02,M,297.2558678334074,311.775658275509,1490.9339143972918,49.609738758686674,39.359718965334665,2.0830093741770415,13.79008110023713,54.84400629046372,0,2026-08-25 06:31:49
2024-01-11 19:49:00,CNC-03,H,298.0213587540037,312.0010562635444,2482.2223364671013,24.30542437747612,205.1096974481982,3.5374980506364584,11.39232650248536,53.30982716825855,0,2026-08-25 06:31:49
2024-01-11 12:54:00,CNC-02,M,296.7980571272815,312.0190911704249,1458.3721300777845,51.901354534460395,172.72710645229884,2.4688106290895377,14.227863208486356,55.513090449973845,0,2026-08-25 06:31:49
2024-01-11 11:10:00,CNC-01,L,296.77389857427215,310.81135666696537,1328.578721698593,53.24437945199784,63.29296936761017,1.890158708162129,13.370882975697448,59.488157947927455,0,2026-08-25 06:31:49
2024-01-11 12:38:23,CNC-01,L,297.4236819544479,311.5678574437011,1350.2087246205926,50.19808799968694,201.05325421365905,2.6811545088738122,12.8963732844324,60.40905213008735,0,2026-08-25 06:31:49
2024-01-11 07:08:00,CNC-03,H,295.50274942336887,309.42542888467597,1880.9346461197376,37.495193259165696,44.66889041620537,2.504345400596157,12.93847779442229,56.80303232922197,0,2026-08-25 06:31:49
2024-01-11 01:49:00,CNC-01,L,298.39594630760354,311.5303131584992,2491.598410241148,23.030761954589224,118.5520785657342,3.261233073828681,10.77403234623806,51.253440756409496,0,2026-08-25 06:31:49
2024-01-11 21:14:00,CNC-02,M,299.4201566022756,312.60304366301,2554.002738114095,18.262795896128196,232.79837618734533,4.058945170349421,9.03463846200579,54.16077159615902,0,2026-08-25 06:31:49
2024-01-11 20:58:30,CNC-02,M,299.29773168579925,313.15548030291063,2578.634510682262,21.729989981819003,214.79235601762943,3.900621518710716,10.310917373554775,49.16333471306859,0,2026-08-25 06:31:49
2024-01-11 06:46:10,CNC-01,L,296.4771756584793,310.8153560545033,2091.7509658036943,34.90328312222326,89.44602118929674,2.71746611651892,13.73428120269797,56.63725208740012,0,2026-08-25 06:31:49
2024-01-11 08:06:00,CNC-01,L,296.43068685104095,311.1909239294371,1549.7884414634284,45.84567320578269,204.98455169591102,3.0516494798611897,13.191994663031423,56.2208749943162,0,2026-08-25 06:31:49
2024-01-11 21:34:00,CNC-03,H,297.7157083179562,310.49676841865653,2550.0287847413765,19.962987978191528,104.84965800806623,3.2185809409988475,9.5336581360699,54.63249150142202,0,2026-08-25 06:31:49
2024-01-11 19:53:00,CNC-03,H,297.84079899056866,312.1901111460319,2277.6241298234618,29.952675124319686,210.00373593173404,3.4667629997875418,12.42537990963002,57.63332371475531,0,2026-08-25 06:31:49
2024-01-11 06:37:00,CNC-01,L,296.4312863338994,310.3733638976905,1957.3529004151392,35.368509169848174,78.57530847999826,2.518500846988834,12.867788834528362,56.28808890386855,0,2026-08-25 06:31:49
2024-01-11 20:30:00,CNC-01,L,300.0893425995613,313.80701292482604,2318.7118264021806,25.314486944678563,201.05280208859315,3.7181476783565777,11.032998075178618,51.70292673983446,0,2026-08-25 06:31:49
2024-01-11 21:24:00,CNC-02,M,299.62360421838025,313.0223650270363,2479.2600442091434,19.444555411403297,243.90414373997217,4.222593339095037,8.818345536539788,51.04016940828589,0,2026-08-25 06:31:49
2024-01-11 18:18:00,CNC-03,H,24.55341730832066,38.702299290808526,2082.475176664938,34.518030518156536,90.72827704305135,2.6965150263962507,13.345863527393432,49.19578871604437,0,2026-08-25 06:31:49
2024-01-11 16:32:00,CNC-01,L,300.148608827199,314.3407446775023,1694.751718125456,41.57237433652979,131.05954567495382,2.555675815273343,13.143108264399705,51.70108554010747,0,2026-08-25 06:31:49
2024-01-11 19:10:00,CNC-02,M,299.7321832884008,313.35673125266294,2147.307527240472,29.03093990975178,86.04944684729762,2.7612068126935205,11.654253568294228,52.93163359737592,0,2026-08-25 06:31:49
2024-01-11 03:39:00,CNC-03,H,23.231424308310523,36.168881612891255,2330.1771299167094,25.837199360218303,8.153748751579757,2.911056152824395,11.391067969761988,55.181731021324474,0,2026-08-25 06:31:49
2024-01-11 13:21:00,CNC-03,H,295.17391218019856,310.0592896576523,1511.1999351115232,51.28443463402919,169.61883754601226,2.5592174614128975,14.438727996113288,61.92051296962646,0,2026-08-25 06:31:49
2024-01-11 15:33:00,CNC-01,L,299.1534594398276,312.6812390085645,1528.5225035478559,44.368026893343206,45.24044566386962,2.2287377088197373,12.912428353427881,54.249073157061645,0,2026-08-25 06:31:49
2024-01-11 07:56:00,CNC-02,M,295.4504672150879,310.84690999207027,1776.0831254021155,45.525228369663246,188.11734791519066,2.8519410549850797,15.206151838687582,56.61773694449509,0,2026-08-25 06:31:49
2024-01-11 09:38:00,CNC-01,L,296.2188777130851,311.1160588701174,1669.3924521897202,47.38946167181134,109.56068141499624,2.3799761184543353,14.513990141303818,59.69996720199905,0,2026-08-25 06:31:49
2024-01-11 18:34:31,CNC-03,H,298.05657257556345,312.043284071193,2133.8753794256445,31.522337340464173,111.69301207715871,2.773033575021763,12.582017288004307,52.2361463011682,0,2026-08-25 06:31:49
2024-01-11 04:05:00,CNC-02,M,296.4528378517788,309.24827474563637,2282.480981361444,23.160394478037105,99.95271332063484,2.837727102408523,10.02452477915556,55.108299370393645,0,2026-08-25 06:31:49
2024-01-11 02:58:00,CNC-01,L,24.563534802326558,38.47054006030015,2540.2726670755696,23.86947357491421,195.18905597648504,3.9426298978951433,11.390290010105616,56.79595355913528,0,2026-08-25 06:31:49
2024-01-11 02:52:00,CNC-02,M,23.935196205757848,36.44733097648839,2558.561727435255,20.77034041199018,14.609517164213178,3.1135703233470067,10.060352228176098,57.85436093914662,0,2026-08-25 06:31:49
2024-01-11 08:49:00,CNC-02,M,295.22341215252817,309.0623467989293,1645.6663732390812,40.88282862984384,18.080965327404506,2.2593916158435854,12.703404209759439,61.46222687559285,0,2026-08-25 06:31:49
2024-01-11 09:25:00,CNC-03,H,294.1342921207577,308.02082327431424,1487.18979196573,47.30211835787232,22.867928187040267,2.1172396846192187,13.15746822426198,59.805445890575875,0,2026-08-25 06:31:49
2024-01-11 13:39:00,CNC-01,L,298.0814497719248,312.27288653089283,1342.9763323923864,53.95585043447797,77.27346642598636,2.0904332252136446,13.80918858827208,56.72461864481216,0,2026-08-25 06:31:49
2024-01-11 21:38:00,CNC-03,H,297.4067391516448,309.8270004028966,2533.9557838048436,17.79050121379434,109.23997545855849,3.213871532411203,8.465702047747198,54.516618634629076,0,2026-08-25 06:31:49
2024-01-11 04:23:00,CNC-02,M,296.1228373148049,309.3034943519304,2434.663458678782,22.434494195742587,121.6908543661424,3.0333229854814876,10.186226704909895,58.6640274192579,0,2026-08-25 06:31:49
2024-01-11 21:40:00,CNC-03,H,297.5150106044356,310.4202001295968,2501.542555239049,21.655848044514745,111.47928220612548,3.0672127407959477,10.166932395971516,49.41590845688337,0,2026-08-25 06:31:49
2024-01-11 11:53:00,CNC-02,M,296.70339454403296,310.9196451926053,1462.813633360247,48.37659622201448,76.04080468028549,2.1801349868900997,13.175073355339169,56.6238177162378,0,2026-08-25 06:31:49
2024-01-11 01:22:00,CNC-01,L,298.2781947161748,310.2576446121312,2671.97482670519,17.12970943735798,89.04591144962669,3.3053766923266013,8.822071711252025,54.78258720517424,0,2026-08-25 06:31:49
2024-01-11 21:59:00,CNC-01,L,300.30702925768514,312.78251644034816,2643.0528477197427,17.558388035857348,60.04592657187317,3.297783716440213,8.613217807780725,50.24086265702761,0,2026-08-25 06:31:49
2024-01-11 18:33:00,CNC-01,L,299.97933490549383,314.08006402725897,2165.604704954944,34.28958483637734,58.16976091282511,2.874335970942559,13.94059083772384,51.18710550114398,0,2026-08-25 06:31:49
2024-01-11 12:18:00,CNC-02,M,296.8425967267311,311.1029356136769,1373.1611309493092,50.541295332429776,115.7357258596153,2.1574398094307408,12.976699089781917,54.172958888645645,0,2026-08-25 06:31:49
2024-01-11 08:20:00,CNC-01,L,296.30081088369946,311.59754300996764,1558.388445494695,51.24111221769598,225.6429511067132,3.3540011524453845,14.866321924489903,56.971439387112326,1,2026-08-25 06:31:49
2024-01-11 19:52:00,CNC-01,L,300.3332894904189,314.2311827623572,2412.882152483658,26.75757252519789,156.04284923564788,3.339924129724778,11.953477254853402,50.472783177308635,0,2026-08-25 06:31:49
2024-01-11 02:18:00,CNC-01,L,298.2600829405086,311.09725771590206,2522.2368008090925,20.031641463547903,150.39834173036635,3.3170595240756273,9.686334641131431,54.20008506760387,0,2026-08-25 06:31:49
2024-01-11 08:50:00,CNC-01,L,296.35417047613834,311.14074803918214,1726.541627257763,47.38382647140691,36.065318717277364,2.431885499368287,15.57576536035256,58.567630238040636,0,2026-08-25 06:31:49
2024-01-11 13:14:56,CNC-01,L,297.97996392264423,312.0220319904893,1408.6803232292975,49.62054902655383,37.99567649723836,19.489919967380764,13.01856619646183,55.24545742287122,0,2026-08-25 06:31:49
2024-01-11 06:48:00,CNC-02,M,295.71864302050756,310.1395327998876,1879.6521044026845,39.218338012641404,91.66002577671522,2.527820091489345,13.776332801620516,61.33194500040492,0,2026-08-25 06:31:49
2024-01-11 16:27:00,CNC-02,M,299.10287285076237,313.3815511837202,1709.2815021226997,41.26011555521077,72.96195956877544,2.3118039215023893,13.22860514614163,52.38224010918843,0,2026-08-25 06:31:49
2024-01-11 18:23:00,CNC-01,L,26.999877658564003,40.25197116160092,2196.9015966336774,28.076033178996195,45.246058812744586,2.8373444373802865,11.583585268978116,51.9951461594357,0,2026-08-25 06:31:49
2024-01-11 23:24:00,CNC-02,M,298.80022533444867,310.6952686399919,2701.6485016616916,12.883848228902359,124.72562319207049,,6.819350942056508,54.529825618917634,0,2026-08-25 06:31:49
2024-01-11 02:57:00,CNC-01,L,24.265157950393245,38.085013023182455,2480.2238822997792,24.528243682996823,194.0513634215821,3.8104993266695155,11.212817661743362,57.6746172025462,0,2026-08-25 06:31:49
2024-01-11 19:45:00,CNC-02,M,299.8676735456655,313.66389260405566,2261.1424934039333,26.894110616563538,129.0466584531733,2.9811632451057966,11.04870483316064,54.80401730139587,0,2026-08-25 06:31:49
2024-01-11 06:46:00,CNC-02,M,,309.6570697615422,1852.796158389441,38.49749961512355,88.92169471693255,2.702790040370915,13.116770368793576,64.1963365189308,0,2026-08-25 06:31:49
2024-01-11 06:39:04,CNC-02,M,295.3118892987115,309.3824938921943,1955.0207439695273,34.4352362175264,79.27621180034912,2.569937538410207,12.791517536723772,62.97733004101678,0,2026-08-25 06:31:49
2024-01-11 02:06:00,CNC-01,L,298.4390885327487,311.3856741625042,2690.407182198707,19.903002144054636,137.0575724549702,3.371116853921843,10.247596205190698,52.298484615953306,0,2026-08-25 06:31:49
2024-01-11 03:55:00,CNC-03,H,296.26992251609414,309.03784978944066,2316.2901912850343,24.296364733070106,830.7716135032559,2.900202885831221,10.435218436682804,56.00250083263159,0,2026-08-25 06:31:49
2024-01-11 14:26:55,CNC-02,M,297.76269228650926,312.4743676149153,1550.4788685238461,49.11556942357341,114.22230339332111,2.302396712931102,14.271168336958397,59.560749148471174,0,2026-08-25 06:31:49
2024-01-11 10:12:00,CNC-03,H,294.59672053177604,308.89228022164684,1437.2945892576183,50.366708392769894,95.80974580654173,2.0715660535100455,0.0,61.53745909860273,0,2026-08-25 06:31:49
2024-01-11 09:58:00,CNC-01,L,296.26827387087405,311.2773494441557,1538.3169861817462,50.84016843077002,140.67469574659896,2.4574163118448755,14.830717906518576,63.41962900494931,0,2026-08-25 06:31:49
2024-01-11 05:18:00,CNC-02,M,295.65419590946874,311.1872410071351,2150.1880860855968,38.49701016036521,191.06560995054747,3.312385149470399,15.689814502092094,65.61523453973669,0,2026-08-25 06:31:49
2024-01-11 07:00:00,CNC-02,M,295.7163241336265,309.8257977248264,1936.996193401189,34.04951217411325,108.45400592121312,2.6292730868440537,12.350408066267232,57.60662433457973,0,2026-08-25 06:31:49
2024-01-11 02:57:00,CNC-03,H,23.74672232538461,37.96566859240011,2570.0821974102587,26.027107491572725,211.9370458831369,3.7370675236548427,12.58748607622472,59.41929678707507,0,2026-08-25 06:31:49
2024-01-11 00:25:00,CNC-02,M,298.8154309633563,310.6078453290929,2705.7580525013404,14.442681286278823,75.9346048718018,3.291236994321537,7.448883625121026,50.63876659767395,0,2026-08-25 06:31:49
2024-01-11 11:49:00,CNC-02,M,296.7534945047363,311.0356304232803,1354.2968602260926,52.33620754035718,69.68322964326546,2.125825399527776,13.176707689858645,56.073632042105736,0,2026-08-25 06:31:49
2024-01-11 10:45:00,CNC-02,M,295.85931309775697,310.7341817064891,1389.6110139384089,53.54231589066634,198.06292143410903,2.701953771349222,13.57770933328107,60.79267765340033,0,2026-08-25 06:31:49
2024-01-11 21:25:00,CNC-02,M,6958.357445789104,313.21054480911675,2481.633959822639,22.413062557689635,245.04280149149974,4.122668586961101,10.43725859885104,55.018428417237985,0,2026-08-25 06:31:49
2024-01-11 01:33:00,CNC-02,M,298.3708925329922,311.5315507851308,2551.7027235638056,21.34354593972331,148.59449169053042,3.4411503162557633,10.415995466162052,47.872668682518366,0,2026-08-25 06:31:49
2024-01-11 14:00:00,CNC-01,L,298.46409937453234,312.7100253921261,1335.4300944910626,52.598321022647845,110.39126641790192,2.2110379082406384,13.068564802761294,54.62747852490958,0,2026-08-25 06:31:49
2024-01-11 11:46:19,CNC-03,H,294.55793862244633,308.0085346166936,1401.5597327894811,47.52650178226349,17.514388687246758,2.0626805698973216,12.333033720974933,61.269795123768624,0,2026-08-25 06:31:49
2024-01-11 05:37:00,CNC-03,H,295.4854793580495,309.9939534230393,2136.9596468019595,34.43507570597016,154.17259361631298,30.082478737019226,14.110959927761959,61.3204130176455,0,2026-08-25 06:31:49
2024-01-11 00:22:00,CNC-01,L,298.61415670449435,310.0400152415179,2718.3070475196314,12.725998881014922,24.815190596843564,3.272828121262191,6.513028336096024,56.98333454344288,0,2026-08-25 06:31:49
2024-01-11 19:22:00,CNC-03,H,297.7338508138491,311.0643924799864,2379.8255822453107,24.53370769214029,172.22920153044095,3.2128331121774427,11.14837373701933,54.01749607353761,0,2026-08-25 06:31:49
2024-01-11 14:52:00,CNC-02,M,298.140187145957,313.32689089893563,1638.7494743504114,46.56456376818107,154.2038788585017,24.49899330626594,14.064348255580152,55.70497982554918,0,2026-08-25 06:31:49
2024-01-11 00:26:00,CNC-01,L,298.8083758532141,310.49760936609715,2829.746774665251,14.823624279381342,29.15853266083886,3.2928909045196417,8.120674074111182,52.32506995528729,0,2026-08-25 06:31:49
2024-01-11 22:49:37,CNC-01,L,300.20346416708986,311.94542125247403,2790.182506486169,13.14236836647233,115.51724324116738,3.3582182862994716,7.028668955883388,49.6891959978631,0,2026-08-25 06:31:49
2024-01-11 07:07:00,CNC-01,L,296.24144937206296,310.95961395201675,1792.0920881922925,42.55245880252909,119.9332595492565,2.6185226087319347,14.254099990216831,57.82124103060782,0,2026-08-25 06:31:49
2024-01-11 18:04:00,CNC-02,M,26.5998745597513,40.75323186057784,2003.7528337213835,35.85938917066782,1.3382644932018948,2.6747741667779277,13.586949381847361,52.2299379620352,0,2026-08-25 06:31:49
2024-01-11 16:21:00,CNC-03,H,296.70705704646963,311.61536606099855,1710.674159697704,43.49059500782295,183.4564033623023,2.8354473314255797,13.890785199649141,57.769321356836066,0,2026-08-25 06:31:49
2024-01-11 23:56:00,CNC-03,H,296.8131604408463,309.9892897989358,2813.200697566845,17.0574297813986,257.61008778218735,,8.954801532008632,55.83171247068008,0,2026-08-25 06:31:49
2024-01-11 08:54:00,CNC-03,H,294.4497756153127,309.14987666365215,1591.789522860103,44.473805019824056,199.8701747086619,2.7034612637573385,13.37308886951413,59.40569449228759,0,2026-08-25 06:31:49
2024-01-11 13:24:00,CNC-01,L,297.8958519734648,312.2750428269791,1524.2473285050987,48.17934833056395,53.68394961799269,21.628593341580174,13.807926038884938,49.896416689875835,0,2026-08-25 06:31:49
2024-01-11 14:38:00,CNC-01,L,298.7895479796542,313.9470577428531,1552.8001144747561,51.479937752220074,169.20831214442057,2.815028126308759,14.92301472889367,56.17599277034466,0,2026-08-25 06:31:49
2024-01-11 22:28:00,CNC-02,M,299.13489554695036,311.7244336929253,2599.7067571917473,17.557168476871972,64.56381018986383,3.1520045987940466,8.350749527002172,51.96468836393472,0,2026-08-25 06:31:49
2024-01-11 16:03:00,CNC-01,L,299.92759879084764,313.820964786008,1578.81186787142,42.40045577269619,89.28385158628708,2.2007266563872694,12.635874534255642,52.825681775679215,0,2026-08-25 06:31:49
2024-01-11 02:28:00,CNC-01,L,297.76117091431047,311.23257530755035,2570.0315744913355,23.02275988460706,161.44961507168534,3.4994250750410703,11.112702125166585,52.336588785685755,0,2026-08-25 06:31:49
2024-01-11 02:27:00,CNC-01,L,298.05947417138293,310.24532161637785,2672.6429085517243,15.338081785992156,160.31899978011006,3.6945895765192796,7.594280407495791,52.830599182240796,0,2026-08-25 06:31:49
2024-01-11 17:18:00,CNC-01,L,300.35336877127986,315.21772368548716,1983.1373375055641,37.78491332127007,195.67541261267826,3.2691939385093765,13.916588440539282,51.26294489194,0,2026-08-25 06:31:49
2024-01-11 19:49:00,CNC-02,M,300.0245740319653,313.97016167446895,2275.2992746630553,27.2751059568668,133.93878403619632,3.012250294991915,11.460499070741456,53.45991295813688,0,2026-08-25 06:31:49
2024-01-11 03:56:00,CNC-03,H,296.53149419298273,309.7750960899222,2332.9057666187678,26.45560158189369,28.144750203651366,2.9259693286915938,11.500426948923447,59.274173008668875,0,2026-08-25 06:31:49
2024-01-11 19:28:00,CNC-01,L,299.9771855104202,313.9239859115981,2312.8153360983047,29.433632425328202,126.91912312777417,3.127615839960126,12.399441818956262,51.738887976193155,0,2026-08-25 06:31:49
2024-01-11 19:39:00,CNC-02,M,299.9344759262938,313.9701595298528,2187.5292742007227,29.18523187500337,121.82281297130838,2.8897576095666087,12.044331608221624,51.008917130418574,0,2026-08-25 06:31:49
2024-01-11 05:44:00,CNC-02,M,295.53869751028594,308.95223220992204,1896.4882045299828,34.53427795342059,5.2914304558835115,2.456039626873467,12.32271044060641,52.321256068247685,0,2026-08-25 06:31:49
2024-01-11 22:27:00,CNC-01,L,300.31910542080044,312.88591202545257,2692.918400618059,18.25849925024006,90.58176734349445,3.336743090562887,9.155435645201802,47.511443717382996,0,2026-08-25 06:31:49
2024-01-11 05:56:00,CNC-03,H,295.16005193006674,309.28756887230276,2078.7749913676253,30.05480215519246,179.0019045565879,2.9905524137663657,11.715205120641834,63.91285527116439,0,2026-08-25 06:31:49
2024-01-11 21:20:00,CNC-02,M,299.5686878955926,313.7126561686045,2510.421665622407,23.041154236873748,239.41621312718493,4.247600642421745,10.862047852858801,50.47776145602113,0,2026-08-25 06:31:49
2024-01-11 00:24:00,CNC-03,H,299.0664639299672,310.52349896002556,2764.295567860423,14.339400239016982,44.785702739813885,3.337393133269954,7.57371498753622,57.14774771824061,0,2026-08-25 06:31:49
2024-01-11 12:42:00,CNC-03,H,300.50912631952934,308.63839087557363,1421.0950532406562,48.63882919787228,107.92530965504417,2.1647453763268807,13.146665249616952,55.1229149449812,0,2026-08-25 06:31:49
2024-01-11 11:31:45,CNC-01,L,297.06692659361767,311.8340294110085,1416.1794427519133,54.46254790109528,98.26801256583916,2.1727859556652045,14.158218204623168,58.05751709575092,0,2026-08-25 06:31:49
2024-01-11 23:25:00,CNC-01,L,299.7579639336585,312.9473804290707,2827.4295942459526,18.64164675218326,152.8772074446389,3.613083772005953,10.1063091719714,60.57553869953777,0,2026-08-25 06:31:49
2024-01-11 10:55:00,CNC-03,H,294.72669738799897,309.5257837719975,1486.7852200672885,52.112852810132964,163.58831106136142,2.3961040826918256,14.45671855172631,58.1841143936149,0,2026-08-25 06:31:49
2024-01-11 19:17:00,CNC-01,L,300.12279282530693,314.13396788905095,2113.457505444858,31.538567607745897,113.5418382713339,2.7660502330179044,12.600147067805763,53.96706830725151,0,2026-08-25 06:31:49
2024-01-11 08:19:02,CNC-03,H,294.4993978716864,309.05057136341225,1748.2637302863086,43.17872716719138,147.2957868274459,2.5996527088277905,14.088870440105998,60.847848411423946,0,2026-08-25 06:31:49
2024-01-11 09:17:00,CNC-02,M,295.5958510349059,,1578.8120642953215,48.39597509739927,60.77926051779939,2.116332131557199,14.248741509554021,58.413596918971045,0,2026-08-25 06:31:49
2024-01-11 12:40:00,CNC-01,L,297.12591065916877,311.93461174084115,1326.7740899333817,56.648913455316766,205.8520057003585,2.805965001552024,13.984861921635227,53.09927167747147,1,2026-08-25 06:31:49
2024-01-11 06:30:00,CNC-02,M,295.55770871881725,309.36739602531895,1890.05728341046,35.13096528975719,66.86206543919181,2.4408353072234203,12.285636059701647,59.466063886219835,0,2026-08-25 06:31:49
2024-01-11 07:10:00,CNC-02,M,295.5112729947372,309.89047578114935,1760.5657735699497,41.789612089506036,122.37061125195184,2.4713692005018992,13.695124356857827,60.804904085389445,0,2026-08-25 06:31:49
2024-01-11 22:18:00,CNC-02,M,299.01127543229103,310.6372971887757,2537.014334952058,14.139354327063794,53.686069032236915,3.065508305399665,6.661345197460229,48.80963388911701,0,2026-08-25 06:31:49
2024-01-11 06:23:00,CNC-02,M,295.5602676048552,309.9961085760006,2027.9560749997918,37.03232424827807,57.283410207423486,2.6381859869928093,14.052526765939295,62.90187744446976,0,2026-08-25 06:31:49
2024-01-11 00:44:00,CNC-01,L,0.0,310.665860158479,2701.0391000800287,14.712695561139004,48.41374485085859,3.2637028234363306,7.644407747671954,48.66316335403562,0,2026-08-25 06:31:49
2024-01-11 01:24:00,CNC-01,L,298.5048277709686,310.99270592208103,2593.5831404204528,19.101261093530727,91.19421378645211,3.198066107558405,9.120451311696044,52.11859479641309,0,2026-08-25 06:31:49
2024-01-11 21:34:00,CNC-02,M,299.3535745129764,311.57932072897046,2535.799346357894,17.798012045839066,5.546317882408161,3.090793875327039,8.444319441859784,55.04074130693638,0,2026-08-25 06:31:49
2024-01-11 19:11:00,CNC-02,M,299.7163660022572,313.3115343787557,2094.239903370991,,87.34060858889384,2.693236787570478,11.283463150040403,49.622016371808314,0,2026-08-25 06:31:49
2024-01-11 23:31:00,CNC-02,M,298.8498930940377,311.58954151404174,2648.887480398691,16.277917388727424,132.187444523462,3.3748697104497256,7.8771474838054125,53.89343790021478,0,2026-08-25 06:31:49
2024-01-11 03:44:00,CNC-02,M,23.575340286248036,37.54123651172739,2315.241658583846,29.082324734242984,74.98802200012773,2.927717107049174,12.60185238901426,57.25189838005183,0,2026-08-25 06:31:49
2024-01-11 17:08:57,CNC-03,H,297.1761309878977,312.7151771093846,1817.6992707107008,45.06426138592738,249.97021803203316,3.484062518141841,15.2697669221186,58.85378404582872,0,2026-08-25 06:31:49
2024-01-11 18:06:00,CNC-02,M,26.67490602504057,40.57456970157227,1990.4921454724044,32.65676896334218,3.961602004125325,2.615641352853135,11.9849198673404,53.90800845501395,0,2026-08-25 06:31:49
2024-01-11 14:33:00,CNC-03,H,295.4221957664433,310.1460225569759,1620.3730723114886,50.51413150791282,21.572073602318152,2.2847195104576774,15.381456940979481,58.752778366858855,0,2026-08-25 06:31:49
2024-01-11 22:22:00,CNC-02,M,298.95747674004383,311.32606750431495,2819.8224450909543,16.160635583861428,58.03830953402998,3.34577840871332,8.547958940849004,51.52303229699078,0,2026-08-25 06:31:49
2024-01-11 09:54:00,CNC-02,M,295.6819762289805,310.708304325204,1580.9235529196837,50.40606628224114,118.03109595231236,2.4752876754281368,14.606032050266068,59.197978893894444,0,2026-08-25 06:31:49
2024-01-11 23:53:00,CNC-01,L,299.6730843536987,,2691.870261581083,19.495039211592207,182.78943297936195,3.8855245637324294,9.88540771693231,54.076293294564024,0,2026-08-25 06:31:49
2024-01-11 09:50:00,CNC-03,H,294.2095311710657,308.86548619475,1559.6607740944014,49.10382781086906,0.0,2.2008156850077323,14.3361744117259,58.0456756044305,0,2026-08-25 06:31:49
2024-01-11 14:10:00,CNC-01,L,298.92118207865053,313.3466637498769,1448.9327170468132,49.57586716979774,126.09260672812778,2.316140185749989,13.640671415384288,57.14725964650058,0,2026-08-25 06:31:49
2024-01-11 22:44:00,CNC-03,H,297.3451285538958,309.5706678058443,2667.9571148617943,16.13571035634068,180.990065412139,3.5232370521811185,8.102960728902374,53.92110764972203,0,2026-08-25 06:31:49
2024-01-11 17:24:00,CNC-01,L,27.389413222873202,42.573894885007235,1944.9630012875275,40.431488851613715,203.81270260375604,3.4209524224515984,14.716323843522378,51.20372926480423,0,2026-08-25 06:31:49
2024-01-11 08:56:00,CNC-03,H,294.39715381410264,309.20440629337253,1547.006596427241,48.42124576336081,202.91611085411674,2.7746454553900706,13.878239473451925,58.3424520059867,0,2026-08-25 06:31:49
2024-01-11 00:48:00,CNC-03,H,298.57470527035787,311.06343384718906,2744.520092280048,18.587770741816673,70.2158609087385,3.3365272178091967,9.607276116894997,53.10681365540086,0,2026-08-25 06:31:49
2024-01-11 03:55:00,CNC-01,L,297.26174919643586,310.11211611244903,2371.414185708678,23.04093280863605,62.478975099621735,2.8741397890391007,10.053069868454305,56.17551744601114,0,2026-08-25 06:31:49
2024-01-11 20:57:00,CNC-02,M,299.5950756091893,314.00541475078023,2475.091588583029,25.433922423061954,213.69103904826602,3.8926506513650323,11.826420695536257,50.551055962206476,0,2026-08-25 06:31:49
2024-01-11 10:49:00,CNC-03,H,294.64743139574404,308.86549652032863,1372.7881862102734,49.7805797514071,154.11788542663334,2.3025666686879,12.654022548931044,58.872052747634214,0,2026-08-25 06:31:49
2024-01-11 00:20:00,CNC-02,M,298.9722981654912,310.93463798581513,2852.713871022938,14.270278075051078,70.64252719164766,3.4043031239272614,7.683815915173367,55.13002614744377,0,2026-08-25 06:31:49
2024-01-11 22:41:00,CNC-02,M,299.0110347579288,310.9463849181824,2715.4643435161956,14.213095745807323,78.58006228209925,3.3316074797459834,7.320216287688066,55.39110814703594,0,2026-08-25 06:31:49
2024-01-11 03:05:41,CNC-02,M,23.835753132424145,36.816256609906304,2500.6838167699902,22.676285846759427,29.58522724419276,2.96608642861265,10.565352670574198,55.4387226345913,0,2026-08-25 06:31:49
2024-01-11 08:26:00,CNC-01,L,296.37965449852385,310.42158659555344,0.0,45.00674082247596,0.0,2.2863539584992876,13.292174126122834,59.16154519143063,0,2026-08-25 06:31:49
2024-01-11 22:55:00,CNC-02,M,298.51332972310723,312.3236588210721,2602.1253004204264,23.049108220257978,93.83288778976721,3.0862464636260607,11.060229602009029,54.57526973379613,0,2026-08-25 06:31:49
2024-01-11 16:37:00,CNC-02,M,298.8020832548035,7562.86432023652,1862.781125482092,42.236201674244555,87.19701845475944,2.5544417037039264,14.840156943883347,56.02600271365346,0,2026-08-25 06:31:49
2024-01-11 18:15:00,CNC-02,M,31.967741294805478,39.56024500005344,2191.599204397521,30.13714735689514,15.931550612119796,2.678811963818549,12.140687456572309,40.27622966331757,0,2026-08-25 06:31:49
2024-01-11 19:54:00,CNC-03,H,297.90544410651785,311.77431842321033,2389.353048139391,25.394679546269042,211.1851778511545,3.5310829206239474,11.271493922145197,55.361962973024895,0,2026-08-25 06:31:49
2024-01-11 10:33:00,CNC-02,M,296.12768498678247,310.93905159108584,1366.646674307133,53.528092683903985,179.24178950814942,2.409198668805748,13.704467578944564,55.58647223339798,0,2026-08-25 06:31:49
2024-01-11 07:06:00,CNC-03,H,295.08822068495226,307.9817661075535,1627.518652083907,35.6672298693475,41.87115146367203,2.2093163011341774,10.802100990464755,60.31349771470243,0,2026-08-25 06:31:49
2024-01-11 16:56:00,CNC-02,M,299.07444205575547,313.59470688641125,1877.691507848074,38.231226375316275,114.04857197839372,2.523031699749076,13.43713208445049,52.13109599548642,0,2026-08-25 06:31:49
2024-01-11 08:13:00,CNC-01,L,296.54975090365247,311.17320412015846,1643.57360411693,42.59259739812531,215.2743512262819,3.2383393116116426,13.084107586220547,58.37983580764425,0,2026-08-25 06:31:49
2024-01-11 16:24:00,CNC-02,M,298.83098469418917,313.02248965325845,1791.6911505570413,38.534144439278286,68.6803790971105,2.4812420487640656,12.771345350864651,53.416046560009754,0,2026-08-25 06:31:49
2024-01-11 13:42:00,CNC-02,M,297.0487961217597,311.05597521799916,1523.1811965048537,45.987170254338885,45.62695684079263,2.134728837825178,12.93810831301895,,0,2026-08-25 06:31:49
2024-01-11 22:51:00,CNC-01,L,300.2487053549087,311.92530958762103,2750.244417965549,12.523109080887094,116.55463380908978,3.4537894697995037,6.530174869819807,53.883973092965554,0,2026-08-25 06:31:49
2024-01-11 12:10:00,CNC-03,H,300.36996295040774,308.37923189272436,1518.6623772248302,44.91463692936304,57.11988369744791,2.308145050492779,12.565767591115407,46.24547548180677,0,2026-08-25 06:31:49
2024-01-11 16:23:00,CNC-03,H,296.7724160899638,311.4046349891073,1735.7732535332302,41.62867637363193,186.34202606317476,2.812670889738019,13.547538892987008,60.89941151179427,0,2026-08-25 06:31:49
2024-01-11 10:28:00,CNC-02,M,296.07540606626145,310.723844173797,1425.728990636392,51.68129863790261,171.3751013014642,2.4471410561545652,13.720092747497695,53.93995120193427,0,2026-08-25 06:31:49
2024-01-11 10:50:00,CNC-03,H,294.61322758716585,309.2496583977093,1450.5541262149914,49.90212739340723,155.68554830615906,2.290122555934863,13.76763082401816,59.00755863778523,0,2026-08-25 06:31:49
2024-01-11 03:29:00,CNC-03,H,23.754619588615526,37.97343885066118,2484.671812013306,26.024168600963485,248.57027366800585,4.2152868006441135,12.320138751741606,58.470429030525786,0,2026-08-25 06:31:49
2024-01-11 21:25:00,CNC-03,H,297.5405227038541,310.27380130482607,2417.4224653179895,21.52847193232328,94.70880408901239,3.1095567921396157,9.565102650118204,60.275332581919756,0,2026-08-25 06:31:49
2024-01-11 09:52:00,CNC-03,H,294.43204993444766,308.6629024193521,1566.7860650728057,46.127577013408484,64.57066691378783,2.211736859127661,13.485936745789662,59.776020397307114,0,2026-08-25 06:31:49
2024-01-11 08:40:00,CNC-03,H,294.3184969754713,308.39138490600453,1501.8089405462588,46.05820030399186,178.65782638723522,2.573062880998386,12.952519474230705,63.95175013554193,0,2026-08-25 06:31:49
2024-01-11 12:56:00,CNC-03,H,295.0976697769105,309.26820388041926,1396.7290099291208,48.285799944235784,130.11194086162845,2.2303719090093383,12.55034079856694,62.79212246731639,0,2026-08-25 06:31:49
2024-01-11 12:19:00,CNC-02,M,296.8737506953394,311.51452022305955,1434.4894490506308,51.314346790851076,117.31608379604685,2.113705766626087,13.985567588330335,60.68900828837479,0,2026-08-25 06:31:49
2024-01-11 11:48:00,CNC-01,L,297.0960682109132,311.6492179351827,1473.8378823417631,51.605167017385874,123.41026436504632,2.325031005089846,14.323586097039342,56.89549971742738,0,2026-08-25 06:31:49
2024-01-11 06:52:00,CNC-03,H,295.0924844257831,308.60894657714925,1860.3404637395465,35.79261194345307,22.126410787620614,2.5113959488193203,12.452068232445125,65.25653399262319,0,2026-08-25 06:31:49
2024-01-11 00:01:00,CNC-01,L,298.7875490980991,309.1786224395474,2780.6073241286394,10.378320944036346,2.5980171315180485,3.2554771205893362,5.272758652363165,47.95794061673151,1,2026-08-25 06:31:49
2024-01-11 11:28:00,CNC-02,M,296.1882328964186,310.2874812853055,1385.1981897341282,50.85270615568052,36.39850333642025,20.642240884530253,13.177222419156669,59.915561521715034,0,2026-08-25 06:31:49
2024-01-11 16:45:00,CNC-02,M,299.19841183634543,313.6340103981982,1852.7583631470595,39.21030030874027,98.52236444754503,2.6369696071584294,13.441444099202656,55.76769269782136,0,2026-08-25 06:31:49
2024-01-11 10:47:00,CNC-01,L,296.76969531880593,310.99796624237837,1404.104109642637,53.3889741703431,26.84454075381711,1.9943414858747646,13.781301476066073,58.33208028057548,0,2026-08-25 06:31:49
2024-01-11 05:37:00,CNC-01,L,302.02732997382356,310.9873103950971,2070.41668361981,36.88172103056139,189.80224976019392,3.3496532800335888,14.300421057097543,45.129521894096,0,2026-08-25 06:31:49
2024-01-11 20:05:00,CNC-02,M,300.11900005020954,313.54056932347294,2443.4999914228665,21.50463196431345,153.0726050980118,3.3050690762554495,9.90118714862559,56.26942657250514,0,2026-08-25 06:31:49
2024-01-11 20:27:00,CNC-01,L,,313.93250946178773,2405.746616653175,25.351813380209986,197.52987410933267,3.6873405200923153,11.465530441588701,50.09367723928062,0,2026-08-25 06:31:49
2024-01-11 09:45:00,CNC-02,M,295.4390980022595,309.9681088997691,1516.9735222125203,49.63524161756855,104.05245009494179,2.107553527242443,14.08642035444841,62.42977470908663,0,2026-08-25 06:31:49
2024-01-11 13:21:00,CNC-01,L,297.95281766392304,,1356.8860903527363,48.67579169253831,48.99634504089221,2.1319360881332545,12.181415620332393,53.84482332537303,0,2026-08-25 06:31:49
2024-01-11 12:42:00,CNC-02,M,296.8376007280087,311.792510312995,1495.3790590479714,50.977550733935104,153.79995402596995,2.4156477607165896,14.415133880114265,59.67815589415259,0,2026-08-25 06:31:49
2024-01-11 14:44:00,CNC-02,M,297.760843417627,312.5755283975634,1508.8514861998794,48.49876173002821,141.98628583597184,23.665255147466365,13.62651725532331,58.82510402950774,0,2026-08-25 06:31:49
2024-01-11 03:54:00,CNC-03,H,296.5126144520951,309.97219355386994,2345.6341120010134,27.11539847177029,25.73677119868486,28.05640337707992,12.193052039648684,56.49906290004142,0,2026-08-25 06:31:49
2024-01-11 10:42:00,CNC-02,M,295.8537018392802,310.79118517416634,1381.3919286189075,54.09515709008395,193.35379474784526,2.565050843499716,14.009612201313262,66.72959678217515,0,2026-08-25 06:31:49
2024-01-11 04:20:00,CNC-01,L,296.9297071619556,309.9643657674161,2584.5417119952735,21.426289078685905,92.68120637360951,3.2074892230484044,10.134754128390444,55.492538711354065,0,2026-08-25 06:31:49
2024-01-11 18:58:00,CNC-03,H,298.0377730084819,312.02424496388744,2135.145558197181,30.37231637092775,142.17768445980377,2.9097690299217853,12.191795044067481,58.26603143283213,0,2026-08-25 06:31:49
2024-01-11 15:45:00,CNC-02,M,298.28010793335903,312.6227776039116,1629.33241882115,46.29128158196911,11.844300621460683,2.2697426492846335,14.091284039290738,54.94490020216586,0,2026-08-25 06:31:49
2024-01-11 14:55:00,CNC-01,L,298.7647708406214,313.92276223627175,1453.359425854018,53.12718079009938,195.40951653630447,2.8865206379626267,14.320177461059963,54.338291883351516,0,2026-08-25 06:31:49
2024-01-11 07:07:00,CNC-02,M,295.69084374389286,310.7116406438308,1820.6220582646731,44.419330797401194,118.11440755561063,2.558950816261986,15.368315230963775,57.673637275153716,0,2026-08-25 06:31:49
2024-01-11 19:02:00,CNC-02,M,299.75697047758257,314.13396265552063,2168.6111133010772,32.624679782369725,76.04696633790547,2.6525878330688277,13.480751034094865,50.50616417961117,0,2026-08-25 06:31:49
2024-01-11 07:19:00,CNC-03,H,294.7944286752847,308.9811750936293,1945.117394552829,36.57891560108685,60.20029490164767,2.6319555405021395,13.061650330330863,59.262149068790585,0,2026-08-25 06:31:49
2024-01-11 02:54:00,CNC-01,L,24.644899398499035,39.323198108283805,2349.5098179573565,29.928043242679053,190.61488073116635,3.6796028826530485,13.256371839047267,57.574214839976726,0,2026-08-25 06:31:49
2024-01-11 17:16:50,CNC-02,M,299.4755985048547,7568.912455185002,1901.4467415705838,37.80231635676186,143.31662208783942,2.6968861075185226,13.389844522423727,45.344935412791685,0,2026-08-25 06:31:49
2024-01-11 01:37:00,CNC-01,L,298.46981866750724,309.47817637459366,2709.0869140649024,11.699174122159528,105.46040125407833,3.3426975242685284,6.0621604041234445,53.13619297160308,1,2026-08-25 06:31:49
2024-01-11 23:30:00,CNC-03,H,297.0344275277727,310.3874769291318,2794.1721005977324,19.41285894625849,230.06109595736137,4.192209150339759,9.972409897967074,60.82307807174153,0,2026-08-25 06:31:49
2024-01-11 11:34:00,CNC-02,M,296.34869305592173,310.8648245904703,1402.0518417003857,54.52372904086046,45.94009418939639,2.1328522595579713,13.977542372984502,56.68041618759601,0,2026-08-25 06:31:49
2024-01-11 13:06:00,CNC-02,M,296.8710555237323,311.8228826776317,1362.2695226405049,54.287647162356905,191.82318695356005,2.5231773539674864,13.829333500868467,57.55051667439734,0,2026-08-25 06:31:49
2024-01-11 07:31:00,CNC-02,M,295.49806778521383,310.47939649905356,1784.4367020823822,42.9470072938968,152.05391680099203,2.614983330121144,14.334458552168394,57.49974242977039,0,2026-08-25 06:31:49
2024-01-11 03:36:00,CNC-01,L,24.20888536963804,37.64551476126513,2498.2853182630256,25.51812799185975,40.20138085317458,3.021022904716892,11.938448706340584,61.479614104740506,0,2026-08-25 06:31:49
2024-01-11 12:35:00,CNC-01,L,297.36462651289145,312.9223582096509,1453.8041806576737,57.02228080950556,197.85325421365906,2.8927969242187443,15.683607364436904,54.23523936071111,1,2026-08-25 06:31:49
2024-01-11 04:03:00,CNC-03,H,296.33796301534966,309.4504149408792,2356.7414996329962,24.66395085962809,36.594961363987146,2.764638235087074,10.72838938625179,56.90961557104704,0,2026-08-25 06:31:49
2024-01-11 02:55:00,CNC-02,M,24.10614612860701,35.653531324533105,2557.423618572871,15.626157127219853,18.03821092706843,3.1071133356602347,7.298099421016546,56.77608417949314,0,2026-08-25 06:31:49
2024-01-11 21:16:00,CNC-01,L,300.4416421661957,313.12194379393964,2516.512837965792,21.723864681928017,12.497396706878696,3.050162445492753,10.219461067929378,50.91205482088778,0,2026-08-25 06:31:49
2024-01-11 16:54:00,CNC-02,M,299.28877252949553,314.6415943844048,1791.8970167671196,45.675181551669894,111.26966070107576,2.4802151655131293,15.405066945885915,52.950448840518696,0,2026-08-25 06:31:49
2024-01-11 20:01:00,CNC-03,H,298.1531811857052,312.75378589030754,2335.548471778341,30.621621917946648,219.60702852658576,3.55434922761557,13.082701030606485,52.65066313039347,0,2026-08-25 06:31:49
2024-01-11 13:47:00,CNC-02,M,297.165808681535,310.7773331342981,1415.2346232286927,46.415965114025866,53.42495346763399,2.0083086858732364,12.407779481762146,55.083966048753965,0,2026-08-25 06:31:49
2024-01-11 06:56:00,CNC-03,H,294.99658977225243,308.8810675777332,1789.4410200160519,38.70158987027636,27.692470459678265,2.530370596287816,12.971124022774418,53.49032851675566,0,2026-08-25 06:31:49
2024-01-11 07:26:00,CNC-01,L,296.54544900379994,310.6285558188467,1779.808021748661,37.64911309056595,146.96938232638425,2.7434123565378883,12.702951172543743,59.71970112883339,0,2026-08-25 06:31:49
2024-01-11 11:24:37,CNC-03,H,294.2507553305134,308.945054804365,1350.2168566866394,52.44104061366959,212.47135470587418,2.5301118077410627,13.17058292486932,67.3764883765803,0,2026-08-25 06:31:49
2024-01-11 03:02:00,CNC-03,H,23.737919220528454,37.490944064925884,2408.5430238468957,25.119512363200034,217.66614956795806,3.6671381321694456,11.51077846413632,59.83869314350672,0,2026-08-25 06:31:49
2024-01-11 23:46:00,CNC-03,H,297.1469338729991,310.62447167063596,2664.286008401444,19.39638477133258,247.05677357680008,4.275767812719415,9.7611077406772,55.94302082606695,0,2026-08-25 06:31:49
2024-01-11 08:52:00,CNC-01,L,296.27729518425826,310.40305326310136,1502.7572254713739,,39.112320841966145,2.1202546691491135,13.146121477215765,56.96383485236186,0,2026-08-25 06:31:49
2024-01-11 15:46:00,CNC-01,L,299.53112818154074,313.9974774440635,1754.3565253731524,43.34621144802658,64.4251254455058,2.4434097940362514,14.221587166377228,50.82766683599321,0,2026-08-25 06:31:49
2024-01-11 21:36:00,CNC-02,M,299.59182804944004,311.51867712907296,2583.198098574204,16.57780705710931,7.74818735172601,3.1406078814817664,7.980786342742757,54.3613020085081,0,2026-08-25 06:31:49
2024-01-11 17:17:00,CNC-03,H,297.3035877666984,310.9989643052135,1849.399773048914,36.96798811785934,8.367616868465607,2.51699534524032,12.505508436887402,54.72205462501814,0,2026-08-25 06:31:49
2024-01-11 16:56:00,CNC-01,L,300.29233173242824,315.26541714940475,1929.1818766993542,39.70053402537319,165.1588704067434,2.9451292282290265,14.376529811391594,47.12248101072814,0,2026-08-25 06:31:49
2024-01-11 19:24:00,CNC-01,L,300.1852790632782,313.1347214239761,2245.1042064314943,24.157852345984207,122.02008880833779,3.0143929934971383,9.845885723635735,53.84900304352979,0,2026-08-25 06:31:49
2024-01-11 15:59:00,CNC-02,M,298.97992810735303,313.03794659816367,1747.3308111006795,41.3451272719328,32.37983788841141,2.3022041938773437,13.57502298059145,50.87187668277312,0,2026-08-25 06:31:49
2024-01-11 03:10:00,CNC-03,H,23.758364901463665,37.18349559699476,2439.243289447438,22.53806118371049,226.75660622035613,3.846459824210363,10.064851182041352,57.771715609024355,0,2026-08-25 06:31:49
2024-01-11 22:06:00,CNC-02,M,299.0151403400714,310.6542985341101,2707.037782052071,14.14958989946974,40.661426210434485,3.3125390896409077,7.0114460062233315,55.48698937912765,0,2026-08-25 06:31:49
2024-01-11 14:45:00,CNC-02,M,297.6738153373087,312.43953283810225,,50.03521596569681,143.56678289054992,2.3939848083236597,13.320527125985206,,0,2026-08-25 06:31:49
2024-01-11 13:03:00,CNC-02,M,296.80130794771645,311.91281132806733,1434.9167554652438,52.72691040654627,187.04813193812262,2.6261021515975758,14.090158988368177,56.81564483299238,0,2026-08-25 06:31:49
2024-01-11 20:03:00,CNC-02,M,299.81177597173996,313.99383818786663,2407.4580766685367,26.24915705212411,150.74767949485172,3.3376222454316884,11.686102507057962,48.765881436335334,0,2026-08-25 06:31:49
2024-01-11 16:34:00,CNC-03,H,296.6596054577704,311.08033171835797,1745.3428435144563,39.466989660554894,202.14841428762728,2.829215479610368,13.01778541614881,59.40238379242165,0,2026-08-25 06:31:49
2024-01-11 21:41:00,CNC-03,H,297.59526321137696,311.29939769539726,2496.93390397042,25.280065080486075,112.62060651093961,3.210106315465894,11.979615485670625,55.02978679084856,0,2026-08-25 06:31:49
2024-01-11 18:31:00,CNC-02,M,305.1252521029727,313.1377221876369,2268.621372070086,29.505815238746223,36.68944147310667,2.809927592222598,12.379196553047464,40.26898662552961,0,2026-08-25 06:31:49
2024-01-11 03:20:00,CNC-03,H,23.258245293087953,37.882701774022564,2552.7851664561626,26.943137657886986,238.22697393674238,3.9953085099934054,12.77436540683734,57.24034646849571,0,2026-08-25 06:31:49
2024-01-11 15:30:00,CNC-01,L,299.1785222836647,313.1655270343908,1579.765382296054,44.50302753442668,40.79725591035752,2.294149298273913,13.164033282602515,50.74569732729959,0,2026-08-25 06:31:49
2024-01-11 16:57:00,CNC-03,H,296.9801157288755,312.0767720808066,1980.1457779571424,37.57793270273614,234.5692807636636,3.4442181181777785,14.065942670741807,61.26402375959492,0,2026-08-25 06:31:49
2024-01-11 00:25:00,CNC-03,H,298.71401225996175,310.1602989451538,2773.610112447583,13.46819836687819,45.81570273981389,3.311466470999361,7.138031835169358,53.661993615825956,0,2026-08-25 06:31:49
2024-01-11 03:03:32,CNC-01,L,24.581736084473164,36.61748000802555,2545.9052784515234,18.126663048993457,3.3583569832714426,3.0831697015097306,8.496065976609197,56.81528311921632,0,2026-08-25 06:31:49
2024-01-11 12:33:00,CNC-01,L,297.2494629048412,311.55284558889883,,49.51141524200522,194.65325421365907,2.641296926537463,12.388907272533135,59.20989729421022,0,2026-08-25 06:31:49
2024-01-11 16:36:00,CNC-03,H,296.35615161146984,311.88718230475746,1788.2030340118174,46.62885764552454,204.97874534760126,2.958315248966344,15.650238349605875,63.95023102772729,0,2026-08-25 06:31:49
2024-01-11 08:19:00,CNC-01,L,296.3115461769459,310.7693944780807,1577.4196104299765,44.22701788649928,224.1118384749111,3.3058334460474175,13.108601305690415,58.345532848866,0,2026-08-25 06:31:49
2024-01-11 11:12:00,CNC-03,H,294.4561883180676,309.26457865036366,1429.041785109413,52.89944728855288,190.42977544242083,2.542409582416106,14.162271490275153,62.59097685536596,0,2026-08-25 06:31:49
2024-01-11 08:06:00,CNC-02,M,295.2430584892673,310.5740501714123,1701.0467339754643,45.20676612693537,202.84782875177743,3.0087588302657156,14.509727516392871,63.77682926922019,0,2026-08-25 06:31:49
2024-01-11 22:08:00,CNC-02,M,299.1434064210526,310.6476709046444,2670.6778637931025,12.523253253062006,42.81493501390166,3.3408583653736543,6.328836213692335,52.86085461833992,0,2026-08-25 06:31:49
2024-01-11 19:28:00,CNC-02,M,300.01864427898687,315.08679954313845,2164.282788983009,36.293713639932925,108.30049786032968,2.8518815277742937,14.685565852334781,46.39432526111098,0,2026-08-25 06:31:49
2024-01-11 01:58:00,CNC-02,M,297.7691447457243,310.6062269606622,2595.3853910567336,19.190995996508736,175.89320336156396,3.5501283816395124,9.56490224712564,55.00340777259041,0,2026-08-25 06:31:49
2024-01-11 13:27:00,CNC-02,M,297.30337020978425,311.0733087414228,1505.8552763918892,46.71255977145415,22.102036074446783,2.0673098609758225,13.42703295064072,53.72138477293928,0,2026-08-25 06:31:49
2024-01-11 15:26:00,CNC-03,H,296.3925128934365,310.7711899888675,1748.0539062103608,41.871725086025535,102.34346701446898,2.4855333515542117,13.950998680880115,63.43083457756773,0,2026-08-25 06:31:49
2024-01-11 13:35:00,CNC-03,H,294.9298742772883,309.2884756851261,1306.7496313456445,52.209358458383655,191.72172946450996,2.3300108648200766,12.806038666515416,63.84742251825233,0,2026-08-25 06:31:49
2024-01-11 10:30:00,CNC-02,M,295.81844477141914,310.37844998566004,1317.3895664762422,51.05441404690015,174.56394830373938,2.3731931758359837,12.575445168625317,58.58249213138652,0,2026-08-25 06:31:49
2024-01-11 22:18:00,CNC-01,L,300.44927861098495,312.50709497590657,2674.7701149057075,16.75910425452236,80.92611007629799,3.250906243661297,8.610436295947261,54.69914085620814,0,2026-08-25 06:31:49
2024-01-11 02:11:00,CNC-01,L,298.0634650405904,310.9337511698174,2502.6879153688906,19.918313055196066,142.65806195790353,3.2122889509808923,9.418908705999165,50.97900097806456,0,2026-08-25 06:31:49
2024-01-11 19:25:00,CNC-02,M,299.91307738713255,314.31691387929584,2190.6117041800767,32.00389508778682,104.57448478090171,2.9259772646776643,13.174184642903601,50.42249408229229,0,2026-08-25 06:31:49
2024-01-11 21:17:00,CNC-01,L,300.2472614015021,312.7157617704459,2477.1628429348857,21.17984534526191,13.637660049910568,2.9703045759921856,9.479620940829333,55.17685750589165,0,2026-08-25 06:31:49
2024-01-11 21:01:00,CNC-03,H,297.75533975674904,309.9009415307205,2389.9759227733007,18.641180690634293,67.51866725775422,2.938605715850199,8.412447385102311,56.540512547768415,0,2026-08-25 06:31:49
2024-01-11 11:21:00,CNC-03,H,294.3276542191704,309.12062440714453,1473.2265218306604,48.50751715917883,204.6509268665925,2.772285442982513,13.526008110197154,58.847474772165754,0,2026-08-25 06:31:49
2024-01-11 02:25:00,CNC-03,H,297.0028951734407,310.7096999199358,2611.244397137673,22.923940628378414,175.69393022505727,3.555563731643349,11.460053416780278,58.65007226862297,0,2026-08-25 06:31:49
2024-01-11 03:41:00,CNC-03,H,23.426458970606063,34.88028089934653,2550.512458056748,14.581517037555615,10.41742879393153,3.1273186722773656,6.955486013284013,61.38607026088986,0,2026-08-25 06:31:49
2024-01-11 18:33:00,CNC-02,M,305.3474211155641,312.95169236630113,2138.4431694523873,28.641317618696572,39.26381317786913,2.7671211698695126,11.20909106626916,41.26349048666393,0,2026-08-25 06:31:49
2024-01-11 02:42:00,CNC-02,M,24.091037135962438,35.47808215342144,2631.421736892609,14.49323224382595,3.35249511715346,31.839898518496355,7.246840746982388,51.33931173763959,0,2026-08-25 06:31:49
2024-01-11 19:57:00,CNC-03,H,297.765880197445,311.88296628369005,2474.5351076497423,25.653211107136293,214.83144054529893,3.511037041900619,12.015533316416992,55.97583095590289,0,2026-08-25 06:31:49
2024-01-11 01:46:00,CNC-03,H,297.8684067400992,310.8359397640505,2652.4008667933826,18.28978688445786,132.6934297626005,3.283952079700344,8.907678675377081,55.36193133679426,0,2026-08-25 06:31:49
2024-01-11 10:56:00,CNC-03,H,294.6635330582712,309.34838284034845,1458.6029321539963,50.4312681025204,165.1521249984464,2.377323098395713,13.820940707652355,62.35709087435496,0,2026-08-25 06:31:49
2024-01-11 10:18:00,CNC-02,M,295.59177171200554,310.0908348335564,1310.9403893046335,52.771598559646876,155.67422032058144,2.33711437361126,12.882247362537612,63.57211984342939,0,2026-08-25 06:31:49
2024-01-11 20:29:00,CNC-02,M,299.4643580425993,313.7173362729422,2280.825125030649,27.04675673393778,181.38375941788877,3.4374891146412097,11.74950236992677,48.15091730687687,0,2026-08-25 06:31:49
2024-01-11 08:03:00,CNC-01,L,296.14410582669643,310.8591496960437,1748.1892467506043,42.85386666636509,200.55839663105982,3.1583042874195724,13.845561134488774,55.965733463054036,0,2026-08-25 06:31:49
2024-01-11 00:17:00,CNC-01,L,298.7616193192363,310.26808101497744,2666.724840499081,15.69468215337304,19.581564796789646,3.255397600964657,7.640220323933329,51.10971063719951,0,2026-08-25 06:31:49
2024-01-11 08:45:00,CNC-01,L,296.22805581463336,309.95799723159814,1537.2811652153398,44.25358932975798,28.56305271290636,2.227103722260278,13.055637411857887,53.12797850007498,0,2026-08-25 06:31:49
2024-01-11 21:00:00,CNC-03,H,298.03541556344305,310.2706866053023,2624.7598612303273,17.813712314894026,66.37728749690041,3.0822578910859537,9.063083219100719,53.75470495959271,0,2026-08-25 06:31:49
2024-01-11 22:20:00,CNC-01,L,300.5395993708048,312.82282826157,2657.6624649367454,17.310859823882158,83.0700106790028,3.1831453933808533,8.520496796161536,51.35092467724695,0,2026-08-25 06:31:49
2024-01-11 22:15:00,CNC-01,L,300.225233291164,311.7980856982042,2628.9479788084086,14.476263475497628,77.65933234907686,3.206045026160605,7.166749466776272,49.134073853853856,0,2026-08-25 06:31:49
2024-01-11 19:13:00,CNC-02,M,299.7163977511561,313.311190583327,2123.6950300602507,28.108749007989445,89.87394858894882,2.74764689937106,11.178829545029593,51.980630363379476,0,2026-08-25 06:31:49
2024-01-11 00:00:00,CNC-01,L,298.981200816126,310.8658854347509,2569.062204924632,,1.5616615169484918,3.1518382361480994,8.952002469184867,53.00864412676455,0,2026-08-25 06:31:49
2024-01-11 19:50:00,CNC-02,M,299.8647712751573,314.38501469989745,2547.795008893783,26.255433133574492,135.07360627336513,3.253940524703153,12.628506266249307,51.180655366533124,0,2026-08-25 06:31:49
2024-01-11 04:32:00,CNC-02,M,296.18252901400774,309.7070183887713,2209.940481785622,25.701292739304424,132.79121729574197,2.9587847625830497,10.39135749791774,55.18889552736914,0,2026-08-25 06:31:49
2024-01-11 14:52:00,CNC-03,H,295.6572584505678,309.4994825962974,1465.7276827150047,48.93862387741853,50.81692758856985,2.1394199351590326,13.487131261727885,56.167908464304986,0,2026-08-25 06:31:49
2024-01-11 18:18:00,CNC-02,M,32.33401897297381,40.23738386112029,1947.256696665852,,19.81376337158089,25.18367319531149,12.312975883431633,36.90195883089196,0,2026-08-25 06:31:49
2024-01-11 19:27:00,CNC-02,M,299.8731594872339,313.4739579904441,2263.3535601928893,25.19378626518251,107.03533462202381,2.962372341067172,10.59386664063834,47.84013649915411,0,2026-08-25 06:31:49
2024-01-11 14:03:00,CNC-02,M,297.2595301214629,311.2231731613423,1405.4465137446732,47.94135874996352,78.47990163934999,2.1256252984581265,12.40314773343607,54.47029421175959,0,2026-08-25 06:31:49
2024-01-11 08:17:00,CNC-01,L,296.4123223764538,311.4707516706413,1519.3223875220942,49.01689978572163,221.16528554852738,3.1297940323503,13.705800004734797,59.349789703379415,0,2026-08-25 06:31:49
2024-01-11 18:06:00,CNC-01,L,27.499372574392737,41.04316121877537,2112.881106110438,31.279845977463523,22.756855491748627,2.8712843084993627,12.433009034473102,48.871392385793655,0,2026-08-25 06:31:49
2024-01-11 06:59:00,CNC-02,M,295.54524112628445,309.56615015810974,1975.1830060835248,34.77864446323104,107.06352956421878,2.7555076104322773,12.799974642451149,58.77821619005265,0,2026-08-25 06:31:49
2024-01-11 18:29:00,CNC-01,L,300.4378886795393,313.49264069023684,2249.8057241580673,25.707655713289505,53.02742365842839,2.8402934546644163,10.969893135879671,47.382098774401086,0,2026-08-25 06:31:49
2024-01-11 04:31:00,CNC-01,L,296.4832640150012,310.2950556767276,2454.875820142028,26.44266015191733,106.13871309989146,3.1565690068900905,11.754201501888916,56.4914551782515,0,2026-08-25 06:31:49
2024-01-11 03:15:00,CNC-03,H,23.423770831061233,36.75114771502348,2602.519350830811,19.93332545135179,232.4518869736333,39.204906533213226,9.64827515405053,56.66252952208628,0,2026-08-25 06:31:49
2024-01-11 03:32:00,CNC-01,L,24.070783700034667,37.424038574557926,2481.267494217838,25.192834657311145,35.603608060126135,3.1534170317079493,11.399433498669248,57.51911867516877,0,2026-08-25 06:31:49
2024-01-11 18:36:00,CNC-02,M,305.3335711534889,312.99307253405226,2257.9796310667393,27.95563404505616,43.151390398493675,2.8214588771758815,11.983595732993917,42.266503085891934,0,2026-08-25 06:31:49
2024-01-11 00:49:00,CNC-02,M,298.70001391391344,309.97558726536965,2809.6588773582844,10.652134234903897,101.57811280621698,3.3223009059652426,5.542746678602763,49.54492192294988,1,2026-08-25 06:31:49
2024-01-11 10:13:29,CNC-02,M,295.8619428950459,310.2683428538897,1444.2365907253288,46.528041866252714,149.363992168339,2.322800347073449,12.634629389697505,58.251178360277855,0,2026-08-25 06:31:49
2024-01-11 06:39:00,CNC-03,H,295.3374467732338,309.20650585559224,1830.3766502012795,39.8672909178628,4.184166551776639,2.466401743611707,13.372117027480767,60.9216708562172,0,2026-08-25 06:31:49
2024-01-11 22:17:00,CNC-03,H,297.1349725253272,309.47678872056093,2781.551413271104,15.907457818850212,152.06087596896649,3.5704629773889325,8.260504611763333,54.105437438427906,0,2026-08-25 06:31:49
2024-01-11 08:08:00,CNC-03,H,294.943684705266,308.6343963996864,1663.763669263038,37.10004803521582,131.07873974868383,2.4185371984493007,11.382423046999964,56.33185434871229,0,2026-08-25 06:31:49
2024-01-11 22:41:00,CNC-01,L,300.1634989313286,311.66962192375576,2687.099084197073,13.39227348882447,105.79531282218207,3.41101648345935,6.359093068905126,55.10811787281748,0,2026-08-25 06:31:49
2024-01-11 19:40:00,CNC-02,M,300.05642127611344,313.55083273776387,2302.956559101224,24.69075089610011,123.02961865570221,2.9968224187404857,10.55245638794541,47.45917798178005,0,2026-08-25 06:31:49
2024-01-11 17:02:00,CNC-01,L,300.3494833600892,315.0525692474152,1782.2078874240508,41.89062754618178,173.56681057448012,2.8450016693552835,14.03145280928374,50.485005063771666,0,2026-08-25 06:31:49
2024-01-11 22:58:00,CNC-02,M,298.87657426858993,310.69252655224085,2593.8570839193153,14.211051978068003,97.13151250754144,3.297894986522373,6.5560322332570244,51.47992784488698,0,2026-08-25 06:31:49
2024-01-11 20:13:00,CNC-03,H,297.8505171464277,310.502079485538,2443.0964339139414,23.590729744305783,11.87600348048549,2.9912596057155723,10.849208236759836,60.07494908857069,0,2026-08-25 06:31:49
2024-01-11 21:33:00,CNC-01,L,300.256812594971,311.4076534565408,2720.8429485021056,12.645839467608,31.64558624023096,3.2385571287361445,6.5298053292481475,53.69738157196732,0,2026-08-25 06:31:49
2024-01-11 18:43:00,CNC-03,H,298.0539069172421,312.24320266314726,2057.6251619518525,33.316287403410705,123.25984476446459,2.745976246012305,12.838917713555544,52.38785290064914,0,2026-08-25 06:31:49
2024-01-11 23:52:00,CNC-03,H,296.6619236156984,309.4252099653221,2769.0536816806034,15.480904349085579,253.41750976938692,4.294143352035815,8.077255960580118,55.310727248456956,0,2026-08-25 06:31:49
2024-01-11 21:55:00,CNC-03,H,297.5326737787447,309.9503502002152,2532.9412981846044,19.1379697345873,128.10598839465055,3.3243732410922164,9.059625270728693,54.678674567547255,0,2026-08-25 06:31:49
2024-01-11 11:02:00,CNC-02,M,295.99703357325086,311.3675494079833,1347.3595869264793,57.13163679682198,225.02546932196788,2.9158536437951743,14.694335910232509,60.29947994866601,1,2026-08-25 06:31:49
2024-01-11 10:36:00,CNC-01,L,296.6960246773231,310.45363337486566,1449.6011455713726,50.34317512851095,9.512078431699718,2.1112744493909976,13.660014276405587,51.43941804129791,0,2026-08-25 06:31:49
2024-01-11 09:41:00,CNC-01,L,296.3800574275993,310.60794559255146,1430.861402488252,49.05629977322926,114.2389992807493,2.299167453508218,13.295453661625181,54.407237146785,0,2026-08-25 06:31:49
2024-01-11 07:24:00,CNC-02,M,,310.1593765721775,1772.4655827880458,42.25981106743033,142.1554119169867,2.6226963472521105,13.665803824178424,55.89841599665357,0,2026-08-25 06:31:49
2024-01-11 14:39:00,CNC-02,M,297.83603230515394,312.17814958859066,1453.0461586481351,48.0154650009157,134.32183756938588,2.2700703536435314,13.056216686794915,52.16033994022483,0,2026-08-25 06:31:49
2024-01-11 20:39:00,CNC-03,H,298.0603882844129,310.2958040505481,2531.8565855978713,19.62201766061568,42.227906781874424,3.087986399102573,9.423997457698144,58.06412639968931,0,2026-08-25 06:31:49
2024-01-11 06:55:00,CNC-01,L,296.2788540229103,310.5706743918344,1750.269724124091,41.64700359293838,103.15315059782158,2.44581187547573,13.857155405368193,56.44762962376671,0,2026-08-25 06:31:49
2024-01-11 20:34:00,CNC-01,L,300.5236804085624,314.9941433595348,2226.7917116257477,30.297899652558808,205.84098955118122,3.6005453710543875,12.604631151353257,49.60327706833734,0,2026-08-25 06:31:49
2024-01-11 00:10:00,CNC-02,M,298.83537610140195,310.7111729686122,2704.3856076031525,16.342574722973108,60.10875044143218,3.187392960489168,8.313026305803128,54.48908576292836,0,2026-08-25 06:31:49
2024-01-11 06:19:51,CNC-03,H,295.2016670873543,310.361750541465,1907.5336305896371,40.93875378981174,212.82750515588026,3.2494856799130236,14.81347271735359,65.16699744285496,0,2026-08-25 06:31:49
2024-01-11 09:12:00,CNC-02,M,295.78333702954717,310.2291535261482,1513.7180483627135,48.705291497678026,53.1360491899197,2.2384047507373106,13.673179150430995,61.698361625333185,0,2026-08-25 06:31:49
2024-01-11 17:31:00,CNC-01,L,27.25579675822746,41.69030845319662,1867.9365961345534,35.68529983493207,213.4789083912406,3.4035640427088643,12.595334491883554,57.21301581384544,0,2026-08-25 06:31:49
2024-01-11 06:00:00,CNC-01,L,301.8240768358457,309.81082091647545,1999.9955876098988,34.21098221711479,28.898802315456617,2.5562871873833704,12.958609728664053,47.794062322545315,0,2026-08-25 06:31:49
2024-01-11 20:45:00,CNC-02,M,299.62454354779834,313.83399390879447,2477.86413481631,24.888053688792326,199.8151088608092,3.6779554209822356,11.782940811531443,49.2982090647359,0,2026-08-25 06:31:49
2024-01-11 03:55:00,CNC-02,M,296.79197995411613,310.12553609295327,2405.323321856106,25.12345495065657,87.99707206604877,3.0132130109097264,11.47481756050272,54.37058321093712,0,2026-08-25 06:31:49
2024-01-11 08:26:00,CNC-03,H,294.66983812751334,309.4377565497257,1659.4142307761308,46.34411326913188,157.66949526170544,2.6349954614348143,,63.56079144767466,0,2026-08-25 06:31:49
2024-01-11 15:51:00,CNC-01,L,299.6768815139958,313.7192034567364,1587.2382089751006,44.386535093606305,71.73967320422221,2.242689226709527,13.32995878867707,53.68035141202474,0,2026-08-25 06:31:49
2024-01-11 11:06:24,CNC-03,H,294.34587173155967,308.91930203493695,1348.7310481773313,52.87607331662395,179.38376543499498,2.4219680447147773,13.490380366643965,62.98433859020942,0,2026-08-25 06:31:49
2024-01-11 23:46:30,CNC-01,L,299.65615266472923,312.502564279057,2641.4707419849497,19.071800592194588,176.3317732731675,37.0945697329935,9.452698637849599,54.53989348694657,0,2026-08-25 06:31:49
2024-01-11 02:36:00,CNC-02,M,297.44263537131025,311.3471649652976,2486.2570805493788,24.394234238719413,218.2044078986018,3.7189474352721064,11.29705163066128,56.66679155580388,0,2026-08-25 06:31:49
2024-01-11 02:53:34,CNC-01,L,24.436616634269512,37.73054356962558,2619.3209492974747,20.1366460283593,189.39873685843415,3.8385367546123113,9.848649867396484,54.797625730641634,0,2026-08-25 06:31:49
2024-01-11 10:50:00,CNC-02,M,295.6376849383453,310.6074809184122,1408.1201387956805,50.9123911235352,205.96663892753259,2.8095642535864536,13.453501807178919,61.84183662090714,0,2026-08-25 06:31:49
2024-01-11 09:54:00,CNC-03,H,294.29485954579945,308.70997216093093,1415.338271984268,51.80447802940726,67.76058718171302,2.0179956892592075,14.02614519315246,61.66005541518498,0,2026-08-25 06:31:49
2024-01-11 18:34:00,CNC-01,L,300.37310223671057,313.9306033354126,2144.9055054791475,29.402830594532652,59.4354499207097,2.8204431356630013,11.748868222650879,51.952351627717235,0,2026-08-25 06:31:49
2024-01-11 11:08:00,CNC-02,M,296.0628381731595,310.4706852645485,1489.5505810331751,49.86801134365811,4.754106915839806,2.16624749390865,13.86888455620791,60.046626022054866,0,2026-08-25 06:31:49
2024-01-11 22:46:00,CNC-03,H,297.25376910309126,310.09330103704633,2668.3189189657464,18.060394740305966,183.16175130891173,3.6239094120543576,9.179383340712077,57.377396421311246,0,2026-08-25 06:31:49
2024-01-11 02:53:00,CNC-02,M,24.26500476497307,35.923296582826595,2476.062480421433,17.605372093166707,15.758160409141993,30.226502674038237,7.944976023914639,56.30677630589954,0,2026-08-25 06:31:49
2024-01-11 20:06:00,CNC-02,M,300.028779816246,314.31251660753765,2406.3497018635894,823.9974112087973,154.25704404397086,3.3851308300527347,12.107763520056682,51.34299576290309,0,2026-08-25 06:31:49
2024-01-11 01:40:00,CNC-03,H,297.7725876252544,310.2337580222874,2528.0803462706513,19.51466407186909,126.13319768433801,3.1271742403222205,9.074542702721303,52.264103372699324,0,2026-08-25 06:31:49
2024-01-11 22:53:00,CNC-02,M,298.7810886553034,311.81243216455323,2654.256484671054,20.04538389081258,91.63297999247061,3.2241164795961406,9.9473150154774,51.346300413264395,0,2026-08-25 06:31:49
2024-01-11 08:26:00,CNC-02,M,295.2898428486625,310.56522937331215,1674.1023292735993,45.72509232608038,232.5674634354196,3.3050278998048803,14.508903309816539,61.806313567903196,0,2026-08-25 06:31:49
2024-01-11 21:13:00,CNC-03,H,297.93257650223114,310.78394829542884,2621.267637541727,20.004457177504648,81.00927168793682,3.1441392021880326,9.804891320579328,54.144661285912065,0,2026-08-25 06:31:49
2024-01-11 02:51:00,CNC-03,H,23.849515981102343,37.837513855524264,2483.849389916942,25.625576897573552,205.06774589483757,3.5896562570726394,11.614745981328992,57.825068806278594,0,2026-08-25 06:31:49
2024-01-11 08:18:00,CNC-01,L,296.4231455047659,312.05643932545183,1699.5004980536721,47.852955261503794,222.6296644042434,3.4097633749683736,15.233459615845026,55.54474528308791,0,2026-08-25 06:31:49
2024-01-11 09:21:00,CNC-01,L,296.2088294516003,310.6209272074244,1604.1865067884894,45.881344650457685,83.24819928116266,2.3644713891869054,13.832453784187223,58.9743235511437,0,2026-08-25 06:31:49
2024-01-11 13:25:00,CNC-01,L,297.95409507763594,312.19193108158925,1379.7846194745086,54.707221675129404,55.28394961799269,2.019840912381078,14.09238713612158,47.22668861894244,0,2026-08-25 06:31:49
2024-01-11 01:57:00,CNC-03,H,297.40167038001067,310.40147034176715,2665.470098838153,20.08612943183548,144.79444917539217,3.461057322292026,9.823737128106915,59.08681918372355,0,2026-08-25 06:31:49
2024-01-11 11:35:00,CNC-01,L,297.18052298461527,311.58010493528377,1390.4306312303033,54.29595219790049,103.01108189477577,2.2442295314547436,14.191127915670537,55.414167414565384,0,2026-08-25 06:31:49
2024-01-11 14:06:17,CNC-03,H,295.52632996193904,310.83365098146817,1575.0724241874318,50.209390808144285,241.96742587527416,3.1020260179098833,14.571913364645745,60.19499302165804,0,2026-08-25 06:31:49
2024-01-11 12:00:00,CNC-01,L,297.2942752905542,311.85615058019243,1378.105840939519,52.51658929000173,142.39693864235966,2.327878386167179,13.869262505731717,53.843281823991376,0,2026-08-25 06:31:49
2024-01-11 01:57:00,CNC-02,M,297.7417778907445,311.5299079151772,2480.574964774937,24.443047392371223,174.76625526686706,3.4516038678296574,11.350823912610588,56.742900299452145,0,2026-08-25 06:31:49
2024-01-11 17:22:00,CNC-02,M,26.192078300270055,41.39303545954175,2013.1871652982102,39.270640170939394,150.20310387072752,2.902778286205828,14.760050724624223,51.31112755931294,0,2026-08-25 06:31:49
2024-01-11 18:57:00,CNC-01,L,300.26808931193216,314.1015313932086,2179.024332227291,29.987653385047953,88.61897746321247,2.816232409335969,12.057291556797802,49.28284152518936,0,2026-08-25 06:31:49
2024-01-11 06:52:53,CNC-02,M,295.48430293482124,309.7551528407918,1878.1984756546556,36.38822502156421,97.24918694268818,2.606283230090569,12.766114313886812,55.99665678104235,0,2026-08-25 06:31:49
2024-01-11 04:08:00,CNC-03,H,295.99433997511795,309.52886829297603,2282.6812314117965,28.1500552300662,42.603099106688944,27.81941930205828,12.002404192297904,58.28217529707668,0,2026-08-25 06:31:49
2024-01-11 20:37:00,CNC-03,H,297.9161027123937,310.73738007134693,2547.628595405427,21.196801869433067,39.882583230841405,3.159105170340453,9.832283115804804,57.49793659454213,0,2026-08-25 06:31:49
2024-01-11 12:16:00,CNC-03,H,300.30492820169,308.1341750029897,1358.143035489886,48.3046295132392,66.69849833345206,2.11476974646706,12.254739538275903,50.22509088550685,1,2026-08-25 06:31:49
2024-01-11 07:18:00,CNC-03,H,294.73304099796263,309.0497879989721,1880.468097454263,39.26342173290218,58.79747401583041,2.507128212418567,13.830049681906582,62.417606869641894,0,2026-08-25 06:31:49
2024-01-11 12:15:00,CNC-01,L,297.19793313914187,311.8389482724877,1338.115228828995,53.32211234519568,166.1502204196185,2.5011723571002573,13.237543705324796,55.898910037814964,0,2026-08-25 06:31:49
2024-01-11 18:05:00,CNC-03,H,24.728302310228287,38.68611461245405,2187.645011004599,31.162092796813305,73.61333549970877,2.792344121302718,12.892475794999253,53.057329514319704,0,2026-08-25 06:31:49
2024-01-11 01:20:00,CNC-02,M,298.34352637495516,311.3021596890582,2578.6398515525343,19.244727098029365,134.5871622537469,3.3008894986657804,9.245231071183676,52.23420065702801,0,2026-08-25 06:31:49
2024-01-11 11:52:00,CNC-03,H,299.9159465306902,307.69455897818733,1398.1665374731783,50.65777844390897,28.67574384603896,2.009918033244678,13.200325190146897,55.87179472077455,0,2026-08-25 06:31:49
2024-01-11 00:15:36,CNC-02,M,299.07987235301744,310.4359644371838,2748.957339484389,11.929169766233175,65.36934916861077,3.2831076407909703,6.223971209572105,54.9975172576898,1,2026-08-25 06:31:49
2024-01-11 19:40:00,CNC-01,L,300.04282181915823,314.0910417700029,2249.8327296088073,29.434497992626614,141.44370608399242,3.1167261556944403,12.240136142948046,51.42687597587012,0,2026-08-25 06:31:49
2024-01-11 10:13:00,CNC-03,H,294.25317401493146,308.6352484258286,1420.1734874905724,51.90441076700399,97.3764290024258,2.124040695201435,13.752974432727813,60.34761326085556,0,2026-08-25 06:31:49
2024-01-11 17:15:00,CNC-02,M,299.14817382631804,314.40672508505406,1907.2429312579018,40.9821036914116,140.5555056627122,2.7436792520730724,14.564154210433152,51.47727162238439,0,2026-08-25 06:31:49
2024-01-11 01:32:00,CNC-03,H,297.83939081855226,310.34092842799106,2600.406703179611,17.767481208787924,117.35965436200183,3.2246298365655264,8.387725273395231,55.723895390294686,0,2026-08-25 06:31:49
2024-01-11 03:45:00,CNC-03,H,23.351190689366092,36.04497203521947,2272.8934777785635,24.724697239793436,15.099902018383062,2.8684140834207064,10.3921247906554,59.207512717150394,0,2026-08-25 06:31:49
2024-01-11 01:22:00,CNC-02,M,297.88850825730725,310.2464915963447,2804.443353972111,15.354255686860178,136.69922212824142,3.5554234956624193,8.031040406618846,50.062456249670916,0,2026-08-25 06:31:49
2024-01-11 13:50:00,CNC-01,L,298.33490424556754,312.6223965165873,1412.3518829089167,51.35248134756777,94.62781366650414,2.260589648498738,13.670400812588898,57.024568174640855,0,2026-08-25 06:31:49
2024-01-11 11:08:00,CNC-03,H,294.73633823250276,309.3653373008856,1330.2816818054123,54.02783215888788,184.18376543499497,2.4210288504003907,13.0913324511422,60.2853575718706,0,2026-08-25 06:31:49
2024-01-11 15:59:00,CNC-03,H,296.27309181711223,311.65628907930557,1611.7075617669911,52.48740658779022,151.4088430664296,2.467877563515663,15.867312105930104,57.72583882798308,0,2026-08-25 06:31:49
2024-01-11 09:02:00,CNC-01,L,296.26739743152837,310.19847567735604,1613.4956946012803,45.48599502763995,54.16994861424345,2.2197342432688245,13.862195180100526,57.03428040318181,0,2026-08-25 06:31:49
2024-01-11 19:14:00,CNC-02,M,299.9102702981565,313.5718697516908,2336.1182855379247,27.635989628355357,91.10487907424617,3.0256546731568075,12.021296455069173,52.139084113861685,0,2026-08-25 06:31:49
2024-01-11 15:27:00,CNC-02,M,298.2408994520834,313.44490552861083,1579.0893984917166,47.46313455414333,207.18947196681015,2.88435450285045,14.067985657303145,53.327037758542055,0,2026-08-25 06:31:49
2024-01-11 06:33:00,CNC-01,L,296.43389735590563,310.43685538326037,1979.7844036255653,35.731755797816376,73.08568019952608,2.6863734514690476,13.3793096461859,59.54017914673068,0,2026-08-25 06:31:49
2024-01-11 22:18:00,CNC-03,H,297.22078332392044,308.5860210199218,2680.028420153475,13.108051125771746,153.11390137687056,3.305232086275227,6.642327171311609,51.91332128240389,0,2026-08-25 06:31:49
2024-01-11 16:47:00,CNC-01,L,299.94760693180984,314.0930134503953,1903.9806815771212,36.42503908125098,152.32215312531815,2.7798776845254665,13.085765868818587,54.98774486781222,0,2026-08-25 06:31:49
2024-01-11 15:37:00,CNC-02,M,298.5014588148121,312.44912191796146,1578.4099023456797,43.88055556723379,0.0,2.363536371106575,12.772024235573266,56.231724667719604,0,2026-08-25 06:31:49
2024-01-11 12:13:00,CNC-03,H,300.2519531409971,308.2981652098976,1406.9664407068603,50.615185294456005,61.919883697447915,2.127603102653426,13.44936386214187,53.61462863981771,0,2026-08-25 06:31:49
2024-01-11 12:09:00,CNC-02,M,296.6134631300101,311.25116327772685,1404.4784432803863,51.945886626383796,,2.280259610043814,13.64625852818533,57.976183743919506,0,2026-08-25 06:31:49
2024-01-11 03:24:00,CNC-01,L,24.12127712271075,36.26995183031818,2496.317938893621,18.034056724257432,26.308217183828734,3.003141075231959,8.454502902831265,54.786621928288284,0,2026-08-25 06:31:49
2024-01-11 12:43:00,CNC-01,L,297.64856364227404,312.185008886639,1339.430394780468,53.16367078826411,210.65200570035847,2.9176416091444803,13.409469525548788,56.920619824283456,1,2026-08-25 06:31:49
2024-01-11 14:34:00,CNC-02,M,297.8695868924223,313.0084382814719,1667.1245814057659,48.82899732054642,126.53931779496544,2.4815775968922367,15.286108868679777,53.74261467182395,0,2026-08-25 06:31:49
2024-01-11 20:38:00,CNC-01,L,300.4701331908139,315.0227188752372,2476.8818528441584,28.336366575026627,210.50805390850695,3.7988064579607133,12.991105169496283,55.400260027711276,0,2026-08-25 06:31:49
2024-01-11 06:36:00,CNC-01,L,296.65121836075656,310.64855697333564,1952.6740439002,35.14792447933037,77.20832656763949,2.613250661310176,12.78797625357292,58.923432285750785,0,2026-08-25 06:31:49
2024-01-11 09:57:00,CNC-01,L,296.5004994660882,,1490.0441223543853,48.644159248499975,139.11117680776522,2.416786630526461,13.788004175650968,57.556700319187776,0,2026-08-25 06:31:49
2024-01-11 11:59:00,CNC-03,H,299.9789215821133,307.82938189788433,1384.353929692459,49.35337157928947,39.726971755672025,2.091183474793878,12.756749255999493,51.58464237832659,0,2026-08-25 06:31:49
2024-01-11 21:45:00,CNC-02,M,299.00854877286093,311.29968535716915,2631.0839789371985,17.167475603084483,17.675502377101278,3.1157651905991335,8.596831048186502,58.66688413205597,0,2026-08-25 06:31:49
2024-01-11 08:29:00,CNC-03,H,294.74071897159206,309.31853449824223,1679.6351458341337,41.91214074704576,162.15282111614215,2.561239609659518,12.903256558311803,61.972467520545884,0,2026-08-25 06:31:49
2024-01-11 21:29:00,CNC-01,L,300.41134951665146,312.8170582384299,2586.810006344432,18.980610948708346,27.316343416211172,3.207248082626792,9.202218762993276,56.54790527777725,0,2026-08-25 06:31:49
2024-01-11 09:40:00,CNC-02,M,295.33170277194114,310.14500993213346,1659.8978896243123,46.99962603509534,96.28062298340022,2.291996012528929,14.553359588417045,60.14050833136919,0,2026-08-25 06:31:49
2024-01-11 05:21:00,CNC-01,L,296.67833961998724,310.05278268209406,2236.4034455162264,24.991096834273307,169.09574990002056,3.302534024004115,10.474372551325263,55.97627947725923,0,2026-08-25 06:31:49
2024-01-11 04:22:00,CNC-02,M,296.29180219929236,310.268569433077,2282.5861525610353,29.43241806115134,120.51622039083422,2.9380130108361686,12.628084544977266,57.693125200887486,0,2026-08-25 06:31:49
2024-01-11 03:09:00,CNC-03,H,23.309035438606088,37.83578654278608,2617.8187691211183,25.728873406746718,225.59231084816318,3.8454758340040485,12.54784206541917,55.07815082543107,0,2026-08-25 06:31:49
2024-01-11 12:19:00,CNC-01,L,297.3472672200724,311.90730438340296,1472.0103256850227,47.938673241875534,172.4611249007056,2.6556685617856943,13.120109627466688,57.76229350937292,0,2026-08-25 06:31:49
2024-01-11 19:42:00,CNC-02,M,300.0534245000574,313.88079925938155,2428.715685318647,25.212620993615058,125.41775652979915,3.1035769084859446,11.436962598408039,51.705615371189836,0,2026-08-25 06:31:49
2024-01-11 03:58:00,CNC-01,L,297.3363762078224,310.7806636333964,2325.0271097294662,27.10773443847884,66.07423543993008,3.0018614216221255,12.024046245422664,0.0,0,2026-08-25 06:31:49
2024-01-11 05:54:00,CNC-01,L,302.16887158319554,309.46637222084973,1992.1698376607596,32.096121587456615,20.93065928796239,2.6433203844150595,11.846669937089358,46.6394934389107,0,2026-08-25 06:31:49
2024-01-11 21:43:00,CNC-03,H,297.6656198928336,310.55192687106006,2541.6720639133137,19.819089519767235,114.89382350717322,3.202561689764279,9.236363422803715,56.71280918680802,0,2026-08-25 06:31:49
2024-01-11 10:15:00,CNC-01,L,296.54705068628346,311.1121569266928,1484.547549125129,49.47250640208135,167.21328547251747,2.6993310675195623,13.519736798145372,57.5712957609423,0,2026-08-25 06:31:49
2024-01-11 11:40:00,CNC-03,H,294.42578400549064,308.1149455121379,1452.9324188802116,48.68639780509061,9.525795083096346,2.1409756338643584,13.113563455321163,58.95913117669742,0,2026-08-25 06:31:49
2024-01-11 10:22:46,CNC-02,M,295.9491776851597,310.5511217512867,1377.2403482633656,52.0392379546104,161.95409154239445,2.418171774695524,13.72088523446746,56.65970913517486,0,2026-08-25 06:31:49
2024-01-11 19:53:00,CNC-02,M,299.6785955189381,314.2074249643925,2260.827953379778,31.101406625304,138.7170123256962,3.051442957639298,13.240646396777294,53.68161916690758,0,2026-08-25 06:31:49
2024-01-11 10:23:00,CNC-01,L,296.2840152927683,310.6014585318716,1305.0535348892904,52.58664705348518,179.79863184326314,2.412491211112613,12.801503287122012,55.02229541467826,0,2026-08-25 06:31:49
2024-01-11 13:38:00,CNC-01,L,297.9695804110419,311.49968292706706,1400.5442555926672,46.34110315593782,75.67346642598636,20.597329579645546,12.05601530407126,47.56488435304487,0,2026-08-25 06:31:49
2024-01-11 11:41:00,CNC-03,H,294.66474310590837,307.9042764016829,1330.546068758109,49.01939433778052,11.125795083096346,1.993420280815684,12.124671310519371,56.7979765609124,0,2026-08-25 06:31:49
2024-01-11 20:35:00,CNC-02,M,299.66897982885337,313.376079264516,2412.4102228020547,23.140285485293468,188.39358323110883,3.4645905499768457,10.46679880505978,50.49952445912291,0,2026-08-25 06:31:49
2024-01-11 16:58:00,CNC-02,M,299.355166688017,314.1920054210317,1888.381422657398,39.85032955516916,116.84106248600614,2.595907742625929,13.945718631420707,55.35643784599417,0,2026-08-25 06:31:49
2024-01-11 19:43:00,CNC-02,M,299.9406763657804,313.55109979987685,2255.1322569819968,27.11872391198916,126.64119231783296,2.867926291130335,11.472425745430293,49.591721874124005,0,2026-08-25 06:31:49
2024-01-11 06:36:00,CNC-03,H,295.13835699885055,308.636225916707,1988.535081890509,34.049531747091194,0.0,2.607129962378276,12.6163739161153,55.439768836582346,0,2026-08-25 06:31:49
2024-01-11 21:24:00,CNC-03,H,297.71075155692745,310.0300346907382,2435.981490332643,19.264490057260797,93.54400117177393,3.1541189088124937,8.680353951535803,52.70962230009874,0,2026-08-25 06:31:49
2024-01-11 06:07:00,CNC-02,M,295.3412269998998,309.32644157623014,1963.5134507674627,35.5043144811627,35.666722242778626,2.5688403835182068,12.753214852878543,54.98068578133841,0,2026-08-25 06:31:49
2024-01-11 22:04:00,CNC-02,M,298.78839805947626,0.0,2633.878314381049,14.64756428623137,38.41831332249868,3.129508612291702,7.2028334701856425,55.19934523913792,0,2026-08-25 06:31:49
2024-01-11 03:09:00,CNC-02,M,23.850272056342078,36.288487996187314,2493.5462211572712,20.222638872033478,34.17062573237237,3.1172084786920458,9.413245974368346,54.117533412594995,0,2026-08-25 06:31:49
2024-01-11 12:21:00,CNC-03,H,300.6499575448818,308.26152370826696,1326.94590540706,48.71425141754477,74.67399938546349,2.006136787574663,11.935259419000989,49.600586492526034,1,2026-08-25 06:31:49
2024-01-11 07:48:00,CNC-02,M,295.20160508192697,310.09005527666784,1667.9398160839103,44.34376679002126,176.5214197798898,2.6422018868096098,14.008191132376124,58.78348596415147,0,2026-08-25 06:31:49
2024-01-11 12:04:00,CNC-02,M,296.61769278881343,311.56977255162417,1514.167447012021,51.683304257732836,93.46283484462546,2.2899504489139786,14.486672786015518,55.111527201160115,0,2026-08-25 06:31:49
2024-01-11 06:13:00,CNC-03,H,295.31043052538234,310.23944644982726,2013.148015396222,36.77140131462596,201.8039356618548,3.155898988975986,14.080901710896741,62.602520098854534,0,2026-08-25 06:31:49
2024-01-11 18:14:00,CNC-03,H,24.56714769428669,38.87397526559272,2069.8961579156767,34.7748276924992,85.49916545730726,2.6603494798775635,13.660812119220662,56.85360233874795,0,2026-08-25 06:31:49
2024-01-11 19:58:00,CNC-01,L,300.26239315338165,313.58698058783443,2471.6391657924237,22.04618539682346,163.28736172882697,3.5038491642423963,10.126864406538754,50.913778674275754,0,2026-08-25 06:31:49
2024-01-11 10:36:00,CNC-03,H,294.51366783271317,308.95065475459984,1367.2016047722939,52.8835694594236,133.5548298556479,2.1644280912911653,13.623888230621546,58.92457765952121,0,2026-08-25 06:31:49
2024-01-11 01:23:00,CNC-03,H,297.75063128066625,310.3218538453232,2572.3988621984813,19.33861224788003,107.78636684596917,3.1913464456706775,9.42626676143239,56.81073338290683,0,2026-08-25 06:31:49
2024-01-11 09:24:00,CNC-03,H,294.4097477838391,307.8113250945265,1522.2275296586233,43.59829847837749,21.32477620949791,2.0418223783659317,12.8125496451094,59.30674715567703,0,2026-08-25 06:31:49
2024-01-11 16:40:00,CNC-02,M,299.264058520404,314.099227892519,1962.6240786363655,39.326911078138764,91.4233544364215,2.605668772480168,14.48392258729182,54.01131977448258,0,2026-08-25 06:31:49
2024-01-11 12:51:00,CNC-01,L,297.3079204442852,311.21137629824926,1528.285646721372,47.84109369920237,1.5587627923750287,2.248179254025752,13.931913858661176,55.477663471639424,0,2026-08-25 06:31:49
2024-01-11 03:13:00,CNC-01,L,24.42590688819888,36.676864014823025,2484.9142812652626,20.40294734931881,13.45050737875886,3.1086525940858962,9.638637517453883,53.45336473703636,0,2026-08-25 06:31:49
2024-01-11 02:33:00,CNC-02,M,297.38642206648456,310.6266069763012,2601.662903775983,19.23872680933448,214.74478602273825,3.852542541221516,9.375210648094049,53.457187562588565,0,2026-08-25 06:31:49
2024-01-11 23:51:00,CNC-01,L,299.5030583726584,312.261095068113,2688.947280676226,17.094186923314208,180.65408194237634,3.8516499207753427,8.709817600825998,52.485509136763675,0,2026-08-25 06:31:49
2024-01-11 23:26:00,CNC-03,H,297.265699543631,310.2669720951312,2731.319794728928,18.259935789465594,225.8328351056595,3.9257442171383006,9.295593234366015,54.840411239196634,0,2026-08-25 06:31:49
2024-01-11 06:00:00,CNC-02,M,295.3389932574147,309.4052351990664,1995.454699505817,35.041998050028475,26.341051530273134,2.6129388684719186,12.807984632677947,61.99150910878047,0,2026-08-25 06:31:49
2024-01-11 09:15:00,CNC-03,H,294.22777164021085,307.61174917294943,1705.1127917059866,38.82896701983399,7.511360943985644,2.3665022919375214,12.47340883612563,62.301162994227596,0,2026-08-25 06:31:49
2024-01-11 13:40:00,CNC-01,L,298.19121986708393,312.3182180675343,1447.9840318132478,49.69340842296396,78.86939448448483,2.126230700937297,13.367562766504323,51.06152226847253,0,2026-08-25 06:31:49
2024-01-11 22:19:00,CNC-01,L,300.54261338687354,312.34737486163664,2641.5090162961146,14.120505238772575,81.9991396994374,3.298830377173098,6.897796772099161,51.82333100269463,0,2026-08-25 06:31:49
2024-01-11 18:37:00,CNC-01,L,300.26807929585664,313.85027223257447,2263.5095574412103,28.76127234104602,63.2330952256184,2.8477215239457623,12.289278685575377,48.93189546188769,0,2026-08-25 06:31:49
2024-01-11 00:52:00,CNC-02,M,298.5514017896575,311.46556577153035,2643.352250932862,20.054159108869147,104.86541379413248,3.2306438957931984,9.85425364417481,51.909838373795594,0,2026-08-25 06:31:49
2024-01-11 07:20:00,CNC-03,H,294.78579510884975,308.7908697049015,1761.9715847211096,40.26294450579063,61.63456147645781,2.3459814642384074,13.329451371372501,61.86688592375232,0,2026-08-25 06:31:49
2024-01-11 16:14:00,CNC-03,H,296.4243731508644,311.8522874065129,1763.6982141565109,46.92064197322415,173.22376374660894,2.725226233977661,15.460628181287133,59.45184269409369,0,2026-08-25 06:31:49
2024-01-11 05:36:00,CNC-02,M,295.7488691003285,310.8604362305361,1935.2614591422303,39.93291333185433,214.20935404286624,3.273321637602016,14.406291377945974,56.84235407810384,0,2026-08-25 06:31:49
2024-01-11 09:59:00,CNC-02,M,295.5400229655216,310.43440861944373,1477.757181552941,51.64615259265622,125.79010404190011,2.235029480761092,14.326715225497177,60.5559859883925,0,2026-08-25 06:31:49
2024-01-11 14:01:00,CNC-03,H,295.3782562045777,310.1107790133216,1468.7315730543946,,232.59626363820868,2.9519309539480307,13.93420988319732,60.424305078362906,0,2026-08-25 06:31:49
2024-01-11 20:37:00,CNC-02,M,299.69932491169686,313.66465886147824,,25.504905001800523,190.66648411632062,3.381922251124986,11.133711357370885,52.1391971033053,0,2026-08-25 06:31:49
2024-01-11 20:42:00,CNC-01,L,300.276231778302,313.77302330525356,2533.812039071026,21.690232293378077,215.18467815038028,3.934119511597831,10.035678773626074,52.406641421655245,0,2026-08-25 06:31:49
2024-01-11 10:32:00,CNC-03,H,294.1497213849052,308.3796453802875,1510.193560267847,47.0692389285577,127.22099214622239,2.3302530290596866,13.299607765291604,62.47561803209128,0,2026-08-25 06:31:49
2024-01-11 23:29:00,CNC-02,M,298.8945921199978,311.880962046682,2675.8443957296377,18.548120793472986,130.06903132241186,3.4753049470574195,9.244916365597087,50.477475635145964,0,2026-08-25 06:31:49
2024-01-11 01:59:39,CNC-02,M,297.9022285570418,310.6262014958443,2563.541384031581,17.948697445568882,179.17486724186165,3.4432020078386305,9.0140210587828,57.01728858477067,0,2026-08-25 06:31:49
2024-01-11 22:00:00,CNC-02,M,299.25074370370277,311.33109974259077,2650.8868832204953,15.779085683307198,34.13008236646704,3.081100622521147,7.983719810281063,54.569643960966694,0,2026-08-25 06:31:49
2024-01-11 00:39:00,CNC-01,L,298.87914787610254,311.2293770713778,2637.203457733617,18.500104193777915,43.14880092577645,3.239425717964672,9.100106656370022,46.918963126203394,0,2026-08-25 06:31:49
2024-01-11 00:09:09,CNC-03,H,298.97708127988176,311.2164381370293,2696.6716339845725,16.969151648151488,28.954881054153585,3.298431496911476,8.720781766180238,56.93578934659247,0,2026-08-25 06:31:49
2024-01-11 07:55:00,CNC-03,H,294.46894410557206,309.4802151853845,1818.3929911782675,44.34185952675665,112.00552360428917,2.458728390580471,14.9928155349796,62.8652252522528,0,2026-08-25 06:31:49
2024-01-11 16:03:00,CNC-03,H,296.3127710359529,311.1364684627006,1675.0931821928327,46.00145661725207,157.34008348062952,2.48779526933262,14.515172747435228,56.28333570831875,0,2026-08-25 06:31:49
2024-01-11 22:05:00,CNC-01,L,300.38569103774597,312.9145315569801,2640.598584218294,20.284079103963908,66.70746086804624,3.2384357210988464,9.763218070535647,49.615575111382064,0,2026-08-25 06:31:49
2024-01-11 13:55:00,CNC-02,M,297.181082079883,311.5981472965039,1452.3701963524998,49.60094849227277,66.10565582420291,2.1256571636656547,13.553729064697121,53.34591067025593,0,2026-08-25 06:31:49
2024-01-11 03:58:00,CNC-03,H,296.2834621460906,309.48441794541844,2312.0821241552685,26.169407872672323,30.591983363963013,2.90344525492149,11.338562685556708,55.514931457029924,0,2026-08-25 06:31:49
2024-01-11 06:09:00,CNC-03,H,295.3729993615053,309.6399179630747,2048.9945905053755,32.83577083042459,196.49566925698738,3.0961999098202937,12.856401236937407,56.37873281304224,0,2026-08-25 06:31:49
2024-01-11 05:50:00,CNC-02,M,295.26984138883955,309.6151910596042,2243.7657215663057,34.21920969397448,13.115054718430544,2.897272625797909,14.016802646932469,60.72560164425913,0,2026-08-25 06:31:49
2024-01-11 11:49:00,CNC-03,H,294.67462976891375,308.55465028985276,1386.7201284333446,50.354739076199294,23.914388687246763,19.977026789270333,13.287035537598229,62.70236657763269,0,2026-08-25 06:31:49
2024-01-11 00:18:00,CNC-01,L,298.51828477649366,310.20031077857834,2663.6486513152145,14.848970354226907,20.635062649302338,3.189879831989471,7.302931058587201,57.441823529948245,0,2026-08-25 06:31:49
2024-01-11 04:15:00,CNC-03,H,295.9694235943303,309.3781498207043,2352.569914074357,26.663561030292787,51.00050820982171,2.9607780815836477,11.864914430775691,56.49798035769112,0,2026-08-25 06:31:49
2024-01-11 01:17:00,CNC-02,M,298.45267813270186,311.2342579468041,2787.730541530116,18.38805695039679,131.26009700913468,3.4286934249354575,9.896409484716507,56.45351419876721,0,2026-08-25 06:31:49
2024-01-11 23:50:00,CNC-01,L,299.6277366043153,312.93182739840387,2689.2280964622287,19.38248051848622,179.5585317872113,3.824154632606938,9.869764630967714,51.34882767490362,0,2026-08-25 06:31:49
2024-01-11 11:14:00,CNC-01,L,296.64567365623196,310.9355939726793,1384.6452452086019,53.782638540846555,69.68053415272355,2.130881259088491,14.04245879152746,54.850933611435025,0,2026-08-25 06:31:49
2024-01-11 19:46:00,CNC-01,L,300.1171957077376,313.6034290881689,2359.4933130911154,23.729682927439942,148.75838280606771,0.0,10.2909476436886,50.265055732500464,0,2026-08-25 06:31:49
2024-01-11 02:11:00,CNC-02,M,297.5539329691291,311.3162695492867,2507.5251452324865,23.820937610973218,190.21383745538645,3.573258878522775,10.990376863913001,60.112596269966254,0,2026-08-25 06:31:49
2024-01-11 13:42:00,CNC-03,H,295.2549787915785,310.3679614097462,1365.1020988229225,56.13289996933682,202.7878667301836,2.679420927972752,14.329404326724557,63.980394587774526,0,2026-08-25 06:31:49
2024-01-11 11:55:00,CNC-03,H,,308.5409128731202,1423.416944678326,52.14273104825715,33.46287915479462,19.929466300658344,13.82000343085515,50.02546627632869,0,2026-08-25 06:31:49
2024-01-11 10:46:00,CNC-03,H,294.18342570137685,309.0986437977866,1447.7261411928862,53.91273555109683,149.35002229961398,2.3975360467320748,14.366045195819952,63.84060171362009,0,2026-08-25 06:31:49
2024-01-11 23:35:00,CNC-01,L,299.8867655652645,312.14826090290734,2733.7792236060995,15.803107796708758,163.42491264229298,3.777506561220706,8.03847427946676,49.679892804215726,0,2026-08-25 06:31:49
2024-01-11 23:28:00,CNC-01,L,299.9362756341101,312.81062698252776,2747.7955482287034,18.41122406395161,156.0178926238043,3.562581164688144,9.520695231633306,45.7868719474984,0,2026-08-25 06:31:49
2024-01-11 07:20:00,CNC-02,M,295.38036679241975,309.75074628200707,1738.3954068084347,40.100329971972386,136.44521667709412,2.632514366516792,13.11818185834309,61.68028412275854,0,2026-08-25 06:31:49
2024-01-11 20:51:00,CNC-03,H,297.75481424644545,310.1704862287538,2500.386106859624,19.904489779379794,56.15371078469,3.0327515274482106,9.444429800409019,52.78298380911162,0,2026-08-25 06:31:49
2024-01-11 13:09:00,CNC-03,H,295.27119743732305,309.7520855060216,1395.653564440344,50.46651425898702,150.7675820364826,2.3247469545605157,13.33251159186476,59.44648744723703,0,2026-08-25 06:31:49
2024-01-11 01:55:00,CNC-01,L,298.583826310047,311.8323866790568,2588.6229626921568,22.414524122977998,125.09239044538617,3.3746213906815488,10.819439307115282,56.88817773197339,0,2026-08-25 06:31:49
2024-01-11 23:39:00,CNC-02,M,298.59362283712846,311.2445784101339,2732.3265763993404,15.13528205205356,140.54860989820114,3.5766603475482883,7.887561849306397,53.89170168674508,0,2026-08-25 06:31:49
2024-01-11 08:49:00,CNC-01,L,296.4743197618666,309.7655377837451,1589.3506113768578,40.78902639795405,34.58165775004022,2.3249703132730444,12.047093316251809,55.95090503008136,0,2026-08-25 06:31:49
2024-01-11 10:38:00,CNC-01,L,,309.77271827633234,1349.3735656249721,47.69790027153952,12.662198158149689,1.9733894990490148,11.83435213059629,56.509689512996225,0,2026-08-25 06:31:49
2024-01-11 10:57:00,CNC-01,L,296.9803125883259,310.5508187659416,1407.5847582142048,47.47223978684597,42.674706232125075,1.9558543886021302,12.21770268144232,55.17879625506362,0,2026-08-25 06:31:49
2024-01-11 18:48:00,CNC-01,L,300.22054675261177,314.25297306211576,2170.1023459917133,31.596107003824617,77.21188493428073,2.7595282899908113,13.003039030156033,56.6323598846704,0,2026-08-25 06:31:49
2024-01-11 19:56:00,CNC-03,H,297.8487344046183,312.8031369422188,2181.186862571128,34.99983516496243,213.66614922351047,3.4857799895057098,14.17081204428947,56.35875918195647,0,2026-08-25 06:31:49
2024-01-11 16:41:00,CNC-03,H,296.699666222851,311.9525531883518,1829.9980918275091,42.58576593649781,212.08162347531606,2.9577639576984924,14.719488801064388,58.67013600299945,0,2026-08-25 06:31:49
2024-01-11 00:04:00,CNC-02,M,298.9599144503602,310.34901472859383,2765.210542454842,12.597331697415129,53.77200278099535,31.665609790565664,6.538478780587782,54.68016940046068,0,2026-08-25 06:31:49
2024-01-11 11:28:00,CNC-01,L,296.8962455796683,311.0318842877183,1398.8747743596866,50.10859244168696,91.86801256583918,2.042424722122176,12.89419633914963,57.17256473847433,0,2026-08-25 06:31:49
2024-01-11 08:07:00,CNC-03,H,294.345399918079,309.279287200274,1615.6276954449897,47.65180718414633,129.623071197596,2.418104014478329,14.505832769394338,62.90249211203415,0,2026-08-25 06:31:49
2024-01-11 01:17:00,CNC-01,L,298.7487039926897,310.4725352421673,2618.740892263899,15.112382833810509,83.65900803994674,3.1562426185128665,7.35747756018034,54.02110653317211,0,2026-08-25 06:31:49
2024-01-11 11:54:00,CNC-01,L,297.02415800014006,311.9090717653525,1394.0067135880497,56.001884807720685,132.8669722687867,2.264707170537892,14.830777317751044,57.59502876187849,0,2026-08-25 06:31:49
2024-01-11 17:18:00,CNC-02,M,,41.47073362587673,1795.2660646514082,42.73096562405437,144.72230321396017,2.721162080726716,14.348816739992929,54.94175150987134,0,2026-08-25 06:31:49
2024-01-11 08:09:00,CNC-02,M,295.25005117751556,309.8752249301162,1606.2317014038251,44.294147740682604,207.24831849817832,2.989977929837096,13.212729038481152,57.178009052113225,0,2026-08-25 06:31:49
2024-01-11 09:49:00,CNC-02,M,295.6548299018946,310.1665887028039,1468.3753620945704,47.68623029464517,110.22411743683854,2.1707431417669,13.12729430470418,55.5544020940414,0,2026-08-25 06:31:49
2024-01-11 16:57:00,CNC-01,L,300.3660444860242,314.48088734424476,1969.6330964796891,34.00953324023732,166.50018551915565,3.03605420867115,12.483598598847808,49.57582074745235,0,2026-08-25 06:31:49
2024-01-11 14:41:00,CNC-01,L,298.62013892431446,313.30788877257476,1567.0894398942428,46.59453946045525,173.8898167353072,2.601054883198599,13.78896490997965,54.1518661986871,0,2026-08-25 06:31:49
2024-01-11 00:13:00,CNC-02,M,298.6780413604118,310.81092453692577,2609.290165952018,16.456945384744685,63.30058634074269,3.0882716152332708,7.736552352039313,54.66921933786579,0,2026-08-25 06:31:49
2024-01-11 20:14:00,CNC-03,H,298.08316557431124,310.0470395710046,2454.2643277578936,19.142866563431376,13.03795377819058,2.9572299589292745,8.495400515987875,53.72093614110924,0,2026-08-25 06:31:49
2024-01-11 07:45:00,CNC-02,M,295.33673487468366,310.2380276728359,1674.200794177604,45.88294558152704,172.22846752054443,2.718384246190922,14.506646145305371,63.26594986249328,0,2026-08-25 06:31:49
2024-01-11 15:27:00,CNC-01,L,299.1866198442002,313.48107849952993,1704.0623807025993,43.8638377114467,36.34055747082144,2.517245386362505,13.872415811892449,54.731052701473594,0,2026-08-25 06:31:49
2024-01-11 08:53:00,CNC-01,L,296.467148719477,310.01789281791974,1580.1489141941263,40.74139814984179,40.61462327184424,2.197033315524959,12.006003050663015,57.781632373090346,0,2026-08-25 06:31:49
2024-01-11 08:23:00,CNC-02,M,295.4141455026802,310.21865929664665,1603.1846311337604,43.98502112837253,228.14370055989002,32.40822219325496,13.460958859870257,55.44218985334065,0,2026-08-25 06:31:49
2024-01-11 07:44:00,CNC-01,L,296.41543170491445,311.07448256609536,1686.0023048271898,44.35769950082641,172.8018946779689,2.733872988380529,13.95754832136912,57.6657244646153,0,2026-08-25 06:31:49
2024-01-11 19:33:00,CNC-03,H,298.2634982375749,313.14613793004116,2214.343348405218,33.42983787848069,185.77208440084436,3.2230147112860714,13.754837414558244,56.377646544745154,0,2026-08-25 06:31:49
2024-01-11 09:07:00,CNC-03,H,294.13482174663665,309.64628060064445,1545.0753801130372,52.262662697942005,219.77346707420267,2.895362614869932,15.068536185882875,61.31418888514912,0,2026-08-25 06:31:49
2024-01-11 07:16:00,CNC-01,L,296.19131404298037,310.7698464240524,1784.7393298353986,42.00421174769424,132.5203410542627,2.5605532986012594,14.216685289445312,56.07610725053488,0,2026-08-25 06:31:49
2024-01-11 08:05:00,CNC-03,H,294.86406269092345,309.3905888309303,1595.7706543714573,46.313040664223074,126.66165786634197,2.4241703003918724,13.884180386863259,62.397631218800264,0,2026-08-25 06:31:49
2024-01-11 06:09:00,CNC-02,M,295.4113327736167,309.90623547290085,2021.0312955357597,37.46885907243801,38.371840789402476,2.587225628313985,14.39001098674376,60.55869262921939,0,2026-08-25 06:31:49
2024-01-11 02:43:00,CNC-01,L,24.731399872497548,36.942787737437186,2643.3051757464787,15.379340234503047,178.08735568468651,3.6833933676573145,7.657225560323429,55.75087143452499,0,2026-08-25 06:31:49
2024-01-11 07:49:00,CNC-03,H,294.96533521906895,309.19495129248344,1721.3129988301228,41.44217506079712,103.30741571928681,2.397299576956996,13.523853043240189,59.58383129842159,0,2026-08-25 06:31:49
2024-01-11 14:21:00,CNC-02,M,297.52999218065384,312.4400459248114,1503.6102583829804,52.35840135262932,106.44441485530815,2.342655580239305,14.626727752549119,57.21082574439742,0,2026-08-25 06:31:49
2024-01-11 16:20:00,CNC-02,M,298.55954567929984,313.18097987899665,1704.0574246006865,45.126548301318294,62.91295053196229,2.2841580062575804,14.503875532474432,48.13229014718728,0,2026-08-25 06:31:49
2024-01-11 16:22:32,CNC-01,L,299.87620935738585,314.12021251144336,1894.6119652774053,38.31225250132228,116.72735615430875,2.7195036164113695,13.62266619099946,53.85733981322323,0,2026-08-25 06:31:49
2024-01-11 21:39:00,CNC-01,L,300.0028657212996,310.8239002940362,2733.0858901892148,10.2582033890847,38.209366955230905,,5.376867819530435,50.28887706624867,1,2026-08-25 06:31:49
2024-01-11 20:14:00,CNC-01,L,300.47728752165006,314.23048056641056,2372.144450121654,25.536486430160817,182.23126157565943,3.46998163096106,11.271688297079638,53.73220591493275,0,2026-08-25 06:31:49
2024-01-11 19:42:00,CNC-01,L,300.5535731106484,314.6587687758524,,29.480811149523248,143.8973404848458,3.1025908556992907,12.719108805960994,52.033822637764096,0,2026-08-25 06:31:49
2024-01-11 20:25:00,CNC-01,L,300.57669892314726,315.14049291308464,2388.7711095658633,29.800519189735468,195.2131100804303,3.581108920101978,13.420516237443197,50.10707306100646,0,2026-08-25 06:31:49
2024-01-11 19:20:00,CNC-02,M,299.5396331413118,313.7444050185588,2296.083112008769,28.617140823254125,98.42442550039176,2.9287908304917076,12.309757453533273,53.558596342619715,0,2026-08-25 06:31:49
2024-01-11 14:28:00,CNC-01,L,298.87207373862805,313.1415453374312,1473.9010530093985,46.776438211356165,153.97176068816424,2.3826769165608797,12.851837968171948,55.2026700787226,0,2026-08-25 06:31:49
2024-01-11 10:51:00,CNC-01,L,296.5453686994464,310.6804551028588,1405.631110285844,50.0470683409122,33.180594402608854,2.1579509675078112,13.097076538483316,58.68435489953379,0,2026-08-25 06:31:49
2024-01-11 20:48:00,CNC-02,M,299.4899521719413,313.3283342625098,2326.713597157779,24.56649281638681,203.25916393825784,3.579911765212006,10.468238294281994,52.53062032044183,0,2026-08-25 06:31:49
2024-01-11 00:47:00,CNC-03,H,298.4980008069203,312.0189790386272,2510.174292799192,24.34125697731614,69.14753590766028,3.0527127157966194,11.453160659819419,59.743851263685194,0,2026-08-25 06:31:49
2024-01-11 22:22:00,CNC-01,L,300.2638037911657,312.54541811789136,2778.280035544795,15.681827950057087,85.16061833100841,3.3097307189375944,8.264522175115339,54.95205503142207,0,2026-08-25 06:31:49
2024-01-11 21:57:00,CNC-02,M,299.03207410415536,311.6756508238823,2445.3177108469154,21.30326283077173,30.864747424778038,3.033866334169639,9.682285696487762,56.14264084439318,0,2026-08-25 06:31:49
2024-01-11 20:17:00,CNC-01,L,300.54777403860714,314.2396866544793,2419.465964474319,24.087068743249375,185.72976448218867,3.6682277881790952,10.818547258454704,51.50145743729267,0,2026-08-25 06:31:49
2024-01-11 11:09:00,CNC-01,L,296.7147778518977,310.39790531119803,1314.3870845866152,50.800020041419124,61.69296936761017,1.9886251054185973,12.357750647314163,55.73211430593141,0,2026-08-25 06:31:49
2024-01-11 15:34:00,CNC-02,M,298.39536787688485,313.9750802277057,1616.0648964789282,49.1439430587245,217.57654246529327,3.115161505097504,14.627469059707037,58.87585839457007,0,2026-08-25 06:31:49
2024-01-11 10:49:00,CNC-02,M,296.18924683193325,311.34062449894697,1404.2797094558548,52.43524743256914,204.3709533967707,2.7595560787118822,13.73156644928287,63.234421297620244,0,2026-08-25 06:31:49
2024-01-11 16:59:00,CNC-03,H,,311.74908414360635,1712.7037770886689,41.85949198964896,237.42809289932643,3.312624391779361,13.425515447595945,53.86951787680667,0,2026-08-25 06:31:49
2024-01-11 12:41:00,CNC-03,H,300.40635355831677,308.2699687910151,1414.1916312115136,49.74534849462681,106.36541169448421,2.156666029375591,13.135981293336453,52.87146867701054,0,2026-08-25 06:31:49
2024-01-11 14:53:00,CNC-02,M,298.03865113132224,312.9472468214583,1578.3956572946042,48.068241707333655,155.7219234398723,2.4608496131273863,14.286043058243,54.18715008449542,0,2026-08-25 06:31:49
2024-01-11 09:14:00,CNC-02,M,295.6087712498993,309.45124298080634,1545.0166740614961,43.534121368862216,56.16426051978405,2.1706977089796053,12.451396496113457,57.91942102778059,0,2026-08-25 06:31:49
2024-01-11 11:18:00,CNC-03,H,294.5592390403334,309.1898891442828,1285.5276876314156,54.781722013893756,199.9308049426336,2.4560139700164654,13.037770303015803,56.357503935196654,0,2026-08-25 06:31:49
2024-01-11 08:29:45,CNC-03,H,294.6113407812923,309.087966915072,1673.1465412499902,42.62833611246593,163.62136671655423,2.6071907548723785,13.53129859081486,61.84124190946489,0,2026-08-25 06:31:49
2024-01-11 19:12:00,CNC-03,H,297.948105843781,312.7012782997043,2140.937440734408,34.910063509576005,159.84620409667463,2.921730966258504,14.058572796327423,54.969122824005254,0,2026-08-25 06:31:49
2024-01-11 13:33:00,CNC-02,M,297.18192266940656,311.44365575156775,1489.5339837945698,48.20961494539257,31.5525564117438,21.170493775160555,13.355904114294857,57.69019520148274,0,2026-08-25 06:31:49
2024-01-11 06:37:00,CNC-03,H,295.14247865936255,308.7173998502575,1924.9992762096094,34.257952591651225,1.3749234134931396,2.50319526445606,12.46894826997674,61.02130553300968,0,2026-08-25 06:31:49
2024-01-11 11:31:40,CNC-02,M,296.59101219842216,310.441350255336,1458.0279397641305,47.245604554038444,44.34009418939639,2.126416310064321,13.023477362244499,56.97662183892079,0,2026-08-25 06:31:49
2024-01-11 02:59:00,CNC-01,L,24.401353965027738,38.318034965564664,2522.2467179226705,24.13821045970051,196.31248785365753,3.7455332855688304,11.55669583303223,56.30452314201017,0,2026-08-25 06:31:49
2024-01-11 10:56:00,CNC-02,M,296.2263489821107,310.73119853429813,1242.1084418845742,54.54538517576395,215.48979817402721,2.6590279407053985,12.587403877078525,61.88584866773639,0,2026-08-25 06:31:49
2024-01-11 01:56:00,CNC-02,M,297.7463051780087,310.6296238352017,2578.485492633582,20.532694809155064,173.62735463143858,3.5749065919188623,9.947815372874821,55.81950511660193,0,2026-08-25 06:31:49
2024-01-11 12:48:00,CNC-01,L,297.6190887790015,312.74964584737853,1449.4847490621933,51.28110566149056,218.5871019269246,3.0536282580478527,13.808760287794483,59.918172964015724,1,2026-08-25 06:31:49
2024-01-11 01:41:00,CNC-03,H,297.6694006987596,310.50097903503735,2682.37178639073,19.561134068414876,127.2384234805865,,9.929674024171007,59.25631703425053,0,2026-08-25 06:31:49
2024-01-11 12:55:00,CNC-03,H,295.0569920840529,309.49432304242094,1354.1088226237105,53.695819957087146,128.53286028974966,2.279556792304203,13.640162499698256,55.34896785215514,0,2026-08-25 06:31:49
2024-01-11 00:16:00,CNC-03,H,299.0168455526686,311.2209018908343,2719.5350774611825,17.27523150382744,36.328769167216066,3.2823653955181364,8.968962832562493,51.69042183746216,0,2026-08-25 06:31:49
2024-01-11 23:51:00,CNC-03,H,296.79942815404115,310.3101169164187,2715.253525754272,20.606822809501885,252.377618470715,4.2025761459595925,10.52100634550209,58.52386852967835,0,2026-08-25 06:31:49
2024-01-11 12:22:00,CNC-02,M,296.72926290147905,310.8061766860291,1424.5639105716832,46.63131584092328,122.0670205696921,2.1648853995090183,12.39454473112254,54.792313056787485,0,2026-08-25 06:31:49
2024-01-11 13:22:00,CNC-03,H,295.14697897165047,309.9761795920721,1391.961489581289,,171.21883754601225,2.4401821256114555,14.018105305631739,59.45156129697228,0,2026-08-25 06:31:49
2024-01-11 18:42:02,CNC-03,H,297.9848032498969,311.87956686377555,2083.4089577639356,30.05047384246243,121.93616680084521,2.7513569559237148,11.806876442916018,54.90563364383558,0,2026-08-25 06:31:49
2024-01-11 13:55:00,CNC-01,L,298.4370676162805,312.20579098428203,1326.851739961232,48.301268629118674,102.52497179496274,2.118552317239633,12.121218678050818,56.12954317624678,0,2026-08-25 06:31:49
2024-01-11 08:21:00,CNC-01,L,296.3641076844112,311.440958017192,1662.298098371394,45.55331365497574,227.11284895175962,3.460323944364908,14.256268226636944,59.109032930980135,0,2026-08-25 06:31:49
2024-01-11 11:21:00,CNC-01,L,296.9617757689585,311.15913374111943,1445.2208991400912,49.159537230155635,80.75437594304388,2.209251081807372,13.45088187508444,57.003230516158254,0,2026-08-25 06:31:49
2024-01-11 20:02:00,CNC-03,H,298.12838157502307,312.8553776076017,2192.2645166884886,32.57947977963665,220.8492455587795,3.5336154454117237,13.366666562058393,54.15807382547177,0,2026-08-25 06:31:49
2024-01-11 07:08:00,CNC-02,M,295.5576448643506,310.3434170651571,1791.2525183504117,41.41859833853599,119.5449942484003,2.5424778056027355,13.964938630569273,62.194276575753356,0,2026-08-25 06:31:49
2024-01-11 01:59:00,CNC-03,H,297.36477729640245,310.4072686811854,2532.706607794913,20.748388969230884,146.98546920344324,3.377872488600275,9.666966419661591,53.758773312186484,0,2026-08-25 06:31:49
2024-01-11 12:47:00,CNC-02,M,297.09356745001406,311.86903983533466,1434.6811693822465,51.65004004624743,161.73344589692994,2.3531593237351482,,57.75961445745249,0,2026-08-25 06:31:49
2024-01-11 04:13:00,CNC-02,M,296.6706698056778,310.30808115294474,2275.670031929399,26.97668660219584,109.60355070736931,2.9302396685585483,11.376925383326803,57.20004597211953,0,2026-08-25 06:31:49
2024-01-11 15:56:00,CNC-03,H,295.9092567048674,310.3668785528001,1679.7645319772162,42.51139306012142,146.89924357229953,2.4483379682425275,13.33535939678126,57.808725791700475,0,2026-08-25 06:31:49
2024-01-11 02:46:00,CNC-03,H,23.99119975288795,36.75590914281912,2547.9958475808166,18.773068071202403,199.29910137429238,3.5867739400406813,8.90268032628651,57.46193347919571,0,2026-08-25 06:31:49
2024-01-11 11:58:00,CNC-02,M,296.59312184015334,311.13065446038183,1418.600799907329,53.32438302275669,84.00138373193381,20.73795749671687,14.050344994628189,56.76559794287279,0,2026-08-25 06:31:49
2024-01-11 14:24:00,CNC-01,L,298.80904226483693,313.3352330490178,1437.1730298983982,50.75830339984388,147.76910212337842,2.4202563758634636,13.671271293122421,48.80599751445862,0,2026-08-25 06:31:49
2024-01-11 09:28:00,CNC-02,M,295.3394975572338,309.4853225213525,1466.8496107867354,48.66105668716863,77.73546222177447,2.2262734961497403,13.248409944839976,57.59364682737032,0,2026-08-25 06:31:49
2024-01-11 21:01:00,CNC-02,M,299.73841353150897,314.09813971562824,2559.6259217910606,23.880051492009315,218.22017420347518,76.3752475847129,11.487562640420093,55.904345050778126,0,2026-08-25 06:31:49
2024-01-11 12:11:00,CNC-03,H,300.4670399661472,308.6027789005462,1333.0741323501427,53.07575189174652,58.71988369744791,1.9643303796019747,13.318716000638803,50.93095935951862,1,2026-08-25 06:31:49
2024-01-11 20:36:00,CNC-01,L,300.0569793117402,314.6183309108485,2361.603864504043,29.263349878927386,208.15423591623897,3.788411272393129,13.100662359255145,49.18233945593248,0,2026-08-25 06:31:49
2024-01-11 03:02:00,CNC-02,M,24.25480200610349,35.7041175709154,2496.737823365261,15.993204809957824,26.14488142881003,3.0758244907341914,7.365275966878937,53.69046599745484,0,2026-08-25 06:31:49
2024-01-11 00:07:00,CNC-03,H,298.8771426262782,310.31281995589654,2814.376482693501,13.446857571474888,26.836677689895364,3.336536059935562,7.080304661200686,50.57244839870348,0,2026-08-25 06:31:49
2024-01-11 21:52:00,CNC-03,H,297.48794903766264,310.46354745710056,2570.7699682433454,20.617091207318246,124.80921461888114,3.3013092574677865,9.862275145951166,51.912368625240106,0,2026-08-25 06:31:49
2024-01-11 23:57:00,CNC-01,L,299.3893635285118,312.1033851913169,2767.9908015035767,18.213275792273876,187.04294026872213,3.9765901087558153,9.611788691128643,54.01109283626704,0,2026-08-25 06:31:49
2024-01-11 07:53:00,CNC-02,M,295.1907502355377,310.22995848562954,1834.0831922480306,42.697145913717655,183.72525250146262,3.0345152643759308,14.732784085865207,61.832260823476076,0,2026-08-25 06:31:49
2024-01-11 08:58:13,CNC-02,M,295.135973933927,309.12778885941856,1502.2223866290462,45.71958547704361,30.33556958156607,2.099963006549725,12.95496814442211,60.846441269707924,0,2026-08-25 06:31:49
2024-01-11 14:22:00,CNC-03,H,295.620015491052,308.9850469354773,1366.991208658639,47.770647598559414,4.590252505809327,2.0174506945569917,12.070683608332995,60.39340504467717,0,2026-08-25 06:31:49
2024-01-11 13:39:00,CNC-03,H,295.1585558622055,310.28129901182405,1413.6123900403836,55.03943647967871,198.03450247636263,2.5468608932086854,14.637956791810897,57.513426416548455,0,2026-08-25 06:31:49
2024-01-11 22:54:00,CNC-02,M,299.08672056130695,311.52711612618396,2624.9090342226214,16.146585250611093,92.72675091851174,3.292421162395836,7.847696623995995,53.976065790579504,0,2026-08-25 06:31:49
2024-01-11 19:15:00,CNC-01,L,300.5443285730163,314.48447935145975,2412.3118933438504,26.7680361926881,110.9887562957403,3.0549355872220683,12.057648597709917,50.564884330225475,0,2026-08-25 06:31:49
2024-01-11 14:01:00,CNC-02,M,297.1678633510838,311.6709618151456,1478.935682534384,50.80108469827504,75.35951006892968,2.2156523574891236,14.020378752329938,56.00598079368463,0,2026-08-25 06:31:49
2024-01-11 02:32:00,CNC-01,L,298.35275035865016,311.1713256620439,2568.185955130411,18.032589368177863,165.8355349672902,3.5604531811809714,8.69883361626292,58.1051321370121,0,2026-08-25 06:31:49
2024-01-11 08:53:00,CNC-03,H,294.1033043391367,309.0134917582315,1527.7044733876332,49.856014313773045,198.3767942976307,2.744181694775773,14.122986632160202,60.77840352827961,0,2026-08-25 06:31:49
2024-01-11 11:54:00,CNC-02,M,296.1216922046281,310.33564815018997,1384.9860525183758,51.7574824125998,77.64080468028548,2.0642458253503007,13.058507868022293,60.367667658174426,0,2026-08-25 06:31:49
2024-01-11 16:24:00,CNC-01,L,299.8206377166005,313.9183660202691,1765.0028392916745,40.23480464992119,119.6036395724183,2.4535383815880616,13.359548719711606,48.41541941103574,0,2026-08-25 06:31:49
2024-01-11 09:34:00,CNC-02,M,295.1495626967614,309.6495679748276,1469.7012077167713,50.88952201287939,86.95820257082275,2.216866463217176,14.00710005154875,59.25927646540721,0,2026-08-25 06:31:49
2024-01-11 01:17:00,CNC-03,H,297.92782728954904,311.024956010734,2674.078342139804,21.28100563394577,101.24004845854833,3.1491611628907656,10.820933965939178,54.419377730734126,0,2026-08-25 06:31:49
2024-01-11 07:53:00,CNC-01,L,296.216149958167,311.2551980767202,1733.3829997858463,45.4313454740971,185.9456294168014,2.998245015356877,14.484457638076412,56.992227426127585,0,2026-08-25 06:31:49
2024-01-11 00:27:00,CNC-02,M,298.46583566122456,310.9735945077785,2744.1319640858796,17.15309418669221,78.0996221779697,3.33872777292646,8.67370615733342,54.02679362917195,0,2026-08-25 06:31:49
2024-01-11 07:42:00,CNC-02,M,295.2906343845953,311.1652958035607,1781.1722121228543,47.9385114858245,167.91100804555998,2.7983711667416036,16.053648075149074,57.188032456645665,0,2026-08-25 06:31:49
2024-01-11 16:48:00,CNC-02,M,298.93069378832485,313.12665922888993,1852.773247297753,36.26784513116466,102.75748974357333,2.611886238916435,12.77557566684981,53.959189121820465,0,2026-08-25 06:31:49
2024-01-11 04:08:38,CNC-02,M,296.27016592759776,310.5526669701014,2294.2513270013387,28.20511995401554,105.95507821944908,2.826692585458079,12.034912422757985,59.86248387704989,0,2026-08-25 06:31:49
2024-01-11 05:24:00,CNC-02,M,295.431748646897,310.12660383729366,2160.7229068230536,33.396624466127996,198.75105020353064,3.284898753109676,13.42915358764096,59.827857441270275,0,2026-08-25 06:31:49
2024-01-11 07:20:00,CNC-01,L,296.40005897483906,310.928093581633,1759.9602920799923,42.870964372373315,138.3186680896412,2.6129292080991315,14.249608947700322,56.69905916267324,0,2026-08-25 06:31:49
2024-01-11 21:53:00,CNC-03,H,297.66168526359877,310.38677199059896,2548.189752207927,19.780765284150203,125.911477997654,3.231426339519337,9.634723567966267,56.857077355561515,0,2026-08-25 06:31:49
2024-01-11 01:23:00,CNC-02,M,298.04749305432836,310.2485913003761,2758.7935719087895,14.427122030498285,137.72922212824142,3.4102413765886004,7.607907582451227,56.03019681263484,0,2026-08-25 06:31:49
2024-01-11 20:17:00,CNC-02,M,300.01748068852095,314.36897047953636,2281.7943358295943,27.664734217132924,167.3588734386049,3.277349774911696,11.679031091929618,54.548294805300976,0,2026-08-25 06:31:49
2024-01-11 09:03:00,CNC-02,M,295.23329057737175,309.9409992196993,1648.5719475225526,48.38714176941784,39.47865973733045,2.1704952745234727,14.971469352290447,,0,2026-08-25 06:31:49
2024-01-11 12:49:00,CNC-02,M,296.57584263606935,311.1365589101892,1439.3906573021789,48.48611431073226,164.86027162383334,2.420510538678452,12.813301755929846,59.026170215281624,0,2026-08-25 06:31:49
2024-01-11 18:56:00,CNC-02,M,305.2901006413255,313.1950439072048,2331.085039944088,27.122383718874996,68.50412278352663,3.045155563743722,12.193151248365606,42.66389487751741,0,2026-08-25 06:31:49
2024-01-11 18:09:00,CNC-03,H,24.378012304719675,37.904167647801955,2018.5700207039474,31.10229450676226,78.85976697781912,2.752319086106053,11.436665481172502,58.27113384031238,0,2026-08-25 06:31:49
2024-01-11 10:33:00,CNC-03,H,294.46798057102296,309.14299993749387,1419.3943037426457,52.42972277922581,128.8045594913904,2.3377254877897986,14.050080281680874,61.798334681478366,0,2026-08-25 06:31:49
2024-01-11 16:18:00,CNC-01,L,300.01024487560824,314.5690841392615,1865.710855996247,39.94220018111513,111.01496546429011,2.579647686809515,13.832940249261108,48.29124366442714,0,2026-08-25 06:31:49
2024-01-11 16:50:00,CNC-02,M,299.1058964957698,314.2057496967187,1842.531715495951,43.17456466877039,105.59432495220969,2.536092700419646,14.684585070232334,53.83663852938359,0,2026-08-25 06:31:49
2024-01-11 03:34:00,CNC-01,L,24.07940121384729,36.070009309465775,2466.185016961695,17.69255292533976,37.908846180061886,3.009707463956146,8.207628678468678,56.968055431737774,0,2026-08-25 06:31:49
2024-01-11 08:28:00,CNC-02,M,295.4204291614082,311.19880010801893,1696.5673531471866,48.847463546944134,235.58625344960902,32.47394132947955,15.47364964441817,59.25792398421046,0,2026-08-25 06:31:49
2024-01-11 04:34:00,CNC-01,L,296.8554909408837,310.4166986934298,2305.641347567113,27.209222464286192,109.81438132262333,29.67291544567927,11.997563043016036,59.0354195042237,0,2026-08-25 06:31:49
2024-01-11 08:10:00,CNC-02,M,295.200797606392,310.35577304504403,1652.9655837998503,46.60707297429579,208.7435558859303,3.037450619514109,14.231847424670823,53.97478724477075,0,2026-08-25 06:31:49
2024-01-11 20:46:00,CNC-03,H,297.6124695349414,309.7000517741815,2487.392145251856,18.957830502898492,50.34664261344259,3.013875029223383,8.815959985559632,59.369495968867,0,2026-08-25 06:31:49
2024-01-11 18:27:00,CNC-02,M,305.1575745790375,312.9196351338669,2104.693877242376,30.311094405853652,31.504620737486118,2.6511225835684176,11.730004817209808,44.61043445419563,0,2026-08-25 06:31:49
2024-01-11 23:24:00,CNC-03,H,297.0573344963451,310.30102446648124,2674.9337000913615,20.66156776657934,223.72719793446257,3.9955899385663107,10.34672575893928,54.727779805916086,0,2026-08-25 06:31:49
2024-01-11 13:45:00,CNC-03,H,294.8744218713633,309.7362376376859,1448.6390734417591,53.05623741711947,207.47012057907426,2.6850430903454248,14.18996794519375,65.46442504597198,0,2026-08-25 06:31:49
2024-01-11 06:51:00,CNC-02,M,295.58110726091627,309.99251356747413,1780.4358313774267,41.699990711937325,95.86794663664885,2.4853947460656434,14.079452892568675,,0,2026-08-25 06:31:49
2024-01-11 15:53:00,CNC-02,M,298.69144153402624,312.9723872522844,1757.2802228439198,40.65353203638284,23.578377018366833,2.4008497955295423,13.55057883938063,53.274987022789965,0,2026-08-25 06:31:49
2024-01-11 21:11:00,CNC-03,H,297.6720145995439,310.24514041249324,2528.7891984143716,19.06861666336486,78.72481359265967,3.1301861774856996,8.925031467096396,51.86176703891408,0,2026-08-25 06:31:49
2024-01-11 12:32:00,CNC-03,H,300.4986607937891,308.64354395229293,1442.936034700061,48.40166370074496,92.07751408317596,2.1534245253317983,13.293710749457638,53.973089711963816,0,2026-08-25 06:31:49
2024-01-11 23:55:11,CNC-02,M,298.5615135802717,311.76084598770177,2729.4521438060933,18.23795876891125,158.50360487647896,34.35543719453164,9.245494096822851,51.229593829435785,0,2026-08-25 06:31:49
2024-01-11 20:46:00,CNC-01,L,300.41482402483456,313.3943992038193,0.0,19.127026600579004,219.80993338668904,4.149421037949415,9.146688782960696,52.06933192573425,0,2026-08-25 06:31:49
2024-01-11 13:59:00,CNC-02,M,297.07561615358526,311.019054579648,1613.7317353147996,40.69015456562563,72.2919360578916,2.378266064763826,12.475358651522779,58.6445700949471,0,2026-08-25 06:31:49
2024-01-11 20:07:00,CNC-03,H,298.10489457838685,311.0465773110813,2327.932537239758,25.4759689519134,4.680659589161305,2.8215580611939908,11.128031633134086,53.68425253836359,0,2026-08-25 06:31:49
2024-01-11 08:39:00,CNC-02,M,295.2722765707677,308.9325212799452,1619.1123405061508,41.28458553731941,3.0096206512987873,2.287114015018315,12.925313317495974,61.71089430014229,0,2026-08-25 06:31:49
2024-01-11 09:19:00,CNC-03,H,294.46120401651217,308.16081179394246,1492.1178133951437,46.06666514535038,13.681342581534716,2.165092083663778,12.94752165018548,58.45763484757468,0,2026-08-25 06:31:49
2024-01-11 23:45:00,CNC-03,H,296.64262209277064,309.66062502200964,2574.431277566636,18.619375697210895,245.98881534629436,,8.806247405860175,62.06684466249687,0,2026-08-25 06:31:49
2024-01-11 20:38:00,CNC-02,M,299.451755068958,314.03097685829664,2455.168088745662,27.31365826866671,191.82342465578586,3.4137832331354367,12.467120607642483,53.27673484315535,0,2026-08-25 06:31:49
2024-01-11 21:02:00,CNC-02,M,299.5637539696358,312.5033487243365,2773.1517979306977,16.52935973669093,6763.178960055892,40.62840547888127,8.85473868359114,55.508058698904726,0,2026-08-25 06:31:49
2024-01-11 07:41:00,CNC-03,H,294.7882970079729,308.64541843246997,1712.0479737548858,39.77345586790971,91.70904180935972,2.472718102741576,12.68925038623577,57.411237850629036,0,2026-08-25 06:31:49
2024-01-11 16:33:00,CNC-02,M,299.0464426770052,313.5074250067449,1776.4068168759181,40.27060377015041,81.46897569354148,2.49172679116274,13.466554273006023,52.53606354057515,0,2026-08-25 06:31:49
2024-01-11 16:35:00,CNC-01,L,300.45503330751797,314.4822852641218,1540.856954769521,43.224971278703876,135.42838978343752,2.4798940652130823,12.506946847472738,50.019279815741456,0,2026-08-25 06:31:49
2024-01-11 09:30:00,CNC-03,H,294.5069923289097,308.45482862883944,1520.3795839758088,46.244076156677664,30.653164038498673,2.193031255157343,13.090999665628011,60.29870879373494,0,2026-08-25 06:31:49
2024-01-11 22:42:00,CNC-03,H,296.9399470763379,308.93448861070186,2779.0512781524017,13.916565094555148,178.79990950565107,3.767394569304503,7.381621641540609,58.14413033111868,0,2026-08-25 06:31:49
2024-01-11 14:27:00,CNC-01,L,298.56821910028975,313.3834490105744,1514.2197915184947,50.23145033437729,152.41960146406825,2.4991403151065015,14.508433036481534,57.861435997446236,0,2026-08-25 06:31:49
2024-01-11 04:20:00,CNC-02,M,296.2417410058601,309.60217041050134,2298.8239206149187,25.531296027541824,118.06469390847836,2.938540000000009,10.986721915946442,56.6940001178471,0,2026-08-25 06:31:49
2024-01-11 14:37:00,CNC-03,H,295.3887997337679,309.2293703972572,1507.2119564655468,47.92107318264514,27.78601253179203,2.1860359642598506,13.528411427867562,63.351078220347596,0,2026-08-25 06:31:49
2024-01-11 09:36:00,CNC-02,M,295.4427225179625,309.35002762148184,1309.930560045482,51.32243839894223,90.12617571795599,1.9766994580724468,12.693981536927222,59.06055744843486,0,2026-08-25 06:31:49
2024-01-11 18:07:00,CNC-03,H,24.733563504695155,38.3588660292487,2074.60462338318,31.501669902548528,76.22170305651504,26.359408738753274,12.101143015512918,53.54107776513939,0,2026-08-25 06:31:49
2024-01-11 20:27:00,CNC-03,H,297.9257186320206,310.8639631700507,2375.7316736069065,24.485847243885132,28.353021577287457,2.9014406716642354,10.759505573179027,53.513203652489395,0,2026-08-25 06:31:49
2024-01-11 20:01:00,CNC-02,M,299.87186943883916,313.9211118983702,2374.92647550891,26.162184566809326,148.35959345843446,3.2140392609770494,11.379199909344196,51.63421765369111,0,2026-08-25 06:31:49
2024-01-11 04:10:00,CNC-03,H,296.2000688368167,308.6729453999739,2373.439064596412,22.178023032517917,44.9836785676633,3.014081950060456,9.844662188012018,58.79149696402527,0,2026-08-25 06:31:49
2024-01-11 05:24:00,CNC-03,H,295.72121480640027,309.98067991359557,2154.1001275399976,31.38535657270581,137.1484211189578,2.88807683798,12.424109935090941,57.19166904919305,0,2026-08-25 06:31:49
2024-01-11 00:40:00,CNC-01,L,298.7652160995713,310.7934179388562,2726.7826101352816,15.937779727870911,44.20457883412134,3.256408414408271,8.000073747325482,56.406263921364356,1,2026-08-25 06:31:49
2024-01-11 09:46:00,CNC-01,L,296.3028669190963,310.6789718086637,1529.1538486505526,47.67880285456312,121.91768590030215,2.429041925743705,13.752067769480131,55.13412371559698,0,2026-08-25 06:31:49
2024-01-11 02:18:00,CNC-03,H,297.25250007215186,310.3412342667251,2365.0862397595847,21.923359997473526,167.93247968995234,31.97860230406465,9.786363384022373,55.5456817669246,0,2026-08-25 06:31:49
2024-01-11 09:48:00,CNC-01,L,296.637477486966,311.11363853794967,1473.3214873679442,48.68093319351658,125.07711861158934,2.3167690552585025,13.63918330749887,52.361877107288905,0,2026-08-25 06:31:49
2024-01-11 22:38:00,CNC-03,H,297.16321113699115,310.16529031971345,2693.271312262405,19.057664401858393,174.61381425585563,3.583435195816234,9.544042678851342,56.41219972222534,0,2026-08-25 06:31:49
2024-01-11 03:26:00,CNC-01,L,24.096805667364663,37.08507101064009,2397.5088802085447,24.63339471407248,28.58112893818013,29.56218199526724,11.12588651732418,60.524938635874264,0,2026-08-25 06:31:49
2024-01-11 02:02:00,CNC-01,L,298.39166393777947,310.5743336163578,2610.3039142639864,16.504753780409484,132.7077027966678,3.4725272094026014,8.180818175038496,54.18392035709743,0,2026-08-25 06:31:49
2024-01-11 00:43:00,CNC-01,L,298.87568850383155,311.1558376725626,2814.9209390206934,17.25773452187709,47.342545640631414,3.3502595153042045,9.136670621193797,54.861026044701035,0,2026-08-25 06:31:49
2024-01-11 23:52:00,CNC-02,M,298.3322481870734,310.2251778929347,2758.708285579283,12.317968513306283,154.24435691211835,3.554911661799615,6.189001583618856,52.16439343088257,0,2026-08-25 06:31:49
2024-01-11 20:55:00,CNC-03,H,297.6908100852942,311.2373921426524,2451.212295739367,26.30068576932186,60.78514251016429,2.953414068391199,11.927892356641276,58.28562853893571,0,2026-08-25 06:31:49
2024-01-11 00:46:00,CNC-03,H,298.54074680030607,310.6028799862196,2809.401477663681,15.773119385147648,68.03153108333662,3.375851976437461,8.530593344285831,55.11489925630968,0,2026-08-25 06:31:49
2024-01-11 18:02:00,CNC-01,L,27.39952641131765,40.6841689996819,2103.998447256011,30.61889327859196,17.537228082401498,2.738143227204752,11.982371623730252,51.09393960040849,0,2026-08-25 06:31:49
2024-01-11 08:27:00,CNC-01,L,296.5325420886021,310.2689685756074,1631.9499077764794,44.19559997699185,1.505583261506743,2.291912455881615,13.620319521872004,60.61860911074906,0,2026-08-25 06:31:49
2024-01-11 03:37:00,CNC-01,L,24.171981794841486,36.696291049225124,2410.5920522913875,22.111462215590763,41.39952211918954,3.0352918483667475,9.860348422901081,58.59509794145095,0,2026-08-25 06:31:49
2024-01-11 02:26:00,CNC-03,H,297.2469347330434,311.0688301254019,2530.222500791481,23.966843740246873,176.82783696250112,3.460566541725529,11.557458714790696,54.27989567371518,0,2026-08-25 06:31:49
2024-01-11 08:44:00,CNC-01,L,296.3819917713714,310.37867249578505,1520.527100551332,47.477155214301185,27.04023805460514,2.0889577308318508,13.595787030131243,55.471317701895394,0,2026-08-25 06:31:49
2024-01-11 08:27:00,CNC-03,H,294.465337354436,309.66716574487543,1580.3982961254596,50.731159081025154,159.19439994993417,2.4818843002023154,14.991923803422194,65.06275729872888,0,2026-08-25 06:31:49
2024-01-11 21:16:00,CNC-03,H,297.8376541198055,310.7465322555553,2520.9261220731046,22.090900466979008,84.37176791172952,2.9806491943371496,10.232549587740118,55.95201645209269,0,2026-08-25 06:31:49
2024-01-11 11:04:00,CNC-02,M,295.86519850136057,311.07189236310074,1371.805748031448,54.71831742306189,228.22546932196786,3.005162535902207,13.817274171057178,58.77079048660166,1,2026-08-25 06:31:49
2024-01-11 02:03:00,CNC-02,M,297.4673293524834,310.5452707972635,2589.0405463258217,18.776974457341264,181.3428030622434,3.6212258542399365,8.787927054681816,51.65061985578672,0,2026-08-25 06:31:49
2024-01-11 19:04:00,CNC-03,H,298.2774721736565,312.542510365656,2143.6161059798815,31.257086306826615,149.71782774363504,2.9139634371352847,12.291376588011167,54.20655784953114,0,2026-08-25 06:31:49
2024-01-11 06:49:00,CNC-01,L,296.4529705223394,310.6565391167812,2020.938907905181,34.34260739563887,94.81796129243807,2.7325040685504565,12.794034240870777,57.81558367686022,0,2026-08-25 06:31:49
2024-01-11 20:36:00,CNC-03,H,298.05341082354676,311.13967201839677,2529.5768221987005,23.37623899340402,38.74257966819419,3.0569243143136218,10.815569893806456,53.078433811484686,0,2026-08-25 06:31:49
2024-01-11 17:31:00,CNC-02,M,26.027316356908614,40.66851722836566,1863.749433321741,38.92977507009836,162.6126420330138,2.8645176254678186,13.63767423836257,53.139029290565695,0,2026-08-25 06:31:49
2024-01-11 18:09:00,CNC-01,L,27.297490729776882,40.89280023142783,1859.44215594252,34.73663021799946,26.849531151868668,2.4540488945008634,12.057278089250556,54.3665982305962,0,2026-08-25 06:31:49
2024-01-11 01:39:00,CNC-03,H,297.90507176836775,310.13728861753304,2671.6347386687535,16.543789378621675,125.01003103762379,3.292010521188643,8.012133581447188,54.931902127698955,0,2026-08-25 06:31:49
2024-01-11 16:28:00,CNC-01,L,300.18333660654696,314.77257338298335,1875.3507415771976,40.440931947931205,125.36908882440537,2.5657723543037823,14.209689245126873,54.23997841484511,0,2026-08-25 06:31:49
2024-01-11 10:10:00,CNC-02,M,295.75263161119756,310.40228757465474,1373.5982138205907,50.777123656700944,143.08668698257839,2.227079670740377,12.943684452993844,63.34787374298078,0,2026-08-25 06:31:49
2024-01-11 17:12:00,CNC-03,H,0.0,310.80247804435595,1888.5383341801426,34.983250160200505,1.4056314269557284,2.4229331837377406,12.67743001152717,61.16621395095303,0,2026-08-25 06:31:49
2024-01-11 06:09:00,CNC-01,L,301.90879044309276,309.1277945115311,2130.127071864274,28.235590824271544,40.729882059392246,2.768580963717417,11.254098826465983,50.68689695388611,0,2026-08-25 06:31:49
2024-01-11 07:46:00,CNC-01,L,296.0498543807551,310.9851805554681,1721.0851719754608,45.32093021923489,175.7552083706466,2.8663999081210103,14.694659449821117,59.01723488166068,0,2026-08-25 06:31:49
2024-01-11 04:24:00,CNC-03,H,295.77989237714917,309.4144108974009,2265.3213148888954,28.48187619168638,62.05975932104226,54.74611481171092,12.06084787242924,56.62753471359156,0,2026-08-25 06:31:49
2024-01-11 10:47:00,CNC-03,H,294.6839576665322,309.41422619748187,1434.4614341025333,52.916035045427826,150.92271598715183,2.3880343962621624,14.232594693713587,59.461857851103964,0,2026-08-25 06:31:49
2024-01-11 16:11:00,CNC-01,L,300.0766974587477,314.21420180903556,1765.4905465561446,41.25719730079286,100.93015528679787,2.5149903331583805,13.68606987833961,48.37892717090564,0,2026-08-25 06:31:49
2024-01-11 19:32:00,CNC-02,M,299.9418751561982,314.4624692635179,2060.9237933948366,33.91216502431539,113.25188954433929,2.819768600806424,13.155991285357363,48.24748236386619,0,2026-08-25 06:31:49
2024-01-11 18:47:00,CNC-02,M,305.5945095792282,314.00526519610736,2186.474467114871,33.38796900354968,57.16808011818216,2.7271204743984705,13.728046278327236,42.22231955861701,0,2026-08-25 06:31:49
2024-01-11 16:29:00,CNC-02,M,298.90035535157233,313.4171451911489,1849.2981976458375,39.58463986111476,75.78759631998764,2.500573524064972,13.621934739519972,52.20855217702172,0,2026-08-25 06:31:49
2024-01-11 08:47:00,CNC-01,L,296.2406057007181,310.0553888817641,1630.4306708543204,43.97675270686103,31.582050734025657,2.28649848829249,13.21980075238722,59.00325543219716,0,2026-08-25 06:31:49
2024-01-11 08:37:00,CNC-02,M,295.49134236781777,309.61127241429426,1618.5713329646076,45.20431088787689,0.0,2.1455631552912124,13.475026127455546,59.82213359625758,0,2026-08-25 06:31:49
2024-01-11 19:41:00,CNC-03,H,298.06060479360633,312.0822082561555,2497.1745426163607,24.184391718455363,195.49612716897383,3.639826128323865,11.448556497885914,51.19498510792978,0,2026-08-25 06:31:49
2024-01-11 20:20:00,CNC-01,L,300.6480098717629,314.7831317195639,2331.8710727769376,28.646950933703174,189.28791836451828,3.662050642867969,12.372445721351271,45.93258789702408,0,2026-08-25 06:31:49
2024-01-11 18:22:00,CNC-02,M,32.08652051619691,39.34227051112987,2008.4260706829505,30.82298630988138,24.98450250310165,2.517477591274604,11.79046996320308,39.049434785084294,0,2026-08-25 06:31:49
2024-01-11 05:17:00,CNC-03,H,295.85468782795914,311.0217669166901,2183.3724887798417,37.14909653652839,128.2282096495739,2.96052642915751,15.16088099016741,54.9614641954559,0,2026-08-25 06:31:49
2024-01-11 12:01:48,CNC-03,H,300.2003951800656,307.88257377254405,1402.0052897366504,49.27423761103533,46.05772662778059,2.0410527373449434,13.037129897267677,46.91659574296256,0,2026-08-25 06:31:49
2024-01-11 09:05:00,CNC-01,L,296.1412086317924,310.0479145385512,1691.3341490078042,41.82471962228264,58.712154674326186,2.2940726467741195,13.189504085070068,58.134786696968945,0,2026-08-25 06:31:49
2024-01-11 01:40:00,CNC-02,M,298.0952464741505,311.41435159935975,2620.510402812068,20.588164226760615,156.28451931564615,3.47303086217326,9.884020157636831,53.75609919573441,0,2026-08-25 06:31:49
2024-01-11 17:20:00,CNC-02,M,26.22270098779444,40.450072747636455,1856.9988936603356,35.87798346720102,147.51269747708756,2.7038223480303087,12.535608229144051,51.786276961146946,0,2026-08-25 06:31:49
2024-01-11 15:48:03,CNC-03,H,296.2475597383269,310.6533155762292,1656.4809525040303,43.81951279102384,135.1782160628604,2.472741113772095,13.467461922735078,59.09799281448268,0,2026-08-25 06:31:49
2024-01-11 16:22:00,CNC-02,M,298.94875349542497,313.5469861776849,1918.9289296942459,38.40939486334995,65.76051227452818,2.6690367069616023,13.789700233458431,52.180557680482984,0,2026-08-25 06:31:49
2024-01-11 15:59:00,CNC-01,L,299.6492780898682,313.889300502528,1751.4228128950458,41.49657330467775,83.36003465387678,2.4323735296094133,13.575562680730965,51.59175763252421,0,2026-08-25 06:31:49
2024-01-11 03:54:00,CNC-01,L,297.17000443581173,310.4327793342369,2476.4562495331525,24.87801479113546,61.27578085553382,2.9290841984797664,11.45146771388647,56.23318806732875,0,2026-08-25 06:31:49
2024-01-11 12:45:00,CNC-03,H,300.39959324163675,308.6502108863536,1377.5477698904374,53.83384629032759,112.72530965504416,2.1060757825718257,13.938017864632705,48.811466671595944,1,2026-08-25 06:31:49
2024-01-11 15:43:00,CNC-01,L,299.4648629098715,313.59275939258026,1691.0965868897617,42.609658295264715,60.00549312604424,2.27793465606118,13.359473701179594,51.44334425508554,0,2026-08-25 06:31:49
2024-01-11 05:18:00,CNC-03,H,295.83253574118095,309.79696841913034,2236.2121736721665,29.33941438675277,129.48635956623667,2.963209357196111,12.180949612813949,61.4459484809863,0,2026-08-25 06:31:49
2024-01-11 14:33:00,CNC-01,L,298.48364748418743,312.9060768634703,1532.4481251764762,47.81443471928019,161.57768981257144,2.536913092805213,13.885560556759046,56.53199340353774,0,2026-08-25 06:31:49
2024-01-11 17:14:00,CNC-01,L,300.2663043052369,315.8292347129317,1873.3809815686507,44.6261012953192,190.18062913223338,3.1778705575076587,15.43282294059031,45.17476549826801,0,2026-08-25 06:31:49
2024-01-11 15:42:00,CNC-02,M,298.65987937704364,312.6737928830976,1705.5366114433307,40.69984800125523,7.364242332320547,2.3289755283777542,12.958689580762856,52.659018648472944,0,2026-08-25 06:31:49
2024-01-11 20:12:00,CNC-03,H,297.72781946296413,309.6969610401548,2475.801649233511,18.08701030220144,10.691633937241006,2.9758008871247204,8.116925786071555,55.90130054846157,0,2026-08-25 06:31:49
2024-01-11 14:05:48,CNC-01,L,298.3770472725842,312.78020317551295,1422.6786703900923,49.740711675352266,119.85900131560572,2.2913055000925366,13.515726652062012,58.59676901511544,0,2026-08-25 06:31:49
2024-01-11 02:33:12,CNC-01,L,298.0560049488591,312.1174382692978,2520.7876402064635,25.86720973180261,168.0750149136967,3.5349690017457305,12.129330817065405,55.34421182249467,0,2026-08-25 06:31:49
2024-01-11 20:02:00,CNC-01,L,300.55446463930235,314.228759636178,2422.411470360385,25.22846102892702,168.08962746359072,34.30466577182803,11.392069477289914,47.86792814132954,0,2026-08-25 06:31:49
2024-01-11 11:27:00,CNC-02,M,295.9829984632927,310.24070542154135,1410.872278252461,51.644247428153,34.807932450348886,2.0533316453413555,13.495426266836908,58.563054119770754,0,2026-08-25 06:31:49
2024-01-11 07:19:00,CNC-01,L,296.30536823130274,310.95025544194084,1782.1321576645255,41.91824500749732,136.87796709343843,2.625300045647141,13.774120440288387,57.75875665334799,0,2026-08-25 06:31:49
2024-01-11 07:02:00,CNC-01,L,296.1818950475789,309.89775750414,1734.6381872568072,36.554374134102886,112.91459664595794,2.4351634950464915,11.830294702581051,58.046623021483434,0,2026-08-25 06:31:49
2024-01-11 17:04:00,CNC-01,L,300.47654645547993,315.0758752950299,1793.588194655255,40.17317557489784,176.32242873666468,2.9745699261640435,13.509748304600746,54.876890812715615,0,2026-08-25 06:31:49
2024-01-11 07:28:00,CNC-02,M,295.387022137972,310.1102490584063,1781.546908374262,40.17863162318783,147.7737190673631,2.7571407544482684,13.170656252906864,58.303122272318284,0,2026-08-25 06:31:49
2024-01-11 17:01:36,CNC-02,M,299.45056836691043,313.5729564319252,1899.152039128387,35.133342502104036,123.80072696822911,2.5981500442174705,12.4611822307094,54.66743773530455,0,2026-08-25 06:31:49
2024-01-11 19:18:00,CNC-01,L,300.2529004922419,313.18495447374795,2353.479131636493,22.82174908065622,114.73921367237675,3.0074929205024588,9.922181838752039,55.555363484042296,0,2026-08-25 06:31:49
2024-01-11 01:26:00,CNC-02,M,298.43274227444516,311.0576572703758,2627.8724730495546,18.2871904333363,140.9852514579985,3.454190861495222,8.955895725922963,57.40751359806605,0,2026-08-25 06:31:49
2024-01-11 14:28:00,CNC-03,H,295.8416145464047,309.6063131443079,1537.7136146178022,47.284519575667034,13.878900581525176,2.1723461025658075,13.523448355319802,59.41226831734317,0,2026-08-25 06:31:49
2024-01-11 11:47:00,CNC-01,L,297.3108969793688,,1251.6620306491975,52.295538704207964,121.84106723370594,2.051188408578636,12.345364895607224,57.63751168097041,0,2026-08-25 06:31:49
2024-01-11 20:23:00,CNC-01,L,300.43358732906506,314.30179834828874,2437.9813558765422,24.0476280618131,192.73421687596797,3.6622035308504226,11.046603532671822,50.70130162798799,0,2026-08-25 06:31:49
2024-01-11 02:24:00,CNC-03,H,297.1348807666496,310.5229263226193,2561.6642209257584,22.804934833110195,174.5596775326443,3.397129763313454,10.954867476031573,58.465047315743604,0,2026-08-25 06:31:49
2024-01-11 19:50:00,CNC-03,H,297.8396132090461,312.29213973743896,2415.0427175693926,28.379544881552818,206.31021121707036,3.588848209754235,12.975884779510535,55.54928018018618,0,2026-08-25 06:31:49
2024-01-11 05:46:00,CNC-01,L,302.17282106939615,309.5041134135746,2156.590164215763,30.26792519481986,10.351348204718697,2.8146448210505106,12.325584275816674,43.85960951182896,0,2026-08-25 06:31:49
2024-01-11 21:11:00,CNC-02,M,299.1699392229693,313.53622070896824,2437.2420165781623,25.747169404297118,229.45249582905868,3.8856261129001717,11.799353993025214,52.15127039376898,0,2026-08-25 06:31:49
2024-01-11 05:54:40,CNC-03,H,295.3799114919481,309.90414314934236,2065.7333178631175,34.28444908084153,176.38024757910188,3.0566260414803557,13.324821773670942,61.235343858575604,0,2026-08-25 06:31:49
2024-01-11 21:32:00,CNC-02,M,299.4834753601147,311.03709953299244,2772.7058772232767,13.692345567381764,3.313427609441562,3.1840342165583913,7.143214527348008,53.51965722870806,0,2026-08-25 06:31:49
2024-01-11 18:12:00,CNC-03,H,24.815653150490903,38.89055259334168,1940.8801690181967,36.6261281659364,82.87495601719203,2.5770581909723833,13.035769413119898,57.27305719194284,0,2026-08-25 06:31:49
2024-01-11 04:02:00,CNC-03,H,295.99830351843895,309.329868988952,2285.0072817174887,28.204559450968155,35.396362591737706,2.906102473733542,12.405496567754149,59.614413704812904,0,2026-08-25 06:31:49
2024-01-11 07:31:00,CNC-01,L,296.3691149308439,311.32044435975104,1648.8276148950956,45.50849397060386,154.12713956195338,2.6431659685746736,13.846682532942246,52.75962087279969,0,2026-08-25 06:31:49
2024-01-11 09:31:00,CNC-03,H,294.44273816969235,308.32109847068125,1494.7567196562588,47.77210161420862,32.192353510677854,20.281549268088877,13.361332986862221,59.67669882989948,0,2026-08-25 06:31:49
2024-01-11 19:12:00,CNC-02,M,299.33367777970227,313.12325646544775,2289.6096161365067,27.931136566381085,88.59306873055542,2.843826271364459,11.818799636001078,52.54096951160851,0,2026-08-25 06:31:49
2024-01-11 11:00:00,CNC-01,L,296.6205532799299,309.9100290766718,1340.9441924410837,46.86730976982441,47.42080235706029,2.0438528299510446,11.996451237000487,54.25673599165155,0,2026-08-25 06:31:49
2024-01-11 12:32:00,CNC-01,L,297.2419673917302,311.9337794916104,1366.3985208587997,54.07946640763627,193.05325421365907,2.744614102186115,13.806541280208387,58.59974053701761,0,2026-08-25 06:31:49
2024-01-11 22:56:00,CNC-01,L,300.1558741931955,312.8412658173052,2591.329758543057,20.069451735558285,121.96451549236728,3.2971222547416024,9.752745324389682,51.997983866332895,0,2026-08-25 06:31:49
2024-01-11 10:02:00,CNC-02,M,295.68392273105513,310.07811793767047,1449.9690966665592,47.95736347813967,130.44458194143144,2.280842229108122,12.903083356044645,61.342992465067915,0,2026-08-25 06:31:49
2024-01-11 15:37:00,CNC-03,H,295.8993826145796,310.0420888799039,1760.1657742765494,38.32644871825691,118.81042006222583,2.3735747732087003,12.57573587608174,59.22347950876369,0,2026-08-25 06:31:49
2024-01-11 16:38:00,CNC-03,H,296.7272021677953,312.137595667506,1796.7175267431564,44.8028186870163,207.81028329655635,2.893290588973264,15.294060176642827,56.8320781322321,0,2026-08-25 06:31:49
2024-01-11 02:35:00,CNC-03,H,296.93681688037026,310.32871497557267,2607.9966771162253,21.43563432374811,186.84755560360875,3.5209447262800047,10.34390129316221,58.10315831238784,0,2026-08-25 06:31:49
2024-01-11 03:04:00,CNC-02,M,24.245423412877926,35.994220263765044,2523.1698530471167,15.955796758719789,28.43364471840811,3.0552368195532824,7.52031976038827,55.13208361578529,0,2026-08-25 06:31:49
2024-01-11 06:41:00,CNC-01,L,295.9551566390894,310.157242130388,1983.0144584236832,35.714460523026005,84.0446829998336,,13.137158552437675,55.15719165142459,0,2026-08-25 06:31:49
2024-01-11 22:06:00,CNC-03,H,297.2532537419956,310.6646144658567,2505.78412455827,22.707370072778374,140.20755749132442,31.338616513695197,10.607887074315185,60.885344930873046,0,2026-08-25 06:31:49
2024-01-11 13:28:00,CNC-01,L,297.71591195265086,311.57303199682207,1579.6688392040112,43.36637541399892,60.00853895792489,2.2653885520470083,12.914400850912502,56.91457182541469,0,2026-08-25 06:31:49
2024-01-11 07:15:00,CNC-01,L,296.46873145199885,311.4458301340416,1857.9747007575593,42.064090471741196,131.09559060508107,2.665161160224521,14.635094015991358,56.67545949205953,0,2026-08-25 06:31:49
2024-01-11 02:30:00,CNC-02,M,297.46073280518317,310.7387992776021,2632.1190684706507,19.609327728310404,211.34710954725557,3.9680092474145536,9.69897778061592,0.0,0,2026-08-25 06:31:49
2024-01-11 02:45:39,CNC-03,H,23.623218478186686,37.23065207112495,2512.3051779312386,22.3461173146659,198.17951601373397,3.6911580591381505,10.608130241455937,56.69799809960664,0,2026-08-25 06:31:49
2024-01-11 05:49:00,CNC-01,L,302.1797781169607,309.318960165032,1833.183140202549,33.53085874983335,14.33104578288995,2.4393159327585847,11.59017559845043,47.04505363659372,0,2026-08-25 06:31:49
2024-01-11 22:26:59,CNC-02,M,298.9164542964668,311.5209592576713,2670.1539671967525,18.172199465861706,63.46357022523159,3.2548468226723197,9.021000305147075,57.31432150992096,0,2026-08-25 06:31:49
2024-01-11 00:20:00,CNC-01,L,298.5549489523354,310.47180343798937,2851.338894487651,15.584764985853985,22.70529127785094,3.4567587790664778,8.305238566059536,52.81614745804164,0,2026-08-25 06:31:49
2024-01-11 11:41:00,CNC-02,M,296.3160107811172,310.9143273057199,1375.596328784579,52.90545817316245,56.93575764013263,1.9477471975235638,13.63501227071458,,0,2026-08-25 06:31:49
2024-01-11 20:43:00,CNC-03,H,297.77671328069323,310.3577801546423,2392.389396882582,23.152511439087313,46.8747724389743,2.9484733383883786,10.474244490092792,54.45516696746651,0,2026-08-25 06:31:49
2024-01-11 08:16:00,CNC-03,H,294.5171732022127,309.4568060434532,1724.6337780076394,44.80072746487591,142.97424697887698,2.4747059349718508,14.323400578186838,60.917074967724105,0,2026-08-25 06:31:49
2024-01-11 06:43:00,CNC-01,L,296.21770852937027,311.2098927244979,1926.5208633985592,41.472006286620484,86.73635965695792,26.427786609269177,14.880567631061002,57.04787847270836,0,2026-08-25 06:31:49
2024-01-11 00:14:00,CNC-01,L,299.02339289755935,310.28336863409567,2704.6672978137717,13.557840057450258,16.375399053631725,32.168165654905934,7.007128598857495,55.309718959775324,0,2026-08-25 06:31:49
2024-01-11 21:05:00,CNC-02,M,299.4845888506751,313.72077859924815,2522.0655264176166,24.13594489260558,222.67522025647398,3.8346766801724694,11.360391589013789,56.15925075479187,0,2026-08-25 06:31:49
2024-01-11 19:33:00,CNC-02,M,299.90124160211906,313.86839437648837,2270.71345932528,28.17002658247116,114.4697482704549,2.9515090635180417,12.054837733380472,52.156123117306855,0,2026-08-25 06:31:49
2024-01-11 19:20:00,CNC-03,H,297.9248942110287,311.79441097478457,2237.9569377427238,28.54791748230533,169.82090171331123,3.0255300574533726,11.985179572888592,56.594985445714336,0,2026-08-25 06:31:49
2024-01-11 12:35:00,CNC-03,H,300.22873518994555,308.7108230281001,1369.2333472381522,53.234778696553164,96.79084445030905,2.0927092973295593,13.492498405077319,51.55548582840596,1,2026-08-25 06:31:49
2024-01-11 12:49:00,CNC-01,L,297.4859132660326,312.6127939842295,1396.4297411081332,53.73336116668929,220.18710192692458,3.051444767080078,14.008598893450074,60.793034049337976,1,2026-08-25 06:31:49
2024-01-11 00:30:00,CNC-01,L,298.94827389559896,311.4453561379288,2639.7984440988184,19.569809617114256,33.491505136278874,3.0632203619696043,9.559126557811704,54.43442723540465,0,2026-08-25 06:31:49
2024-01-11 19:05:00,CNC-02,M,300.0205884631626,313.713384007853,2183.4735938909002,27.932914327659113,79.78443476331998,2.766658216471672,11.457645553709396,50.18330742775517,0,2026-08-25 06:31:49
2024-01-11 09:48:00,CNC-02,M,295.80907153306663,310.5180758316001,1681.0092184806206,46.651471315273966,108.69046277697207,2.473494937891527,14.66756827375733,56.6029618284109,0,2026-08-25 06:31:49
2024-01-11 15:32:00,CNC-02,M,298.52333841998313,313.63207766452024,1644.7080683965946,44.640255936221656,214.63323195010338,3.0039197617683655,13.7031557482969,57.20037749052516,0,2026-08-25 06:31:49
2024-01-11 13:35:00,CNC-02,M,297.3739392480248,311.8758532527435,1613.648415645746,48.64454469851156,34.65910716509426,2.2471181371871576,14.614945886075647,54.55797133145577,0,2026-08-25 06:31:49
2024-01-11 00:45:00,CNC-03,H,298.64051050209326,310.2876575490752,2716.4872364925427,14.88694105488767,66.98112806087013,3.2259506684847663,7.552889404935267,56.551472697204424,0,2026-08-25 06:31:49
2024-01-11 06:50:00,CNC-01,L,296.3980689337332,310.4960735872124,1902.6582480191928,37.14908870169009,96.163788750441,2.6838985155785267,13.139955189865656,59.2880576369666,0,2026-08-25 06:31:49
2024-01-11 06:34:32,CNC-02,M,295.7367768939205,310.3389317358129,2017.681285443607,38.84719134106683,75.1644821234767,2.731811975726091,14.720919942138092,61.19573088491149,0,2026-08-25 06:31:49
2024-01-11 09:27:00,CNC-01,L,296.4072745455521,310.95065812775647,1436.1187021117566,52.37463413797464,92.54238326231821,2.141496557303895,13.991041201082318,57.4265738763668,0,2026-08-25 06:31:49
2024-01-11 13:46:00,CNC-03,H,295.2023695432827,310.1394734789438,1477.130106916942,50.914692566791494,209.03198428038283,2.6943492786626,14.027440464277726,54.08027341602856,0,2026-08-25 06:31:49
2024-01-11 17:27:00,CNC-03,H,24.434877741439323,38.62318701967894,1956.7640668052761,38.52379755404255,22.127591154076004,2.5362733778249216,14.348645830234785,56.26457127657109,0,2026-08-25 06:31:49
2024-01-11 11:55:00,CNC-01,L,297.4561015747529,311.5466266686932,1287.8045435065471,52.207871052208716,134.46321125704404,2.0751465526936514,12.421252624203492,54.059376406501336,0,2026-08-25 06:31:49
2024-01-11 01:44:00,CNC-03,H,297.6698010615563,309.1322804382261,2602.042225528895,12.419864849225908,130.504006136206,3.3697854104964957,6.139478941571295,58.054362579229135,1,2026-08-25 06:31:49
2024-01-11 02:12:00,CNC-03,H,297.12303148342716,308.8942727261446,2714.4527140081373,12.608586764825306,161.261315171223,3.5167507690212494,6.377990429508138,58.01134743560033,0,2026-08-25 06:31:49
2024-01-11 00:38:00,CNC-01,L,298.6868928916551,309.61701408114254,2788.871668779876,10.974512329493592,42.05266949980529,3.328259280626464,5.882395518110596,57.721296541864135,1,2026-08-25 06:31:49
2024-01-11 18:34:00,CNC-02,M,,313.03812739669223,2187.400131394504,29.02813728360606,40.578956314706765,2.743270261916964,11.920556651665029,41.193627124573375,0,2026-08-25 06:31:49
2024-01-11 02:47:00,CNC-03,H,23.997110023894095,37.071664899984,2542.8090779446097,19.551179816493047,200.40576219703294,3.590524715394386,9.375498034575456,51.50328350289662,0,2026-08-25 06:31:49
2024-01-11 04:16:00,CNC-01,L,297.1539294524653,310.6632351183979,2320.11124232787,27.487495485158703,87.93246915072879,3.043985692816488,11.962665007982693,58.43164257907906,0,2026-08-25 06:31:49
2024-01-11 14:13:29,CNC-03,H,295.5429826080039,310.24577087582543,1485.0809998890516,47.06537579004653,252.74929498408517,3.26504538172356,13.189367415475889,61.01287260196701,0,2026-08-25 06:31:49
2024-01-11 22:26:00,CNC-03,H,297.1529771045784,309.5206681321789,2664.5664604625404,16.061389336081888,161.75107934095948,3.4440764450913623,8.240339012676614,55.293463313931746,0,2026-08-25 06:31:49
2024-01-11 07:50:00,CNC-02,M,295.15939696925375,310.8141848068713,1753.0336980138952,46.27142655699201,179.37677645008256,2.8080896457627076,15.34928428635856,57.814879483135655,0,2026-08-25 06:31:49
2024-01-11 03:25:00,CNC-02,M,23.939065352235787,36.55834809360965,2507.372642533131,20.453562170887906,52.54877526026198,3.153120858004454,9.614494128093565,55.70965382908099,0,2026-08-25 06:31:49
2024-01-11 15:49:00,CNC-02,M,298.8196022828966,312.446879275625,1466.62655940134,45.17685909041355,17.802156781706177,2.117940961254312,12.237509709225778,53.12790128516918,0,2026-08-25 06:31:49
2024-01-11 11:18:00,CNC-01,L,297.2097965925024,311.5448588216709,1492.9128903210392,48.60103065992884,75.98321001897506,2.223572643631884,13.629575678856453,56.17857284186091,0,2026-08-25 06:31:49
2024-01-11 01:38:00,CNC-01,L,298.28727124660145,310.62042214401885,2558.6043132993996,17.759880234168623,106.57214559121545,3.1704325375380322,8.29402309292412,51.42505163095487,0,2026-08-25 06:31:49
2024-01-11 13:41:00,CNC-03,H,295.01223965384025,310.2716677485871,1399.5190703823052,55.305104778838974,201.1878667301836,2.508805023336992,14.39127045962968,58.03638071131626,0,2026-08-25 06:31:49
2024-01-11 13:58:00,CNC-01,L,298.5787710681661,312.8993414776919,1408.3444952643374,47.79017870569728,107.23480056674332,2.1942922282093975,12.712958769213277,56.292961114771906,0,2026-08-25 06:31:49
2024-01-11 12:07:00,CNC-03,H,300.25365266109793,308.0919254901223,1354.553013769439,49.12491849824876,52.38931473979217,2.0504907195540563,12.3598652642031,52.53620173393614,1,2026-08-25 06:31:49
2024-01-11 13:47:00,CNC-03,H,295.4792102525956,309.9393731460171,1323.0433374708787,52.09865681680792,210.60715554854008,2.5772352624480965,12.785945117310037,58.543688064723966,0,2026-08-25 06:31:49
2024-01-11 06:57:00,CNC-01,L,296.22674315672106,310.4576215672886,1811.2006311686628,39.06678838217879,105.92673815265391,2.59345843381177,13.31141950209893,62.82180488997915,0,2026-08-25 06:31:49
2024-01-11 23:39:00,CNC-01,L,299.81429028243116,311.9851499646402,2720.2366102088517,15.362363259434394,167.69943840087694,3.745580875456512,7.874419454151795,43.328554371674,0,2026-08-25 06:31:49
2024-01-11 13:39:00,CNC-02,M,297.102384500009,310.752952116834,1447.999620073933,44.96030523725072,40.89249849612333,2.1334584229685305,12.019500400361116,56.30431969504042,0,2026-08-25 06:31:49
2024-01-11 02:32:00,CNC-03,H,296.9495137967427,311.18222322168424,2469.9142443830824,26.52122947710467,183.51642051087774,3.4778770353537256,12.030758339614263,54.82868574346983,0,2026-08-25 06:31:49
2024-01-11 21:18:00,CNC-01,L,300.0341368698191,311.9689555728354,2653.9099650135604,16.775574727336657,14.742115569668528,3.148063722511268,8.171387956945978,51.53947848030627,0,2026-08-25 06:31:49
2024-01-11 23:42:00,CNC-03,H,296.8754082405336,310.07223957273175,2630.5571606804974,18.66005766206589,242.76737191401344,4.095093710997695,9.076425829636179,59.59713924008294,0,2026-08-25 06:31:49
2024-01-11 13:44:00,CNC-01,L,298.1648446667253,312.20201648179255,1437.1780445658487,49.90749853240755,85.22828792426226,2.249185178658459,13.421704495333096,57.005217987431585,0,2026-08-25 06:31:49
2024-01-11 21:05:00,CNC-03,H,298.0254069805229,310.30429476184656,2496.118278954283,,72.03613853550193,2.9772311681015275,8.222604653179005,55.45904815748449,0,2026-08-25 06:31:49
2024-01-11 05:46:00,CNC-03,H,295.23460364777804,309.5777791742306,1958.4901260104775,34.500884545809555,165.929935723486,2.9036678308376116,12.759471616429224,61.145405616617886,0,2026-08-25 06:31:49
2024-01-11 02:13:49,CNC-03,H,297.05589278076565,309.1047112981105,2626.068334589632,15.597566459953104,162.36235288622436,3.4392672855033495,7.913213743953604,55.45340872034112,0,2026-08-25 06:31:49
2024-01-11 04:09:00,CNC-03,H,296.3225327935356,308.3391951346319,2338.6462847787957,20.699124592551154,43.7964759025473,2.9540338263439057,8.690335578326795,53.88963926931651,0,2026-08-25 06:31:49
2024-01-11 19:46:11,CNC-02,M,299.79659379060683,313.22717629832266,2383.9376319667535,24.15634348667273,130.24403299282676,3.188027779542283,10.983660370708877,53.14114938234321,0,2026-08-25 06:31:49
2024-01-11 05:53:00,CNC-01,L,302.5945742124157,310.70670804975384,2012.061035801999,35.17828015241403,19.608368645107852,2.687846462005037,13.262175500933752,50.546105646471815,0,2026-08-25 06:31:49
2024-01-11 07:55:00,CNC-01,L,296.12296909237654,311.13693873794773,1610.3884573479797,48.93646150910193,188.92521568455732,2.832047773288331,14.896380958313852,56.10919656093446,0,2026-08-25 06:31:49
2024-01-11 10:27:00,CNC-03,H,294.3169115093272,308.3742256049969,1380.367172649407,48.81589570832829,119.33148995990376,2.0910786133567956,12.650174133137439,,0,2026-08-25 06:31:49
2024-01-11 03:26:00,CNC-03,H,23.41513194245124,37.51506326918036,2324.8968288056417,25.17387278087536,245.14474914600908,3.828253624585764,11.218200258788883,59.0700063411599,0,2026-08-25 06:31:49
2024-01-11 03:11:00,CNC-02,M,23.915057516296713,36.0808993017136,2467.410182553723,20.209757063822426,,3.096643173581085,9.548079666172061,51.75553385217377,0,2026-08-25 06:31:49
2024-01-11 07:17:00,CNC-03,H,295.0079353088913,308.95390251533007,1766.9600261464093,40.046594819638386,57.37611320527812,2.372471098079235,13.206536587944266,65.07754621808377,0,2026-08-25 06:31:49
2024-01-11 01:19:38,CNC-01,L,298.4681241180546,310.8777592912858,2756.935917865211,17.078939552213846,86.84209090486486,3.35688290362392,9.009004045081392,56.77366337265104,0,2026-08-25 06:31:49
2024-01-11 11:00:00,CNC-02,M,295.91640618959053,310.7870574185316,1273.0204625820159,55.472846291874596,221.82626982426345,27.54854029182926,13.155427449307185,62.49080720883253,1,2026-08-25 06:31:49
2024-01-11 03:53:00,CNC-03,H,296.3330218657333,308.73963029814183,2369.390105396126,21.332259654042254,24.522849157230976,2.991685475098225,9.770313726864385,55.47352337608843,0,2026-08-25 06:31:49
2024-01-11 19:24:00,CNC-03,H,298.06822093306647,312.34933877966523,2229.0717722033964,30.971980561559146,174.73797239228742,3.098343666815406,12.80211065084199,55.797660517676476,0,2026-08-25 06:31:49
2024-01-11 01:27:00,CNC-03,H,297.9447594172462,311.00151892189825,2616.111453539389,20.204256405833036,112.01467545310032,3.2689727282550844,10.101445789027544,55.93680511307546,0,2026-08-25 06:31:49
2024-01-11 13:16:36,CNC-02,M,296.99769310292993,311.2011681593543,1462.3073017197062,48.86380431468892,4.73169471586652,2.129327388054499,13.283244493886803,51.68511627854468,0,2026-08-25 06:31:49
2024-01-11 05:43:00,CNC-02,M,295.48991139268344,308.9358201395695,1969.9633286813169,32.788913003047654,3.939018292962161,2.578477207694549,12.127008780436244,59.36253993956159,0,2026-08-25 06:31:49
2024-01-11 14:27:00,CNC-03,H,295.55418202232966,309.1909426169711,1413.3695865158716,48.28449355305893,12.33796971161481,2.0826740529380747,12.959918270798669,57.9690508309817,0,2026-08-25 06:31:49
2024-01-11 10:36:00,CNC-02,M,296.08044642690123,310.551109315767,1502.847276628316,45.80098049409178,183.8894135396348,2.5584698424326864,13.066327656880512,55.21213055019372,0,2026-08-25 06:31:49
2024-01-11 19:37:00,CNC-03,H,297.9719173777758,311.82599911053916,2359.3234338257244,26.22672740713759,190.6719107556165,3.3979187780112423,11.514912520470796,54.114618267627705,0,2026-08-25 06:31:49
2024-01-11 06:35:00,CNC-01,L,296.4858327682954,310.16353278141014,2002.0302611256473,32.790914348434654,75.82326021671852,2.6527274162086063,12.409891292417026,59.27323575736647,0,2026-08-25 06:31:49
2024-01-11 17:18:00,CNC-03,H,24.12122688901337,37.7993070144326,1882.9035291827856,35.3736439332412,9.765164263968625,2.5632559138987974,12.468945907080279,57.24299529336685,0,2026-08-25 06:31:49
2024-01-11 11:29:00,CNC-02,M,296.29824449825713,309.99783809322116,1455.5715301493037,45.4329644622257,37.98204534250215,2.1378023379502995,12.353588602052888,61.00444554883148,0,2026-08-25 06:31:49
2024-01-11 19:58:00,CNC-02,M,299.7068380206597,313.64389895584293,2320.574518705744,25.5727393118113,144.77449332451363,3.1911595835470443,11.078468693582872,51.055312412626726,0,2026-08-25 06:31:49
2024-01-11 05:47:00,CNC-01,L,302.2958184384068,309.46383314394427,2101.3555293007807,30.303922827349737,11.668037542187538,2.7726303380496393,12.007229474537734,45.50123177430604,0,2026-08-25 06:31:49
2024-01-11 22:57:00,CNC-02,M,298.89422627858465,,2733.451910169303,12.85314560937321,96.03924053136535,3.311653175007948,6.578798209926664,52.091334831162236,0,2026-08-25 06:31:49
2024-01-11 12:02:00,CNC-02,M,296.39355728571405,310.51366792304117,1281.647197524176,54.46825383905539,90.33113041211415,19.644835555359798,,58.525433144956516,0,2026-08-25 06:31:49
2024-01-11 16:51:00,CNC-03,H,296.93855007319945,312.426966970132,1884.3857358794912,42.79664333820839,226.04740295467315,3.2800232435544596,15.274649845409177,58.75282758918081,0,2026-08-25 06:31:49
2024-01-11 18:30:00,CNC-03,H,298.0007294786735,312.30289896373404,2215.957966279134,32.099857250268,106.50027141671555,2.897713923525077,13.431512464809876,52.46714894076295,0,2026-08-25 06:31:49
2024-01-11 03:29:00,CNC-02,M,23.809814664099235,36.97794364556222,2605.071548010936,21.84490484795198,57.09901647911976,3.148477405021506,10.532624819859025,939.9981523202487,0,2026-08-25 06:31:49
2024-01-11 19:28:00,CNC-03,H,298.2366076552811,312.462279724281,2211.277516857931,936.9019796001455,179.5748054276783,3.1236934093611803,12.514702522584022,54.793719789834114,0,2026-08-25 06:31:49
2024-01-11 06:24:00,CNC-01,L,301.7945971561594,310.13865068893716,2030.2942252124433,36.58820088266049,60.84943440001812,2.6983235375290953,14.066016482821984,50.97449912740344,0,2026-08-25 06:31:49
2024-01-11 03:40:00,CNC-03,H,23.36643432492434,35.7355534872645,2423.5644501764473,20.447601831195033,9.304506945382114,3.0608382317882827,9.335481207303253,57.24676021758902,0,2026-08-25 06:31:49
2024-01-11 06:58:00,CNC-03,H,295.22538442432887,309.0379408823385,1858.4154394211525,38.75612494487108,30.468026218955192,2.4046498615430525,13.503577649144514,59.95917192670434,0,2026-08-25 06:31:49
2024-01-11 03:11:00,CNC-01,L,24.16974081097601,35.52767076865666,2507.1489403476685,14.462784099640938,11.126402212842368,3.136477985212478,7.075230975495419,53.31260048269661,0,2026-08-25 06:31:49
2024-01-11 11:56:00,CNC-01,L,297.0598940195209,311.35230494201085,1316.7303642551205,53.374113520836325,136.06321125704403,2.1710639467292103,13.516356910616874,53.29436241833381,0,2026-08-25 06:31:49
2024-01-11 09:22:00,CNC-03,H,294.3426469628576,308.24252146629976,1528.7367379017385,45.59475344638034,18.27767885933564,2.363129270867698,12.990721390959532,62.264810038242274,0,2026-08-25 06:31:49
2024-01-11 18:40:00,CNC-03,H,297.99507225207134,311.77312092018076,2073.650834701089,30.816292107149263,119.41108659588512,2.771831277924348,11.840350610214195,55.5239954311594,0,2026-08-25 06:31:49
2024-01-11 20:47:00,CNC-03,H,297.9780658984475,310.5134957560734,2478.6825748247406,20.62894303030369,51.50410533104909,3.055662152922484,9.386974505716212,48.7293548016738,0,2026-08-25 06:31:49
2024-01-11 16:41:00,CNC-02,M,299.2952206146781,313.5202320686163,1648.7146493796267,43.04443680840627,92.88739102367686,2.3079283692121533,13.227022464720838,52.49736340266394,0,2026-08-25 06:31:49
2024-01-11 09:55:02,CNC-01,L,296.3923573803145,310.9362579202853,1386.1811323034235,50.48756989182056,135.96683854636885,2.389496801175489,13.143222536615816,57.82296187459858,0,2026-08-25 06:31:49
2024-01-11 15:38:00,CNC-01,L,299.12386402646183,313.83908460118494,1674.9542945319333,46.38448898919543,52.63204790238083,2.3591723823467134,14.46983847303167,50.368897648674945,0,2026-08-25 06:31:49
2024-01-11 23:37:00,CNC-01,L,299.7821817480333,313.2342457920021,2679.2030170084204,21.69643534926278,165.56979952431254,3.6604368615834697,10.757609985758588,57.50178911156721,0,2026-08-25 06:31:49
2024-01-11 23:32:00,CNC-01,L,299.98107909320186,312.97375795214265,2719.483838122844,17.74362982290642,160.1982642473172,3.650646497985598,9.040031188217215,51.74422528382622,0,2026-08-25 06:31:49
2024-01-11 19:06:00,CNC-01,L,300.39413150246486,314.14143488825886,2267.808972888696,27.693356366434465,99.88348518050692,3.0093443158690025,11.628314333889978,51.675191147999335,0,2026-08-25 06:31:49
2024-01-11 03:42:00,CNC-03,H,23.090327979473443,35.66990114565948,2349.6391017776436,24.30282030285393,11.618420459657663,2.9044761185214374,10.693320140137741,56.27844071764618,0,2026-08-25 06:31:49
2024-01-11 16:17:00,CNC-03,H,296.6973224557638,310.95345952528476,1612.3140226337453,41.10216918871664,177.64469316858947,2.553669238596082,12.58237353185353,59.01892490774738,0,2026-08-25 06:31:49
2024-01-11 07:16:00,CNC-03,H,294.7745015010173,308.928159723063,2051.1134090618384,35.29700769575005,55.93954682844786,2.626076427047653,13.64072032351736,66.10850901594524,0,2026-08-25 06:31:49
2024-01-11 10:34:16,CNC-03,H,294.5594691760501,308.9198515415233,1480.0571203364225,49.200723004248175,131.96920991816395,2.334696928757262,13.42952704986545,60.43240858215432,0,2026-08-25 06:31:49
2024-01-11 06:01:00,CNC-03,H,295.06369523473853,309.4614915278891,2139.629904677889,32.59049117326018,185.69701271227765,3.1947811677335767,13.115256956964595,57.56383588166314,0,2026-08-25 06:31:49
2024-01-11 01:36:00,CNC-02,M,298.02286630280463,311.0348078874036,2662.6701855118667,20.01274757593575,151.88405586018203,3.543465682738834,9.990458437233977,54.176912347378995,0,2026-08-25 06:31:49
2024-01-11 02:00:00,CNC-03,H,297.53261115359555,310.05726328810584,2735.6720725883306,16.827519993917498,148.0450601268861,3.5760314398789323,8.719486793977108,56.05191653520076,0,2026-08-25 06:31:49
2024-01-11 22:33:00,CNC-01,L,299.97687187374913,311.9092629583238,2695.3202507677506,15.129657517968683,97.10061990943937,3.340757663441177,7.487334308745423,52.142264325891105,0,2026-08-25 06:31:49
2024-01-11 18:29:00,CNC-03,H,297.71897305139953,311.4584095769805,2139.6522870131853,30.14425580602212,105.2286718170779,2.7757843169746863,12.348340122616976,58.47308344513473,0,2026-08-25 06:31:49
2024-01-11 19:45:00,CNC-03,H,297.9891663102398,311.5652134838677,2334.8044106911398,25.764162876467257,200.3620961614386,3.395190085467103,11.349711110319086,55.50362471770697,0,2026-08-25 06:31:49
2024-01-11 19:27:00,CNC-03,H,297.9299292164545,311.9498004203017,2331.1245288084424,27.68071582533598,178.339949905168,3.4257414227745224,11.968744670954745,53.550909418452584,0,2026-08-25 06:31:49
2024-01-11 10:00:00,CNC-03,H,294.3905273592205,308.4254661501981,1572.0952133354394,46.855635585758314,77.03384697784547,2.2782488503521967,13.922439305790714,57.826689039258675,0,2026-08-25 06:31:49
2024-01-11 21:54:00,CNC-02,M,299.25166236029594,310.8289890002898,2617.0560999794748,13.428188169400437,27.579738101572396,3.139663525401172,6.640833171521858,51.5259969676816,0,2026-08-25 06:31:49
2024-01-11 17:09:00,CNC-01,L,300.318518342091,315.37437217325174,1904.4552250574204,38.974737588737334,183.25104777135442,,13.799926755227322,49.39083581378111,0,2026-08-25 06:31:49
2024-01-11 00:41:00,CNC-03,H,299.0131744049287,310.4113950015628,2791.147587255799,12.91384696930636,62.75283592600245,3.3060773671840753,6.492243910673298,54.36097185906624,0,2026-08-25 06:31:49
2024-01-11 12:08:00,CNC-01,L,297.3911349801141,311.8383916401489,1456.8784000762755,49.99008975973993,155.0110686157338,2.4493104302088087,13.915349470681866,54.875226546574,0,2026-08-25 06:31:49
2024-01-11 11:34:00,CNC-01,L,297.19460904866656,311.8628728170676,1366.1133530684199,55.903822054803854,101.41108189477578,2.1572665728040743,14.527446104690798,56.07519327827739,0,2026-08-25 06:31:49
2024-01-11 11:03:00,CNC-03,H,294.73624556773296,309.40517248213814,1390.7158454671962,53.235484427071945,176.183765434995,,14.13708403947821,62.42368378067474,0,2026-08-25 06:31:49
2024-01-11 01:42:00,CNC-03,H,297.76887204482057,310.3231216741355,2591.93342070681,18.443649289260666,128.31828340268098,3.2334627946391943,9.144032251820738,59.99554426022846,0,2026-08-25 06:31:49
2024-01-11 20:16:00,CNC-03,H,297.86281066974243,310.7658606042445,2444.9405006521506,24.63696469378291,15.404132794387502,3.015022577866418,11.34483636576067,52.053656988092264,0,2026-08-25 06:31:49
2024-01-11 12:48:00,CNC-03,H,300.5051410263513,308.88879851998286,1454.370543978499,51.71971836449526,117.48124368732466,2.238006845721407,14.0365725457594,48.77642655759634,0,2026-08-25 06:31:49
2024-01-11 06:12:00,CNC-02,M,295.18685678340375,309.4920232142186,1978.1140122888442,37.534526328492746,42.409816730029966,2.563782266350441,13.940052118323385,60.137902325706044,0,2026-08-25 06:31:49
2024-01-11 07:48:00,CNC-03,H,294.7037155651307,309.58108823128447,1769.3344211460792,43.288171107713985,101.8601717208092,2.519060878131188,14.225439359106689,64.77245678211713,0,2026-08-25 06:31:49
2024-01-11 06:44:00,CNC-02,M,295.52198101432924,309.73343735776945,1913.7801484117017,37.40335156306365,86.14750801318831,2.509527977089228,13.373084337662979,61.28122865364914,0,2026-08-25 06:31:49
2024-01-11 10:16:00,CNC-03,H,294.52057104891986,0.0,1514.081015621654,47.1246985488438,102.05802044070461,2.2002650952961385,13.46043346570701,60.45582818622149,0,2026-08-25 06:31:49
2024-01-11 11:42:00,CNC-02,M,296.34323972706215,310.4703679942116,1424.8946656687297,49.90434467846664,58.518466270403636,2.0905956599612323,13.25870472059824,56.91693350514324,0,2026-08-25 06:31:49
2024-01-11 12:53:00,CNC-02,M,296.73347353132147,311.6483861227143,1445.8874565893414,51.58900180556299,171.17150471138592,2.472481410430071,14.060757353922947,59.42426076391314,0,2026-08-25 06:31:49
2024-01-11 10:05:00,CNC-01,L,296.63290125486304,310.9604720357014,1397.8789385593534,51.26857749552105,151.62416228446455,2.405021679168714,13.332492592459996,,0,2026-08-25 06:31:49
2024-01-11 05:17:00,CNC-01,L,296.4058885465525,311.20308620637326,2184.449955792154,34.67528637356123,163.95174230205942,3.1989324005920197,14.049174365363635,56.37295375308612,0,2026-08-25 06:31:49
2024-01-11 22:21:00,CNC-03,H,297.2311424919423,310.0032273983855,2722.0103100896345,18.742673261632174,156.38944722999616,3.6095558350259784,9.63590869042843,49.85504590327918,0,2026-08-25 06:31:49
2024-01-11 13:56:00,CNC-01,L,298.2280656047833,312.57418804501367,1454.1308569963517,51.189293327131296,104.08309260521587,2.275449619855231,13.924036616377391,57.050485964479755,0,2026-08-25 06:31:49
2024-01-11 12:11:00,CNC-02,M,296.5138079232339,311.2440218486306,1433.132547372075,52.07590541812462,104.59895658606251,2.220651190979834,13.80471911402603,59.77130544307164,0,2026-08-25 06:31:49
2024-01-11 10:05:46,CNC-02,M,295.8347081701888,310.0906186968799,1312.3744559213394,52.16636731504372,135.21204206254788,2.1381442380787408,12.591363169339528,58.288822074825674,0,2026-08-25 06:31:49
2024-01-11 21:37:00,CNC-02,M,299.5772488942625,311.68741204585655,2617.0887325017707,16.049238277140248,8.864756205126417,3.108121927599355,7.760455141738597,53.10712375945795,0,2026-08-25 06:31:49
2024-01-11 18:10:00,CNC-02,M,26.323969374185197,40.43546110337172,2075.7192039070455,32.93700841985841,9.240960948211423,2.681335574311501,12.686270895062743,52.07847788520415,0,2026-08-25 06:31:49
2024-01-11 20:31:00,CNC-02,M,299.73486437129884,314.0424182918969,2483.2661732018905,24.60434168650743,183.7008228492575,3.5073133312651485,11.269794162117638,51.90331919298115,0,2026-08-25 06:31:49
2024-01-11 21:23:00,CNC-03,H,297.7912541367448,309.7870969432978,2538.544863626796,15.764980943415168,92.39305690843891,3.0875934866264623,7.564667418052923,54.415744255669914,0,2026-08-25 06:31:49
2024-01-11 00:27:00,CNC-03,H,298.9846876575158,311.2018694394058,2581.2254925830757,16.002086638480925,47.98685072728478,3.1518044529991314,7.592766658368675,55.78633175297351,0,2026-08-25 06:31:49
2024-01-11 16:28:00,CNC-02,M,298.8304815685614,313.491119575135,1841.678991114788,39.84599422600847,74.37910808610748,2.54561161720507,13.888496730972228,50.04132515747769,0,2026-08-25 06:31:49
2024-01-11 11:10:00,CNC-03,H,294.8546471226798,309.5695741319693,1496.5109746659568,50.09695225724954,187.2741628228358,2.61012520151463,13.918204041642309,64.86648499218727,0,2026-08-25 06:31:49
2024-01-11 07:12:00,CNC-02,M,295.55147252715966,310.1777065147707,1928.5067012696813,38.8395459048557,125.18301122929802,2.7473088951570683,13.825776993004403,60.136678898532075,0,2026-08-25 06:31:49
2024-01-11 13:51:00,CNC-01,L,298.6090269577022,313.2277129012089,1381.6591687592502,53.7118353622127,96.22781366650413,2.0940001067284517,13.968001428915272,50.88875014399295,0,2026-08-25 06:31:49
2024-01-11 14:08:00,CNC-01,L,298.80620478196107,313.4214752550648,1533.0189932647622,48.448682721176034,122.91485872517949,2.384193428730373,13.948741149996916,55.75610888053401,0,2026-08-25 06:31:49
2024-01-11 13:28:00,CNC-03,H,294.90767120848983,309.5804402914346,1424.704275259002,50.28681209880408,180.6885617825642,2.4895322497736436,13.173718279413977,,0,2026-08-25 06:31:49
2024-01-11 04:12:00,CNC-01,L,296.94655063390434,309.22402384224756,2486.034267123905,19.30572720618114,83.06474294347653,3.1405613995049833,9.191642732030928,59.81587211732459,0,2026-08-25 06:31:49
2024-01-11 07:13:00,CNC-03,H,294.8721575688542,308.6535298876537,1875.8139605598394,37.03347952172888,51.736108406272095,2.5543330572309735,12.661125423154317,63.36070316848079,0,2026-08-25 06:31:49
2024-01-11 01:52:00,CNC-02,M,297.8297591724302,311.4391824103944,2565.527769590688,22.621516829100084,169.3723719803898,3.5278400054834025,11.09322776109034,58.16889713195401,0,2026-08-25 06:31:49
2024-01-11 14:44:00,CNC-03,H,295.59853291852585,309.2497797090215,1439.7397139583118,46.38743127451513,38.64291242435266,2.1315269970988333,12.658434519361954,55.39701199194242,0,2026-08-25 06:31:49
2024-01-11 22:48:00,CNC-01,L,300.097416171376,312.58460139168415,2567.421205860722,18.901632476772683,113.3773806112158,3.332363985605586,9.058394773890047,50.00655901237568,0,2026-08-25 06:31:49
2024-01-11 06:58:00,CNC-01,L,296.40402731943436,310.537480437666,2138.592135091881,32.32318444987136,107.25780772078578,28.39994236635695,12.841327094815641,60.44070341525949,0,2026-08-25 06:31:49
2024-01-11 18:44:00,CNC-01,L,300.25365284782293,314.1894111950579,2227.9977202116893,30.82582966310673,72.07631346629042,2.8490184990982272,12.855475358529283,49.39550276094439,0,2026-08-25 06:31:49
2024-01-11 21:03:00,CNC-02,M,299.50325471452476,313.62331535406696,2507.2998410473397,23.823476015589492,220.42403992717954,3.857845853086184,11.197173997787516,48.16646873446536,0,2026-08-25 06:31:49
2024-01-11 12:11:00,CNC-01,L,297.1964883809703,311.91843550928684,1354.0196962207185,55.54138420778231,159.80316032672116,2.358899105825926,13.889855558801356,56.44427215597542,0,2026-08-25 06:31:49
2024-01-11 06:48:00,CNC-03,H,295.3025115636182,309.670041392733,1954.9652769607856,38.1161983021726,16.5621038951103,2.4913845727122244,14.157892879261244,60.50135424348621,0,2026-08-25 06:31:49
2024-01-11 04:30:00,CNC-01,L,296.70345116957856,310.06604943735096,2336.699742333293,26.19030727743842,104.94654573458992,2.9941291668524785,11.244079627840446,63.934155529030164,0,2026-08-25 06:31:49
2024-01-11 20:38:00,CNC-03,H,297.8776274163021,310.75164811201176,2445.2479847133955,24.022957384571427,41.050937494156145,2.8750400203575976,10.95729634062398,50.79145823734707,0,2026-08-25 06:31:49
2024-01-11 16:06:00,CNC-03,H,296.633607297072,310.8034466106538,1676.815114098759,39.511188869423464,161.66236268003303,2.5489859039387817,12.466956818983846,51.44495593671011,0,2026-08-25 06:31:49
2024-01-11 02:17:00,CNC-03,H,297.0560309247588,310.0579720448937,2679.5130674374236,19.278054944929714,166.79042157352148,34.30306997842264,9.79512498780043,57.06191137032626,0,2026-08-25 06:31:49
2024-01-11 18:17:00,CNC-03,H,24.806644342960794,39.01281786678368,2065.606455544383,35.41517585908234,89.43865490623928,2.7903778215532267,13.979115504721427,55.80211594037842,0,2026-08-25 06:31:49
2024-01-11 14:25:00,CNC-02,M,297.6227370323346,312.0463978942302,1623.642835481609,43.145687593582345,112.65790143816291,2.484294025657051,13.00513354910081,53.84881513822569,0,2026-08-25 06:31:49
2024-01-11 04:06:00,CNC-01,L,297.07506192218545,309.96697958674076,2310.474722076809,24.00247487051241,75.69765762993737,3.0086413665072196,10.413844017317802,53.84973577304761,0,2026-08-25 06:31:49
2024-01-11 14:29:00,CNC-03,H,295.9200161049266,310.14710171929903,1537.6834031817818,48.57404647721068,15.426297604625148,2.1793208496631014,13.990552614328141,63.62343503584007,0,2026-08-25 06:31:49
2024-01-11 05:58:00,CNC-01,L,302.2124160094627,309.9989152146876,2107.9089152122624,33.114218207824024,26.21850452406364,2.7305273191504673,12.92097268753654,43.314267227163285,0,2026-08-25 06:31:49
2024-01-11 08:25:00,CNC-01,L,296.1183760461279,311.5651220124117,1744.1114893554848,45.84906092234648,232.98084313511902,3.7161974027432287,14.957139722183399,57.92328927302753,0,2026-08-25 06:31:49
2024-01-11 06:34:00,CNC-02,M,295.2839523070939,309.89251937716614,1886.9416232889523,39.579721372918954,72.35469325578676,2.583187327408608,14.220544405616735,59.98309552669802,0,2026-08-25 06:31:49
2024-01-11 00:33:15,CNC-03,H,298.7872397380958,310.4982515987435,2610.3206449302334,16.457843404478098,54.41238487713882,3.1913661967744167,7.989065781131791,50.63467893486249,0,2026-08-25 06:31:49
2024-01-11 20:19:00,CNC-02,M,299.7403591494315,314.0002462034818,2448.006146926078,25.067082520598905,169.72227794956845,3.4439682184767064,11.770398463063712,54.10596524877889,0,2026-08-25 06:31:49
2024-01-11 20:04:00,CNC-01,L,300.2574098324164,314.1023473494718,2482.8623702470873,24.76670336050771,170.39015107043465,3.4053714702102287,11.605494236426843,54.101988471515085,0,2026-08-25 06:31:49
2024-01-11 01:50:00,CNC-01,L,298.0569341313035,310.11268623801993,2630.411188010565,15.308055648435792,119.62366758259371,3.374664592341296,7.296315015833218,56.184729301668725,0,2026-08-25 06:31:49
2024-01-11 14:23:00,CNC-03,H,295.6228982688127,309.3268317763694,1656.8040584058592,42.25333860957926,6.1096358883710185,22.26040671407165,13.10103978886019,,0,2026-08-25 06:31:49
2024-01-11 09:32:00,CNC-03,H,294.6214828060937,308.5352088629162,1475.2947217386964,47.976444133352345,33.7461663953157,1.9963359530131477,13.268774571900245,61.34601761363976,0,2026-08-25 06:31:49
2024-01-11 21:59:00,CNC-02,M,299.04972736478385,310.9611187391702,2670.1271752171547,14.755672993144948,33.02514505024479,3.1403378325243936,7.327720871185854,52.702284868337784,0,2026-08-25 06:31:49
2024-01-11 11:30:00,CNC-01,L,296.9424867137066,311.04307309079184,1269.2243253625848,52.647747285770585,95.06801256583917,2.021901233728368,12.177155652993205,57.84670853621435,0,2026-08-25 06:31:49
2024-01-11 13:30:00,CNC-03,H,294.97693958089474,309.6984336527653,1363.977300023071,54.45926172077941,183.84065538965774,2.3607934734687337,13.969308877082046,65.37647211753777,0,2026-08-25 06:31:49
2024-01-11 14:21:00,CNC-03,H,295.6159171463208,309.2441029261155,1434.935588604627,46.98544987057586,3.0249465245775626,2.0475369298120367,12.53835042151116,60.447746403676604,0,2026-08-25 06:31:49
2024-01-11 20:22:00,CNC-03,H,297.8239872976453,310.43049092921865,2290.1888897098156,24.400333324104917,22.487659926427447,2.896426987163411,10.407806810815517,51.296043806451564,0,2026-08-25 06:31:49
2024-01-11 19:30:00,CNC-03,H,298.0240756828563,312.4836582569431,2357.3611555561765,29.822362653676407,182.067882208963,3.4193227278078258,13.35557923948249,57.68762029169334,0,2026-08-25 06:31:49
2024-01-11 23:33:00,CNC-03,H,297.2750828793274,310.33544345852664,2674.7271541484574,18.002484202134593,233.22853075687266,4.005321260722403,9.026559281281148,58.04422877670695,0,2026-08-25 06:31:49
2024-01-11 05:15:00,CNC-02,M,295.77441380767226,310.4733285658736,2159.1352739697813,33.43639638400229,187.12812240886836,3.2947371610025105,13.437566914194084,58.94858588399624,0,2026-08-25 06:31:49
2024-01-11 16:17:00,CNC-01,L,300.3543202741088,314.7744229603271,1784.3681762195301,41.86228062781923,109.60876220147074,2.6177540338487955,14.118442705319591,48.46399763981045,0,2026-08-25 06:31:49
2024-01-11 12:54:00,CNC-01,L,297.59766066119926,311.19662245698794,1442.6163517671025,47.358954859220034,6.313383320134646,2.146847902742768,12.691144880406144,58.59306136344789,0,2026-08-25 06:31:49
2024-01-11 10:37:00,CNC-01,L,,310.1891627978056,1488.0027831263196,46.32101612036867,341.6049455815051,2.0546229463647983,12.729657341253798,59.62575366252118,0,2026-08-25 06:31:49
2024-01-11 18:58:00,CNC-02,M,300.13046406174135,314.212737274225,2227.9645166229884,30.024753647872295,71.02649794765514,2.9029539997923703,12.706535480806796,51.83335642180972,0,2026-08-25 06:31:49
2024-01-11 09:07:00,CNC-02,M,295.3918502481709,309.2678113387754,1547.294181367083,43.98595313070386,45.47757806555263,2.203079801470283,12.98388081321075,63.26189505026179,0,2026-08-25 06:31:49
2024-01-11 00:27:00,CNC-01,L,298.6347223419204,310.4810999658318,2681.558652279809,15.814707739135141,30.236568253352594,3.178206589097581,7.797606833569466,54.020221962535516,0,2026-08-25 06:31:49
2024-01-11 07:01:00,CNC-02,M,295.5974454168158,309.17132731291673,1895.1971085113546,33.11147717264924,109.83179096805348,2.6070860440013597,11.643964326413762,61.941709009005855,0,2026-08-25 06:31:49
2024-01-11 11:08:00,CNC-01,L,296.9584651834411,311.213784616719,1383.565327116399,53.415583991638584,60.092969367610166,2.021348353301085,13.728126265452838,59.056580567283675,0,2026-08-25 06:31:49
2024-01-11 02:13:00,CNC-02,M,297.5744352934655,310.83294592919987,2531.8590347568734,20.813326420476816,192.4098751830099,3.6244737634984254,10.096288218049303,52.43928064104876,0,2026-08-25 06:31:49
2024-01-11 09:24:00,CNC-02,M,295.45673531777965,309.4704578611769,1462.5013997722697,45.89034974865175,71.54530155323485,2.164273988431379,12.794307443618873,56.59560528886167,0,2026-08-25 06:31:49
2024-01-11 21:09:00,CNC-02,M,299.4810644941875,313.42205467543175,2556.0219735264254,22.17741524516301,227.15069669810416,4.017755317287329,10.922344258481035,55.219273225536966,0,2026-08-25 06:31:49
2024-01-11 17:29:00,CNC-02,M,26.619318759188786,41.90625916307249,1974.8981169896297,40.68420465890647,159.77740335392423,2.862073322631514,15.118359096004427,54.70028233332096,0,2026-08-25 06:31:49
2024-01-11 19:44:00,CNC-02,M,299.8606269954117,313.81051250573734,2359.6701769590063,25.679908788217055,127.84091570543521,30.58403286066131,11.279047006225317,53.16602085769815,0,2026-08-25 06:31:49
2024-01-11 09:41:00,CNC-02,M,295.53199862433627,310.06872295612646,1673.5538511610873,44.27332489500358,97.78660711421206,2.378162921219969,13.69652981148198,62.57566447494022,0,2026-08-25 06:31:49
2024-01-11 02:38:00,CNC-02,M,297.07073627972767,311.07824338643013,2591.8432003169146,23.075220928536886,220.40670310116568,3.866608804339572,10.915402246717534,58.23139670395525,0,2026-08-25 06:31:49
2024-01-11 01:54:00,CNC-01,L,298.4069005864991,311.22257947590595,2555.3393857597694,21.052662667939337,124.00084436046932,3.2325356649529664,10.179918698653385,57.86886107715164,0,2026-08-25 06:31:49
2024-01-11 01:51:00,CNC-01,L,298.4022963255708,310.82217116563004,2687.5217207660858,16.82397998094822,120.67813316003007,3.3608519907076344,8.845988998364415,56.641925472987054,0,2026-08-25 06:31:49
2024-01-11 13:44:00,CNC-02,M,,311.06137972874177,1387.8056774150423,50.88210245593091,48.78938709825674,2.1349989148867534,13.281200939299964,56.27781673482449,0,2026-08-25 06:31:49
2024-01-11 06:13:00,CNC-01,L,302.1516608424687,309.6821214071232,1913.2164691405596,32.72742220109081,46.0546363187864,2.474499794041971,11.62247792500722,48.203751399803586,0,2026-08-25 06:31:49
2024-01-11 10:43:00,CNC-03,H,294.43985465016044,308.94349761168496,1390.5725267332791,52.21917047182723,144.6459107856173,23.260979634012852,13.769168655878673,61.21809501479415,0,2026-08-25 06:31:49
2024-01-11 18:04:00,CNC-01,L,27.349505142354076,41.053587080584464,2058.647700485821,33.35913141172284,20.174864404414254,2.7020073967739417,12.954823768599963,50.409118624361476,0,2026-08-25 06:31:49
2024-01-11 02:26:00,CNC-02,M,297.55096922943505,311.5183432715431,2585.888509556448,24.73474199288276,206.88371927893272,3.8681159444974207,11.918011191443638,54.777404382674916,0,2026-08-25 06:31:49
2024-01-11 22:35:00,CNC-03,H,297.21058799282133,309.1007464927948,2821.1591149261358,13.190956511029768,171.4438334188581,3.634327801933402,7.1361492163284845,59.06287555333682,0,2026-08-25 06:31:49
2024-01-11 03:01:00,CNC-02,M,24.153197499426085,37.3275561183961,2462.2900510531313,24.366934413781806,24.990380774916936,3.03841156295991,11.029826562196316,53.34881947167404,0,2026-08-25 06:31:49
2024-01-11 20:45:00,CNC-01,L,300.1980251042282,312.880105580876,2627.5844894967113,16.488744753189813,218.69292058284813,4.196925076578614,8.128420455793117,50.26643351381823,0,2026-08-25 06:31:49
2024-01-11 22:14:00,CNC-02,M,299.188677002811,311.9427721059987,2553.47963053035,19.442009526344627,49.41080155891173,3.1648724078161434,9.072120763588412,53.42138249934639,0,2026-08-25 06:31:49
2024-01-11 15:33:00,CNC-03,H,296.190501828026,310.896930083688,1723.5274612656165,44.449492914830934,112.92005876664192,2.4394240520533823,14.091186569102423,59.131883100714425,0,2026-08-25 06:31:49
2024-01-11 16:29:00,CNC-01,L,300.21783220522707,314.81534128901217,1944.7387949194958,37.949178711853435,126.77259967875533,2.8062180227583062,13.824899159529313,49.641147765221845,0,2026-08-25 06:31:49
2024-01-11 00:09:00,CNC-01,L,298.86937950902797,310.080707874888,2733.0370851520793,12.399068528540717,11.065082713679574,3.292565454155451,6.389282228945726,55.08090045762458,0,2026-08-25 06:31:49
2024-01-11 03:22:00,CNC-03,H,23.333031476374458,37.208914503146275,2483.1670227205636,24.48267513065008,240.518820395393,3.9676781459829735,11.3714928244438,56.57014622499313,0,2026-08-25 06:31:49
2024-01-11 08:28:00,CNC-03,H,294.6244619837547,309.47260344694774,1616.4054601239138,47.576849704415636,160.70689608113344,2.4526111683880476,14.487177913065475,62.66407520895649,0,2026-08-25 06:31:49
2024-01-11 00:28:00,CNC-02,M,298.6759107881534,310.46424214091314,2704.7489710060267,15.43595164653443,79.15136676415916,3.2454484761537894,7.756618740851192,55.66158148758099,0,2026-08-25 06:31:49
2024-01-11 13:10:00,CNC-03,H,295.3047366635269,310.1589599271366,1498.744350029223,50.59089516148537,152.32522662707115,23.331480897451968,14.365074858629749,57.279395273333634,0,2026-08-25 06:31:49
2024-01-11 00:34:00,CNC-02,M,298.70464843266444,311.33379432466563,2544.8266526351454,19.97491973322356,85.4816411731621,3.0771752203279408,9.501543787943922,53.919754175645856,0,2026-08-25 06:31:49
2024-01-11 05:50:00,CNC-03,H,295.5300222377124,309.76740882660994,2030.2978155669948,34.010743952090486,171.11935115367618,2.9122611455750973,12.779399294125888,59.43069970114439,0,2026-08-25 06:31:49
2024-01-11 13:11:00,CNC-01,L,297.99517814613193,311.84223846836574,1372.231688423791,50.04866294301526,33.22438403666359,2.0338552162993184,12.932002484546523,54.69099140905441,0,2026-08-25 06:31:49
2024-01-11 08:16:00,CNC-01,L,296.3491412096695,311.79030855763284,1874.0159385276495,42.49758112927316,219.65360479210705,3.6322219969858103,14.60931898856639,55.86740723516279,0,2026-08-25 06:31:49
2024-01-11 16:12:00,CNC-02,M,298.80934005460534,313.1137085738302,1831.5897438169968,37.428615254356146,51.370339543491596,2.4777744785114493,12.948521177962,55.60929826195016,0,2026-08-25 06:31:49
2024-01-11 11:05:00,CNC-02,M,295.819154045526,309.626922159102,1363.518747584301,51.99726914407434,0.0,2.063627935498506,13.483383203728502,54.832183985705605,0,2026-08-25 06:31:49
2024-01-11 10:35:00,CNC-01,L,296.5669545328839,310.02081409111616,1297.5893258792066,49.961339429207385,7.944730740681996,1.9423738447331673,11.977296154630274,54.46881456888452,0,2026-08-25 06:31:49
2024-01-11 13:59:00,CNC-03,H,295.15965844022486,309.8396430337541,1624.2497652497368,43.78347697654113,229.42673790925724,3.0337285813933748,13.237721579275075,60.847048780838044,0,2026-08-25 06:31:49
2024-01-11 12:28:00,CNC-03,H,300.7490660949794,308.79399222992924,1463.2886590172445,46.78426853048158,85.72245896949659,2.1823792031272196,12.826345602912175,49.84780953311277,0,2026-08-25 06:31:49
2024-01-11 21:22:00,CNC-01,L,300.4710407411983,312.8178305191233,2510.359784448868,20.492557816367636,19.328731818139925,3.0723816281774945,9.466443844258878,47.74685124850914,0,2026-08-25 06:31:49
2024-01-11 11:19:00,CNC-03,H,294.7002629685795,309.3551939447107,1428.5293841494927,48.84469303004721,201.51951212044554,2.6043340952563176,12.671974715249025,57.976544343502596,0,2026-08-25 06:31:49
2024-01-11 06:32:00,CNC-02,M,295.62487841814334,309.79950257155883,2061.8377373387866,32.82495627935032,69.58324213178575,2.7437642200968013,12.684987761734584,59.81942646737175,0,2026-08-25 06:31:49
2024-01-11 13:19:00,CNC-01,L,297.8618850221487,311.27454982601415,1502.5912163986686,42.680890079679365,45.8191557215675,2.1061479232087854,12.032033209644142,54.632286538188126,0,2026-08-25 06:31:49
2024-01-11 07:40:00,CNC-01,L,296.3247492384562,311.23410327623014,1829.1969235925574,41.86599281091038,166.94624551162508,2.8602564928121197,14.196521494781752,61.615030001634814,0,2026-08-25 06:31:49
2024-01-11 10:52:00,CNC-02,M,295.9511324874753,310.58941165671655,1336.9085632313736,51.20392670723638,209.13899176546943,2.7073718399650253,12.898485383045383,57.12385674534604,0,2026-08-25 06:31:49
2024-01-11 19:30:00,CNC-01,L,300.20041502793595,313.90932855456197,2262.969500156955,26.18088239006157,129.40806007274978,2.9862938995445036,11.090948739154705,49.377542606451826,0,2026-08-25 06:31:49
2024-01-11 14:35:00,CNC-01,L,,312.85195754919084,1396.459746422104,50.26181701812079,164.62078771154515,2.490838266934009,13.006312158823619,57.69994207569348,0,2026-08-25 06:31:49
2024-01-11 09:06:01,CNC-01,L,296.1246923406713,310.0774210865717,1406.9876128094709,48.33838246500932,60.29527378002814,2.0442402277573,12.874220603942918,55.21651726873874,0,2026-08-25 06:31:49
2024-01-11 17:02:00,CNC-02,M,299.37380536229807,314.1890883737448,1785.5812543373797,41.094751479756304,122.4377332022999,2.5398314637687878,13.717090295596144,49.039015949535134,0,2026-08-25 06:31:49
2024-01-11 16:30:00,CNC-03,H,296.6336996301091,311.8509293078128,1774.4203515328084,42.720986197459005,196.43151541321427,2.8662367900541907,14.034638586802052,56.35942688376833,0,2026-08-25 06:31:49
2024-01-11 07:45:00,CNC-03,H,294.67683262760664,309.98258307894815,1793.0692998446057,46.40299468860897,97.5249163200016,2.459370421935264,15.858012471100078,58.081412214529266,0,2026-08-25 06:31:49
2024-01-11 22:00:00,CNC-03,H,297.53879603418756,310.4250140804731,2686.3533466641898,17.7421868659309,133.565981583881,3.385810281170765,8.792807530453702,55.31197320218156,0,2026-08-25 06:31:49
2024-01-11 11:57:00,CNC-03,H,300.2687140576049,307.89687808145834,1309.073778992053,50.43660177947297,36.610668625653105,2.0089259363893666,12.442544432757762,54.406656940186224,1,2026-08-25 06:31:49
2024-01-11 07:36:00,CNC-01,L,296.66927996737826,311.5265926837914,1935.3821909111232,40.56992771506911,161.20919967322536,2.955213830271706,14.263481275978345,56.83827151598289,0,2026-08-25 06:31:49
2024-01-11 14:06:00,CNC-03,H,295.3843526087403,310.5442112053985,1307.673952880747,57.35268520768857,240.4510162533925,2.85382061703645,14.15453551654115,56.43559980160849,1,2026-08-25 06:31:49
2024-01-11 15:47:00,CNC-03,H,295.93759700775956,310.2696761314527,1620.1566869869782,43.333771176761104,133.71708449929966,2.514366295320488,13.281350192226904,55.8434982826254,0,2026-08-25 06:31:49
2024-01-11 09:42:00,CNC-02,M,295.44433718515427,310.1038509962275,1495.019403651624,49.11733270547165,99.32882502401542,2.208383495409198,13.874555339397363,60.25106732610354,0,2026-08-25 06:31:49
2024-01-11 21:31:00,CNC-02,M,299.13738172196855,312.1088055126706,2496.682268073109,21.910872465544948,2.256217295354883,2.977793171019505,10.195355605764897,57.537838715984236,0,2026-08-25 06:31:49
2024-01-11 22:12:00,CNC-02,M,299.4714704960835,312.4053181197953,2593.529464296154,19.854295932972953,47.20147632250417,3.0336130573004114,9.613289057916282,52.74598186460117,0,2026-08-25 06:31:49
2024-01-11 19:25:00,CNC-03,H,298.0655584241967,311.834481495417,2458.984139255937,24.478185356465524,175.92207384393149,3.324792457959927,10.998955899593717,55.06720979677543,0,2026-08-25 06:31:49
2024-01-11 08:09:00,CNC-01,L,296.1887846406358,311.28660526435385,1676.1182833978605,46.19893624010913,209.34123813839668,3.249333863170246,14.595872615964808,57.7936586416817,0,2026-08-25 06:31:49
2024-01-11 18:24:00,CNC-01,L,27.033957587781288,40.86514606038219,2023.6723415526985,33.79285977339849,46.57507162292411,2.6711788813583905,12.946901544161092,52.188334139724724,0,2026-08-25 06:31:49
2024-01-11 02:08:00,CNC-01,L,298.17807673210615,312.0231243651722,2576.5803656288786,24.950158128931093,139.30717420786866,3.306679252788311,11.994537936173598,50.27012681915152,0,2026-08-25 06:31:49
2024-01-11 07:25:00,CNC-01,L,296.42265392785185,310.660450212936,1676.245112218668,42.81263667177008,145.5448349320898,2.6601067723137093,13.631523952331673,56.56161509758429,0,2026-08-25 06:31:49
2024-01-11 14:23:00,CNC-01,L,298.21259381667727,312.5846237141246,1495.7310668050345,47.45387163676967,146.1922048741449,2.3365849329591146,13.282445895631673,55.30409647385951,0,2026-08-25 06:31:49
2024-01-11 03:48:00,CNC-01,L,297.30390944102845,310.0776762601728,2532.1761972286754,21.06098453422296,54.17537548291819,3.161852885900443,10.126172747404084,54.45863175047991,0,2026-08-25 06:31:49
2024-01-11 10:01:00,CNC-03,H,294.53383188818367,308.77838105472586,1482.782210229809,48.4038757139377,78.5770148675782,2.2112460489686536,13.488114322886348,60.97348323322609,0,2026-08-25 06:31:49
2024-01-11 04:16:00,CNC-02,M,296.62000099433124,310.21478893391316,2447.0325059434385,24.679592514233548,113.18721706383076,3.054826674564892,11.2353161602977,55.04771194141295,0,2026-08-25 06:31:49
2024-01-11 18:03:00,CNC-01,L,27.2707325415887,40.552107252938015,2076.7623097222436,32.12978863054102,18.854698496539417,2.646318834873519,12.658049653743413,48.170856075335415,0,2026-08-25 06:31:49
2024-01-11 20:04:00,CNC-03,H,297.9061464057922,310.57915850712857,2464.2148940369016,22.37472869632059,1.1884335766229446,2.961495242492526,10.413799818056974,55.18259462528875,0,2026-08-25 06:31:49
2024-01-11 23:42:00,CNC-02,M,298.57766513657594,311.1180048384089,2736.46958565999,15.99522348039103,143.7865356407327,3.4829626022021785,8.116314563285968,57.66798882346981,0,2026-08-25 06:31:49
2024-01-11 10:23:00,CNC-02,M,295.9413242316517,311.2704557773938,1647.7096526763487,49.36567779043879,163.49299728117114,2.6120703878364955,15.227557344574043,62.598986874008,0,2026-08-25 06:31:49
2024-01-11 07:33:00,CNC-02,M,294.94605034635714,309.94553666464833,1935.7957653590254,39.18156582421837,154.87554896072442,2.910259610993822,14.08412478118171,58.73860736346007,0,2026-08-25 06:31:49
2024-01-11 10:46:18,CNC-01,L,296.52734538326416,310.03061539775086,1328.768913609373,49.00099444638259,25.26189574067573,1.9899320638837807,12.069017593236902,57.992536954824374,0,2026-08-25 06:31:49
2024-01-11 07:25:00,CNC-03,H,294.8209438618381,309.3148220506693,1777.7068686852351,43.46185913084573,68.75158337231912,2.4621478165905515,14.3888334518448,65.30232867307936,0,2026-08-25 06:31:49
2024-01-11 10:23:00,CNC-03,H,294.46831788903836,308.61627338914354,1295.4329839074767,53.65330146666872,113.03834479285982,2.0202558667419983,12.754053685066276,65.66622367667443,0,2026-08-25 06:31:49
2024-01-11 04:07:00,CNC-03,H,296.043540061171,309.30092273946786,2401.439910289905,24.65622282354093,41.39586326582389,2.931599948310365,10.984267672532578,55.69464129736728,0,2026-08-25 06:31:49
2024-01-11 18:56:00,CNC-03,H,298.1118617735679,312.4647039444911,2047.3706225702554,33.67527494493146,139.68491801374682,2.8161820133477558,12.927621389532108,52.579712632896154,0,2026-08-25 06:31:49
2024-01-11 02:59:00,CNC-03,H,23.852957110835973,38.18613630297216,2432.034024413359,28.053898111248447,214.23413988968989,3.753963349074182,12.70926430408117,58.50561275759675,0,2026-08-25 06:31:49
2024-01-11 09:09:00,CNC-01,L,296.2386316086085,310.52678420238396,1513.5406650516309,48.06799233135743,64.89804253348778,2.2165221823029477,13.680403894440808,57.97319700378046,0,2026-08-25 06:31:49
2024-01-11 10:45:00,CNC-03,H,294.5508720729666,308.8931393696053,1445.7081287763544,49.38512781780295,147.78388497597982,2.3672253470027376,13.47758876654529,57.226234154789765,0,2026-08-25 06:31:49
2024-01-11 15:54:00,CNC-03,H,296.2998141488112,310.97506982444986,1701.725508045682,44.30733264761965,143.98738185825903,25.095703398005142,14.037437280581798,57.16943985132213,0,2026-08-25 06:31:49
2024-01-11 12:13:43,CNC-02,M,296.7512194315647,311.2245615821081,1300.3627517593368,54.036018511666974,110.96374758852637,2.072592055113024,13.23562131760507,59.630913579930954,0,2026-08-25 06:31:49
2024-01-11 11:52:00,CNC-01,L,297.4275945717862,312.04972575197127,1479.8551957427294,52.60898221575375,129.71323196596538,23.213662798473294,14.393875692022236,57.78533366048322,0,2026-08-25 06:31:49
2024-01-11 01:34:00,CNC-03,H,298.0032461803737,311.67581603579885,2549.704025030002,24.353988385029734,119.56637589421712,3.1482391302755803,11.881871216067363,56.03850752524599,0,2026-08-25 06:31:49
2024-01-11 22:10:00,CNC-02,M,298.9093692204142,312.28030128397666,2561.4720312329982,21.61440164425276,45.02167344065549,3.1272284965924766,10.444835560480223,53.036967379497376,0,2026-08-25 06:31:49
2024-01-11 15:41:00,CNC-03,H,296.23645287730795,311.21489478144895,1792.5757766825914,45.03979410156539,124.72008928934078,,15.132620282014726,59.98795936664082,0,2026-08-25 06:31:49
2024-01-11 18:22:00,CNC-03,H,24.54380382874922,38.77796657878332,2023.357675382919,36.11030607105985,96.00405264325481,2.6659792192084866,13.624883588100936,51.98548794240644,0,2026-08-25 06:31:49
2024-01-11 03:20:00,CNC-01,L,24.494162813818207,37.20991682961494,2360.3187211105565,23.378088612707852,21.618383802140844,2.8822255550114004,10.183004008112233,53.79711754096845,0,2026-08-25 06:31:49
2024-01-11 23:36:00,CNC-02,M,298.78855701251877,311.39242389926534,2835.185195024453,493.74382228819866,137.4248850982332,3.591365692344494,8.472216374647482,52.08883542655383,0,2026-08-25 06:31:49
2024-01-11 19:36:00,CNC-01,L,300.52725784584845,314.21094550463954,2311.1356307570886,26.664916984781314,136.66240860592006,3.1965002730314866,11.719318461533417,51.28935836713877,0,2026-08-25 06:31:49
2024-01-11 06:43:00,CNC-03,H,295.1658510695108,308.21046472700715,2087.378748549903,29.5611191784548,9.602962761437832,26.485823161002873,11.64202249530603,64.53680809182505,0,2026-08-25 06:31:49
2024-01-11 15:40:00,CNC-03,H,296.30881508025243,310.3832154525729,1704.5930654028662,40.290857096395854,123.29188498003944,23.930212033718732,12.800272446305549,53.88081597540775,0,2026-08-25 06:31:49
2024-01-11 21:34:00,CNC-01,L,300.1176800247035,311.97376720140466,2602.9408917890228,17.10808643902467,32.744459551059535,3.191881169446211,8.163364462776277,51.66546656329319,0,2026-08-25 06:31:49
2024-01-11 19:18:00,CNC-02,M,299.90855076562275,,2315.704555197201,27.558694310554838,95.96951992962643,3.081257504072273,12.074219147246056,54.503155085927624,0,2026-08-25 06:31:49
2024-01-11 07:43:00,CNC-01,L,296.5630106500875,311.91830995082245,1732.4995186566782,47.333826029761276,171.33257042081448,2.771874956269618,15.388330845317443,54.030724804518144,0,2026-08-25 06:31:49
2024-01-11 12:34:00,CNC-03,H,300.70871651497225,309.06987759472923,1515.7867328400357,47.22066059974256,95.19084445030906,21.677255801940476,13.251434081988009,44.2730407900283,0,2026-08-25 06:31:49
2024-01-11 19:10:00,CNC-01,L,300.3029981115168,313.8887564358853,2419.7897077731277,25.71328160486489,104.79592491086875,3.07259097330006,11.559919185974337,50.45727701378762,0,2026-08-25 06:31:49
2024-01-11 02:10:00,CNC-02,M,297.7941465109656,310.28151498409136,2719.145293107484,15.47669987494822,189.08366681643676,3.7967882424545705,7.768187065645232,58.40635733006996,0,2026-08-25 06:31:49
2024-01-11 16:27:00,CNC-03,H,296.41336664688305,311.3764135221086,1780.2143701104444,41.47571672769982,192.10779746490303,2.7961126117005257,13.777070692900173,59.215700007149145,0,2026-08-25 06:31:49
2024-01-11 08:23:00,CNC-03,H,294.53301173038517,309.61825206339853,1699.2718739637141,46.429704113737564,153.22145992425467,2.55717196065909,14.807191603227977,63.445822914435816,0,2026-08-25 06:31:49
2024-01-11 23:28:00,CNC-03,H,296.8631065909517,310.4166820984075,2802.582139751172,18.97860832499606,227.9471185554389,4.10957288033961,10.278415363164367,58.21640668441123,0,2026-08-25 06:31:49
2024-01-11 10:15:00,CNC-03,H,294.28023131250154,308.7310748528084,1395.7873210206553,51.93529866194961,100.50528912636783,2.124282236343407,13.5883808006333,61.26002355739278,0,2026-08-25 06:31:49
2024-01-11 07:50:00,CNC-01,L,296.357695112035,311.4113709808338,1686.2744309681132,46.78873804184634,181.52304674171202,2.930864808515122,14.846993973165848,53.68993949712418,0,2026-08-25 06:31:49
2024-01-11 19:07:00,CNC-02,M,299.85107182237806,313.36392942253303,2220.327056720445,25.651679844044498,82.2817435208406,2.8015020183839012,10.446216136540903,53.85750054002467,0,2026-08-25 06:31:49
2024-01-11 18:58:59,CNC-01,L,300.21961547220434,313.93986494644736,2393.21585327403,27.070899059710623,92.43380350513176,2.9121621847073524,12.003517544818592,55.180364564755074,0,2026-08-25 06:31:49
2024-01-11 03:27:00,CNC-03,H,23.446699228807347,37.29256660192357,2431.294849621332,23.52479327769681,246.30829413252326,3.884890934203262,10.726592673759495,56.89008313586675,0,2026-08-25 06:31:49
2024-01-11 19:38:00,CNC-02,M,299.962017895158,313.89486768998677,2440.151226260486,25.690692792183313,120.56441888171344,3.0904000611693774,11.850774242544622,52.71216683811956,0,2026-08-25 06:31:49
2024-01-11 03:42:00,CNC-02,M,23.626947285716994,37.54898338037276,2413.2621755253604,28.62526706517251,72.54624355256114,3.0151091685739364,12.971063937448811,58.953696760735845,0,2026-08-25 06:31:49
2024-01-11 03:50:00,CNC-03,H,296.1242453457095,309.0705877407033,2458.986773760967,23.890310718667735,20.953266531281884,3.004321027232279,10.92733761054814,60.91061866091641,0,2026-08-25 06:31:49
2024-01-11 22:29:00,CNC-03,H,297.2427339493746,309.5283878321538,2704.2387832869326,15.913708190810125,165.02377917528352,3.4728954583018368,8.029359593632265,57.836218574548504,0,2026-08-25 06:31:49
2024-01-11 00:36:00,CNC-03,H,298.9281064777262,310.3289583764946,2740.102928943135,12.523035430794058,57.55640319853942,3.3358552504546686,6.383344042616758,52.28094882052013,0,2026-08-25 06:31:49
2024-01-11 14:50:00,CNC-03,H,295.81993208581025,310.1898185220126,1695.9342429878357,44.21005136757697,47.713965534874546,2.2288088913629824,14.350434124921694,56.28545690812677,0,2026-08-25 06:31:49
2024-01-11 18:54:00,CNC-01,L,300.16390769428443,314.03381382548565,2186.1931108046692,29.781162018722615,84.83171202427467,2.8835518239512257,12.070675892055943,47.38416795062066,0,2026-08-25 06:31:49
2024-01-11 19:21:00,CNC-01,L,300.3736623968267,314.04662239039004,2290.6788366852,27.421436916878456,118.3866248430238,,11.693600361271056,48.8307377283351,0,2026-08-25 06:31:49
2024-01-11 19:04:00,CNC-02,M,299.9329508490661,314.400426038924,2268.632510028709,31.327006725218325,78.53577693607352,2.9342737621523507,13.206794891891446,52.50408613896815,0,2026-08-25 06:31:49
2024-01-11 02:25:00,CNC-01,L,298.129993907712,311.99679982628425,2352.003856033021,25.65817729365164,158.10841557194757,3.349063858452066,11.412111126270224,57.28588721136222,0,2026-08-25 06:31:49
2024-01-11 20:50:00,CNC-01,L,300.1832829162914,313.83573396998116,2579.690122545963,22.18769411230825,224.33785651159903,4.142841641136446,10.935582094121335,42.0252367169051,0,2026-08-25 06:31:49
2024-01-11 08:38:00,CNC-02,M,295.3167794231515,309.5391775704248,1555.727595573181,47.280702053708794,1.5283402225909124,2.218711017949885,13.526144108825573,60.826212748825604,0,2026-08-25 06:31:49
2024-01-11 03:38:00,CNC-03,H,23.21606789239172,35.35593523833387,2492.9885568076556,20.381045638324295,6.956989639896509,3.1126173170536267,9.64637316369749,59.24792575004217,0,2026-08-25 06:31:49
2024-01-11 22:38:00,CNC-02,M,298.7900448813903,311.64911780932067,2694.599183738834,20.357536065749667,75.41006303291083,3.2110363697178808,10.552372261244319,52.74212931317814,0,2026-08-25 06:31:49
2024-01-11 19:29:00,CNC-03,H,297.83562002192525,311.90643101788027,,30.747731108176367,180.85724599436296,3.218103246112213,12.303330164713984,55.13868966975399,0,2026-08-25 06:31:49
2024-01-11 21:45:00,CNC-01,L,300.48611454681117,312.21276634380956,2593.1059582470366,16.734761315743377,44.75786128707258,3.171971062950646,7.998614989706336,51.54656991493299,0,2026-08-25 06:31:49
2024-01-11 10:16:00,CNC-01,L,296.5326810675728,311.2005345975751,1443.067588249094,50.96761294017897,168.79741617761476,2.5746404489737036,13.753080417334084,62.32141515509933,0,2026-08-25 06:31:49
2024-01-11 02:54:00,CNC-02,M,24.02747588716511,35.85263931008717,,17.713610042355064,16.93175281327024,2.9935519984745804,8.249632284731597,56.241764971160904,0,2026-08-25 06:31:49
2024-01-11 10:57:00,CNC-03,H,294.78605829832424,308.61085702725114,1255.949666598478,53.27351716179037,166.7521249984464,2.293681913114773,12.400876443926476,60.907349237928464,0,2026-08-25 06:31:49
2024-01-11 00:07:00,CNC-01,L,298.9545176483142,310.2223550314644,2771.8530555553625,12.996690509502653,8.948604436244503,3.2502683740175358,6.710487205145601,55.04872690933949,0,2026-08-25 06:31:49
2024-01-11 16:26:00,CNC-01,L,300.50060061314093,314.6441767682454,1611.21166337835,43.26134320104293,122.50437016764808,2.4189786296721945,12.887991402001875,51.50667077222955,0,2026-08-25 06:31:49
2024-01-11 20:32:00,CNC-03,H,297.9225062469311,310.9996480943846,2418.251115562043,24.039936232409495,34.163529111480116,2.8995112522847157,11.289230576789631,50.081968881245174,0,2026-08-25 06:31:49
2024-01-11 12:42:00,CNC-01,L,297.5458915457833,312.8188692399536,1470.5997902429735,52.92416407635687,209.05200570035848,3.036536065961608,14.569707845028413,56.47293375311144,1,2026-08-25 06:31:49
2024-01-11 00:44:00,CNC-03,H,298.5256949210412,310.7065124169561,2680.6815176799746,16.337687799645945,65.91820224327311,3.150697315853662,8.172195744780092,903.9917321225655,0,2026-08-25 06:31:49
2024-01-11 19:31:00,CNC-03,H,297.98548890310354,312.0522278093273,2378.0787591537205,27.732597697492512,183.25367618936264,3.2740615996197233,12.256545858379532,53.11771917601634,0,2026-08-25 06:31:49
2024-01-11 00:14:00,CNC-02,M,299.23792945702706,310.2684589890635,2761.2200401523605,11.966558662368097,64.33839486055473,3.205815249756104,6.258518692486492,54.6774028201673,1,2026-08-25 06:31:49
2024-01-11 12:26:00,CNC-02,M,296.7949847523893,311.24560307158526,1408.875306121002,50.94187098724469,128.4561389576832,2.251804820307253,13.315453500421711,53.00575764166069,0,2026-08-25 06:31:49
2024-01-11 22:36:00,CNC-03,H,297.4360992305627,309.23368266831653,2699.5239243238957,13.30843289326267,172.4738334188581,3.5596334036607784,6.674110916645035,54.4740464603739,0,2026-08-25 06:31:49
2024-01-11 21:20:00,CNC-03,H,297.7967375121165,309.27339660823725,2508.9445522451924,13.78841328975031,89.01150477068843,3.1052789846127613,6.398069280056487,53.78557601459545,0,2026-08-25 06:31:49
2024-01-11 23:43:00,CNC-02,M,298.58251228999865,311.06471678020097,2758.9564625498974,14.610954462295503,144.84686508430025,3.478463541469022,7.506457018651693,56.78777406124364,0,2026-08-25 06:31:49
2024-01-11 07:29:00,CNC-01,L,296.1709629305506,310.87039986809935,1796.7961393962428,40.822288209869136,151.2290958646352,2.75786061424291,13.601090222487446,54.389630157652,0,2026-08-25 06:31:49
2024-01-11 18:08:00,CNC-01,L,27.082479569300233,41.11699597564814,2027.648483399684,35.37461702615963,25.498295989263315,2.505976323087636,13.542754689371435,53.505150748851804,0,2026-08-25 06:31:49
2024-01-11 07:59:00,CNC-01,L,296.5444433912623,311.7574538809601,1818.2947115196957,42.84129555486324,194.71108020599374,3.1288883880953002,14.564125932603371,59.77283965135321,0,2026-08-25 06:31:49
2024-01-11 04:30:00,CNC-03,H,295.700723915271,309.2175907890238,2325.2704473374315,26.56961944598251,69.36405864750516,2.840487154530341,11.492848811736048,59.523653123962276,0,2026-08-25 06:31:49
2024-01-11 06:29:00,CNC-03,H,295.16568410770157,310.57938909494237,1933.7140402783932,41.431356729530684,223.826589333168,3.3416057357690527,14.756203533041127,62.06630030981682,0,2026-08-25 06:31:49
2024-01-11 21:54:00,CNC-01,L,300.33524900651713,312.9330336527496,2551.400966822625,20.23186929074721,54.6563659370459,3.1238182804723458,9.6595763675846,50.24695312701914,0,2026-08-25 06:31:49
2024-01-11 18:08:00,CNC-03,H,24.434455237940824,38.34674007324884,2111.5000646447847,33.11601526881915,77.51683790360605,2.7051396662038596,13.339594931199532,50.07485462677564,0,2026-08-25 06:31:49
2024-01-11 08:41:00,CNC-03,H,294.61115162732773,309.35201413791503,1439.8417790930932,51.74163175708066,180.21511988174674,2.436131567461304,13.870687547061841,57.35621418420067,0,2026-08-25 06:31:49
2024-01-11 17:16:00,CNC-03,H,297.2755150831175,310.4158091941619,1835.968887013266,34.35957571640137,6.970665761225064,2.3995509972206155,11.499972307890232,56.771247015111136,0,2026-08-25 06:31:49
2024-01-11 06:33:00,CNC-02,M,295.4886407375282,309.0550638789964,1878.0580384996981,35.5997301952619,70.96522381968346,2.5951148879763957,12.629293036867216,63.080210323745234,0,2026-08-25 06:31:49
2024-01-11 19:34:00,CNC-03,H,297.98966552919217,311.9792751679956,2219.256319798378,29.18798197266444,187.00495510735698,3.247279244760836,11.922190388246339,55.17747644410145,0,2026-08-25 06:31:49
2024-01-11 07:46:53,CNC-03,H,294.69310309529953,309.07187715263103,1787.6294076956194,39.35700717386853,98.96910629868896,2.3554780286705124,13.038346881173302,56.719753835608685,0,2026-08-25 06:31:49
2024-01-11 00:06:00,CNC-02,M,299.05391289541967,310.5674006883349,2797.278121034719,14.045045721571794,55.87576721900991,3.302283055788156,7.30238577042808,49.600470851955734,0,2026-08-25 06:31:49
2024-01-11 11:59:00,CNC-02,M,296.32487871498324,310.3371521239361,1315.0611127174525,50.287251198922704,85.60138373193381,1.9953225030696458,12.136155007039498,58.0581764998593,0,2026-08-25 06:31:49
2024-01-11 15:53:00,CNC-03,H,296.14042697062007,310.3614295022958,1567.3407993777512,43.381944425566445,142.51121135201933,2.3717695242354004,13.100361160162747,56.65816383480915,0,2026-08-25 06:31:49
2024-01-11 13:47:00,CNC-01,L,298.48655097351593,312.76319708444,1503.9341434300359,48.0911320817492,89.90422578318433,2.154545182164109,13.357945636031607,50.80658363492855,0,2026-08-25 06:31:49
2024-01-11 23:59:34,CNC-02,M,298.4496202353253,310.59957627262537,2748.366855782364,12.847331064781967,161.68091355492993,3.6060102689103424,6.619718536127572,53.446920560287786,0,2026-08-25 06:31:49
2024-01-11 22:16:00,CNC-02,M,298.9940520669753,310.7027028258004,2709.80609610183,12.903929774767466,51.54960261838767,31.88702522612802,6.5514231073159666,52.69161023478942,0,2026-08-25 06:31:49
2024-01-11 15:26:00,CNC-01,L,299.10147764232727,312.5858248396075,1606.592013970626,39.754055946740095,34.84683938020948,2.140665218663524,11.77769505805794,53.78039785683668,0,2026-08-25 06:31:49
2024-01-11 18:01:00,CNC-02,M,26.483426473256316,41.716455817550525,2047.8586741101028,36.11167081452556,202.76237747796114,32.593413755776005,13.739798740828723,52.735871379197604,0,2026-08-25 06:31:49
2024-01-11 19:10:00,CNC-03,H,298.1746369007299,312.81128197349045,2128.808861053712,34.71580920320184,157.34288990007565,3.119303225223419,13.995349645977948,58.2479049422578,0,2026-08-25 06:31:49
2024-01-11 05:59:00,CNC-02,M,295.30016669943683,309.0532214922704,2116.3556986854273,31.89166267152861,24.976594855996915,2.7094096785707733,12.527623950144594,58.6695537138197,0,2026-08-25 06:31:49
2024-01-11 22:37:00,CNC-02,M,298.6388825760771,311.18930619019227,2679.1226258592274,15.708872823991802,74.34943109598895,3.242468602744816,7.825475997125504,54.939763560862104,0,2026-08-25 06:31:49
2024-01-11 17:20:00,CNC-01,L,27.181221376818712,42.912703741914015,1911.813761570898,43.42650024470644,198.44034058391273,3.228788230173537,15.494392608781975,49.823646179721656,0,2026-08-25 06:31:49
2024-01-11 11:09:27,CNC-02,M,296.0088188476953,309.6877997439137,1431.5129434085795,46.91885748655401,7.9093696474328095,2.0705351786403834,12.639781070857692,58.70376457956985,0,2026-08-25 06:31:49
2024-01-11 07:16:00,CNC-02,M,295.6113529942632,310.0148923291474,1907.3205163190605,35.623948252160716,130.83361071393497,2.8107411581330353,12.79078257617308,60.06211188742185,0,2026-08-25 06:31:49
2024-01-11 20:39:00,CNC-02,M,299.37335243746594,313.6444847456909,2476.8303824631457,25.146583911593904,192.96684267747597,35.38002431419709,11.802110664739587,55.812536519150456,0,2026-08-25 06:31:49
2024-01-11 14:46:00,CNC-03,H,295.6616303162095,309.78171249814613,1592.3746901865397,44.83659924380863,41.67381577502081,42.68370796208221,13.180320851087359,60.40573106814651,0,2026-08-25 06:31:49
2024-01-11 19:36:00,CNC-02,M,299.9260866467802,314.27953524340285,2261.988181125463,29.507543530765773,118.16535758944984,3.0231326895478734,12.502237539666098,46.92447834232398,0,2026-08-25 06:31:49
2024-01-11 07:22:00,CNC-01,L,296.32946391527037,311.02400911265323,1728.996853861644,43.18156180411454,141.17964499742214,2.662863723898377,14.11763546048942,62.43768334493457,0,2026-08-25 06:31:49
2024-01-11 16:15:00,CNC-02,M,298.92781611057063,313.4371817352277,1798.9898706622548,41.29278066710261,55.68558610500471,2.420868746746852,13.782696583364254,54.03977299542754,0,2026-08-25 06:31:49
2024-01-11 02:04:00,CNC-01,L,298.22939265651297,310.98655624264194,2573.850879121384,20.195586440388748,134.8998791255842,34.0412650022497,9.579431914999816,57.70231812517122,0,2026-08-25 06:31:49
2024-01-11 07:32:00,CNC-01,L,296.6461837113417,311.3422711515367,1824.4932055861407,39.638973327366855,155.5420886209708,2.782348719890266,13.478055339313093,54.142652774649676,0,2026-08-25 06:31:49
2024-01-11 07:38:00,CNC-02,M,295.44831426497217,310.1348977059315,1788.388632352307,40.77847096113253,162.07944141780115,2.7508185849523596,13.497518060547236,62.70843677197864,0,2026-08-25 06:31:49
2024-01-11 12:27:00,CNC-02,M,296.9012190641721,311.63250945321903,1302.6541410924474,55.289445440449775,130.05024155211728,2.1993529648886248,13.565461414037847,59.49575677746537,0,2026-08-25 06:31:49
2024-01-11 14:42:00,CNC-01,L,298.7182835136251,313.8576043863665,1612.607893971397,48.34553907282895,175.41387219098297,2.691450604915113,14.776166628071463,58.41054856549686,0,2026-08-25 06:31:49
2024-01-11 03:59:00,CNC-03,H,296.2726016491663,309.1869429516923,2387.047993384818,23.716111039281966,31.75552082652532,2.9433987950867873,0.0,57.37783739680323,0,2026-08-25 06:31:49
2024-01-11 17:13:00,CNC-01,L,300.5802248864188,315.1401304555619,1894.4134330404088,39.03123444712652,188.754415365557,3.1622798063878825,13.80310430772531,49.579027491380955,0,2026-08-25 06:31:49
2024-01-11 19:36:00,CNC-03,H,297.98895559838405,312.4657275127037,2246.278877487326,30.080062982939065,189.47145695740784,3.2068503920722415,12.725765486245873,53.340126166936585,0,2026-08-25 06:31:49
2024-01-11 18:46:02,CNC-02,M,305.31863727984364,312.9233372779591,2292.0541131504388,26.080198463441814,55.89138240606639,2.8122408291260297,11.319324282735973,44.493299388552195,0,2026-08-25 06:31:49
2024-01-11 01:39:00,CNC-02,M,298.18910487446857,310.6814306690824,2596.235419017414,17.32488356059437,155.18740899461994,3.5063217143507783,8.591483664925141,55.25674392950707,0,2026-08-25 06:31:49
2024-01-11 01:32:00,CNC-01,L,298.49605461561504,311.63311788199553,2533.277022832896,22.077719188975948,100.00888190372913,3.1953623255305788,9.974941749805543,49.65489450498354,0,2026-08-25 06:31:49
2024-01-11 22:19:00,CNC-03,H,297.25025728819406,310.6522727466843,2596.853143533773,21.590661682175092,154.21327260349418,3.4741051627733848,10.586498626414247,56.62727453148052,0,2026-08-25 06:31:49
2024-01-11 06:05:00,CNC-02,M,295.2584582577072,308.84996744476393,1907.0735284563334,34.264276738850825,33.00340472301148,2.581770471226047,12.126387641741218,58.015490364979335,0,2026-08-25 06:31:49
2024-01-11 06:45:00,CNC-03,H,295.0166342484116,308.6277839203245,1745.8796605935668,38.43841815490749,12.419885269909086,2.46489795946958,12.721680317736276,62.55603455253919,0,2026-08-25 06:31:49
2024-01-11 00:35:00,CNC-02,M,298.58672511885453,310.5540862485934,2660.850697969271,15.68799026258383,86.55968944750121,3.3031830819341415,7.791083501158068,58.91822754483902,0,2026-08-25 06:31:49
2024-01-11 21:22:00,CNC-03,H,297.77930578901965,311.2963155390127,2562.5187464676824,24.010214986551226,91.28497330316229,3.1954161906544365,11.70586593626517,53.55700837007466,0,2026-08-25 06:31:49
2024-01-11 16:32:00,CNC-02,M,298.7370973102508,312.91150837424885,1809.8847334500529,38.476178637736695,80.04761448775909,2.3759416418001877,12.895740309546477,52.03297538196422,0,2026-08-25 06:31:49
2024-01-11 01:31:00,CNC-01,L,298.21852634261387,310.30567160376285,2659.380532511615,16.9828548678567,98.88604428169096,3.323654874157833,8.627283401673933,56.50623780772389,0,2026-08-25 06:31:49
2024-01-11 08:32:00,CNC-02,M,295.3454035869906,310.45087985751604,1484.249956567392,50.924384060541,241.54376447000092,3.30252061623219,14.354725286553144,58.117286100289164,1,2026-08-25 06:31:49
2024-01-11 03:48:00,CNC-03,H,296.4908549602918,308.6857535201833,2401.4499243748055,20.28883103287278,18.58806725722174,2.9768565376859706,8.98140729642188,60.248068927881576,0,2026-08-25 06:31:49
2024-01-11 00:18:00,CNC-02,M,298.80388008935796,309.76526849408816,2796.1972054833286,10.573879857561874,68.51475344917353,3.302703713211476,5.4101609975703475,52.63700651292272,1,2026-08-25 06:31:49
2024-01-11 13:45:00,CNC-01,L,298.23303012193685,312.38350071000906,1462.8502679814626,47.41654084368972,86.78722753339176,2.1752032875183813,13.076044535684677,56.394295902802654,0,2026-08-25 06:31:49
2024-01-11 12:58:00,CNC-02,M,296.77113414903346,311.41456848546335,1353.3172226895472,49.778060588302864,179.12710645229882,2.442567514007743,12.994501202181283,56.777982710498364,0,2026-08-25 06:31:49
2024-01-11 18:53:00,CNC-03,H,298.2449496616067,312.55726447613836,2264.929938238933,,135.84260616570887,3.0307575342143225,13.168357521495963,56.026800520141514,0,2026-08-25 06:31:49
2024-01-11 20:16:34,CNC-02,M,299.7611547958922,313.59257533878366,2339.534369906204,25.741714054394922,166.1484601209161,3.3181285249273675,11.460540167195385,54.20452032740007,0,2026-08-25 06:31:49
2024-01-11 18:25:00,CNC-02,M,305.38210067031383,313.4679392328213,2168.442219869326,31.307955296649645,28.95303597783378,2.7792421714589333,12.716208257540197,41.67766417560774,0,2026-08-25 06:31:49
2024-01-11 20:08:00,CNC-03,H,297.9051672153056,310.5668818711604,2330.412855449322,23.346684707436577,5.907296584219338,2.9043280140073024,10.31391439983195,55.5665478056185,0,2026-08-25 06:31:49
2024-01-11 16:55:00,CNC-01,L,300.6034257500944,315.154015604172,1681.2959916963193,43.191063686884874,163.77547617875908,2.7358773586981395,13.450402907745255,51.18521514454779,0,2026-08-25 06:31:49
2024-01-11 10:28:00,CNC-01,L,296.09979256583466,310.90494197665197,1568.5985543788065,47.370589595827774,187.69758351645734,2.857159429283731,13.972354925529105,58.55773981256105,0,2026-08-25 06:31:49
2024-01-11 15:34:00,CNC-01,L,299.01516618100044,313.47656245765126,1618.7347732982796,47.43474885499415,46.76539484554251,2.273157152899314,14.549344103226408,52.088584255588344,0,2026-08-25 06:31:49
2024-01-11 00:31:00,CNC-02,M,298.4516276215604,310.47883100333576,2718.4584734313185,16.34268095001731,82.29626766353448,3.2420928010521632,8.229820892763348,59.30525928325311,0,2026-08-25 06:31:49
2024-01-11 12:25:00,CNC-02,M,297.0194213391541,311.5872507127956,1400.9651826257943,51.226565013803096,126.86640408129313,2.2753159135100756,13.185632563157208,59.02938748423857,0,2026-08-25 06:31:49
2024-01-11 07:14:00,CNC-03,H,295.070896420976,309.1316400213554,1756.7378337873597,39.6638633113003,53.178752694587736,23.998040758976828,12.709852000898946,57.738807627361155,0,2026-08-25 06:31:49
2024-01-11 00:24:00,CNC-02,M,298.6889118017827,310.3223938808209,2783.9900507092952,14.64285114982599,74.88120587921897,3.264129240288218,7.784545869212291,57.387753651703484,0,2026-08-25 06:31:49
2024-01-11 22:32:00,CNC-02,M,298.7263430267762,311.12021645669324,2649.2304076319047,16.589011041591547,68.96090142868195,3.1294682148589117,8.002089175726317,54.91386446229555,0,2026-08-25 06:31:49
2024-01-11 12:45:20,CNC-03,H,300.41392596386936,308.49951798838214,1340.0773832733119,51.89694343112019,111.12530965504416,2.1065172587466967,13.073582510330269,49.57292646990167,1,2026-08-25 06:31:49
2024-01-11 05:55:00,CNC-02,M,295.22641875398784,308.31090578748757,1945.2195687834526,31.83970383793599,19.74609479236831,2.609181731571636,11.466704431517744,61.76067638307294,0,2026-08-25 06:31:49
2024-01-11 06:42:00,CNC-03,H,295.12063949479796,308.47853070441414,2121.0690697327773,30.783051730714316,8.280826791101035,2.753621738050971,12.316258146395645,63.55793460008004,0,2026-08-25 06:31:49
2024-01-11 19:38:00,CNC-03,H,297.91788886880965,312.70653006720465,2208.311627731888,32.921678119184875,191.93200562400827,3.199046400348951,13.41852084020634,59.907789644907645,0,2026-08-25 06:31:49
2024-01-11 22:01:49,CNC-03,H,297.30628359200085,310.2266315689549,2569.038893501781,20.009788407662697,136.8814556449649,3.295744990513382,9.506759709890803,56.91437986342603,0,2026-08-25 06:31:49
2024-01-11 07:59:00,CNC-02,M,295.3928661810743,310.1126021519999,1455.9759006514619,48.513496207751395,192.59782056168393,2.621546903802477,13.216811464905502,55.10190035696465,0,2026-08-25 06:31:49
2024-01-11 04:33:00,CNC-02,M,296.4398589477774,310.1576580059178,2252.2914921921342,27.45245118767634,134.01741560970157,3.0510998220047147,11.350917406206094,60.084601751737296,0,2026-08-25 06:31:49
2024-01-11 13:16:06,CNC-02,M,297.0184456206059,310.57580485448545,1297.6565404785033,49.32721523649354,3.176738766879239,1.9938754059435855,11.825849040776829,56.65228210496279,0,2026-08-25 06:31:49
2024-01-11 07:51:00,CNC-02,M,295.2438988839042,309.8955940639453,1766.7181735722024,40.16468747586548,180.81274770215722,2.8128536831415225,13.450035086431177,59.101922986161824,0,2026-08-25 06:31:49
2024-01-11 19:03:00,CNC-01,L,300.3385075412408,313.84098757792947,2241.674112892812,27.37935147543025,96.20307467134587,2.944580114995259,11.470600805405846,53.19418599914337,0,2026-08-25 06:31:49
2024-01-11 03:56:00,CNC-02,M,296.40891249978097,309.2540150203684,2461.674843934256,20.926505645685538,89.19371429013103,3.0302988577609864,9.719552372194029,57.89084108901558,0,2026-08-25 06:31:49
2024-01-11 00:11:00,CNC-01,L,298.8582901055455,310.52834329475326,2658.330611651239,14.269813495618445,13.173123155374423,3.137939785419264,7.023420774588221,52.80080430929412,0,2026-08-25 06:31:49
2024-01-11 14:40:00,CNC-02,M,297.54400939559645,312.0063143753989,1556.0213304576732,45.71040657727957,135.8370001702683,2.432279688521376,13.284780125791467,61.35776799700304,0,2026-08-25 06:31:49
2024-01-11 10:53:00,CNC-02,M,295.9698119748603,311.48115987823604,1409.5402822511617,56.48453935426213,210.73899176546942,2.8743077301445497,14.800790630261652,57.7832044822808,0,2026-08-25 06:31:49
2024-01-11 08:35:00,CNC-01,L,296.30742970880937,309.85660722042354,1677.3406258008515,39.72125765693845,13.523545572054168,2.3309198728195315,12.59148201168026,58.41832417173761,0,2026-08-25 06:31:49
2024-01-11 14:18:00,CNC-02,M,297.6907329639709,311.926576964545,1585.5325158999515,45.045491337025524,101.78528796520895,2.2981427841472812,13.284539208538337,54.60857786073216,0,2026-08-25 06:31:49
2024-01-11 06:28:00,CNC-02,M,295.4770880763209,309.2952170367664,1796.160041995255,37.56508428156185,64.09249277165884,2.2818863114201524,12.822785243545944,0.0,0,2026-08-25 06:31:49
2024-01-11 11:25:00,CNC-02,M,296.16445882603745,309.7419834710753,1389.467246119296,48.50064897248862,31.641447056766342,2.0815600088834625,12.607381651122024,58.511615525690466,0,2026-08-25 06:31:49
2024-01-11 07:17:00,CNC-01,L,296.31683295503865,311.4865641229325,1705.1020400646526,47.10067303851081,133.99730573537477,2.519822940036789,15.189677444827382,60.36894504397395,0,2026-08-25 06:31:49
2024-01-11 06:44:00,CNC-03,H,294.77704382508296,308.33420060334856,1919.2940030048906,36.451342724784936,11.008011704894475,2.5990015455178557,13.051500894885733,62.2736793529935,0,2026-08-25 06:31:49
2024-01-11 03:47:00,CNC-03,H,,35.61338082628879,2427.3559649653585,22.120185515290476,17.42230073332795,2.9463767005316286,10.286091188924923,59.27768893022321,0,2026-08-25 06:31:49
2024-01-11 10:10:00,CNC-01,L,296.46952855399076,311.25787869310597,1484.2997518998254,52.23379585127085,159.36606319685745,2.503693440732204,14.364022641152356,56.688254428827115,0,2026-08-25 06:31:49
2024-01-11 15:55:00,CNC-02,M,298.63493570414323,312.8969708105555,,44.06050191137337,26.5347746384552,2.237662359486058,13.366276721760645,53.195565304408795,0,2026-08-25 06:31:49
2024-01-11 11:51:00,CNC-01,L,297.1073045920672,311.60700943620395,1408.010755894496,51.98131943241958,128.15351073005016,2.3144152855262394,13.853835289739827,55.654649814348765,0,2026-08-25 06:31:49
2024-01-11 00:04:04,CNC-01,L,298.7996086798516,309.9446911910419,2609.940132628112,13.865530579765194,5.816225953922088,3.1637100489623395,6.6914199483884005,55.17519560010251,0,2026-08-25 06:31:49
2024-01-11 16:50:00,CNC-03,H,296.911933350657,312.04902578533046,1955.7294212019704,38.68423331458645,224.6376816440105,3.380928187026606,14.167354264119526,57.867280337293856,0,2026-08-25 06:31:49
2024-01-11 13:22:00,CNC-01,L,297.8625618625348,311.82804952717623,1413.1475890177885,50.73152424400291,50.55907671606778,,13.473108396964465,53.26577583755872,0,2026-08-25 06:31:49
2024-01-11 07:33:56,CNC-03,H,294.8692854770395,309.31075734719053,1741.3404738767701,42.6182000423288,80.28453498189366,2.3526237475545644,13.873709650902368,61.36716833871421,0,2026-08-25 06:31:49
2024-01-11 08:20:12,CNC-03,H,294.54596040606543,309.8290432024327,1640.8563636648812,48.899345907420646,150.25290757151288,25.475903150754764,14.821931630821073,56.72387531337519,0,2026-08-25 06:31:49
2024-01-11 17:01:00,CNC-02,M,299.16833713839134,314.2372605381075,1846.8423321288808,41.13817768828793,121.01941218460031,2.6122546578399497,14.2894202115449,53.24688179781916,0,2026-08-25 06:31:49
2024-01-11 02:43:00,CNC-02,M,24.12143477302294,36.66868586700281,2616.3444301739996,19.761824544522494,4.455958317449747,3.1554423716497504,9.583856908118465,57.54220780639737,0,2026-08-25 06:31:49
2024-01-11 20:28:00,CNC-03,H,297.811409133057,310.170245106794,2289.7202886565938,21.3250831920476,29.55298388464032,2.815006260208004,9.112900740255142,54.01409688826471,0,2026-08-25 06:31:49
2024-01-11 12:20:00,CNC-01,L,297.45426899568656,312.01856394885897,1373.2443494476843,50.78872047570817,174.0611249007056,2.5220343994942946,13.334754121926371,53.45975047673076,0,2026-08-25 06:31:49
2024-01-11 10:46:00,CNC-02,M,295.8990143382843,310.9282280404481,1461.2052707517555,49.91129034015708,199.62253900952211,2.759361734205876,13.909499254396694,57.386943347057596,0,2026-08-25 06:31:49
2024-01-11 22:23:00,CNC-03,H,297.0560332501006,309.55974876872574,2711.3222716113573,,158.52100809621837,3.5140697613761707,8.385542234777198,58.44911100673639,0,2026-08-25 06:31:49
2024-01-11 08:03:00,CNC-02,M,295.4685463983359,310.44062429007846,,43.739751942859094,198.43833241741743,2.962601293549341,13.636793432028432,57.05740986535612,0,2026-08-25 06:31:49
2024-01-11 06:31:00,CNC-01,L,301.9037742907917,309.8454823502318,2073.8570672442365,33.18469960680927,70.35940463102926,2.6707402160322293,13.003719773185598,43.634568151183196,0,2026-08-25 06:31:49
2024-01-11 07:57:00,CNC-01,L,296.32814887030906,311.5077201723465,1788.1407872262441,42.82972009354972,191.8177789841718,3.131200715554012,14.168854695450703,60.08873353661437,0,2026-08-25 06:31:49
2024-01-11 15:58:00,CNC-01,L,299.50317459548245,314.0304635645947,1710.0740534334586,41.60642766226434,81.91332635957525,2.250819310690772,13.082829542390927,52.811055633047395,0,2026-08-25 06:31:49
2024-01-11 05:56:00,CNC-01,L,302.146581242693,309.7674223049495,1917.131876695934,32.56155001621518,23.603380223283164,2.5554929119667933,,48.4098774111042,0,2026-08-25 06:31:49
2024-01-11 03:27:00,CNC-01,L,24.27329464832053,37.4126549654988,2447.7368411168186,24.330349402599854,0.0,3.0219649418889802,11.296730220601594,59.01511455069354,0,2026-08-25 06:31:49
2024-01-11 18:43:00,CNC-01,L,,313.9037926814187,2148.1684189126277,29.54754454446527,70.81600293427837,26.693916925624563,11.945741455136409,50.91395582583,0,2026-08-25 06:31:49
2024-01-11 03:17:00,CNC-03,H,23.545325824467966,38.19515732308048,2481.5415439514327,29.35318191080667,234.7702098509744,3.8161739591546717,13.87774246890731,53.810213120372715,0,2026-08-25 06:31:49
2024-01-11 10:16:00,CNC-02,M,295.7319518609776,310.4162149133834,1452.8130020987455,49.1632196705519,152.4973499295021,2.4481108508699383,13.287975728676999,59.709780030096866,0,2026-08-25 06:31:49
2024-01-11 16:27:02,CNC-03,H,296.79579917925867,311.43026503190987,1819.6603628976707,38.57917080995989,193.5319036731232,2.9288692620079884,,55.67509037002,0,2026-08-25 06:31:49
2024-01-11 20:55:00,CNC-01,L,300.5520189825849,314.4450586643746,2509.7951912447684,24.469593769989253,230.16274511180708,4.290127989956823,11.632907767734487,47.98835218331807,0,2026-08-25 06:31:49
2024-01-11 16:39:00,CNC-02,M,298.73760174018935,313.15406239431434,1860.0502825285143,38.83739983881234,90.02918017427494,2.498554736679195,13.74717208183568,56.660948635751446,0,2026-08-25 06:31:49
2024-01-11 06:54:00,CNC-01,L,296.20761237001136,310.51468986475834,1903.2851674791216,38.67164940950556,101.71849776093683,2.515031661684887,13.560577817035563,60.91058570036432,0,2026-08-25 06:31:49
2024-01-11 16:43:00,CNC-03,H,296.8286997730337,311.7006051142781,1971.0459768493874,37.15853960508499,214.85834432977853,3.2031726955437927,13.743385842157565,52.15608572792452,0,2026-08-25 06:31:49
2024-01-11 12:38:00,CNC-03,H,300.5439480630422,308.8335117026577,1404.2036645610526,53.998382780630074,101.58935873932292,2.13255115164335,14.095510629793363,53.237920523208174,0,2026-08-25 06:31:49
2024-01-11 21:21:00,CNC-01,L,300.07244360506763,312.20264067530724,2456.7205318885763,19.748747445830393,18.19494633480072,3.0299913047582034,9.123306671306462,54.47400632049155,0,2026-08-25 06:31:49
2024-01-11 14:33:00,CNC-02,M,297.5705128574271,312.49476378619397,1438.3245094870692,52.85078660767291,125.02757113643072,2.199947781344386,14.26674308702462,56.75458735563109,0,2026-08-25 06:31:49
2024-01-11 01:48:00,CNC-03,H,297.8034228518704,310.86926728689923,2589.7620939525295,22.097546457319623,134.95950672311625,3.2565074149973694,10.590211153026752,57.4493943053458,0,2026-08-25 06:31:49
2024-01-11 05:45:00,CNC-01,L,302.2913249590826,309.8543869537569,2087.8646573648125,32.212358155730115,9.068425448134676,2.559774210985363,12.5594653303182,47.49604715670643,0,2026-08-25 06:31:49
2024-01-11 13:38:00,CNC-03,H,295.2963651269791,310.13537994980663,1565.884907949562,46.06490161021761,196.43450247636264,2.662014461049177,13.558516870361553,59.64912659854911,0,2026-08-25 06:31:49
2024-01-11 06:21:00,CNC-02,M,295.56470117814223,309.20825142447535,1947.007143615413,34.217119738105865,54.62009845684416,2.5438367921375713,12.428479612744228,60.050038408173215,0,2026-08-25 06:31:49
2024-01-11 05:54:00,CNC-02,M,295.0717838818281,309.09480107887174,1973.4312972330445,35.310067291598216,18.40475055493005,2.5939209860956964,12.875164649316597,59.64248997606701,0,2026-08-25 06:31:49
2024-01-11 01:32:00,CNC-02,M,298.17989966258534,310.5566539349533,2668.225839391958,16.850729224421645,147.44936372542722,3.454718360369315,8.33960828763741,51.75341771358203,0,2026-08-25 06:31:49
2024-01-11 18:48:00,CNC-02,M,305.3641141343048,313.65429052792524,2219.388667470409,31.34730385078712,58.456558217007576,2.841690007118399,12.955901099882826,39.03663091948851,0,2026-08-25 06:31:49
2024-01-11 02:50:00,CNC-01,L,24.348762172597503,37.18709993938978,2513.459876232162,19.27788686641432,186.05760645820058,3.7151652929581904,9.144210441160961,59.677059208905014,0,2026-08-25 06:31:49
2024-01-11 21:14:00,CNC-01,L,300.33728628697503,312.78092843232514,2623.5085509367445,19.739074001002546,10.197032508834438,3.1668978811020345,9.855409112819558,47.897716349294235,0,2026-08-25 06:31:49
2024-01-11 19:44:00,CNC-01,L,300.17905493282524,314.4035558378465,2205.4932428680095,31.25821539099797,146.33758284310622,3.154421530994407,12.938713652048715,52.38916258194584,0,2026-08-25 06:31:49
2024-01-11 16:06:00,CNC-01,L,299.89666093360916,314.19612600634457,1503.2143544545654,48.74227655859176,93.69817415054334,2.1624078214107314,13.861742235034683,55.6449902817534,0,2026-08-25 06:31:49
2024-01-11 13:57:00,CNC-01,L,298.1625385251558,312.47825668064837,1474.45905139167,50.39287331597458,105.66161756646166,2.320152063389999,13.92355933862215,49.005442061573625,0,2026-08-25 06:31:49
2024-01-11 12:41:00,CNC-01,L,297.5170329719594,312.4172134792493,1382.014963360732,52.15341126607589,207.45200570035848,2.9184283444438774,13.351757096764931,60.876068419871345,0,2026-08-25 06:31:49
2024-01-11 10:35:00,CNC-02,M,296.03348174774055,311.5744296654776,1508.097223156761,53.97943078428474,182.3412493338743,2.663943610389566,15.150952022293204,55.50118733075122,0,2026-08-25 06:31:49
2024-01-11 09:18:00,CNC-02,M,295.4212925235384,309.8864586214696,1543.0905436128558,48.548540218406956,62.32320421779823,2.134934301963647,13.774430185898048,62.73619012310492,0,2026-08-25 06:31:49
2024-01-11 03:10:00,CNC-02,M,23.98101100740888,35.959360145092774,2497.0818063078873,16.99559539144431,35.28904863102203,2.981967742260203,7.741561788766839,62.188283582196576,0,2026-08-25 06:31:49
2024-01-11 09:18:00,CNC-03,H,294.62188196684826,308.4291088841553,1465.1035844602934,46.58441355921257,12.134732601644847,2.0428808419844,12.898231836736459,62.34274828058522,0,2026-08-25 06:31:49
2024-01-11 02:21:00,CNC-03,H,297.11149848806184,309.093746592371,2624.308118085042,15.25217902366649,171.18027709372987,3.4662657112900637,7.626267514681233,52.629088900098104,0,2026-08-25 06:31:49
2024-01-11 08:14:00,CNC-03,H,294.9365204966946,309.27443234133636,1687.2646199013934,39.96718855992725,140.01361174420023,2.5192375941997147,12.519825309737845,56.590440492059805,0,2026-08-25 06:31:49
2024-01-11 05:21:00,CNC-03,H,295.59628258209193,309.66841624154983,2204.2763476748464,31.22675163010137,133.31913720311613,2.9564450527266173,13.102178214419832,56.85730163535694,0,2026-08-25 06:31:49
2024-01-11 18:46:00,CNC-01,L,300.47814203401794,313.60031100229276,2183.5311417723647,27.577733168311163,74.64509286302592,2.8100650449189186,11.212798141371094,49.34157010026384,0,2026-08-25 06:31:49
2024-01-11 09:00:00,CNC-02,M,295.23297149324065,309.28852422133934,1445.2672821540382,48.51959364823079,34.95296222078811,20.704679560903774,13.18297383108728,61.49056453472805,0,2026-08-25 06:31:49
2024-01-11 14:17:00,CNC-01,L,298.31219402151106,313.03993252594364,1494.698369678314,51.016540084650416,137.00214977226898,2.4833170707142704,14.222962686541127,56.11501706930465,0,2026-08-25 06:31:49
2024-01-11 16:19:00,CNC-03,H,296.50508763153704,311.3247687728643,1982.8687909677965,38.275276458201134,180.51661002425192,3.0504390689323184,14.047248148097895,61.11877785015874,0,2026-08-25 06:31:49
2024-01-11 06:38:00,CNC-02,M,295.7182207815734,309.7623487801006,1874.4939488035657,0.0,77.91320986790538,2.4412836571414225,12.709129379173094,55.7912451113984,0,2026-08-25 06:31:49
2024-01-11 12:22:00,CNC-03,H,300.3764678206314,308.6572489193474,1392.2744511642272,52.773861056485806,76.26987665689792,20.453957137674227,13.545850289897936,48.957039893770606,0,2026-08-25 06:31:49
2024-01-11 13:54:00,CNC-02,M,297.04265124454736,311.32335647111546,1337.3971718392738,54.46673204177347,64.53136220860137,2.0311750310208967,13.687811172914483,57.77395234009944,0,2026-08-25 06:31:49
2024-01-11 07:44:00,CNC-03,H,294.9662930268838,309.39499663881423,1700.683682726133,44.356723304324305,96.05741839936937,2.3113918815863688,13.871390681777765,62.291111360348644,0,2026-08-25 06:31:49
2024-01-11 19:02:00,CNC-03,H,297.9704605254562,312.08898576546284,2216.6358521890656,30.33689997343895,147.20572007841142,2.9840987047015477,12.59037929395577,57.88459047357884,0,2026-08-25 06:31:49
2024-01-11 05:51:00,CNC-01,L,302.5129715164242,309.16384945722285,2167.373092261694,24.719678743502357,16.956731193851315,2.8153357867656528,9.98298980995212,51.15595704125453,0,2026-08-25 06:31:49
2024-01-11 09:12:00,CNC-03,H,294.10916400245856,307.84496091289657,1511.354799827074,45.624051465141555,3.009841017728644,2.2095810276239645,12.845651661123433,63.715129679695025,0,2026-08-25 06:31:49
2024-01-11 16:04:00,CNC-03,H,296.42830863148777,310.9572491248272,1697.4595645970317,42.65406160787397,158.78325254825498,2.5558092205815037,13.697125970870866,60.15436886241385,0,2026-08-25 06:31:49
2024-01-11 02:30:00,CNC-03,H,297.1112681152865,309.778586031963,2422.102112685319,19.578104626160762,181.2384251034758,3.4631424691292523,8.964582356663085,55.794959791777295,0,2026-08-25 06:31:49
2024-01-11 14:14:00,CNC-01,L,298.42388213452904,312.8004129483979,1402.21943600976,52.981051232854924,132.4109664740181,2.285481941518827,13.789600642914552,51.7079340878193,0,2026-08-25 06:31:49
2024-01-11 05:35:00,CNC-01,L,,311.0233055073654,2300.530516884204,32.189421763073405,187.1263795670399,3.466922664062497,14.057471831284445,44.18836142787006,0,2026-08-25 06:31:49
2024-01-11 16:05:00,CNC-02,M,298.98271276124814,312.881832262619,1589.5890303268145,42.979609576222664,41.18961112392799,2.2083942323155648,12.741262417185538,57.77453821004835,0,2026-08-25 06:31:49
2024-01-11 23:55:00,CNC-03,H,297.00232907457786,310.13964335999003,2734.419050733596,18.290762690964876,256.5800877821874,4.427359253912269,9.508677985216668,53.94728108934568,0,2026-08-25 06:31:49
2024-01-11 11:11:00,CNC-03,H,294.6387320467556,309.6499375725539,1566.3130018145807,50.735046987475684,188.82977544242084,2.6420797128816957,14.808209672351593,56.649528855121304,0,2026-08-25 06:31:49
2024-01-11 05:42:00,CNC-03,H,295.16941742783507,309.85300194351026,1963.9146734713268,38.51639777567065,160.75255766200112,2.8714443517967356,14.179913258410581,61.62250716263063,0,2026-08-25 06:31:49
2024-01-11 09:02:00,CNC-02,M,295.1636237884797,308.85134282621993,1576.4895362088914,43.093146201233694,37.98852680402567,2.315762930017007,12.79075888601235,62.73778733551144,0,2026-08-25 06:31:49
2024-01-11 13:36:00,CNC-01,L,298.378998021479,312.3233018547108,1413.1260962735682,47.69223589383064,72.56315116684351,2.017200230544175,12.530443087782716,56.88602395732771,0,2026-08-25 06:31:49
2024-01-11 22:16:00,CNC-03,H,297.4975567671953,309.69766485895144,2755.245258579954,14.904944566295036,151.02443696207766,3.5436455905001205,7.5578346291041765,57.37203897545438,0,2026-08-25 06:31:49
2024-01-11 13:11:00,CNC-03,H,295.05099706110656,309.74041675505174,1450.0203074714284,52.333885373144916,153.90595665459244,2.368001574125021,14.027972676733324,57.03974752648963,0,2026-08-25 06:31:49
2024-01-11 20:11:00,CNC-02,M,299.89047683348895,313.95701749500745,2466.520024523047,25.168509620836968,160.19514077117285,3.3622639222686463,11.645576880915339,47.67597707080011,0,2026-08-25 06:31:49
2024-01-11 00:10:00,CNC-01,L,298.8545726435125,310.20614947943903,2737.3603619267583,12.784722577971369,12.114046222509904,3.306255515045578,6.739059287936531,51.62444029061334,0,2026-08-25 06:31:49
2024-01-11 09:18:00,CNC-01,L,296.0900491028433,310.6136873051385,1563.6490247449292,49.85441831002308,78.64382606437766,2.307479865744036,14.668925303803432,58.2405403150096,0,2026-08-25 06:31:49
2024-01-11 21:06:00,CNC-01,L,300.5317418618937,0.0,2546.4064228982015,17.280512052296796,1.134959991104855,3.1823614927858754,8.452952891323562,50.293703876794915,0,2026-08-25 06:31:49
2024-01-11 08:58:00,CNC-01,L,296.3560600296642,309.8590850906486,1636.1165368660168,39.79689337982064,48.14907229723334,2.2851223038729045,12.064202258940611,56.976236946178,0,2026-08-25 06:31:49
2024-01-11 13:54:00,CNC-01,L,298.5050635175323,312.6461619868449,1386.4754653563496,49.68616923361603,100.92497179496274,2.0327828266683796,12.923575655290266,51.316002812408634,0,2026-08-25 06:31:49
2024-01-11 04:25:00,CNC-01,L,296.7621506897757,310.11279248834285,2172.967888198326,27.17525504549577,98.79718341352596,2.8878864098519452,11.237635229857183,58.516517033435846,0,2026-08-25 06:31:49
2024-01-11 04:04:00,CNC-03,H,295.9809871734031,308.95388225997027,2357.692470545186,24.781105166412278,37.79003959774943,2.8747929954427356,11.226339567660126,62.33110749299,0,2026-08-25 06:31:49
2024-01-11 13:05:00,CNC-01,L,297.75982967186815,311.54630169855744,1485.6031017312991,47.10351344341994,23.70095148038384,2.0940714843134196,13.042900322681186,55.03274727382412,0,2026-08-25 06:31:49
2024-01-11 07:27:00,CNC-01,L,296.36671251488144,310.8970414222138,1918.1043715870242,39.321943783500465,148.36036757446405,2.7737049450233098,14.118263934773237,57.465983744319246,0,2026-08-25 06:31:49
2024-01-11 16:53:00,CNC-02,M,299.0247448596131,313.5273796126745,1771.688098741249,40.15504489204125,109.85455422458311,2.5954698964901035,13.510195317382804,56.616940288037156,0,2026-08-25 06:31:49
2024-01-11 21:21:00,CNC-03,H,297.62520936976813,310.64648398174273,2467.6489074715705,22.564907190220406,90.16967907244958,3.1582540742358685,10.569820818164624,60.81768005527174,0,2026-08-25 06:31:49
2024-01-11 17:28:00,CNC-01,L,27.42364495621291,42.42331015541424,1873.856248910139,41.187719196770786,209.3225089428758,3.330622767141918,14.407634339252535,46.54747910322576,0,2026-08-25 06:31:49
2024-01-11 07:12:00,CNC-03,H,294.95358145499125,309.55544958751943,1921.4637784579522,39.617320507044155,50.33148493196871,2.5617661716912794,14.181205008998873,62.88215137931118,0,2026-08-25 06:31:49
2024-01-11 14:55:00,CNC-02,M,297.95743653812804,312.8259775721271,1528.7046228778693,48.986819323414444,158.8115693603507,2.4425582397349923,14.053762581530446,56.7779634612926,0,2026-08-25 06:31:49
2024-01-11 20:26:00,CNC-03,H,297.69071865740204,310.46914320749977,2448.234805826146,22.528852884723065,27.1537245668045,2.9699551686558308,10.393848921844347,54.69010405681391,0,2026-08-25 06:31:49
2024-01-11 03:57:00,CNC-01,L,297.4141476391446,310.64741127979886,2346.777927566095,25.048248924063014,64.85969292866315,3.050500597595535,10.885565524811575,56.591572161806724,0,2026-08-25 06:31:49
2024-01-11 14:38:00,CNC-03,H,295.37313044620873,309.2729156799034,1593.0287054609146,44.85801567374514,29.313315240396413,2.2398431942495822,13.33708442648139,60.41961545756495,0,2026-08-25 06:31:49
2024-01-11 03:31:00,CNC-03,H,23.199552124646857,37.39096136345438,2405.1505327068367,26.91659678955195,250.89237804676142,3.9326507218399906,12.086389316666121,55.78851698422935,0,2026-08-25 06:31:49
2024-01-11 20:00:00,CNC-02,M,300.12179743040537,314.2355498533097,2307.937172337492,26.93350281570504,147.16541533149763,3.0976517445833736,11.8033560670613,48.43755016038788,0,2026-08-25 06:31:49
2024-01-11 23:47:50,CNC-01,L,299.5089000147086,312.7986707813139,2674.250545263955,19.68091540844659,178.51102956697272,3.837324655150736,9.927736640852428,51.96541843430517,0,2026-08-25 06:31:49
2024-01-11 20:44:00,CNC-01,L,300.30776389059724,314.8950078629275,2382.6744001414413,29.850762682872176,217.5817701222881,3.91218844817636,13.482270094306344,49.96463430935526,0,2026-08-25 06:31:49
2024-01-11 11:59:00,CNC-01,L,297.1705653105721,311.8421753647284,1473.2368180634674,50.65909280796195,140.79693864235966,2.4581690971901837,13.93922092740417,54.51508969078941,0,2026-08-25 06:31:49
2024-01-11 07:38:00,CNC-01,L,296.32731894269705,310.6399613582822,1742.4868705022973,41.05241050683814,164.08690254032024,2.889653081365715,13.300646925290097,56.62222626185131,0,2026-08-25 06:31:49
2024-01-11 06:40:00,CNC-02,M,295.87117537606997,310.51018274291124,1981.3420878768177,37.842508459417786,80.63209114599232,2.6712585774658892,14.255967497261302,59.1992366424003,0,2026-08-25 06:31:49
2024-01-11 00:49:00,CNC-01,L,298.707131358192,309.83473642223265,2695.919274436357,11.905681469397853,53.78392580912395,3.2323296817861045,5.928026600921491,52.307792273533074,1,2026-08-25 06:31:49
2024-01-11 03:17:00,CNC-01,L,24.32784089374951,37.297793616859394,2636.693994289487,22.431710179775095,18.059873995961954,3.101592644047335,11.020221942250615,55.011139592957875,0,2026-08-25 06:31:49
2024-01-11 02:50:00,CNC-03,H,24.028305788654677,38.18604809975352,2434.1347133918634,27.047229863451765,203.8809847443258,3.554330401563073,12.439910480410024,56.79350421098016,0,2026-08-25 06:31:49
2024-01-11 11:20:00,CNC-01,L,296.94051719810955,311.15054132884205,1304.0987598059864,52.692056445110715,79.17797759743827,2.014463468497086,12.73154936567633,58.263839978582745,0,2026-08-25 06:31:49
2024-01-11 22:23:00,CNC-02,M,298.8235639382856,309.9097029699776,2616.0866085450757,10.735010946724348,59.11999961175297,3.147868478646058,5.275354649659724,47.52915197591471,1,2026-08-25 06:31:49
2024-01-11 04:12:00,CNC-03,H,296.0200585715422,309.06412011519046,2266.8457908188484,25.9829272235809,47.440340694008725,2.9433719547023642,10.97202510692344,60.56384416803693,0,2026-08-25 06:31:49
2024-01-11 20:28:00,CNC-01,L,300.2197980252427,314.0200690485351,2273.8299889015384,26.82958002952369,198.74131489679934,3.5908479840288616,11.46153089334534,49.75865740024826,0,2026-08-25 06:31:49
2024-01-11 14:30:00,CNC-01,L,298.4918237894974,313.0795184736256,1610.102415708465,45.36808904836026,156.97468270769556,2.6266118527759548,13.677344924032898,55.33448034062287,0,2026-08-25 06:31:49
2024-01-11 02:44:00,CNC-03,H,23.935463104851237,37.47175253074164,2662.4924920438707,21.864686341935375,197.05624268593678,3.713831797659861,10.936511205944374,56.87416250406743,0,2026-08-25 06:31:49
2024-01-11 02:47:00,CNC-01,L,24.531546943990122,37.993431019012405,2485.0294338167423,22.32730652098777,182.65061790659547,3.700096772761097,10.74621993803816,56.115453064006886,0,2026-08-25 06:31:49
2024-01-11 23:31:00,CNC-03,H,297.29269433992056,310.24286746123136,2759.7561403255163,17.211749000801166,231.09214321570104,4.078257055926274,8.901066539814174,55.32686758364931,0,2026-08-25 06:31:49
2024-01-11 07:22:00,CNC-03,H,294.84935514985386,309.1500081232842,1896.4351720744926,39.284063568622656,64.47169918511396,2.493955988894931,13.695826918875955,61.091599492066045,0,2026-08-25 06:31:49
2024-01-11 10:34:00,CNC-02,M,295.99609601758766,310.68416114463605,1520.1474930016843,46.6598636519474,180.7722045473379,2.6807387432864362,13.526885889978269,58.58929485833658,0,2026-08-25 06:31:49
2024-01-11 06:32:00,CNC-01,L,296.60323923362006,310.9062618846819,2018.1664230411936,37.382668633283295,71.72437975145525,2.707484975602908,13.973219774882624,57.592833440619046,0,2026-08-25 06:31:49
2024-01-11 17:29:00,CNC-03,H,24.044672468362137,37.71083412815989,1836.5105358207825,35.94815733425532,24.92224115233654,2.4798414035689564,11.890074238449815,54.00062965167151,0,2026-08-25 06:31:49
2024-01-11 09:01:00,CNC-01,L,296.375943331942,310.85981194253065,1563.834319013519,48.05600111238045,52.658334105111386,2.2005186166676554,14.163367352493667,60.909019634942865,0,2026-08-25 06:31:49
2024-01-11 07:24:00,CNC-01,L,296.3733261433129,311.236654668334,1790.929536753306,41.22874988018889,144.09332616168,2.8099074218796383,13.776247494422151,57.01298762922617,0,2026-08-25 06:31:49
2024-01-11 12:29:00,CNC-02,M,296.98749380286955,311.87993906362857,1432.720057029445,52.54259638300084,133.21965170912785,2.3180135737551715,13.908789087456217,59.679089767882346,0,2026-08-25 06:31:49
2024-01-11 06:26:00,CNC-03,H,295.41929387098486,310.55115671968196,,36.58908440409144,219.667010040395,3.293653036994908,13.95274615002988,58.44228630563119,0,2026-08-25 06:31:49
2024-01-11 10:41:00,CNC-03,H,294.5113446291658,308.73621017453246,1364.1455950256347,49.66329599581977,141.4620154737471,2.2586696990882853,12.672200492268116,61.95642628811098,0,2026-08-25 06:31:49
2024-01-11 21:52:00,CNC-01,L,300.25643756214384,311.9196754419311,2664.479310244937,15.283067758817046,52.454030957739,3.2064131226614854,7.578359050284372,51.10432786304147,0,2026-08-25 06:31:49
2024-01-11 15:47:00,CNC-01,L,299.2238625804924,313.2745283983201,2014.5569373837025,34.88828159309332,65.79935913085308,2.5506212111464666,13.135181795586886,50.497824829370856,0,2026-08-25 06:31:49
2024-01-11 19:22:00,CNC-01,L,300.29717204516726,314.06560672685305,2417.0335545756284,26.73826947568965,119.58266104602939,3.091729875542557,,48.570129419451284,0,2026-08-25 06:31:49
2024-01-11 13:24:00,CNC-02,M,297.061051706631,311.2538826912159,1362.0221452285016,50.047911944659006,17.404283381161225,2.0393812933356066,12.873389063932938,54.50927246957037,0,2026-08-25 06:31:49
2024-01-11 08:05:00,CNC-01,L,296.3961988608568,311.2493970403969,1713.9010040564726,41.78200757659835,203.49435641770108,3.030754348227026,13.286418389588146,59.51592031036576,0,2026-08-25 06:31:49
2024-01-11 05:51:00,CNC-02,M,295.6281765862655,308.7431604177356,2051.7637919106655,30.292454196850212,14.438610965302125,2.635275546277555,11.385338859299155,61.05863868165451,0,2026-08-25 06:31:49
2024-01-11 03:32:00,CNC-03,H,23.0893603789483,34.802499314021645,2580.8448241567626,16.817954437173285,0.0,3.1606849565359947,8.14791212496336,54.62915316306885,0,2026-08-25 06:31:49
2024-01-11 18:55:00,CNC-01,L,300.3587619466251,313.54782133111416,2228.1663427317667,27.006506371989303,86.06602874525848,2.9089587857454595,11.291168658103695,53.718543348598644,0,2026-08-25 06:31:49
2024-01-11 17:06:00,CNC-01,L,300.18780159514955,314.59935994494754,1790.5198142524087,39.36326110130577,179.09988793666145,2.914006564732658,13.225412693958104,53.38422392062952,0,2026-08-25 06:31:49
2024-01-11 15:36:00,CNC-03,H,296.2834202099484,310.60455856371914,1650.1458517327524,44.809890201781506,117.35863909342152,2.428370969500962,13.772559174211844,53.09612083939864,0,2026-08-25 06:31:49
2024-01-11 21:28:00,CNC-02,M,299.30334480472027,313.5308907193632,2539.2758516394556,23.460976968466284,248.4238794893968,4.27696354821945,11.187563517452821,49.34903535075129,0,2026-08-25 06:31:49
2024-01-11 15:39:00,CNC-01,L,299.30983562095196,313.19155009596466,1596.153587327348,44.22995664516283,54.11281838778422,22.59412907828558,13.221601458549042,55.58692389942765,0,2026-08-25 06:31:49
2024-01-11 18:50:00,CNC-01,L,300.6540361269227,313.4344039741026,2175.112698081226,25.211739160373188,79.7419064139114,2.7043853680243535,10.547989923395596,51.91923111213671,0,2026-08-25 06:31:49
2024-01-11 01:42:00,CNC-02,M,297.7318644715368,310.34523588927004,2571.7799261271985,19.390188573915193,158.4955422251479,3.3547366531762153,9.508672696974859,54.08457232167474,0,2026-08-25 06:31:49
2024-01-11 09:03:00,CNC-01,L,296.0985749344009,310.16691373871555,1635.722070698965,43.511589502098744,55.675707142689774,2.1980453847959454,13.272549295437575,61.09999812493737,0,2026-08-25 06:31:49
2024-01-11 05:36:00,CNC-01,L,302.10649896998365,310.5007108257659,1942.8950827229594,35.498760469705545,188.48389518587211,3.0876361612055794,12.899992230253346,53.61050396088919,0,2026-08-25 06:31:49
2024-01-11 06:47:00,CNC-03,H,295.1332147700558,308.9884153518573,1873.7688675641361,36.04084420930745,15.196605880194099,2.450240445290329,12.20647152447875,64.4698925331267,0,2026-08-25 06:31:49
2024-01-11 03:39:00,CNC-02,M,24.011470739075264,37.62273663272805,2266.1986526152054,27.08402946775209,69.03294497168444,2.979447856753918,11.422918278557887,58.39696940867543,0,2026-08-25 06:31:49
2024-01-11 19:35:00,CNC-03,H,297.9382929237174,312.72799170151853,2297.783749837047,32.00260431426303,188.23365976831124,3.3797885047503544,13.577230060062062,55.46587858185038,0,2026-08-25 06:31:49
2024-01-11 02:45:00,CNC-02,M,24.35372112462329,35.81484836010782,2529.5578177370267,15.489577145936892,6.699113190202613,2.9793604550278237,7.308877365229172,53.470908565813396,0,2026-08-25 06:31:49
2024-01-11 08:15:00,CNC-02,M,295.19961160891125,310.4311411929996,1535.789982261691,50.68294944546368,216.18251719759985,2.896116268677337,14.520983161724427,62.23540756131793,0,2026-08-25 06:31:49
2024-01-11 02:09:00,CNC-01,L,298.4175535040669,311.5651952539996,2495.8274132478964,22.202220054441245,140.42976864431074,3.2999138192594044,10.416464937304493,50.989008238090456,0,2026-08-25 06:31:49
2024-01-11 15:57:00,CNC-02,M,298.4110109564587,312.47221499690147,1736.7488331539664,40.12521833703356,29.466185282572066,2.376245280819647,12.949098268537268,53.52555833745271,0,2026-08-25 06:31:49
2024-01-11 03:30:00,CNC-03,H,23.400005544116198,37.73660913549611,2479.7436293203,25.134478205091,249.74600643027392,3.9840873795911342,11.562705175859218,55.09786782355839,0,2026-08-25 06:31:49
2024-01-11 07:46:00,CNC-02,M,295.4993765399036,310.4650012449888,1831.0717538934134,40.93420573737403,173.6418841622237,2.7401890460531515,13.915527560484968,59.40227682253106,0,2026-08-25 06:31:49
2024-01-11 18:27:00,CNC-03,H,298.1716834416568,312.1662425141261,2086.222438381693,33.75609204423835,102.64803298607592,2.726101181279736,13.0419348088347,60.85213526678327,0,2026-08-25 06:31:49
2024-01-11 03:19:00,CNC-01,L,24.189801935599178,37.9420441718749,2453.271596196456,27.089926003103074,20.41424044545686,3.000603128249113,12.481752776687042,59.958437541507735,0,2026-08-25 06:31:49
2024-01-11 18:44:00,CNC-02,M,305.36689105713776,313.1312419514012,2370.2165219949907,26.39354935045768,53.33853051224458,2.9681891370061617,11.723091974255155,42.047357109196554,0,2026-08-25 06:31:49
2024-01-11 03:46:00,CNC-02,M,23.8184920530648,37.35629595980657,2378.7835927381866,25.92952352268127,77.36413880606425,2.9042066344150275,11.599180631757115,57.90231637016337,0,2026-08-25 06:31:49
2024-01-11 05:59:00,CNC-03,H,295.3580304146505,310.0921147035663,1974.621667033262,38.144656596741015,183.08583543567954,2.9628649000628116,14.111846517854204,62.83380250750033,0,2026-08-25 06:31:49
2024-01-11 11:44:00,CNC-03,H,294.632582936665,308.60644626126566,1314.6240564903587,53.84770910497599,15.925795083096345,2.001554831151407,13.083698643681263,63.590255973425826,0,2026-08-25 06:31:49
2024-01-11 02:53:00,CNC-03,H,23.78730614029928,38.4247918771552,2522.6701491538283,27.223818450028823,207.36538155865586,3.618521816195759,12.75101435778812,57.093120049623515,0,2026-08-25 06:31:49
2024-01-11 08:06:00,CNC-03,H,294.75798720369016,308.9167058367878,1592.3105592206352,43.8216482071158,128.1300803241752,2.315354253574986,13.002956021277013,57.57277973048186,0,2026-08-25 06:31:49
2024-01-11 18:39:00,CNC-01,L,300.2177700941235,313.1535350557134,2230.4841066282465,24.92927583179198,65.76571961579462,2.7951528980132894,10.638997586883043,54.966700380753004,0,2026-08-25 06:31:49
2024-01-11 02:32:00,CNC-02,M,297.3121691654498,311.0392901098632,2426.8266874700803,22.899311926713455,213.6450006568075,3.7751828459696877,10.460815706566688,58.3502802407583,0,2026-08-25 06:31:49
2024-01-11 05:49:32,CNC-01,L,302.53983633389197,309.5924861591182,2151.1680159228426,28.588864662682475,15.646522576420685,2.842799145745329,11.570301072091395,44.307722143752535,0,2026-08-25 06:31:49
2024-01-11 00:45:00,CNC-02,M,298.68000597147903,311.31444759387585,2679.2876216494114,19.07267212955493,97.37058224216959,3.3639428422487883,9.129319239430334,57.48328246478919,0,2026-08-25 06:31:49
2024-01-11 08:49:00,CNC-03,H,294.4338821446223,309.0067008505831,1713.7827649840272,41.4432493277854,192.26765457766606,2.8136802481316807,13.175826291363734,59.8255089536837,0,2026-08-25 06:31:49
2024-01-11 20:18:00,CNC-03,H,298.12281689016834,310.8503555964877,2349.576974040195,23.37796341660773,17.73461646770202,2.9886771383253454,10.382205098160812,51.86761595103213,0,2026-08-25 06:31:49
2024-01-11 15:30:00,CNC-03,H,295.855001214131,310.4728419295505,1554.4682900231323,47.342946189352894,108.42987747362567,2.2256436646112676,13.536489765078263,63.56365558516162,0,2026-08-25 06:31:49
2024-01-11 08:24:00,CNC-02,M,294.9353521801141,310.47957313920415,1678.832564838246,47.71231891980414,229.6054655954902,3.2984544267657925,15.221932732218233,54.222531085776446,0,2026-08-25 06:31:49
2024-01-11 22:34:00,CNC-02,M,298.8850350828505,311.46040977019356,2582.959587033205,18.125273179788035,71.18241696496271,3.132443234166713,8.857667350958968,50.87618975229716,0,2026-08-25 06:31:49
2024-01-11 02:17:00,CNC-02,M,297.6101676623617,310.40843488942716,2490.7179401804137,19.635836472076107,196.87112005175794,3.579717775090155,,54.601662579438766,0,2026-08-25 06:31:49
2024-01-11 06:13:00,CNC-02,M,295.4015112762262,309.4839694768135,1914.4635100210269,36.95175503929979,43.77778958609955,2.468184642122464,13.166828869093886,59.072208460467664,0,2026-08-25 06:31:49
2024-01-11 03:24:00,CNC-03,H,23.281220011021276,37.52376567159865,2578.3331992319945,25.212590033125927,242.80092194223627,3.99872046165419,12.306092401434428,58.49800393761685,0,2026-08-25 06:31:49
2024-01-11 17:25:00,CNC-02,M,26.6197642920244,41.79879767610362,1972.5109711680875,39.7283747655952,154.34112957995143,2.7629888995788683,14.677797849688979,56.481094872815895,0,2026-08-25 06:31:49
2024-01-11 20:17:00,CNC-03,H,298.20700620583915,310.42067006959024,2487.803422835711,19.1953378776682,16.54987177588275,3.060844687623848,9.298768117105103,59.93658905699631,0,2026-08-25 06:31:49
2024-01-11 02:58:00,CNC-03,H,23.931792111452012,37.558200307147786,2518.806151492425,22.736285348821145,213.06660569276013,3.7380710443424863,10.926422685606322,52.04364549451216,0,2026-08-25 06:31:49
2024-01-11 14:51:00,CNC-01,L,298.840296252663,314.03785934982125,1537.0756880810752,51.14159228690243,189.2368855475236,2.8230547052972916,14.721677339847345,52.63681873270991,0,2026-08-25 06:31:49
2024-01-11 22:31:00,CNC-01,L,300.0649100431559,311.56953598017026,2586.2399034761884,13.877066941911085,94.92006761845755,3.1692342680316012,6.762087500439889,51.229396126276704,0,2026-08-25 06:31:49
2024-01-11 09:44:00,CNC-02,M,295.46350745732866,309.60964296869366,1319.2513363432631,52.82153538042678,102.50253300894919,2.0963502921839905,12.994180694025683,60.86453512561638,0,2026-08-25 06:31:49
2024-01-11 12:57:00,CNC-02,M,297.0516934660414,312.04039193992287,1404.7759384596577,52.59692874877171,177.52710645229882,2.4916057472580917,13.654806890835227,55.822162849520154,0,2026-08-25 06:31:49
2024-01-11 00:31:00,CNC-01,L,299.01928822409224,310.368712687811,2842.8510191799883,14.191678720358722,34.55123249864427,33.88653010505965,7.668679533102185,53.68398939338926,0,2026-08-25 06:31:49
2024-01-11 08:07:00,CNC-02,M,295.63052055202076,310.2192440742761,1700.756192209348,42.43126895968593,204.30428339248388,2.9769382805841644,13.818920610932796,60.23515807890993,0,2026-08-25 06:31:49
2024-01-11 06:58:00,CNC-02,M,295.19812832065134,309.4822282762237,1609.3219591659727,42.658537601907334,105.69551763870392,2.2273896801925024,13.019774104505299,60.27194082549177,0,2026-08-25 06:31:49
2024-01-11 03:56:00,CNC-01,L,297.28403623550935,310.62792391865605,0.0,25.143796496630337,63.652908883065045,3.0336102810266277,11.53010445323331,56.24873263870145,0,2026-08-25 06:31:49
2024-01-11 10:30:00,CNC-01,L,296.2101448615188,310.0685967343619,1432.2619625743375,50.04298708650526,0.0,2.128356346199045,13.319727833801888,54.98092870303798,0,2026-08-25 06:31:49
2024-01-11 19:26:00,CNC-02,M,300.1097276148748,314.2815691341593,2147.618619035928,30.218494886065386,105.81380523457469,2.7877534916871998,12.28978922088658,47.58466400632996,0,2026-08-25 06:31:49
2024-01-11 10:41:00,CNC-02,M,295.904828292898,310.9212714703943,1511.993885668321,49.28810808959328,191.75379474784526,2.716471373795934,13.85875454922468,59.43708777543889,0,2026-08-25 06:31:49
2024-01-11 13:49:00,CNC-01,L,298.3967388778664,312.59316220475046,1537.7982790470792,46.33474506086821,93.06353138014885,2.234033162860947,13.203267244289968,53.76447950020816,0,2026-08-25 06:31:49
2024-01-11 00:33:00,CNC-02,M,298.6627068574667,310.571258402196,2769.0253545041705,14.824379688371708,84.37556640855013,3.437157045906778,7.442844759137913,51.947297270056076,0,2026-08-25 06:31:49
2024-01-11 18:03:00,CNC-03,H,24.435088819997986,38.79515011811225,2045.9758864998867,35.93440104928979,70.95626982681384,2.5542738561002998,13.661733485416455,56.47338752570772,0,2026-08-25 06:31:49
2024-01-11 14:31:00,CNC-03,H,295.3672946834836,309.3830549116809,1534.3035758040503,48.44288807331061,18.51390973679375,2.170877725252346,13.776698355857445,56.37415664637732,0,2026-08-25 06:31:49
2024-01-11 14:15:00,CNC-02,M,297.6529403431515,312.19875983520774,1454.1656926019132,50.75894470065459,97.22808788515881,2.2046229681945704,13.702175258766355,57.16114824370433,0,2026-08-25 06:31:49
2024-01-11 21:48:00,CNC-01,L,300.63787608609067,312.6483465291165,2523.419750829516,17.60854502194837,48.06680920712852,3.0953729241886636,8.431358575550698,48.695957213284615,0,2026-08-25 06:31:49
2024-01-11 13:25:00,CNC-03,H,294.9225615930388,310.06671827295986,1446.3560169143377,51.89576711054106,175.9418568174757,2.4905341291600727,14.212967650596697,59.77368910689712,0,2026-08-25 06:31:49
2024-01-11 23:48:00,CNC-01,L,299.5590409226074,313.13707033980154,2614.4244411979885,21.779875846075605,177.42585422123616,3.7481733894332216,10.931827221110977,47.72388942366311,0,2026-08-25 06:31:49
2024-01-11 08:40:00,CNC-02,M,295.43446600351797,309.2229817180536,1543.000302372913,45.46796008817986,4.525675195100112,2.2225432633580255,13.047257626193721,61.5297324759621,0,2026-08-25 06:31:49
2024-01-11 21:32:00,CNC-03,H,297.4735401368637,310.7202300352432,2551.788792727476,22.744487909979984,102.55909957680744,3.1369989720293003,11.157953498623545,55.50436482539081,0,2026-08-25 06:31:49
2024-01-11 11:29:00,CNC-03,H,294.60424307125953,309.6454872566513,1395.1317799392048,56.31640869407064,217.26178978001218,2.8671962675096307,14.805693806566492,62.70309106885134,0,2026-08-25 06:31:49
2024-01-11 18:16:00,CNC-01,L,27.24622828558944,40.431432950612304,2025.2621246120318,30.0600633767769,36.062689961177995,2.5687480370850158,11.225412018539634,45.408628809550585,0,2026-08-25 06:31:49
2024-01-11 03:34:00,CNC-03,H,23.15420558877389,35.180008603097576,2467.8427202541616,19.201890454961692,2.277077440107251,29.30796799183482,9.058764046224525,58.977654566060366,0,2026-08-25 06:31:49
2024-01-11 19:31:00,CNC-01,L,300.1937073961566,314.15400851836074,2207.0775599966482,30.38937777725492,130.68127536849542,2.8828354714440194,12.718999815651534,48.53048833793614,0,2026-08-25 06:31:49
2024-01-11 04:17:00,CNC-01,L,296.95441681201766,310.6166485206112,2356.624585216705,27.097704141753756,89.12377518249025,2.951157028411957,12.172442881025896,54.34786381159699,0,2026-08-25 06:31:49
2024-01-11 09:10:00,CNC-01,L,296.2120136265815,,1432.7707115984963,51.05799473484347,66.47798875707994,2.161141886206453,13.833134701790698,54.576535999524395,0,2026-08-25 06:31:49
2024-01-11 19:19:00,CNC-02,M,299.7425118835619,313.4991595168886,2295.1004376019237,26.960756746759582,97.17207605657521,2.8914208855256986,11.37138635232673,53.68758958256691,0,2026-08-25 06:31:49
2024-01-11 08:39:00,CNC-01,L,296.27710031709023,309.95706190749354,1402.057395692425,47.87955068619507,19.545637387311952,2.01328557366839,12.524904003648524,56.09795880962518,0,2026-08-25 06:31:49
2024-01-11 18:48:00,CNC-03,H,298.1845568934943,311.7488915807729,2212.3742803871423,28.139216892126946,129.583859623248,2.948346840277979,11.51024318808078,57.40378318596858,0,2026-08-25 06:31:49
2024-01-11 08:42:00,CNC-01,L,296.1965765042004,309.56279323214613,1603.5639727424075,40.352948736006134,24.03656875817309,2.1590490198167904,11.792326468675023,57.27967551316924,0,2026-08-25 06:31:49
2024-01-11 13:17:00,CNC-01,L,297.8744889347293,311.70815429785023,1395.5134505427682,50.32594933731305,42.74928294486653,2.074672815657802,12.94095568582563,56.206285571438144,0,2026-08-25 06:31:49
2024-01-11 09:07:00,CNC-01,L,296.2248112742936,310.0469383578455,1586.6132484931748,43.679495925569995,61.810536347228094,2.223741541042022,12.862613119333236,59.36919924902581,0,2026-08-25 06:31:49
2024-01-11 20:57:00,CNC-01,L,300.47574483307534,313.9069275500842,2388.9230078326823,22.59178148706999,232.49165067563882,4.226426080350225,10.263213461045828,51.15429888578076,0,2026-08-25 06:31:49
2024-01-11 20:07:00,CNC-02,M,299.965843393758,313.3490928761141,2305.2453731361097,,155.4584299358507,3.168219151116639,10.65109586286699,53.8342859702,0,2026-08-25 06:31:49
2024-01-11 09:15:00,CNC-01,L,296.1974951120466,311.1220769897197,1765.2864394087899,44.4426560784351,74.06346909596469,2.3645914960711956,14.694369819760492,57.627969865656276,0,2026-08-25 06:31:49
2024-01-11 21:50:00,CNC-01,L,300.3345010215015,312.8880893987253,2575.8194659467044,20.180318424766693,50.3037669770127,3.142310486806736,9.901834778774298,52.82022554180084,0,2026-08-25 06:31:49
2024-01-11 16:13:00,CNC-03,H,296.60229469260383,311.1502204311646,1671.4856449880801,44.08713955399666,171.76600915600923,2.623830651348806,13.612754869912932,61.51286278510225,0,2026-08-25 06:31:49
2024-01-11 12:05:00,CNC-03,H,300.14835561393755,308.3907228457306,1501.9883469225074,49.17800034416275,49.19691943187753,2.1626103102612197,13.902923516087938,50.786480146078105,0,2026-08-25 06:31:49
2024-01-11 06:02:00,CNC-01,L,301.7601813930552,309.61378649876815,2069.6582006092817,33.227365175649645,31.554562748818384,2.7292072652671036,12.881753179875522,48.086550067334585,0,2026-08-25 06:31:49
2024-01-11 21:04:00,CNC-01,L,300.0714010606529,313.5145359019714,2627.619793829722,20.526327199593112,240.31224567354076,4.5180544090336605,9.903109107095126,55.84675084756538,0,2026-08-25 06:31:49
2024-01-11 08:34:00,CNC-03,H,294.72093598779554,309.89870219828885,1589.7801428998496,49.69629031317828,169.68037784832327,2.439513859355047,14.943697949546804,58.925549344281826,0,2026-08-25 06:31:49
2024-01-11 21:43:00,CNC-02,M,299.3811296197312,312.40319308356777,2672.1739157148004,20.47118036665473,15.404128628968115,3.0995415090941627,,56.3080005794662,0,2026-08-25 06:31:49
2024-01-11 05:43:05,CNC-02,M,295.30793833427924,308.67293492983066,2100.4747982499034,29.445120970727377,2.6035441120391454,2.700649456325523,11.279104993888604,60.21326911509311,0,2026-08-25 06:31:49
2024-01-11 04:22:00,CNC-01,L,296.94999243055094,310.6542891398812,2308.8732247347484,27.988898721194015,95.14603558278344,3.035238585079117,12.11911717691866,53.79999513777461,0,2026-08-25 06:31:49
2024-01-11 07:01:00,CNC-01,L,296.0619485685493,309.99805046041394,,37.92855907279444,111.50045941642591,,12.47329762883543,57.38059217726084,0,2026-08-25 06:31:49
2024-01-11 15:52:00,CNC-01,L,299.80229163678734,313.2087231362389,1589.4650980773688,39.87165591653772,73.21828323842354,2.293418872669077,11.987374563814582,49.81993117391878,0,2026-08-25 06:31:49
2024-01-11 02:56:00,CNC-02,M,23.97774830367115,36.73347805255753,2548.4520248523168,21.081620827512687,19.164488928667,3.144682789011268,10.07704567502789,54.10214149600181,0,2026-08-25 06:31:49
2024-01-11 10:34:00,CNC-01,L,296.4542099562991,309.90710945566207,1361.8928358164985,49.047192888995355,6.344730740681996,2.107506498615053,12.433829567471678,56.81788253304928,0,2026-08-25 06:31:49
2024-01-11 19:56:00,CNC-02,M,299.74896590844554,314.107777516778,2340.1791265896577,28.3973065416618,142.3471616866494,3.1696248169876853,12.739662935735456,51.69396530403488,0,2026-08-25 06:31:49
2024-01-11 13:31:00,CNC-01,L,298.15101144420424,311.9370445422355,1370.296698645407,49.28093331548615,64.7812530395991,2.1832542960863806,12.393236225974551,57.30748989853124,0,2026-08-25 06:31:49
2024-01-11 20:08:00,CNC-01,L,300.4110900758337,313.5289565361226,2508.240673765844,21.60145821022893,175.1052617958765,3.450302907119938,10.096025845540273,52.30999277012475,0,2026-08-25 06:31:49
2024-01-11 11:33:00,CNC-03,H,294.373659959645,309.38190829713034,1411.6977711367047,52.90179016066564,223.6174313160561,2.7930036479485647,14.078151935459088,62.91201605698364,0,2026-08-25 06:31:49
2024-01-11 04:04:00,CNC-01,L,296.9638898740605,310.31788117793707,2336.485854944006,26.097961013037917,73.27084226389624,2.9382069709105343,11.488066262616263,58.580606082075086,0,2026-08-25 06:31:49
2024-01-11 09:11:00,CNC-03,H,294.1597134373227,308.0875944553494,1672.9969841005698,41.79020010202306,1.4807463708344677,2.281009206704952,13.192111406904957,62.33029301554204,0,2026-08-25 06:31:49
2024-01-11 22:01:00,CNC-03,H,297.36415263900955,310.690349954705,2606.1440947725664,21.7838623002433,134.6684605349084,3.296532663960905,10.678737987245373,49.86843683153515,0,2026-08-25 06:31:49
2024-01-11 22:02:00,CNC-01,L,300.23630259943053,312.7595623980498,2556.0234796097448,18.908586779489106,63.426885501124076,3.1665046389402574,9.009980450856945,48.831340858882925,0,2026-08-25 06:31:49
2024-01-11 01:51:22,CNC-03,H,297.41663464642465,310.2783965733637,2475.011315465764,21.329580672906552,139.42494309617607,3.2520970796120094,9.892249684142149,58.586357075018924,0,2026-08-25 06:31:49
2024-01-11 19:51:00,CNC-03,H,298.03757233235893,312.70460937204956,2306.8371864278624,29.750580989417372,207.5194193700492,3.4747580324542047,12.559015529314637,59.27068756448233,0,2026-08-25 06:31:49
2024-01-11 23:35:00,CNC-02,M,298.51323690125906,310.60735762489384,2771.6442143831814,12.06937528589134,136.3948850982332,3.507155499167822,6.178905044779792,53.81334750406385,0,2026-08-25 06:31:49
2024-01-11 18:55:00,CNC-02,M,305.3799930775258,313.1403303316422,2084.2407477903203,30.252021093091933,67.27466892388261,2.75156364150736,11.665791670715178,42.11504162315575,0,2026-08-25 06:31:49
2024-01-11 00:37:00,CNC-01,L,298.8365457803648,311.2378251370288,2694.063708210539,18.06225764396981,41.02266949980529,3.3956884538751826,9.210571524177434,53.4572413955948,0,2026-08-25 06:31:49
2024-01-11 12:34:00,CNC-02,M,297.030032270399,311.472412929395,1320.6172574071966,52.50474784555605,141.2169703143142,2.1851028068202276,13.094100140792115,56.90330735984363,0,2026-08-25 06:31:49
2024-01-11 20:30:00,CNC-03,H,298.0306959526202,310.57813429861267,2558.5065522940686,20.675868318913004,31.8241467163055,3.054479898016705,10.175110960254203,54.16645797392511,0,2026-08-25 06:31:49
2024-01-11 03:07:00,CNC-02,M,23.55377798014814,35.83898176004436,2405.9315805342208,19.323232294948806,31.897663225669792,2.8890204007982194,8.69532078855645,57.60317875715558,0,2026-08-25 06:31:49
2024-01-11 13:56:00,CNC-03,H,295.020439066902,310.5252638844491,1464.5276571944719,53.64848328672585,224.82919593573817,2.807345090066965,14.725814684877024,65.11596052610822,0,2026-08-25 06:31:49
2024-01-11 16:12:00,CNC-01,L,300.1058014828303,314.72717805273004,1785.626220348107,41.10784040824547,102.37250568555103,2.453305729146484,13.726175962004787,54.020263451611555,0,2026-08-25 06:31:49
2024-01-11 09:51:00,CNC-03,H,294.2567448408974,308.5413507099365,1643.8726502428779,45.6226532234794,63.05063193968582,2.2986397176805338,14.080744533009296,60.832487722224585,0,2026-08-25 06:31:49
2024-01-11 14:10:00,CNC-03,H,295.2533015245454,310.27946349828585,1562.7516768206128,45.96199832772841,246.52849774992205,3.158811296614207,13.417803327046132,59.056185318315734,0,2026-08-25 06:31:49
2024-01-11 09:11:00,CNC-02,M,295.32788606039213,309.478192370515,1464.5179805081257,49.65918072823212,51.569417439372394,21.373616249223115,13.686746202400311,57.32131784695209,0,2026-08-25 06:31:49
2024-01-11 06:02:00,CNC-03,H,295.1293852573575,309.7438180971012,1922.9612346296851,37.21829242049903,187.07233874504968,3.0167992869918927,13.245279758465612,59.11326523408251,0,2026-08-25 06:31:49
2024-01-11 17:27:00,CNC-01,L,27.237207363001062,42.8537013907187,1909.7776474583277,43.807508966796895,207.935862134337,3.3554153102737705,15.756561715388896,50.596300214759175,0,2026-08-25 06:31:49
2024-01-11 22:06:00,CNC-01,L,300.3088333141598,312.63845968898147,2575.518397246458,18.255927707621716,67.80098833554011,3.0978002600956076,8.903936037402701,51.005039881321984,0,2026-08-25 06:31:49
2024-01-11 21:51:00,CNC-01,L,300.3214427454943,312.60883328798036,2681.4584407692023,17.647221461497484,51.37765457532051,3.3565150581061594,8.99214621226775,45.83044135175662,0,2026-08-25 06:31:49
2024-01-11 14:46:00,CNC-02,M,297.96275185451617,313.2585736376219,1523.5544232281698,52.024324628242766,145.09859406591303,2.3965603956963704,14.868660095463543,59.90913281815176,0,2026-08-25 06:31:49
2024-01-11 12:44:00,CNC-02,M,297.00725634384844,311.9781125317909,1355.2897495603004,54.29013553097588,156.99751880576468,2.3134685949498364,13.582838934402393,56.59273897217249,0,2026-08-25 06:31:49
2024-01-11 21:21:00,CNC-02,M,299.29800784572603,313.45450471810557,2385.2997378245364,25.088781980688683,240.57933193269622,3.986392958636003,,52.693112699392955,0,2026-08-25 06:31:49
2024-01-11 08:52:00,CNC-03,H,294.46767837266384,309.7320342534559,1591.9423312323072,50.44878673223762,196.85124749004842,2.7277997669393312,14.976902307157332,61.95373428130848,0,2026-08-25 06:31:49
2024-01-11 18:45:00,CNC-03,H,297.91698188532774,311.8524461708346,2223.4884650960666,30.018058698854286,125.78936034849467,2.8876088546062606,12.412306743992751,54.851613876277284,0,2026-08-25 06:31:49
2024-01-11 02:39:00,CNC-02,M,297.3397518629067,309.4119000830937,2384.091469696773,20.478736021282526,0.0,3.009893117154076,9.022935898051498,57.51431995703699,0,2026-08-25 06:31:49
2024-01-11 13:08:00,CNC-01,L,297.9375449406241,311.49015014309293,1349.6349222339957,48.62726090494302,28.4834118566041,1.9028311993050695,12.228908910955058,53.62780195427159,0,2026-08-25 06:31:49
2024-01-11 05:55:00,CNC-03,H,295.3394077362087,309.2446272345825,1939.3217353721209,32.65457739261629,177.70889580660887,3.0217450085237156,11.680768642956734,61.60788495161115,0,2026-08-25 06:31:49
2024-01-11 21:40:57,CNC-02,M,299.5905263295941,311.5500867165976,2706.4793856647834,15.572670459360596,13.238261923370844,3.3512707253790945,8.09072723322164,53.69830308361613,0,2026-08-25 06:31:49
2024-01-11 20:15:00,CNC-03,H,298.1259442364984,310.70505039204215,2430.221011028449,23.115786196759522,14.223892190821488,28.92551313573633,10.573471182300363,55.12692221030653,0,2026-08-25 06:31:49
2024-01-11 11:33:00,CNC-01,L,296.8605130158688,311.21666569133924,1464.5723221332,48.55809698627543,99.81108189477578,2.0451987972654004,13.320518770388272,60.79931357647635,0,2026-08-25 06:31:49
2024-01-11 05:45:04,CNC-03,H,295.61624117404693,310.4505039117936,2156.3135035540045,35.22333858904751,164.5932423047612,3.0180640269891574,14.161988791968014,57.252529153366666,0,2026-08-25 06:31:49
2024-01-11 18:17:00,CNC-02,M,31.832345459471185,39.88514259347818,2221.145964389554,30.26779049638611,18.476379489983994,2.8250244780977503,12.460592924086097,39.989277141811144,0,2026-08-25 06:31:49
2024-01-11 07:37:00,CNC-02,M,295.3279095298591,310.36576714945716,1862.966834023391,42.84830578515207,160.62402414867364,2.794372228558897,14.932018184149193,63.45123132189588,0,2026-08-25 06:31:49
2024-01-11 22:34:00,CNC-01,L,300.26302403835746,312.3355177329379,2650.5059397656896,16.279424639587592,98.16755125145629,3.316040739830083,8.116255255180514,54.5510350177926,0,2026-08-25 06:31:49
2024-01-11 13:10:00,CNC-01,L,297.9279846163099,311.6211249471187,1274.2791221083676,50.721336496956106,31.64327633218672,2.0833677904579995,11.940472950206916,54.59137984835773,0,2026-08-25 06:31:49
2024-01-11 11:15:00,CNC-02,M,296.2708408003018,310.42836616424364,1454.3744251135479,50.65752372219554,15.812779531700372,2.1112742058379377,13.828384679624463,56.774367245189495,0,2026-08-25 06:31:49
2024-01-11 01:25:00,CNC-01,L,298.4617081127825,311.10605104744593,2549.541175995561,19.13780357454159,92.30095009843657,3.088458074051556,9.192493405813279,51.89862335195077,0,2026-08-25 06:31:49
2024-01-11 15:43:00,CNC-02,M,298.62524176680415,312.4199420439813,1446.7116366031896,46.308682262057125,8.907207086609967,2.0887405342353196,12.674040226224577,54.68402880183312,0,2026-08-25 06:31:49
2024-01-11 07:03:00,CNC-01,L,296.86378433856663,311.8278505990638,1842.5467469209868,43.49070803178803,114.3277395942438,2.6384913184212575,15.14140715600977,55.10500490052339,0,2026-08-25 06:31:49
2024-01-11 11:50:00,CNC-01,L,297.21340788967046,311.55012201175816,1366.7560895509278,52.09452456129438,126.56243518244875,2.25117130280712,13.587743784564553,53.13879361123637,0,2026-08-25 06:31:49
2024-01-11 22:02:00,CNC-03,H,297.5104699551772,309.975596132968,2563.2737485731454,17.647856547154603,135.75030332138562,3.2108170873043846,8.667877770444791,52.678170469420635,0,2026-08-25 06:31:49
2024-01-11 18:47:00,CNC-01,L,300.28896224903826,313.5363020416682,2168.133217221305,27.69708804901262,75.92612328995536,2.7747365807485616,11.201781539011627,48.803696374425286,0,2026-08-25 06:31:49
2024-01-11 06:55:00,CNC-02,M,295.8167067695398,310.13172339667096,2001.8426651197724,36.57945143744195,101.41927214311035,2.7129938700416782,13.741735826245334,60.98472173727222,0,2026-08-25 06:31:49
2024-01-11 18:10:00,CNC-03,H,24.719196905075307,38.56265966598511,2055.499389175703,32.009842596402805,80.19425629820998,2.66646340340909,12.192452588323217,61.28772703912549,0,2026-08-25 06:31:49
2024-01-11 00:03:00,CNC-02,M,298.91081778266636,310.972012986067,2716.6382862710975,16.048236515017347,52.73432975015483,3.3960695157331044,8.424767178216069,55.564428107508014,0,2026-08-25 06:31:49
2024-01-11 21:47:00,CNC-02,M,299.21694698536845,310.3531056508469,2758.7149857903705,11.554783026150119,19.831549714479568,3.318220287520716,5.99853757441175,54.39666318613891,1,2026-08-25 06:31:49
2024-01-11 00:32:00,CNC-02,M,298.69996795855343,310.7402160437292,2724.7737009264833,15.801804550784249,83.34556640855013,3.372526853251007,8.118239753038662,54.15718997920875,0,2026-08-25 06:31:49
2024-01-11 09:26:00,CNC-02,M,295.73818545728346,309.961917029552,1461.013631610188,47.80683036595293,74.62308309369074,2.1288874375048636,13.325481133970257,55.66357773624347,0,2026-08-25 06:31:49
2024-01-11 06:20:00,CNC-02,M,295.3723257046189,309.3507761751669,1888.9254491330792,36.16735105848334,53.27544552483129,2.478281683338063,12.765646647443235,62.97704910508194,0,2026-08-25 06:31:49
2024-01-11 22:49:00,CNC-03,H,297.1196245473986,310.2720127400312,2697.9865635165243,19.387370456827515,186.3644201422265,3.598988870841679,9.627948179113405,56.936128073526476,0,2026-08-25 06:31:49
2024-01-11 02:30:00,CNC-01,L,298.29523833423275,311.77337729284574,2493.1068156879537,22.845949390929235,163.6451906550979,33.37632740127877,10.910529236587482,58.78434699488566,0,2026-08-25 06:31:49
2024-01-11 16:35:00,CNC-03,H,296.54327265269706,311.92510509140334,1896.4519955733995,41.01687280430479,203.54710781367515,3.141067037496515,14.38561931802451,54.36570889676197,0,2026-08-25 06:31:49
2024-01-11 22:32:00,CNC-03,H,296.99769651651707,309.12636427515673,2639.9616676004757,14.324278192242476,168.2269033061617,3.4502384337059055,6.966445655481257,56.52826601041145,0,2026-08-25 06:31:49
2024-01-11 22:49:00,CNC-02,M,298.93751925673007,311.11683661253966,2565.267333315193,15.697935062989135,87.28341291400959,3.148808679862132,7.693479708666034,49.69393836051314,0,2026-08-25 06:31:49
2024-01-11 09:27:00,CNC-02,M,295.3962951922262,309.72697762720577,1380.1729220870932,51.46976272589878,76.19444551160406,2.115880705215363,13.470028737593891,57.524658109660045,0,2026-08-25 06:31:49
2024-01-11 21:04:00,CNC-02,M,299.7383698459769,313.9977124010399,2624.6017075783852,23.377991738236194,221.53020949466557,3.995893426070829,,50.01921343566073,0,2026-08-25 06:31:49
2024-01-11 10:06:00,CNC-03,H,294.43151153665076,309.1063717584152,1703.1565512817622,45.53822576759531,86.32613843857237,2.371638112716041,14.64773418918022,57.606804400008734,0,2026-08-25 06:31:49
2024-01-11 09:50:00,CNC-02,M,295.5708961438803,310.36857941857744,1536.3327786833656,50.62031112393873,111.78729473647495,2.341748066918773,14.478516839689867,63.61835358841828,0,2026-08-25 06:31:49
2024-01-11 00:35:00,CNC-03,H,298.81127622142486,310.1918110684439,2710.9473232056707,13.731084985601811,56.50035295194028,3.2218758270548116,6.848633830141016,48.19670671261808,0,2026-08-25 06:31:49
2024-01-11 13:37:00,CNC-03,H,295.1019728900756,309.7040080659385,1352.9749654287991,51.88563349200108,194.91603465413203,2.448964622871483,13.427974955226013,62.00513328710908,0,2026-08-25 06:31:49
2024-01-11 09:53:00,CNC-03,H,293.98490902452085,307.9747419990416,1360.8605126284706,48.525568797655936,66.16399105890098,2.020843724036514,,62.00068606529049,0,2026-08-25 06:31:49
2024-01-11 05:57:00,CNC-02,M,295.53040472633995,308.96068268552096,2133.2384071526785,29.333358180670036,22.35163901923985,2.832213722249193,11.65084563217396,58.16465481345818,0,2026-08-25 06:31:49
2024-01-11 11:13:00,CNC-01,L,296.9992039740872,311.3459565157469,1479.4604281009165,49.852139589731415,68.08053415272356,2.126505219287031,14.017605287521977,55.77139129691498,0,2026-08-25 06:31:49
2024-01-11 02:16:00,CNC-01,L,298.38362223841733,311.3546169476217,2531.4246492137163,19.624740263423046,148.1649915685649,3.5308785987272433,9.358706375647968,55.00777612942866,0,2026-08-25 06:31:49
2024-01-11 12:38:00,CNC-02,M,296.6957904043946,311.5588490095394,1584.4309261074036,48.215567497820864,147.46466623176696,2.4439579560566296,14.131298533961003,962.6772298437119,0,2026-08-25 06:31:49
2024-01-11 07:30:00,CNC-02,M,295.1315832826779,310.1280709424142,1860.4379528419959,42.264894622051024,150.60401061566776,2.6896908934186747,14.677342259301579,60.40421159373423,0,2026-08-25 06:31:49
2024-01-11 06:25:00,CNC-01,L,302.1996069990908,310.01972010251603,2009.923894256165,32.822660855953494,62.19533830441654,2.6500879418640655,12.229301910302707,46.90540757794063,0,2026-08-25 06:31:49
2024-01-11 14:53:00,CNC-03,H,295.7527308933191,309.42101351987037,1569.5142084484398,43.334783881589104,52.32655651818263,2.2116318429259714,12.593078636081145,55.69524751042128,0,2026-08-25 06:31:49
2024-01-11 12:24:00,CNC-01,L,297.32494668154516,312.18129700915273,1388.7619044895548,54.091479872993574,180.43430584320825,2.7284162576784565,13.989445207644438,55.06415387601161,0,2026-08-25 06:31:49
2024-01-11 22:48:00,CNC-02,M,299.0571421773939,311.82430177422685,2571.7134227962965,19.579727512203444,86.16161636206135,3.11929051303645,9.265629931327563,50.82285306085691,0,2026-08-25 06:31:49
2024-01-11 14:36:00,CNC-03,H,295.55017052891407,309.1007390824594,1523.7472654617154,45.77793624437644,26.244532127901067,2.191119797430309,12.989178787415398,59.13648659735095,0,2026-08-25 06:31:49
2024-01-11 19:06:00,CNC-02,M,299.93963459138854,313.5764950803068,2124.883315892899,,81.04598606555915,2.7248025499022215,11.853039096939128,52.33759043832626,0,2026-08-25 06:31:49
2024-01-11 11:51:00,CNC-03,H,299.89215465258513,307.20283581662954,1309.5145641792192,49.54015148931671,27.093447265741048,1.9898764220037546,11.86048425941872,51.95152202061862,1,2026-08-25 06:31:49
2024-01-11 19:55:00,CNC-02,M,299.60159773050873,313.2640308653021,2210.7382393486714,,141.1374039662509,3.0084149133798235,11.286127440086219,55.52455508085788,0,2026-08-25 06:31:49
2024-01-11 06:53:00,CNC-03,H,295.08534009715163,308.7328970686227,1721.858689307897,37.562357436468965,23.54222826053119,2.441170901615355,11.925040424357613,61.31755157723961,0,2026-08-25 06:31:49
2024-01-11 07:19:00,CNC-02,M,295.4155678421368,310.0822148094503,1895.4755432183852,39.74527902515947,135.0162346534454,2.750184721426346,13.890881727982645,60.88840078947113,0,2026-08-25 06:31:49
2024-01-11 17:09:00,CNC-02,M,299.38585767661687,314.44014992772327,1765.8001024664393,43.34195521110346,132.18632727128318,2.550165907679801,14.463583942797234,53.18102901352151,0,2026-08-25 06:31:49
2024-01-11 00:39:00,CNC-03,H,298.43789259706597,309.9028298955861,2688.603588441056,13.545726051469464,60.67140518797343,3.093464480321236,6.946365865895663,50.828283560877566,0,2026-08-25 06:31:49
2024-01-11 22:44:00,CNC-01,L,300.31017803063895,312.62301303705505,2640.484599304366,16.963630037523817,109.04198335972161,3.23451807299901,8.165553658499615,47.9031441195545,0,2026-08-25 06:31:49
2024-01-11 05:34:00,CNC-01,L,302.013420098183,310.8864033927909,2107.778690707641,35.05526641123174,185.88947785399353,3.3422968849075083,13.559971146615686,48.83653150455142,0,2026-08-25 06:31:49
2024-01-11 19:31:00,CNC-02,M,299.7824119003454,313.2866231114411,2292.6031697920075,24.813856665418058,111.94873548125128,3.0060419008448513,10.965802371936855,50.545152725464554,0,2026-08-25 06:31:49
2024-01-11 20:11:00,CNC-01,L,300.3665217647943,314.00492485067406,2314.7528349926683,25.290259962408626,178.71925333318907,3.505329255755687,11.111422214287662,54.34361007142538,0,2026-08-25 06:31:49
2024-01-11 02:19:00,CNC-03,H,297.17349484254146,310.28103277489953,2694.215720681372,19.480404340876873,168.98843948510483,3.5300644873875613,9.818198913745295,56.6156410338502,0,2026-08-25 06:31:49
2024-01-11 23:54:00,CNC-02,M,298.63782178649785,311.72620541868906,2611.2580937595367,19.498209300700687,156.39482159052648,3.44309833018256,9.298521471118118,55.49354847865262,0,2026-08-25 06:31:49
2024-01-11 22:44:00,CNC-02,M,298.7911792234645,311.4438187338434,2640.4780277730397,17.14976856565447,81.85347541909668,3.2456432237880724,8.44290801861689,53.612938006383395,0,2026-08-25 06:31:49
2024-01-11 05:38:00,CNC-03,H,295.2439200503146,309.7172678874059,2118.6132061528074,33.206149101476164,155.46893517303192,3.0732690374138296,12.867451851166136,57.0214923808752,0,2026-08-25 06:31:49
2024-01-11 18:42:00,CNC-01,L,300.14363545166583,314.12963854480745,2328.1558609777244,29.908379725452242,69.54090587157138,3.0883720371001746,12.838137893812746,48.53168929953185,0,2026-08-25 06:31:49
2024-01-11 11:16:00,CNC-02,M,296.1963050181033,309.82719644247345,1429.1850357055782,44.883692182089234,17.36294836530563,,12.290885885738845,56.014966795337976,0,2026-08-25 06:31:49
2024-01-11 19:37:00,CNC-01,L,300.25426272552625,314.59594113729804,2239.2269820037,31.608107382152994,137.8953796033994,3.0382031376771534,13.396365635940072,53.17105948784887,0,2026-08-25 06:31:49
2024-01-11 10:28:00,CNC-03,H,294.65705296357015,308.7901237916854,1387.7350809656095,48.73313654696186,120.9143246863444,2.065366924497247,12.646836545698362,61.57251064021989,0,2026-08-25 06:31:49
2024-01-11 06:45:00,CNC-02,M,295.6357087007195,310.186497184267,1974.3584295497099,37.729028111999135,87.51285722774,2.636721287775971,13.968305829119574,54.141863271970976,0,2026-08-25 06:31:49
2024-01-11 23:55:00,CNC-01,L,299.4348912114559,312.6833837466101,2631.723916933867,21.072468303348522,184.9204785348145,3.9434175877876876,10.176531129809314,54.3087521770753,0,2026-08-25 06:31:49
2024-01-11 19:30:00,CNC-02,M,300.0706922988004,313.8315969131126,2302.9222233706396,26.875143375965482,110.74062957760687,2.9428437340787856,11.762736491185834,51.78432645598416,0,2026-08-25 06:31:49
2024-01-11 04:35:05,CNC-01,L,,310.0846704318335,2311.6848436037735,25.854318419561984,111.05042190216533,2.989593188474542,11.021237472298923,57.097973658061186,0,2026-08-25 06:31:49
2024-01-11 18:01:00,CNC-03,H,24.430258595974976,917.8132671094046,1984.6701374637807,33.931860807372594,68.27529062915994,2.4902814779901514,12.761430650322316,60.128882049797205,0,2026-08-25 06:31:49
2024-01-11 00:26:00,CNC-03,H,298.9818458937346,311.396536589212,2625.577785617352,18.62790650100888,46.885960772016354,3.144292277509437,9.376194382672539,55.54407909337862,0,2026-08-25 06:31:49
2024-01-11 16:49:00,CNC-02,M,298.97843753836577,313.31469878045624,1738.881776879762,41.472940848582525,104.18342655367194,2.446542757844402,13.54847635321509,54.535125254873186,0,2026-08-25 06:31:49
2024-01-11 14:48:00,CNC-03,H,295.4047776729531,309.33930242512076,1477.290524041083,48.398796620429444,44.742140202643675,2.173354198342727,13.22501212695797,57.760927825656836,0,2026-08-25 06:31:49
2024-01-11 06:31:44,CNC-02,M,295.5612921756344,309.4475402279001,1829.750447703404,38.2843830467558,68.27086726372224,2.500792134349987,13.090218374591526,59.65017799458567,0,2026-08-25 06:31:49
2024-01-11 09:43:00,CNC-03,H,294.47024514221494,307.603428570865,1435.6397107354103,43.169693966238924,50.69503942969399,2.0056823297035065,11.620637158676224,60.851781913827246,0,2026-08-25 06:31:49
2024-01-11 03:23:00,CNC-02,M,23.71449931252323,36.03079807736515,2448.3810391313345,20.621301322403735,50.246053285191564,2.985032496097803,9.311781779526921,57.37033236430971,0,2026-08-25 06:31:49
2024-01-11 16:34:00,CNC-02,M,298.7143918743779,312.8622580639613,1782.5694253106676,39.65567030957724,82.90584807954932,2.474010377665613,13.22765488171839,54.146078903532796,0,2026-08-25 06:31:49
2024-01-11 02:01:00,CNC-01,L,298.4567486564365,311.7956957040354,2660.3652722406746,21.02258042149418,131.626017654441,3.334005451086981,10.3757838434191,54.22593925581175,0,2026-08-25 06:31:49
2024-01-11 04:35:00,CNC-03,H,296.21422784659654,309.33897602348776,2252.152890100057,25.433329810841908,75.55803653575924,2.978393646426281,10.81010661789321,53.47590569562982,0,2026-08-25 06:31:49
2024-01-11 00:16:00,CNC-01,L,298.85832330506537,309.91175212486263,2746.97161692672,12.19258391498792,18.497657566380767,3.3312393290731075,6.356552288954862,56.549002968886356,0,2026-08-25 06:31:49
2024-01-11 15:36:00,CNC-02,M,298.5486537803243,313.96763043319646,1555.63663528559,49.83050862649739,220.55286116520432,3.033772580377634,14.583280677694525,50.589840968208314,0,2026-08-25 06:31:49
2024-01-11 03:05:00,CNC-01,L,24.58899832475447,36.16790245878872,2510.989559876393,15.99314931385986,4.481252688686677,3.045923964683047,7.541099240885915,54.63525482349423,0,2026-08-25 06:31:49
2024-01-11 22:40:00,CNC-03,H,297.0807035538147,309.73436993261214,2585.762465915692,17.791882089033425,176.73271685355283,3.523060131672348,8.727276766775825,987.3954178754433,0,2026-08-25 06:31:49
2024-01-11 10:11:00,CNC-01,L,296.17972029332117,310.7677608519352,1441.4229115260332,51.50666061047375,160.94148214982107,2.4934503782093174,13.668950170388735,58.37424448215889,0,2026-08-25 06:31:49
2024-01-11 01:55:00,CNC-03,H,297.3980662947752,310.02108325016434,2578.857072463492,18.38481796368519,142.6287770641774,3.271235427668576,8.792855804855993,55.25382611378522,0,2026-08-25 06:31:49
2024-01-11 11:19:00,CNC-01,L,297.0440266416587,311.06991310987985,1316.8045492073393,51.143830919670556,77.57797759743828,2.1540605310718286,12.566410384712217,59.41802104887395,0,2026-08-25 06:31:49
2024-01-11 21:58:00,CNC-03,H,297.6066820003093,310.5977424853804,2521.498092792336,21.023867949577152,131.41434297423922,3.2702651057347243,9.748010189643399,58.06294395819186,0,2026-08-25 06:31:49
2024-01-11 21:42:00,CNC-03,H,297.64151763649716,310.7001587426784,2539.95936877287,21.44543804044752,113.7691754625283,3.234157186990776,10.295700815321299,54.26652972836438,0,2026-08-25 06:31:49
2024-01-11 22:01:00,CNC-01,L,300.3952521233261,312.3793152650387,2390.6691460791762,18.035993997550154,62.30614593108839,2.9175218731439383,7.845643315747192,53.751816024364544,0,2026-08-25 06:31:49
2024-01-11 02:21:46,CNC-01,L,297.8438782247666,310.5237635922498,2597.0928985751075,18.880126114745803,155.87586841551277,3.451645687737164,8.904814317326156,50.7699162277045,0,2026-08-25 06:31:49
2024-01-11 04:19:00,CNC-03,H,296.2338085149721,309.79436655659254,2360.7330046984066,26.699816625117343,55.88357333940142,2.9269862891004674,11.88459986075361,56.52258336566146,0,2026-08-25 06:31:49
2024-01-11 05:38:31,CNC-02,M,295.69445420795637,309.2208109749346,2076.18032537382,32.09718668651788,0.0,2.730224401442648,12.458356048909895,60.383052828443574,0,2026-08-25 06:31:49
2024-01-11 08:46:00,CNC-01,L,296.2488701200682,310.24698161109865,1564.1243065989315,45.18255088451498,30.090874573710025,2.2659742447752342,13.606669526542316,54.59999952442156,0,2026-08-25 06:31:49
2024-01-11 03:30:00,CNC-01,L,24.327536208353706,37.22103093068358,2482.8672053974865,22.972777436059772,33.25003058795327,3.03222259404844,10.58523208143029,58.052872050969995,0,2026-08-25 06:31:49
2024-01-11 15:51:00,CNC-03,H,296.41172542914614,311.1866345008765,1858.0429553264698,41.64183844120988,139.54406059922846,2.617245397809513,14.580155305857856,52.554388575038914,0,2026-08-25 06:31:49
2024-01-11 22:30:00,CNC-02,M,298.97961247883234,312.086629357575,2511.993849652471,20.789643862238893,66.77764087019851,3.069190112409316,9.508160788501481,52.931014552010595,0,2026-08-25 06:31:49
2024-01-11 03:52:00,CNC-01,L,296.94385736213604,309.78247152319824,2512.186258996001,21.402270309695396,58.94986231209075,3.080258432594847,9.86631189482372,55.63428479743381,0,2026-08-25 06:31:49
2024-01-11 17:06:43,CNC-01,L,300.40060714798346,315.05713276517577,1930.3709974723372,38.652576602416765,181.88814094212984,2.9583317153299133,13.94797400579478,53.986662147619555,0,2026-08-25 06:31:49
2024-01-11 13:16:00,CNC-01,L,297.86860988305096,311.52976930775156,1296.5624865118737,51.41269088544411,41.14928294486653,1.9599098580613532,12.38822422648869,58.598946347078744,0,2026-08-25 06:31:49
2024-01-11 11:30:00,CNC-02,M,296.3567450135139,310.50910681339377,1430.8277959680436,50.17521192497202,39.58204534250215,2.1469585407754455,13.790661291554839,55.42292403430257,0,2026-08-25 06:31:49
2024-01-11 10:21:49,CNC-02,M,295.7469114044386,310.79701288263436,1549.4652546297746,49.251358542103574,160.36400242816828,2.5170242409619834,14.231010648465555,57.34333337703355,0,2026-08-25 06:31:49
2024-01-11 20:22:00,CNC-02,M,299.6695555984319,313.1618555519422,2439.3684624844755,21.757995147712087,173.14887875382504,3.4628051699685862,9.716462710345946,53.05861694340205,0,2026-08-25 06:31:49
2024-01-11 21:53:00,CNC-02,M,299.07151524038983,311.8341706869196,,18.82675390672195,26.490105301242608,3.127390084858322,9.321692156992752,51.38487463984447,0,2026-08-25 06:31:49
2024-01-11 04:31:00,CNC-02,M,296.4057558913652,311.1420444928919,2177.5382043510363,34.73293149044511,131.52499682365354,2.951624888199932,14.064164752604777,59.68112118774333,0,2026-08-25 06:31:49
2024-01-11 03:14:00,CNC-03,H,23.621088752046887,37.85030064059072,2565.3288502102364,24.18134970820655,231.36493204174008,3.8636132466991473,11.71536919246697,54.08580189492423,0,2026-08-25 06:31:49
2024-01-11 06:27:00,CNC-03,H,295.22670676155803,310.0857317943503,1932.4574456003209,37.65372801875638,221.04689255402866,3.276583009295954,13.737673009899625,58.69485146083034,0,2026-08-25 06:31:49
2024-01-11 18:59:00,CNC-01,L,300.29702988885714,313.6807337063153,2144.6156725071824,29.15597621416802,91.20327388629397,2.7725149566433895,11.604796348441868,51.085282984820054,0,2026-08-25 06:31:49
2024-01-11 11:01:45,CNC-03,H,294.79630012938475,309.47653395111007,1382.085415981627,53.930614982842144,174.583765434995,2.409930036874829,14.08950553691371,58.72225388522021,0,2026-08-25 06:31:49
2024-01-11 06:08:00,CNC-02,M,295.6893136620782,309.7098398974913,1985.3813612854808,35.673110295199514,37.006113751460646,2.641994177887388,13.142125636543813,62.017521415154924,0,2026-08-25 06:31:49
2024-01-11 00:12:00,CNC-02,M,299.1996038094958,310.91053921654805,2695.4833758599766,15.417445613543757,62.20652589586648,3.2642395184227895,7.767382638329836,54.81292915827511,0,2026-08-25 06:31:49
2024-01-11 23:50:00,CNC-02,M,298.57436081642277,311.7345405307215,2720.076551744894,17.177964154409654,152.18085597671464,3.5065598209534627,8.594670816452016,53.63205908071391,0,2026-08-25 06:31:49
2024-01-11 18:16:00,CNC-02,M,31.890039595996996,39.77813483854874,2194.885768380492,30.690800138136616,17.196139437890665,2.7074166444767034,12.4691588669481,43.48877665465579,0,2026-08-25 06:31:49
2024-01-11 18:10:00,CNC-01,L,27.309016980696242,40.60031125210105,1958.8074836068981,30.995922796603573,28.210219374036264,2.687412471559931,11.687960222861976,51.01813668507524,0,2026-08-25 06:31:49
2024-01-11 17:05:00,CNC-02,M,299.57833790384063,314.49596853383946,1905.7282812892165,39.45570122862899,126.58076145829946,2.7237452956121997,13.989267045530049,53.87333623522068,0,2026-08-25 06:31:49
2024-01-11 13:27:00,CNC-03,H,295.12486318751354,310.05528674133006,1402.5676081146385,,179.11604373464138,2.411731672881999,14.489755501274125,61.45648456789809,0,2026-08-25 06:31:49
2024-01-11 09:33:00,CNC-03,H,294.3627632530741,308.4698496617851,1553.4009826150054,46.15787024079122,35.276096483403734,2.179324388421942,13.404640208952438,57.989582213756826,0,2026-08-25 06:31:49
2024-01-11 11:11:00,CNC-01,L,296.9497953407887,310.674186038087,1407.5385308671193,48.24628358882327,64.88722652975598,2.100985338066493,12.856006356211562,55.9437177233508,0,2026-08-25 06:31:49
2024-01-11 18:32:00,CNC-01,L,300.4686740086108,313.8540801664762,2147.7288778749653,27.82830408805967,56.872768292610814,2.7247309698738182,11.130944725785533,49.97635787190907,0,2026-08-25 06:31:49
2024-01-11 11:40:00,CNC-01,L,297.038347631804,310.96618898374385,1336.7749270134943,50.96326524130666,110.79587135768853,2.206046281625181,12.765179306627743,55.26285822393631,0,2026-08-25 06:31:49
2024-01-11 06:02:00,CNC-02,M,295.4785506712319,309.24174831868663,2127.399765070395,30.864331183402253,28.933764840550555,2.6688612300980568,12.47643651299618,950.091492731828,0,2026-08-25 06:31:49
2024-01-11 21:50:00,CNC-03,H,297.80920575379787,309.76732392095954,2569.8414111458055,16.587599385461647,122.53440453892253,3.175094259649641,8.01063209971247,56.863313479700636,0,2026-08-25 06:31:49
2024-01-11 16:21:00,CNC-01,L,300.04364813502133,314.97166260529417,1896.7214292027231,43.3448929985604,115.32121695444735,2.7270790255580897,15.546921868807484,51.66091359100322,0,2026-08-25 06:31:49
2024-01-11 19:00:00,CNC-02,M,299.9242577931949,313.6274074846851,2151.2921968224155,27.468135318537833,73.53915725464235,2.7792616372799155,10.97432857647061,49.574889462978014,0,2026-08-25 06:31:49
2024-01-11 23:43:00,CNC-03,H,297.0611667851765,310.2933382794608,2728.7018505578885,17.87667313674203,243.83400699289874,4.221127494266557,9.042855519982071,59.05738008774364,0,2026-08-25 06:31:49
2024-01-11 01:37:00,CNC-03,H,297.84314565536846,309.8837100728945,2782.7237957543116,15.074177956464053,122.89716527223763,3.4138523324966146,7.608047375889176,51.878246593154614,0,2026-08-25 06:31:49
2024-01-11 23:27:00,CNC-03,H,297.1749881774388,310.70717898391956,2617.1334968933293,21.538001002976223,226.90557156043332,3.9866390642254044,10.435714546351557,54.70163635825522,0,2026-08-25 06:31:49
2024-01-11 20:31:00,CNC-01,L,300.47181146906996,314.47433574094885,2436.6210898486,25.752349848236268,202.23131392640886,3.926309598119253,11.830501100079042,50.201697880383264,0,2026-08-25 06:31:49
2024-01-11 16:29:00,CNC-03,H,296.6107576342153,311.15259222958855,1625.6332605346868,45.963217292270464,194.99930171675766,2.7659041930402544,14.005777073951947,53.633965291639704,0,2026-08-25 06:31:49
2024-01-11 11:24:00,CNC-03,H,294.68541430809324,309.2393850635885,1546.4648469020517,45.80996852896044,209.2713547058742,2.7602820428808257,13.299428194607295,61.33344811370293,0,2026-08-25 06:31:49
2024-01-11 11:56:00,CNC-03,H,299.86936895537633,307.6307533844369,1398.2359674856282,46.453351619993164,35.0106686256531,2.041980557853576,12.042983802571129,53.068827913998724,0,2026-08-25 06:31:49
2024-01-11 01:41:00,CNC-01,L,298.06938609727433,310.38450586644666,2659.035018983818,17.54855528015581,109.7309679977203,3.336179912060133,8.597101570014589,53.730706640080406,0,2026-08-25 06:31:49
2024-01-11 04:00:00,CNC-01,L,297.06370355860605,310.4132024583725,2549.158485883648,24.05864655460134,68.40678863298085,3.1856535295408728,11.46885838400304,52.058744515492165,0,2026-08-25 06:31:49
2024-01-11 03:21:00,CNC-03,H,23.562948377421435,36.685964048870176,2452.7212959116596,20.314927788492213,239.36949673498688,3.7792442600947256,9.41182039244584,63.8504473990624,0,2026-08-25 06:31:49
2024-01-11 19:56:00,CNC-01,L,300.17354394229284,313.3246835973217,2338.815041286489,23.494969030280828,160.89431190957654,3.422796794785534,10.389931530572136,50.39809173148962,0,2026-08-25 06:31:49
2024-01-11 13:12:00,CNC-03,H,294.9724853882446,309.8449555471378,1395.6734856131766,53.31303628163482,155.48743485402707,2.29027248285674,14.039116125324362,61.69758677961583,0,2026-08-25 06:31:49
2024-01-11 04:27:00,CNC-01,L,296.80473765981725,310.08028886590114,2346.909315447565,25.786726289261438,101.27128023337184,2.914782922255388,11.270828551489501,55.24866326808105,0,2026-08-25 06:31:49
2024-01-11 18:46:12,CNC-03,H,298.18980721699273,312.4320295125445,25997.459773522376,31.062339822377073,127.04141726937739,3.070490705288527,13.154542503636089,,0,2026-08-25 06:31:49
2024-01-11 15:40:00,CNC-01,L,299.2872603348446,313.4460206915405,1776.1416815053883,41.747760738442636,55.55776352438035,2.4534826266911898,13.764846656308924,50.91290359866933,0,2026-08-25 06:31:49
2024-01-11 02:15:00,CNC-03,H,297.4628121645822,310.7739475186838,2641.490244201852,21.70668047034794,164.61937370052075,3.4302841226200274,10.778407620548606,54.55197402211775,0,2026-08-25 06:31:49
2024-01-11 03:38:00,CNC-02,M,23.641944624026962,36.90849642186953,2249.5439537916327,25.75307336767155,67.8125682123036,2.898154002831837,10.720246233824996,61.03948437479928,0,2026-08-25 06:31:49
2024-01-11 04:01:00,CNC-01,L,297.2665881382612,310.33312104926927,2365.7453664317886,23.430728572692047,69.61464730853918,2.959519338257594,10.539154633150169,56.31163600631595,0,2026-08-25 06:31:49
2024-01-11 00:39:53,CNC-03,H,298.8389834650689,311.0022096876204,2783.0033357056686,17.32973361594132,61.70140518797343,32.81662169412227,8.932710779789684,50.63682886808593,0,2026-08-25 06:31:49
2024-01-11 06:08:00,CNC-01,L,301.8210468475233,310.2883281253867,2030.57444158803,37.92187478948795,39.42286797176863,2.6319748878166256,14.487923255579117,47.13286503781514,0,2026-08-25 06:31:49
2024-01-11 04:01:00,CNC-03,H,296.40947050239396,309.5259788883867,2329.1716427720817,26.2921776572225,34.14476429384401,2.830949302466517,11.344319115050611,58.37572928801627,0,2026-08-25 06:31:49
2024-01-11 10:19:00,CNC-01,L,296.57172176985273,311.7390799268622,1526.1212639393611,51.53515219595277,173.4527650581336,2.7247547475890173,14.518225495205936,58.09853502361303,0,2026-08-25 06:31:49
2024-01-11 06:29:00,CNC-02,M,295.87863605629195,310.0465965061356,1945.763343698625,35.79616059025071,65.47017061776687,2.5155240880681906,13.044864442823892,58.05432840773928,0,2026-08-25 06:31:49
2024-01-11 03:28:00,CNC-02,M,23.60174441457292,36.150924855328526,2496.694937884229,19.01647150702846,55.99558973073039,3.1437708699696616,8.895849046509152,58.00441592005585,0,2026-08-25 06:31:49
2024-01-11 09:56:00,CNC-03,H,294.473314291724,308.7269708139073,1482.753924922777,49.11003104835882,70.8517936008378,2.1113556412534953,13.490239501858738,63.056693033695176,0,2026-08-25 06:31:49
2024-01-11 11:14:00,CNC-03,H,294.8410691524062,309.18613053159095,1339.6976307436764,50.523925972843024,193.60375096638552,2.4795489101931873,12.728620722124079,58.081754689996686,0,2026-08-25 06:31:49
2024-01-11 21:08:00,CNC-02,M,299.53930329718384,313.4371204154471,2498.7261573604974,21.759628131442703,226.04251673135252,3.960078465079214,10.304333895773905,52.82666872881868,0,2026-08-25 06:31:49
2024-01-11 13:13:19,CNC-02,M,296.90231469581477,310.9892040321737,1460.6500998105294,49.327549767805635,1.576738766879239,2.1204413967524247,13.5955807393317,53.955414562144036,0,2026-08-25 06:31:49
2024-01-11 08:53:33,CNC-02,M,295.55587919173666,309.89578464365303,1553.6941267082846,47.79586102246093,24.12651288648975,2.172936014837814,14.174228946019538,54.040260437180535,0,2026-08-25 06:31:49
2024-01-11 09:43:00,CNC-02,M,295.3263456506932,309.41981784972165,1359.288335630937,49.56274091147542,100.90580964873793,2.1112690300840424,12.713114107608455,60.16247708101134,0,2026-08-25 06:31:49
2024-01-11 08:01:00,CNC-03,H,294.7652913225729,309.1087384218384,1671.2090450786181,44.64291494964376,120.81244936203439,2.3693286586182194,14.037002090661561,57.0072075539554,0,2026-08-25 06:31:49
2024-01-11 14:47:00,CNC-01,L,298.8356888872877,314.17519364692225,1659.2495507342344,49.67427012324394,183.0947580862307,2.8819642005141577,15.369903563421659,53.130490259678126,0,2026-08-25 06:31:49
2024-01-11 22:51:00,CNC-02,M,,311.45317010229564,2652.6353845163085,17.17582454662974,89.46204376477937,3.2511639128334284,8.572581412444489,53.76546824459403,0,2026-08-25 06:31:49
2024-01-11 19:00:00,CNC-03,H,297.8437354737823,312.0099465618451,1992.5766497035477,35.950090797307595,144.68011147973164,2.8003958347761158,13.377020479086385,54.527775066363425,0,2026-08-25 06:31:49
2024-01-11 05:39:00,CNC-02,M,295.6540097820505,310.09305280944676,2076.91555695223,32.33436497345796,218.14498231590636,3.402832126108701,12.489042872120542,61.30983985066143,0,2026-08-25 06:31:49
2024-01-11 01:45:00,CNC-01,L,298.37896044827346,310.870936735605,2701.662678721244,17.740367902177184,114.11709974256854,3.356750706795275,8.913605525526792,57.02810467271987,0,2026-08-25 06:31:49
2024-01-11 10:27:00,CNC-02,M,295.8867028831608,310.9300938861506,1355.1379096983453,54.643233900418956,169.81252397211537,2.32994324386124,13.907637673434127,55.9609685963586,0,2026-08-25 06:31:49
2024-01-11 16:01:00,CNC-01,L,299.6703051331627,313.9869673940835,1666.5805162152324,43.82768031418129,86.33864522381204,2.3923585682212405,13.59000754438522,52.80434304355111,0,2026-08-25 06:31:49
2024-01-11 18:23:00,CNC-02,M,31.99745450469925,40.40651661449897,2032.1344810863402,35.8853352490378,26.326194651273045,2.6484081268295774,13.70736203055381,44.62731156079919,0,2026-08-25 06:31:49
2024-01-11 10:48:00,CNC-03,H,294.6014057006066,308.7484197992792,1333.4134845634087,50.39102473683546,152.51788542663334,2.2590151803892184,12.568184987706331,61.00075220982733,0,2026-08-25 06:31:49
2024-01-11 20:39:00,CNC-01,L,300.11490628892284,314.9088350041788,2305.562336946807,30.3732392821056,211.72754119186237,36.86940847247791,12.804482428232792,52.026477078920124,0,2026-08-25 06:31:49
2024-01-11 23:38:00,CNC-01,L,299.83537736143313,312.7819188689476,2690.0565327637896,17.74926993553418,166.62965998348852,3.6777283416549866,9.01107718031118,51.330848056912814,0,2026-08-25 06:31:49
2024-01-11 20:43:00,CNC-02,M,299.2887830681652,313.16448545631874,2563.8251618107583,22.85043618584951,197.49602092058757,3.781435166295193,10.859744894465273,57.833372603018574,0,2026-08-25 06:31:49
2024-01-11 09:52:00,CNC-01,L,296.40303939234514,310.42710479858465,1533.423471263625,44.42807753644911,0.0,2.3825878061664367,12.839850868397248,57.05671867390357,0,2026-08-25 06:31:49
2024-01-11 22:08:00,CNC-03,H,297.3576907239205,310.96617708212335,2534.8297166458133,23.405485477812395,142.45072267878118,3.302505058505306,11.415638301207164,54.36694170815581,0,2026-08-25 06:31:49
2024-01-11 05:57:00,CNC-01,L,302.2734827403868,309.4815905884809,2091.442204899034,30.920791782225532,24.913800540793694,2.650105583894472,12.385981155380179,41.86580707833516,0,2026-08-25 06:31:49
2024-01-11 04:00:00,CNC-03,H,296.40114886855434,308.7483206574347,2475.1271734777097,21.23086945030491,32.91848149957772,3.058541947488735,9.761059209623944,62.423720163294306,0,2026-08-25 06:31:49
2024-01-11 13:07:00,CNC-03,H,295.00784085025776,309.935587391901,1423.8671014324575,53.27879708028128,147.58219938943617,2.2916602477453525,14.001584702896213,63.549262305598184,0,2026-08-25 06:31:49
2024-01-11 13:53:00,CNC-03,H,295.2235713060128,310.16703405474783,1398.4402135012099,54.03541662646639,220.1160699853149,2.7546894276573606,14.248280269500523,61.17246734123203,0,2026-08-25 06:31:49
2024-01-11 22:03:00,CNC-02,M,299.27437901232145,311.2015119589211,2562.092905187208,16.25864396319112,37.35729591793956,3.160976629508978,7.834453441731317,51.440048519484975,0,2026-08-25 06:31:49
2024-01-11 02:38:00,CNC-01,L,297.96558252566285,310.7947147137229,2598.2537577600847,18.403580814138568,172.48804373835216,3.650674221980216,8.9215306269347,55.73259635719428,0,2026-08-25 06:31:49
2024-01-11 10:49:00,CNC-01,L,296.824979943601,310.19977075885373,1411.7663755624512,46.093330497039496,30.01823102181401,2.068741371108002,12.37269249250272,61.28039152767203,0,2026-08-25 06:31:49
2024-01-11 18:55:00,CNC-03,H,297.7422407889589,312.3009278729186,2221.789080213188,32.948189142939,138.39282841785072,28.900202715205534,13.491744150241345,52.42023772400682,0,2026-08-25 06:31:49
2024-01-11 11:43:00,CNC-03,H,,308.5668415785593,1381.0846919401795,52.263131434632996,,2.0534095998835458,13.507210408439038,62.67059204488101,0,2026-08-25 06:31:49
2024-01-11 14:09:00,CNC-02,M,297.2608795410755,312.14785977719373,1477.6680550555934,51.660883909746474,87.8717520541669,2.2898304399497476,14.156702771704625,57.57688269413636,0,2026-08-25 06:31:49
2024-01-11 03:25:00,CNC-03,H,23.560962197473827,37.194915167155955,2441.26588541365,23.52884134977919,243.96567945746887,3.9897028650077777,10.925569336455055,59.28263741398099,0,2026-08-25 06:31:49
2024-01-11 12:32:00,CNC-02,M,296.70865264359986,311.0880578290847,1360.4602663711669,51.751085769083744,138.01697031431422,2.1857994855510254,13.209160457947224,53.67064165920446,0,2026-08-25 06:31:49
2024-01-11 04:10:00,CNC-01,L,297.0125583238884,310.1187239325511,2418.779151371847,25.071837328720875,80.63662817951847,3.014793361519689,11.262621320294773,52.68396780450597,0,2026-08-25 06:31:49
2024-01-11 16:26:00,CNC-02,M,299.174187471111,313.4778304435556,1878.5724068285174,38.164015073400094,71.48321105585414,2.4997981191233953,13.658242533879415,52.005057617223414,0,2026-08-25 06:31:49
2024-01-11 09:04:00,CNC-03,H,294.3855220537765,309.3701784276438,1532.7417888623988,49.874306362458476,215.19067967855543,2.8001606077203105,14.220465983826164,59.98424182771171,0,2026-08-25 06:31:49
2024-01-11 02:03:00,CNC-03,H,297.41172645212185,310.8893964480121,2631.632192522414,22.00313386788061,151.3389749470574,3.398045734876878,10.736751748877735,50.94472956180708,0,2026-08-25 06:31:49
2024-01-11 12:12:00,CNC-03,H,300.50005829123637,308.049262467728,1348.0461908992218,49.085631835744216,60.319883697447914,1.9924491355502782,12.399908604888662,53.6682355529053,1,2026-08-25 06:31:49
2024-01-11 03:23:00,CNC-01,L,24.121453339093193,36.921805871231356,2468.1970241163226,22.678926496783156,25.14282071822376,3.1626760080952483,10.36343149242553,53.922184076016045,0,2026-08-25 06:31:49
2024-01-11 11:36:00,CNC-03,H,294.6771195479001,308.5969013626198,1403.7740750742341,50.75290639504885,3.2,2.1301216500602393,13.492999961364434,62.62305411166127,0,2026-08-25 06:31:49
2024-01-11 02:46:00,CNC-01,L,24.620005375384153,37.46645640299573,2485.4965004398186,20.089057207595236,181.50945250755333,3.6061858907479283,9.19563040583967,57.14232199883187,0,2026-08-25 06:31:49
2024-01-11 13:02:00,CNC-03,H,295.06501426718637,309.40227147955557,1407.2044136917393,51.532978638920866,139.67921855753235,2.323427134589283,13.652558745146647,57.313588539779815,0,2026-08-25 06:31:49
2024-01-11 01:30:00,CNC-02,M,298.1812881418512,310.41703319701116,2626.379501340525,16.36192938558467,145.25600469343888,3.3309331656820067,8.026249434246694,54.62153211261498,0,2026-08-25 06:31:49
2024-01-11 12:52:00,CNC-03,H,300.38176382727204,309.2836079059365,1462.824992727125,51.649782420887426,123.79882066664746,2.183458354251051,14.032271919517516,50.44790062418922,0,2026-08-25 06:31:49
2024-01-11 18:35:00,CNC-01,L,300.35478626735977,314.09021464829067,2182.217778949182,29.203024662473148,60.71878712610919,2.758483524243824,11.708557354870548,48.52561687544685,0,2026-08-25 06:31:49
2024-01-11 18:02:00,CNC-02,M,26.766840616591765,41.639535294366226,1964.29875702425,37.025628102715416,204.1113467464852,3.267061180328275,13.728703853478954,48.36776205357035,0,2026-08-25 06:31:49
2024-01-11 05:41:00,CNC-03,H,295.5168397798082,309.6056008300468,2218.1150450487917,31.466528659061918,159.39295804379276,3.081118574474402,13.100543589643909,57.230507562740534,0,2026-08-25 06:31:49
2024-01-11 14:03:00,CNC-03,H,295.3344200836982,310.9890706724518,1669.803288556367,49.838833305314665,235.70393433716058,3.1957393428490226,15.561253466790166,59.66708886338914,0,2026-08-25 06:31:49
2024-01-11 10:11:00,CNC-02,M,295.6485940028641,310.19683380460293,1505.296266044748,48.18697339880039,144.63235809338732,2.305212905047798,13.728505218497766,60.08197112003404,0,2026-08-25 06:31:49
2024-01-11 07:54:00,CNC-03,H,294.6748695485813,309.5838659719242,1682.231625877392,46.72418818164543,110.58439381994042,2.2981789604448166,14.619126600826203,60.97757434665099,0,2026-08-25 06:31:49
2024-01-11 12:47:00,CNC-03,H,300.4898310288091,309.2042523821163,1410.2565744098342,55.57826945022319,115.91961728697335,2.1654617570995685,14.75514134486795,49.775670322750244,0,2026-08-25 06:31:49
2024-01-11 09:48:00,CNC-03,H,294.17589690283467,308.4053298495653,1435.7911093615994,51.76197351510406,58.457796869128906,2.063408826989751,13.769031172446567,61.8250780135956,0,2026-08-25 06:31:49
2024-01-11 09:59:00,CNC-03,H,294.4061257328402,308.05733763379027,1482.0818066019779,45.03826420842998,,2.201544521066665,12.296403528422445,63.391985336467094,0,2026-08-25 06:31:49
2024-01-11 12:47:00,CNC-01,L,297.36180130444126,312.4818650337142,1426.1754999695686,54.3210652535319,217.02676650482726,3.0803308764851063,14.551046230634928,57.57659412851704,1,2026-08-25 06:31:49
2024-01-11 08:56:11,CNC-01,L,296.2349844416993,309.91853884232245,1701.6135705173638,38.86152259787,43.5906341528371,2.2722795527567876,12.387597036947056,53.887342853942286,0,2026-08-25 06:31:49
2024-01-11 12:36:00,CNC-02,M,297.13003056069886,311.5112475079998,1415.741863939239,47.70314314548949,144.33849464783347,2.2716726917982064,12.294961988617608,54.94269740822821,0,2026-08-25 06:31:49
2024-01-11 13:49:00,CNC-02,M,297.4721307158266,311.6377346410564,1355.7917461895024,50.47664293857051,56.60314672265076,2.1075116122074697,12.80882962677807,57.29558815478667,0,2026-08-25 06:31:49
2024-01-11 08:32:00,CNC-01,L,296.4292754541661,310.69291664139655,1553.9470819629905,49.542573500148855,9.033314158556703,20.05558320264364,14.380053094335185,58.837241532071324,0,2026-08-25 06:31:49
2024-01-11 05:20:00,CNC-03,H,295.6265359531678,309.42520140657354,2160.745762708853,30.57114752888911,132.02867775012723,2.836365478832424,12.14673539988881,57.2627588728213,0,2026-08-25 06:31:49
2024-01-11 17:20:00,CNC-03,H,23.986208627580595,38.13253938568977,1956.9879346819919,36.920826791943966,12.553589737248808,2.54698842611664,13.558622538361723,58.30377403940543,0,2026-08-25 06:31:49
2024-01-11 04:28:00,CNC-03,H,295.88296806162737,308.840828045318,2321.711315673394,22.878480084786787,66.93384991117269,2.9478572214459207,9.845376814193122,58.92025322515016,0,2026-08-25 06:31:49
2024-01-11 06:28:00,CNC-01,L,302.1867010076445,309.7745271730302,1912.3992686745053,33.658244505745294,66.32978462793626,2.5600557935742896,11.880548950839156,43.68199458334958,0,2026-08-25 06:31:49
2024-01-11 02:06:00,CNC-02,M,297.72597938478566,311.33850993899796,2629.408205412259,22.706014990934076,184.65883207765705,3.66494449251795,10.983137051621142,53.70749969431814,0,2026-08-25 06:31:49
2024-01-11 17:11:00,CNC-02,M,299.51625161989824,314.1005094812836,1897.5267099944772,36.978985061885574,134.96995516834278,2.674182720023942,13.204129599463323,53.79814187402196,0,2026-08-25 06:31:49
2024-01-11 02:33:00,CNC-03,H,297.116644598563,310.74699497440105,2638.784363763997,21.956463864428617,184.6127404717049,3.5866482562772175,11.27902613875421,52.17096327455571,0,2026-08-25 06:31:49
2024-01-11 22:46:00,CNC-01,L,300.33704667292545,313.1343716990079,2607.0759179746033,19.14613177086295,111.18557559711715,3.3624942269654294,9.252941520200487,53.34053595293574,0,2026-08-25 06:31:49
2024-01-11 11:19:00,CNC-02,M,295.77851084687575,310.0595266601357,1458.2319182178844,51.18471169487714,22.11796318374168,2.0803224399853653,14.013976146840553,62.78983586046348,0,2026-08-25 06:31:49
2024-01-11 23:46:00,CNC-01,L,299.5426874690269,312.364297388328,2742.1834724017785,18.029131022797046,175.2634309072871,3.8549218763704802,9.58815038490175,51.72890211809332,0,2026-08-25 06:31:49
2024-01-11 22:03:00,CNC-01,L,300.5477571839169,312.69004878675594,2647.355905958988,17.79003130243505,64.53193644588657,3.379233070545019,8.745377033829312,47.57158922511274,0,2026-08-25 06:31:49
2024-01-11 01:38:00,CNC-03,H,297.86666595402653,310.1596051704159,2729.6124964810538,16.68939589769634,123.96199441445434,3.3040609586746057,8.950349794849453,53.082801027605896,0,2026-08-25 06:31:49
2024-01-11 21:44:00,CNC-02,M,299.5094235428368,311.8763214320688,2502.106245466855,18.49044444844098,16.564057560227912,2.9462853771249202,8.700484194670759,55.59197190125099,0,2026-08-25 06:31:49
2024-01-11 03:36:00,CNC-02,M,23.527674351838414,37.074051916574774,2351.982613548508,26.941985890164325,65.38057395113667,2.872515371684603,11.877281264903365,56.669950566401226,0,2026-08-25 06:31:49
2024-01-11 09:58:00,CNC-02,M,295.6577833056338,309.9788255231686,1597.790605165986,42.50973588933984,124.2451918613182,2.400737564549262,12.454015198375691,59.457850267371875,0,2026-08-25 06:31:49
2024-01-11 23:24:00,CNC-01,L,299.73226059599307,312.6155477045071,2790.8493840639544,18.9407959129175,151.8439012125254,3.654285485890212,9.766269501297312,55.410588035772115,0,2026-08-25 06:31:49
2024-01-11 04:14:00,CNC-01,L,296.9470963721363,309.99850492380807,2221.9965184505922,24.96894508906568,85.51032004395871,2.7987714022712398,10.57394660300988,57.57446414561663,0,2026-08-25 06:31:49
2024-01-11 06:46:00,CNC-03,H,294.8864585528565,308.0337705263214,1871.6812152979285,32.58249788070008,13.803417838561511,2.5280453192829526,11.421537936006818,58.51832454842757,0,2026-08-25 06:31:49
2024-01-11 16:39:47,CNC-01,L,300.2561466690314,314.4036685588173,1960.6028042156752,35.388030309965764,140.994460390055,2.867642183747118,12.95199430142973,51.71246985328961,0,2026-08-25 06:31:49
2024-01-11 23:50:00,CNC-03,H,296.9269896127504,310.5028058392871,2707.679523999054,19.726254958151383,251.3167946162808,4.336295343907325,9.962866786386032,57.821968066229566,0,2026-08-25 06:31:49
2024-01-11 06:51:00,CNC-03,H,295.3881795892186,308.8194292306292,1883.3183481521594,34.33576550468282,20.74573820561633,2.4051663490760498,12.202221988464986,61.09533992560523,0,2026-08-25 06:31:49
2024-01-11 05:55:00,CNC-01,L,302.2740897366325,309.7057779611373,2093.279312559649,31.613682545695877,22.247661290347175,2.7229174428306364,12.452550315189212,46.23345140951017,0,2026-08-25 06:31:49
2024-01-11 12:56:00,CNC-01,L,297.56878995903406,310.9191126518077,1266.339150311522,48.070084543748095,9.47397561561115,1.951213702842486,11.218236508925925,57.217389128418425,0,2026-08-25 06:31:49
2024-01-11 01:42:00,CNC-01,L,298.47787126160944,310.9606409384423,2546.792629169271,18.602898434483084,110.84601941001826,3.27091005584108,8.859254466523947,53.931831739158255,0,2026-08-25 06:31:49
2024-01-11 09:00:00,CNC-03,H,294.28669150780036,308.5727896422429,1539.1301209896887,44.479498663265176,209.00859324566818,2.7511562851248113,13.131818934964073,59.9920962409196,0,2026-08-25 06:31:49
2024-01-11 21:26:00,CNC-02,M,299.32925687391764,313.4715185028944,2566.0561064223657,23.839704909125835,246.17201672939078,4.210118841432923,11.514526741019793,54.938965838511166,0,2026-08-25 06:31:49
2024-01-11 01:34:35,CNC-01,L,298.67886087011993,310.81211710856695,2523.9615340852256,17.222748572132673,104.40869782483647,30.836487045303905,8.128691086574067,58.243612033320346,0,2026-08-25 06:31:49
2024-01-11 05:19:00,CNC-02,M,295.6144661590184,310.0865146754781,2197.4878548718134,31.568246196356423,192.33303000329073,3.4240931306654936,12.831238371970029,57.634000474238526,0,2026-08-25 06:31:49
2024-01-11 04:21:00,CNC-03,H,296.08106567543297,309.5962051466406,2416.8593667684813,26.027207026207787,58.32731987951311,2.99590537338092,11.701157104946263,57.6739335383928,0,2026-08-25 06:31:49
2024-01-11 03:43:00,CNC-01,L,23.901762548489046,37.29406193417441,2441.783034435718,24.931976709744823,48.36642008372578,3.063559607306351,11.405189601456584,58.49861672392524,0,2026-08-25 06:31:49
2024-01-11 19:15:00,CNC-02,M,300.11791949788,314.109022213352,2484.7104609928865,25.629263740433,92.26240028097537,3.0616335219525666,12.097565264739423,47.763023025616526,0,2026-08-25 06:31:49
2024-01-11 16:11:00,CNC-02,M,299.2555068442033,314.0331455863524,1834.0359839618884,42.038347635126556,49.92703168266897,2.421077100495866,14.161893959960558,54.99378415672381,0,2026-08-25 06:31:49
2024-01-11 02:16:00,CNC-02,M,297.5149553116732,311.0545119960886,2549.0601006242746,22.49959093508832,195.73869203884783,3.7324799351008724,10.674572676818089,57.01841494629122,0,2026-08-25 06:31:49
2024-01-11 01:54:00,CNC-02,M,6923.154879306995,310.7163376192111,2654.1938510393384,18.005357911892634,171.49188890531985,3.6499293286615555,8.786470080750227,56.47316240538581,0,2026-08-25 06:31:49
2024-01-11 01:46:00,CNC-01,L,298.3835333885474,311.11382345599606,2619.7873063018496,19.948584192701553,115.22845865231099,3.2391176047197012,9.728069894002981,51.4030234280552,0,2026-08-25 06:31:49
2024-01-11 08:48:00,CNC-03,H,294.40906441724064,308.9424013882557,1448.2232967389916,50.31426486535305,190.8044863132442,2.552345621452709,13.366183944517447,60.8948320900845,0,2026-08-25 06:31:49
2024-01-11 18:50:00,CNC-03,H,298.19691631654837,311.91300179277954,2270.142276955728,26.877693346444648,132.06776276093345,3.0328714890681927,,58.01245672673356,0,2026-08-25 06:31:49
2024-01-11 20:10:00,CNC-03,H,297.8860136148646,310.62128979994486,2310.2734889700396,23.881976695804543,8.377417900653295,28.358623630365276,10.193878096744335,55.34077959532689,0,2026-08-25 06:31:49
2024-01-11 13:56:00,CNC-02,M,297.14057568034747,311.7563003266795,1403.6203979316413,53.50133563315908,67.68211226373472,2.072730914869484,14.015303052665177,54.83085795949982,0,2026-08-25 06:31:49
2024-01-11 21:56:00,CNC-02,M,299.29569308850927,311.4278868821357,2601.544465686389,17.37366619907694,29.731547296055425,3.142295391952739,8.544690235014839,51.94217199659852,0,2026-08-25 06:31:49
2024-01-11 04:06:00,CNC-02,M,296.494566249254,309.4914393540684,2318.980983208055,24.148230735968305,101.1573093617661,2.986899576667021,10.223386756736787,57.402061517782435,0,2026-08-25 06:31:49
2024-01-11 17:22:00,CNC-03,H,24.16795362542547,,1907.833563881545,34.17115226885603,15.30704549674305,2.4588100429238553,12.27431881274206,55.52696968854966,0,2026-08-25 06:31:49
2024-01-11 06:11:00,CNC-01,L,301.7870935458169,308.71691940949864,2086.088065040489,28.538317168675707,43.371882545039455,2.6799508430362198,11.183223611029835,48.37754333632924,0,2026-08-25 06:31:49
2024-01-11 14:20:00,CNC-01,L,298.4821503684919,313.07612875586733,1555.440959175153,46.871336587342135,141.5781483611562,2.4061728800548567,13.590604639993629,60.90704745145065,0,2026-08-25 06:31:49
2024-01-11 13:37:00,CNC-02,M,297.20919514668844,311.5522192799406,1443.5257904519985,50.64731778451664,37.833316578000755,2.09065772335114,13.630329835872,56.390745680589234,0,2026-08-25 06:31:49
2024-01-11 09:15:00,CNC-02,M,295.3882239427859,309.5935893111283,1459.3300125006206,48.00521204307133,57.712022657852074,2.159699381306459,13.322055462063618,55.18079886712641,0,2026-08-25 06:31:49
2024-01-11 05:16:00,CNC-02,M,,310.2351395980484,1926.9627468467288,35.593220803673894,188.47953743086674,3.07940783802303,12.79029852903397,57.342238571026435,0,2026-08-25 06:31:49
2024-01-11 09:37:00,CNC-01,L,296.08391663832947,310.1766916842305,1409.9426952657782,51.21279576706846,108.05343340895634,2.1615224261405754,13.536083670653959,63.0169189152884,0,2026-08-25 06:31:49
2024-01-11 18:23:00,CNC-03,H,24.664069720764303,39.09762943364234,2090.4840107046766,35.168009660257866,97.33611598967511,2.7818056922107024,13.98121110918724,50.768390703064625,0,2026-08-25 06:31:49
2024-01-11 07:48:00,CNC-01,L,296.2377508991925,310.7714313478805,1753.5537711614231,40.87846155842233,178.62081979562456,3.0158492489282547,13.560980456331222,58.82543010753372,0,2026-08-25 06:31:49
2024-01-11 17:06:00,CNC-03,H,297.3678178583288,313.19276552373117,1994.5571827224442,42.45052214008499,247.13853958265557,3.5304223289402015,15.859205954705452,57.97163911405967,0,2026-08-25 06:31:49
2024-01-11 11:37:00,CNC-01,L,296.94066226425673,311.19938493787816,1456.689419891762,49.310691656633686,106.1244783745176,2.134309436205352,13.421155436417076,61.31423860486599,0,2026-08-25 06:31:49
2024-01-11 08:00:00,CNC-03,H,294.47049933345386,309.0798314897853,1709.9635680666713,43.40826661041388,119.32596905482681,2.4875804504955426,14.052074222456515,58.87043246689152,0,2026-08-25 06:31:49
2024-01-11 14:03:00,CNC-01,L,298.5729055978061,312.7055987190371,1381.0047888721508,49.806856291804856,115.12491707914533,2.2636561094817536,12.811269496488682,54.409247082565415,0,2026-08-25 06:31:49
2024-01-11 06:54:00,CNC-02,M,295.40569191741605,309.7148021909024,1887.1396692595856,38.62682434907843,100.04725701593176,2.5153545191164266,13.493613453473435,61.78926038773873,0,2026-08-25 06:31:49
2024-01-11 01:28:00,CNC-03,H,297.93954416011434,310.218932865501,2665.2300200625023,16.611358415951194,113.08309211976693,3.3182603304832528,7.89912521395288,56.51607675695732,0,2026-08-25 06:31:49
2024-01-11 06:55:00,CNC-03,H,295.30865810815874,309.11379369937384,1852.8526749151274,37.40498078260204,26.266546354873576,2.5664366185463137,13.034813361964813,58.45442131459916,0,2026-08-25 06:31:49
2024-01-11 20:50:00,CNC-03,H,297.8924439383505,310.34379388270844,2395.262242078088,21.487498565733222,55.01763081794303,2.9195011295673208,9.452783119110203,51.84257247040886,0,2026-08-25 06:31:49
2024-01-11 10:06:00,CNC-01,L,296.29167283385397,310.995932228251,1488.8295715176466,51.03995491832033,153.1954626730517,2.453216084299657,14.159365831279432,56.326380252277666,0,2026-08-25 06:31:49
2024-01-11 06:10:00,CNC-02,M,295.521156393881,309.92269335306366,2166.061481932895,34.59660481271734,39.67122303703238,2.7895257069709274,14.121468605382269,56.109178284285704,0,2026-08-25 06:31:49
2024-01-11 18:16:00,CNC-03,H,24.674991576298112,38.84666442325698,2224.09727477709,33.09710739784533,88.11977483471767,2.8283202803537986,13.638750760736693,56.63864886071939,0,2026-08-25 06:31:49
2024-01-11 06:16:00,CNC-03,H,295.1930782665024,310.2588916490996,1842.8373980766391,40.813406581830556,205.9205958447155,29.437338663055193,14.137128688172117,62.51092195625111,0,2026-08-25 06:31:49
2024-01-11 09:19:00,CNC-01,L,296.3689771015537,310.03153561498937,1367.5119472935664,48.15779160954608,2474.6687046348047,2.1934045032856133,12.311539583226052,55.157221867684775,0,2026-08-25 06:31:49
2024-01-11 10:31:00,CNC-02,M,296.13070556934554,310.8624617005439,1569.0771264190157,46.72672789465624,176.10711793854668,2.601050257616652,13.606292203001525,57.390801778295994,0,2026-08-25 06:31:49
2024-01-11 01:53:00,CNC-02,M,297.8021534746816,310.3611822042537,2726.8032624226926,16.23858180843636,170.41129330236996,3.6781141014219587,8.051166686681922,51.53037589880572,0,2026-08-25 06:31:49
2024-01-11 07:41:00,CNC-01,L,296.5967774411569,310.9059941149391,1589.8850931931556,44.71574903209906,168.43420638893036,2.7139852437638003,13.616321895072572,59.40847628923637,0,2026-08-25 06:31:49
2024-01-11 17:28:00,CNC-03,H,24.154069650851113,37.54862667819282,1842.7612918992097,34.552604535163816,23.522817231565476,2.5163422359549106,11.881396147559315,55.54526926735416,0,2026-08-25 06:31:49
2024-01-11 17:14:00,CNC-02,M,299.4738129078879,314.1032551258214,1820.968301071137,39.71701357661919,139.14331349008805,2.612560808628566,13.592394142804617,52.40895500954087,0,2026-08-25 06:31:49
2024-01-11 10:59:00,CNC-01,L,296.8612013651684,311.20338562761106,1375.0198975443564,53.29288327554544,45.82080235706029,2.0809187820368797,13.893749930468303,56.8327042910597,0,2026-08-25 06:31:49
2024-01-11 06:51:00,CNC-01,L,296.5571584441371,310.2467901119856,1910.9394371870483,33.765500908611614,97.54466316307872,25.4755934839671,12.016855944353928,53.1256388370038,0,2026-08-25 06:31:49
2024-01-11 11:57:00,CNC-02,M,296.3250988069748,310.2733215699486,1375.3989033889632,50.17170653433141,82.40138373193382,2.135855962195319,12.863604203905263,56.10351449727002,0,2026-08-25 06:31:49
2024-01-11 16:43:00,CNC-02,M,299.24086539220355,313.8236583391423,1765.0644153255487,41.65688493654933,95.69207632439024,2.4579270702334775,13.726056680285398,53.54083993068583,0,2026-08-25 06:31:49
2024-01-11 18:49:00,CNC-02,M,,313.6394632198961,2243.908330650243,31.437504433767117,59.68023262197919,2.835339811830548,13.129680468726036,37.987411201607195,0,2026-08-25 06:31:49
2024-01-11 21:19:00,CNC-03,H,297.3209893003149,310.37474148736726,2450.4011965327386,22.821940841821135,87.89570273727875,3.029702612661747,10.383157999590258,53.844536827158755,0,2026-08-25 06:31:49
2024-01-11 19:01:00,CNC-01,L,300.42166981074456,314.38062657834985,2148.6645681928167,32.00191440707233,93.69199492727479,2.8257399101871514,12.822176705879215,49.264376029544216,0,2026-08-25 06:31:49
2024-01-11 23:41:00,CNC-02,M,298.52241026090235,311.1186480003163,2492.918123096541,16.927637955117685,142.72390421894443,3.3943241188467272,8.031763035646167,53.06915369259017,0,2026-08-25 06:31:49
2024-01-11 23:48:00,CNC-02,M,298.4803261521684,311.0379046207719,2719.192796568196,16.794229512514022,150.07733649097383,3.4379430078325908,8.559064113471178,55.56603565588075,0,2026-08-25 06:31:49
2024-01-11 08:15:00,CNC-01,L,296.20133562926895,310.93334491959166,1598.172900020165,45.38782545520272,218.24780121253394,3.2983181119536322,13.544826726445983,59.20880231858863,0,2026-08-25 06:31:49
2024-01-11 03:47:00,CNC-02,M,23.579466752670726,37.35445400502226,2404.340108629605,26.120937234705156,78.53956161850779,3.0233369441198565,11.625347538002323,55.31700013615706,0,2026-08-25 06:31:49
2024-01-11 08:42:00,CNC-03,H,294.48053274693206,309.0667314232075,1565.4854582399234,45.654271827063205,181.75435098332858,2.6197388981236993,13.566042815668872,65.37339348695855,0,2026-08-25 06:31:49
2024-01-11 10:33:00,CNC-01,L,296.68529544891356,310.22761795925555,1417.847464267671,46.65876760261289,4.762172546298148,20.36422018277772,12.31736130917702,55.14392048017972,0,2026-08-25 06:31:49
2024-01-11 06:49:00,CNC-03,H,294.85038903270583,308.99483119315016,2023.4207779068497,37.02399639260366,17.93704833616701,2.63874329512637,13.811823994117388,63.469557121236654,0,2026-08-25 06:31:49
2024-01-11 14:51:00,CNC-03,H,295.724748327558,309.5860031285373,1584.575223069224,43.99614633985137,49.24633838575747,2.262052832078815,12.92152641690992,64.58284548299076,0,2026-08-25 06:31:49
2024-01-11 00:01:00,CNC-02,M,298.87031258096385,310.86673105366765,2726.020435428452,15.350538486690642,50.573943239804656,3.1917361173593446,7.714053345563924,52.82314590644668,0,2026-08-25 06:31:49
2024-01-11 04:13:00,CNC-01,L,296.8265557026211,310.0823813428337,,25.331822996855912,84.27065296023854,3.0049229927587144,10.862293331764855,58.56093293654392,0,2026-08-25 06:31:49
2024-01-11 12:58:00,CNC-03,H,295.1002568728317,309.7770923404515,1407.5351091338187,53.80417824426191,133.29785846607476,2.2683967243559895,14.473059395071122,60.754081363433436,0,2026-08-25 06:31:49
2024-01-11 09:56:00,CNC-02,M,295.4628898656314,310.362851329247,1438.8604680866995,52.075446697600476,121.16781796709309,2.274334382929197,13.866659833771195,59.2492036989418,0,2026-08-25 06:31:49
2024-01-11 03:12:00,CNC-01,L,24.621680917107312,38.157317625262294,2439.8387539626706,26.79870978552947,12.276241457389917,2.8655057018430554,12.055756347450378,52.588237328169924,0,2026-08-25 06:31:49
2024-01-11 07:57:00,CNC-03,H,294.49149426728144,308.81527480184025,1638.329189195906,43.690765433044575,114.98084182337864,2.269512077006096,13.510744806694657,56.92756843715095,0,2026-08-25 06:31:49
2024-01-11 12:01:00,CNC-01,L,297.47043376506764,312.1966848924943,1499.3421699885241,50.04564644360041,143.93561844562188,2.4249323734168926,14.126481636968752,59.24026128946634,0,2026-08-25 06:31:49
2024-01-11 11:46:00,CNC-01,L,297.56400995203904,312.3338402341737,1482.2384521934305,51.40262820092567,120.24106723370595,2.296705744857453,14.336276280420547,51.97179192217691,0,2026-08-25 06:31:49
2024-01-11 22:55:00,CNC-01,L,,313.6760690500671,2654.5665082599107,23.512613182501678,120.8641492734211,3.3525589778132545,12.1122582969378,52.16085991403379,0,2026-08-25 06:31:49
2024-01-11 03:33:00,CNC-01,L,24.310922547040207,37.335027067321846,2417.232474313228,758.1381137442078,36.76501772102674,3.0409732718138542,11.50245833447352,54.99433429572083,0,2026-08-25 06:31:49
2024-01-11 08:02:00,CNC-03,H,294.5550176608384,309.3714092428975,1634.371118858301,47.26013612222377,122.29115440296916,2.4054256015321105,14.447321899702043,57.39939910494793,0,2026-08-25 06:31:49
2024-01-11 07:40:36,CNC-02,M,295.27052542761925,310.2054151676945,1673.451038115518,46.573248604095184,165.04559435812797,2.6110406729339397,14.754142985338385,59.96752691357096,0,2026-08-25 06:31:49
2024-01-11 17:30:00,CNC-03,H,24.148688212214495,38.10866533580287,1847.709175710916,39.14050393054759,26.325865724091255,2.4656911693916834,13.473261378414174,58.357830476738144,0,2026-08-25 06:31:49
2024-01-11 11:02:00,CNC-01,L,296.9880892820619,310.79474635051724,1432.279231015623,47.5422655525533,50.57914067363682,2.049675575175522,12.716962329917425,59.70585527868876,0,2026-08-25 06:31:49
2024-01-11 10:44:00,CNC-01,L,296.72842882836574,310.3086606347659,1463.9006448642233,46.47196502446635,22.118323868427986,2.0230220873790197,12.756495337836911,56.80846521281557,0,2026-08-25 06:31:49
2024-01-11 10:32:00,CNC-02,M,296.0570659463115,311.1866220061193,1469.562624805248,51.34710750268101,177.65942711697724,2.640629357102072,14.40825555248622,59.451000763457586,0,2026-08-25 06:31:49
2024-01-11 14:40:00,CNC-01,L,298.65938701996237,312.8915508592549,1414.7724043306946,48.143221797814626,172.36716784664208,2.6113413788816864,12.86562345855566,52.9934405918016,0,2026-08-25 06:31:49
2024-01-11 17:10:00,CNC-03,H,297.2211725627955,311.7931428971799,2046.573245973714,34.009259334679015,252.74381464280032,3.7912980774818,13.222594581539658,56.477696846787815,0,2026-08-25 06:31:49
2024-01-11 14:51:00,CNC-02,M,297.712418884987,312.7040362294065,1554.1685019247584,47.90983569636063,152.71849889815235,2.505382365357182,13.936342721316214,53.50252001027172,0,2026-08-25 06:31:49
2024-01-11 14:37:00,CNC-01,L,298.79943846874465,313.2415919524532,1493.6082803894496,48.097000758551744,167.6789453429159,2.5944695021330744,13.436166700866016,54.082708564054265,0,2026-08-25 06:31:49
2024-01-11 16:42:00,CNC-03,H,296.6134568180699,311.6474040266742,1812.4654701286406,41.312507603191385,213.4824173625693,3.054236448873001,14.049799164192901,58.14115478847742,0,2026-08-25 06:31:49
2024-01-11 08:51:00,CNC-02,M,295.6731675663355,309.7807430040329,1628.3240306341995,44.09281116931812,21.090610210616873,2.364786916284223,13.59647509865397,60.791006131998515,0,2026-08-25 06:31:49
2024-01-11 04:27:00,CNC-03,H,295.95954515180495,308.9507082275144,2276.7013371995745,25.01080083060334,65.72290323941563,2.8668802565834866,10.660545403161006,59.908606125407765,0,2026-08-25 06:31:49
2024-01-11 09:36:00,CNC-01,L,296.2277964523745,310.3459824118028,1449.9684052899274,49.65698579884719,106.47352078903303,2.1161249457945357,13.585989569319844,57.86610102207188,0,2026-08-25 06:31:49
2024-01-11 08:20:00,CNC-02,M,295.06832428700704,310.07963876132936,1609.5143858542551,46.18353470350832,223.66490443191307,3.2162366260151747,13.854846630388957,60.368307928676536,0,2026-08-25 06:31:49
2024-01-11 01:21:00,CNC-02,M,298.1428324889903,310.6498662676448,2720.388101028271,15.408878117210495,135.65430981575736,3.5433332972440215,7.710853079244022,56.971903984844545,0,2026-08-25 06:31:49
2024-01-11 08:31:00,CNC-03,H,294.3362443871495,308.78963909254304,1630.0875299561653,43.23648549304211,165.11479830807195,2.5919527235928874,12.927861788754374,66.06192088873466,0,2026-08-25 06:31:49
2024-01-11 13:05:00,CNC-02,M,297.0208785465975,312.2516208050208,1395.8475651482843,55.029988179975355,190.22318695356006,2.667677433949637,14.32245338835653,56.98314123134618,0,2026-08-25 06:31:49
2024-01-11 13:00:00,CNC-02,M,296.8541049136945,311.6797782891455,1405.5289411571075,52.83739768783895,182.30272889538273,2.4800195284488367,13.799719046189326,57.425666147289064,0,2026-08-25 06:31:49
2024-01-11 00:37:00,CNC-02,M,298.82908654721086,310.71052505858955,2616.7290351853862,15.419232571337268,88.72819761164153,3.2187233322849997,7.635419454220301,52.007770092091945,0,2026-08-25 06:31:49
2024-01-11 08:34:00,CNC-02,M,295.0449470585826,310.30408088237004,1654.4082202112158,46.12967366572981,244.5337821761602,3.3921366302652465,14.215921588096565,59.972631399064994,0,2026-08-25 06:31:49
2024-01-11 14:05:00,CNC-01,L,298.4931586229963,312.9005492705117,1423.1092221119811,52.14982861425677,118.30146051569042,2.2859059278056777,13.728663712914567,53.59118588417184,0,2026-08-25 06:31:49
2024-01-11 21:39:00,CNC-02,M,299.31213859674324,311.2658636629316,2580.19391947915,16.90465198695497,11.107868062204254,3.126302062938609,8.143577218991192,53.91272650981465,0,2026-08-25 06:31:49
2024-01-11 08:02:00,CNC-01,L,296.214290231022,310.8268178719053,1593.1306567282525,47.19544021008312,199.11394436968706,3.0334233683597716,13.974556122793178,58.09366175651074,0,2026-08-25 06:31:49
2024-01-11 11:37:00,CNC-02,M,296.52957822619436,309.95678182085084,1449.5339722061833,43.51098200037497,50.642131493281674,2.1871851224216297,11.63383693933028,61.46363729516137,0,2026-08-25 06:31:49
2024-01-11 04:03:00,CNC-01,L,297.2502532383201,310.6222844041086,2295.17698059105,25.795178593366103,72.06460626256393,2.879491107393283,11.099060487687304,57.01370495830392,0,2026-08-25 06:31:49
2024-01-11 12:07:00,CNC-02,M,296.64767290103606,311.0014306647191,1381.50522178663,51.02466781689861,98.22971369890807,2.174848753650408,13.303620044204786,57.777362754363864,0,2026-08-25 06:31:49
2024-01-11 16:33:00,CNC-03,H,296.66403307360457,312.2522748663797,1851.2236420637366,44.29646447378095,200.7360098499416,3.027533514211677,15.046651536414362,54.07009877389966,0,2026-08-25 06:31:49
2024-01-11 09:10:00,CNC-02,M,295.3773660449631,309.3486728039032,1598.4281262926647,43.02498418350567,50.00709060519778,2.2575742924017934,12.735998146412694,58.377081423683215,0,2026-08-25 06:31:49
2024-01-11 04:23:07,CNC-01,L,296.8617597982438,310.2900302184448,2315.8112931374076,26.804196228750364,97.54862158654171,2.9356564956722213,12.00158776464097,57.30364587499278,0,2026-08-25 06:31:49
2024-01-11 20:49:00,CNC-03,H,297.870453619351,311.17041599859743,2365.9230987829787,25.27418337010651,53.84677190229793,3.0475348410478147,11.61386226380733,54.80057817012711,0,2026-08-25 06:31:49
2024-01-11 16:09:00,CNC-03,H,296.2864921586819,311.1342440481806,1635.6867606462417,46.32716936214221,166.00511402162556,2.587812555159231,14.06917059994327,57.63906379843995,0,2026-08-25 06:31:49
2024-01-11 07:32:00,CNC-02,M,295.2395571564015,309.71303545372604,1798.5839723186775,38.428129636982284,153.47685263278038,2.763756155884296,13.019113006539673,59.60755035675147,0,2026-08-25 06:31:49
2024-01-11 14:08:00,CNC-02,M,297.10777498702413,311.2817240724091,1487.1920340958281,46.006794561643964,86.30823592786608,2.222719540819556,12.81436384066571,54.564234937425105,0,2026-08-25 06:31:49
2024-01-11 02:31:00,CNC-01,L,298.13369701197087,310.39145421419903,2602.944022903077,16.004232016189295,164.74017366216532,3.614113256291291,7.5465472979587735,56.94600185965366,0,2026-08-25 06:31:49
2024-01-11 10:12:12,CNC-01,L,296.31034535150417,311.0000697781158,1428.0418182683482,50.515890629600776,164.09612846186644,2.5275450594416933,13.69415423194816,53.68929589390445,0,2026-08-25 06:31:49
2024-01-11 12:02:00,CNC-01,L,297.3597400393593,312.1736588563884,1501.7080814371348,50.008272766664874,145.5078053226494,2.381456352620266,14.130753479325632,57.36358433026527,0,2026-08-25 06:31:49
2024-01-11 06:33:00,CNC-03,H,295.27811096839855,310.4779757189158,2029.5237433298678,37.95691671251407,229.31817957608806,3.324579274020509,14.396568886722063,58.7560382418405,0,2026-08-25 06:31:49
2024-01-11 11:50:00,CNC-03,H,294.7986045207419,308.8258670243666,1396.4087121293016,50.590960370396004,25.493447265741047,2.192486425692473,13.33654320882464,65.14311348147275,0,2026-08-25 06:31:49
2024-01-11 03:24:00,CNC-02,M,24.02939613864754,36.48171813372261,2439.126650843691,19.982364099983315,51.41174358534008,2.9888304275271675,9.14746756396974,55.31780362166558,0,2026-08-25 06:31:49
2024-01-11 00:05:00,CNC-01,L,299.12747039346874,310.3568923601564,2692.3990143767815,12.701989476190715,6.880065980852389,3.17752375549107,6.499814791046657,51.72000010297984,0,2026-08-25 06:31:49
2024-01-11 17:10:00,CNC-01,L,300.1186586805013,314.7250319176578,1783.6360019503284,41.15842443125159,184.65288711969848,3.0013376708816395,13.452536918054273,51.809085470756806,0,2026-08-25 06:31:49
2024-01-11 18:37:00,CNC-03,H,297.7936861794889,311.72064336359233,2284.224101268509,27.90079734619653,115.4847089289584,3.0526965380782274,12.200647876524231,53.56846504780837,0,2026-08-25 06:31:49
2024-01-11 10:14:00,CNC-01,L,296.399320099305,311.31015955285653,1564.0908605526336,48.6588303132415,165.63442716201897,0.0,14.323184483157572,57.784570573272255,0,2026-08-25 06:31:49
2024-01-11 02:43:00,CNC-03,H,23.935334616425052,37.73839043572099,2563.9493882576353,22.93497045346789,195.9645451153925,3.498062615073476,10.781990776279388,56.89213569733022,0,2026-08-25 06:31:49
2024-01-11 23:41:00,CNC-01,L,299.6733283565837,312.97811083341827,2633.8943712374116,19.785897389662207,169.83141791759425,3.5929539550953984,9.718803512778196,48.819142217311104,0,2026-08-25 06:31:49
2024-01-11 10:27:00,CNC-01,L,296.5280574888148,311.7245264063654,1412.8470309108334,56.86072731465187,186.16166848577834,2.7254106053554676,,60.988541013116645,0,2026-08-25 06:31:49
2024-01-11 02:02:00,CNC-03,H,297.63886066186456,310.07010946803496,2595.645336633053,18.011444655847864,150.2489727439581,3.3142471139581056,8.817459397312676,58.27261531048308,0,2026-08-25 06:31:49
2024-01-11 22:13:00,CNC-02,M,299.1181495503165,312.3323528846302,2636.896491024162,21.52954885483262,48.30185955426817,3.1141190374759034,10.735857189361141,55.51930829217776,0,2026-08-25 06:31:49
2024-01-11 18:19:00,CNC-02,M,31.708223706868353,38.91085236021229,2162.5493026723584,27.505852392434807,21.084782277963946,2.6798807054183045,11.014739974216946,42.482695088502034,0,2026-08-25 06:31:49
2024-01-11 15:49:00,CNC-03,H,296.12296925803577,310.4902663370855,1715.2857637847733,,136.64243150826672,2.574774466923925,13.62481427495498,56.38461648825389,0,2026-08-25 06:31:49
2024-01-11 07:54:00,CNC-01,L,296.4728088241284,311.5526314075539,1613.461531601898,47.1274389150319,187.4366550925003,2.9560343920914276,14.144070689851153,57.399818725675374,0,2026-08-25 06:31:49
2024-01-11 12:31:00,CNC-03,H,300.2919510022515,308.0351649396026,1282.1194305109298,49.457691777933626,90.52245896949657,2.014096587451852,12.04952865641472,54.20770102114924,1,2026-08-25 06:31:49
2024-01-11 10:21:00,CNC-01,L,296.47681815840605,311.39267386970573,1469.3609861997604,52.63488913538433,176.61561387275387,2.7404777361981663,14.50318256133866,59.39433715902129,0,2026-08-25 06:31:49
2024-01-11 03:25:00,CNC-01,L,24.212190270038377,36.3325211065727,2491.3740556732,18.327689889975076,27.426578885890873,3.1617877066577624,8.740372177353985,61.478773796783315,0,2026-08-25 06:31:49
2024-01-11 03:17:00,CNC-02,M,23.749768790432142,36.63483399985978,2510.246998518085,,43.3694677939659,3.012146280899508,10.101997428860608,57.75583031784448,0,2026-08-25 06:31:49
2024-01-11 09:09:00,CNC-03,H,294.3183477090729,309.52953244401175,1577.8765765804703,49.57518009560178,222.78559753956208,2.9059676779719803,14.705554161198007,62.5628901508614,0,2026-08-25 06:31:49
2024-01-11 11:04:00,CNC-01,L,296.99887863375415,310.8053400646459,1336.9516743747558,50.71390729569608,53.72296695403609,2.0088852587510018,12.815505068440661,57.62104136039425,0,2026-08-25 06:31:49
2024-01-11 05:36:00,CNC-03,H,295.50224267292725,309.3614179563822,2172.2424997456187,28.165841073966476,152.86254531441577,2.933271009823479,11.179306202404115,61.01184600788482,0,2026-08-25 06:31:49
2024-01-11 15:29:00,CNC-01,L,299.3706557032332,314.06226830408616,1757.043090954917,44.94085728766399,39.30102621376499,2.4065436021039566,14.574187111986976,54.04083657936063,0,2026-08-25 06:31:49
2024-01-11 22:28:00,CNC-01,L,300.37863624159013,312.3824357375938,2610.05003426427,16.261729827989065,91.66672834882318,3.302410199520343,7.823469440283569,51.26459352249681,0,2026-08-25 06:31:49
2024-01-11 05:39:00,CNC-03,H,295.08264442648,309.60193361845876,2054.2071623267198,35.01234783023364,156.80449272056234,2.8698119959335138,13.646714836706282,57.70899455119901,0,2026-08-25 06:31:49
2024-01-11 02:37:00,CNC-03,H,297.0919922500485,310.6151852487075,2631.482962095648,21.65833527133588,189.0792829733815,3.6273321736492794,10.614517546203436,57.394965942348016,0,2026-08-25 06:31:49
2024-01-11 02:11:00,CNC-03,H,297.0982721690096,309.8047816496315,2669.530635260876,18.49848645894242,160.20671603467804,3.547943424012601,9.488415152027647,57.07170626109787,0,2026-08-25 06:31:49
2024-01-11 01:31:00,CNC-03,H,297.6252499788821,309.91099243563536,2600.176940399977,16.993646472764844,116.28195377286849,3.3017604705806756,8.255063401121243,53.397059718431805,0,2026-08-25 06:31:49
2024-01-11 14:04:00,CNC-03,H,295.4182123044583,310.60389958807656,1359.048297352628,55.38612500726567,237.30393433716057,2.9633263049639194,14.088709055458414,58.48778348616597,1,2026-08-25 06:31:49
2024-01-11 19:19:00,CNC-03,H,297.97042257570956,311.9682215337283,2201.893565268252,29.500703215286517,168.5789310564143,3.1510440551171,12.409381292189043,48.61189453506356,0,2026-08-25 06:31:49
2024-01-11 02:24:00,CNC-01,L,297.9798398869242,310.079897498032,2730.3065901922537,14.600874784388935,156.91328482650894,3.6300392227752694,7.283970101697242,57.99605735035881,0,2026-08-25 06:31:49
2024-01-11 16:27:00,CNC-01,L,299.8543941323838,313.6932814402174,1755.5055535694441,38.29343653167663,123.94049407898159,2.4924967355372236,12.559646652158666,53.8026432983642,0,2026-08-25 06:31:49
2024-01-11 08:00:00,CNC-02,M,295.2790657695374,310.35961870335234,1754.6932182598625,43.451625357618305,194.0491810890693,2.957985522975849,14.29182820562053,62.14279541261614,0,2026-08-25 06:31:49
2024-01-11 09:06:00,CNC-03,H,294.1981440164366,309.18760699073874,1669.1445286454539,43.85161125513806,218.21043362867232,3.012309944192381,13.684423797091759,63.38077855471972,0,2026-08-25 06:31:49
2024-01-11 00:21:00,CNC-02,M,298.5856395797133,311.74620990072344,2704.6212715121956,22.26329931365818,71.72621737837575,3.355373069641585,10.857843060369284,53.60267246489695,0,2026-08-25 06:31:49
2024-01-11 13:26:00,CNC-01,L,298.253089991482,312.18596398607303,1401.094188291207,49.51877029687158,56.881558659728384,2.0931338322742024,12.98967648260818,54.94857906150875,0,2026-08-25 06:31:49
2024-01-11 18:02:00,CNC-03,H,24.403611832928107,38.387972464386564,1915.165102284541,36.04013380042348,69.63651025816283,2.5331598018632278,13.006755436170472,58.93608679800123,0,2026-08-25 06:31:49
2024-01-11 09:56:00,CNC-01,L,296.3594411654853,310.3396188478116,1373.8070345023177,47.5940484457748,137.52828095798435,2.308202585629144,12.321723536146058,57.57577359163669,0,2026-08-25 06:31:49
2024-01-11 10:21:00,CNC-03,H,294.45351145094054,308.8098725542438,1497.5108069171872,48.14525460133171,109.87053043144716,2.199645612388748,13.449772532125134,61.10340118483221,0,2026-08-25 06:31:49
2024-01-11 11:25:00,CNC-03,H,294.6770956060661,309.8174407738666,1470.7235581032078,54.59847830209322,210.87135470587418,2.706288475167082,14.9407013239975,62.30910607429218,0,2026-08-25 06:31:49
2024-01-11 09:33:00,CNC-01,L,295.8494550449836,309.67901731232934,1407.4086070918484,47.446058796209215,101.812295100709,2.259136534996836,12.401705078391554,60.15667679911924,0,2026-08-25 06:31:49
2024-01-11 14:35:00,CNC-02,M,297.8503985001285,312.58431063525137,1546.292638076858,48.337298574238325,128.06715484137322,2.350272278872508,13.98985564446725,58.761322185732176,0,2026-08-25 06:31:49
2024-01-11 20:16:00,CNC-01,L,300.26006537677523,314.02253068043257,2429.8945599525287,25.00184231888378,184.555693301647,3.5867221483114324,11.330051326494718,56.45345901265779,0,2026-08-25 06:31:49
2024-01-11 08:44:00,CNC-03,H,294.62812397161406,310.0238206349012,1609.0761665999214,50.5998089134895,184.7387394952665,2.6194630141558752,15.40205035847474,63.726938663952474,0,2026-08-25 06:31:49
2024-01-11 01:39:00,CNC-01,L,298.3072030586576,311.44618396607854,2686.7561862053894,21.125148774469597,107.64690326020754,3.3151665326084503,10.693803555688303,56.25322979566581,0,2026-08-25 06:31:49
2024-01-11 21:02:00,CNC-01,L,300.40800667543033,314.7947045549942,2584.8798556205506,25.61179744598248,238.1301821516145,4.500257201907991,12.490658298105858,50.076744913961974,0,2026-08-25 06:31:49
2024-01-11 18:06:00,CNC-03,H,24.374937192171046,38.42922189581611,2154.801110718271,32.178139917798006,74.91819513804914,2.901992574475177,12.707110624419586,55.13097407663443,0,2026-08-25 06:31:49
2024-01-11 01:57:00,CNC-01,L,298.67902865900214,311.64802949244915,2703.721414252667,19.358294712545657,127.24970834584491,3.4520088415040497,9.788774886499922,55.042422674701626,0,2026-08-25 06:31:49
2024-01-11 12:23:00,CNC-03,H,300.5568981171719,308.645089621194,1360.683027851628,50.7256454809483,77.86473904960553,2.110638427756635,12.967119235459407,51.278340766526426,1,2026-08-25 06:31:49
2024-01-11 02:15:00,CNC-02,M,297.58248141733867,311.50123767832105,2470.4590148841626,24.457989712203688,194.6163512467499,3.5705621294841814,11.404136938256732,55.39866801323752,0,2026-08-25 06:31:49
2024-01-11 09:40:00,CNC-01,L,296.2101936091914,310.6811690819837,0.0,47.65336519378782,112.67765326121852,22.940756301342525,13.712366746234776,61.67080504196694,0,2026-08-25 06:31:49
2024-01-11 08:42:00,CNC-02,M,295.3803309624531,309.86813014024403,1591.9224961263908,47.995582215707984,7.561294037047747,2.2851332232261643,14.221416427536084,60.22696057646201,0,2026-08-25 06:31:49
2024-01-11 12:48:00,CNC-02,M,296.73723121086323,311.20231773066877,1368.7030932981968,49.43664734561982,163.31253221442176,2.438104232917027,12.764318487393808,55.37032047198599,0,2026-08-25 06:31:49
2024-01-11 22:05:00,CNC-02,M,299.0042280528693,312.77104088923693,2419.2868696329638,24.942885543161633,39.58055749699631,2.9422091164456545,11.500312641104088,55.92288586644363,0,2026-08-25 06:31:49
2024-01-11 15:44:00,CNC-03,H,296.38840444882146,311.3844100283611,1587.233294317958,49.89295619849901,129.28076934078913,2.3546612540457774,14.828222962634419,57.358490097272906,0,2026-08-25 06:31:49
2024-01-11 18:12:00,CNC-01,L,27.182831298280462,40.70330884099161,2201.4684716317342,29.034423599796725,,2.7108991495606585,11.546927334865105,52.00993208721205,0,2026-08-25 06:31:49
2024-01-11 09:39:00,CNC-02,M,295.5227380364644,310.0613239097571,1522.7636488646206,48.530328036356934,94.7804587771787,2.2244063165160157,13.727989307129665,58.64582112358928,0,2026-08-25 06:31:49
2024-01-11 13:29:00,CNC-02,M,297.3144344252203,311.0895046351701,1308.8291579754787,51.151055506675355,25.248850477777573,1.9692132171715455,12.882449525670344,54.07906598262814,0,2026-08-25 06:31:49
2024-01-11 02:41:00,CNC-02,M,24.026264021120483,36.638491935983495,2411.2547366339027,22.572912878327482,2.2504571049462094,2.9840870661092986,10.39267404454324,56.56203699207531,0,2026-08-25 06:31:49
2024-01-11 06:23:00,CNC-01,L,301.82215621265726,309.6756157185501,1920.7032526966434,35.065068400648826,59.500424710035446,2.5014109175871573,12.550114528141995,43.26045532032176,0,2026-08-25 06:31:49
2024-01-11 02:56:00,CNC-01,L,24.373241168561606,37.718673171647765,2506.7360579697315,22.307525661458264,192.9013873686118,3.799401218395507,10.63241444940216,51.14754829267775,0,2026-08-25 06:31:49
2024-01-11 20:53:00,CNC-02,M,299.3628882850576,314.2559747103658,2307.6495403821614,30.611550013177258,209.10220968151245,3.722860372991026,13.386169301765827,50.0570470276941,0,2026-08-25 06:31:49
2024-01-11 12:24:00,CNC-03,H,,308.32502834086824,1368.8382294874846,52.201866713171334,79.46473904960553,2.084407211763303,13.41412325588929,50.47561147747737,1,2026-08-25 06:31:49
2024-01-11 22:17:00,CNC-02,M,299.0627295025767,310.9229123424748,2741.6827658029724,13.673510704728207,52.58715115202722,3.2236757274083607,6.890880951946327,50.44297704201185,0,2026-08-25 06:31:49
2024-01-11 19:54:00,CNC-02,M,299.59737437736703,313.4221055667299,2393.018827556449,25.270633418404028,139.90336819180598,3.0872729217277093,11.397466730687322,55.876159104865884,0,2026-08-25 06:31:49
2024-01-11 08:33:00,CNC-02,M,295.12471911430447,310.4590170494698,1629.8734637983698,46.974719158150556,243.04095717608567,3.4525737703167323,14.379825627497004,59.34743326436433,0,2026-08-25 06:31:49
2024-01-11 01:29:00,CNC-03,H,297.85172243293545,310.4848871638656,2618.175607784004,18.97939279751959,114.16993660354501,3.212214561118003,9.380293462112013,52.28487509836291,0,2026-08-25 06:31:49
2024-01-11 05:15:51,CNC-03,H,295.6442680138425,309.4721381856829,2121.709329498806,30.274719381876103,125.69232080765758,2.7984653696584267,11.89805619125803,57.43014338756272,0,2026-08-25 06:31:49
2024-01-11 15:52:46,CNC-01,L,299.73894735032013,313.95553540611076,1768.2377299891439,41.751992637075766,74.62738076600196,2.4549612474078395,13.880106739428419,53.94943008161042,0,2026-08-25 06:31:49
2024-01-11 09:39:00,CNC-01,L,296.2195527367228,310.7670698221367,1447.7868704271382,51.971143440288365,111.12734141719076,2.265989670187574,14.25691458305079,60.788210534617946,0,2026-08-25 06:31:49
2024-01-11 21:57:00,CNC-01,L,300.3037554077786,311.7984840101945,2700.6915660484697,13.498106533026428,57.863022371512216,3.22481378216146,6.561499862523093,51.217397070944614,0,2026-08-25 06:31:49
2024-01-11 02:07:00,CNC-02,M,297.7873238014289,311.6877459846641,2535.4130779545485,23.392077405985788,185.7598198486869,3.572237391009311,11.083175865790649,56.36854638070185,0,2026-08-25 06:31:49
2024-01-11 07:11:00,CNC-03,H,294.89391333168334,308.7706790840584,1762.7250145894302,39.94280885757846,48.93976230356,2.4879010870564016,13.152893188292396,62.82046624225109,0,2026-08-25 06:31:49
2024-01-11 08:04:00,CNC-02,M,295.2662600057618,310.2380852638942,1705.3365090670943,43.77462493342312,199.9075071061767,3.0598225732501225,14.070116423580268,62.163864855894715,0,2026-08-25 06:31:49
2024-01-11 18:26:00,CNC-03,H,298.01045421666987,312.85251338913804,1911.0769336605279,40.81884224529399,101.33947281098902,2.460737694626271,14.450148130874728,53.81031576728278,0,2026-08-25 06:31:49
2024-01-11 22:52:17,CNC-01,L,300.29037487666983,312.27719740550225,2743.11083596024,16.16699022835991,118.69392655229628,3.423277655042697,8.395744302776809,57.73383946400796,0,2026-08-25 06:31:49
2024-01-11 01:41:00,CNC-02,M,298.0127712761789,311.0936104800866,2669.312075019634,19.957121791162635,157.3753546321774,3.485168119809947,9.842950787843321,57.79297684933611,0,2026-08-25 06:31:49
2024-01-11 19:04:00,CNC-01,L,300.23431254722266,313.30531989859827,2330.627778037684,24.799821887438394,97.43153871731519,2.989067084299238,11.045937792183894,52.0073749111963,0,2026-08-25 06:31:49
2024-01-11 09:16:00,CNC-02,M,295.3869740900637,309.89740492376836,1552.587664763727,48.268892502962636,59.265572646469586,2.261342529736105,14.307704790631927,59.5670831608981,0,2026-08-25 06:31:49
2024-01-11 14:16:00,CNC-03,H,295.51500196862287,310.8592554524911,1679.0329321393674,46.35807013435619,255.79762504238892,3.348256365762336,14.530410088456549,57.420855001865206,0,2026-08-25 06:31:49
2024-01-11 02:50:00,CNC-02,M,24.18078773223141,36.10992900121562,2511.9156058963736,18.153905793722814,12.34543095029573,3.144790396916094,8.569951635511032,61.61489853464415,0,2026-08-25 06:31:49
2024-01-11 07:44:10,CNC-01,L,296.2823543707139,310.87646752482055,1600.59652076663,46.38010513944147,174.29150816401733,2.742686971238234,13.773699902903703,57.94357771033951,0,2026-08-25 06:31:49
2024-01-11 09:40:00,CNC-03,H,294.2303810597843,307.55043907560395,1488.4619282064295,43.42277548468515,46.01099860237525,2.2064325895904857,12.215562091200239,62.08878521554067,0,2026-08-25 06:31:49
2024-01-11 23:44:00,CNC-02,M,298.6746055024468,310.6864574229264,32245.21649691864,12.697633033113517,145.87686508430025,3.6203063168903364,6.506205216253853,52.79365450513652,0,2026-08-25 06:31:49
2024-01-11 22:48:28,CNC-03,H,,309.94215452473554,2580.4764392522206,19.646995406645868,185.31008639646197,3.5243883768294,9.423358323409152,58.915021990181344,0,2026-08-25 06:31:49
2024-01-11 06:57:00,CNC-02,M,295.7207880757121,310.4033133464395,1847.0330358773194,40.77854884836201,104.23669412785708,2.5823387735301524,14.049755809841724,58.911625472509414,0,2026-08-25 06:31:49
2024-01-11 22:36:00,CNC-02,M,298.8731375647798,310.0847630188802,2708.825831696426,11.433444567919368,73.29520213854613,3.2786050786818244,5.824362295573599,51.00002337176258,1,2026-08-25 06:31:49
2024-01-11 06:47:00,CNC-02,M,295.4714237224826,309.1768000137466,1985.51799993773,32.385301402270485,90.28107459022262,2.6247688496065957,11.956237704770937,58.471733084772694,0,2026-08-25 06:31:49
2024-01-11 05:39:00,CNC-01,L,302.1086530319061,309.1270419759109,2230.449393811647,27.28368089201994,1.2626316342482264,2.815014506113943,11.56084684354268,47.74955127659016,0,2026-08-25 06:31:49
2024-01-11 21:39:00,CNC-03,H,297.44591864219404,310.4535359375601,2598.6474936478667,20.852545414084695,110.34431403693729,3.1426356084477507,10.116214124295858,53.23867306772473,0,2026-08-25 06:31:49
2024-01-11 21:15:00,CNC-02,M,299.41824888225005,313.2501240438022,2615.3399795928403,19.878484008208485,233.8762941791519,4.114510477551587,9.57025560259738,54.53450494425435,0,2026-08-25 06:31:49
2024-01-11 07:51:00,CNC-01,L,296.6627579427734,311.54468035721027,1761.3047939691342,43.25555021318876,182.97428617465332,2.9584034297484685,14.499853361868983,59.04889051081336,0,2026-08-25 06:31:49
2024-01-11 04:32:00,CNC-03,H,295.9106725499988,308.92754144708806,2093.867557781228,27.043406621005886,71.8338697549471,2.795840292287419,10.576941712644023,60.78335122781434,0,2026-08-25 06:31:49
2024-01-11 13:44:00,CNC-03,H,294.90890280486093,309.48756070542964,1500.0034614038623,47.690904955811135,205.8965485649506,2.669853632118712,13.728871306478059,63.161970940665405,0,2026-08-25 06:31:49
2024-01-11 11:37:00,CNC-03,H,294.5985722472785,308.1145468075547,1362.408194621562,48.08797422789419,4.798432690962099,2.022442844708904,12.107693287594179,63.184818304540514,0,2026-08-25 06:31:49
2024-01-11 16:07:00,CNC-03,H,296.3851849900139,310.91886034018586,1750.5835780686675,40.61224594594714,163.07837340305937,2.6142943245366697,13.356858942568145,59.16356023464121,0,2026-08-25 06:31:49
2024-01-11 21:27:00,CNC-03,H,297.7244677456777,310.14947831611755,2498.764800545407,19.53460945241284,96.92141144411283,3.1852306932709187,9.290673026561437,55.13892731440332,0,2026-08-25 06:31:49
2024-01-11 09:47:00,CNC-02,M,295.2782272217128,309.570167086004,1421.8949613838854,48.87124792512425,107.17224289093426,2.3119690063205547,13.012422949384913,62.257228753671605,0,2026-08-25 06:31:49
2024-01-11 15:42:00,CNC-03,H,296.1024694406588,310.77009785364476,1533.442606602508,47.57669087156075,126.2443969578644,2.2787425075711427,13.665447548413898,61.55173145713825,0,2026-08-25 06:31:49
2024-01-11 05:21:00,CNC-02,M,295.71583450943007,310.74549037695084,2096.835584015018,36.463263144587586,194.94874696660398,3.185911327066339,14.375462231036941,61.12176541081493,0,2026-08-25 06:31:49
2024-01-11 21:47:00,CNC-01,L,300.2027807889956,311.17247281483134,2723.7357539840164,10.678017164805986,46.9441640692794,3.2141524897074754,5.274679484362253,50.73875619115391,1,2026-08-25 06:31:49
2024-01-11 12:37:00,CNC-03,H,300.23294901538975,308.0214607927072,1299.6354444399008,50.866280800915774,99.98935873932292,2.1001120250641523,12.035203705166815,53.304174593955196,1,2026-08-25 06:31:49
2024-01-11 16:46:00,CNC-01,L,300.47752280547695,314.78703178849776,1870.3264593772058,36.39789475675696,150.92596955009444,2.7956097784507428,12.697841519250746,46.303935918799446,0,2026-08-25 06:31:49
2024-01-11 16:45:02,CNC-03,H,296.70948900272464,311.6504517546875,,44.59102843194135,217.67513785033609,3.001919425637745,14.593461943211075,55.2004280598204,0,2026-08-25 06:31:49
2024-01-11 22:33:00,CNC-03,H,297.0713076289777,310.1761179798967,2593.117293096613,20.23349169135152,169.31782048674813,3.5053779276438553,9.812659964507873,59.75988568403143,0,2026-08-25 06:31:49
2024-01-11 02:04:02,CNC-01,L,298.36150005207975,310.881734385548,2651.068312677376,18.64992309472433,133.79536311910383,3.3505928074416147,9.089083879945314,55.5298022913899,0,2026-08-25 06:31:49
2024-01-11 09:10:00,CNC-03,H,294.3521628333811,308.17404945305776,1504.7269128789094,47.03740853104332,0.0,2.114709957480927,13.472722867689475,64.68135972033373,0,2026-08-25 06:31:49
2024-01-11 11:38:00,CNC-01,L,297.28506768711856,311.76194077573155,1633.5017793281932,44.08369328005876,107.63420170203955,2.431131114190081,13.346243119745472,60.30070141299402,0,2026-08-25 06:31:49
2024-01-11 02:49:00,CNC-02,M,24.219996251450084,35.793832156175256,2668.8177021636798,15.277844183656113,11.19749923234842,3.1916740348167227,7.519843021092953,59.04138462687607,0,2026-08-25 06:31:49
2024-01-11 03:11:00,CNC-03,H,23.579493511063276,37.874894546685994,2514.488324292586,26.280989458127994,227.90772748478886,3.8718127462224117,12.10221463554282,60.27555585293914,0,2026-08-25 06:31:49
2024-01-11 08:28:00,CNC-01,L,296.319823331218,310.55562384037233,1821.7755231032852,41.94583080192302,2.9553752792808563,2.485983495445184,14.487872792188423,60.52253112380043,0,2026-08-25 06:31:49
2024-01-11 22:45:00,CNC-01,L,300.02719068662805,311.2945743978599,2825.7079258343315,10.668844431281391,110.07198335972161,3.506367917565418,5.452890883680017,47.706321084614004,1,2026-08-25 06:31:49
2024-01-11 05:40:00,CNC-01,L,302.21569351185167,309.6214109006021,2250.7889779477073,28.4797207818689,2.5232894026939423,2.7978389350349393,12.124568139257079,47.69580647624936,0,2026-08-25 06:31:49
2024-01-11 06:27:00,CNC-02,M,295.6451228797888,309.8220999650572,1985.1604113419369,35.121180237505044,62.693303428734026,2.7232994646667366,12.977121346969424,61.38490499837434,0,2026-08-25 06:31:49
2024-01-11 02:41:00,CNC-03,H,24.14559829869978,38.22463166236622,2587.8424915580913,25.694110561216707,193.661467140504,3.6476619397674614,12.528702261320532,54.96816682345451,0,2026-08-25 06:31:49
2024-01-11 11:31:00,CNC-02,M,296.2262452122917,310.42648966063956,1360.7005682512245,52.20434106574103,41.18204534250215,2.0509351814920835,13.535580510928119,60.295711039615135,0,2026-08-25 06:31:49
2024-01-11 07:35:00,CNC-02,M,295.1463737177498,309.3520522967506,1781.2580585152723,38.14469318755455,157.75367871529238,2.7264144153262904,12.651435702736077,56.2951560291936,0,2026-08-25 06:31:49
2024-01-11 18:07:00,CNC-01,L,27.064352833060184,41.314342941510574,1896.8111447999966,40.053347905917654,24.1599066692552,2.5334434903251015,14.152112108560596,49.96594637043015,0,2026-08-25 06:31:49
2024-01-11 08:24:00,CNC-03,H,294.4711364349586,309.4435564907293,1654.0387850634336,46.53931555079426,154.69166106816982,2.483320196031736,14.392004928513204,63.03631390759942,0,2026-08-25 06:31:49
2024-01-11 10:29:00,CNC-03,H,294.3066096979334,308.9335099464034,1378.8447136146456,55.26476351500512,122.51196518884935,2.095714416986604,14.264049494074088,56.223036983175575,0,2026-08-25 06:31:49
2024-01-11 00:43:00,CNC-03,H,298.68606786446765,310.321261932884,2779.0163548901937,14.016020844825068,64.84150119558446,3.335796661384647,7.219862937111972,57.945098875890835,0,2026-08-25 06:31:49
2024-01-11 07:08:00,CNC-01,L,296.191700956122,310.5921174578966,1985.7271106316323,37.636420399863226,121.28471783099808,2.779505033748381,13.696505926510932,60.662808145533404,0,2026-08-25 06:31:49
2024-01-11 16:52:00,CNC-02,M,299.19332442001354,313.75014474909796,1636.2816445447615,43.77316660521195,108.4405246412894,2.3359894624901267,13.138940763045373,54.23209673335687,0,2026-08-25 06:31:49
2024-01-11 16:08:00,CNC-02,M,298.7954429434098,312.6682412459375,1766.8085083860503,37.28573625329587,45.56775717742809,2.412733682709222,12.16759508442651,55.03806318208481,0,2026-08-25 06:31:49
2024-01-11 22:11:00,CNC-02,M,299.134724292408,310.5993251271812,2732.8060100065745,11.206916554154862,46.09391727574401,3.208943136517469,5.836991024173044,54.709505293975866,1,2026-08-25 06:31:49
2024-01-11 09:52:00,CNC-02,M,295.69330658242785,309.89071489150365,1401.803639419805,48.32461666232823,114.94946912592042,2.2827250347943657,12.7458157943529,58.08525097801032,0,2026-08-25 06:31:49
2024-01-11 21:07:00,CNC-03,H,297.8218221724834,310.1798021994328,2600.7452635566406,18.301849592059966,74.27977519990199,3.158335568529329,8.988854464453775,53.50626733564571,0,2026-08-25 06:31:49
2024-01-11 09:14:00,CNC-03,H,294.2067296821422,308.2939619765247,1634.8874290266103,43.49078436591216,6.0265873423926255,,13.068861600015726,67.08153455270099,0,2026-08-25 06:31:49
2024-01-11 11:13:00,CNC-02,M,295.9466960405175,310.15484796708313,1488.1972285305433,49.221431398369056,12.628535772156141,2.063192077429724,13.833999105962981,57.956305696518996,0,2026-08-25 06:31:49
2024-01-11 06:32:00,CNC-03,H,295.29525692795,310.2584985401525,1882.894526202296,39.30107070946074,227.97491932064244,3.114891794274294,13.95015452802015,58.433902709611644,0,2026-08-25 06:31:49
2024-01-11 12:45:00,CNC-01,L,297.42580092645517,312.25961161271306,1330.1048570503783,54.90027788223008,213.82676650482728,3.114619899221849,13.6172372434131,57.052992373853414,1,2026-08-25 06:31:49
2024-01-11 08:09:00,CNC-03,H,295.06126640287806,310.1645602383729,1739.9628681988113,45.43657242513113,132.53226109130534,2.6242224619948877,14.649849155734717,61.71079868316295,0,2026-08-25 06:31:49
2024-01-11 17:01:00,CNC-03,H,296.7012813873739,312.5058522401126,1991.6327166484102,42.82146085769881,240.21972140334717,3.5333684935480143,15.990182832262292,57.570935518256796,0,2026-08-25 06:31:49
2024-01-11 06:11:00,CNC-03,H,295.24419864470775,309.54664646645057,2166.813250888365,32.33610267263338,199.14176402905224,3.419345718394254,13.047674958027294,62.44947530247864,0,2026-08-25 06:31:49
2024-01-11 16:53:00,CNC-01,L,300.40830961997995,314.7951332288721,1942.0655635732471,36.50158967212728,160.89504789808686,,13.147474350694761,51.99475172949839,0,2026-08-25 06:31:49
2024-01-11 02:14:00,CNC-01,L,298.2086483641433,311.3669866423599,2571.8426034874765,21.63343495526231,145.9433569613214,3.412458652311857,10.4179478623752,48.86664903631463,0,2026-08-25 06:31:49
2024-01-11 14:49:00,CNC-01,L,299.0461256182608,313.70199247616375,1478.7466405271266,49.83718383510363,186.16290624722237,2.7401948602743316,13.986557460951323,53.29003344891558,0,2026-08-25 06:31:49
2024-01-11 00:34:00,CNC-01,L,298.9363226141887,309.799020233276,2669.1159914267455,11.150099176511981,37.810636730825486,3.327637393156238,5.780588173511773,48.43461833613476,1,2026-08-25 06:31:49
2024-01-11 06:41:00,CNC-03,H,295.17747760958673,309.19393856851934,1804.797318496176,41.16499459642674,6.967160049027127,2.438540653673104,13.856656164942708,57.54751028058652,0,2026-08-25 06:31:49
2024-01-11 18:18:00,CNC-01,L,27.104963535555385,40.447753384812756,2125.9926117183913,29.565759320957053,38.68558038173004,2.629367872925469,11.928679883630723,52.58033547073578,0,2026-08-25 06:31:49
2024-01-11 06:44:00,CNC-01,L,296.3558250245084,310.8065726780769,1885.4820843048503,39.93837040325917,88.10653124010693,2.6112071974155127,14.073236982651023,61.107205306963294,0,2026-08-25 06:31:49
2024-01-11 13:51:00,CNC-03,H,295.13151555427027,310.0911226074767,1486.5959220953118,50.593673083885456,216.93247210752784,2.7489911081192147,14.009851836826579,59.01598366704016,0,2026-08-25 06:31:49
2024-01-11 18:37:00,CNC-02,M,305.113670950021,312.91164440953133,2157.315040427817,28.796502616370052,44.42483365973409,2.681640098156011,11.573534314455973,42.640314302800334,0,2026-08-25 06:31:49
2024-01-11 21:38:00,CNC-02,M,299.42753894226723,312.3676550940989,2534.403192005701,21.3763489778899,9.996268474628708,3.106881159294509,10.193302084119535,54.699809885935,0,2026-08-25 06:31:49
2024-01-11 08:58:00,CNC-02,M,295.4556767901442,309.39070269134527,1580.0646376509947,41.834104208005456,31.86372537471851,2.2579398360602325,12.497499349358128,60.93295506592622,0,2026-08-25 06:31:49
2024-01-11 11:17:00,CNC-02,M,296.3607507961681,310.141477733211,1337.7409100420305,49.886120818103656,18.962948365305632,1.9700350478607949,12.53670381540596,59.89095907762885,0,2026-08-25 06:31:49
2024-01-11 22:37:00,CNC-01,L,300.1251006206197,312.95266119487184,2564.4791662182815,19.61451392446628,101.47981735463856,3.182527716766729,9.36046807062142,53.69212966053615,0,2026-08-25 06:31:49
2024-01-11 00:19:02,CNC-01,L,298.85594189426064,,2745.0654393425148,11.024890291068601,21.67529127785094,32.97212338181986,5.444612952976104,55.624911592155485,1,2026-08-25 06:31:49
2024-01-11 14:46:00,CNC-01,L,298.90967767148095,313.76704700774536,1375.4769412719374,55.02203934746383,181.5873589691941,2.6597739390561355,14.148804706288244,51.168765928584214,0,2026-08-25 06:31:49
2024-01-11 16:42:00,CNC-02,M,298.85187302343365,313.08854245211927,1928.658126893789,36.83427811731822,94.26575547334392,2.667978097580008,13.093929073369509,56.2401531131851,0,2026-08-25 06:31:49
2024-01-11 14:53:00,CNC-01,L,298.8233527540704,313.72674481434694,1509.0216858123893,48.38242681972625,192.30388058742884,2.7550382808404867,13.944980968575225,53.23041085686767,0,2026-08-25 06:31:49
2024-01-11 08:03:00,CNC-03,H,294.8103716178381,309.0367071468659,1701.8887226352742,42.03030807688274,123.74389729999895,2.3406420779983734,13.357108612653615,63.34434654861633,0,2026-08-25 06:31:49
2024-01-11 11:06:00,CNC-03,H,294.45237035132504,309.2315100875556,1359.321136222539,54.36351753871691,180.98376543499498,2.3929398001831697,13.75793450049266,63.19347053124515,0,2026-08-25 06:31:49
2024-01-11 01:50:16,CNC-02,M,298.3525106184054,310.7755941008339,2627.2912761675416,16.11694752570763,166.05393616416583,3.532442577876972,8.071858507461762,53.17002698929049,0,2026-08-25 06:31:49
2024-01-11 21:10:00,CNC-03,H,297.8845756074003,310.07866163855334,2582.716549356874,17.834379755333064,77.60144695071266,3.1946984733987485,8.585323569755426,52.77241120238131,0,2026-08-25 06:31:49
2024-01-11 18:47:00,CNC-03,H,297.9132729678615,311.7543411358807,2128.3475672238083,30.96113320363745,128.30372601662074,2.828460667692422,12.150922978892321,55.09190939086193,0,2026-08-25 06:31:49
2024-01-11 21:04:00,CNC-03,H,297.70753126689533,310.4770282065168,2500.0462316370886,20.677495575477888,70.87498058807884,3.1675943469090457,9.908375854705996,57.630779282746225,0,2026-08-25 06:31:49
2024-01-11 22:43:00,CNC-01,L,300.0762861773873,313.01792686686,2502.8974247750757,20.98993926315515,107.96699409393078,3.2021209187500985,9.76053183192574,52.67365734754368,0,2026-08-25 06:31:49
2024-01-11 19:52:00,CNC-02,M,299.7341633758975,314.3264041629839,2315.2616603842675,29.87782021523562,137.49800268921777,3.1272737984617973,13.26401487376605,48.656752766208086,0,2026-08-25 06:31:49
2024-01-11 04:30:00,CNC-02,M,296.18902918472287,310.2492051439475,2273.710104939767,29.250478572839924,130.26225715052803,3.0770005262523847,12.407664126619146,58.42889835100441,0,2026-08-25 06:31:49
2024-01-11 10:51:00,CNC-03,H,294.6354989776292,309.5736051951553,1467.532918758637,52.541098263454415,157.26084115812534,2.4538050192078766,14.562789265606094,62.146862212996965,0,2026-08-25 06:31:49
2024-01-11 02:34:00,CNC-01,L,298.0560049488591,312.1174382692978,2520.7876402064635,25.86720973180261,168.0750149136967,3.5349690017457305,12.129330817065405,55.34421182249467,0,2026-08-25 06:31:49
2024-01-11 03:16:00,CNC-02,M,23.598900296232273,35.95847832851035,2488.9471396483264,19.8011272278317,42.23975639442291,3.102974053282257,9.296999459737236,57.87801912706473,0,2026-08-25 06:31:49
2024-01-11 23:34:00,CNC-03,H,297.0123540048718,309.1423318640647,2663.651378699762,14.600036397800622,234.28028364710545,4.149100455907686,7.341749080384503,57.69818763084738,0,2026-08-25 06:31:49
2024-01-11 05:34:00,CNC-02,M,295.6722886325619,310.33156583432424,2060.649266568819,32.8895736872423,211.52218074333118,3.4009122989888554,12.89518236569491,58.767288577178476,0,2026-08-25 06:31:49
2024-01-11 20:36:00,CNC-02,M,299.61527189639236,312.91342175224963,2692.0745445817092,19.05025456259958,189.47293194902193,3.7740679464963147,9.26727826389313,54.07555365705572,0,2026-08-25 06:31:49
2024-01-11 07:23:00,CNC-02,M,295.3404402930599,309.95122294486913,1917.4180385035356,37.886913292100914,140.70025991040623,2.7520685612674756,13.71866894472696,59.521814444667086,0,2026-08-25 06:31:49
2024-01-11 00:47:00,CNC-01,L,298.86604548066447,311.21407144353367,2616.5178226097996,18.72143829101131,51.64299751775191,3.1853894235747284,9.30835799370333,51.381547946382284,0,2026-08-25 06:31:49
2024-01-11 06:46:00,CNC-01,L,296.48155741859324,310.6234217553315,2029.3064088646925,32.99469954622932,90.76825663968845,2.658906312987854,12.510082809724155,58.97773144068798,0,2026-08-25 06:31:49
2024-01-11 21:25:00,CNC-01,L,300.2568802541431,312.60067988525805,2475.7691324912744,20.299149339600387,22.808717708749498,3.064293492545037,9.279676586482033,49.95245633565687,0,2026-08-25 06:31:49
2024-01-11 03:46:00,CNC-03,H,23.249501858036638,34.705548665891,2488.4780233548113,16.500486372804332,16.247411998895284,2.993506352903476,7.657196385771813,59.626567248548184,0,2026-08-25 06:31:49
2024-01-11 17:07:00,CNC-03,H,297.0720776377153,312.25275680028784,1784.954507050078,41.77826805880833,248.55754584061967,3.401947689511578,14.095569357732131,54.049078288613295,0,2026-08-25 06:31:49
2024-01-11 17:03:00,CNC-03,H,297.0232325727634,312.5032855941908,1856.9247496682822,43.33950909315555,242.98046497142184,3.460847020921889,15.072218009093636,59.158917344699056,0,2026-08-25 06:31:49
2024-01-11 03:51:00,CNC-01,L,297.0779654800472,310.3631588159022,2393.79605463983,24.119553254258886,57.80810926252454,3.0639869873496326,10.93459759178422,53.95053918765161,0,2026-08-25 06:31:49
2024-01-11 22:08:12,CNC-01,L,300.25017139181176,313.25187289766956,2534.637396388508,22.862268570039866,71.12339862071417,3.174729283324281,,52.014268731952505,0,2026-08-25 06:31:49
2024-01-11 03:02:00,CNC-01,L,24.35573107462716,36.016340814340936,2672.8754062042653,15.208878624836565,1.0877250719430227,3.191345905837553,7.399560713649551,56.222016639542645,0,2026-08-25 06:31:49
2024-01-11 21:08:00,CNC-03,H,297.73260043481054,309.5595386707512,2567.0699160813983,16.740597830702697,75.37553494411875,3.132638525058129,8.218750594348307,56.854652610037746,0,2026-08-25 06:31:49
2024-01-11 05:46:00,CNC-02,M,295.7228525419851,309.4918059449757,1924.266294854076,35.77237310931627,7.957803519346106,2.4997348074722088,12.863626351189293,58.39656088264636,0,2026-08-25 06:31:49
2024-01-11 17:03:00,CNC-01,L,300.2127173222539,315.2125282583967,2009.9130027239466,40.114434240693534,174.92072726260037,3.0638933415290044,15.024850917053731,50.77098038928712,0,2026-08-25 06:31:49
2024-01-11 11:42:00,CNC-01,L,296.885973782551,311.70366650625266,1442.5784024786842,53.714940437521655,113.93772120770899,2.199411316874858,14.55034719181183,60.99988127577276,0,2026-08-25 06:31:49
2024-01-11 11:24:00,CNC-01,L,296.96762379549966,310.51117035730033,1340.3143547376787,48.40490659913796,85.51638957828183,2.0640429082552427,12.239353178816456,59.84553648930294,0,2026-08-25 06:31:49
2024-01-11 03:07:00,CNC-03,H,23.50860422459192,37.32695704844622,2378.6307358511726,25.377356172369513,223.28547383808717,3.6028593460229326,11.227388465679912,55.987317663979134,0,2026-08-25 06:31:49
2024-01-11 08:07:00,CNC-01,L,296.16352189149575,311.5619642840755,1796.2877327581148,45.26935537109759,206.40731355606977,3.3195049182573912,15.250570625740297,56.317990879920934,0,2026-08-25 06:31:49
2024-01-11 15:43:00,CNC-03,H,296.08294357353367,310.53748726620205,1534.5410556050113,47.780595885262514,127.75792594434076,2.3413290719519213,13.835165845753076,56.748621439918246,0,2026-08-25 06:31:49
2024-01-11 07:09:00,CNC-01,L,296.30955095999343,310.6670964045811,1904.9283883168605,38.01764741657819,122.65662959801749,2.686888951155068,13.809846010331112,59.85998836864883,0,2026-08-25 06:31:49
2024-01-11 08:36:00,CNC-03,H,294.4670722489442,309.55832606406426,1677.504949836032,45.41469344024256,172.61149841016712,2.7210577423677096,14.548313954749503,58.11166844540459,0,2026-08-25 06:31:49
2024-01-11 13:26:00,CNC-03,H,294.933384785632,310.1629180829806,1460.1624545784948,53.08025300295291,177.51604373464139,2.4041434481016735,14.705755643833768,65.3400949002278,0,2026-08-25 06:31:49
2024-01-11 10:10:00,CNC-03,H,294.43399041191634,308.6177147189264,1450.4013658028368,49.61954181946432,92.66533887875778,2.0817740363712494,13.463903002614575,59.92367762785707,0,2026-08-25 06:31:49
2024-01-11 11:07:00,CNC-01,L,296.72103266536936,310.3465999467158,1330.4166346985958,49.23327549837566,58.492969367610165,1.9892710123673367,12.02535767981456,54.43584630736244,0,2026-08-25 06:31:49
2024-01-11 10:04:00,CNC-01,L,296.49773017862515,311.19978540303737,1459.7564720986863,50.415253024408315,150.04856669201322,2.403747422084614,14.310977981420253,59.89905287643072,0,2026-08-25 06:31:49
2024-01-11 23:53:00,CNC-03,H,296.95861419061083,310.3487936530467,2681.208044585363,18.931980235737008,254.47408307787185,4.228323138061415,9.459775209032705,58.53804204065632,0,2026-08-25 06:31:49
2024-01-11 10:48:00,CNC-01,L,296.6397788056398,310.3028872405717,1361.5319110826333,48.9562711530564,28.439404694799606,2.0018894694116285,12.510843655495544,56.78071688622563,0,2026-08-25 06:31:49
2024-01-11 02:39:00,CNC-03,H,297.1905485551918,311.4944721440381,2440.5788356944377,27.680990418233552,191.36955111531867,3.5054804625212097,12.699520537802483,54.43810363547142,0,2026-08-25 06:31:49
2024-01-11 05:17:00,CNC-02,M,295.51397031290685,310.3204984374666,2219.7177900597803,31.730940552587025,189.76167964296351,3.312195031152242,13.167117558912132,57.72984657542308,0,2026-08-25 06:31:49
2024-01-11 08:23:00,CNC-01,L,296.1853086159255,311.59184967555166,1707.9366301196058,46.51083119469368,230.08748084240665,3.634673705039793,14.93921797602204,56.812306675760276,0,2026-08-25 06:31:49
2024-01-11 02:26:00,CNC-01,L,298.24575452595735,311.9021866389423,2587.5618665884026,24.01801829541617,159.2493299363786,3.4782435997292227,11.824514498668492,57.52074881555549,0,2026-08-25 06:31:49
2024-01-11 18:14:00,CNC-01,L,27.410816049057416,41.110428771627596,2189.5042321545957,31.54649758120522,33.418219566048016,2.7871035311671517,12.837814617233619,49.11105170390205,0,2026-08-25 06:31:49
2024-01-11 03:42:00,CNC-01,L,23.961860643286002,36.23142026967213,2497.0102317742912,18.51663541910074,47.174026826427244,3.0513052268635588,8.52990791756802,58.33352415275538,0,2026-08-25 06:31:49
2024-01-11 21:29:00,CNC-03,H,297.7385789058334,309.8039749874174,2594.977679576124,16.683391902968662,99.1428342789606,3.156983121076372,8.222858422506455,52.70665677616595,0,2026-08-25 06:31:49
2024-01-11 00:30:00,CNC-02,M,298.7481522445698,310.57124016981805,2766.756485971996,13.796180475208974,81.21447217456405,3.2706895860421943,7.221590697301793,55.6011530673261,0,2026-08-25 06:31:49
2024-01-11 07:10:00,CNC-01,L,296.1962955507979,311.1317532424798,1866.8992523353006,42.30964975311031,124.06365944370073,2.6833659004001413,14.77547635766246,59.66151008516683,0,2026-08-25 06:31:49
2024-01-11 11:04:00,CNC-03,H,294.8155142219203,309.50799847283963,1357.1823574954708,52.337090235538895,177.783765434995,2.4082638614665886,13.378464752170771,62.973662058989625,0,2026-08-25 06:31:49
2024-01-11 13:18:00,CNC-02,M,297.1370974856851,311.2535535744944,1578.944785556801,45.28744235409718,7.8706540163141625,2.2533327052993535,13.395912163489696,57.51715579037199,0,2026-08-25 06:31:49
2024-01-11 14:42:00,CNC-02,M,297.5811425774933,312.14770406108676,1628.2908957291966,44.52395561205976,138.91835274776346,2.5386895967029477,13.637422346800097,59.09406609351335,0,2026-08-25 06:31:49
2024-01-11 06:12:00,CNC-03,H,295.31801976580107,309.99744201165134,2113.6408075246927,34.611735133190955,200.4518373734366,3.288821655712305,13.72460048252335,60.31430529125236,0,2026-08-25 06:31:49
2024-01-11 00:37:00,CNC-03,H,298.96091627420276,309.9909260397222,2776.537627949848,11.346453333283849,58.58640319853942,3.3119125738102886,5.9975834170062345,55.03542536857463,1,2026-08-25 06:31:49
2024-01-11 22:08:00,CNC-01,L,300.2176233480055,312.5655232752424,2639.148581487428,17.844033314370705,69.99022857683005,30.319886275831248,8.981348985337279,55.97024077164884,0,2026-08-25 06:31:49
2024-01-11 14:41:00,CNC-03,H,295.7571826952509,309.6080499200773,1547.8413116256236,46.44669465181533,33.90540200168477,2.154612467813261,13.576312409828756,61.807918426607536,0,2026-08-25 06:31:49
2024-01-11 02:05:00,CNC-03,H,297.1242190852195,309.4526826882569,2702.464769826527,15.52134289184787,153.52472021912797,3.4241247680681446,7.682044203342367,58.70625791093418,0,2026-08-25 06:31:49
2024-01-11 18:25:00,CNC-03,H,297.8353537501838,311.80151371478934,2057.345692232346,33.060689120295464,99.9710588414131,2.6377972793648006,12.753813210391142,58.87508760489395,0,2026-08-25 06:31:49
2024-01-11 14:16:00,CNC-01,L,298.6507400178214,313.3338483299348,1580.943205150751,46.49821486791565,135.44692431158703,2.4345765572480267,13.578632420359126,53.442416437013414,0,2026-08-25 06:31:49
2024-01-11 03:23:00,CNC-03,H,23.278134037564428,36.91776331980287,2552.02631415663,21.47421416426806,241.6498195407199,4.148329548489395,10.16812718715854,59.957507605767844,0,2026-08-25 06:31:49
2024-01-11 06:06:00,CNC-01,L,302.16148787485486,309.3144913661932,2067.023709483067,29.762068690423902,36.82909691565329,2.689391122181042,11.337473175994024,52.75330935517486,0,2026-08-25 06:31:49
2024-01-11 20:44:00,CNC-02,M,299.4177191893191,313.89467468448714,2508.58802652133,26.19762870870832,198.64709270882028,3.613420066354206,12.18441313308579,54.255248854096195,0,2026-08-25 06:31:49
2024-01-11 05:44:00,CNC-03,H,295.1198391043173,308.65863215201443,2159.8282314440016,28.82926738809399,163.29805874480073,3.088063311471552,11.973436321083879,61.331484530477525,0,2026-08-25 06:31:49
2024-01-11 22:15:00,CNC-03,H,297.60891183599995,0.0,2591.7998505719847,17.290141910997892,149.98591621110205,3.391198311296534,8.273654699373706,54.0257103618891,0,2026-08-25 06:31:49
2024-01-11 10:07:00,CNC-02,M,295.6160945919137,309.91006487170506,1483.1316011848205,47.68193455294724,138.31186731940582,2.307289345398863,13.187637893015328,58.279766057589974,0,2026-08-25 06:31:49
2024-01-11 09:04:00,CNC-02,M,295.33553497982615,309.02971776880753,1508.3897976176845,45.888280434280006,41.01574428700044,2.1676861481360374,13.115259453366395,54.521575145736776,0,2026-08-25 06:31:49
2024-01-11 21:30:56,CNC-01,L,300.2639083208667,312.36303295510464,2704.501968381066,16.21880369183685,30.60113481089675,3.4169896002006674,8.253868319973556,51.47434789237163,0,2026-08-25 06:31:49
2024-01-11 14:19:00,CNC-01,L,298.74057109419476,312.8613341546577,1489.837616965569,46.036135419155386,140.0708790348534,2.362025159146452,12.894359056481692,50.194597778211694,0,2026-08-25 06:31:49
2024-01-11 20:56:00,CNC-01,L,300.3167591636089,314.0015925288624,2451.8347681674472,24.00743583259046,231.3138087086876,41.964173078847686,11.295872396120583,52.59923307691831,0,2026-08-25 06:31:49
2024-01-11 16:30:00,CNC-01,L,299.98563289805924,314.1312614969537,1757.8945098483648,39.48582815416794,128.20052182982047,2.5283791376751017,13.075406020496228,53.750330281200554,0,2026-08-25 06:31:49
2024-01-11 08:58:00,CNC-03,H,294.2344662082106,309.54422296257815,1613.1201381091194,48.79375612032792,205.93481982729105,2.891100705321147,14.914895550756196,61.688533011466596,0,2026-08-25 06:31:49
2024-01-11 16:54:00,CNC-01,L,300.4744292575276,314.98039549299443,1836.579464503667,39.87856910341311,162.29780570729457,2.987862347088092,14.061167432422302,55.216674657624885,0,2026-08-25 06:31:49
2024-01-11 05:52:00,CNC-02,M,295.50742050081635,308.974296959993,2043.7567394934508,31.672925970556037,15.758933621482456,2.6441321594519613,12.040399174130053,61.108951774294084,0,2026-08-25 06:31:49
2024-01-11 07:03:00,CNC-03,H,295.1466218221956,308.68991713017544,1692.7718834696213,39.95733018644652,37.65230399283148,2.2746452725042743,12.541880065593215,64.1021894428691,0,2026-08-25 06:31:49
2024-01-11 07:13:00,CNC-02,M,295.2719656773446,310.15606773661335,1843.624827375934,40.7777733926644,126.6118451357062,2.704921292399371,14.239078142008621,60.07713118886775,0,2026-08-25 06:31:49
2024-01-11 09:34:00,CNC-01,L,296.2611372661145,310.28420357579876,1399.8678250843454,51.03437609187635,103.39153148090897,2.0838659180445736,13.355313355162524,60.07722372957633,0,2026-08-25 06:31:49
2024-01-11 22:30:00,CNC-01,L,299.95089689385236,312.1219254823929,2616.368575470426,16.221816809155793,93.83201627664359,3.159710436871291,7.836905952503693,50.44649845020855,0,2026-08-25 06:31:49
2024-01-11 05:35:00,CNC-03,H,295.51954656926875,309.4701347149527,1935.4551307588802,33.940896720619456,151.5909609541093,2.7732041484827032,12.18619839963027,57.28410377876851,0,2026-08-25 06:31:49
2024-01-11 22:42:53,CNC-02,M,299.0239545848726,311.8914747465917,2533.7789536539735,18.51131803248146,80.75732558378525,3.229021889268518,8.926474434263582,53.04350784776845,0,2026-08-25 06:31:49
2024-01-11 12:21:00,CNC-01,L,297.3424730603633,312.0683009774535,1413.6138399241406,50.479893914160044,175.66091682298682,2.581987977810471,13.448585482104086,57.73872209689894,0,2026-08-25 06:31:49
2024-01-11 20:40:00,CNC-02,M,299.35263242079367,312.89798986126686,2565.639375477346,19.955833216129328,194.07461986246295,3.766779011129032,9.781433018843432,53.47693855583899,0,2026-08-25 06:31:49
2024-01-11 11:43:00,CNC-02,M,296.44210820700636,310.13102761097343,1375.8722097446475,47.91830122863965,60.11846627040364,2.1364179152076006,12.46349111646871,60.22529743162246,0,2026-08-25 06:31:49
2024-01-11 22:46:00,CNC-02,M,298.8690379099416,311.010141314687,2668.514239599124,15.100585404854153,83.95805346380442,3.1298272392324336,7.627462269250715,55.859609395251404,0,2026-08-25 06:31:49
2024-01-11 00:08:00,CNC-01,L,299.00349061812005,310.95963683773954,2707.2458212569622,15.978701266017003,9.995475285458525,3.2474248461328203,8.03285110085112,54.662106178175385,0,2026-08-25 06:31:49
2024-01-11 08:35:00,CNC-02,M,295.18859042548127,310.5319719369338,1485.5438441064825,51.73234112257801,246.0486074008974,3.234003226539431,14.143801191564522,55.19944877952314,1,2026-08-25 06:31:49
2024-01-11 12:56:00,CNC-02,M,296.8356189353742,311.2750955904488,1330.823293129547,51.62725528682527,175.92710645229883,2.41176742566096,12.69014794636166,56.41675860802177,0,2026-08-25 06:31:49
2024-01-11 04:28:00,CNC-02,M,296.35609610784434,309.6623178752348,2252.8491212391555,25.132401038396168,127.77848503421832,3.087532176154191,10.511071001421652,57.53322532095006,0,2026-08-25 06:31:49
2024-01-11 21:28:00,CNC-01,L,300.4182609767836,311.6167452077218,2519.8038649338087,15.184834318077947,26.2197874815926,3.037710847412845,7.037720816750955,51.67595601192851,0,2026-08-25 06:31:49
2024-01-11 03:06:00,CNC-01,L,24.432486103608824,,2545.5059671582967,15.567874437876146,5.601892952061102,3.16816672110015,7.10527902841141,52.99408352956322,0,2026-08-25 06:31:49
2024-01-11 23:54:00,CNC-03,H,296.83739762933675,310.48128387338187,2689.6490303466076,20.085507177776773,255.53405692332507,4.417110964734275,9.928109341838072,54.98950198037148,0,2026-08-25 06:31:49
2024-01-11 09:53:00,CNC-01,L,296.28839110835725,310.6491128827205,,51.39011297075202,132.81387367141932,2.3000695749936972,13.116359302294827,56.030393590223426,0,2026-08-25 06:31:49
2024-01-11 11:03:00,CNC-01,L,296.84954263450254,311.3142144037062,1505.7308230692636,50.458581864346506,52.12296695403609,2.1671301232975826,14.231546272151158,59.59128647023363,0,2026-08-25 06:31:49
2024-01-11 20:15:00,CNC-01,L,299.9729962621691,314.0635749742854,2433.87324222609,25.62978788860546,183.39367096454518,34.0472066402727,11.819625507492894,50.73838312434584,0,2026-08-25 06:31:49
2024-01-11 07:43:00,CNC-03,H,294.6547344478055,308.7465167275788,1816.402212028837,37.648848344437276,94.60148089981445,2.3973255108901794,12.708689796866972,62.91814242201474,0,2026-08-25 06:31:49
2024-01-11 11:56:00,CNC-02,M,296.5830493452273,310.9510547250583,1404.292149714027,50.42191817389648,80.80245087127247,2.114152043217809,13.114006407500922,55.4774911324949,0,2026-08-25 06:31:49
2024-01-11 13:00:00,CNC-01,L,297.64553604737415,311.3875316879622,1518.1486157585537,46.088594292510265,15.786636049516723,2.18724084951747,12.8122043150155,55.009175212598535,0,2026-08-25 06:31:49
2024-01-11 21:30:00,CNC-02,M,299.3637466286732,311.87727086279136,2608.1339644646787,,1.111232109268655,3.007258945941853,8.915740137747541,51.411702650614366,0,2026-08-25 06:31:49
2024-01-11 16:07:00,CNC-02,M,298.8513277558765,312.85908568393126,1678.671831489846,40.0554144701325,44.12835058981928,2.2210568920019926,12.816887097238293,53.6550292000107,0,2026-08-25 06:31:49
2024-01-11 09:49:05,CNC-01,L,296.43353696665383,311.0757008370611,1562.2818282699268,48.06749710071895,126.6011893018723,2.4104185520391375,14.08789893566613,58.77557616433464,0,2026-08-25 06:31:49
2024-01-11 22:13:00,CNC-03,H,297.66570527643086,310.17757108290914,2505.3724492553984,19.252121910763673,147.84161274618663,3.255036800253338,8.958420630681836,57.911200595533856,0,2026-08-25 06:31:49
2024-01-11 07:06:00,CNC-01,L,296.328695120362,310.7864611066854,1961.6064546302616,36.49369935748909,118.50991126022302,2.7136546224904174,13.483629156920014,53.263977980168946,0,2026-08-25 06:31:49
2024-01-11 16:01:00,CNC-03,H,296.44093305558005,311.33342781842515,1672.1728523947859,46.76407978155696,154.3598986881134,2.5714779135715653,14.65888873230566,54.905841311634376,0,2026-08-25 06:31:49
2024-01-11 11:20:00,CNC-03,H,294.41648048151416,309.1282828146549,1483.8595339501574,50.155665104820116,203.09680042026116,2.6157585522329323,13.701114205962067,64.54117908278612,0,2026-08-25 06:31:49
2024-01-11 14:50:00,CNC-02,M,297.6718688815409,312.8523670417025,1687.6463558358714,47.79661042879317,151.188293205928,2.51420649331376,14.947598917993167,57.73331901883518,0,2026-08-25 06:31:49
2024-01-11 00:13:00,CNC-01,L,298.92662550976775,309.60764809928173,2799.7712850492585,9.98138902322736,15.301783723711337,3.3264244662336666,5.247649906271315,49.17711184699789,1,2026-08-25 06:31:49
2024-01-11 20:21:00,CNC-03,H,297.98068731367596,311.177320927023,2412.483551730204,,21.27640920660984,2.9960639200046875,11.684496458225334,53.19232532610971,0,2026-08-25 06:31:49
2024-01-11 21:46:00,CNC-02,M,299.0761005553566,311.7036685162549,2633.721624752587,19.14511914197458,18.78028436092134,3.2637538799949932,9.553703343249863,55.691724566603845,0,2026-08-25 06:31:49
2024-01-11 00:00:00,CNC-03,H,299.1159530153329,311.13468188060756,2624.9237111819266,17.791792124510653,19.506398466014367,3.221644796451725,9.078681708396717,56.06232927874053,0,2026-08-25 06:31:49
2024-01-11 19:34:00,CNC-01,L,300.11430148833284,313.76190400512985,2378.4249657161404,26.187566262655857,134.25311631705353,3.194338360099354,11.509215425630615,51.21996506206734,0,2026-08-25 06:31:49
2024-01-11 10:58:00,CNC-03,H,294.7685243466015,309.4330751366983,1537.5579529101908,47.763884858002946,168.2796878269111,25.503968449924862,13.75349465679113,62.842562793849716,0,2026-08-25 06:31:49
2024-01-11 04:06:00,CNC-03,H,296.1862668313498,309.00031298665556,2349.613686638759,23.88433204746685,40.20596440270602,2.9307142339299994,10.295681224346204,59.671575347850975,0,2026-08-25 06:31:49
2024-01-11 13:25:00,CNC-02,M,297.0353982285518,311.08942084303663,1396.7095109090365,52.47918886900529,19.004283381161226,2.055147075207417,13.731551667409914,57.504923625218844,0,2026-08-25 06:31:49
2024-01-11 23:30:00,CNC-01,L,299.7987913982483,311.599963143852,2820.2771555328604,12.414585873355898,158.11139851563172,3.7299050042822466,6.700912485297413,53.05172983723263,0,2026-08-25 06:31:49
2024-01-11 15:45:00,CNC-01,L,299.43226994281343,313.1901832066406,1629.8362732031578,42.46575919838601,62.93953775885446,22.04927552714808,12.70624901675718,55.58297145514692,0,2026-08-25 06:31:49
2024-01-11 02:19:00,CNC-01,L,298.069014079662,311.8252846301502,2564.834573347247,24.010655691322984,151.5134074209371,3.4446487144894453,11.428247033965713,55.787586766669186,0,2026-08-25 06:31:49
2024-01-11 00:48:00,CNC-02,M,298.6481449861572,310.91435939653934,2590.783141642231,17.224018671056207,100.54811280621698,3.1841066846360038,8.192495114597044,54.44322303919637,0,2026-08-25 06:31:49
2024-01-11 14:07:00,CNC-01,L,298.4540636112374,313.025101981623,1541.4420530387663,47.76783404213621,121.39566016597382,2.2996855199674844,13.922178703384244,52.99790628819285,0,2026-08-25 06:31:49
2024-01-11 11:39:00,CNC-03,H,294.5822067727676,,1303.2335513703383,50.33687593917182,7.967832578505204,1.8838114793588794,12.50208876438858,60.421886728219874,0,2026-08-25 06:31:49
2024-01-11 21:56:23,CNC-01,L,300.52465885013396,312.51103135432714,2826.549599487817,14.163532140377537,56.782298073217945,3.4091157085940686,7.079113876326285,46.58810063537575,0,2026-08-25 06:31:49
2024-01-11 12:20:03,CNC-03,H,300.2619123161087,308.5336131627746,1323.2162839086097,53.561095230654196,73.0739993854635,2.128756652696017,13.211213641390426,50.24879616566853,1,2026-08-25 06:31:49
2024-01-11 12:30:00,CNC-03,H,300.32849088979026,308.10322944169866,1374.711487822796,49.448422900904575,88.92245896949657,2.03745818894687,12.602347911845943,52.472831424814046,1,2026-08-25 06:31:49
2024-01-11 19:01:00,CNC-02,M,299.93192410828783,313.9070492264291,2275.685973375458,28.859464326143055,74.79515032964477,2.8508918386046282,12.233041307482658,55.58943108812484,0,2026-08-25 06:31:49
2024-01-11 06:42:00,CNC-01,L,296.261896022619,310.1599270169959,2044.5800426782766,32.57891481963663,85.35068550899831,2.630825792221431,12.545682394283057,56.71395993821793,0,2026-08-25 06:31:49
2024-01-11 21:58:00,CNC-02,M,299.12528600871747,311.1531511186338,2791.0284879866476,15.167909025634717,31.919802523291846,3.317715716225438,7.943543491927807,53.599214786950704,0,2026-08-25 06:31:49
2024-01-11 14:49:00,CNC-03,H,295.88048071762023,310.3152277344294,1583.8089242149472,47.99570168581661,46.25212209262877,2.212054827039287,14.408279632867684,56.53788559638977,0,2026-08-25 06:31:49
2024-01-11 10:40:00,CNC-01,L,296.51305631694584,310.70786360591916,1461.0188518728335,51.66312899214658,15.766963847543364,2.037675755592806,14.252740973905029,58.39748770438622,0,2026-08-25 06:31:49
2024-01-11 00:42:00,CNC-01,L,298.72762404171635,310.8391160485721,2695.7598433455155,16.370796109623633,46.31254564063141,30.877891513949134,,55.55346552838752,0,2026-08-25 06:31:49
2024-01-11 06:17:00,CNC-03,H,295.3566772234214,310.42874780452684,1915.0465127791265,39.106230272924066,207.28416969360217,3.0181518603623503,14.162023729117937,59.247576871422055,0,2026-08-25 06:31:49
2024-01-11 10:22:00,CNC-01,L,296.7064054189539,311.2272556902834,1399.8926982302896,49.91345440190402,178.19863184326314,2.641696688399213,13.096825714207949,58.78671727811988,0,2026-08-25 06:31:49
2024-01-11 03:21:00,CNC-01,L,24.203430195958106,36.60216372052247,2335.3173506239855,21.476196981059047,22.82004121589934,2.925061964365115,9.305037352938745,52.330354086935195,0,2026-08-25 06:31:49
2024-01-11 12:53:00,CNC-03,H,300.6330940114689,308.6256307598995,1445.7192998666653,47.04100758627306,125.34771863095371,2.2262531364582294,12.82724392014972,52.91156120069495,0,2026-08-25 06:31:49
2024-01-11 12:58:00,CNC-01,L,297.92840488773146,311.40218368140813,1319.1696719255754,49.56718582561677,12.64575342419505,1.9442451481975982,12.386441178445093,53.18257358504232,0,2026-08-25 06:31:49
2024-01-11 12:10:00,CNC-01,L,297.4648358946481,312.1621975137867,1355.5934483125268,54.70751837887857,158.20316032672116,2.4280542488331207,13.949422085744738,53.58985816459495,0,2026-08-25 06:31:49
2024-01-11 15:47:00,CNC-02,M,298.7549517896898,312.51108550281174,1567.1513863732782,43.47812744054323,14.820689862511514,2.2231744773260145,12.788559717002613,53.33433158867882,0,2026-08-25 06:31:49
2024-01-11 16:51:00,CNC-01,L,300.46859697081834,314.89123524438503,1702.206167913177,39.87122554953882,158.05570428147453,2.726163200955432,12.677577936870469,50.1466932429196,0,2026-08-25 06:31:49
2024-01-11 07:02:00,CNC-02,M,295.5032591913605,310.0594142066982,1922.646545708915,39.023093352524825,111.23059382313104,2.7165305781405404,14.173963141856493,59.43840130923974,0,2026-08-25 06:31:49
2024-01-11 19:16:00,CNC-02,M,299.5555256209021,312.8106249134344,2228.5989353732293,24.944627492088646,93.51537221062404,28.247974942504957,10.343798164415919,51.07606976482097,0,2026-08-25 06:31:49
2024-01-11 22:09:00,CNC-03,H,297.1675167463059,310.3514959054567,2719.1184642816456,19.293886918854767,143.51418365706851,3.3938650078537527,9.829457319252358,55.93731849915734,0,2026-08-25 06:31:49
2024-01-11 10:09:00,CNC-03,H,294.4203600120274,308.49921893780066,1368.1308400831372,50.29583171285716,91.0979536391402,2.165714360781837,12.708103148114946,61.30618303625778,0,2026-08-25 06:31:49
2024-01-11 04:18:00,CNC-03,H,296.2472664322529,309.39009418404953,2199.101872312547,26.992682075346682,54.67698630402615,2.7512417948671355,11.00142137706619,59.3413569770449,0,2026-08-25 06:31:49
2024-01-11 10:04:00,CNC-03,H,294.6167695994287,309.3309834578423,1438.2014923451418,53.86159573220303,83.26538677570609,2.1764552673872326,14.766766590957987,63.06674545289693,0,2026-08-25 06:31:49
2024-01-11 04:26:00,CNC-01,L,296.7560445072688,310.04477638749927,2233.1439743193478,26.563809607560373,100.04761314460686,2.8711350239168176,11.252279570758429,57.76850574267048,0,2026-08-25 06:31:49
2024-01-11 07:39:00,CNC-01,L,296.58844508068864,310.8631456360137,1752.8385370376973,40.517038429570356,165.52258828519,2.809116632819101,13.249679208766844,58.3371693562358,0,2026-08-25 06:31:49
2024-01-11 01:35:00,CNC-03,H,297.9617387456045,311.2846848723778,2476.660430868826,22.360137357212604,120.7158147650984,3.1213509047911634,10.242465265278174,56.76622813698071,0,2026-08-25 06:31:49
2024-01-11 07:55:00,CNC-02,M,295.227055111303,310.05800203458745,1667.2727816417,45.55253045089022,186.6571254436553,2.84358039901626,14.02580334671593,61.09459133187414,0,2026-08-25 06:31:49
2024-01-11 20:13:00,CNC-01,L,300.0965792514363,313.35711204604473,2605.502801239018,20.772310010530667,181.030420955161,3.7419206314831817,9.957224348127527,51.431165514832855,0,2026-08-25 06:31:49
2024-01-11 01:51:00,CNC-02,M,297.9244136603117,311.14908549215744,2653.6985293688117,20.038632274774304,168.24198261055545,3.6353231036736546,9.61045428530954,55.95786255764497,0,2026-08-25 06:31:49
2024-01-11 22:39:00,CNC-01,L,300.1982475481178,312.26619744802264,2622.8358638639183,16.27099994108623,103.63279405258626,3.2750527929245816,7.754262367060495,50.37654731762711,0,2026-08-25 06:31:49
2024-01-11 07:35:00,CNC-03,H,294.7851612596784,308.7726699389743,1844.9999422636895,39.067048126168984,83.0661894237055,2.6161745980616273,13.517938718528308,63.467487643300004,0,2026-08-25 06:31:49
2024-01-11 06:08:00,CNC-03,H,295.43687919090667,310.6204602367413,1980.8297772886078,39.313956194616,195.19564413353768,3.0949967095875777,14.579289546333854,62.01613297250302,0,2026-08-25 06:31:49
2024-01-11 20:54:00,CNC-02,M,299.27519764016427,313.45944891478865,2510.3735853213693,24.296653058859548,210.24018663800425,3.885712195055678,11.458211798190975,53.669867983211596,0,2026-08-25 06:31:49
2024-01-11 15:49:00,CNC-01,L,299.42436098423474,313.71435585450666,1779.7559058969632,41.22194274894133,68.75414264675983,2.5250041968840473,13.769907177527207,51.791994957677005,0,2026-08-25 06:31:49
2024-01-11 20:35:00,CNC-01,L,300.2814425431488,314.2249916053627,2519.3905668671096,24.618362890613803,206.97372235619451,3.9137086829343977,11.697109341057377,45.768571435172134,0,2026-08-25 06:31:49
2024-01-11 20:47:00,CNC-02,M,299.5717233226565,314.2043623578678,2563.681505614388,26.18403056882643,202.07520842384753,36.72146579611278,12.423107661739715,51.354935394087924,0,2026-08-25 06:31:49
2024-01-11 19:51:14,CNC-03,H,297.86133804835697,311.94951039328237,2233.414926501883,28.485002172404897,208.76223284634335,3.4129734584182567,11.973807070821236,57.39108363667243,0,2026-08-25 06:31:49
2024-01-11 19:13:00,CNC-01,L,300.18325959297704,314.21170727815394,2273.569110692665,29.767389749023526,108.54577652177723,2.871679896493707,12.59404706471639,51.67137561625527,0,2026-08-25 06:31:49
2024-01-11 00:02:00,CNC-01,L,298.63977296820906,309.96146118182486,2787.4857892156383,12.920653693901297,3.6280171315180487,3.2676281072219173,6.423635493775841,52.634054756589464,0,2026-08-25 06:31:49
2024-01-11 07:51:00,CNC-03,H,294.8613630675749,309.11852750147204,1600.6794382439641,45.82740915823336,106.26709292594194,2.306954764353199,13.763412310735747,63.0432569630768,0,2026-08-25 06:31:49
2024-01-11 19:01:00,CNC-03,H,297.7953479580238,311.86049949789884,2164.691571098001,30.112144593935643,145.95250262774485,2.956202524760317,12.475587062252469,58.86426031260723,0,2026-08-25 06:31:49
2024-01-11 07:38:00,CNC-03,H,295.150179897359,309.076159908998,1801.7888149109285,36.77722907691454,87.36022790930161,2.56860344994389,12.286620534273572,56.87671553888502,0,2026-08-25 06:31:49
2024-01-11 14:09:00,CNC-01,L,298.39283482748345,312.88830542465894,1425.1776435202185,51.10871114308133,124.4998247793433,2.2399736199879365,13.75049336990902,56.57186271799381,0,2026-08-25 06:31:49
2024-01-11 06:15:00,CNC-03,H,295.5046176638818,310.33229190769106,1942.2359985168891,38.18540899584125,204.54791841141488,3.1737222537980756,13.91686905781418,61.37215282897536,0,2026-08-25 06:31:49
2024-01-11 00:12:00,CNC-03,H,299.1813147524835,310.8885028401333,2718.404856357266,14.848784946911241,32.07287111323045,32.044408810709186,7.609021237557779,56.737408053736324,0,2026-08-25 06:31:49
2024-01-11 22:55:00,CNC-03,H,297.1165290149554,309.72020222755367,2784.4486885409137,15.777057274717519,192.81692453110432,3.8180334158270006,8.433435758398335,56.207690866925226,0,2026-08-25 06:31:49
2024-01-11 12:33:00,CNC-03,H,300.405849393366,308.60406730805346,1407.8670520659198,51.003185688508694,93.67035822371977,2.1536006160012073,13.584696045592429,49.89588075443383,0,2026-08-25 06:31:49
2024-01-11 01:38:00,CNC-02,M,297.9946251982313,310.5609740562899,2510.1966778394517,19.16434963188475,154.09339358174512,3.2984183277089105,9.063731492898984,55.246765408055296,0,2026-08-25 06:31:49
2024-01-11 21:42:00,CNC-02,M,299.4800943913511,311.3778495816241,2688.940888228493,15.296224264806536,14.31503963444279,3.2036356252768408,7.614973474871026,52.18261939122342,0,2026-08-25 06:31:49
2024-01-11 06:35:00,CNC-02,M,295.5349625898961,,1754.3041218232302,38.8030278479702,73.79072950535638,2.3798866783450716,12.667128219417679,60.41915988823897,0,2026-08-25 06:31:49
2024-01-11 07:28:00,CNC-01,L,296.33482489620707,310.5260746420879,1730.5608901745918,38.767665701004326,149.80721083710245,2.6133651995842153,12.544819296126317,57.250183232347425,0,2026-08-25 06:31:49
2024-01-11 23:33:00,CNC-01,L,299.8504164767898,313.02986137857835,2632.902000820081,19.941638021110105,161.29169210999055,3.6280239932879326,10.07032367361623,50.80177736957017,0,2026-08-25 06:31:49
2024-01-11 08:33:00,CNC-03,H,,309.5373509354911,1604.2404570554374,48.34203704347361,168.17016349187028,2.5930103986141324,14.51386830065116,60.670538345663026,0,2026-08-25 06:31:49
2024-01-11 03:47:00,CNC-01,L,23.743142634977744,36.568770278759814,2386.3224375448126,22.76256540197886,53.009867210095415,2.948597067128945,9.927593015416727,56.63620598321155,0,2026-08-25 06:31:49
2024-01-11 19:43:00,CNC-01,L,300.21159568905176,313.7687626078957,2410.68127881173,25.03770789157592,145.06861527423567,3.307875027506259,11.352929892929208,51.43501736959967,0,2026-08-25 06:31:49
2024-01-11 12:55:00,CNC-02,M,297.02588714156224,311.80256592446784,1382.8713535293512,51.492114937284626,174.32710645229884,2.3702362426500487,13.312065397591402,57.61637611784012,0,2026-08-25 06:31:49
2024-01-11 15:48:00,CNC-01,L,299.4035161670564,313.29558576181796,1591.35985620864,42.63544970921434,67.28495519691211,2.2538275752775174,12.59999486384686,54.04498248262765,0,2026-08-25 06:31:49
2024-01-11 08:37:00,CNC-03,H,294.50586499606305,309.9328296530016,1612.1936085710615,51.30267545163196,174.17076234983796,2.4894951724437004,15.267717778898326,61.54561042995535,0,2026-08-25 06:31:49
2024-01-11 18:20:00,CNC-01,L,27.05936633563516,40.55980180750919,2007.3023958301446,32.4329430495839,41.33317138514109,2.5370339630831866,12.112173416133873,50.701729863158036,0,2026-08-25 06:31:49
2024-01-11 12:18:53,CNC-03,H,300.4376083528221,308.7090915003626,1328.2663423261752,52.51270904186258,69.8739993854635,2.0548647408452108,13.27385488601892,49.75239576669836,1,2026-08-25 06:31:49
2024-01-11 11:41:00,CNC-01,L,296.90703253547485,311.2598353529249,1470.8570323654521,47.39441329112222,112.337721207709,2.2307735968080378,12.942018601915812,58.86108290489872,0,2026-08-25 06:31:49
2024-01-11 20:42:00,CNC-03,H,298.1805801366386,310.44903816144983,2601.215978212375,17.80123241860722,,3.100204969800328,8.623353768068661,55.67378145480693,0,2026-08-25 06:31:49
2024-01-11 20:04:00,CNC-02,M,299.7203866664383,313.90139209936336,2485.789696728383,25.519729940064344,151.92032360130443,3.2933395270274337,12.179707315445903,54.4720412086724,0,2026-08-25 06:31:49
2024-01-11 12:05:00,CNC-01,L,297.63348434569855,312.1051786629021,1436.453961991545,48.661324547304744,150.27462728285195,2.457107557423471,13.416697897782742,52.57684334064757,0,2026-08-25 06:31:49
2024-01-11 00:00:00,CNC-02,M,298.97572771234746,311.02141048911204,2577.9386354458234,17.566380727208223,49.511532126831504,3.133357559566657,8.511357000093883,55.673931362665286,0,2026-08-25 06:31:49
2024-01-11 14:47:00,CNC-02,M,297.7157926327777,312.1013001131168,1536.230888717227,44.706745128684815,146.6369292918046,2.4760199013921005,12.785977425744445,53.85044279799641,0,2026-08-25 06:31:49
2024-01-11 17:05:00,CNC-01,L,300.52704093770836,314.9246847099191,2015.093470094266,35.992045686091515,177.67003106527878,3.1350441757091287,13.72265055829713,51.38198273894745,0,2026-08-25 06:31:49
2024-01-11 22:58:00,CNC-01,L,299.82107109858737,312.40248727995765,2632.497852335313,18.291961200881108,124.12432956555621,3.392233898958996,8.805240368262334,47.493266973097555,0,2026-08-25 06:31:49
2024-01-11 20:05:00,CNC-03,H,297.65984704660474,309.5260306342449,2485.0691091867657,17.427808671001173,2.3428646731027705,3.053448051352098,8.078387699488646,58.29095666371322,0,2026-08-25 06:31:49
2024-01-11 08:56:00,CNC-02,M,295.4178780395868,309.109833576567,1472.6408204679058,47.1646851729966,28.813308446390735,2.005469034391328,13.0027856623129,59.407918585286616,0,2026-08-25 06:31:49
2024-01-11 15:31:00,CNC-03,H,296.0744061836752,310.2806613224697,1438.585221427828,48.534368295172214,109.95854040958464,2.2909354201663756,13.019969344162462,56.41436430565956,0,2026-08-25 06:31:49
2024-01-11 17:00:00,CNC-03,H,297.1663335886505,312.33997813856706,1832.7229970924689,42.242695258067975,238.82945899286008,3.273584091453743,14.421333735946453,55.626255151174234,0,2026-08-25 06:31:49
2024-01-11 05:38:00,CNC-01,L,302.08232114522195,309.01665715712727,2219.1552540689577,26.636664099364758,0.0,2.7346694229713107,11.234435460168996,48.62112626862046,0,2026-08-25 06:31:49
2024-01-11 05:34:00,CNC-03,H,295.5647472989792,309.61558320712584,2086.642171689999,31.99389864853524,150.26747911087267,2.907968751315487,12.634492507584737,61.61720362496728,0,2026-08-25 06:31:49
2024-01-11 19:51:00,CNC-02,M,300.04298381005526,314.07637064483947,2272.272404414189,27.100195452841852,136.282817835436,3.078257995432504,11.258033605419893,49.53878700654872,0,2026-08-25 06:31:49
2024-01-11 10:19:00,CNC-02,M,295.7492631833146,310.7370480284457,1394.7793499949598,52.89529830561776,157.2547019366219,2.3404432417527548,13.901293520575242,62.94167505246851,0,2026-08-25 06:31:49
2024-01-11 11:22:00,CNC-01,L,296.71283385020314,310.294525935967,1265.1639989087457,51.96529487632736,82.34865823956036,2.011273166487683,12.18506367510306,52.84638305396437,0,2026-08-25 06:31:49
2024-01-11 23:32:00,CNC-03,H,296.9737473505102,311.24958597542485,2663.702149726054,24.069953276627217,232.17758214595932,3.9508983779438536,12.003263923334801,52.1193313291424,0,2026-08-25 06:31:49
2024-01-11 00:41:00,CNC-02,M,298.6792152955728,310.92518249038915,2889.7873297982837,15.873993706700611,93.0226731748346,3.398177049636219,8.746739800196952,57.43004708491968,0,2026-08-25 06:31:49
2024-01-11 07:13:00,CNC-01,L,296.2827540729205,311.21180926710093,1870.3512134182615,42.23189905924224,128.27230305378862,2.735635364566478,14.776533129087492,60.668079645206284,0,2026-08-25 06:31:49
2024-01-11 03:50:00,CNC-01,L,296.87704285739295,310.00481905186865,2349.8998704733494,25.23778727754338,56.622543363729775,2.8903627648661643,10.760497792148813,58.78366113182953,0,2026-08-25 06:31:49
2024-01-11 01:59:00,CNC-01,L,298.2386368373012,310.4618902022729,2603.6579600154605,16.352703901981425,129.44398658677312,3.3661892224732433,7.9964979731571715,49.73157103042458,0,2026-08-25 06:31:49
2024-01-11 03:32:00,CNC-02,M,23.5804030644656,36.87323976055666,2366.4858195358897,25.72146709355537,60.66371422127217,2.981951805723446,11.433158088602065,57.106565507071466,0,2026-08-25 06:31:49
2024-01-11 01:44:00,CNC-02,M,297.63351919925833,311.3501634680425,2694.244458660995,21.96605338667868,160.66742426933203,3.677414412631099,10.763975669826843,55.7583366864236,0,2026-08-25 06:31:49
2024-01-11 19:40:00,CNC-03,H,297.87029155601186,312.3511571914524,2342.8737702701837,28.70052533606521,194.3411829956577,3.341172809000215,12.47904492794859,60.149346984399216,0,2026-08-25 06:31:49
2024-01-11 16:06:51,CNC-01,L,299.7477010477632,313.94273797907726,1691.182464100473,42.9199207339765,95.16085903076458,2.475097886013132,13.58766872415507,50.08539312477638,0,2026-08-25 06:31:49
2024-01-11 08:30:00,CNC-02,M,294.983472206798,310.57808799085217,1803.248689329979,45.2827349378388,238.52672222630616,3.461924398249959,15.357297759505569,64.50073537736073,0,2026-08-25 06:31:49
2024-01-11 07:21:00,CNC-01,L,296.5844475367677,311.0425722848707,1803.883059451181,40.79598899937805,139.74021072196504,2.761294344370339,13.734167215258877,57.250907580924384,0,2026-08-25 06:31:49
2024-01-11 04:05:00,CNC-01,L,296.8730388623324,309.84446019623033,2313.3165838989444,24.56715034673157,74.48515544713814,2.862989368219778,10.949507487459647,61.172380832076826,0,2026-08-25 06:31:49
2024-01-11 08:14:00,CNC-02,M,295.09678679766614,310.042632102844,1735.0418701707613,41.94421030953057,214.67255978953597,3.146506055390436,13.716126657508372,63.741030551372596,0,2026-08-25 06:31:49
2024-01-11 00:22:00,CNC-02,M,298.99424921879154,311.3667703588878,2859.6824507500833,16.673860823483473,72.75621737837575,3.429626294564758,9.01291741747951,53.91587779605687,0,2026-08-25 06:31:49
2024-01-11 16:55:00,CNC-02,M,299.3505183360085,313.76381334007044,1793.7219949734133,,112.66931547360241,2.5754528952766282,12.325342720851477,54.8609983960818,0,2026-08-25 06:31:49
2024-01-11 13:53:00,CNC-02,M,297.1470596349219,311.7257527580952,1359.7354286979553,53.064409535499586,62.93136220860137,1.9477522004468681,13.464405636521937,59.20310216507156,0,2026-08-25 06:31:49
2024-01-11 05:52:00,CNC-01,L,302.14904678930094,309.7515678021936,2082.719066482226,31.72461207728174,18.26630270162135,,12.4201962372872,46.50169328294874,0,2026-08-25 06:31:49
2024-01-11 00:34:00,CNC-03,H,298.769191107012,310.165538410157,2771.574417188664,13.244696044681245,55.45950435974167,3.1641489059556447,6.920489925353117,52.579526980272924,0,2026-08-25 06:31:49
2024-01-11 07:52:00,CNC-02,M,295.29113431747663,310.5826458109239,1745.1590572721161,44.67644167646371,,2.844678305036669,14.802235998024479,57.578820834806244,0,2026-08-25 06:31:49
2024-01-11 03:44:00,CNC-03,H,23.22811058080697,36.11992717452654,2551.852700099807,22.572948047279553,13.919302994768724,3.049922436898438,10.837024875560765,57.64828183943213,0,2026-08-25 06:31:49
2024-01-11 02:27:00,CNC-02,M,297.54483968497306,311.3891612986628,2600.439990812631,22.678461029576862,207.99455312373019,3.8960450006350147,11.188186555559698,56.103000016790425,0,2026-08-25 06:31:49
2024-01-11 02:04:00,CNC-02,M,297.5043062220793,310.3338284977562,2675.2403919834333,17.44417746696173,182.4410403197596,3.6529364932720734,8.620094576870317,53.801409005299924,0,2026-08-25 06:31:49
2024-01-11 21:49:00,CNC-03,H,297.47051531912,310.40813849587386,2642.6758162445954,20.539902629261654,121.44005063163569,3.273584155913434,10.112457969865433,55.86202675003269,0,2026-08-25 06:31:49
2024-01-11 14:12:00,CNC-03,H,295.7109624611161,311.13217571843916,1589.9025319864272,50.34725879781567,249.6072355369087,3.346304859071029,15.0960117308382,57.531672301637265,0,2026-08-25 06:31:49
2024-01-11 12:10:00,CNC-02,M,296.5319256001757,310.64080571839503,1381.5835743944176,49.20163005812987,103.01191982359546,2.180997630706018,12.851799208483936,58.35433412418848,0,2026-08-25 06:31:49
2024-01-11 22:09:00,CNC-02,M,298.8266179817812,310.4014186023479,2743.7554894995205,13.6202750606401,43.871855946927404,3.2429167592137382,6.965325655442712,55.821110321416086,0,2026-08-25 06:31:49
2024-01-11 02:12:31,CNC-02,M,297.4717179545408,310.3790480554129,2763.923139594817,17.26340851780403,191.2800844678718,3.8923404737990652,8.939360661848816,54.93792864670383,0,2026-08-25 06:31:49
2024-01-11 19:41:00,CNC-01,L,300.2255364099549,313.96056032021477,2307.570106106353,27.325749456701576,142.6708091855827,3.303845520426173,11.585203972099503,49.565227682388475,0,2026-08-25 06:31:49
2024-01-11 00:49:00,CNC-03,H,298.70231724015434,310.5501450490291,2738.0753127758308,14.266220123885462,71.26986851667685,31.3901247758603,7.769881136172577,57.94352578409237,0,2026-08-25 06:31:49
2024-01-11 18:42:00,CNC-02,M,305.6582029212694,313.6664786601138,2210.061576976999,30.10684961587219,50.84844434692824,2.820793698320995,12.402368503592276,42.13722287620521,0,2026-08-25 06:31:49
2024-01-11 14:42:55,CNC-03,H,295.7914074119272,309.4325785282027,1393.5912302558709,46.84040804198359,35.50540200168477,2.0839316788460707,12.0085567406686,62.977321145495424,0,2026-08-25 06:31:49
2024-01-11 13:05:00,CNC-03,H,295.0385182766103,309.580977312337,1350.7574775096448,52.996894368365766,144.44958805853787,2.2607957039265894,13.492912973038809,61.68503161307174,0,2026-08-25 06:31:49
2024-01-11 22:24:00,CNC-03,H,297.20054493638156,310.4010712349196,2672.6585062787967,20.51960424226946,159.58696490290572,34.51415940862489,10.13300223331981,56.47173753770419,0,2026-08-25 06:31:49
2024-01-11 09:13:00,CNC-02,M,295.4601585533442,310.0881890930044,1670.1643311261114,47.19002590207891,54.6400847816298,2.3613596573142774,14.85920586226246,57.91458639218209,0,2026-08-25 06:31:49
2024-01-11 18:03:00,CNC-02,M,26.41970404631786,40.561886959558024,1949.0048926401746,34.988793568693126,0.0,2.613144747697374,12.749519839916216,50.3311236983825,0,2026-08-25 06:31:49
2024-01-11 23:44:27,CNC-01,L,299.5573978906069,313.2527728509534,2523.9040658182184,22.69249472105829,173.14995629407318,3.5797794486669927,10.808250802339845,50.92240045865526,0,2026-08-25 06:31:49
2024-01-11 01:43:00,CNC-01,L,298.07625719117124,311.7134983316045,2585.219459059771,25.278160761168863,111.96980056596767,3.2439514153058027,12.116717061831848,56.39870279086811,0,2026-08-25 06:31:49
2024-01-11 13:11:00,CNC-02,M,296.8584819973228,311.74383570200376,1386.3274269879057,53.68727385211563,199.75009542836284,2.7141609910378075,13.835204201062258,58.63098494317148,0,2026-08-25 06:31:49
2024-01-11 02:20:00,CNC-02,M,297.79950079401107,311.15325036592554,2591.427344452454,20.279004904397496,200.10774228924524,3.729428676074062,9.993385607184237,58.8382811324629,0,2026-08-25 06:31:49
2024-01-11 07:26:00,CNC-02,M,295.4470174180577,309.71254026582835,1852.1363025897895,36.482339192866874,144.92071915327898,2.7077074455941683,12.499470296763121,60.80674539012604,0,2026-08-25 06:31:49
2024-01-11 09:51:00,CNC-01,L,296.513477046137,310.85188299916473,1437.8120819546396,49.043452017122455,129.69235358706376,2.243002639408645,13.099029359516361,56.139731466868895,0,2026-08-25 06:31:49
2024-01-11 02:08:00,CNC-03,H,297.17101555557133,310.385203103551,2615.9757751028196,20.859333890800894,156.86784631603106,33.03183305720885,10.075595944676516,57.16571841875377,0,2026-08-25 06:31:49
2024-01-11 23:59:56,CNC-03,H,296.787667150045,310.17549462709724,2655.110807731715,19.178631268711825,260.80574326327337,4.328260927725255,9.555942401939422,55.996001414129914,0,2026-08-25 06:31:49
2024-01-11 08:59:00,CNC-02,M,295.4244309779578,309.6365555892108,1484.7012346171127,49.535418677652395,33.389791218067415,20.80640528538627,13.98324576583747,62.294681389634675,0,2026-08-25 06:31:49
2024-01-11 14:00:00,CNC-02,M,297.1351147596488,311.1778515340331,1513.0533507491175,45.835811044329006,73.82461451528333,2.2190696473291145,13.055571293811948,57.75347604753355,0,2026-08-25 06:31:49
2024-01-11 07:02:00,CNC-03,H,294.9581733777777,308.70153810406987,1735.5198813934983,38.72277102070194,36.22939284203602,2.383648149217928,12.4926570691673,63.50847579461878,0,2026-08-25 06:31:49
2024-01-11 04:34:00,CNC-02,M,296.1551698006919,310.29184546350746,2264.2442493151098,29.565136687293542,135.2364663041706,3.015838640084022,12.428553694243762,60.275270017196924,0,2026-08-25 06:31:49
2024-01-11 01:53:00,CNC-01,L,298.3130832429975,311.4938896943449,2413.6636408813,21.89584070409004,122.88632165381686,3.055269415590172,9.43963181725752,57.76555792751263,0,2026-08-25 06:31:49
2024-01-11 03:12:00,CNC-02,M,23.98576296149838,36.84130765505682,2389.0629386183373,23.25785242447175,37.623387729034526,3.0170521011129225,10.276118997386938,56.07705615498125,0,2026-08-25 06:31:49
2024-01-11 08:47:00,CNC-02,M,295.3895697167502,309.1970279603621,1578.496190161734,42.351893831780835,15.085148443818579,43.4673883610111,12.405761977310565,59.0063398628943,0,2026-08-25 06:31:49
2024-01-11 18:26:00,CNC-01,L,300.2794026620219,314.26907605777495,2211.218868906564,31.547018114009944,49.14053038902489,2.8728022323067175,13.059711810321028,48.01642710535568,0,2026-08-25 06:31:49
2024-01-11 19:55:00,CNC-01,L,300.29325435561816,314.1407368475086,2319.494124504465,27.590258396786,159.69276608960678,3.3697373197730602,11.74582808265594,46.079771429905506,0,2026-08-25 06:31:49
2024-01-11 09:20:00,CNC-01,L,296.4707782732887,310.85040581403547,1675.2335335834757,45.027290433590125,81.75020442853075,2.330020689846745,14.122742798402236,53.685306779436125,0,2026-08-25 06:31:49
2024-01-11 00:17:00,CNC-02,M,298.6693054733606,310.73375507569165,2722.185122327289,15.723563370564737,67.48298575073291,3.2818937102374695,7.9371135679155715,52.777205595557284,0,2026-08-25 06:31:49
2024-01-11 20:29:00,CNC-01,L,300.1770933220472,314.0686772846037,2488.7682951745805,25.503238110660625,199.88386453685519,3.948660664984966,11.725774404764449,55.05805792366037,0,2026-08-25 06:31:49
2024-01-11 01:45:00,CNC-03,H,297.7908463732202,311.1925784716815,2619.28592058265,22.15044727775763,131.62730945077956,3.3841392447643823,,58.00801379418605,0,2026-08-25 06:31:49
2024-01-11 00:26:00,CNC-02,M,298.61132337462703,310.8869070871725,2687.2807984582714,16.966068325192964,77.03176275228715,3.2751597577823794,8.54642802977565,54.362116169502805,0,2026-08-25 06:31:49
2024-01-11 03:46:00,CNC-01,L,23.771821598927716,35.816516481644044,2440.758378009933,19.14851995954623,51.82900463784507,3.1933111664205747,8.654654436781552,62.49174123105224,0,2026-08-25 06:31:49
2024-01-11 04:28:00,CNC-01,L,296.8938662612077,310.3388561797388,2179.5494644325026,28.93553904298401,102.53178169584135,2.773958793790843,11.82112276253326,57.71323610337188,0,2026-08-25 06:31:49
2024-01-11 22:04:00,CNC-01,L,300.3685869493185,312.33853173678835,2653.7077354495896,16.497617156736712,65.60982779815079,3.2116794087395975,8.18756865206126,47.05716097241341,0,2026-08-25 06:31:49
2024-01-11 02:22:00,CNC-02,M,297.59600307644587,311.0017430846695,2494.199104621443,21.818298627568982,202.35677512128743,3.69826949176435,10.087654271020028,57.36801150290422,0,2026-08-25 06:31:49
2024-01-11 08:34:00,CNC-01,L,296.384269604742,310.4248156294922,1555.9670857252504,46.87226773221571,12.071936591210195,2.0763691710844383,13.788853439243084,59.9670929967916,0,2026-08-25 06:31:49
2024-01-11 02:35:00,CNC-01,L,298.0240910510816,311.68466850973385,2618.501230363954,22.35874832828057,169.16263176149403,35.579681488977876,11.048984628630137,56.482804326528175,0,2026-08-25 06:31:49
2024-01-11 12:40:00,CNC-02,M,296.67706263264586,310.99101979887183,1389.4078577033638,49.85290271755519,150.63752191010897,2.3014245379804,13.21816545065782,54.40661383995331,0,2026-08-25 06:31:49
2024-01-11 04:25:00,CNC-03,H,295.89269299813583,308.45627164579673,2331.2983258618547,21.476237946267545,63.287838031666496,2.9108914845628213,9.396681053584981,57.486773376182285,0,2026-08-25 06:31:49
2024-01-11 16:22:00,CNC-03,H,296.3944732253837,311.06484055986635,1804.4522096094704,41.66718304954168,184.90577584140684,2.854016777522469,14.12053847142682,56.22767392755988,0,2026-08-25 06:31:49
2024-01-11 12:12:00,CNC-02,M,296.6468835505251,310.9363124080856,1434.8621965394047,49.838781976703295,106.16374758852639,2.2736644290842523,13.561004354526853,62.061169050688754,0,2026-08-25 06:31:49
2024-01-11 12:46:00,CNC-03,H,300.36066742445115,308.24305909396963,1315.8333010414547,51.20402351662821,114.31961728697335,1.9780476817929995,12.67486524830059,54.16996895757503,1,2026-08-25 06:31:49
2024-01-11 03:18:00,CNC-02,M,23.88893008414078,36.197827152604816,2731.8655045268506,17.664038069608637,44.447733484937686,3.309107323947504,8.906005316933351,61.22328244203055,0,2026-08-25 06:31:49
2024-01-11 19:55:00,CNC-03,H,297.64304384184953,311.9597456614221,2286.7287703180054,29.58571139310156,212.39277532022584,3.517785471346769,12.36539730661889,55.538662596428146,0,2026-08-25 06:31:49
2024-01-11 10:38:00,CNC-02,M,295.9369197330272,310.98762644766475,1493.8724260097963,49.39780256174483,187.00886617624482,2.645402957605111,13.701093804779404,58.481063267500026,0,2026-08-25 06:31:49
2024-01-11 06:07:00,CNC-01,L,301.9163095288338,309.3489627160798,2306.2760588834813,27.418056800775364,38.08174302786854,2.941137134920613,11.801985498222166,52.216435965540654,0,2026-08-25 06:31:49
2024-01-11 21:51:00,CNC-02,M,299.1154418010396,311.105604567297,2580.935942884946,15.777440352634674,24.31797018815521,3.111442549571139,7.577136683506879,46.96389024471144,0,2026-08-25 06:31:49
2024-01-11 20:11:00,CNC-03,H,297.96469749619285,310.39523253104045,2491.1030843140074,20.12654878448939,9.530265581932982,3.068869353873055,9.453957430645614,59.96622727601439,0,2026-08-25 06:31:49
2024-01-11 09:12:00,CNC-01,L,296.16574838986253,310.51222672165903,1483.4618517540248,49.7235647040497,69.51640078680184,2.21144191374168,,54.48845081313963,0,2026-08-25 06:31:49
2024-01-11 20:56:00,CNC-02,M,299.3510068323243,313.95306168200807,2499.0768072928663,27.165790202790607,212.52945046613922,37.48333125574331,12.768679316312866,56.355750114341866,0,2026-08-25 06:31:49
2024-01-11 04:19:00,CNC-01,L,296.9195140899691,310.91596351697217,2360.7476077606575,30.02342131951951,91.53203155319605,3.1216243059859057,13.388002716546746,60.48038928214074,0,2026-08-25 06:31:49
2024-01-11 19:47:00,CNC-03,H,298.1173849706836,312.1841769667757,2353.031491690128,26.943521021116336,202.71943419127334,3.448811255360937,11.786097670439567,57.619713348224806,0,2026-08-25 06:31:49
2024-01-11 17:11:00,CNC-01,L,300.6028970760644,315.1907302040253,1856.111652241643,37.951715920947024,186.0478657720278,3.069736954331023,13.308346355474908,52.32838120174568,0,2026-08-25 06:31:49
2024-01-11 14:39:00,CNC-03,H,295.5936948783004,309.2907146585157,1529.920363406394,46.08236673186456,30.835985898571515,2.181650745183268,13.129144642711598,60.57966051028857,0,2026-08-25 06:31:49
2024-01-11 14:51:08,CNC-01,L,298.98014183714116,313.9202569366831,1537.6338260445668,49.444150871026956,187.712420795748,28.429251577757935,14.148666137447227,52.2863153826805,0,2026-08-25 06:31:49
2024-01-11 10:42:00,CNC-03,H,294.54940826039353,309.28033882039045,1422.5129134212666,50.98498477226384,143.0500217171202,21.92253226174386,13.464039487818455,57.982704983090684,0,2026-08-25 06:31:49
2024-01-11 14:37:00,CNC-02,M,297.99963354834955,312.56684558285485,1375.6759637349758,51.46694717434645,131.22397484121123,2.221617664077193,13.285605369931055,55.693635345447376,0,2026-08-25 06:31:49
2024-01-11 16:50:00,CNC-01,L,300.17974087838684,315.35999457756543,1792.6108505887862,44.522765680553924,156.60464980058376,2.8762955038958085,14.90420758059094,51.90881715317867,0,2026-08-25 06:31:49
2024-01-11 13:15:00,CNC-03,H,295.14708805990915,309.53070080043784,1444.652517924764,49.41193791847416,160.22615423104435,2.351323380188154,13.025472754592204,64.90290376041665,0,2026-08-25 06:31:49
2024-01-11 16:19:00,CNC-01,L,300.040452876252,314.95316734327776,1764.0901140367657,45.30834169503737,112.481830012229,2.4502132274414614,15.11910908661213,49.779767328463684,0,2026-08-25 06:31:49
2024-01-11 02:29:00,CNC-03,H,296.9232492280472,308.96627893864786,2642.423585541501,14.18495771125923,180.0992604003402,3.6210452958376367,6.987507701340284,57.26614305407822,0,2026-08-25 06:31:49
2024-01-11 04:03:00,CNC-02,M,296.530129192015,310.40454519034085,2407.4825687180346,26.948867471010068,97.54050454952176,30.371255136422647,12.170610280898927,58.32030466245463,0,2026-08-25 06:31:49
2024-01-11 21:27:00,CNC-02,M,299.3186849895798,314.1955603428907,2527.2343963554267,26.112571638612977,247.29866503120115,42.91341215196462,12.41972251929119,54.46199424477133,0,2026-08-25 06:31:49
2024-01-11 00:36:00,CNC-02,M,298.72222519517584,311.4011132729315,2715.8586950295858,18.92471867097491,87.65227420927698,3.252606893606677,9.56147476490384,51.11747357915134,0,2026-08-25 06:31:49
2024-01-11 08:57:00,CNC-03,H,294.1219931230742,309.28924927551,1551.9415685393628,50.30530580246215,204.44637579580888,2.76261962382402,14.598334790582271,61.286653566227756,0,2026-08-25 06:31:49
2024-01-11 21:44:00,CNC-03,H,297.4721430981164,310.7806402061013,2592.7113772044127,22.706249402380937,115.9927259026278,3.285334750235452,11.019950796047022,59.086345192583124,0,2026-08-25 06:31:49
2024-01-11 13:02:00,CNC-01,L,297.7046530261526,311.16519816397397,1335.6017300807252,49.195036132866925,18.964406902160604,1.9312093750953414,12.229234813233493,56.64157829908238,0,2026-08-25 06:31:49
2024-01-11 22:56:00,CNC-03,H,297.1817153845865,310.3636799365052,2595.3869800391035,20.79271777392947,193.91288274728845,3.6644745674591293,10.158207474526288,56.61232994371146,0,2026-08-25 06:31:49
2024-01-11 14:24:00,CNC-03,H,295.4702003470289,308.7495232284714,1481.2240679239933,43.92053641845797,7.6615839174647355,2.2577380941255254,12.360641726263951,55.261949945165235,0,2026-08-25 06:31:49
2024-01-11 10:48:00,CNC-02,M,296.0288647908293,311.21079183907415,1401.5482307818397,54.52114059740921,202.81468504328456,2.6634235814554326,14.462674873836285,59.18983520681178,0,2026-08-25 06:31:49
2024-01-11 18:06:40,CNC-02,M,26.722219062212048,40.20094502652023,2083.353512888546,30.963057636817435,6.616397594841918,2.75833772379832,12.161522839768203,49.27819238609196,0,2026-08-25 06:31:49
2024-01-11 14:12:00,CNC-01,L,298.40265856851687,313.10997675178186,1378.2761629768897,55.319209056607484,129.2818080912828,2.296142166798168,14.38895596706063,54.16227467918409,0,2026-08-25 06:31:49
2024-01-11 01:43:00,CNC-03,H,297.8228077864004,310.7992565076569,2615.984261395201,19.127941590627596,129.42082771949072,3.192918112263228,9.170897549202513,53.45092835351857,0,2026-08-25 06:31:49
2024-01-11 02:21:00,CNC-02,M,297.9266816389638,311.5049912647326,2606.1413082330787,21.471677179017796,201.20756883251747,3.774102965071716,10.3583916679069,55.97835278726069,0,2026-08-25 06:31:49
2024-01-11 02:01:00,CNC-03,H,297.68741052403055,310.66959606167114,2703.3270350092353,18.759397529122722,149.13280528271036,3.382585116733899,9.290715063750875,57.226683890903686,0,2026-08-25 06:31:49
2024-01-11 01:22:00,CNC-03,H,298.0040420126066,310.7039582621079,2707.733790034839,18.69669489210015,106.67476078794212,3.338725515263024,9.497967994875642,53.932008184027325,0,2026-08-25 06:31:49
2024-01-11 21:35:00,CNC-02,M,299.21056171204845,311.5655149985486,2710.7093831927277,17.221103318580298,6.634843914377344,3.153674268310394,8.867496552827506,53.35445030917293,0,2026-08-25 06:31:49
2024-01-11 12:59:00,CNC-03,H,295.35438981651987,309.6742062121262,1341.7465636837328,52.78656556030619,134.88220646669353,2.173403671475854,13.37504477573844,57.74464796359626,0,2026-08-25 06:31:49
2024-01-11 13:58:00,CNC-02,M,297.3135657592656,311.470608076725,1394.9827091178547,49.77582459429338,70.78402771731737,2.0990839926185356,12.89405096584708,53.848846699738296,0,2026-08-25 06:31:49
2024-01-11 03:15:00,CNC-01,L,24.242761480515412,36.76536591335861,2382.533129038018,21.066520218101914,15.782468306711289,2.9899855109920908,9.308581778023578,56.63099861501994,0,2026-08-25 06:31:49
2024-01-11 02:09:00,CNC-03,H,297.2457882653972,310.55660934071915,2575.8294228834825,22.019943803174723,157.97648992898988,3.3654697357087033,10.645327362091946,57.25477534727292,0,2026-08-25 06:31:49
2024-01-11 09:51:00,CNC-02,M,295.67649224289437,310.2499731011549,1377.1693434261501,51.761942589936794,113.38680059134943,2.0808768773599904,13.00155284003401,61.78309069218964,0,2026-08-25 06:31:49
2024-01-11 13:16:00,CNC-03,H,295.1742651720016,309.10140042448455,1234.0108978051387,50.8711292506723,161.82615423104434,22.274719285603457,11.779999414317682,65.76598386408446,0,2026-08-25 06:31:49
2024-01-11 08:41:00,CNC-01,L,296.4091950658335,310.5366179695292,1621.8119138841973,45.251245952341144,22.536325042451704,2.131868471741088,14.096278843808376,59.716638286733236,0,2026-08-25 06:31:49
2024-01-11 13:18:00,CNC-01,L,297.73393929407763,312.22838228691927,1523.4550583263806,50.68375453442143,44.29329107153548,2.185559177465229,14.442011922217578,52.43570202556288,0,2026-08-25 06:31:49
2024-01-11 10:09:00,CNC-02,M,295.897521558214,310.66042371478187,1371.4748565749594,54.35268779535923,141.5118673194058,2.289619109656201,13.983618605223612,63.464000044688696,0,2026-08-25 06:31:49
2024-01-11 12:16:00,CNC-01,L,297.4347148007944,311.87682406896926,1429.9362366169976,50.40826624112486,167.7202391486081,2.524350368592801,13.648562619696397,57.561766473311,0,2026-08-25 06:31:49
2024-01-11 10:26:00,CNC-01,L,296.2997173094019,311.06791301448436,1336.1385637657231,54.66924895888741,184.56166848577834,2.5779294278506466,13.795157420009136,68.10133287236927,0,2026-08-25 06:31:49
2024-01-11 03:51:00,CNC-03,H,296.08863284432044,309.1389116574687,2378.7469536820386,24.40910205482268,22.148260972105614,2.910920743918311,198.5020149704375,63.216400819086616,0,2026-08-25 06:31:49
2024-01-11 03:57:00,CNC-03,H,296.5270399236669,309.6605950889772,2274.806884115896,26.78833282242801,29.365006141584747,2.82345740006838,11.254357061515668,58.38110602117773,0,2026-08-25 06:31:49
2024-01-11 21:33:00,CNC-02,M,299.0878892825152,311.4046785533252,2574.8951379904597,19.331239663477344,4.441898800580903,3.1014301312275596,9.283795148699662,52.06643339303162,0,2026-08-25 06:31:49
2024-01-11 22:07:00,CNC-03,H,297.60182214531187,310.4777779548927,2616.437328443854,20.068311740265816,141.2926645496798,3.2920442647742925,,53.51112817466632,0,2026-08-25 06:31:49
2024-01-11 07:13:22,CNC-01,L,296.3457333313858,310.8110126164331,1881.2106748269466,37.49625253756839,129.68101639552495,2.731881747004804,13.236414552939413,57.8680603672725,0,2026-08-25 06:31:49
2024-01-11 13:43:00,CNC-03,H,295.12677535605025,310.66713450533763,1514.3304669256827,57.134234859692306,204.34568457459363,2.7164673373862844,16.29448952724366,59.432826460905964,1,2026-08-25 06:31:49
2024-01-11 17:19:00,CNC-03,H,23.98762324028536,37.27875125874442,1885.3520628646197,34.01962415896393,11.167265298256245,2.4684631349986916,12.204594148284533,57.617453292095384,0,2026-08-25 06:31:49
2024-01-11 19:59:00,CNC-01,L,300.46156656832693,314.14965732707884,2348.173488683852,26.413932362153133,164.5023152457527,3.3488307665964254,11.651955036726019,51.074514457359676,0,2026-08-25 06:31:49
2024-01-11 06:15:00,CNC-02,M,295.4445176218597,309.52847657554344,2036.3188275265763,34.0561715813282,46.47988757271252,2.673482182433379,13.200756750970472,58.144747541316015,0,2026-08-25 06:31:49
2024-01-11 22:10:21,CNC-03,H,297.4344968180965,310.7772850261524,2692.9453340394407,20.454025683196566,145.6745497325251,3.4298262165524744,10.239770108689925,51.264143355657765,0,2026-08-25 06:31:49
2024-01-11 17:13:00,CNC-02,M,299.38745294160805,314.6733248342599,1975.8134539908378,39.99891429504879,137.73460761979857,2.7635455428924334,14.954240351003754,52.55654668562901,0,2026-08-25 06:31:49
2024-01-11 17:19:36,CNC-03,H,24.053816187765506,908.8606643263925,1874.7528968987124,36.86802572042268,13.952613096506825,2.532112858576121,12.978656724879688,56.101263714634044,0,2026-08-25 06:31:49
2024-01-11 07:14:00,CNC-02,M,295.499449724219,310.3079726401161,1926.7507137025516,39.250395989019374,127.99836950869108,2.7652788259315084,14.30297240178106,56.31563634234781,0,2026-08-25 06:31:49
2024-01-11 07:28:00,CNC-03,H,294.996214566878,308.8075631669124,1680.8754433741055,40.107672399148214,73.07342112353732,2.2562955950504175,12.857313819760497,59.864876989894334,0,2026-08-25 06:31:49
2024-01-11 16:00:00,CNC-02,M,298.5452220586848,312.29077790443165,1652.6702583519073,39.53259431420973,33.85824069290608,2.298030405495312,12.080463567913098,54.37448958103008,0,2026-08-25 06:31:49
2024-01-11 20:46:00,CNC-02,M,299.4655287070774,313.2349143437415,2555.3582059974387,22.48669390826321,200.95534480253457,3.6678562070199714,10.447652184946733,50.2235700956044,0,2026-08-25 06:31:49
2024-01-11 01:25:00,CNC-03,H,298.09877846489826,310.05195742247525,2718.5619505096106,14.736919241635327,109.86138248040265,3.2343971569347896,7.479549544959758,54.43147257197463,0,2026-08-25 06:31:49
2024-01-11 20:37:00,CNC-01,L,300.23642834605477,314.43353441650066,2285.401064149328,28.29151595986737,209.35391003930192,3.746508888850702,12.354687387604873,53.2534982397583,0,2026-08-25 06:31:49
2024-01-11 10:54:00,CNC-03,H,294.40193512276676,309.0740539628178,1432.7777658784312,50.54964051392778,162.02966750541265,2.3662315774647698,13.754175142201758,60.77826682348452,0,2026-08-25 06:31:49
2024-01-11 16:17:00,CNC-02,M,298.73795962159204,313.40033030118485,1847.2170412528972,41.35056820837024,58.586654429519584,2.4479256216707608,14.524720094130744,58.239440212832456,0,2026-08-25 06:31:49
2024-01-11 11:48:00,CNC-03,H,294.2565815875522,308.2864496669804,1398.4586529971803,51.46779012303807,22.314388687246762,2.099721944477253,13.566790666756823,60.753749318966506,0,2026-08-25 06:31:49
2024-01-11 06:39:00,CNC-01,L,296.4868512598621,310.4552591564829,1839.4957982725246,38.463555537627585,81.31807656254779,2.505434675459801,13.304594281099037,51.96512645069844,0,2026-08-25 06:31:49
2024-01-11 11:26:00,CNC-01,L,296.8952153107585,311.35960243287025,1463.7901652827645,51.916069633101955,88.66801256583919,2.1188725299720765,14.196113060853817,55.83495226188181,0,2026-08-25 06:31:49
2024-01-11 12:04:00,CNC-01,L,297.3721566154254,311.5735351337013,1304.5015817332671,52.23695923552184,148.7009949266241,22.92703789883401,12.658088486420622,59.46822736583544,0,2026-08-25 06:31:49
2024-01-11 00:35:00,CNC-01,L,298.9598335147559,310.7734309161022,2537.12306343163,16.87569317467519,38.91541503937292,3.04569741948241,8.116602053754873,55.98483036523917,0,2026-08-25 06:31:49
2024-01-11 12:38:00,CNC-01,L,297.3838574381107,311.76186181848817,1357.399312947027,1570.452957716838,202.6520057003585,2.795172352983953,13.342535193841751,52.71925224872149,0,2026-08-25 06:31:49
2024-01-11 11:39:00,CNC-02,M,296.4280547086675,310.4987233572088,1354.6206693126735,51.48797092367039,53.7891185794765,2.0117224278708288,12.924476335371647,61.4283457058721,0,2026-08-25 06:31:49
2024-01-11 02:25:00,CNC-02,M,297.5107257633842,311.4196781040995,2432.306022555869,24.8497923968231,205.765713220522,3.7066057167167203,11.45963401709833,53.60024373254409,0,2026-08-25 06:31:49
2024-01-11 21:46:00,CNC-01,L,300.3005437866729,312.5109200943896,2469.8137522913844,585.4343519639589,45.889697104661856,2.9212255142753167,9.168089967269239,54.38473070412772,0,2026-08-25 06:31:49
2024-01-11 21:15:00,CNC-01,L,300.437173148883,312.65362820582544,2536.3101123687306,19.101041332587414,11.334522092411925,3.0234196444359513,8.98237055492941,51.120964742346814,0,2026-08-25 06:31:49
2024-01-11 09:53:00,CNC-02,M,295.22426141365065,309.7541978540741,1503.4192652089246,48.53377325586703,116.49719651953359,2.2373973636981597,13.514283213477803,62.886533663152925,0,2026-08-25 06:31:49
2024-01-11 11:49:00,CNC-01,L,297.22892988708935,311.35241567626474,1398.3824203997244,47.859887224887636,124.98044629112783,2.2349211357008993,12.31588520363033,58.35968513854004,0,2026-08-25 06:31:49
2024-01-11 09:36:00,CNC-03,H,294.26910772015896,308.5354698432135,1538.055636449897,48.231110300222916,39.84209502575425,2.1345607553173926,13.989695112770768,57.15104895584705,0,2026-08-25 06:31:49
2024-01-11 19:09:00,CNC-03,H,298.2495938639884,313.25100832065255,2239.5454939713422,34.9550616762202,156.05743900675182,3.0567258292764063,14.78361456580524,53.85131162779167,0,2026-08-25 06:31:49
2024-01-11 22:30:00,CNC-03,H,297.17862686819615,308.96136655356054,2715.6063961404266,12.577112845969474,166.0670879810687,3.625090210685142,6.427651104236688,60.96624579501369,0,2026-08-25 06:31:49
2024-01-11 10:40:00,CNC-02,M,295.9907586210604,310.9083114481078,1369.3511127376228,53.13322278964606,190.2088661762448,2.5971060971409208,13.556672151409936,59.19249723387114,0,2026-08-25 06:31:49
2024-01-11 07:18:00,CNC-01,L,296.34661289590395,311.07716143750946,1889.7837328466126,39.820948786893695,135.4286327014758,2.6950700216073153,13.791945595662305,56.350003455221156,0,2026-08-25 06:31:49
2024-01-11 21:31:00,CNC-03,H,297.7044255118494,310.51421244055626,2451.012188276227,20.96651137826389,101.4173677996612,3.087025676840889,9.367353652788264,53.60708510075209,0,2026-08-25 06:31:49
2024-01-11 14:09:00,CNC-03,H,295.1941821467305,309.9834918507964,1490.2261345510767,46.888923791069786,244.99984922866852,3.05405261469545,13.108688498163257,62.03862890238559,0,2026-08-25 06:31:49
2024-01-11 04:01:00,CNC-02,M,296.7699553636251,309.7981391463463,2319.363755480399,23.999094275116878,95.12572604042401,3.0810384364427916,10.254905294078167,57.358104428443355,0,2026-08-25 06:31:49
2024-01-11 19:06:00,CNC-03,H,298.1837933509264,313.22181106347506,2177.966808522172,36.524262844876596,152.25268164106106,2.982910874286262,14.974683530954694,49.40047203465912,0,2026-08-25 06:31:49
2024-01-11 21:36:00,CNC-03,H,297.59577535475114,311.25701637207186,2534.6286288303304,24.74131428745021,107.11052398920087,3.0942482010171695,11.624849128415876,52.26529643818492,0,2026-08-25 06:31:49
2024-01-11 11:06:00,CNC-02,M,296.072455091255,309.6896611243908,1349.1333646330647,49.65906766000294,1.6,2.033182516075879,12.633639046518283,58.320276920779754,0,2026-08-25 06:31:49
2024-01-11 09:31:00,CNC-01,L,296.08114209173715,310.0910519092265,1525.6352944808013,46.16455829765107,98.6909909553755,22.5277634536503,13.346634174451822,58.38905630477481,0,2026-08-25 06:31:49
2024-01-11 21:30:00,CNC-01,L,300.3673721357681,312.6465810012278,2654.6075195219246,18.731745043275346,28.408539088475745,3.175448466759869,9.058572658190808,47.075924338936986,0,2026-08-25 06:31:49
2024-01-11 16:05:00,CNC-03,H,296.25823848661736,310.5410779898459,1749.3826603390132,39.303138444725114,160.21655204215065,2.5103388697608358,12.929224236930343,60.85313937615363,0,2026-08-25 06:31:49
2024-01-11 12:36:00,CNC-03,H,300.68429135310976,,15725.854600035185,51.8538607949875,98.38935873932293,2.1036352513290297,13.077612130109827,45.07559777353299,1,2026-08-25 06:31:49
2024-01-11 00:36:00,CNC-01,L,298.8078851346168,310.84701447233755,2803.0640845418684,15.971052897140709,39.94541503937292,3.301257343067623,8.401375063785164,56.14556294809825,0,2026-08-25 06:31:49
2024-01-11 18:30:00,CNC-02,M,305.27399862534025,313.7362989071368,2096.734480300165,34.38293138828531,35.43963245600494,2.7799550039303718,13.40737381399714,42.20275693896584,0,2026-08-25 06:31:49
2024-01-11 01:45:00,CNC-02,M,297.96034122186046,310.9037049260436,2814.695024591636,17.99253364740665,161.70394022511556,3.6122326693589972,9.455250724053878,57.1857328302724,0,2026-08-25 06:31:49
2024-01-11 19:08:00,CNC-03,H,297.810329053977,312.42133556958413,2076.388164757144,33.49441909677203,154.79278869218606,2.958876573684672,12.865615925037869,60.07558687637297,0,2026-08-25 06:31:49
2024-01-11 02:24:00,CNC-02,M,297.4603593081148,311.76953123584997,2607.6631927738445,24.711789863211752,204.6175587218198,3.9351356786248175,12.044108004259929,57.02185018036234,0,2026-08-25 06:31:49
2024-01-11 09:49:00,CNC-03,H,294.3584048713806,308.34093676323295,1554.7608111366676,45.68790344854965,59.99398483650523,2.241463918896513,13.429353279775093,63.93398859759766,0,2026-08-25 06:31:49
2024-01-11 04:25:00,CNC-02,M,296.51173388140637,310.37205315711003,2386.009376942012,27.532240482313256,124.10666497650892,2.9929565890124072,12.299413191741369,59.89197555635625,0,2026-08-25 06:31:49
2024-01-11 04:29:00,CNC-01,L,296.6850047695568,310.14284075197827,,25.788168313187235,103.71825182549101,3.114264145064494,11.582018352981109,58.65567589285179,0,2026-08-25 06:31:49
2024-01-11 18:24:00,CNC-02,M,32.151359637483495,40.010745498382335,2117.115644798442,31.30503879510982,27.63939053188704,2.790015584064553,12.337860425293403,41.34575263310494,0,2026-08-25 06:31:49
2024-01-11 03:33:00,CNC-02,M,23.730563969760283,36.66840444814255,2370.6659274006247,22.520851869490286,61.85388079426092,3.0597735963124975,9.94600936419597,55.40628167027788,0,2026-08-25 06:31:49
2024-01-11 01:58:00,CNC-03,H,297.33527161827595,,2775.3630793423404,19.0977947889641,145.87228829130316,3.449363034455045,10.353254108332461,57.87760860464041,0,2026-08-25 06:31:49
2024-01-11 15:57:00,CNC-03,H,296.23445550192724,310.3708752867811,1719.5614178739722,39.95748652323518,148.3579254034839,2.615521876891975,12.988504247842968,58.46391892719108,0,2026-08-25 06:31:49
2024-01-11 15:50:53,CNC-03,H,296.1450550786709,310.8800307032983,1667.8723048580287,44.66271486841476,141.00923137585116,2.4770425819354807,14.05256140428199,55.3520324351376,0,2026-08-25 06:31:49
2024-01-11 04:23:00,CNC-01,L,296.77036335799374,310.8253744074088,2350.322870472762,29.664299372198386,96.35272376138133,3.0713715431200006,13.074305995947334,58.028801638823914,0,2026-08-25 06:31:49
2024-01-11 00:43:00,CNC-02,M,298.62127381137617,311.53765993580873,2678.7953884421518,18.611908439159734,95.20241193140265,31.894975366521706,9.56297269112647,52.75239605880609,0,2026-08-25 06:31:49
2024-01-11 01:18:00,CNC-01,L,298.37310728119786,310.6649380800422,2623.9185706579538,16.982698276680356,84.73973997302011,3.2281751347597014,8.26326573730253,55.82963771193696,0,2026-08-25 06:31:49
2024-01-11 11:45:00,CNC-02,M,296.1146471428781,310.11017702190964,1383.3923587337144,,,1.9745478793229483,12.740878189330834,56.41183518813562,0,2026-08-25 06:31:49
2024-01-11 21:12:00,CNC-01,L,300.41557936308584,311.8814168381284,2559.3169500481463,15.50450526607771,7.970817596472608,3.086427731121381,7.477795704074119,50.25865283989215,0,2026-08-25 06:31:49
2024-01-11 01:47:00,CNC-03,H,297.97736803623764,311.7619656240168,2557.3312102871146,24.51515624160368,133.84230114876644,3.222913034110617,11.823949538840086,58.90431192549712,0,2026-08-25 06:31:49
2024-01-11 14:39:00,CNC-01,L,298.426907129045,313.4420984371559,1415.5219572201904,55.913054688723825,170.8026829389839,2.576962246062881,14.942159455195759,50.08771575108873,0,2026-08-25 06:31:49
2024-01-11 09:21:00,CNC-03,H,294.29046068777745,307.8466999847218,1524.3606217303416,43.946362678892996,16.721150728580128,2.2343795287347508,12.410784261733093,62.0767293164901,0,2026-08-25 06:31:49
2024-01-11 07:47:00,CNC-02,M,295.4857609059391,310.8361268573278,1837.740640223605,43.85482907766615,175.05875544354862,3.001908762566031,14.895565518212305,61.57885617304575,0,2026-08-25 06:31:49
2024-01-11 18:15:00,CNC-01,L,27.2851231509581,41.19278403847386,2027.2366984458229,33.62277302363385,34.76659957613783,2.557821068432393,12.787819547343705,49.31759466168837,0,2026-08-25 06:31:49
2024-01-11 16:40:00,CNC-01,L,300.3004177641008,314.77038524934096,1750.3710981887539,41.522884346839824,142.44729251513698,2.638369044329019,13.489882833603009,50.728473004822284,0,2026-08-25 06:31:49
2024-01-11 22:02:00,CNC-02,M,299.00510437766445,311.5310309105995,2602.9023419097334,18.26505154532313,36.27619210557761,3.1349090359507445,8.896217773150667,52.2578118662244,0,2026-08-25 06:31:49
2024-01-11 21:55:00,CNC-02,M,299.34954002952014,310.78055054325193,2614.193039288207,13.245365656244164,28.66124988058051,3.16881291609702,6.187499133742314,56.30415834432859,0,2026-08-25 06:31:49
2024-01-11 21:37:00,CNC-03,H,297.3638233987851,310.31115530476404,2768.1151855547887,18.71047649213014,108.15636504496138,3.30743317315485,9.927251107307272,58.016391322559656,0,2026-08-25 06:31:49
2024-01-11 22:24:00,CNC-02,M,299.12325017569714,311.50120112100285,2646.411260784747,17.130816192248677,60.20119027143145,3.1451151255360164,8.70463709222757,52.236934130100664,0,2026-08-25 06:31:49
2024-01-11 02:35:00,CNC-02,M,297.3491671933807,311.3981116998059,2425.3925152722286,25.381712926470065,217.03122073736014,3.7926177852971867,11.549620110550928,57.992460631308695,0,2026-08-25 06:31:49
2024-01-11 09:54:00,CNC-01,L,296.34468522590964,310.60322416773533,1388.53094028231,50.02805831420919,134.4138736714193,2.27195567198245,12.826577745473074,56.46615204356385,0,2026-08-25 06:31:49
2024-01-11 00:20:00,CNC-03,H,299.2403106971831,310.49356508904765,2721.9508200592477,12.794230759107613,40.54786814394665,3.239133097615773,6.758110192023328,53.52531895208672,0,2026-08-25 06:31:49
2024-01-11 16:59:00,CNC-01,L,299.9867176960264,314.28354775664167,0.0,36.52126366008525,169.25138554401724,2.97198483922163,12.357015360282507,50.9317552759373,0,2026-08-25 06:31:49
2024-01-11 16:25:00,CNC-01,L,300.2322504211485,315.1696698864044,,41.547471980794654,121.01813115568963,2.7050480446606566,14.758048863115159,51.93272673334532,0,2026-08-25 06:31:49
2024-01-11 19:57:00,CNC-02,M,300.05233712590314,314.1935327942435,2350.057795103147,26.561030898157423,143.550944465272,3.217290064371551,11.543834779019084,54.82701609770336,0,2026-08-25 06:31:49
2024-01-11 05:52:00,CNC-03,H,295.5726338446638,310.3760233719808,2084.9250724437984,34.832324386785245,173.77667626118432,3.031083944744679,13.694524355718663,58.85880772171694,0,2026-08-25 06:31:49
2024-01-11 06:47:00,CNC-01,L,296.6807785510876,310.43885751461846,1968.5413664017155,32.95830627937159,92.11287087789987,2.6591627123289583,12.198650445041089,59.34649196145604,0,2026-08-25 06:31:49
2024-01-11 12:43:00,CNC-03,H,300.5347648491537,308.40971272864397,1294.9842439670567,50.748917585529384,109.52530965504417,2.0057424462434628,12.495992686591938,47.47622327642467,1,2026-08-25 06:31:49
2024-01-11 10:02:00,CNC-01,L,296.14678909505847,310.8696814246841,1389.3564171119438,52.018503476832116,146.95129068410841,2.3141671864639464,13.7441219003051,59.04940416035548,0,2026-08-25 06:31:49
2024-01-11 13:13:00,CNC-03,H,294.9895051656972,309.7479128953466,,54.76580255886927,157.08743485402707,2.286447465148454,14.243368083534241,62.21758139652144,0,2026-08-25 06:31:49
2024-01-11 21:17:00,CNC-02,M,299.2505339339467,313.45536508261154,2594.6817964277416,21.155668819116592,236.06375155269157,4.049369794458509,10.211509416978098,54.3857356229801,0,2026-08-25 06:31:49
2024-01-11 01:56:00,CNC-03,H,297.4580912389318,310.8288374019825,2704.0408530675422,19.96075402338567,143.70107671567246,3.397444708412482,9.864275217918683,56.69241514361633,0,2026-08-25 06:31:49
2024-01-11 07:12:00,CNC-01,L,296.2475434108644,311.3171609034963,1899.0695995098458,41.80007845505481,126.87220255282938,2.6626788244089377,14.71482682372004,60.54157776250945,0,2026-08-25 06:31:49
2024-01-11 01:24:00,CNC-02,M,298.08227482082106,311.57040963542136,2659.256146461531,22.543907551327607,138.8135153746598,3.531101834677517,10.999549006074101,58.13124588870968,0,2026-08-25 06:31:49
2024-01-11 20:13:00,CNC-02,M,299.81441074531665,313.41996789825674,2317.2528806344967,24.302497275627154,162.55812696098857,3.2200463645009845,10.522357062054187,54.16627769409239,0,2026-08-25 06:31:49
2024-01-11 16:09:00,CNC-01,L,299.82002171732876,314.22542638222137,1751.718182890967,43.68152848707626,98.04576960623051,,14.292762224489147,53.57003937667519,0,2026-08-25 06:31:49
2024-01-11 12:50:00,CNC-01,L,297.65819070048815,311.44034639816465,1377.1838326135737,50.378944241281694,0.0,20.2438401391949,12.872983931162642,52.24650348657738,0,2026-08-25 06:31:49
2024-01-11 22:40:00,CNC-01,L,300.2752694914008,312.61651674934285,2556.3964021398783,17.131755008319388,104.74104316678907,3.2527339155102166,8.220828453596399,52.20149234406428,0,2026-08-25 06:31:49
2024-01-11 12:22:00,CNC-01,L,297.3438414673003,312.0156855660123,1412.6102641128207,52.07103745051812,177.23430584320826,2.681014939043412,13.65831317434641,55.62208718850882,0,2026-08-25 06:31:49
2024-01-11 19:22:00,CNC-02,M,299.5835183280897,313.52912839577755,2176.166044785485,27.836349472093485,100.89172517540489,2.8841431904323827,11.44614093899901,49.44737814526496,0,2026-08-25 06:31:49
2024-01-11 03:22:00,CNC-02,M,23.6723166508458,36.08469333684633,2389.6710024052827,21.962579373153577,49.08119365264401,2.8175252158537183,9.925493840190127,59.32278663711888,0,2026-08-25 06:31:49
2024-01-11 16:20:00,CNC-03,H,296.4475738738481,311.31883180619093,1694.5242678796774,43.95321228366443,181.98966578839062,2.7017939209944664,13.788741248886197,58.04410733873053,0,2026-08-25 06:31:49
2024-01-11 15:55:44,CNC-02,M,298.74844663248933,312.8387544383733,1633.8688641060623,42.088927490999914,28.022547309049983,2.2441558560463575,13.128608226432204,56.475979256844084,0,2026-08-25 06:31:49
2024-01-11 18:28:00,CNC-02,M,305.19216668296633,312.79655247461864,2103.0489831569366,30.223843619549015,32.796778821078846,2.655223166356474,11.888598660580767,40.97204370732097,0,2026-08-25 06:31:49
2024-01-11 21:40:00,CNC-02,M,299.0121175142672,310.308324497955,2648.3011132722604,12.762113363564199,12.185880894549852,3.2597467672394633,6.139268100017841,54.81979449616366,0,2026-08-25 06:31:49
2024-01-11 12:51:00,CNC-03,H,300.4361534207694,309.5499163594591,1431.9207013285697,56.75018462092666,122.19882066664746,2.1854333945394497,15.164414255679842,50.254063234197524,0,2026-08-25 06:31:49
2024-01-11 16:31:00,CNC-03,H,0.0,311.9387658496125,1779.8323596882367,42.56553559314101,197.86501224111703,2.9191803411256783,14.082718188844327,60.05895143300083,0,2026-08-25 06:31:49
2024-01-11 00:05:00,CNC-03,H,299.22610547348836,,2686.415401652199,14.816179296546546,24.740793244440923,3.212864287719367,7.34880982970101,50.52987416872234,0,2026-08-25 06:31:49
2024-01-11 23:40:00,CNC-03,H,296.9888282620126,310.2312079800523,2670.8482355491174,18.57258521790295,240.6452985795674,4.064679746140318,9.033637457728247,58.509282695262776,0,2026-08-25 06:31:49
2024-01-11 10:59:00,CNC-03,H,294.62317121778705,309.60565791451774,1366.371320515159,55.44458710343019,169.87488070124732,2.514972543456566,13.985735332622438,59.17482039445068,0,2026-08-25 06:31:49
2024-01-11 11:23:00,CNC-02,M,296.29782953362053,309.96377911420444,1311.8553574953683,51.72832094117891,28.446547559888014,1.9460380160285282,12.657550939136836,63.24806746421139,0,2026-08-25 06:31:49
2024-01-11 09:50:00,CNC-01,L,296.37067407138557,310.7071594071052,1559.8887593655631,46.654771181011284,128.09354868902128,2.3673792609536966,13.608639130415936,64.1867387480639,0,2026-08-25 06:31:49
2024-01-11 13:32:00,CNC-02,M,297.27041235087904,311.618014430356,1564.77081290024,47.175535863908685,29.9525564117438,2.1357292720952774,13.745777166901142,57.03109297417552,0,2026-08-25 06:31:49
2024-01-11 05:22:00,CNC-01,L,296.5195158644705,310.9791871447387,2147.1123664587426,32.616774501314396,170.39797384906473,3.209149780680008,13.123245531601933,59.24980779574303,0,2026-08-25 06:31:49
2024-01-11 02:31:00,CNC-03,H,297.28936912470266,310.73990723295856,2604.000762629599,21.140825701673748,182.36427690402337,3.503142885116269,10.3988940624937,57.159039598372445,0,2026-08-25 06:31:49
2024-01-11 17:26:00,CNC-02,M,26.021851170399884,41.253677760247626,2017.6600538454215,37.02819336605435,155.68873061239958,2.9528513182147154,13.978546846521471,51.53480211137999,0,2026-08-25 06:31:49
2024-01-11 13:23:00,CNC-03,H,294.9949554048133,309.5681006980015,1374.7405897798558,52.213505287851774,172.81883754601225,2.3857118727778,13.442772102658331,60.68939932474557,0,2026-08-25 06:31:49
2024-01-11 12:19:00,CNC-03,H,300.4444863047939,308.18493423853624,1345.2338182988879,50.428490008146376,71.4739993854635,2.066540722412247,12.554621983179333,53.696706238517024,1,2026-08-25 06:31:49
2024-01-11 07:43:00,CNC-02,M,295.31209677901353,309.8836345369913,1736.881913810608,41.230830917394876,169.3458843177619,2.7747147723808756,13.468398391996379,59.89644153620283,0,2026-08-25 06:31:49
2024-01-11 04:22:00,CNC-03,H,295.8041290216037,309.44939981346226,2183.6891772646945,30.12052192743236,59.59783930989785,2.8536640240635287,12.121743069047646,57.22167116569261,0,2026-08-25 06:31:49
2024-01-11 10:14:00,CNC-03,H,294.51756757977756,308.57470838805244,1446.0811387225447,47.516135966141384,98.9293635488456,2.2044850205734114,12.792841148254293,63.07621321888433,0,2026-08-25 06:31:49
2024-01-11 21:59:00,CNC-03,H,297.51856549937264,310.03582211383855,2671.7707131946495,16.56075093502963,132.47843500096883,3.3512169349548495,8.207586617851984,57.9329752230653,0,2026-08-25 06:31:49
2024-01-11 10:50:00,CNC-01,L,296.51647518977455,310.4796829996367,1380.7177376239977,51.71372087699253,31.61823102181401,2.049087535282878,13.410766592590994,56.18823732793944,0,2026-08-25 06:31:49
2024-01-11 18:41:00,CNC-01,L,300.4148060920357,314.16786187308475,2157.8011558879884,30.176462674004107,68.32248557344586,2.7833688878359366,12.418875237183892,52.26459677197707,0,2026-08-25 06:31:49
2024-01-11 19:16:00,CNC-03,H,298.0636593877863,312.06330727892345,2252.505923632684,28.64589164093324,164.8119631913464,3.1488197674265024,12.151923796336037,56.590047215700494,0,2026-08-25 06:31:49
2024-01-11 20:18:00,CNC-01,L,300.25279477980126,314.6410993351556,2305.8561321047823,29.678073869179155,186.9592326345567,3.645734072659283,12.853567929641716,52.73552872981298,0,2026-08-25 06:31:49
2024-01-11 00:46:00,CNC-01,L,298.8052882426122,310.4790571370811,2749.9636584128157,13.984175743324302,50.5481882559005,3.359377519172442,6.934365857746665,52.70976757799497,0,2026-08-25 06:31:49
2024-01-11 13:41:00,CNC-02,M,297.18826666331637,311.56971298341637,1368.6793421287323,51.57029842091802,44.09249849612333,2.0472880934169653,13.043489215867972,58.515382907462765,0,2026-08-25 06:31:49
2024-01-11 22:52:00,CNC-03,H,297.1984543210785,309.92630917569363,2641.170469613568,18.459876093822277,189.64765752460738,3.618326892077334,9.25246469232454,56.093487103469116,0,2026-08-25 06:31:49
2024-01-11 07:06:12,CNC-03,H,295.30533642152346,309.57795394631273,1823.6966516758184,39.03083550972976,43.278206626154116,2.3670055163958375,13.086591984489372,57.32255262358694,0,2026-08-25 06:31:49
2024-01-11 07:40:00,CNC-03,H,294.8393297610971,309.005449956021,1664.1839464430566,43.61809898358098,90.26418409887322,2.3161046065917104,13.616642494003994,61.93219717527191,0,2026-08-25 06:31:49
2024-01-11 08:25:00,CNC-02,M,295.0551456248452,309.9618769814809,1546.1366303563993,47.024411737578966,231.0994602030871,3.2086258812000605,13.599451886469213,57.960830657284674,0,2026-08-25 06:31:49
2024-01-11 19:09:00,CNC-02,M,299.9038236240729,313.6354376041426,2241.259171048618,28.082600341320184,84.78196000677654,2.8401222508122346,11.944878228776274,51.954291690384544,0,2026-08-25 06:31:49
2024-01-11 02:34:00,CNC-03,H,297.16644902140786,310.4558964965389,2499.7294097292615,21.553299855869533,185.74131468270153,3.523292061884843,10.181548271941034,55.002943313084664,0,2026-08-25 06:31:49
2024-01-11 02:15:00,CNC-01,L,298.2249488069148,311.24449235655794,2626.588205059065,20.41095011618397,147.04834096140198,3.4886201089568023,9.834761825501415,52.91078552411142,0,2026-08-25 06:31:49
2024-01-11 10:25:00,CNC-01,L,296.1083700043246,310.6237534982755,1325.8657892859817,54.375459613114145,182.96166848577835,2.571064662045296,13.394421723095242,58.65409964380176,0,2026-08-25 06:31:49
2024-01-11 04:34:00,CNC-03,H,296.05970879957033,308.6646609565002,2361.2307729597755,,74.3272487361819,3.0194780923533453,9.797885462116124,56.89437687295073,0,2026-08-25 06:31:49
2024-01-11 16:06:00,CNC-02,M,298.8440640375933,313.5499397278144,1738.8371370381708,44.57937665191807,42.65265825514399,2.402722907119017,14.552707072701864,53.658468761520865,0,2026-08-25 06:31:49
2024-01-11 13:30:00,CNC-02,M,297.317568098587,310.9393487839018,1351.354520282071,47.88984979798283,26.848850477777574,2.083760052876134,11.597332583831728,54.912591381203484,0,2026-08-25 06:31:49
2024-01-11 02:42:00,CNC-03,H,23.841259043871787,38.28273634161121,2416.688946852142,28.149836571600265,194.84811737783815,3.422646635272674,12.769953298489854,58.65767484792934,0,2026-08-25 06:31:49
2024-01-11 07:30:00,CNC-01,L,296.31225733368336,310.4030076885728,1643.4827920617638,42.0661125205189,152.68061302568694,2.557906730424854,12.890431375229083,57.490293024663984,0,2026-08-25 06:31:49
2024-01-11 11:53:00,CNC-01,L,297.19190508264643,311.9443255269223,1408.6857948466784,51.68741746537906,131.27159333005213,2.300647048068473,13.635729369768878,58.80640056529955,0,2026-08-25 06:31:49
2024-01-11 12:08:00,CNC-03,H,300.34272306752115,307.6896725405273,1446.847203434418,43.89471428266812,53.963108345155916,2.0496086230592185,11.991907974787798,51.06366790611981,0,2026-08-25 06:31:49
2024-01-11 11:24:00,CNC-02,M,296.2747458615378,310.2034486252081,1335.4146210228294,50.70160733802531,30.04144705676634,2.075696454437841,12.593724127671539,59.26561546487943,0,2026-08-25 06:31:49
2024-01-11 03:36:00,CNC-03,H,23.089662457728707,34.38831195607827,2409.193211026565,15.53049405684853,4.620982722065406,3.027329923921526,7.088617108360616,60.20817157104782,0,2026-08-25 06:31:49
2024-01-11 13:09:00,CNC-01,L,297.69289297228164,311.435494787402,1423.0316993530625,46.90528925702477,30.047171475681594,2.066842642991067,12.480774785564249,56.49484240385722,0,2026-08-25 06:31:49
2024-01-11 23:51:00,CNC-02,M,298.34610511695547,310.687770359653,2771.8486712369104,13.988873486134171,153.21085597671464,3.5475108961281547,7.157503965499118,57.859690773570804,0,2026-08-25 06:31:49
2024-01-11 13:14:00,CNC-03,H,295.0518584321719,310.23566718199754,1447.8346720677903,54.54411593425857,158.66100359445159,2.4206713055764806,15.004005236917717,61.50143404270313,0,2026-08-25 06:31:49
2024-01-11 16:13:00,CNC-01,L,300.06640389646844,314.6031138354902,1847.355159823001,39.835069093331036,103.79673860288581,2.634990349975227,13.449695395399603,45.689596081550725,0,2026-08-25 06:31:49
2024-01-11 14:43:00,CNC-03,H,295.22392024114333,308.5009649919752,1391.7034598610373,45.2084855446028,37.05407736035416,2.0490540457772033,11.983949263069565,66.32503727974378,0,2026-08-25 06:31:49
2024-01-11 14:34:00,CNC-01,L,298.661439499827,313.2978851836068,1580.5378554861547,46.95814841083633,163.0704351065794,2.676757259956225,14.022522180647154,54.13351683368661,0,2026-08-25 06:31:49
2024-01-11 12:13:00,CNC-02,M,296.58182410138187,311.05220261999347,1412.0716320472336,52.151077698606265,107.76374758852639,2.1124916583619227,13.82863948470236,57.5647120091297,0,2026-08-25 06:31:49
2024-01-11 09:00:00,CNC-01,L,296.2023779098457,310.29070420515046,1601.659635432829,46.32577326041152,51.14413131555255,2.2680993409939854,13.965746795044547,56.16281242462885,0,2026-08-25 06:31:49
2024-01-11 21:02:00,CNC-03,H,297.86021059563654,310.73152337390115,2553.2941735857207,21.275298303792837,68.64687128623167,3.071896931928472,10.160676085041294,53.240762884030495,0,2026-08-25 06:31:49
2024-01-11 02:33:00,CNC-01,L,298.0091110230228,311.70981108348076,2589.001375472734,22.628163835627852,166.94594573574454,3.619867094420102,10.867556236613373,52.00098239658206,0,2026-08-25 06:31:49
2024-01-11 08:48:00,CNC-01,L,296.38219248212357,310.10086828256254,1617.9585617503951,42.84984659946359,33.06949449688201,2.264239318258494,12.817820844323087,60.42701202042061,0,2026-08-25 06:31:49
2024-01-11 06:04:00,CNC-02,M,295.5632912009213,308.61159453792317,2038.9110417629072,28.609871805658866,31.638587072087798,2.6752359159190036,10.906227515454013,58.22214745185707,0,2026-08-25 06:31:49
2024-01-11 19:48:00,CNC-01,L,300.3353147142534,314.78397930717347,2207.0678038905166,32.33563310681992,151.23552240396842,3.1843326512025354,13.073268237892107,51.326489352375276,0,2026-08-25 06:31:49
2024-01-11 06:14:00,CNC-02,M,295.72738633654194,309.59931986686934,1966.0959032325898,35.20216513960109,45.14195687504598,2.6992750700975905,13.205595028550489,57.621316279756584,0,2026-08-25 06:31:49
2024-01-11 23:32:00,CNC-02,M,298.6201251337741,311.4840082363481,2738.45690993386,17.80518372506759,133.22295802499664,3.5566033941871082,8.923481452396997,55.40899605337486,0,2026-08-25 06:31:49
2024-01-11 03:53:00,CNC-01,L,,309.3205724422071,2410.602884128435,19.29971094842669,60.11725862727255,2.8731955957774638,8.780700743349794,57.808481986051135,0,2026-08-25 06:31:49
2024-01-11 16:13:00,CNC-02,M,298.9378684278647,313.12835403548956,1686.9690253446431,40.79048577890966,52.833420070997434,2.274161727002714,12.685866299923582,53.459372841139285,0,2026-08-25 06:31:49
2024-01-11 17:17:00,CNC-01,L,300.52718089284735,315.42262561121186,1973.661040143892,38.79234641957083,194.31579180631402,3.300849525153659,14.461793325696886,50.452240127628244,0,2026-08-25 06:31:49
2024-01-11 02:51:00,CNC-01,L,24.67578989777985,38.37854616780038,2582.187455925326,22.75034819274402,187.18051803079612,3.723478009951923,11.159225189246191,54.76744704378737,0,2026-08-25 06:31:49
2024-01-11 09:23:00,CNC-02,M,295.31163374121974,310.05615788172366,1548.666998379221,49.15382864192707,69.9944148832973,2.2499523620352533,14.200735341302035,60.9351790890101,0,2026-08-25 06:31:49
2024-01-11 18:32:00,CNC-03,H,297.8624229530845,311.4184192477257,2038.643586811883,31.107796145570862,109.083946438399,2.7509812060915197,12.010478290555653,49.087276704304955,0,2026-08-25 06:31:49
2024-01-11 18:52:00,CNC-03,H,298.3094997879125,311.91337301643125,2169.38354051168,27.148824023507075,134.58598421162486,28.930477667626686,0.0,56.48938336418079,0,2026-08-25 06:31:49
2024-01-11 21:40:00,CNC-01,L,300.31362811213637,312.29959906282585,2590.640842889982,17.520609908151666,39.326197404669124,3.262285884703474,8.292404920266275,49.658346448410136,0,2026-08-25 06:31:49
2024-01-11 22:31:00,CNC-03,H,297.08210302187535,309.534653208141,2683.672326095023,17.027361052987455,167.15086603733525,3.451844981494069,8.539361637776377,57.619221834332116,0,2026-08-25 06:31:49
2024-01-11 01:55:00,CNC-02,M,297.76834716188324,310.9942279579448,2758.857077196236,19.532693494877446,172.5447266648829,3.777392537341164,10.127946579757587,56.69314856288294,0,2026-08-25 06:31:49
2024-01-11 19:43:00,CNC-03,H,298.1367452086763,312.1239911371912,2247.4942254504767,28.39989588536532,197.91142787468044,3.3208448398120542,11.728723715971283,59.90067255203645,0,2026-08-25 06:31:49
2024-01-11 10:06:00,CNC-02,M,295.63575875951324,310.06575395537703,1455.1844875054564,45.846987145960696,136.75905926017072,2.3341006006872216,12.390362267943416,58.85412416866663,0,2026-08-25 06:31:49
2024-01-11 23:29:00,CNC-03,H,297.18584436932,310.2840606700982,2635.224430313591,18.484609422847612,229.02539409370422,3.9598112037855477,9.05726113693838,57.65628680304536,0,2026-08-25 06:31:49
2024-01-11 20:50:00,CNC-02,M,299.2910842128517,313.45374928102666,2440.274209875052,25.42679080279065,205.57351469111853,3.6926698641567857,11.54754954885968,52.946340895170565,0,2026-08-25 06:31:49
2024-01-11 00:06:00,CNC-01,L,298.8381015707525,309.5212063232682,2707.6874253101937,10.326802823360039,7.915491749166446,3.2860618093404024,5.2442564692128215,55.70092898995026,1,2026-08-25 06:31:49
2024-01-11 20:23:00,CNC-02,M,299.67207773011546,313.7392769582237,2454.951903032088,24.669438393896232,174.31432204991683,3.442640693876323,10.99943266146454,54.16009159614528,0,2026-08-25 06:31:49
2024-01-11 12:50:00,CNC-03,H,300.3637504316299,309.0298112764887,1485.8400525421307,49.59813017658341,120.61091836465047,2.2712599392490036,13.901367251809742,51.688312318260266,0,2026-08-25 06:31:49
2024-01-11 03:05:00,CNC-03,H,23.626044359492823,36.73585054237418,2540.5192675427948,20.09060765189323,221.06901160552658,3.8186413301367796,9.693183402285857,58.256644484915185,0,2026-08-25 06:31:49
2024-01-11 02:22:00,CNC-03,H,297.07339598029455,309.93778012504185,2603.123848015815,19.63824896765547,172.29756279425413,3.5335820905299395,9.60662007963996,58.55384188288089,0,2026-08-25 06:31:49
2024-01-11 11:11:00,CNC-02,M,295.8600161637065,309.77061441614165,1353.4475038413425,49.32001426268827,9.504369623816556,2.0254093715173935,12.209198490056464,57.227872171827826,0,2026-08-25 06:31:49
2024-01-11 07:33:00,CNC-01,L,296.2435863864724,311.26729734578726,1674.4533835801224,45.469315231267636,156.98869998546178,2.599227331664853,14.257380764237658,53.51827615902569,0,2026-08-25 06:31:49
2024-01-11 13:43:00,CNC-01,L,298.44563837404195,312.3928865735789,1345.5717155857403,50.89516958464684,83.64973468199301,2.0549076291294126,13.064814658678504,57.79450534216557,0,2026-08-25 06:31:49
2024-01-11 08:20:00,CNC-03,H,294.4538666782852,308.8025873394377,1616.7884691013953,42.89713510876209,148.75922039599408,2.541322013022275,12.96774894099781,61.30271904713226,0,2026-08-25 06:31:49
2024-01-11 22:52:00,CNC-01,L,300.00650702338925,312.93818311059175,2603.622188104229,19.800973161073973,117.64458716786912,3.289811346188715,9.695401985536977,47.816357397970776,0,2026-08-25 06:31:49
2024-01-11 15:28:00,CNC-01,L,299.21279445985516,313.0143219994307,1639.5389037015907,42.73310240831096,37.83071992040784,2.197277721724337,13.090826075147502,51.65380928729094,0,2026-08-25 06:31:49
2024-01-11 17:24:00,CNC-03,H,24.200370858502424,37.73721660660448,1904.955963879763,34.693417041434905,18.080707558506628,2.503283399587849,12.389210998126023,60.250286752419925,0,2026-08-25 06:31:49
2024-01-11 09:19:00,CNC-02,M,295.2932650353344,309.6653373349618,1636.6241746946341,44.17150530702711,63.851133554090495,,13.39871447183965,62.05173308269665,0,2026-08-25 06:31:49
2024-01-11 11:14:00,CNC-02,M,296.0724912129774,309.7977776566837,1410.8057957007356,47.771306694769905,14.22853577215614,2.0875077739585257,12.852771488934017,55.20035233932099,0,2026-08-25 06:31:49
2024-01-11 19:47:00,CNC-02,M,299.63552853803674,313.68849685431735,2269.4356851263547,27.56403317792445,131.4604998304393,3.1126500301783078,11.661237665764661,50.59549876546761,0,2026-08-25 06:31:49
2024-01-11 00:05:00,CNC-02,M,298.8709615202203,310.63074659191744,2732.9537108268623,14.332630796254932,54.83759120277722,3.248698049474726,7.541231424541227,54.824726154233026,0,2026-08-25 06:31:49
2024-01-11 06:48:00,CNC-01,L,296.4484439699773,310.5535611562049,2005.0046428763521,36.8797497878361,93.46554903783884,2.7582406968847915,13.698330404612664,62.43976181112732,0,2026-08-25 06:31:49
2024-01-11 13:42:00,CNC-01,L,298.2417250748473,311.9756506606113,1315.7922452310447,49.78811529184436,82.04973468199302,2.078964084952709,11.971667431998068,51.14393370594262,0,2026-08-25 06:31:49
2024-01-11 06:05:00,CNC-01,L,301.7887519418843,309.23670269722635,1968.048303166915,31.701124210154862,35.516209295608085,2.513427394295107,11.773378616454345,48.8761111286327,0,2026-08-25 06:31:49
2024-01-11 01:18:00,CNC-03,H,297.8970686637859,311.12175675584723,2627.42724141078,21.68029167922438,102.32614700029,3.2852054224468206,10.808370289131885,55.832699729977875,0,2026-08-25 06:31:49
2024-01-11 08:57:00,CNC-01,L,296.58413595850084,311.07969193688535,1538.425975666527,50.86954461351515,46.66487640890327,2.1406912874417223,14.60573109010717,54.14359330236087,0,2026-08-25 06:31:49
2024-01-11 18:17:00,CNC-01,L,27.12028808551304,40.957884836542064,2102.8668156736717,33.2789399724062,37.362138757671474,2.7201784355395837,13.239952233668102,52.14428477543545,0,2026-08-25 06:31:49
2024-01-11 08:02:00,CNC-02,M,295.26830152043556,310.20535677798085,1706.662510412586,43.6167727263479,196.98945586434857,2.9800916406476303,13.9733456365001,59.84786395760523,0,2026-08-25 06:31:49
2024-01-11 10:53:00,CNC-03,H,294.69355718666947,309.4066934519681,1376.3066535586233,55.33806265354914,160.46084115812533,2.291328812581632,14.378969397901363,61.03842705667511,0,2026-08-25 06:31:49
2024-01-11 05:51:00,CNC-03,H,295.40178985768733,309.65556960632244,2027.6719110607514,33.80519215018958,172.45398791679298,2.9691248675322437,12.707333325108939,60.84014089189081,0,2026-08-25 06:31:49
2024-01-11 21:35:00,CNC-01,L,300.25316184557624,311.76886588001435,2704.4980588206654,14.428789248325632,,3.1754692084180443,7.392228059253627,52.95989891885282,0,2026-08-25 06:31:49
2024-01-11 13:28:00,CNC-02,M,297.48597034257745,311.4972947555832,1490.4598072398433,45.456386680299964,23.65768672911647,2.0852863104441637,12.431214894316923,54.33123520923499,0,2026-08-25 06:31:49
2024-01-11 19:48:00,CNC-02,M,299.78015869056566,314.2183158793339,2275.5752905034,29.104860529986862,132.7042727519098,3.0979002669919917,12.46330146462983,53.529006857357,0,2026-08-25 06:31:49
2024-01-11 16:44:00,CNC-02,M,299.1266562695303,313.88834522023086,1848.0241269423937,38.82558770150454,97.12893045084294,2.4829222690395287,13.36033752925542,50.208595873442725,0,2026-08-25 06:31:49
2024-01-11 11:54:00,CNC-03,H,300.1138193181165,307.6624703800342,1364.761901867984,47.280497740230146,31.863094808288928,2.102595567243702,12.141287358458795,52.9203911716652,1,2026-08-25 06:31:49
2024-01-11 15:29:00,CNC-02,M,298.10665869848197,312.85501764953057,1534.99776981973,45.466088821266524,210.22107423021922,2.8241697727548654,13.131773884245547,56.90811091973759,0,2026-08-25 06:31:49
2024-01-11 18:31:00,CNC-03,H,297.8046319679298,311.6527652661852,2238.680299306812,28.118431980652797,107.76092211708851,2.904099612252341,11.482270582039801,57.926996301231014,0,2026-08-25 06:31:49
2024-01-11 19:54:00,CNC-01,L,6974.534477875364,313.60339838959356,2191.881013371523,27.850830342132546,158.47206680792561,3.2135764765065162,11.335167327477848,45.96509442987625,0,2026-08-25 06:31:49
2024-01-11 08:38:00,CNC-01,L,296.32522750508906,310.0610756870353,1666.1563159371833,40.391629357393754,17.980969171806382,2.251824202478444,12.42057473559757,60.72482910782373,0,2026-08-25 06:31:49
2024-01-11 10:03:00,CNC-03,H,294.43227154625316,309.2694144520435,1687.3966331615484,47.45459744126932,81.68478708793354,22.924957255062022,15.010219314691103,59.312838644710105,0,2026-08-25 06:31:49
2024-01-11 05:58:00,CNC-03,H,295.1059300046421,309.3961171629788,1969.7965827966354,35.04819913366734,181.73112880428627,2.9117439630520487,13.094698168689906,58.952978626376165,0,2026-08-25 06:31:49
2024-01-11 07:21:00,CNC-02,M,295.5462786949541,309.89404461800234,1686.6583953368247,41.643070057003676,137.88260163330125,2.5574364028634284,13.023451036061125,59.29021645601844,0,2026-08-25 06:31:49
2024-01-11 15:38:00,CNC-02,M,298.6503562627633,312.34442930859166,1571.635425757338,43.3257342905607,1.5001421513968296,21.790780343038044,12.524882460761804,55.06754041877315,0,2026-08-25 06:31:49
2024-01-11 09:30:00,CNC-01,L,296.18498989791965,310.9809742494111,1708.86511747124,47.65046816914623,97.17211260726245,2.414026612720411,15.450671721159718,59.15254538708809,0,2026-08-25 06:31:49
2024-01-11 15:50:00,CNC-01,L,299.4136223033739,313.6891321285771,1641.0751308568615,44.31592963380028,70.24545651578846,2.2930054613231587,13.810702413180191,52.05895626577352,0,2026-08-25 06:31:49
2024-01-11 14:54:00,CNC-01,L,298.9308084205054,313.1663150526703,1493.4679940530393,45.0032255495126,193.83993620079764,2.91617536076425,12.655967681585086,49.37809975300284,0,2026-08-25 06:31:49
2024-01-11 02:14:00,CNC-03,H,297.30665238182195,310.60565077594936,2495.1159644655722,22.15925303211753,163.50473048889262,3.300618882493986,10.190306525354865,56.19941849452738,0,2026-08-25 06:31:49
2024-01-11 10:12:00,CNC-02,M,295.57904810992846,310.17741208777994,1440.094059101788,51.59572200292862,146.21443303456422,2.398234989158874,14.088185961342816,58.996852927996486,0,2026-08-25 06:31:49
2024-01-11 13:01:00,CNC-01,L,297.97848825567183,311.558506976938,1368.5194961826962,48.3648683692141,17.364406902160603,1.9415791666322235,12.216999870842743,59.968985502254604,0,2026-08-25 06:31:49
2024-01-11 14:05:00,CNC-03,H,295.3509569108275,310.67087589805334,1456.592469785565,53.259598436338855,238.86329391067375,3.044726160851555,14.52413774752836,58.75861400922799,0,2026-08-25 06:31:49
2024-01-11 04:05:00,CNC-03,H,296.4173536021389,309.3577658491105,2318.7846283135,23.8624879444829,39.000499225048536,2.834241776480846,10.570101107419307,54.958595909662044,0,2026-08-25 06:31:49
2024-01-11 14:25:00,CNC-03,H,295.4546663189562,308.9057793638414,1491.0256873450608,44.276863176450185,9.209759446378772,2.15228422376166,12.423490819864357,58.443690324215595,0,2026-08-25 06:31:49
2024-01-11 14:47:00,CNC-03,H,295.800577961897,309.59051739106684,1578.344241323153,43.367185629495275,43.19645357588027,2.1943026377831845,13.017480235665666,56.440182834884006,0,2026-08-25 06:31:49
2024-01-11 13:06:00,CNC-01,L,297.95617450415165,311.7213245362915,1431.8472798615774,49.524751113590476,25.283411856604097,2.027572612763461,13.11509438534377,55.64561582337516,0,2026-08-25 06:31:49
2024-01-11 12:09:00,CNC-01,L,297.3225264511396,311.8895942106216,1345.6180380317003,52.83113045914445,156.60316032672117,2.396314489657242,13.429196638387458,53.65901949198037,0,2026-08-25 06:31:49
2024-01-11 11:36:00,CNC-01,L,296.8480784795183,310.7532778968568,1391.8889037035383,48.575079927231236,104.56592250039294,2.090327918868322,12.833285235925757,54.92592080813643,0,2026-08-25 06:31:49
2024-01-11 11:26:00,CNC-02,M,296.16130343764814,309.8878790194849,1369.3586784752551,48.11499754721968,33.207932450348885,2.143249848262976,12.318312295063796,58.57445212963208,0,2026-08-25 06:31:49
2024-01-11 18:59:00,CNC-02,M,299.8460607136479,313.3841701807216,2370.167258509572,24.722245826095456,72.25008844915939,2.8937824058563493,10.954809166272144,54.82614485199427,0,2026-08-25 06:31:49
2024-01-11 15:55:00,CNC-01,L,299.5562359052907,313.3747122020439,1660.0268087935385,41.38425396378049,77.54994084179837,2.4009898532489813,12.885304004920624,52.17763318335064,0,2026-08-25 06:31:49
2024-01-11 22:20:00,CNC-02,M,298.91924449892895,311.8751415920661,2675.4637487798736,19.824019552825547,55.89685000117492,3.2093471518712984,9.89174562822434,54.159874870487094,0,2026-08-25 06:31:49
2024-01-11 10:06:32,CNC-03,H,294.17926381082856,308.3392016733301,1325.3828388925713,52.85034241543168,89.5160373996088,2.0428622501073486,12.970371462623234,62.9816056651581,0,2026-08-25 06:31:49
2024-01-11 06:00:00,CNC-03,H,295.2359463483061,310.1195884979309,2136.7208314310674,35.64528781353825,184.3887951860443,3.2606915549103688,14.262765202762889,60.46816911643673,0,2026-08-25 06:31:49
2024-01-11 16:30:00,CNC-02,M,298.82587770445724,313.4075124703973,1701.648927459291,44.19316281889365,77.2354289502855,2.3049199511540492,14.086483564389171,55.10038466372433,0,2026-08-25 06:31:49
2024-01-11 19:15:00,CNC-03,H,298.1120470273157,311.9814800991162,2227.197225462226,28.98513004003182,163.58196171936837,3.0904844989177027,11.925815923458382,53.04738969966681,0,2026-08-25 06:31:49
2024-01-11 12:06:00,CNC-02,M,296.54562020741537,310.7465471399083,1416.7892725290785,48.65591746418022,96.62971369890808,2.2492975269319153,12.687192800846399,60.52905180943263,0,2026-08-25 06:31:49
2024-01-11 09:24:00,CNC-01,L,296.25348510954746,310.9047721223858,1528.767549142273,51.612448698508736,87.8621605811072,2.1816893606292016,14.722794155749558,56.337275312492125,0,2026-08-25 06:31:49
2024-01-11 12:39:00,CNC-01,L,297.58822092369576,311.86609315948715,1362.914372582292,50.54859475815423,204.2520057003585,28.19950020365577,12.968015509953043,55.59024938852939,0,2026-08-25 06:31:49
2024-01-11 05:22:00,CNC-02,M,295.73446769947446,310.01131449062314,2235.549118891105,29.111149865850024,196.19167100756331,3.4187058122484837,12.159063195138804,62.52173704133818,0,2026-08-25 06:31:49
2024-01-11 07:53:00,CNC-03,H,294.6780700839792,308.47737177408317,1749.9572575772943,37.59332141100513,109.12633023085986,2.49278613205056,12.31337183247804,60.12390862187198,0,2026-08-25 06:31:49
2024-01-11 21:37:00,CNC-01,L,300.20847069400173,312.6218095527944,2651.4276530110055,18.538744475142604,36.040695661130606,3.244856993411846,9.139074484576811,50.62655219848738,0,2026-08-25 06:31:49
2024-01-11 00:23:00,CNC-01,L,298.9549810665398,310.6620393937674,2589.8290134327717,15.314979274918786,25.89320429261316,3.1858648833554266,7.285970947987342,50.90804933844281,0,2026-08-25 06:31:49
2024-01-11 06:38:00,CNC-01,L,296.37409638818053,310.2127217598617,2009.6369286636773,34.3866634664454,79.93222273908302,2.6544183820535827,12.773927214857816,59.13148891109596,0,2026-08-25 06:31:49
2024-01-11 07:34:00,CNC-03,H,294.8517163365012,308.5242755548417,1887.5143074853934,34.54706039612538,81.66316800193212,2.615648384603996,12.077696836863348,54.547055536901226,0,2026-08-25 06:31:49
2024-01-11 22:14:00,CNC-01,L,300.2931138582578,,2604.57546272434,20.53631123938461,76.6067304140173,3.2038782255670393,10.071599984803928,49.80505385269693,0,2026-08-25 06:31:49
2024-01-11 20:20:00,CNC-02,M,299.6899973487811,314.1141405113908,2643.673015793825,24.710687034827142,170.86922945365535,3.692928334734183,12.151568164857991,59.72392632314402,0,2026-08-25 06:31:49
2024-01-11 21:03:00,CNC-01,L,300.1611686672875,,2582.618492270021,22.192466863492495,239.21117866571325,4.380975283131119,10.51531030390221,49.96673895690158,0,2026-08-25 06:31:49
2024-01-11 18:26:00,CNC-02,M,305.3538137445023,312.99284914756055,2315.2776219619604,27.550928971737132,30.214544564439564,2.8481578420773914,11.81035404425979,41.47682286325498,0,2026-08-25 06:31:49
2024-01-11 23:58:00,CNC-02,M,298.48918616391467,311.35328916001953,2673.95017672328,15.735178957424628,160.647730071285,3.550743132869291,7.844941942002701,54.98282008838395,0,2026-08-25 06:31:49
2024-01-11 12:25:00,CNC-01,L,297.5198919150688,312.1905695712432,1312.4799087747974,55.40016071612201,182.03430584320824,2.5505227902357244,13.46720679551801,57.81853817416099,0,2026-08-25 06:31:49
2024-01-11 02:52:00,CNC-01,L,24.524815905753655,38.1310164848955,2534.5809070516716,22.539177976277262,188.30320799632284,3.75802031630039,10.621350712110472,55.96216675811282,0,2026-08-25 06:31:49
2024-01-11 16:01:00,CNC-02,M,298.9997307542409,313.01699583988534,1714.282779269711,42.000284342725365,35.295584480289016,22.213669984193533,13.34490809727764,52.819193913562096,0,2026-08-25 06:31:49
2024-01-11 02:45:59,CNC-02,M,24.231430558303657,35.578644738759294,2585.5364216533494,13.391242758141699,7.80484001571346,3.1048322523895275,6.45605507634313,56.13717584400611,0,2026-08-25 06:31:49
2024-01-11 21:12:00,CNC-02,M,299.6087476369229,313.2785846019705,2594.3682304859612,19.94780695936325,230.5544888001926,4.031653599426371,9.701514480448257,49.959534787687666,0,2026-08-25 06:31:49
2024-01-11 08:51:00,CNC-03,H,294.3711640889204,309.4056824790802,1581.4449331756648,48.26840004629351,195.33679150231643,2.823892410608298,14.368896004259442,58.50077945371765,0,2026-08-25 06:31:49
2024-01-11 13:59:00,CNC-01,L,298.436285475442,312.3986439545745,1371.0439542777751,48.631675975677716,108.81443578135487,2.106920626899657,12.427487044246522,54.17529377356833,0,2026-08-25 06:31:49
2024-01-11 08:05:00,CNC-02,M,295.04583208101803,310.5489753528827,1735.2605428525412,45.272645423513374,201.3787535763892,2.9453447790161125,14.764780993318935,61.72547438112027,0,2026-08-25 06:31:49
2024-01-11 14:24:00,CNC-02,M,297.55176415260513,311.8754954689395,1483.9873864578806,46.56047732511102,111.13082143823688,2.2163497711340727,13.109197411293854,57.28197757308285,0,2026-08-25 06:31:49
2024-01-11 01:16:00,CNC-03,H,298.03452298536047,310.0097312670843,2746.362866901935,14.261990423123049,100.14425826541503,3.362539267187116,7.294254569054997,52.98118664655577,0,2026-08-25 06:31:49
2024-01-11 13:09:00,CNC-02,M,296.5967480217298,311.57641089736006,1364.182087697304,53.82896074845163,196.61583862343178,2.713493629629445,13.551268929879543,59.371798899810614,0,2026-08-25 06:31:49
2024-01-11 02:00:00,CNC-01,L,298.27386014842483,311.33910414658476,2646.350260923852,20.93454472777228,130.53703263591808,3.3232613867925003,10.27018449103726,59.49333098194583,0,2026-08-25 06:31:49
2024-01-11 20:26:00,CNC-02,M,299.45954148956855,313.64876108020076,2404.7513081065113,26.663048496616927,177.82042628898122,3.349602645936583,12.28889205351473,45.55895146555905,0,2026-08-25 06:31:49
2024-01-11 22:50:00,CNC-03,H,297.12221083486867,310.3680413176521,2688.1398627310964,20.895658917628943,187.4519617973553,3.6320770850237287,10.518833749190435,57.31150669684935,0,2026-08-25 06:31:49
2024-01-11 06:30:00,CNC-03,H,295.1156654302096,309.9928391003435,1822.7663647241827,39.26612732006504,225.20350535218228,3.26374614913783,13.131851104163546,58.98700962451488,0,2026-08-25 06:31:49
2024-01-11 02:45:00,CNC-01,L,24.500555232454815,37.68512690841999,2510.945588323274,21.288595240242284,180.4049739579353,3.675827979073243,9.921379509616294,54.635839649174535,0,2026-08-25 06:31:49
2024-01-11 10:58:00,CNC-02,M,296.05446369889404,311.0279417747793,1355.8341789352507,55.28814223599304,218.63147252766717,2.890285310425609,14.07932840734572,59.37901109748855,1,2026-08-25 06:31:49
2024-01-11 12:13:00,CNC-01,L,,312.7768841769041,1430.7755105758288,57.03633353585235,162.95022041961852,2.4694528523222976,15.35874325812363,53.62391967722564,0,2026-08-25 06:31:49
2024-01-11 18:56:00,CNC-01,L,300.7177698656332,314.0284675426442,2135.670121295978,28.54918236654301,87.32989161142105,2.8639989947806095,11.379306626145832,49.487962352857195,0,2026-08-25 06:31:49
2024-01-11 05:43:00,CNC-01,L,302.0055375331632,309.90506356664054,1961.4110219978947,37.43482216953422,6.506025329441364,2.6069067435822895,13.872821602285837,49.28461407354807,0,2026-08-25 06:31:49
2024-01-11 01:33:00,CNC-01,L,298.6065634030112,311.22961428835043,2623.6906640080942,19.10204644590876,101.09398674286629,3.306074859214325,9.35021032819098,53.33785136715001,0,2026-08-25 06:31:49
2024-01-11 17:08:00,CNC-02,M,299.3229042980703,313.7961198552122,1884.3740807441234,36.27361055489251,130.75461528829229,2.6995973755047906,12.950255767095404,51.85970113355804,0,2026-08-25 06:31:49
2024-01-11 11:22:54,CNC-03,H,294.7162947810058,309.7757145872622,1460.9268906337402,52.09610620573436,207.74956980848273,2.7634417885802134,14.281847253349753,57.112035630599436,0,2026-08-25 06:31:49
2024-01-11 01:43:00,CNC-02,M,297.79445468708354,311.1820968565413,2635.5692787079884,22.005359586585627,159.5709405448897,3.455078338546255,10.583110559666272,54.8525228141712,0,2026-08-25 06:31:49
2024-01-11 08:54:00,CNC-01,L,296.35344931113616,310.6204233885982,1594.1514175669383,47.25813099916806,42.13228078565803,22.09548340875965,13.874132025761577,53.229111545409694,0,2026-08-25 06:31:49
2024-01-11 06:23:00,CNC-03,H,295.3497718344039,310.08217683574213,1730.2030090438443,42.70683820586069,215.62594934432929,2.894191867668637,14.079082356639377,61.21756002852313,0,2026-08-25 06:31:49
2024-01-11 19:05:00,CNC-03,H,298.1440828922686,311.917737139626,2126.324618482397,31.180514915522217,150.98019971488677,3.0035282349339676,12.444377167195045,52.366580980532866,0,2026-08-25 06:31:49
2024-01-11 15:40:00,CNC-02,M,298.33070130439097,311.9980208117215,1644.1762901295094,41.19838435884673,4.463456460055221,2.2218393717484237,12.645848862299696,54.36508797538289,0,2026-08-25 06:31:49
2024-01-11 10:52:20,CNC-01,L,296.82511946665323,310.4387217903722,1454.2441809587717,46.60332669761919,36.33846795056083,2.1256050486502174,12.435970176743009,57.40359272880139,0,2026-08-25 06:31:49
2024-01-11 14:29:00,CNC-01,L,298.4980150571181,312.9331303597762,1578.2554678095407,45.99896170048256,155.48440861005,2.652607939791231,13.358159482117891,55.23756407600524,0,2026-08-25 06:31:49
2024-01-11 20:58:00,CNC-03,H,297.8797019545604,310.73308791504377,2437.621402693585,21.524731167304004,64.20660793358063,3.0942181064726983,9.84042118824632,48.43965029093041,0,2026-08-25 06:31:49
2024-01-11 19:49:00,CNC-01,L,300.22195852433106,314.5581324063724,2399.0098535671,28.630409270941357,152.4423714617388,3.343409513703683,12.915724300197406,49.23538049074217,0,2026-08-25 06:31:49
2024-01-11 18:50:00,CNC-02,M,305.4256126900493,312.8103176150204,2191.3300973250375,26.182619156744003,60.93965454815341,2.8140852664332496,10.949773750286374,42.992808769233434,0,2026-08-25 06:31:49
2024-01-11 12:03:00,CNC-02,M,296.46051483585865,310.58150949450476,1263.978409192181,52.742728788418304,91.93113041211414,2.055249096088112,12.349603644573088,56.80809407336993,0,2026-08-25 06:31:49
2024-01-11 16:57:00,CNC-02,M,299.1593865866533,313.2600234069721,1872.463927032773,34.33941224739251,115.43559116642004,2.6333774143586695,,54.264027580662486,0,2026-08-25 06:31:49
2024-01-11 02:18:00,CNC-02,M,297.5340526671282,310.5610605293392,2670.0353397104514,18.38418341164885,197.95825597159347,37.08014398869418,9.44095355872452,53.82260673410207,0,2026-08-25 06:31:49
2024-01-11 18:57:00,CNC-02,M,305.19017974297316,313.09745030177095,2273.606521019608,29.069339070679966,69.76444551151138,27.890461331323323,12.038215979798847,44.47282047248155,0,2026-08-25 06:31:49
2024-01-11 19:39:00,CNC-01,L,300.1491832882549,,2469.484679747783,21.885812276707302,140.21441525902793,3.33858928434263,10.052937119969185,53.13027707361153,0,2026-08-25 06:31:49
2024-01-11 22:32:00,CNC-01,L,300.322990348747,312.9785773421868,2620.449305560466,19.64552217535044,96.03738646717221,3.2481561330505935,9.663182051609953,50.0678848598435,0,2026-08-25 06:31:49
2024-01-11 20:49:00,CNC-02,M,299.36556300443186,313.0039596956726,2441.9288209256056,22.58902245384712,204.4183371541464,3.6518825024809964,10.328911887840443,54.96421682206345,0,2026-08-25 06:31:49
2024-01-11 02:37:00,CNC-01,L,298.01650856407286,311.39778450724293,2410.697860288384,23.401631292288183,171.4051340501573,3.5145298207865148,10.36532482577639,57.367285211633366,0,2026-08-25 06:31:49
2024-01-11 09:27:00,CNC-03,H,294.483711752398,308.45458542499046,1429.4012293811536,49.68773954173996,26.029241428958265,2.038777943934251,13.205587003627215,61.5753075318603,0,2026-08-25 06:31:49
2024-01-11 09:42:00,CNC-03,H,294.36178056439906,308.83267590280843,1567.4118480995076,50.16727380307484,49.14236756964848,2.304153239116765,14.918331132085767,60.67730655145482,0,2026-08-25 06:31:49
2024-01-11 11:20:00,CNC-02,M,296.0672103534028,309.6319566528298,0.0,49.79676732387566,23.709941234299354,2.081220055592573,12.632636020641222,56.87998698390505,0,2026-08-25 06:31:49
2024-01-11 23:55:00,CNC-02,M,298.44098241422336,310.9841156931189,2790.3857686445704,16.331348195951247,157.43675564955748,3.6274774092898845,8.936355305587409,54.58096037963836,0,2026-08-25 06:31:49
2024-01-11 08:17:00,CNC-02,M,295.36132217593814,310.1200623706912,1677.969960497392,42.553801014999735,219.14554719007978,3.081727733983859,13.32758638445326,60.181682979905894,0,2026-08-25 06:31:49
2024-01-11 07:15:00,CNC-02,M,295.54412936927014,310.1082741978715,1680.3654548152915,43.85109858359314,129.46128040115832,2.554218767481245,13.644810097387007,57.67383777712057,0,2026-08-25 06:31:49
2024-01-11 23:58:00,CNC-03,H,6914.690488142435,310.2325546008506,2785.3422537584643,15.021824125570964,259.71898764044323,4.496847242137364,7.6866160962728785,,0,2026-08-25 06:31:49
2024-01-11 01:54:00,CNC-03,H,297.5812347239846,310.2947961508322,2653.629898508139,18.608938025900226,141.54096084641517,3.384773480785156,9.12289377427042,,0,2026-08-25 06:31:49
2024-01-11 04:11:00,CNC-03,H,296.059925620051,309.2808464501028,2238.4499336619588,26.186401454208596,46.21034391660095,2.7968339563580003,10.89978814007027,61.805305879270314,0,2026-08-25 06:31:49
2024-01-11 05:48:00,CNC-01,L,302.34614848784867,309.5559847597336,2201.118336775214,28.861431239069873,12.937432697217357,2.775450614802409,11.696957572187697,51.34347320591191,0,2026-08-25 06:31:49
2024-01-11 03:37:00,CNC-03,H,23.307021813328845,36.35071121579756,2484.1870630259727,23.871497558440883,5.7995647762892295,2.94822835965853,10.916786398449265,59.717687698141845,0,2026-08-25 06:31:49
2024-01-11 11:47:00,CNC-03,H,294.3887043130626,307.5930761504484,1275.9422591286157,48.72713307160088,20.71438868724676,1.931774285327005,11.55075601627008,62.28005964161878,0,2026-08-25 06:31:49
2024-01-11 00:18:55,CNC-03,H,298.9537699682013,310.89523531255855,2708.0815406185225,15.893142805868546,38.426394163193706,3.2717422480973584,7.990119120176457,53.54795457422628,0,2026-08-25 06:31:49
2024-01-11 10:26:00,CNC-03,H,294.44324724663505,308.65861743786076,1425.832182154164,49.600472515127095,117.76961353392193,2.2629065290392756,13.29172071483822,61.83551245625845,0,2026-08-25 06:31:49
2024-01-11 23:59:00,CNC-01,L,299.5712293865755,311.9560109128765,2676.2063882863363,15.989568749344482,189.17651492510396,3.940344048699843,8.215566967977546,49.94154025708349,0,2026-08-25 06:31:49
2024-01-11 14:36:00,CNC-01,L,298.57685789674184,313.69220523899696,1542.3129710473704,51.64415679392076,166.15941907363433,2.589085712184884,15.223516591577157,48.956787379460245,0,2026-08-25 06:31:49
2024-01-11 09:20:00,CNC-02,M,295.4715887595267,309.82942102109286,1557.0149142446326,46.06828485337731,65.38313702094163,2.1686920820314874,13.56021569771006,63.834519182261324,0,2026-08-25 06:31:49
2024-01-11 22:00:00,CNC-01,L,300.44181139855436,312.0880630851216,2536.1067806036663,15.622523599863733,61.15099827749135,3.0722848165535948,7.422473351020842,51.76672142104384,0,2026-08-25 06:31:49
2024-01-11 15:29:00,CNC-03,H,296.1300186379087,310.61041262862847,1510.8253764251194,49.3216775793882,106.93444606924598,2.173529044420628,13.783668756938832,58.53237329589055,0,2026-08-25 06:31:49
2024-01-11 05:20:00,CNC-01,L,296.7884478676874,310.6628650718956,2078.928729682783,30.737519056893717,167.84090872519386,3.0178182641429365,12.215028025261741,60.9298453487625,0,2026-08-25 06:31:49
2024-01-11 18:24:00,CNC-03,H,24.629396545531563,38.88785303980916,2049.353728481688,34.967219234763206,98.65573605663789,2.736918748245349,13.190968417391522,57.62584349270304,0,2026-08-25 06:31:49
2024-01-11 12:23:00,CNC-01,L,297.55899194831534,312.16547469953656,1327.72487924424,53.67545324297032,178.83430584320826,2.539405673623472,13.138805827099752,56.139444774993684,0,2026-08-25 06:31:49
2024-01-11 04:18:00,CNC-01,L,296.7566488509722,309.34047639228197,2416.1970423175585,21.246996011246683,90.30901133875801,3.0243542652337014,9.651122581937797,55.192454853380724,0,2026-08-25 06:31:49
2024-01-11 12:17:00,CNC-01,L,297.5744166323265,312.8678439880071,1350.827172969001,57.74284017887718,169.3202391486081,2.6502452561902707,14.581144442371768,52.86368295796117,0,2026-08-25 06:31:49
2024-01-11 09:27:07,CNC-02,M,295.73818545728346,309.961917029552,1461.013631610188,47.80683036595293,74.62308309369074,2.1288874375048636,13.325481133970257,55.66357773624347,0,2026-08-25 06:31:49
2024-01-11 10:44:00,CNC-02,M,296.2430267486129,311.29167683642635,1457.7351798392524,50.97516619081168,196.47156816662215,2.6993214448833704,14.137039934306786,59.4662615055773,0,2026-08-25 06:31:49
2024-01-11 11:22:00,CNC-03,H,294.59033396787567,309.2663670305495,1417.752388169002,52.41001266270334,206.1960875156964,2.582475633902477,13.661750784706468,55.738723972429156,0,2026-08-25 06:31:49
2024-01-11 07:27:00,CNC-02,M,295.3734376171323,310.94021406524126,1858.2856864912333,45.29147488740484,146.3585385089284,2.703943592201561,15.704506158792864,57.863304111464196,0,2026-08-25 06:31:49
2024-01-11 07:05:00,CNC-01,L,296.30984218879735,310.5711778042553,1920.0107241297949,37.39933717237931,117.13353160738957,2.7185140010605893,13.419269699457068,52.44033174946976,0,2026-08-25 06:31:49
2024-01-11 06:24:00,CNC-02,M,295.6754970652014,309.49004813121684,2020.484686637823,32.20427423041283,58.64967990440112,2.610955142478094,12.2605077987494,59.03056539473546,0,2026-08-25 06:31:49
2024-01-11 15:32:00,CNC-03,H,296.1371729968236,310.63661380912265,1569.958426934779,47.997784924701726,111.4794822233514,2.3816700647491555,14.145351807767213,56.65213291630422,0,2026-08-25 06:31:49
2024-01-11 02:02:00,CNC-02,M,297.9412465226583,310.3520056838023,2695.252779654078,15.181632023459574,180.2394758215206,3.599304589527955,7.719555132273115,48.86747551284684,0,2026-08-25 06:31:49
2024-01-11 07:01:00,CNC-03,H,295.0537996854201,309.00555449825276,1728.4850498973392,39.66968596100996,34.80660864267472,2.3138883566603243,12.926221322861252,59.805166341298225,0,2026-08-25 06:31:49
2024-01-11 05:35:00,CNC-02,M,295.65488133258435,311.3366407266634,2135.109352379904,37.072371109166205,212.82972845806881,3.6240527486840013,14.7490842031189,53.857093616446335,0,2026-08-25 06:31:49
2024-01-11 03:00:00,CNC-02,M,24.022381088621046,36.27749854360934,2459.73308309761,19.79225561025085,23.831108577729022,2.99541147126074,8.800397238324019,55.87613026541312,0,2026-08-25 06:31:49
2024-01-11 00:11:00,CNC-02,M,298.76970488363105,310.75119170758325,2781.632150468965,15.90996447358231,61.14523102466271,3.3164903204662664,8.275683642520052,55.31501722568109,0,2026-08-25 06:31:49
2024-01-11 03:53:00,CNC-02,M,296.71818179411224,309.57078518588077,2369.076068065585,22.997148271976855,85.64420099199545,2.9982171576064522,9.983332524734907,56.24644379459862,0,2026-08-25 06:31:49
2024-01-11 18:28:00,CNC-03,H,297.8591612205523,312.7177532222129,2154.147588789189,35.780764856827915,103.93862186272032,28.355753631242845,14.539713546605235,54.340528891465645,0,2026-08-25 06:31:49
2024-01-11 15:41:00,CNC-02,M,298.724889691124,312.9748893349085,1724.918550729643,42.85957032775854,5.919491211273029,2.3636447174537674,14.041616114459984,52.57435501173591,0,2026-08-25 06:31:49
2024-01-11 15:31:00,CNC-02,M,298.707487308325,313.78710405299785,1703.075385037086,42.63311481638778,213.1418319239425,3.1413429089544196,13.792938170339866,58.970004430151405,0,2026-08-25 06:31:49
2024-01-11 01:34:00,CNC-01,L,298.19340403171014,309.8854987075842,2814.212342302042,13.614717491003976,102.15717548624572,3.3605817084765714,7.175818388405792,54.426749109913096,0,2026-08-25 06:31:49
2024-01-11 15:52:00,CNC-02,M,298.5350722438308,312.33543296700225,1717.7554703817152,38.11366448413263,22.139132375528607,2.365733867826455,12.249208349288027,56.01110034495249,0,2026-08-25 06:31:49
2024-01-11 20:12:00,CNC-01,L,300.18402325116864,313.7466708623183,2366.5802251914806,25.60207998318381,179.91481365238442,3.509697148450832,11.311479934605599,52.211156489772506,0,2026-08-25 06:31:49
2024-01-11 17:00:00,CNC-01,L,300.1699242563184,315.62037123618495,1850.366591110741,44.99571979386707,170.68147187524093,3.0129404907099175,15.357976684062917,50.09829786440332,0,2026-08-25 06:31:49
2024-01-11 05:16:00,CNC-01,L,296.7085369945769,310.9015852681487,2027.3642995118455,33.918811213255374,162.67133465596268,3.0666514275569505,12.877545760521825,60.7178771279435,0,2026-08-25 06:31:49
2024-01-11 05:45:00,CNC-02,M,295.3128530106432,308.7005631182234,2069.8991471766685,30.111396964299637,6.598579139481081,2.718163627480789,11.732612244887159,60.413792320191625,0,2026-08-25 06:31:49
2024-01-11 03:49:00,CNC-01,L,297.13960695844463,310.9234399291999,2230.0819132233364,29.96184440797336,55.411138691268455,2.8692263851110162,12.45247373383499,57.09650266649219,0,2026-08-25 06:31:49
2024-01-11 20:52:49,CNC-02,M,299.4440243762222,,2548.240114373345,23.227126191532864,207.8914235866267,3.7801410439259753,11.004981623747675,53.98488636846406,0,2026-08-25 06:31:49
2024-01-11 22:54:00,CNC-03,H,297.30413133903363,310.36941864952945,2587.0642968248103,19.601915973817142,191.78692453110432,3.586192386069019,9.380931382291843,59.34965866323666,0,2026-08-25 06:31:49
2024-01-11 00:18:39,CNC-02,M,298.9114494194975,311.4528361909886,29802.15948826832,18.300542667850802,69.61252719164766,3.1871256789790556,8.853881712957353,53.43715469937117,0,2026-08-25 06:31:49
2024-01-11 21:28:00,CNC-03,H,297.458650989423,310.2507477118789,2604.555527949625,19.358961600741953,,3.225017489646648,9.063195689410028,58.39046389408473,0,2026-08-25 06:31:49
2024-01-11 19:19:50,CNC-03,H,297.95552932348596,311.6861170871824,2337.2796049828557,26.127548081972527,171.0249134599635,3.338155947902605,11.256334830925093,59.207351069397845,0,2026-08-25 06:31:49
2024-01-11 03:21:00,CNC-02,M,23.903196243775824,35.775135860474904,2537.9824327177544,15.913767779543168,47.89589021178071,2.985317711577994,7.772277859152504,54.24497181927152,0,2026-08-25 06:31:49
2024-01-11 04:23:00,CNC-03,H,296.2150289527775,309.93054761131623,2328.733559841103,28.591180812431052,60.840557562801564,2.845413009993647,12.23289478840493,50.895755719844004,0,2026-08-25 06:31:49
2024-01-11 03:43:00,CNC-02,M,23.400042118653914,36.27551405067493,2299.406764989685,24.49291368817045,73.75863429931258,2.787551318451176,10.557745282433896,57.99181021595444,0,2026-08-25 06:31:49
2024-01-11 10:07:00,CNC-01,L,296.46650294722855,311.03449087531146,1370.1934634500453,51.804680922582875,154.77737336757508,2.524143777128786,13.158719165301592,56.25513571269335,0,2026-08-25 06:31:49
2024-01-11 12:29:00,CNC-01,L,297.29761782047717,312.0737990302969,1491.4025322209216,48.9491712291852,188.26357088164656,2.918086488327906,,54.13107831865535,0,2026-08-25 06:31:49
2024-01-11 09:29:00,CNC-02,M,295.43597465781056,309.5565568471154,1440.1507295735667,46.87661709317996,79.28204569997914,2.272721965951329,12.715918032975333,51.867542248513715,0,2026-08-25 06:31:49
2024-01-11 08:13:00,CNC-03,H,294.65045366208926,309.02310213500544,1508.4353222324985,47.33142699624929,138.5361268947618,2.34717859970416,13.279917879584785,56.38843698037588,0,2026-08-25 06:31:49
2024-01-11 10:08:00,CNC-02,M,295.54413038786316,310.3803745906006,1383.2809737687567,,139.91186731940581,2.2894263337228957,14.454448431645206,59.78911224015321,0,2026-08-25 06:31:49
2024-01-11 13:51:00,CNC-02,M,297.32886572013336,311.71564490379455,1524.8381706727632,49.017041314292186,59.73136220860137,2.2947672907580965,13.92789353833454,56.26580771865574,0,2026-08-25 06:31:49
2024-01-11 22:07:00,CNC-02,M,298.80611247964777,311.25307667836336,2719.279161106183,16.82430422431687,41.74679907342429,3.3031895400562328,8.505060869104888,53.863794315377504,0,2026-08-25 06:31:49
2024-01-11 20:42:00,CNC-02,M,299.57261963768434,313.6957155944306,2611.4427041735967,22.79889548931145,196.38218930706623,3.731163600315753,11.242468502811278,54.95605362791668,0,2026-08-25 06:31:49
2024-01-11 00:42:00,CNC-02,M,298.77312355059604,310.75280483688846,2675.502776496225,15.661453611568856,94.10253561125457,3.2397528997850102,7.831442358689458,51.58810392598137,0,2026-08-25 06:31:49
2024-01-11 03:57:00,CNC-02,M,296.4886079776875,309.54272655006946,2363.0917285360456,23.700311104957255,90.38379172636814,2.9046527720739803,10.210645941898534,53.18780646919009,0,2026-08-25 06:31:49
2024-01-11 20:29:00,CNC-03,H,297.76326380156485,310.570676160369,2476.392742898202,22.529039449548964,30.708793085012477,2.961642188928345,10.686205907441243,58.8391389034053,0,2026-08-25 06:31:49
2024-01-11 22:05:00,CNC-03,H,297.4489871627234,309.99143301097604,2583.183597146637,18.566499440856067,139.07565523282202,3.2564882256575878,8.97777951547318,55.70518642702,0,2026-08-25 06:31:49
2024-01-11 06:20:00,CNC-01,L,301.97341946849934,309.8838609910868,1978.1547239973615,34.78273705045207,55.42765620933243,2.5919721298372416,12.926389119731496,49.71368330702168,0,2026-08-25 06:31:49
2024-01-11 09:38:00,CNC-03,H,294.36319140614904,308.0487581572905,1302.8653585695988,52.46243158948357,42.95700323170148,1.960480234564269,12.944441750560129,60.55146477190199,0,2026-08-25 06:31:49
2024-01-11 03:08:00,CNC-03,H,23.378113898345873,37.43380127607128,2412.3254360146725,27.14488569689262,224.44926397045634,3.7789123148825037,12.42776063195805,59.53582845286319,0,2026-08-25 06:31:49
2024-01-11 13:38:53,CNC-03,H,294.955252281068,309.4700114109744,1394.5057753054618,50.53009638595964,199.6074442174837,2.492646476478075,13.047297288043161,58.506433106097234,0,2026-08-25 06:31:49
2024-01-11 06:53:00,CNC-02,M,295.59984870813753,310.2295705015743,1756.1106837385767,42.20044389933783,98.67944817412565,2.470066749508825,13.948271360221227,60.56012254483322,0,2026-08-25 06:31:49
2024-01-11 12:57:00,CNC-01,L,297.4974549033675,310.8990392082305,1410.5545793293793,44.62943724118183,11.04575342419505,2.0575183692294363,,55.35471823203158,0,2026-08-25 06:31:49
2024-01-11 06:03:00,CNC-01,L,302.11997414326527,309.6809483779174,2078.1138714927833,30.77848194345858,32.87410032996995,2.6543047104967936,12.015686119090697,46.90807625191234,0,2026-08-25 06:31:49
2024-01-11 08:45:00,CNC-02,M,295.05915941739335,308.77944734608377,1675.527412915554,40.294871536227845,12.10892632277537,2.3363580979427048,12.578712564924487,57.9990567178881,0,2026-08-25 06:31:49
2024-01-11 04:26:00,CNC-03,H,295.8734656926602,308.8177175490965,2269.12847112626,25.650845626342058,64.53389866116642,2.8915932845862247,10.73978887317444,62.13139589357264,0,2026-08-25 06:31:49
2024-01-11 10:08:00,CNC-01,L,296.4989898987367,311.2546194433672,1508.9592798091624,51.023268941770034,156.31598738309094,2.4440332651348333,14.517243961904203,58.84253167667837,0,2026-08-25 06:31:49
2024-01-11 09:46:00,CNC-03,H,294.20304059814976,307.6317507858139,1560.5337018635094,43.13370140214834,55.33581077750775,2.148312775572814,12.664298041298267,61.31349881716929,0,2026-08-25 06:31:49
2024-01-11 18:44:00,CNC-03,H,297.90218452674173,311.9073263012955,,32.636323904713805,124.54495591527471,2.7724174611675165,12.710791296986068,57.192557746675206,0,2026-08-25 06:31:49
2024-01-11 14:54:00,CNC-03,H,295.6246352974821,309.7965742595637,1620.9244918191712,47.57185537992217,53.85567044852439,2.2587459392770435,14.2247975845599,59.96350569618619,0,2026-08-25 06:31:49
2024-01-11 09:09:00,CNC-02,M,295.2725020967028,308.95182573492133,1502.8662009029322,44.12605027529924,48.504947827641026,2.1062280089810796,12.468943568868061,59.16196547727689,0,2026-08-25 06:31:49
2024-01-11 12:49:00,CNC-03,H,300.6798664766414,309.3707916257651,1493.4603684428942,50.387962178700455,119.05453847159242,2.2781463575378096,14.283820843363962,49.90484803337726,0,2026-08-25 06:31:49
2024-01-11 17:15:00,CNC-03,H,297.195765490563,310.91874098053336,1905.3347917435294,35.579579904887055,5.593506947095737,2.6574377503773294,12.708474170303537,57.86256547535516,0,2026-08-25 06:31:49
2024-01-11 18:11:00,CNC-02,M,32.006747190051954,39.270769828691584,2041.8535510956858,28.96014683258222,10.596444973034513,2.629051786545962,11.014176654505976,42.15044271847014,0,2026-08-25 06:31:49
2024-01-11 00:51:51,CNC-01,L,298.7574197628224,310.20523269907324,2696.1675783826186,13.07166816148883,55.899848216152805,3.15842758582938,6.562487584139774,50.92512304920662,0,2026-08-25 06:31:49
2024-01-11 00:22:00,CNC-03,H,299.13749369828054,311.2853393511364,2616.9246815421934,17.955763448996255,,3.1216799412752874,8.758565713772654,59.61572131684179,0,2026-08-25 06:31:49
2024-01-11 18:19:00,CNC-03,H,24.848584881321244,38.877440097316594,2173.6965351882354,31.210674713591725,92.02079288104176,2.7104735450823707,12.607595587071351,51.54818840703356,0,2026-08-25 06:31:49
2024-01-11 15:39:00,CNC-03,H,296.3065973269849,310.78271294478446,1540.4472759457076,46.16465215194321,121.81018710262812,2.363668234869705,13.21579956672313,59.68128876590806,0,2026-08-25 06:31:49
2024-01-11 06:04:00,CNC-03,H,295.31536665375125,310.18344051488253,1750.083321019071,42.816643040461514,189.83511753325175,2.9022298043783947,14.037265769260904,59.171507663002124,0,2026-08-25 06:31:49
2024-01-11 06:10:00,CNC-03,H,295.37296193238757,310.48533408527726,1955.8968209813852,39.11451924020168,197.86177816100363,3.0350913319376125,14.577217377927946,57.61687039870668,0,2026-08-25 06:31:49
2024-01-11 00:08:00,CNC-03,H,299.0422155369661,310.54620931508106,2731.759012094327,13.924493350470984,27.882633215571605,3.277634950056121,7.009206854032286,54.91816052596513,0,2026-08-25 06:31:49
2024-01-11 21:05:00,CNC-01,L,300.3301576334955,312.83524390218804,2516.0796338835053,21.701368021948102,0.0,3.1303048052109843,10.386480465450658,50.953865869015225,0,2026-08-25 06:31:49
2024-01-11 16:10:00,CNC-02,M,298.9070064468433,312.9038890599913,1676.7843202166218,40.94799076350174,48.48535323457386,2.3698944212508,12.685144676633893,54.10081552459565,0,2026-08-25 06:31:49
2024-01-11 20:54:00,CNC-01,L,300.2829994087283,314.08701648935653,2533.0772021181288,23.659548415093294,229.00221756375214,4.23914998777562,11.377051377194336,53.58183250368425,0,2026-08-25 06:31:49
2024-01-11 06:50:00,CNC-03,H,295.20478912303946,309.09427970447933,1866.8214591096641,36.943406904217454,19.340811217540637,2.5892641529020652,12.759090876456863,56.2816240770945,0,2026-08-25 06:31:49
2024-01-11 13:52:00,CNC-01,L,298.23159792449866,312.0476337140823,1339.3886286457534,49.92385771358209,97.8202135073124,2.043424031352588,12.579228634462154,54.49329249975142,0,2026-08-25 06:31:49
2024-01-11 15:36:00,CNC-01,L,299.3945451075315,313.4433365598063,1622.0632841149966,43.206377916643035,49.65848828995471,2.273517713931413,13.050687236019753,49.157408618017,0,2026-08-25 06:31:49
2024-01-11 19:17:00,CNC-03,H,298.30248175251853,312.8899233419969,2291.504575386702,32.19546578603029,166.0682467124329,3.177770985407698,13.897421768844618,57.30057088972098,0,2026-08-25 06:31:49
2024-01-11 08:50:00,CNC-03,H,294.533387520617,309.547164298143,1558.6390394970458,48.164602900748406,193.80818760024243,2.721524706904411,13.81335282790213,62.62983743187322,0,2026-08-25 06:31:49
2024-01-11 00:08:00,CNC-02,M,298.9007868047933,310.77526173848696,2735.172004204946,15.461856505951902,58.00138569043003,3.307396217605911,7.9919368315687995,54.24979939385589,0,2026-08-25 06:31:49
2024-01-11 12:52:00,CNC-01,L,,310.8644216900288,1329.6244721146488,48.88774935051767,3.158762792375029,2.0339133174971473,11.89461873002291,50.21105519220529,0,2026-08-25 06:31:49
2024-01-11 20:52:00,CNC-01,L,300.64563833957436,315.58499610451685,2392.721015546974,30.30103968228104,226.7472806226679,4.1681221503735575,13.482755139958549,51.29076126640095,0,2026-08-25 06:31:49
2024-01-11 20:46:46,CNC-01,L,300.0952199532805,313.84846480633746,2471.2817683005824,23.133858656824778,220.97531417025465,4.0585090714031855,10.63186465116209,52.4052516138405,0,2026-08-25 06:31:49
2024-01-11 00:31:53,CNC-03,H,298.96649888322503,311.8322725598964,2711.931794655631,20.077951651566536,52.26929739613171,3.215705067747332,10.164940911147147,54.956032383741025,0,2026-08-25 06:31:49
2024-01-11 02:14:00,CNC-02,M,297.8579035755118,310.60849523003833,2731.1218888024355,16.342616441396423,193.47117966282386,3.880289467304748,8.382141076243256,52.661480417056474,0,2026-08-25 06:31:49
2024-01-11 14:14:00,CNC-02,M,297.3787206143309,311.64119494109343,1447.5741469126208,49.15948961524947,95.67961582617912,2.2116037948305665,13.51282542851264,56.43526333862291,0,2026-08-25 06:31:49
2024-01-11 02:07:00,CNC-01,L,298.24163117282,311.63393463161515,2483.180536776601,23.613890088708466,138.2032867466557,64.40539243668046,10.769274623200577,50.639144235164416,0,2026-08-25 06:31:49
2024-01-11 19:50:00,CNC-01,L,300.42877906622056,313.95378758491483,2358.7775932502495,25.60313386848938,153.63540212576694,3.279312999053798,11.27004253104498,49.261312133623775,0,2026-08-25 06:31:49
2024-01-11 14:19:00,CNC-02,M,297.5136405134622,311.9788434396249,1413.120769959483,51.185747132486995,103.33523270632902,2.2125463065742346,13.559548064614983,54.13036241487926,0,2026-08-25 06:31:49
2024-01-11 10:04:00,CNC-02,M,295.86259755674394,310.1575617429563,1367.1352171853134,50.3372526132842,133.61538536358782,2.13955391919511,12.884613090645985,60.24185391577366,0,2026-08-25 06:31:49
2024-01-11 12:45:00,CNC-02,M,297.092404344063,311.5705926165343,1499.4128061871081,46.42806292070491,158.5450371425147,2.577110835482419,13.155225333182758,58.021868934910714,0,2026-08-25 06:31:49
2024-01-11 08:13:00,CNC-02,M,295.25849223862633,310.60187244265785,1582.6180600372816,48.682790702694234,213.21684866284147,2.9961443408681214,14.457617085124287,63.82590607674523,0,2026-08-25 06:31:49
2024-01-11 23:40:00,CNC-01,L,299.8959732780501,312.1000812008072,2837.7815721233496,14.934035034404658,168.7405492003451,3.904030027313053,8.110138432723128,51.353321942084314,0,2026-08-25 06:31:49
2024-01-11 12:28:00,CNC-02,M,296.5105717802084,310.51123025523304,1303.2645961971132,50.642299181131065,131.65024155211728,2.094403049104986,12.512590503095124,55.56865861659849,0,2026-08-25 06:31:49
2024-01-11 11:58:00,CNC-03,H,300.265222006286,308.00717613665825,1428.5459231044754,45.65756776146022,38.126971755672024,2.1331001008053723,12.293310567047323,50.60554443841349,0,2026-08-25 06:31:49
2024-01-11 03:15:00,CNC-02,M,24.014611236231985,36.29992139423172,2488.7952641518655,18.616709312130425,41.10532203962821,3.143835199085181,8.962533983743713,,0,2026-08-25 06:31:49
2024-01-11 12:57:00,CNC-03,H,295.24632775858146,309.614550764891,1338.442520936651,53.41008272011046,131.71194086162845,2.0890271182588362,13.48402528146154,58.89734788104696,0,2026-08-25 06:31:49
2024-01-11 14:08:00,CNC-03,H,295.37570915869776,310.6984033804174,1509.1203291951913,51.25633562732878,243.504060011093,3.0828176034457253,14.592514193681943,60.491034242361714,0,2026-08-25 06:31:49
2024-01-11 17:24:00,CNC-02,M,26.328978577041084,40.97319129957276,1934.8199636218762,36.36508033514759,152.97065871032524,2.889995959439818,13.76444365447185,49.94522860332131,0,2026-08-25 06:31:49
2024-01-11 22:34:00,CNC-03,H,297.28132699616503,309.9917542398526,2657.6249721813087,17.375016774457848,170.4138334188581,3.4029295386127703,8.709670890247375,58.70696902511888,0,2026-08-25 06:31:49
2024-01-11 00:03:00,CNC-01,L,299.02191909348704,310.9499571824121,2681.199061349791,16.674308676895674,4.72348350249414,3.2287739679593983,8.45464094711755,53.437149590331735,0,2026-08-25 06:31:49
2024-01-11 08:54:00,CNC-02,M,295.40846212845133,309.47326175768745,1403.107354991714,51.614016623013484,0.0,2.1302901316432714,13.57986334784771,60.327373610208035,0,2026-08-25 06:31:49
2024-01-11 18:52:06,CNC-03,H,298.147646869653,,2174.487941986595,30.037181260406342,133.33936382200733,2.9321646568152735,12.41259398299601,52.48882009655349,0,2026-08-25 06:31:49
2024-01-11 21:52:00,CNC-02,M,299.17479383920397,310.5693667768014,2790.143155570808,13.486133986235442,25.358952880562804,3.295566500438902,7.168935396925818,51.62229148787082,0,2026-08-25 06:31:49
2024-01-11 14:22:00,CNC-01,L,298.7798513483829,313.3544630953422,1456.4479080918804,49.06139943069336,144.64790418612623,2.3447115175376143,13.255998063362133,48.749762332308386,0,2026-08-25 06:31:49
2024-01-11 10:52:00,CNC-01,L,296.48248701849553,310.26733606239736,1347.5485041668348,51.051618748119594,34.772316743334315,1.9888315976737958,12.842042036846465,56.876330508245346,0,2026-08-25 06:31:49
2024-01-11 05:23:00,CNC-02,M,295.38522557864013,309.6860324341287,2246.6081707295716,30.12264587582166,197.4650875425597,3.4340672967468495,12.85428433940105,62.13595296417495,0,2026-08-25 06:31:49
2024-01-11 17:21:00,CNC-02,M,25.964873418998422,40.54974358677748,1978.4929484801146,36.450537782258486,148.85060143596056,2.828890674412412,13.482462107847454,54.53875833985899,0,2026-08-25 06:31:49
2024-01-11 14:41:00,CNC-02,M,297.6429120035358,312.42856465229363,1409.6231527337852,52.283690803258565,137.41109230926227,2.4268606966470365,14.256706834109748,55.02954477793516,0,2026-08-25 06:31:49
2024-01-11 02:44:00,CNC-02,M,24.496794251834274,36.52263523087106,2576.28574921822,17.258161117857654,5.571115849028523,3.053580800848873,8.432471729285009,56.61377271153923,0,2026-08-25 06:31:49
2024-01-11 18:15:23,CNC-02,M,31.829992130865833,39.292632788491005,2073.4774657481703,29.372408771817884,14.6227695246445,2.5379609446860094,11.169680417541231,38.161236164151155,0,2026-08-25 06:31:49
2024-01-11 09:26:00,CNC-03,H,294.46246700546845,308.60140971364683,1423.812644421757,50.985519296469406,24.46792818704027,2.105964759453711,13.221549044360321,60.91719025982235,0,2026-08-25 06:31:49
2024-01-11 08:46:00,CNC-02,M,295.22665111806754,309.4123768922844,1675.8825460861674,45.113357442782586,13.622921638653711,2.2262786990708197,14.071817792899399,58.90006787174788,0,2026-08-25 06:31:49
2024-01-11 11:44:00,CNC-01,L,296.8946858195343,311.0861031527747,1439.308116243458,48.477405422040874,117.11380720580584,2.2500724886422656,13.090037427352097,52.347646488648046,0,2026-08-25 06:31:49
2024-01-11 11:35:00,CNC-02,M,296.0448250653483,309.6754666255966,1399.8104685836522,45.668183678776195,47.5025849348119,2.0325098634906578,11.868137868602295,59.43779971293316,0,2026-08-25 06:31:49
2024-01-11 20:03:00,CNC-03,H,298.09253818500173,310.0768527935808,2522.7753817523453,18.10144847635754,0.0,3.148942233694364,8.426028388886712,57.98644621341516,0,2026-08-25 06:31:49
2024-01-11 01:21:00,CNC-01,L,298.6161277344925,311.3495308649948,2669.77739505925,19.14686752536214,87.95248084789804,3.2087612085097783,9.548881454275453,48.44008482955049,0,2026-08-25 06:31:49
2024-01-11 14:23:00,CNC-02,M,297.5928883695112,312.443774265048,1548.0889177932909,49.06404780966612,109.5866347644908,2.3394044309379307,14.192470441190546,58.775688515546044,0,2026-08-25 06:31:49
2024-01-11 11:05:58,CNC-01,L,296.85618570963607,311.04204592802705,1450.322623439006,49.08202556181889,56.89296936761016,2.0584587529786558,13.145833468908664,59.11932034617207,0,2026-08-25 06:31:49
2024-01-11 06:21:00,CNC-01,L,301.76717087802854,309.65350849502136,1979.1795142341678,35.87978472521315,56.781476936111325,2.5746493906137666,13.460069799866758,46.29735593157886,0,2026-08-25 06:31:49
2024-01-11 14:49:00,CNC-02,M,297.9358876461499,313.1338614078325,1666.4114889333152,46.83282542621356,149.71411782876183,2.5156078957419954,14.591951973865635,50.11942291496638,0,2026-08-25 06:31:49
2024-01-11 15:27:00,CNC-03,H,296.23311806787893,310.61196870277706,1519.4890834195987,47.20151628974714,103.87728942000408,2.2541116981596683,13.050973915140977,60.293220954438894,0,2026-08-25 06:31:49
2024-01-11 20:12:00,CNC-02,M,299.6842927538311,314.29422342231493,2499.2860899693137,26.553695102865046,4976.512752465353,3.39133099272608,12.516786504860068,51.15448682609671,0,2026-08-25 06:31:49
2024-01-11 13:29:00,CNC-03,H,295.1193719446214,310.094702257052,1485.317136246399,50.98266288706295,182.24065538965775,2.5428280541482984,14.23556415381284,63.119178326027296,0,2026-08-25 06:31:49
2024-01-11 14:02:00,CNC-03,H,,310.6521707085846,1420.2017042895554,54.354517203164384,234.195428325815,2.8819432809158085,14.297437490432415,56.56762272300653,0,2026-08-25 06:31:49
2024-01-11 07:58:00,CNC-01,L,296.52786387534763,311.1829318404914,1730.1221868189023,41.09235592859953,193.26496906825744,2.9485839803483858,13.175765526877067,61.862965824575866,0,2026-08-25 06:31:49
2024-01-11 22:28:00,CNC-03,H,297.335418236019,310.68491727086865,2560.884352751842,21.33653925613882,163.96254621434232,3.403293411546777,10.36693746054877,56.18477617489363,0,2026-08-25 06:31:49
2024-01-11 19:07:00,CNC-01,L,300.21062950129584,313.53977118706086,2299.1929007064514,26.535023853694426,101.10564915722705,29.533284388733588,11.336455129421024,54.40641556490575,0,2026-08-25 06:31:49
2024-01-11 02:10:00,CNC-03,H,297.3449863716956,311.09711375332563,2480.985004574871,23.85020365737373,159.11724177522035,3.365889892573083,11.027068447779733,56.495014132579236,0,2026-08-25 06:31:49
2024-01-11 03:37:00,CNC-02,M,23.733155063772358,37.02042711778711,2298.803936236084,26.533530456012944,66.59518410507222,28.22610545201817,11.469067584263293,56.740678181878984,0,2026-08-25 06:31:49
2024-01-11 19:02:00,CNC-01,L,300.58979926384933,314.8270486785736,2263.6215745542863,31.52447443774218,94.95039772186666,3.0388754478471847,13.412827105506405,46.41707758530933,0,2026-08-25 06:31:49
2024-01-11 19:44:00,CNC-03,H,297.94053166238416,311.9212884312589,2213.781690260249,28.387382212977077,199.1681355323474,3.3862333746095734,11.63508593155968,52.967701848252695,0,2026-08-25 06:31:49
2024-01-11 19:26:00,CNC-01,L,300.2204121420856,313.94312502942194,2206.6304636062596,29.136127755641947,124.5149386561875,2.985547247038775,11.973127214842512,52.21827374645234,0,2026-08-25 06:31:49
2024-01-11 22:25:00,CNC-02,M,298.865213690949,312.0458357607691,2598.988942395352,21.404782362786392,61.312099101994455,3.2015781536187404,10.282291750382512,52.205801486421485,0,2026-08-25 06:31:49
2024-01-11 20:30:00,CNC-02,M,299.4370079253746,313.0176670181319,2445.5539664049634,22.051946177554377,182.54874167394755,3.49508231083575,9.965749725774918,56.464600646387524,0,2026-08-25 06:31:49
2024-01-11 09:31:00,CNC-02,M,295.83937716868064,310.5820932843961,1558.0072841642373,49.25855274776225,82.32484616152242,2.2601157764147985,14.2490620901013,53.6298244071189,0,2026-08-25 06:31:49
2024-01-11 22:23:00,CNC-01,L,300.53693080771734,313.1058124833714,2599.230519128499,18.816877457561116,86.28760440018485,3.1965710944768064,9.013885248781179,52.4112330198806,0,2026-08-25 06:31:49
2024-01-11 12:33:00,CNC-02,M,296.8727050504791,311.5874917981157,1404.640072020709,51.824944917473104,139.61697031431422,2.3276745687689653,13.591778269565136,57.587725046574604,0,2026-08-25 06:31:49
2024-01-11 10:20:00,CNC-01,L,296.5276102334741,311.40050193203155,1387.387462848333,53.31201267619557,175.0527650581336,2.6050345263370294,13.71083905826979,57.71697862795289,0,2026-08-25 06:31:49
2024-01-11 13:36:00,CNC-02,M,297.2794649530257,310.76309558823357,1403.3438288759953,44.406328328952384,36.23331657800075,2.0502724979666698,11.52902227257665,56.67825248837224,0,2026-08-25 06:31:49
2024-01-11 14:01:00,CNC-01,L,298.65184832605496,313.74041610915026,1555.9553732999334,53.73424748211122,111.95383529024618,2.2983668676768287,16.175297653642914,56.27334401346384,0,2026-08-25 06:31:49
2024-01-11 15:33:00,CNC-02,M,298.54247316118483,314.1947743519202,1695.1153274381302,46.49721388152342,216.1011400509376,3.128508088426188,14.82057375268629,50.47716551924147,0,2026-08-25 06:31:49
2024-01-11 22:12:00,CNC-01,L,300.54856635210183,313.04159103696117,2562.6881678475515,19.27080763487088,74.42539426072037,3.1152097896009203,9.318981751977757,49.80256578274237,0,2026-08-25 06:31:49
2024-01-11 18:04:00,CNC-03,H,0.0,38.78878207155236,1969.0370783633023,37.09735838085713,72.32978450051813,2.6235554933160024,13.68983568355846,52.044503445427466,0,2026-08-25 06:31:49
2024-01-11 03:49:00,CNC-02,M,296.76521031163094,309.5737847610732,2459.742772455805,22.16246242130052,80.88339356052089,3.1465961194970005,10.108056954101198,55.5571053184039,0,2026-08-25 06:31:49
2024-01-11 04:21:00,CNC-01,L,296.69068015240305,310.18624211635716,2275.561761526428,27.025310421040533,93.91933732120302,3.010370752957228,11.55702780383685,59.7249677391209,0,2026-08-25 06:31:49
2024-01-11 15:48:00,CNC-02,M,298.7447545292017,313.45159858112544,1782.029902315324,45.1770756559171,16.287360141793954,24.95215917905869,14.949966950071321,57.8524293195977,0,2026-08-25 06:31:49
2024-01-11 01:33:00,CNC-03,H,297.9059731700661,310.9712392565997,2568.6065625985593,21.212171917183994,118.46427180430206,3.308019859729141,10.319563376677308,55.86849967304987,0,2026-08-25 06:31:49
2024-01-11 11:27:00,CNC-03,H,294.4470437840398,308.9655189421988,1405.7448639406698,50.95271449557276,214.06780109090988,2.7969174816191544,13.448203682638352,61.219058475513954,0,2026-08-25 06:31:49
2024-01-11 10:41:00,CNC-01,L,,310.0564803987032,1263.2435250929707,48.858071163862334,17.366963847543364,1.9426154413910035,11.72798102463024,56.99994272264917,0,2026-08-25 06:31:49
2024-01-11 00:17:00,CNC-03,H,299.0541400131585,309.95055712620695,2815.84180145731,10.051105907604153,37.35876916721607,3.4378635226070022,5.052965181643786,49.70154496469211,1,2026-08-25 06:31:49
2024-01-11 12:54:00,CNC-03,H,295.2248208140559,309.5083836160408,1482.6995914078793,47.7377577684497,126.93286028974966,2.360889664558035,13.336402423498397,65.46225760447354,0,2026-08-25 06:31:49
2024-01-11 00:01:00,CNC-03,H,298.8943966729543,310.970675043002,2768.85202292124,18.134659832848737,20.55880452629127,3.27864777517711,9.406708566470273,53.072146171031854,0,2026-08-25 06:31:49
2024-01-11 07:59:00,CNC-03,H,294.7332132004968,309.7913141740502,1757.5952641130466,45.484933312838024,117.86008280872714,2.460866764274251,15.290911685010974,58.930753469303156,0,2026-08-25 06:31:49
2024-01-11 20:31:00,CNC-03,H,298.0790193328389,310.89153532003644,2478.8386323026925,22.241684212659642,32.98701761171571,2.978668949619103,10.57208251576946,52.413726889590926,0,2026-08-25 06:31:49
2024-01-11 11:32:00,CNC-02,M,296.0962237493676,309.93295389019477,1361.4852413221422,50.63117050138464,42.75829996667107,2.1139128163583565,12.737329776116878,55.549225812793296,0,2026-08-25 06:31:49
2024-01-11 16:16:00,CNC-03,H,296.64632774255176,312.10768233653135,1712.064985662164,47.892175674355904,176.14724059821359,2.6213763862566735,15.195801457444931,55.3841926429198,0,2026-08-25 06:31:49
2024-01-11 22:07:00,CNC-01,L,300.3520104530408,312.5856115815029,2547.2812705901365,17.69228169884231,68.90618033403204,3.112324555967019,8.665490319933058,50.42479823478518,0,2026-08-25 06:31:49
2024-01-11 00:19:00,CNC-03,H,299.2032195014349,311.28846925712105,2628.607913888957,17.259470556007095,39.507594878861944,3.1343736822444175,8.20548758427075,54.48120475693983,0,2026-08-25 06:31:49
2024-01-11 16:15:00,CNC-01,L,300.1754829095292,314.70778770269663,1762.9140169590073,42.41178042480695,106.69413834326097,2.5241608136476223,14.066592764396754,46.6868612123441,0,2026-08-25 06:31:49
2024-01-11 22:16:00,CNC-01,L,300.49610748230936,313.13433310040693,2637.562178664774,18.874287929284286,78.76236519942046,3.1730713444440677,9.438664288030578,48.29083240777564,0,2026-08-25 06:31:49
2024-01-11 13:01:00,CNC-03,H,295.0922636506241,309.12970849585076,1317.8313891575535,50.74914527484754,138.07921855753236,2.11215379080468,12.282719907889312,56.110861224870945,0,2026-08-25 06:31:49
2024-01-11 16:36:00,CNC-01,L,300.05823253368806,314.62991172888724,1708.8996108379313,43.20376471546636,136.8592557493745,2.4471104915823503,13.830029894675544,48.40213665162947,0,2026-08-25 06:31:49
2024-01-11 07:09:00,CNC-03,H,295.1103705705867,309.7915647413547,1926.517908745926,41.940316210843086,46.06200524728445,2.512011503032716,15.444923944012778,64.42555938708438,0,2026-08-25 06:31:49
2024-01-11 16:47:00,CNC-02,M,299.0240905958408,313.2172131619941,1764.0434755503927,39.498222782117125,101.34640570974467,2.4869434177198566,13.165293449411418,54.470750537173764,0,2026-08-25 06:31:49
2024-01-11 14:32:00,CNC-02,M,297.5008224551545,312.0591883120348,1613.3471098970185,45.39972246191946,123.45620420093559,2.453291705799358,13.733541166682619,56.68532244250966,0,2026-08-25 06:31:49
2024-01-11 09:25:00,CNC-02,M,295.5660925224141,309.5089581698541,1494.2911752554685,43.77131654443089,73.07975908886385,2.2102808557873557,12.418183501615877,57.64370625624486,0,2026-08-25 06:31:49
2024-01-11 02:47:16,CNC-02,M,24.3745709331925,36.29815241955055,2559.5771931278523,17.84833937489707,10.089558937785105,3.0983978535178833,9.002400509285586,53.589542129030356,0,2026-08-25 06:31:49
2024-01-11 16:32:00,CNC-03,H,296.63658913644366,312.2105473065941,1793.909419622947,45.37634863372929,199.30402846234702,2.864129064621904,15.268891883019345,60.272046286271525,0,2026-08-25 06:31:49
2024-01-11 15:32:00,CNC-01,L,299.25800829415715,313.10012017314716,1787.1545149155268,38.840666157266114,43.71372953662729,2.3492898693502586,13.054525279519531,50.75840367090596,0,2026-08-25 06:31:49
2024-01-11 06:03:00,CNC-02,M,295.38758930250475,309.1424033140011,1973.7012691189198,34.683356286370746,30.314360959979815,2.6949530158839923,12.721099493302662,60.83247989168776,0,2026-08-25 06:31:49
2024-01-11 21:17:00,CNC-03,H,297.8232759590927,311.0723468248726,2415.6906815193784,25.3178853377938,85.55431207327712,3.111107038801295,11.63472343394095,55.70974502078998,0,2026-08-25 06:31:49
2024-01-11 00:12:00,CNC-01,L,298.7060776427449,310.3200271259827,2648.7763934418585,15.996129536617813,14.271783723711337,3.22749433462624,7.826833680975573,52.053616241086765,0,2026-08-25 06:31:49
2024-01-11 09:45:00,CNC-03,H,294.3560699846738,308.6136340297616,1465.2460818870231,49.92864150546103,53.820201539035935,2.107070383852467,13.649583683863083,62.179302167865224,0,2026-08-25 06:31:49
2024-01-11 04:33:00,CNC-01,L,297.0357102763546,310.6807296908122,2308.550952455001,26.584365615935855,108.56778064377022,2.897790201408814,11.435112967197579,58.46408415746447,0,2026-08-25 06:31:49
2024-01-11 07:42:00,CNC-03,H,294.68920964228494,308.7786969862505,1639.4325695325417,41.728474752533174,93.19242337133598,22.945685833826246,12.940044954520694,64.50916433006235,0,2026-08-25 06:31:49
2024-01-11 08:29:00,CNC-01,L,296.47174066311925,309.78234252009923,1480.8213423648335,44.29818050306403,4.50633837572415,2.1583791011088698,12.34782904700552,57.17648101615563,0,2026-08-25 06:31:49
2024-01-11 08:11:00,CNC-01,L,296.1177475702436,310.89928937488355,18362.112304144815,45.79208554415721,212.3402495562261,3.2072785918057947,13.47991525296726,57.15299712414713,0,2026-08-25 06:31:49
2024-01-11 09:17:00,CNC-01,L,296.29223400200027,311.0831898684402,1727.0631082686439,47.24450870028781,77.11195345180157,2.3269516647233153,15.097096559961573,56.67332235528513,0,2026-08-25 06:31:49
2024-01-11 23:45:00,CNC-02,M,298.5516272148118,310.9915966937752,2799.9034425522323,14.098857438877888,146.92790656035595,3.6122198957837726,7.293207465752257,57.42298413980026,0,2026-08-25 06:31:49
2024-01-11 14:45:00,CNC-03,H,295.67286868984075,310.06297850568546,1623.4266049721693,46.92231714236365,40.167809809923625,2.333626198199897,14.455314053128584,62.88269575734619,0,2026-08-25 06:31:49
2024-01-11 11:31:00,CNC-01,L,297.01304817300826,311.55270094848316,1403.2703279343373,53.71543217103928,96.66801256583916,2.155625007994332,14.044098638045686,54.40810210208206,0,2026-08-25 06:31:49
2024-01-11 08:04:00,CNC-01,L,296.3643307085037,311.480246211303,1709.604452742108,46.81111494682602,202.02809965214848,3.102421573643923,15.163372234219622,60.65775648203578,0,2026-08-25 06:31:49
2024-01-11 07:18:00,CNC-02,M,295.45840516395697,310.5435024630682,2052.423609134507,38.49121086929172,133.6474980305086,2.96089536461184,14.995768177618745,59.39686281131583,0,2026-08-25 06:31:49
2024-01-11 19:58:00,CNC-03,H,297.88332542672254,312.25050838339655,2489.762929413515,27.5229096574109,215.98859465732178,3.7696668036916603,12.767231831016506,56.746176822853414,0,2026-08-25 06:31:49
2024-01-11 17:27:00,CNC-02,M,26.278216377622186,41.47141825599937,2018.0852236528392,37.552701850615556,157.04404882946898,2.9047673877069813,13.771647613280875,49.43935929430778,0,2026-08-25 06:31:49
2024-01-11 00:45:00,CNC-01,L,298.94451711942327,309.82591971433953,2637.5168369298617,11.211055670689714,49.47592384050842,3.274442904327205,5.63861988533504,54.452946074237104,1,2026-08-25 06:31:49
2024-01-11 17:22:00,CNC-01,L,27.405773872703264,41.8152464605447,2049.5695733204734,32.907429433147044,201.10936887678187,3.394802702902239,12.626231644852112,51.958885647926586,0,2026-08-25 06:31:49
2024-01-11 09:46:00,CNC-02,M,295.43897702561935,309.85440075605317,1465.6510253449583,48.838120637782154,105.61122409615844,2.2634973142965586,13.66515165587705,58.963898327542296,0,2026-08-25 06:31:49
2024-01-11 04:12:00,CNC-02,M,296.3827778216152,309.210745291805,2307.6794092787222,22.675515161896804,108.35454389850565,2.921981907238223,9.822728256606512,55.24866761747955,0,2026-08-25 06:31:49
2024-01-11 10:58:00,CNC-01,L,296.8524157992121,310.91714993122076,1496.514015072944,48.19825901149553,44.220802357060286,2.1588441515644012,13.379029587036756,58.22315747449331,0,2026-08-25 06:31:49
2024-01-11 21:42:00,CNC-01,L,299.95984402820136,312.2409355970869,2556.9899465576023,20.492329181981386,41.52001201398459,3.0638672513512013,9.87150404600601,49.38279422899497,0,2026-08-25 06:31:49
2024-01-11 11:09:00,CNC-03,H,294.78259163912116,309.72558657728194,1596.9447351902515,47.58229295380109,185.7188206217353,2.585801512292691,14.479433025426207,60.62120656237498,0,2026-08-25 06:31:49
2024-01-11 16:34:00,CNC-01,L,300.3214748312389,315.1003228900914,1812.1772086808116,40.718594309202636,133.94334241968002,2.6395488519237618,13.992813045281528,49.258357733074284,0,2026-08-25 06:31:49
2024-01-11 07:58:00,CNC-02,M,295.29011771076654,310.20890511931344,1614.1256212256314,46.71669195167263,191.10004519263578,2.729399821473813,14.066999369622737,57.28228646371301,0,2026-08-25 06:31:49
2024-01-11 08:41:00,CNC-02,M,295.2467213999565,309.24675469304105,1611.9403454592987,43.6527278733198,6.041702031511679,2.2081008985563866,13.043811265701388,57.44037951483835,0,2026-08-25 06:31:49
2024-01-11 11:25:00,CNC-01,L,296.86662698850586,7499.756589188588,1481.5726902851814,49.70678765108932,87.08973258561184,2.1838236768023314,13.41851471345853,58.959871023346686,0,2026-08-25 06:31:49
2024-01-11 18:32:00,CNC-02,M,305.2151938522101,312.88778544665394,2140.002224137289,30.074519552504647,37.97133500562251,2.625000190269276,12.09839867833258,45.32584642288376,0,2026-08-25 06:31:49
2024-01-11 13:30:00,CNC-01,L,298.08535119450454,312.19164828235967,1362.5089348467206,51.94627035118869,63.198899536668456,2.1142464700340735,13.328320992711882,57.38227834165892,0,2026-08-25 06:31:49
2024-01-11 17:19:00,CNC-01,L,27.24701659787246,42.24320399889518,1964.6612256631947,39.85930489833773,197.04587789389086,3.276481290967085,14.780206920449379,49.98891227717451,0,2026-08-25 06:31:49
2024-01-11 18:25:00,CNC-01,L,300.4601824763497,0.0,2203.478500667297,31.137380315282154,47.853459432268835,2.7132575751501316,12.949136521195202,51.56987081000545,0,2026-08-25 06:31:49
2024-01-11 02:20:00,CNC-03,H,297.174097422601,310.8640189953408,2578.165336372839,23.110642628402886,170.1030704027466,3.4485281732945468,10.865394970600928,51.89522826909547,0,2026-08-25 06:31:49
2024-01-11 20:58:00,CNC-01,L,300.0871437381846,314.03968248156156,2439.260758154905,24.064637134758048,233.62024894005467,4.216278750714102,11.008110506003373,49.23082975241444,0,2026-08-25 06:31:49
2024-01-11 22:33:00,CNC-02,M,298.8154670694045,312.41391682478286,2616.205456748134,23.197232254256935,70.09026379741915,3.238957552528503,11.46897751845023,50.38483260224749,0,2026-08-25 06:31:49
2024-01-11 13:27:00,CNC-01,L,297.8615263300635,311.8778587561853,1307.587444910069,55.058340757708116,,19.98137902626237,13.463356726244543,57.83523282364102,0,2026-08-25 06:31:49
2024-01-11 15:51:00,CNC-02,M,298.6742002684482,312.91240628543403,1784.292442416523,40.499419158883526,20.692853874411284,2.446387333221169,13.36866866071344,55.35712515703503,0,2026-08-25 06:31:49
2024-01-11 13:52:00,CNC-02,M,297.2861340047781,311.4401594109754,1343.8476359559247,51.385852955779335,61.33136220860137,1.9528488440634513,12.957244720235984,56.10468368390883,0,2026-08-25 06:31:49
2024-01-11 17:21:00,CNC-01,L,27.08076083527135,41.71939871535244,1909.483064110305,38.29807487621096,199.7935907529186,3.254408162159756,13.761728732005325,49.40230620393355,0,2026-08-25 06:31:49
2024-01-11 20:40:00,CNC-01,L,300.3520711764998,314.12359397620264,2291.5887941465003,26.962617635899328,212.92426984667296,3.8393467626009388,11.630667593997028,45.464075228354474,0,2026-08-25 06:31:49
2024-01-11 19:19:00,CNC-01,L,300.09483611016026,313.7852450522513,2260.8194160251323,29.255956592181995,115.97531535268928,3.054040882294962,12.431773038680523,47.07577677471457,0,2026-08-25 06:31:49
2024-01-11 11:21:00,CNC-02,M,295.9131044932985,309.83457820650597,1542.6475546006975,45.74836678505386,25.24654755988801,2.274366637521603,13.361324491641167,60.79395558718682,0,2026-08-25 06:31:49
2024-01-11 20:40:00,CNC-03,H,297.6915370343259,310.15571234680425,2399.996380155241,21.818002885655503,43.4027564326319,2.8975415016781167,9.838875109627505,48.74945045705227,0,2026-08-25 06:31:49
2024-01-11 03:49:00,CNC-03,H,296.2432807024973,309.7514355871446,2321.131391077691,27.61748116890778,19.79205502890637,2.863834063236613,11.86714735355227,53.02134765729168,0,2026-08-25 06:31:49
2024-01-11 14:25:00,CNC-01,L,298.51186892073844,313.06792695748453,1447.0554204623488,48.80723083152372,149.33514623152095,2.3551205630816243,239.50913600647695,57.01067867494422,0,2026-08-25 06:31:49
2024-01-11 00:14:00,CNC-03,H,299.01276920435834,311.129416549297,2653.1134176760065,16.862917412342732,34.207051916534084,3.2494491352196992,8.333064013278946,52.57003904957844,0,2026-08-25 06:31:49
2024-01-11 22:22:00,CNC-03,H,297.3638389804434,309.8570193647062,2631.7685348033474,16.624682363605494,157.46001393059203,3.4452867163871743,8.400189298422054,56.117660053053875,0,2026-08-25 06:31:49
2024-01-11 13:32:00,CNC-03,H,295.01056375849714,309.6814200982021,1408.8240267913272,52.438653738795814,187.00654554391363,2.572366403036941,13.724463924869685,60.41007448140306,0,2026-08-25 06:31:49
2024-01-11 09:55:00,CNC-02,M,295.70481047274336,309.8112181830398,1466.8974728684452,46.39710285656322,119.57393729868653,2.2218344071240086,12.530297855415204,59.09758040971995,0,2026-08-25 06:31:49
2024-01-11 08:22:00,CNC-01,L,296.1574835037451,311.54234113798935,1632.2373756760953,48.96885277097364,228.62042765950002,3.3923653382568015,14.767279048591588,60.08462369350458,1,2026-08-25 06:31:49
2024-01-11 14:12:00,CNC-02,M,297.4539036044206,311.78055404359054,1380.2088662434933,49.91527502729167,92.5390574299946,1.9701574201982994,13.130188307918976,50.18364117855017,0,2026-08-25 06:31:49
2024-01-11 17:28:00,CNC-02,M,26.292905134706245,41.43805823568482,1898.582667773242,41.325640555966416,158.4289771792066,2.7392726294216216,14.811312616036009,57.19880637444532,0,2026-08-25 06:31:49
2024-01-11 10:31:00,CNC-03,H,294.0990146661772,308.7968911309847,1516.375815638113,49.20454293502364,125.67867649139491,2.373068314576508,14.105873381093822,60.94029420226754,0,2026-08-25 06:31:49
2024-01-11 15:58:00,CNC-03,H,296.3299183253289,310.99303629288295,1525.103429156737,46.547162423718966,149.88820824534596,2.397055014292611,12.978741796375516,61.2700384897207,0,2026-08-25 06:31:49
2024-01-11 12:27:00,CNC-01,L,297.41481034649433,312.3719899923566,1435.157111163509,54.67676987490607,185.1952469169082,2.7257174848051293,,54.34212879877635,0,2026-08-25 06:31:49
2024-01-11 19:23:00,CNC-01,L,299.77757918257737,313.4067447737582,2295.478545926179,26.890431888209147,120.80257319946291,3.0658330153452966,11.543353394026425,45.51646321094405,0,2026-08-25 06:31:49
2024-01-11 12:12:00,CNC-01,L,297.5179967920409,312.40883074190714,1477.4521157348693,50.528129117140594,161.35022041961852,2.5603726010031433,13.674571636016616,56.31115902781031,0,2026-08-25 06:31:49
2024-01-11 22:10:00,CNC-01,L,300.16281830511747,313.18479424200217,2530.3396587238176,23.34053697992166,72.26566828799187,3.1622647170119746,10.734238796668407,48.50516965508982,0,2026-08-25 06:31:49
2024-01-11 12:37:00,CNC-02,M,296.70864963045085,311.1552605412877,1239.6189265180653,55.626066160983285,145.93849464783347,2.1875751428933197,12.882945154339431,60.554545439693555,0,2026-08-25 06:31:49
2024-01-11 03:07:00,CNC-01,L,24.340231790948735,35.87028840675134,2626.4867694128466,15.207497430998968,6.69788597160679,3.099713228156718,7.547441563640172,54.67555650416754,0,2026-08-25 06:31:49
2024-01-11 19:11:00,CNC-01,L,300.26703044676043,0.0,2172.905751325163,28.276232570868512,106.053257740426,2.910931872240795,11.670482769879811,52.50433472120273,0,2026-08-25 06:31:49
2024-01-11 07:29:51,CNC-03,H,294.8399647889721,308.7715841066667,1855.8260045062216,35.738557435973235,77.37236365788715,2.442968265054316,12.278878538885172,62.491467485610315,0,2026-08-25 06:31:49
2024-01-11 13:43:00,CNC-02,M,297.1225956192309,311.14847895821026,1363.552604426412,52.00084523226562,47.19915994165635,2.0544919792765333,13.329115905935003,52.55111671108006,0,2026-08-25 06:31:49
2024-01-11 08:44:00,CNC-02,M,295.17878677967474,308.6556246966905,1514.4506708439587,43.25966131643263,10.628331937302253,2.1312776566182254,12.212005334423306,60.59372096595393,0,2026-08-25 06:31:49
2024-01-11 23:37:00,CNC-02,M,298.64123201098766,312.18689365941265,2780.8413467534206,19.602243516759177,138.47741119063116,3.4652014037449734,10.121840084121825,53.00790037480197,0,2026-08-25 06:31:49
2024-01-11 06:43:00,CNC-02,M,295.5529376820006,309.9278181241329,1917.6066707349391,37.82303885311277,84.77164344954362,2.6208716426610463,13.777878592592195,62.148651713439904,0,2026-08-25 06:31:49
2024-01-11 06:59:00,CNC-01,L,296.493647466503,311.0001649171423,1789.1215071946158,41.326655226039605,108.69319060682334,2.5491753217394013,13.853608708144664,53.27044775219934,0,2026-08-25 06:31:49
2024-01-11 12:31:00,CNC-01,L,297.37953098645954,311.9033327262902,1277.6415016310052,52.627514430274466,191.4545445865355,2.633819216318289,12.498149974524392,57.68047715287429,0,2026-08-25 06:31:49
2024-01-11 20:55:00,CNC-02,M,299.12563228195455,313.35202805179006,2610.30227174703,23.665129127087905,211.3685529169315,3.7579481312715823,11.411405445952521,50.776637262256465,0,2026-08-25 06:31:49
2024-01-11 08:04:00,CNC-03,H,294.6388491039912,308.8856043451163,1722.6184313908439,42.498016147383105,125.17670358406235,2.4506178951369373,13.837801470930907,61.20508636340245,0,2026-08-25 06:31:49
2024-01-11 19:16:00,CNC-01,L,300.59554479096147,314.9354195123548,2257.463503148379,32.56973852830651,112.24089670088081,2.987498701047035,13.83414371210268,53.0425583482151,0,2026-08-25 06:31:49
2024-01-11 13:20:00,CNC-03,H,295.1836035329448,309.8281604684744,1415.7525711248975,50.96424042337361,168.07878006358726,2.423206853860294,13.437131980130953,58.208206884278226,0,2026-08-25 06:31:49
2024-01-11 07:34:00,CNC-02,M,295.5440431121314,309.7634064998857,1710.1030601317923,41.03688648458989,156.339020546092,2.6145880083985813,13.061289556866514,58.40521356766119,0,2026-08-25 06:31:49
2024-01-11 04:35:00,CNC-02,M,296.28594876918146,310.1293460955719,2199.3564117246974,27.112484557532028,136.48716975710752,2.879917954151159,11.32371542326106,60.548329953294015,0,2026-08-25 06:31:49
2024-01-11 07:10:00,CNC-03,H,294.8183734765476,308.55396306101323,1723.334474284282,39.01473173665975,47.49427966054893,2.324754263738319,12.487862495980782,63.71794848285873,0,2026-08-25 06:31:49
2024-01-11 02:09:00,CNC-02,M,297.56823645213774,310.985336908587,2583.072357870452,21.75383012113912,188.0067250196766,3.6479374891713445,10.482986038434161,54.022292775231506,0,2026-08-25 06:31:49
2024-01-11 03:52:00,CNC-03,H,296.4460204770998,309.2087682963018,,22.48558887946558,23.338754040560683,2.947474559624917,10.2773992524054,57.110444271054675,0,2026-08-25 06:31:49
2024-01-11 03:39:00,CNC-01,L,23.86708612124221,36.040613702562496,2532.568887190967,18.440199424177052,43.679113068501366,3.1796222089301662,8.75965778615732,50.57102227959115,0,2026-08-25 06:31:49
2024-01-11 06:34:00,CNC-01,L,296.1288574139852,310.5402715842745,1904.8332765392245,39.324535305211285,74.46988961504569,2.682465952171236,13.950831428517208,59.25812992835301,0,2026-08-25 06:31:49
2024-01-11 08:37:00,CNC-01,L,296.54971968732417,310.4307107013573,1743.907116649191,42.260603795109134,16.49336721120857,2.4327308093824263,13.570665852296026,58.789722528911895,0,2026-08-25 06:31:49
2024-01-11 18:31:00,CNC-01,L,300.5387435222371,314.49330392306945,2138.9653673316566,34.65393417315895,55.612168508240735,2.6230454176115985,13.861596651885536,54.08640288914052,0,2026-08-25 06:31:49
2024-01-11 21:03:00,CNC-03,H,297.63986982707047,309.45426921764124,2626.864800059614,15.469554327117578,69.73532113778924,3.2639973583821624,7.596021815675805,55.30311195345837,0,2026-08-25 06:31:49
2024-01-11 21:31:00,CNC-01,L,300.444787366665,312.4285540202633,2541.6900635719853,16.058887619855767,29.5214902578114,3.076263620471647,7.576306408215461,47.00281400725638,0,2026-08-25 06:31:49
2024-01-11 15:44:00,CNC-02,M,298.36321045356937,312.0102903375469,1686.6289539610648,40.22027579862646,10.35651671431148,2.290455292863981,12.796700714902155,54.51894955720974,0,2026-08-25 06:31:49
2024-01-11 03:59:00,CNC-02,M,296.54981931353933,310.28648439122304,2494.62301385627,24.253052122204508,92.72540648894602,3.113936355499499,11.247775768495757,53.62135212309918,0,2026-08-25 06:31:49
2024-01-11 06:21:41,CNC-03,H,295.3913841551359,310.79600397025865,1961.2919064238959,40.11327330931734,214.1942418053108,3.2992914319157185,14.567936843530203,59.777918846057,0,2026-08-25 06:31:49
2024-01-11 03:35:00,CNC-02,M,23.594405646515668,36.35931624202459,2529.120176474941,20.34853934034478,64.1733547414278,3.0497260612925534,9.862261373695867,60.35790992701013,0,2026-08-25 06:31:49
2024-01-11 00:50:00,CNC-01,L,298.71496263557134,310.04292654263094,2800.467095591736,11.84701315704896,54.81392580912395,3.499225383838378,6.27632775804927,54.614594371042415,1,2026-08-25 06:31:49
2024-01-11 09:33:00,CNC-02,M,295.40988140125006,309.75397487575316,1517.0746323346366,47.877285091009085,85.39611375117167,2.21910369512269,13.477470422913026,55.915311082246944,0,2026-08-25 06:31:49
2024-01-11 03:58:00,CNC-02,M,296.61873505004365,309.59722703391304,2465.7910419344435,22.823849347955484,91.5547652613803,3.022219337025613,10.427794532096307,62.522964420121724,0,2026-08-25 06:31:49
2024-01-11 10:26:00,CNC-02,M,296.05651861198254,311.0513676818869,1500.3761835396876,50.03879572643418,168.21252397211538,2.5940896854112516,14.211179128338742,58.35020115259582,0,2026-08-25 06:31:49
2024-01-11 02:55:00,CNC-01,L,24.508244190235928,38.545514531505205,2540.1561179890828,24.090536520568133,191.76461665217147,3.830133431366433,11.180261403570961,56.79010698473176,0,2026-08-25 06:31:49
2024-01-11 18:30:00,CNC-01,L,300.59237761429154,314.4016238850374,2128.4006115356624,30.857723022300082,54.2926392435019,2.7764863551103134,12.38985914624825,48.2527991953169,0,2026-08-25 06:31:49
2024-01-11 08:29:00,CNC-02,M,295.19615950354114,310.9252274290697,1623.2781073957199,50.90809912760406,237.0893564625857,3.1962514072323955,15.479891041089903,56.99770132477014,1,2026-08-25 06:31:49
2024-01-11 23:54:00,CNC-01,L,299.66868469054714,313.0942897244052,2728.0774725333217,20.445677155421606,183.8332575878701,3.846142706335293,10.27061284107354,48.0277659540002,0,2026-08-25 06:31:49
2024-01-11 22:19:00,CNC-02,M,299.0676300323164,311.99611917513204,2514.906179400163,20.41152048241463,54.844757844777945,3.104196649161606,9.39501036972035,51.37926039281706,0,2026-08-25 06:31:49
2024-01-11 21:12:00,CNC-03,H,297.84986527430675,311.03888730720894,2366.6295839528493,23.927214739313328,79.90718333748751,2.983273454326296,10.579888500452746,56.15280112263139,0,2026-08-25 06:31:49
2024-01-11 16:03:00,CNC-02,M,298.7225431771807,312.8502814176519,1593.7585573293748,45.01852407664971,38.2607821566035,2.2067707125369114,13.450831641967804,54.22266709656822,0,2026-08-25 06:31:49
2024-01-11 18:39:00,CNC-02,M,305.2525687501419,313.3702039665252,2156.2534377809952,32.35598452613094,46.992541854145884,2.8116764461646904,12.991026745403289,44.10468892038826,0,2026-08-25 06:31:49
2024-01-11 03:18:00,CNC-03,H,23.451051122667877,37.93575818314736,2399.6695525607533,26.984881056163406,235.937437142709,3.8323155327659815,11.69485578076232,58.54267160983958,0,2026-08-25 06:31:49
2024-01-11 23:36:00,CNC-01,L,299.6619211651281,311.12685973298335,2764.266282341187,11.297659725470664,164.46726944375212,3.758965135954448,5.672023249187269,48.396294057140636,1,2026-08-25 06:31:49
2024-01-11 15:49:59,CNC-02,M,298.84545978497533,312.7799962328208,1701.5224205129216,40.018073905772034,19.26760057842274,2.341492110942964,12.611844748168567,51.360416900781104,0,2026-08-25 06:31:49
2024-01-11 20:22:00,CNC-01,L,300.2329393667369,314.26721809220373,2411.4654083611495,26.43960657559415,191.56930104247866,3.7057685527409308,12.20285884090171,48.01980348183916,0,2026-08-25 06:31:49
2024-01-11 20:24:00,CNC-01,L,300.29853889868747,315.05508627917175,2248.0147343909093,31.871421241942272,194.00217341173598,3.4942011573483405,13.467953642194052,47.837023514927836,0,2026-08-25 06:31:49
2024-01-11 03:00:00,CNC-03,H,23.878024133510905,37.85135462527694,2645.028535965599,22.227281372978887,215.35198518796224,3.7664733459085764,10.992990958505517,57.293236756932906,0,2026-08-25 06:31:49
2024-01-11 10:52:00,CNC-03,H,294.4447406442775,309.45499783530835,1353.396874733164,56.366060972915186,158.86084115812534,2.2574422371165794,14.309004117316341,64.18270518396046,0,2026-08-25 06:31:49
2024-01-11 03:50:00,CNC-02,M,296.90643704509876,310.107939062345,2421.0110539171087,23.2181394610742,82.08788107513517,2.9979582460662413,10.515868682095102,58.206717602661165,0,2026-08-25 06:31:49
2024-01-11 01:35:00,CNC-01,L,298.45058628654186,311.30710493997503,2457.8000469079425,21.27551275502007,103.30598329319466,3.2024905385607236,9.688066059178261,0.0,0,2026-08-25 06:31:49
2024-01-11 03:09:00,CNC-01,L,24.407330388326216,36.13855995403202,2574.095261029883,16.5486047788615,8.874789855393644,3.104293346287371,7.809286294792967,54.105311695489604,0,2026-08-25 06:31:49
2024-01-11 02:08:00,CNC-02,M,297.5676036155423,310.5784730453749,2424.274135269314,20.568509020940358,186.89054757095553,3.4002753235623593,9.418482367820793,56.516827583087796,0,2026-08-25 06:31:49
2024-01-11 09:55:00,CNC-03,H,294.45609823831336,308.60532477622553,1524.3123002938203,47.65549619709255,69.30102213594685,2.190474683517609,13.478726392051444,62.79546461512506,0,2026-08-25 06:31:49
2024-01-11 10:22:00,CNC-03,H,294.30351022780104,308.777670249537,1470.7780822099828,49.28541913861131,111.43834479285982,2.195530685151169,13.62546999119172,60.14105878029977,0,2026-08-25 06:31:49
2024-01-11 03:38:00,CNC-01,L,23.772613520607592,36.78073835024708,2505.712401656686,23.21772148028145,42.5609715174613,3.1260149541425735,10.856203932634266,57.10846988804903,0,2026-08-25 06:31:49
2024-01-11 14:40:00,CNC-03,H,295.71942536996147,309.7893950731187,1455.422778692056,48.00673510131135,32.38292354396539,2.177818030163157,12.993520503027339,60.41755516347956,0,2026-08-25 06:31:49
2024-01-11 01:27:00,CNC-02,M,298.0672259161967,310.9873141315248,2674.107926470839,19.00474417887574,142.04920761326485,3.477114954948804,9.410883190817982,58.47723325257377,0,2026-08-25 06:31:49
2024-01-11 00:24:54,CNC-01,L,298.58203532867867,310.0940769907293,2584.3243028316974,16.194162111825136,26.997213873884853,3.2204619734644933,8.221697935360645,54.722464574018495,0,2026-08-25 06:31:49
2024-01-11 00:51:00,CNC-02,M,298.360139523953,310.501326777823,2662.9496146900965,15.864894021682602,103.79396740170992,3.2734562479609877,7.678121918887446,50.103370981647814,0,2026-08-25 06:31:49
2024-01-11 13:00:00,CNC-03,H,294.95146776843086,309.43011248924154,1313.4796134698179,55.126016506371066,136.47921855753236,2.181197225624748,13.66428242068138,60.1000061528517,0,2026-08-25 06:31:49
2024-01-11 04:17:00,CNC-03,H,295.86727414553314,308.42634356511763,2468.992312104409,21.374221271324203,53.42250923365488,3.0637433354534696,9.985829656148995,60.18885967776942,0,2026-08-25 06:31:49
2024-01-11 16:52:00,CNC-01,L,300.31786560994044,315.3774226523744,1703.2835540927392,45.93046695540728,159.510327740159,2.7252189069799533,14.949769597551851,53.94552704818949,0,2026-08-25 06:31:49
2024-01-11 21:57:00,CNC-03,H,,309.9063423861908,2663.470953362123,18.777710468093566,130.27646195286016,3.296520443717602,9.434481071983774,56.00646438676659,0,2026-08-25 06:31:49
2024-01-11 20:26:00,CNC-01,L,300.4534920320537,314.01345831341814,2459.7832234907873,22.734886152437646,196.36181628195558,3.7033638092464454,10.483301487299851,50.4528145063449,0,2026-08-25 06:31:49
2024-01-11 10:09:00,CNC-01,L,296.3750314690867,310.59830590343665,1534.6643381370016,45.334676687216444,157.82019015673495,2.5688961036444447,12.933771369522002,56.11898603454907,0,2026-08-25 06:31:49
2024-01-11 05:16:00,CNC-03,H,295.5677662246446,308.8630842785607,2177.820093346984,26.665647355604662,126.94674919076719,2.9128738476474747,10.880532537695402,57.54183712046866,0,2026-08-25 06:31:49
2024-01-11 05:48:00,CNC-03,H,,310.1646162515509,2170.8434121397804,35.277399771663674,168.53348333822248,2.9614903216693365,14.336087286228068,61.10616691654857,0,2026-08-25 06:31:49
2024-01-11 16:58:00,CNC-01,L,300.60753284612343,315.8046932702188,1979.0299190737737,39.78222855606611,167.86179210924018,3.0778603030281677,14.593630181987812,49.73757968660738,0,2026-08-25 06:31:49
2024-01-11 02:42:00,CNC-01,L,24.47841880447345,37.69495984278865,2574.906659372087,21.289203738287885,177.02082132104556,3.6120806747212075,10.195847291519593,52.66806172863597,0,2026-08-25 06:31:49
2024-01-11 00:21:00,CNC-01,L,298.8548962694809,310.9630649530104,2649.3817208440523,17.715461443416505,23.779183095373426,3.213429995618911,8.79013171962515,51.02501734453611,0,2026-08-25 06:31:49
2024-01-11 23:40:00,CNC-02,M,298.4157448276047,311.23190679868213,2651.8085838029738,17.746651413315732,141.61903033110977,3.458003330025138,8.844873495100682,52.62066986893154,0,2026-08-25 06:31:49
2024-01-11 01:24:00,CNC-03,H,297.77328929504614,309.8750597836981,2728.3081663876815,15.827473793743504,,33.03892932074858,8.009174895975379,56.9205632509727,0,2026-08-25 06:31:49
2024-01-11 09:16:00,CNC-01,L,296.39759871756013,310.0654410213897,1446.6408756854219,46.28247547389471,75.595620615039,2.0934025230495394,12.63541886910964,56.83365169633876,0,2026-08-25 06:31:49
2024-01-11 12:31:00,CNC-02,M,296.7131577610086,311.1610139219192,1303.6471609136163,53.63336500162668,136.41965170912783,2.2506546495582462,13.230583980911163,57.19970441591278,0,2026-08-25 06:31:49
2024-01-11 09:59:00,CNC-01,L,296.52575711603606,311.2803123343665,1394.6882643723636,51.746058841130335,142.25501891351075,2.3238638851629307,0.0,60.62077864408506,0,2026-08-25 06:31:49
2024-01-11 10:25:00,CNC-03,H,294.35064127799,308.1718697903255,1308.8517169746835,51.316245042436556,116.18971637912958,2.0865358899197157,12.815940275780793,59.40420784409366,0,2026-08-25 06:31:49
2024-01-11 02:40:00,CNC-03,H,296.96648083758305,310.5445042970693,2384.223805584523,24.43999229440168,192.54918486546404,3.4530956858976305,10.924034508741089,53.32401148284585,0,2026-08-25 06:31:49
2024-01-11 00:41:00,CNC-01,L,298.7161939479955,309.96050641033383,2792.1125476546117,12.047825121117079,45.23457883412134,3.3383903518038753,6.35486652953289,50.625569379482414,0,2026-08-25 06:31:49
2024-01-11 21:29:00,CNC-02,M,299.5419754887321,311.00525837800694,2639.1696204053087,13.49781321100332,0.0,3.175822091546922,6.847557204327507,51.792661915901114,0,2026-08-25 06:31:49
2024-01-11 02:40:00,CNC-02,M,297.5444391552831,309.19342943736143,2652.3794906228063,15.245280188479851,1.0845703077258853,3.1865763242398017,7.830241866810927,58.597866352912376,0,2026-08-25 06:31:49
2024-01-11 13:34:00,CNC-03,H,294.92624372942095,309.7287844841574,1472.5871612630258,0.0,190.12172946450997,2.6703975100023043,13.671594135380644,58.73168516496061,0,2026-08-25 06:31:49
2024-01-11 00:16:00,CNC-02,M,298.67710028612703,310.855823207507,2705.3569097872896,16.566211462883018,66.42735797600571,3.3123462704239275,8.19384233980253,49.399374459077215,0,2026-08-25 06:31:49
2024-01-11 00:23:00,CNC-02,M,298.51931001374084,310.7032122306153,2747.0162461251234,16.747130723441575,73.83478069783399,3.2938769877337766,8.438773469695573,53.71403175436458,0,2026-08-25 06:31:49
2024-01-11 13:13:00,CNC-01,L,297.74123058620006,311.5363770185408,1372.222848460786,50.48837045025278,36.395676497238355,2.0505795065307892,12.77905098136749,55.89981274987152,0,2026-08-25 06:31:49
2024-01-11 16:55:00,CNC-03,H,297.11799967246105,312.5322525828921,1782.7954851513673,45.13053492650626,231.75059878385912,3.259379458162622,15.091313075914401,56.86191973874367,0,2026-08-25 06:31:49
2024-01-11 16:46:00,CNC-03,H,296.84233124820497,311.8801985467171,1883.5084462673829,40.176342752431495,219.07305325969983,3.1231143201393388,14.141162717380592,57.88798553988475,0,2026-08-25 06:31:49
2024-01-11 12:28:00,CNC-01,L,297.384585256675,312.3493855541657,1542.8155407163704,49.41751516430348,186.7207889959507,2.8377196325512797,14.452560171616014,57.48128528868821,0,2026-08-25 06:31:49
2024-01-11 21:13:00,CNC-02,M,299.3839303717077,313.9064961040371,2550.433784312137,25.90252072085578,231.6975641373347,4.057352447738811,12.241312848527768,56.77761139151895,0,2026-08-25 06:31:49
2024-01-11 18:21:00,CNC-03,H,24.53778432751068,38.25771836062319,2001.9759657982313,31.204561412591975,94.65506851435121,2.665777152358059,11.687585446769909,61.79958794698504,0,2026-08-25 06:31:49
2024-01-11 14:18:00,CNC-03,H,295.55895315851,311.2026482081256,1498.596830711512,52.866141066164644,258.9543114125967,33.231981438456124,14.642867263067727,57.348257910362676,1,2026-08-25 06:31:49
2024-01-11 23:38:00,CNC-03,H,297.0917524815771,310.14799393970367,2788.860283542342,17.63881424468557,238.476986473253,4.149304842866836,9.50922570906496,54.88653825836844,0,2026-08-25 06:31:49
2024-01-11 19:53:00,CNC-01,L,300.3947633465077,313.7522044223946,2318.5472130436265,24.245256724937256,157.24311529279245,3.3345127414169187,10.334241870196598,48.29748534326479,0,2026-08-25 06:31:49
2024-01-11 03:45:00,CNC-01,L,23.676115349214854,36.06635179048817,2450.150510478371,20.774965660575607,50.699218108322306,3.084235535592295,9.670742007874084,53.56666803505619,0,2026-08-25 06:31:49
2024-01-11 04:09:00,CNC-02,M,296.38609449328953,309.9028690564745,2430.678102553199,24.35256137125059,104.74513953450926,3.039373048862129,11.189135757866806,56.87754207461812,0,2026-08-25 06:31:49
2024-01-11 12:06:00,CNC-03,H,300.51766402947095,308.20514611639936,1393.4912451297157,47.57690856380516,50.78931473979217,1.9238497274297417,12.375935778061818,48.69158935149012,0,2026-08-25 06:31:49
2024-01-11 06:59:00,CNC-03,H,295.05248885155476,309.4866768559447,0.0,47.11168161157291,31.95987102084227,21.64746383070111,14.37316870486185,59.71154679147724,0,2026-08-25 06:31:49
2024-01-11 11:01:00,CNC-02,M,295.90892970366775,310.8474208354749,1352.6984918342027,54.15435574997608,223.42626982426344,2.8889237737025044,13.784313660665282,61.99612208869567,1,2026-08-25 06:31:49
2024-01-11 02:47:00,CNC-02,M,24.1760582090987,36.308733866655075,2399.2621304711874,20.27160368813771,8.971715649420007,2.9695659761683135,9.070723118618023,60.823514508853854,0,2026-08-25 06:31:49
2024-01-11 20:24:00,CNC-02,M,299.5047029332254,313.8290766380585,2481.5912398719915,25.89736278026427,175.47358528535128,3.4697626110349162,12.04387698300344,51.533674203040654,0,2026-08-25 06:31:49
2024-01-11 18:15:00,CNC-03,H,24.708646615073235,38.760629212905485,2007.626621215431,36.10946365422627,86.84974281817425,2.7321934823496665,13.678060557161817,56.02955597250026,0,2026-08-25 06:31:49
2024-01-11 18:27:00,CNC-01,L,300.24531067225354,314.33414069228576,1947.3615154016495,37.998581288432966,,2.54237784901751,13.924450204763332,53.223975404258326,0,2026-08-25 06:31:49
2024-01-11 20:19:00,CNC-01,L,300.3038408108539,313.63955794343286,2529.0042636050002,21.117836049801372,188.06197944489978,3.677363130979238,9.930831916623243,53.99326669778075,0,2026-08-25 06:31:49
2024-01-11 10:17:00,CNC-02,M,295.7890720770379,310.201234038949,1355.4176950399606,50.513311231049364,154.07422032058145,2.377696507503021,12.78480415521741,56.78156097745223,0,2026-08-25 06:31:49
2024-01-11 13:49:00,CNC-03,H,295.095529908145,310.096222313509,1411.0143187944789,52.86571861207247,213.79967217679646,2.734052706448097,,58.25267618777021,0,2026-08-25 06:31:49
2024-01-11 16:15:00,CNC-03,H,296.5513728847606,311.20420160676355,1728.5783432845808,42.07510775544068,174.68071573249972,2.614336791419002,13.418843888004558,59.27536488575657,0,2026-08-25 06:31:49
2024-01-11 12:25:00,CNC-03,H,300.54499090874407,308.3904714689196,1390.9276769145022,51.25439954981255,81.05027772452955,2.057851829213272,13.23351154030084,52.00248248624672,0,2026-08-25 06:31:49
2024-01-11 17:01:00,CNC-01,L,300.5116973167533,7586.504291319203,1754.521417308984,39.59640431870684,172.12372736412314,2.852420323899502,13.131528552353684,51.84965440046163,0,2026-08-25 06:31:49
2024-01-11 21:19:00,CNC-02,M,299.43315492894027,312.7939721635622,2702.7721231443343,17.379987737922217,238.27858061169204,4.364080040954683,8.667839302769982,49.619768300379015,0,2026-08-25 06:31:49
2024-01-11 20:41:00,CNC-01,L,300.22301065619735,313.70228870602523,2596.4085583664455,20.9577970173837,214.04701931531375,39.896315073908724,10.107507203475237,49.77466283250932,0,2026-08-25 06:31:49
2024-01-11 00:50:00,CNC-02,M,298.93376744247615,312.03201347813797,2431.586128667774,22.245081675867198,102.73878204318385,3.168917746680349,10.203910345517025,53.68330368862005,0,2026-08-25 06:31:49
2024-01-11 04:11:00,CNC-01,L,297.032777577886,311.01891632609147,2245.3819362301447,30.53220575867957,81.9044468529903,2.7234878645937255,12.817202046885544,61.15916987133997,0,2026-08-25 06:31:49
2024-01-11 09:41:00,CNC-03,H,294.5019744198417,307.99917045543896,1330.6927652688173,48.09675153026305,47.59997208055544,1.9094958772322599,11.934677617734772,58.84695276064291,0,2026-08-25 06:31:49
2024-01-11 18:09:00,CNC-02,M,26.592542323444775,39.7363925028755,2108.7206554054687,27.747770400293803,7.9054818377707425,2.7123132366566716,11.283968857994257,53.67436598617499,0,2026-08-25 06:31:49
2024-01-11 22:50:42,CNC-02,M,298.7866970003329,311.52598298279855,2669.19445303664,17.71756325088745,88.38100254220721,3.3307402787720113,8.928360172636989,54.2588867080481,0,2026-08-25 06:31:49
2024-01-11 02:37:00,CNC-02,M,297.51170300819655,310.6627028905401,2631.793501609426,18.38677884142514,219.29252167454808,3.9423636903241097,8.938964507913699,49.716635583302235,0,2026-08-25 06:31:49
2024-01-11 18:38:00,CNC-03,H,297.78623836399606,311.72724335895526,2093.383292895061,32.11569941444883,116.7964037645214,2.751028676772232,12.344565769649098,51.37133862267984,0,2026-08-25 06:31:49
2024-01-11 15:57:00,CNC-01,L,299.7124342001901,313.6923203858761,1658.276135606402,41.6911256371361,80.47131287887146,2.2514321634575034,12.811071894558559,51.542195644362444,0,2026-08-25 06:31:49
2024-01-11 09:29:00,CNC-03,H,294.30463194587094,308.5510185518492,1550.9689381005433,46.946906890149265,29.10792483081659,2.206012181030624,13.727239322871455,59.30903169613825,0,2026-08-25 06:31:49
2024-01-11 11:12:00,CNC-01,L,296.8081288279161,310.7812046900683,1353.4225399444758,52.456917162776406,66.48722652975597,2.1058951442158227,13.1035769318239,55.6389073292639,0,2026-08-25 06:31:49
2024-01-11 20:32:00,CNC-02,M,299.8640070031457,314.41085205497916,2418.61154244373,27.539622588596583,184.8928980693581,35.2929534096093,12.286494682041154,56.27851377961483,0,2026-08-25 06:31:49
2024-01-11 16:31:00,CNC-02,M,298.7764580648466,312.863235165731,1912.1777543691485,36.74376424671659,78.6155660381838,2.6231567767143034,13.245843233583843,50.6087443036051,0,2026-08-25 06:31:49
2024-01-11 02:48:00,CNC-03,H,23.850429729975872,37.399484555029574,2457.5468806086183,22.66375435907609,201.55749950513453,3.5754824372738474,10.223364588894574,59.61030032836449,0,2026-08-25 06:31:49
2024-01-11 19:37:00,CNC-02,M,300.0517978001009,313.51689901413835,2318.0116753350003,24.9247228911825,119.37482789680593,3.096635012565192,10.920525127002685,53.53654575500317,0,2026-08-25 06:31:49
2024-01-11 18:35:00,CNC-02,M,305.15851577142007,312.42311781995926,2068.0133951244716,28.157509995357877,41.879674603523185,2.7205882752007007,11.088742475724148,40.01176396757076,0,2026-08-25 06:31:49
2024-01-11 10:47:00,CNC-02,M,296.25227021157247,310.7510848556285,1282.762406575677,52.70000184701559,201.2225390095221,2.556018420546293,12.764337793546156,62.04852081620267,0,2026-08-25 06:31:49
2024-01-11 15:42:00,CNC-01,L,299.0917581849184,313.013357683322,1675.912525655096,43.61826147454777,58.51874361065784,2.2892556600090317,13.571068605724639,51.39230550292232,0,2026-08-25 06:31:49
2024-01-11 04:32:00,CNC-01,L,296.8924553796489,310.64318372023337,2369.5301034545496,26.928105355052114,107.3419221508654,2.906853564379428,11.85920885948872,55.67165123260506,0,2026-08-25 06:31:49
2024-01-11 21:44:00,CNC-01,L,300.3612354348351,312.778203888273,2599.809109936225,20.03985486860617,43.662368385560356,3.1034180867121166,9.531343267119285,56.653918870197224,0,2026-08-25 06:31:49
2024-01-11 15:41:00,CNC-01,L,299.20604484016496,313.0662540154036,1549.6999335253297,42.73246619480359,57.06210099523906,2.065448381281866,12.458619650078568,53.159514590776574,0,2026-08-25 06:31:49
2024-01-11 01:34:00,CNC-02,M,298.1651100688036,311.5566925108974,2566.0748925299363,21.63764280934326,149.71878533469578,3.392202747269864,10.436537652706534,54.82359414536044,0,2026-08-25 06:31:49
2024-01-11 13:50:00,CNC-02,M,297.04281793922024,310.9773533222309,1440.2563501299894,47.03924634056629,58.18885598765252,2.144648953136087,12.522714397087736,56.283607776139526,0,2026-08-25 06:31:49
2024-01-11 17:09:00,CNC-03,H,296.96075666543345,312.37460164446964,1738.5390117234397,45.48498397200319,251.41467783270556,33.265820903787954,14.618803457620045,57.84014626498363,0,2026-08-25 06:31:49
2024-01-11 07:00:00,CNC-01,L,296.49252405007996,310.80673105254954,1816.1979280196397,39.993824314103136,110.08767928882475,2.542664751020656,13.46887087733905,53.85256006272452,0,2026-08-25 06:31:49
2024-01-11 01:21:00,CNC-03,H,297.9442756955471,310.389641885468,2623.5136246740954,18.383746690384324,105.59618605111913,3.3084287765770917,9.004438143086778,51.753627783009996,0,2026-08-25 06:31:49
2024-01-11 03:31:00,CNC-01,L,23.769794839516294,36.31121313153653,2335.167259544069,21.734820235466465,34.43999331061969,2.9637047418529265,9.704992249446533,59.74475265559858,0,2026-08-25 06:31:49
2024-01-11 10:05:00,CNC-03,H,294.2398252179031,308.5447187199249,1452.7870072036762,49.40928350121404,84.83069754318143,2.2235410244406113,13.52272428469001,61.86800411062168,0,2026-08-25 06:31:49
2024-01-11 16:36:27,CNC-01,L,300.40889113110563,314.8684421540781,1933.147576777139,37.96152783751664,138.23095635785265,2.8034357453749927,13.745388183900358,47.066288138659566,0,2026-08-25 06:31:49
2024-01-11 05:59:00,CNC-01,L,302.31678349163104,309.90929058697395,2016.3850181176676,32.60807506990526,27.564526022078486,2.5616888157507467,12.30305789890207,51.581533890716926,0,2026-08-25 06:31:49
2024-01-11 19:08:00,CNC-02,M,299.66310814275147,313.5242883829122,2193.677499122999,28.561546318496234,83.53669796274986,2.7324205410706472,11.718923502334922,52.81920884492999,0,2026-08-25 06:31:49
2024-01-11 08:55:00,CNC-02,M,295.48168108645217,309.96039712069035,1570.023659814484,48.10488744361986,27.253207616915137,2.2963222830996335,14.609302356357096,64.56848438693267,0,2026-08-25 06:31:49
2024-01-11 14:17:00,CNC-03,H,295.52069381233304,310.18119788937446,1303.129266111027,52.77925348303103,257.39762504238894,3.027070099005351,,63.62616097929647,1,2026-08-25 06:31:49
2024-01-11 21:10:00,CNC-01,L,300.5809277399957,311.7423065684214,2605.9510968814825,14.137852864471943,5.6815892588291925,3.1095909193943587,6.600748679670031,52.0753641393227,0,2026-08-25 06:31:49
2024-01-11 06:19:00,CNC-01,L,301.5921475291819,309.6710069564905,1973.1497804443184,35.98007321701905,54.09347696356332,2.5157797376079816,13.45459894549769,46.08472156502935,0,2026-08-25 06:31:49
2024-01-11 10:40:00,CNC-03,H,294.58377552871104,309.00191129026643,1363.8333159298656,52.7790807038122,139.88305116077484,2.2279409928201996,13.621901410261742,60.86610952346094,0,2026-08-25 06:31:49
2024-01-11 02:58:00,CNC-02,M,24.125451188595093,37.00392938003438,2415.6801418680498,23.216783448736482,21.477240564968696,2.997583509061877,10.551431292232968,53.04594336980022,0,2026-08-25 06:31:49
2024-01-11 05:57:00,CNC-03,H,295.4607811929814,310.5442262080911,1898.386981259577,41.937178549021766,180.36022335364362,2.848096864199362,14.698264532877475,62.93899613047992,0,2026-08-25 06:31:49
2024-01-11 07:09:00,CNC-02,M,295.52103127647104,310.2717343527247,1905.4072841667694,40.26597084584342,120.93578712062569,2.6439063420693207,14.231006170174354,59.08270687236571,0,2026-08-25 06:31:49
2024-01-11 08:10:00,CNC-03,H,294.66316749040755,309.6276964328847,1693.962463081017,45.68832355354143,134.00312413878908,2.4323208454685794,14.670331409757337,,0,2026-08-25 06:31:49
2024-01-11 13:57:00,CNC-03,H,295.2410211509384,310.37656810960425,1350.680648089609,52.69284806686152,226.40885441337736,2.7097393744104483,13.195575805936153,57.82879936283541,0,2026-08-25 06:31:49
2024-01-11 14:07:00,CNC-02,M,297.100662653511,311.6499070577421,1404.288383000618,50.21940728356091,84.76751834650432,2.1058106434797703,13.270827021896972,57.036058056086986,0,2026-08-25 06:31:49
2024-01-11 09:01:00,CNC-02,M,,308.7310346428877,1433.8116524524937,43.83022314214631,36.50096503924464,2.0875816000356293,11.88715395318243,57.2699017072786,0,2026-08-25 06:31:49
2024-01-11 07:21:00,CNC-03,H,294.7250647070368,308.731225369495,1800.3725561268573,39.17692735213579,63.06874805836081,2.528587335673608,13.37432561482151,58.3475444038863,0,2026-08-25 06:31:49
2024-01-11 19:14:00,CNC-01,L,300.0996277116364,313.77416350083394,2210.3305815688145,30.318449479266068,109.79984113951997,3.0056880578562906,12.915931937705436,55.75155474596066,0,2026-08-25 06:31:49
2024-01-11 17:10:00,CNC-02,M,299.23990228364596,313.88212704242767,1852.9123408096934,39.067507323674896,133.58505790928803,2.6365292548294956,13.650603702955449,52.60600882259432,0,2026-08-25 06:31:49
2024-01-11 18:35:00,CNC-03,H,297.93402267567916,311.2357798264287,2183.749497491114,27.164073928630955,112.96921391058405,2.802084945233008,11.021800432307051,53.871047193693684,0,2026-08-25 06:31:49
2024-01-11 01:58:00,CNC-01,L,298.37650982527265,310.9924691629528,2469.7025140977494,19.295788934045248,128.36812080390447,3.20879312029397,8.922597022616205,54.568339725054145,0,2026-08-25 06:31:49
2024-01-11 21:07:00,CNC-01,L,300.5749940017077,311.82719431659325,2613.970426424367,14.6377922066326,2.2485430727849414,3.256755776067555,7.127555419840827,46.75937926524724,0,2026-08-25 06:31:49
2024-01-11 06:05:00,CNC-03,H,295.41517287090466,310.6691597512327,2027.2367130959494,39.757160106542486,5896.756823670531,3.097104545578383,15.110517828246826,63.418656572831175,0,2026-08-25 06:31:49
2024-01-11 12:16:00,CNC-02,M,296.53830227101963,310.7455236527315,1430.5447970037478,50.228541327065926,112.5523873993563,2.2191631951680293,13.483068847309836,55.0231746161456,0,2026-08-25 06:31:49
2024-01-11 15:55:00,CNC-03,H,296.09998495676024,310.54521214705363,1805.551107187127,39.675943622867415,145.4285193458697,2.6799430915248514,13.398442968672725,57.29560177871959,0,2026-08-25 06:31:49
2024-01-11 21:10:00,CNC-02,M,299.48750180287834,313.52609079946336,2470.837651958333,22.398414207256494,228.28432113231077,3.9444637887285565,10.472732994702989,57.55024523523312,0,2026-08-25 06:31:49
2024-01-11 22:52:00,CNC-02,M,298.9889823362852,310.9126907784417,2658.55816033157,14.020794379065,90.51935665956348,3.2776863835490326,7.046792291358372,59.08007216474286,0,2026-08-25 06:31:49
2024-01-11 04:33:00,CNC-03,H,296.05727297897175,309.7248281508735,2170.7360383377477,29.66440793889064,73.11129660946105,2.8258538191129543,12.060930004847384,58.76677609106872,0,2026-08-25 06:31:49
2024-01-11 06:30:11,CNC-03,H,295.0182189751943,310.3762194526031,1884.388800800788,42.31174324519408,226.60493739531964,3.295081806523991,15.016550822466042,61.79295248274378,0,2026-08-25 06:31:49
2024-01-11 08:17:00,CNC-03,H,294.74632622574075,309.0553965345918,1856.712108279639,39.49448397068219,144.41355689478715,2.7512018929221855,13.525940668866863,61.22822141118249,0,2026-08-25 06:31:49
2024-01-11 07:36:00,CNC-03,H,294.5988137275488,308.5328391763345,1792.4849890631408,39.19975356912019,84.48612856094489,2.4334068224149306,13.236186920256547,64.60069619891176,0,2026-08-25 06:31:49
2024-01-11 03:28:35,CNC-03,H,23.76524370983276,37.55136269265603,2615.5037779836935,22.452423492385044,247.43138516494244,4.210769643955182,10.831395761939758,55.40924991004393,0,2026-08-25 06:31:49
2024-01-11 03:19:00,CNC-03,H,23.5642427825087,37.03972814430841,2586.9964540120427,20.661985651464462,237.05536001209754,4.023142898761739,10.100406793166183,53.70337965013074,0,2026-08-25 06:31:49
2024-01-11 23:42:00,CNC-01,L,299.6045947867066,312.9434748545893,2578.601034332199,21.642639512422377,170.96831461022953,3.5741094572052803,10.27207134631696,54.805658483524354,0,2026-08-25 06:31:49
2024-01-11 18:19:38,CNC-01,L,27.02815136690026,40.407057642101506,2029.2867409086612,31.278969488302348,39.987699742162306,2.6489507826184817,11.915379832315086,48.824073004492405,0,2026-08-25 06:31:49
2024-01-11 13:29:00,CNC-01,L,297.9116381306997,311.6369951713186,1360.6148817435756,51.104298462143845,61.598899536668455,2.03930947541058,13.036064469990478,57.252528392960095,0,2026-08-25 06:31:49
2024-01-11 08:35:00,CNC-03,H,294.44963634588424,309.2422925645836,1699.3967160156692,43.45408303994639,171.1429629016185,2.67196239931368,13.783078596029142,,0,2026-08-25 06:31:49
2024-01-11 03:16:00,CNC-03,H,23.099952144182623,37.155621565948195,2460.3664235595957,24.53194310674159,233.58533646642402,3.8092869472313313,11.114431161575265,56.346773088586204,0,2026-08-25 06:31:49
2024-01-11 07:39:00,CNC-03,H,294.92255811256007,308.7619113890941,1755.1637032856518,37.81136684024804,88.77297334703731,2.4408210511356465,12.430940562587887,59.40098038052707,0,2026-08-25 06:31:49
2024-01-11 22:01:00,CNC-02,M,298.91227259859,311.229201186624,2785.8536411204823,15.958375361564496,35.16304475710135,3.2120147955056613,8.231252882298215,57.71456644126292,0,2026-08-25 06:31:49
2024-01-11 20:25:00,CNC-03,H,298.05281184911127,311.4622074327632,2420.119546230157,25.73386609404887,25.97792813939957,2.9382834191371714,11.592884370703144,54.26150773576906,0,2026-08-25 06:31:49
2024-01-11 00:11:00,CNC-03,H,299.185138355967,310.3645263895096,2813.3571624762126,12.057301829291607,31.027648649643336,3.287175738342599,6.358657945855684,55.08371074582709,0,2026-08-25 06:31:49
2024-01-11 09:43:00,CNC-01,L,296.4378797064506,310.91514192330277,1529.132799502194,46.686984785249926,117.35822334813503,2.396196715016329,13.47318217558359,60.42041670293859,0,2026-08-25 06:31:49
2024-01-11 01:29:00,CNC-02,M,298.4353585880035,310.750125735554,2711.3813244635294,16.33276694113577,144.17642765472948,3.4209149349219845,8.367446834064271,58.22715532833091,0,2026-08-25 06:31:49
2024-01-11 12:05:00,CNC-02,M,296.3635827716365,310.5907828813824,1270.9962635329787,53.62410346445538,95.06283484462546,1.9880325629402533,12.801377915460401,57.344783218279986,0,2026-08-25 06:31:49
2024-01-11 21:26:00,CNC-03,H,297.8004826033542,310.3821968555476,2653.8217101922096,19.50981376520257,95.78474399445635,3.2664263720857023,9.5165870565482,55.087866720068504,0,2026-08-25 06:31:49
2024-01-11 19:24:00,CNC-02,M,299.8762428265707,313.19337640754634,2438.504806166558,23.221932717506988,103.30546279157141,3.1337144733768323,10.521949179902908,56.2713567425086,0,2026-08-25 06:31:49
2024-01-11 06:42:00,CNC-02,M,295.34402923220244,309.06119343015536,1970.1458007925992,33.377614313780285,83.38606209836264,2.641167022841484,12.026640936183764,60.472194013564334,0,2026-08-25 06:31:49
2024-01-11 08:16:00,CNC-02,M,295.4326336346812,310.4246864366334,1516.0724778269685,47.806047245431394,217.68874806663416,3.0416877488556953,13.615647465044745,61.34491098391629,0,2026-08-25 06:31:49
2024-01-11 10:00:00,CNC-02,M,295.6931885789241,309.89178963111704,1623.0413801542531,42.62545022799722,127.29287383490973,23.996404296819602,12.874323560051527,61.00359578172632,0,2026-08-25 06:31:49
2024-01-11 09:17:00,CNC-03,H,294.09629650832096,308.01304114168624,1448.0110190571604,50.989952701390024,10.560925254759633,2.0726441570156284,13.575740174130061,63.4938286490649,0,2026-08-25 06:31:49
2024-01-11 21:23:00,CNC-02,M,299.5004651302859,313.6550536544651,2663.227636681067,21.72491894276188,242.77372532851217,4.331618837241808,10.767876379482525,47.57665758053,0,2026-08-25 06:31:49
2024-01-11 07:37:00,CNC-03,H,294.7962994099845,309.8848272073709,1761.4469084402162,46.10562544310853,85.95826175452304,2.42211992918592,15.312458895276029,59.56893651316229,0,2026-08-25 06:31:49
2024-01-11 01:18:00,CNC-02,M,297.99738262606496,311.49897057792305,2556.5256012009795,24.388249501782482,132.39287200408742,3.378148678055157,11.752475595007798,54.15930257954088,0,2026-08-25 06:31:49
2024-01-11 16:38:00,CNC-01,L,300.21422297487436,314.5003090581608,1973.061707221171,36.38375612945266,139.5894436780831,2.864423806247863,13.250584208396496,53.20716970289162,0,2026-08-25 06:31:49
2024-01-11 13:18:00,CNC-03,H,295.2583234547911,309.8957932551401,1417.9051252293764,51.39234524671795,164.94795913019664,2.5207078862108774,13.60844625379795,59.66542815019464,0,2026-08-25 06:31:49
2024-01-11 15:39:00,CNC-02,M,298.66878615553367,312.8678776796152,1731.6075366672612,41.22696147812322,2.967243184940032,2.4994550076643867,13.368431758494244,56.28599396555053,0,2026-08-25 06:31:49
2024-01-11 04:31:00,CNC-03,H,296.06706529007295,308.5669100489687,2250.5259468917807,22.44711716383391,,2.911571535897763,9.243024359889601,61.166613745667846,0,2026-08-25 06:31:49
2024-01-11 12:21:00,CNC-02,M,296.58081637805344,311.5217504362324,1499.536833712419,52.30620353336596,120.49952303301329,2.2016049414086143,14.554110598120719,57.054876900120114,0,2026-08-25 06:31:49
2024-01-11 07:42:00,CNC-01,L,296.264694992086,311.30529583453387,1716.9967385886632,46.47108948863364,169.90684592038306,2.8632344894560973,15.17046032548817,,0,2026-08-25 06:31:49
2024-01-11 13:26:00,CNC-02,M,297.0861784081482,311.43716176961135,1503.6850382977693,0.0,20.55663210595771,2.20372861201134,13.516223204941777,52.72126803190547,0,2026-08-25 06:31:49
2024-01-11 12:43:00,CNC-02,M,296.8174644521482,311.70225061114184,1359.3542075441578,54.461429141624535,155.3975188057647,22.32185182958746,13.80162511305566,,0,2026-08-25 06:31:49
2024-01-11 00:40:00,CNC-02,M,298.51137632445386,311.34098057912104,2491.4639028993097,21.241893470614208,91.97770566229785,3.0669966706145853,9.997853922697567,55.283346159453444,0,2026-08-25 06:31:49
2024-01-11 17:30:00,CNC-02,M,26.35148232217591,40.73828328832701,1763.6792015092296,38.36935317071109,161.20725582361214,2.757987901950446,12.693941862554327,53.506446336898804,0,2026-08-25 06:31:49
2024-01-11 11:44:00,CNC-02,M,296.6882200864301,310.6780748190823,1298.3513632477718,52.01111960308224,61.71846627040364,1.9294813108245057,12.572821474863078,57.75852923444376,0,2026-08-25 06:31:49
2024-01-11 21:09:00,CNC-03,H,297.8545459305991,311.16682373247454,2583.0365627240662,23.23188485186647,76.49442843424038,3.1828037583001616,11.23465249361365,51.44420254850502,0,2026-08-25 06:31:49
2024-01-11 22:47:00,CNC-01,L,300.065218584898,312.04977229515214,2678.769670825204,14.666306893195227,112.25893859394074,3.3043042183410067,7.599101164636736,49.89650110793681,0,2026-08-25 06:31:49
2024-01-11 13:36:00,CNC-03,H,295.09194642048124,309.62391966269405,1381.3715590141917,50.67511257671623,193.31603465413204,2.456729027493549,13.025901388597122,61.10888127277037,0,2026-08-25 06:31:49
2024-01-11 03:12:00,CNC-03,H,23.401585331421643,37.12102574404469,2549.648630476114,23.853853253833655,229.04465799349467,3.8822443783293568,11.183657262295858,54.840279324111094,0,2026-08-25 06:31:49
2024-01-11 10:38:00,CNC-03,H,294.75406765140116,309.0517691922071,1375.2141790548512,51.82929367531852,136.69254374645413,2.1564091244670576,13.52087523080543,62.66454706695582,0,2026-08-25 06:31:49
2024-01-11 14:02:00,CNC-01,L,298.3296018395363,312.20971790339036,1316.9864836679728,52.31718851144373,113.55383529024617,2.070407212441019,12.844167450098844,51.09153489489555,0,2026-08-25 06:31:49
2024-01-11 16:36:00,CNC-02,M,298.9758260656562,314.2556808014015,1878.127372024204,43.58687606245835,85.80329922365763,2.5298245469399654,15.13568162456373,52.34693370179724,0,2026-08-25 06:31:49
2024-01-11 23:34:00,CNC-02,M,298.5383623311551,311.9523674527369,2589.6452691446507,21.292499775413855,135.36218504920194,3.3276839999800463,10.335115043647479,52.98295236623825,0,2026-08-25 06:31:49
2024-01-11 07:24:00,CNC-03,H,294.8782677942582,308.88363207997656,1792.9418932891201,39.67125873683556,67.32818628519252,2.3805664765031733,13.398821892740456,59.04878693571884,0,2026-08-25 06:31:49
2024-01-11 21:51:00,CNC-03,H,297.4280922977116,310.11081881389674,2448.3981326344147,21.184596008801357,123.6854480373306,3.1527696885963485,9.7834645152579,57.84142986329368,0,2026-08-25 06:31:49
2024-01-11 01:37:00,CNC-02,M,297.97241262962626,310.32944010257324,2696.3553738649775,16.083535342437514,152.9587627162619,3.5518436657377843,8.137610760764769,57.74629525441011,0,2026-08-25 06:31:49
2024-01-11 13:03:00,CNC-03,H,295.46107339437737,310.01626256334384,1365.3232282259473,53.41627236037191,141.27361536962002,2.1898906008263586,13.51870158028077,60.42386925735862,0,2026-08-25 06:31:49
2024-01-11 20:25:00,CNC-02,M,299.8390984071788,313.97527215591987,2511.057626509189,23.491563334830094,176.64754276424372,34.52194380368988,11.058920799164664,46.61597089607999,0,2026-08-25 06:31:49
2024-01-11 06:10:00,CNC-01,L,302.14161339470894,310.470195094081,2012.5057374611245,36.29825501792352,42.07690614344022,2.701128733990406,13.610735360356227,48.71960474916223,0,2026-08-25 06:31:49
2024-01-11 22:57:00,CNC-01,L,299.9470780486976,312.29312645322267,2626.0122270776255,16.513448388637855,123.03922275602982,3.4305015728731103,8.482798778649785,48.730772466235585,0,2026-08-25 06:31:49
2024-01-11 02:00:00,CNC-02,M,297.9730566668719,310.7376637569446,2613.9264911669316,17.681038877035398,178.08245745010703,3.5652195787682537,8.591846908063394,53.67343878165526,0,2026-08-25 06:31:49
2024-01-11 07:25:00,CNC-02,M,295.3760035090447,310.3423526593549,1848.8764450922054,41.432880174480744,143.5258586674028,2.7223736867364523,14.21810812342643,64.16828136178366,0,2026-08-25 06:31:49
2024-01-11 01:26:00,CNC-03,H,297.84879725831615,309.8500850354219,2631.968839972951,15.697059240235108,110.93293690968922,3.239983187689641,8.004771110866844,54.146259735033375,0,2026-08-25 06:31:49
2024-01-11 20:35:00,CNC-03,H,297.94618386793593,310.3286847206939,2493.5024616508713,20.832319018499426,37.580780068105135,3.1175838754528487,9.724308760614448,52.4965180112131,0,2026-08-25 06:31:49
2024-01-11 09:22:00,CNC-01,L,296.48428059909617,311.1354269434474,1623.276739275924,47.14206407242866,84.77005530063894,2.2760048928508154,14.574870794236123,56.1323905538361,0,2026-08-25 06:31:49
2024-01-11 14:32:00,CNC-01,L,298.3777202049398,312.6863352573805,1527.437800787893,45.49618550731751,160.06424939746836,2.5074532935710794,12.80683253522891,55.35876378391729,0,2026-08-25 06:31:49
2024-01-11 02:56:00,CNC-03,H,23.778312067297747,38.34786519651709,,28.664733900654205,210.83258798898976,3.5783033872361982,12.808540681852296,60.72933607294172,0,2026-08-25 06:31:49
2024-01-11 09:45:00,CNC-01,L,296.1423086206771,310.038470720139,1472.1271754825075,45.70964473357816,120.40997150405111,2.302151656844796,12.771882505245722,58.8859372529675,0,2026-08-25 06:31:49
2024-01-11 14:45:00,CNC-01,L,298.56966090150104,314.0784417437494,1563.8241966930486,52.033579569566385,179.9873589691941,2.7713040872667825,15.126523916472769,55.308754376980204,0,2026-08-25 06:31:49
2024-01-11 09:35:00,CNC-02,M,295.14789348230704,309.43604318194946,1383.9036087769198,52.29576205469436,88.526175717956,2.034830421668347,13.665115902805017,59.531646308391004,0,2026-08-25 06:31:49
2024-01-11 01:47:00,CNC-02,M,297.8378890898091,311.45310649278383,2565.7883823758807,22.367456607585382,163.90060874453332,3.4527362910985278,10.69280754246936,53.13721704035656,0,2026-08-25 06:31:49
2024-01-11 18:36:00,CNC-01,L,300.3930174431905,314.66775706385596,2197.546846081987,33.0690899909158,61.98806574734427,26.79852945992285,13.849181109490935,53.50868377926297,0,2026-08-25 06:31:49
2024-01-11 20:44:00,CNC-03,H,297.94237783431197,310.23814578716224,2466.892255140913,19.94598672752061,48.03078471144219,3.0273753712801255,9.170242202000402,55.877973452708595,0,2026-08-25 06:31:49
2024-01-11 00:33:00,CNC-01,L,298.7980290252006,310.74802213404564,2681.9094557307817,16.019648462047943,36.74201510734868,3.201848522688934,7.8307997672656455,57.660720801949424,0,2026-08-25 06:31:49
2024-01-11 23:27:00,CNC-02,M,298.6050871701823,311.1479759556934,2647.409396230229,16.12741354123776,127.95798103870415,3.2705977037765313,8.07128725007363,58.99643668398852,0,2026-08-25 06:31:49
2024-01-11 20:33:00,CNC-02,M,299.5727670866882,313.8132709882687,2497.6480881998377,24.982418581865346,186.02825379059638,3.459344064876182,11.701682427200872,52.80252764133241,0,2026-08-25 06:31:49
2024-01-11 09:13:00,CNC-01,L,296.164290364496,309.907967683081,1509.4166423539261,45.60276981385642,71.0682819138937,2.1976424347571193,12.858444520140294,60.42456649284716,0,2026-08-25 06:31:49
2024-01-11 08:12:16,CNC-02,M,295.44375372092907,310.5507397236881,1705.4921306865008,45.31621459896067,210.2141714486819,2.9670605319135213,14.76502848812423,61.544126831560945,0,2026-08-25 06:31:49
2024-01-11 16:23:00,CNC-01,L,300.1549255442219,314.54784536770404,1785.414584020044,40.47633160245982,118.14307041125113,2.6320041479753304,13.4822729761833,51.68784044051165,0,2026-08-25 06:31:49
2024-01-11 18:40:00,CNC-01,L,300.0320242217165,313.1877378840318,2157.9454609822305,26.280698891408356,67.04374742711255,2.8432847894090076,10.681215815093154,52.647002268526016,0,2026-08-25 06:31:49
2024-01-11 14:43:00,CNC-01,L,298.84257702913044,313.0712412747532,1537.387272566201,45.143374296065375,176.92574845979627,2.631687352261638,13.203443600400957,59.04741997249036,0,2026-08-25 06:31:49
2024-01-11 02:48:00,CNC-01,L,24.643248023525928,38.06045458276071,2535.5194379432164,22.53188169680945,183.77852303910046,3.703410755885693,10.845933355845784,54.33555128147992,0,2026-08-25 06:31:49
2024-01-11 22:10:00,CNC-03,H,297.38399005357405,310.11751219617145,2797.7557924416838,17.141284488492705,144.57632990051698,3.476925085760565,9.001395662889776,54.3082248528224,0,2026-08-25 06:31:49
2024-01-11 14:11:00,CNC-02,M,297.35212119584395,311.40468506193093,1402.7844019452118,47.3782489554913,90.95596959633203,20.09839956255852,12.477576861896667,52.84712609347198,0,2026-08-25 06:31:49
2024-01-11 00:28:00,CNC-01,L,298.4099316135833,310.5819861582304,2708.59201178718,17.70113910373116,31.295205682520063,3.1998268003739017,9.11284229954066,50.34382870436811,0,2026-08-25 06:31:49
2024-01-11 06:28:00,CNC-03,H,295.48558830805905,311.0403077251979,1923.0462910629042,42.6677418307457,222.42379076709287,3.2190427535198793,15.276643830692331,58.47776060241488,0,2026-08-25 06:31:49
2024-01-11 17:15:00,CNC-01,L,300.3334456889274,315.40478507175766,2041.3685953892743,,191.5261552729075,3.2755247284336906,14.53101201010388,51.646353666429675,0,2026-08-25 06:31:49
2024-01-11 06:17:00,CNC-02,M,295.40452768329425,309.25114264281984,1995.4742600573406,34.15481472362798,49.14453913178785,2.661069239297209,12.731952238924787,60.73737719507122,0,2026-08-25 06:31:49
2024-01-11 00:30:00,CNC-03,H,298.96385548895273,310.78658311265536,2611.694536078161,16.66979347583238,51.195636606397365,3.3087957786530393,8.396480129630342,56.73268615324754,0,2026-08-25 06:31:49
2024-01-11 11:28:00,CNC-03,H,294.4447441125463,309.0800831844802,1275.932122668377,51.9941671047995,215.66178978001219,2.5338985207087434,12.669662976671434,61.351008030000116,0,2026-08-25 06:31:49
2024-01-11 21:26:48,CNC-01,L,300.14971094446827,312.6296095944401,2585.893075792482,19.709138921429478,23.921655842363116,,,50.72124337146637,0,2026-08-25 06:31:49
2024-01-11 08:21:00,CNC-02,M,295.2092906651161,310.8215567115417,1683.3173918244083,46.464705199222124,225.14170165466268,3.19917949504372,14.604602119231387,63.27256798046689,0,2026-08-25 06:31:49
2024-01-11 18:21:00,CNC-01,L,27.206243743617392,40.884492148185814,2089.1445415200724,31.659848244099738,42.64323026708739,2.595506940600499,12.582735617707614,52.08858140781258,0,2026-08-25 06:31:49
2024-01-11 13:35:00,CNC-01,L,298.3403491463408,312.0244412148477,1514.5775184933718,41.90178145069968,71.00310956835882,2.2308084842951335,11.791411208044034,51.219542159979504,0,2026-08-25 06:31:49
2024-01-11 22:04:00,CNC-03,H,297.1900647645461,310.4034075379687,2585.8170999025438,21.197495148193156,137.9875690080361,3.232772969103484,10.0434776978061,57.22203404907791,0,2026-08-25 06:31:49
2024-01-11 00:29:00,CNC-01,L,298.63486789116797,310.30164501969017,2617.133028159399,15.595090963305665,32.396810329604996,3.2058631344951976,7.883362683477854,51.344708870819225,0,2026-08-25 06:31:49
2024-01-11 10:03:00,CNC-01,L,296.4254347602456,311.1907206913515,1652.398594725966,45.77603887717514,148.44856669201323,2.675287564583183,14.197603448266285,58.31057930515766,0,2026-08-25 06:31:49
2024-01-11 01:20:00,CNC-03,H,297.8269755775252,309.03110340961786,2698.5295423864395,12.150500568823169,104.52009400422413,3.1938776484486846,6.1069752618664275,52.76038276982993,1,2026-08-25 06:31:49
2024-01-11 04:29:00,CNC-03,H,295.85122623962286,308.84279970544236,2281.9269495334547,25.720661829646716,68.15260656328198,2.8270396895823224,11.137839326631326,59.16398065934386,0,2026-08-25 06:31:49
2024-01-11 06:56:00,CNC-02,M,295.5814030346132,309.6807751199979,1871.2052506835896,37.959764953821974,102.8158789738143,2.6299877306818913,13.279710826508992,57.70357278797753,0,2026-08-25 06:31:49
2024-01-11 02:17:00,CNC-01,L,298.0318293256634,311.15097041988065,2630.8889156381174,20.600294523580338,149.27699871364294,3.5560580676959765,10.120019516780642,57.64528163016719,0,2026-08-25 06:31:49
2024-01-11 23:57:07,CNC-03,H,296.8840183657055,309.7559819542699,2681.1615773797616,16.157361207182404,258.6851321058235,4.416794796930493,8.26545461498445,58.8333047687571,0,2026-08-25 06:31:49
2024-01-11 16:52:00,CNC-03,H,296.9209363992652,312.71014710276063,1843.946423986167,45.59405582430437,227.49293856931268,3.200319276750827,15.981727979864985,51.6948487279135,0,2026-08-25 06:31:49
2024-01-11 15:35:00,CNC-02,M,298.7080088856192,314.03847224845,1685.566550719147,45.47992953938253,219.04121117244023,3.117373812816362,14.404370279594952,53.24774817022774,0,2026-08-25 06:31:49
2024-01-11 22:21:00,CNC-01,L,300.2438949988157,312.4737995346975,2827.1672133819816,15.655192330715439,84.10486803023466,3.2904148733833596,8.209156952265834,51.64246109014012,0,2026-08-25 06:31:49
2024-01-11 12:24:31,CNC-01,L,297.3519156637122,312.32309454603734,1402.9199958174897,54.2672778559268,183.61316089599296,2.657698291071182,14.51190707592559,58.17599968803319,0,2026-08-25 06:31:49
2024-01-11 06:01:00,CNC-02,M,295.40082746450565,308.80881660695815,2050.2221509334836,32.003201313526034,27.64633274224864,,12.726686208637554,62.04393047028462,0,2026-08-25 06:31:49
2024-01-11 20:07:00,CNC-01,L,300.411869913693,314.0676019952174,2444.8067154623427,24.16100794723484,173.95527851749023,3.391244761271658,,49.51305715434072,0,2026-08-25 06:31:49
2024-01-11 21:43:00,CNC-01,L,300.465580539832,312.1517682820309,2799.7989254345744,14.550502122504728,42.55855179202347,3.404323836546861,7.443435842139189,0.0,0,2026-08-25 06:31:49
2024-01-11 06:19:00,CNC-02,M,295.4417483132947,309.71155874026863,1913.50827431524,38.52133882500762,51.865843172274175,2.442854418689349,13.845918630948633,58.744867907712326,0,2026-08-25 06:31:49
2024-01-11 00:42:00,CNC-03,H,298.8116041911412,310.5721708819798,2730.100857543587,15.288577299924373,63.80547371576239,3.2151760356612513,7.664510981589697,51.555592438276285,0,2026-08-25 06:31:49
2024-01-11 02:27:00,CNC-03,H,297.2267263757185,310.9097274651225,2574.0991974035546,23.373460922305583,177.91513840995876,3.4399403988781794,11.165049054425028,56.66812426567035,0,2026-08-25 06:31:49
2024-01-11 02:54:00,CNC-03,H,23.826624531109644,37.10390665401337,2428.477010963388,22.622417091680152,,3.5017608747202806,10.508446339664808,60.10740593566413,0,2026-08-25 06:31:49
2024-01-11 23:28:00,CNC-02,M,298.9113309403863,311.660809538839,2784.864726083363,15.592008286984026,129.0001881177736,0.0,7.9847005284682195,54.17745872446347,0,2026-08-25 06:31:49
2024-01-11 08:15:00,CNC-03,H,294.5810715069398,309.0649482802249,1689.466680553967,45.12223285939302,141.50373779993012,2.521278796590754,14.13401252869642,59.43576478632634,0,2026-08-25 06:31:49
2024-01-11 16:00:00,CNC-03,H,296.3095714648355,310.55708691010557,1678.2365039530646,41.37170686796403,152.88760234172705,2.592935941139838,12.834064074634478,64.51964193459915,0,2026-08-25 06:31:49
2024-01-11 15:35:00,CNC-01,L,299.47609633466584,313.4004434136398,1826.7263667102784,38.17915736460139,48.182669684133096,2.3732039803092557,13.106733617771276,55.4867206706818,0,2026-08-25 06:31:49
2024-01-11 15:26:00,CNC-02,M,298.35702360033497,313.76414557267407,1504.7712518077576,52.456507527033054,205.67130401728693,2.9010029347774573,14.85360074230905,50.23082617512346,0,2026-08-25 06:31:49
2024-01-11 07:29:00,CNC-02,M,295.37602058936386,309.8243172134197,1916.2421541846784,,149.1625235318587,2.823769699938026,12.846428865754696,54.31730846565149,0,2026-08-25 06:31:49
2024-01-11 04:07:00,CNC-01,L,296.97960182311186,310.3917639888186,2209.3954090971665,27.59939510887438,76.93915883754852,27.93097396554516,11.438404644773856,57.69040565202717,0,2026-08-25 06:31:49
2024-01-11 16:11:20,CNC-03,H,296.6203137915814,311.256881006699,1659.9378728233175,44.41171864155683,167.48636291946818,2.595799709554583,13.980240304112032,55.28844667176182,0,2026-08-25 06:31:49
2024-01-11 18:54:00,CNC-03,H,297.9660684058502,312.2212671693036,2211.1616026174975,31.020119231111817,137.1008136950497,2.9707640252105816,12.846056537604529,51.476284584784935,0,2026-08-25 06:31:49
2024-01-11 17:30:00,CNC-01,L,27.45367687355963,42.169359431857174,1870.7973322265245,39.23989443914103,212.0793922607927,3.4955788619913015,13.715577918756214,51.953518371099335,0,2026-08-25 06:31:49
2024-01-11 09:23:00,CNC-03,H,294.16023870553505,307.9707130212047,1580.5653084879343,44.124755752013776,19.79000836413401,2.188987176631209,12.984247345084999,64.48370483961949,0,2026-08-25 06:31:49
2024-01-11 21:06:00,CNC-03,H,297.81644996241903,310.4086778655417,2607.7775965286905,18.898349374290138,73.15245923842303,3.14702704734392,9.33575454043336,59.07874457807898,0,2026-08-25 06:31:49
2024-01-11 20:21:00,CNC-01,L,300.0429740782756,314.1916252128694,2616.5668647774614,25.334881235370176,190.40271826375445,3.740246536921568,12.619817598221205,47.414589227839045,0,2026-08-25 06:31:49
2024-01-11 05:47:00,CNC-03,H,295.39085326633284,310.27016674290337,2092.24843501528,35.21997802421732,167.2402135312558,3.075495486702702,13.974829929468914,59.769033698543986,0,2026-08-25 06:31:49
2024-01-11 11:47:00,CNC-02,M,296.6208137642274,310.79854318565685,1404.6574330759936,50.196949838756694,66.4839279319065,2.1364044551931443,13.222653817005122,57.55680685141021,0,2026-08-25 06:31:49
2024-01-11 22:37:00,CNC-03,H,297.18943363377116,310.65294301268074,2741.3606219323647,21.594689381706832,173.54915792408696,3.657305385237022,10.892697121325735,56.76653870416165,0,2026-08-25 06:31:49
2024-01-11 01:29:00,CNC-01,L,298.3498323710171,311.66087869410285,2539.016598778675,21.755060352317404,96.73234916539015,3.22308553251353,10.317381498790283,51.270144910772665,0,2026-08-25 06:31:49
2024-01-11 03:17:14,CNC-01,L,24.4662967159353,37.041701243340526,2460.1431372153215,21.753884447907783,16.96645252082835,2.998860459321167,9.7658776349527,57.930266599755996,0,2026-08-25 06:31:49
2024-01-11 22:41:00,CNC-03,H,297.29248339319986,309.40851804406117,2767.3052313946764,13.381230974813937,177.76271685355283,3.58463993897654,6.957121857641884,52.801496315211,0,2026-08-25 06:31:49
2024-01-11 06:52:00,CNC-01,L,296.3055940010478,310.7689396781285,1939.0538421666317,38.11600024018238,98.93266109558543,2.7139032527753146,13.903770287754062,58.97513017193353,0,2026-08-25 06:31:49
2024-01-11 12:40:00,CNC-03,H,300.42897209780324,309.0337605250161,1359.7768404945211,54.934787971343816,104.7893587393229,2.181183221086434,13.93905433003386,46.465852991533446,0,2026-08-25 06:31:49
2024-01-11 13:07:00,CNC-02,M,296.9018758674749,311.7937216325042,1367.612244555277,52.90754597729222,193.4158386234318,2.515261024563733,13.633968620778878,52.869782502182765,0,2026-08-25 06:31:49
2024-01-11 12:51:00,CNC-02,M,297.4052033631292,312.17778801104896,1345.6428375528806,52.778333947058876,168.01611366155385,2.4136578314046986,13.307805142455944,55.85231949740375,0,2026-08-25 06:31:49
2024-01-11 22:42:00,CNC-01,L,300.3476607022385,312.2363363621344,2703.330446891102,15.129484397129271,106.85310090344196,3.387724067840266,7.806913324528486,54.26978913982779,0,2026-08-25 06:31:49
2024-01-11 05:44:00,CNC-01,L,302.09638896342744,310.13539844652297,2299.386844189746,31.72652830449368,7.757518460232459,2.786475917777894,13.622590049819852,45.09231521935536,0,2026-08-25 06:31:49
2024-01-11 11:36:00,CNC-02,M,296.90711075426566,311.17089337429695,1415.498817391948,50.256270464685464,49.08902725173226,2.113819903116931,13.28612536777521,57.86688529546798,0,2026-08-25 06:31:49
2024-01-11 09:06:00,CNC-02,M,295.52639978213415,309.380112711004,1674.628573141748,40.824498494263736,43.979319821198246,2.271162634940552,12.878375189653088,59.179629123328624,0,2026-08-25 06:31:49
2024-01-11 16:14:00,CNC-02,M,298.8632492537706,313.6901595536721,1836.1414173417309,42.09421725471802,54.255412211891354,2.4332497731700076,14.34267022038511,54.54285543948461,0,2026-08-25 06:31:49
2024-01-11 20:33:00,CNC-03,H,297.82100654143693,310.10721923526256,2484.9611374223687,20.18614299982511,35.30643672651469,3.075967964212709,9.369167608868848,57.442072152735165,0,2026-08-25 06:31:49
2024-01-11 17:05:00,CNC-03,H,297.00235467993775,311.61719085579136,1850.8230186809876,37.70962211240892,245.76708934473027,3.369082343947081,12.98380710147977,57.71813789288252,0,2026-08-25 06:31:49
2024-01-11 23:27:00,CNC-01,L,299.5995633176685,312.7908553869187,2754.4861608261654,20.094474760862397,154.9861388205381,3.650473170500738,10.466548265269191,,0,2026-08-25 06:31:49
2024-01-11 09:32:00,CNC-02,M,295.3577667419377,309.5254539457203,1606.3314095150822,44.50294167304502,83.8363121547534,2.211544539264281,13.382959576684804,55.265590974604414,0,2026-08-25 06:31:49
2024-01-11 09:42:00,CNC-01,L,296.5396782390091,311.0321234185158,1372.2359354758191,53.373741688389146,115.83184419294356,2.122472616990784,13.707703934417719,56.083540583743336,0,2026-08-25 06:31:49
2024-01-11 13:54:00,CNC-03,H,295.255285251047,310.8484664295978,1495.650149077426,54.61653364778512,221.69432959267576,2.8222579002615307,15.333892034293227,58.74894996523792,0,2026-08-25 06:31:49
2024-01-11 10:12:00,CNC-01,L,296.33194543372286,310.9432686115297,1363.3441300355748,51.857109804384,162.54148214982106,2.447167399291364,13.194051418206303,55.45542284486759,0,2026-08-25 06:31:49
2024-01-11 05:49:00,CNC-03,H,295.43834279994377,309.8826235680669,2140.9630813231497,33.37155868077313,169.8086482396289,2.9895560414811353,13.283175489291068,60.73004478333167,0,2026-08-25 06:31:49
2024-01-11 10:15:00,CNC-02,M,295.7389150145674,310.3640259699827,1360.893548310832,49.77840339266423,150.9526102134377,2.328571905131587,12.747794601283973,57.44985986011236,0,2026-08-25 06:31:49
