ts,machine_id,type,air_temp_k,process_temp_k,rot_speed_rpm,torque_nm,tool_wear_min,vibration_mms,current_a,humidity_pct,machine_failure,collected_at
2024-01-08 02:40:00,CNC-02,M,297.78963289616667,311.1105774637596,2324.196954427475,23.183383596556588,186.38518440573057,3.398473264913997,10.254279671022514,50.093444612714485,0,2026-08-25 06:31:47
2024-01-08 19:09:00,CNC-03,H,299.7067052726613,313.7816739682966,2189.5481305097323,31.26094434012917,135.83441619892076,,13.06778198853163,55.899315284740425,0,2026-08-25 06:31:47
2024-01-08 04:07:00,CNC-01,L,297.73561676843633,310.88865752583797,2458.1233776794156,23.761367985607794,114.77273662063983,3.1791164870490904,10.830579222033416,58.42697816450628,0,2026-08-25 06:31:47
2024-01-08 10:35:00,CNC-01,L,297.82041489596355,312.7303019282088,1311.409353377597,55.252716934755306,221.12298191228683,2.9827759322424865,13.652297122520775,54.03240056276885,1,2026-08-25 06:31:47
2024-01-08 19:58:00,CNC-03,H,299.5552273475206,314.06590443424864,2432.4838665885463,28.602350833023173,195.62871168937906,3.522353890600981,13.201204053187771,54.44545490043016,0,2026-08-25 06:31:47
2024-01-08 05:07:35,CNC-03,H,302.04985087652324,309.848488453161,1998.2495374654177,32.16150970953618,107.90945207614963,2.7283158979596376,11.857836495590037,50.32770840693423,0,2026-08-25 06:31:47
2024-01-08 10:53:42,CNC-03,H,296.44886720734604,310.51665977176987,1335.9236406296009,50.671155471419574,131.3739727069297,2.141999970151839,12.375192261372774,53.23415380568406,0,2026-08-25 06:31:47
2024-01-08 15:22:00,CNC-01,L,299.57956355492513,313.5995991394968,1649.101180217431,43.89401527083229,16.393722281035323,2.2922757504727334,13.688370432365302,54.42079534152816,0,2026-08-25 06:31:47
2024-01-08 22:44:00,CNC-02,M,26.322536052876785,39.12397800123523,2673.0579174687023,17.970075795762416,81.10429876312683,3.286104727255009,9.012605410263113,48.073549615095686,0,2026-08-25 06:31:47
2024-01-08 07:55:00,CNC-02,M,295.9210997265774,310.4307566790844,1642.5647163510935,42.235107082732064,141.34448809204434,2.6161943041031845,12.717516478741274,55.78678206649145,0,2026-08-25 06:31:47
2024-01-08 14:28:00,CNC-02,M,303.0951472341973,312.415353007561,1530.8322209248604,53.41047096174921,101.49060781892182,2.335730974918596,15.39402293614327,45.65410848614248,0,2026-08-25 06:31:47
2024-01-08 10:51:00,CNC-03,H,296.5431912144554,310.95834674493096,1358.6970137075734,54.00719510946479,128.1739727069297,2.2920358868668105,13.793023879560273,53.543284874977225,0,2026-08-25 06:31:47
2024-01-08 06:13:00,CNC-02,M,23.18599754723209,37.82779831555263,2051.499947188858,32.673290851212585,232.47693950228145,3.678802849538253,12.706373877034004,56.8208611841434,0,2026-08-25 06:31:47
2024-01-08 07:25:00,CNC-03,H,295.81364829531043,309.89420969297066,1923.4892305044862,38.20969593797024,38.146678137061066,2.5002561065602946,13.707247237768126,58.018467251972645,0,2026-08-25 06:31:47
2024-01-08 13:14:00,CNC-03,H,297.17147012307976,311.3970873851101,1435.2428999671167,47.99470097561072,120.65505722643655,2.292381314322254,12.993992017747587,58.37692380845162,0,2026-08-25 06:31:47
2024-01-08 13:53:00,CNC-01,L,299.04980565984846,313.1381166278631,1386.8597014698043,50.512406856154925,101.33566984093603,2.0332703003731436,13.111172677879122,51.73344572739491,0,2026-08-25 06:31:47
2024-01-08 23:50:00,CNC-02,M,299.1870153524131,312.2688941522121,2604.1707865556364,19.071182996289476,151.46184916427092,3.4785838834232305,9.149599689982383,51.398550259206495,0,2026-08-25 06:31:47
2024-01-08 22:20:00,CNC-02,M,26.18296092310328,37.63649819583668,2690.7080037823753,11.733041767794735,55.26778925969335,3.318307523732289,5.833171461759557,55.480467630462506,1,2026-08-25 06:31:47
2024-01-08 04:46:00,CNC-02,M,296.37252396040304,310.13573463763106,2007.351161723076,30.789828076959125,119.57912523513998,2.7888132227336104,11.494328099469461,56.8339348619546,0,2026-08-25 06:31:47
2024-01-08 06:07:00,CNC-03,H,28.826500070993347,37.17646056400656,1905.7540547099898,35.316216709097716,184.59728368691395,2.983918724055362,12.51159998537948,48.169366590315526,0,2026-08-25 06:31:47
2024-01-08 00:19:00,CNC-01,L,299.2055104576473,310.8183469692074,2799.133047294192,14.212607993698075,51.300940563278694,3.2012114323040426,7.298929216683895,47.05121489300964,0,2026-08-25 06:31:47
2024-01-08 06:19:00,CNC-01,L,24.304251802124895,38.33165755351854,2067.547203968788,33.433447890512056,77.86131450630353,2.6597925236529933,12.988876304265203,56.14264364822078,0,2026-08-25 06:31:47
2024-01-08 11:09:00,CNC-03,H,296.6599856197893,311.3734378132677,1396.4726781985191,53.533433688896224,156.76376728239072,2.271369025077985,13.77462435912942,58.01815807612166,0,2026-08-25 06:31:47
2024-01-08 03:16:00,CNC-02,M,297.4164229380883,310.42770705321226,2414.8934668528755,24.20827437125802,11.622446743542033,2.9076476883376623,10.742950361937236,54.82195760269424,0,2026-08-25 06:31:47
2024-01-08 05:54:00,CNC-01,L,297.77012830865795,311.4661024670825,2146.793382104374,29.94375142927787,44.28523490140668,2.6800339321116637,12.122478241643748,59.10163357809545,0,2026-08-25 06:31:47
2024-01-08 16:36:00,CNC-03,H,298.4676940181577,312.98756007200996,1744.115717029311,39.87408010602145,193.952663944434,2.8849472375290675,13.212119944076775,56.603607642118334,0,2026-08-25 06:31:47
2024-01-08 09:36:00,CNC-03,H,296.1830497631265,309.82628413323937,1392.4931453912357,48.866539459805296,10.795211352391915,2.106409733476401,12.485605692657122,60.20171829557392,0,2026-08-25 06:31:47
2024-01-08 12:01:00,CNC-01,L,298.3008231955317,,1435.6149798134861,52.366406558165686,127.09325326765574,2.34159491810777,13.810591085770822,50.333936819496756,0,2026-08-25 06:31:47
2024-01-08 01:45:00,CNC-03,H,297.7112083441653,310.46427142066864,2600.7049467640386,19.83134643590314,121.02619957010671,3.188828552882358,9.651868491502977,55.44012629280919,0,2026-08-25 06:31:47
2024-01-08 22:29:00,CNC-03,H,26.631605901582873,38.900575771711544,2686.4621140045388,16.735988021952277,91.46003837647578,3.356640102746442,8.628410715488343,53.6329135491549,0,2026-08-25 06:31:47
2024-01-08 08:15:00,CNC-03,H,295.8681034246999,310.6999200239036,1675.6677618433425,45.78432054842639,110.78455803982317,2.254852568634657,14.187989427427484,58.95893701150558,0,2026-08-25 06:31:47
2024-01-08 11:23:00,CNC-02,M,296.57057193928745,310.80136416544246,1455.540146661148,50.65171156675503,34.9739647040944,2.110752216598697,13.579914743541536,61.1712899816735,0,2026-08-25 06:31:47
2024-01-08 23:10:00,CNC-03,H,299.829036710255,312.2960701701133,2651.270413536828,17.831928794302836,135.63261576867248,3.424298471804438,8.908999706387428,48.55795439432306,0,2026-08-25 06:31:47
2024-01-08 05:23:00,CNC-01,L,297.63653477360594,310.9357269405852,2198.3173528492034,29.388914423050213,3.8421816477203246,2.801490270148319,12.170597885378092,55.59282476232648,0,2026-08-25 06:31:47
2024-01-08 14:47:00,CNC-03,H,297.8128208539153,311.83834887856494,1541.2298597651084,45.896880872471435,32.51261127783401,2.0159566711889494,13.172111930232926,55.67158967081285,0,2026-08-25 06:31:47
2024-01-08 11:59:00,CNC-03,H,296.87033525317133,310.2709336564493,1309.9814978906138,49.86411338055182,1.6,1.9488756627923105,12.147029461246305,55.65392062701967,0,2026-08-25 06:31:47
2024-01-08 03:28:00,CNC-03,H,297.44436779271706,311.7266496051902,2418.2094348052788,26.275957407827107,236.8079792822581,3.843340103340661,11.888401222636983,54.421569526140296,0,2026-08-25 06:31:47
2024-01-08 20:53:00,CNC-03,H,299.88949913568405,313.6275449016827,2557.4125074267904,21.755127997304964,260.20421784608396,4.312155706736688,10.582646150403425,50.96554429706429,0,2026-08-25 06:31:47
2024-01-08 20:06:00,CNC-03,H,299.8230086430771,314.1229251414855,2526.328373878441,25.685549140957647,205.05923360069767,3.6574532805685576,12.07592753032536,53.73027401110951,0,2026-08-25 06:31:47
2024-01-08 03:29:00,CNC-02,M,297.37262226052223,310.3616017742613,2416.0777569208562,24.70375786315659,26.691201738222134,2.947852351707096,11.158777381123839,55.84730728954846,0,2026-08-25 06:31:47
2024-01-08 11:42:00,CNC-03,H,296.7956076663347,311.8396906372043,1305.3283650205444,59.15278831434317,209.0906068327866,2.6260824512375964,14.535938147970784,56.54269312419129,0,2026-08-25 06:31:47
2024-01-08 13:14:00,CNC-01,L,298.8206753663488,312.8485767445108,1382.0020105011192,52.16746588094481,39.685924105405974,2.125814893894255,13.291675625281357,54.58254635150006,0,2026-08-25 06:31:47
2024-01-08 11:02:00,CNC-03,H,296.5685332820056,311.3993015342435,1309.9066772974077,55.31890387044198,145.65886792050816,2.2199543499669923,13.567773387214729,60.21862515355955,0,2026-08-25 06:31:47
2024-01-08 08:18:00,CNC-01,L,297.2044542997205,310.90722885617646,1500.7320003447276,44.78394878818262,10.394996728868744,21.101926398314454,12.880351507455645,57.955858892451,0,2026-08-25 06:31:47
2024-01-08 21:17:00,CNC-03,H,300.0741827281709,312.0445648615054,2603.0374233142984,17.080728712440777,12.251101419147496,3.1370761410272894,8.08473187022504,50.131799922743774,0,2026-08-25 06:31:47
2024-01-08 04:53:00,CNC-03,H,296.58997041685257,309.79586011497133,2216.690181215734,24.628968992861914,88.74083311830643,2.9331152524449373,10.497112767746277,58.61487218235875,0,2026-08-25 06:31:47
2024-01-08 00:23:00,CNC-02,M,299.04981700434223,310.60263411559623,2713.729696277385,13.907824223715462,37.23534795554679,3.14813089132512,7.018070571203085,54.806745042782254,0,2026-08-25 06:31:47
2024-01-08 20:10:00,CNC-01,L,301.3320037815383,315.43437160987185,2314.6979053240257,27.759286602567574,199.98058899646878,3.597686256994272,12.356979968804424,47.397413021824434,0,2026-08-25 06:31:47
2024-01-08 12:14:00,CNC-03,H,296.6386310132856,310.30086552956556,1349.3365386190803,51.32647057874942,25.464435594527597,2.014951441153027,13.327197640239163,52.63485977302787,0,2026-08-25 06:31:47
2024-01-08 22:21:00,CNC-02,M,26.256080254767483,38.49074004284216,2645.8852752763696,17.09220127026791,56.347502240771895,3.243208223792409,8.59252428810203,48.7353881132273,0,2026-08-25 06:31:47
2024-01-08 17:36:00,CNC-03,H,298.71988543755737,312.6270414484608,2029.0324661173743,33.97125468746493,14.89265909734159,2.611601361654882,12.967788734071732,50.81636874270053,0,2026-08-25 06:31:47
2024-01-08 05:06:00,CNC-03,H,301.88327341256087,310.0864699472004,2238.1916024387874,32.207358087863895,105.29829870948835,2.848740912705762,13.250656709085089,46.876910150047934,0,2026-08-25 06:31:47
2024-01-08 21:50:00,CNC-03,H,300.22740254327704,312.41835927139084,2713.583769275492,17.251272877001462,48.86097410030013,3.2427624911594646,8.984656888837609,48.842461077158724,0,2026-08-25 06:31:47
2024-01-08 20:22:00,CNC-01,L,301.22211206122125,315.15194130166594,2490.1067984298215,25.179282876584455,213.93831058317704,3.9202684905080005,11.496419310135737,45.564772205343075,0,2026-08-25 06:31:47
2024-01-08 22:11:00,CNC-01,L,27.911332354732394,40.955798766157955,2457.0548182118,22.412858409634264,118.17423207613723,3.1487092343092726,10.237464123803592,50.378767200961555,0,2026-08-25 06:31:47
2024-01-08 04:42:00,CNC-03,H,296.7721990309068,310.243021822488,2246.680639020348,29.29770852424815,75.13135871820674,2.8505498467629677,12.455516176048228,58.901739102570005,0,2026-08-25 06:31:47
2024-01-08 09:42:00,CNC-02,M,296.091681538404,310.65356454137543,1548.5561026509492,48.37365255690536,97.83092945438588,2.36674042627882,13.967315722299832,59.192493245286975,0,2026-08-25 06:31:47
2024-01-08 16:46:00,CNC-03,H,298.5669134612798,313.3231464736903,1861.284933259244,38.743514795518955,208.13895267146702,3.027259802849755,13.478830798840715,57.07475756301533,0,2026-08-25 06:31:47
2024-01-08 09:45:00,CNC-02,M,295.97615641482315,310.1484826384119,1413.2054877145022,50.31776315050889,102.49752867371491,21.38799650229214,13.28320708009213,62.76035701568234,0,2026-08-25 06:31:47
2024-01-08 10:09:00,CNC-01,L,297.80899678605505,312.4831218248231,1324.6300308873588,55.10669353593794,180.14171653217934,2.6169729323738085,13.70144722621079,56.28377620538777,0,2026-08-25 06:31:47
2024-01-08 05:02:00,CNC-01,L,297.80603520243824,312.00706631874647,2116.8135042670283,30.32368573629181,0.0,3.242802772108485,12.035614591928189,58.0672546980806,0,2026-08-25 06:31:47
2024-01-08 18:26:00,CNC-02,M,299.5004882903207,313.162203279801,2212.366787417215,28.66242343807033,17.001306484373533,2.8137355042481658,11.822634526848251,57.57772356612359,0,2026-08-25 06:31:47
2024-01-08 21:19:00,CNC-02,M,299.445315601876,313.4820972428769,2368.623471286066,24.082922875497086,225.4090319543621,3.8756884987151325,10.96451433949203,48.63430036046605,0,2026-08-25 06:31:47
2024-01-08 19:02:00,CNC-01,L,306.73274701221953,314.6090308178306,2345.9832459877725,27.95760815678018,116.44529009451965,3.0655760354940953,12.295056260095985,38.98431487655006,0,2026-08-25 06:31:47
2024-01-08 00:52:00,CNC-03,H,298.61072747878256,311.282683893935,2777.078662578055,18.664364616776766,63.64006867267951,32.102390316582785,9.87749786849403,58.77335379234354,0,2026-08-25 06:31:47
2024-01-08 16:53:00,CNC-03,H,298.8256177778012,314.06020565919204,1812.0141321334788,42.93463809481826,218.0749581425102,3.1708143537793108,14.463431793304238,54.75304101727337,0,2026-08-25 06:31:47
2024-01-08 06:00:00,CNC-03,H,28.41761499867033,36.562046130562464,2054.05382830831,31.689870207192197,175.27940547457354,2.88384174306654,12.239299059638745,48.39249769283322,0,2026-08-25 06:31:47
2024-01-08 16:55:00,CNC-01,L,300.5479233326742,314.86320806658665,2040.7868619073,34.88118122149697,151.76567400652928,2.9655039772901777,13.243733348244291,50.125704980067965,0,2026-08-25 06:31:47
2024-01-08 09:53:00,CNC-01,L,297.3416907587943,312.2275020234476,1460.4462430716396,52.4240147784992,155.156322153216,2.5202324912383838,14.13109559859525,56.61991370911704,0,2026-08-25 06:31:47
2024-01-08 01:17:00,CNC-02,M,298.60998236200817,309.87611384432614,2668.5901977169087,12.627128674271296,94.76986802685293,3.1820637557045472,6.280190083057611,52.248393304696904,0,2026-08-25 06:31:47
2024-01-08 02:46:00,CNC-03,H,297.67568719071187,310.7134806471674,2403.053906342344,21.781845708117636,188.5836011373831,3.437572793718288,9.881886675097434,54.744590418777506,0,2026-08-25 06:31:47
2024-01-08 06:56:00,CNC-02,M,22.635533582882942,36.43770973872705,1692.1963900534688,38.61581135231931,57.42907342361223,2.397010217245685,12.418683880555378,59.35883671184864,0,2026-08-25 06:31:47
2024-01-08 04:14:00,CNC-02,M,296.8030615639382,310.4690994380904,2347.4679453282474,28.288140246801532,80.33759249832369,2.998567546076966,12.44688440065008,59.7371460376582,0,2026-08-25 06:31:47
2024-01-08 22:13:00,CNC-02,M,26.3967525101113,37.39114899229327,2694.694106648932,10.345544802510947,47.60975887507249,3.2776889010004475,5.249503383193792,,1,2026-08-25 06:31:47
2024-01-08 02:45:00,CNC-01,L,297.95533449032325,310.68453944287455,2472.076847759216,22.005961969747844,19.06792485541385,3.033924840103436,10.020201830122968,51.892020889540824,0,2026-08-25 06:31:47
2024-01-08 03:18:00,CNC-03,H,297.2111650478361,311.18371967510006,,25.33537650243804,225.2005633007738,3.8552245708473314,11.732534138513842,58.49602003598988,0,2026-08-25 06:31:47
2024-01-08 20:45:00,CNC-02,M,299.944867894116,313.9585184190477,2529.3292019580026,23.53124525493058,186.7564948953546,3.5293400735514036,11.261396868314305,51.54066679756905,0,2026-08-25 06:31:47
2024-01-08 10:10:00,CNC-03,H,296.5289482058153,310.62229186548865,1505.609544690762,48.95201582385934,63.85482129037062,2.144171423183867,13.85605414908395,55.66324017096312,0,2026-08-25 06:31:47
2024-01-08 18:43:00,CNC-01,L,306.62001920754545,314.181120501736,2279.1033535839833,27.840736223223285,92.30976691669362,2.9347588236478335,11.791459303262446,39.76776226266172,0,2026-08-25 06:31:47
2024-01-08 15:31:00,CNC-01,L,299.88012622307605,313.9425736614829,1703.1730698402632,43.46409836325961,29.835729431050567,2.2629480082013496,13.708288718878494,48.58610405639969,0,2026-08-25 06:31:47
2024-01-08 15:22:00,CNC-02,M,303.34028111998066,312.9246393078486,1783.9851337173293,45.160739985470805,183.94767514804244,2.9704190147826255,15.190305317873936,44.692709802541074,0,2026-08-25 06:31:47
2024-01-08 22:55:00,CNC-02,M,26.143977011822926,38.67735604315692,2722.4208440978496,17.126273106622577,92.88255378232684,3.2848524339581693,8.45223629779374,54.85544247091157,0,2026-08-25 06:31:47
2024-01-08 17:14:00,CNC-03,H,298.9063936025526,314.2078443545387,1801.737183744207,43.00303784583089,247.2666910115431,3.360640102535307,14.722754734762498,57.0508797339169,0,2026-08-25 06:31:47
2024-01-08 11:30:00,CNC-03,H,296.48932783295305,311.6631162703788,1525.9769637831969,51.544754796322216,190.02551520920446,2.5998306735017316,14.710256096636515,54.45011630396034,0,2026-08-25 06:31:47
2024-01-08 10:35:00,CNC-02,M,295.9722694408834,310.75200750419884,1446.4927513505202,49.937889166643615,181.0245078754822,2.701583051352581,13.552718096513559,57.28288804804942,0,2026-08-25 06:31:47
2024-01-08 22:07:00,CNC-03,H,26.50788438556151,39.3248160525236,2501.0477791311905,20.533156927735362,67.52873227057934,3.0690290164061924,9.565577773564794,51.91219278490513,0,2026-08-25 06:31:47
2024-01-08 23:57:00,CNC-02,M,298.9051771544617,311.63258284367384,,16.23485866851714,158.89940193695224,3.6203799308642757,8.316489110337454,53.35390051761732,0,2026-08-25 06:31:47
2024-01-08 02:51:12,CNC-01,L,297.92234635697946,310.949400243392,2639.442448923382,23.17050190972007,25.785848173005594,3.163881770252431,11.175545121333336,57.11131280848742,0,2026-08-25 06:31:47
2024-01-08 17:31:00,CNC-01,L,300.84541260586616,315.8672024078027,1893.929584365951,39.802714373975355,201.18979154068074,3.3280538337191095,14.00029218284718,44.720498122218004,0,2026-08-25 06:31:47
2024-01-08 14:05:00,CNC-02,M,297.38916208026274,311.6795529452774,1526.669528577846,47.38510191627817,65.67964333929486,2.1682813736936044,13.765422455316196,57.25003497276072,0,2026-08-25 06:31:47
2024-01-08 02:26:00,CNC-02,M,297.83802296076533,311.5754644911966,2542.1414022214085,24.14444352386958,170.50634980233704,3.4928338816617246,11.5632903917825,55.89189678015783,0,2026-08-25 06:31:47
2024-01-08 08:17:00,CNC-03,H,295.8968081663582,310.75683036566585,1739.97694451289,45.052988681945095,113.7270012543394,2.4645537178511874,14.62395592816863,58.75235405779187,0,2026-08-25 06:31:47
2024-01-08 15:04:21,CNC-03,H,297.82698028557564,311.74550318927356,1579.442875444289,44.17344117826325,58.73752647998226,2.177531899060397,12.96519624041241,51.135234417299515,0,2026-08-25 06:31:47
2024-01-08 15:08:00,CNC-02,M,303.49505108515274,312.02998051759,1494.3234006408272,46.574374448321215,162.88897037561205,2.5067040684329918,13.162780579171269,43.29502649736935,0,2026-08-25 06:31:47
2024-01-08 11:23:00,CNC-01,L,298.31003023099566,312.13523909465704,1413.0608872332004,49.73766663100316,66.73528715036998,2.0846900152596657,13.125217902467812,52.77566978261789,0,2026-08-25 06:31:47
2024-01-08 20:33:00,CNC-01,L,301.2761687701459,314.15616874217375,2397.1629216965935,24.186386527698076,8.15895849787183,3.0045760275957614,10.873595592358582,50.605804898625664,0,2026-08-25 06:31:47
2024-01-08 13:01:00,CNC-03,H,296.8741823186397,311.0466947924436,1370.5804674461256,50.355495242829136,100.08037197741292,2.2102628783201586,13.10098508217901,59.508626621767355,0,2026-08-25 06:31:47
2024-01-08 21:30:00,CNC-01,L,301.088312420677,313.8142470828739,2528.408269973914,20.399319982287153,72.9656033541132,3.123660021993578,9.712722509752911,50.696515672622795,0,2026-08-25 06:31:47
2024-01-08 11:26:00,CNC-01,L,298.0084702956356,312.357857153759,1448.7456407630007,51.2957167823842,71.4885905850677,2.2497342414184933,14.022934063039253,52.95719247399161,0,2026-08-25 06:31:47
2024-01-08 07:20:00,CNC-02,M,295.7407191535166,310.5975657780967,1924.7552079696109,40.65847301686122,91.2746827714717,2.5626473680702606,14.686522022206159,61.960286170911495,0,2026-08-25 06:31:47
2024-01-08 18:39:13,CNC-01,L,306.6877321937713,314.4640041098676,2158.290023861092,29.10402637082112,87.14442424289874,2.8321356870769927,11.89025874072696,35.12598732616999,0,2026-08-25 06:31:47
2024-01-08 21:14:00,CNC-02,M,299.6781089128618,313.7007520817792,2602.9575938814123,21.938962335351015,219.7587467807702,3.91622364695021,10.833758593000903,50.76787418751203,0,2026-08-25 06:31:47
2024-01-08 17:14:00,CNC-01,L,300.5642952454009,315.3633049057242,1921.1247147240035,38.876441698215196,177.9204964413937,3.0561777954844547,14.053327948210109,47.70305779938457,0,2026-08-25 06:31:47
2024-01-08 21:57:00,CNC-03,H,26.731263132853087,39.08035198473851,2533.365188048848,19.85596387881686,56.63319568697652,3.072876924829243,9.309600409310422,49.17485036116034,0,2026-08-25 06:31:47
2024-01-08 20:28:00,CNC-01,L,301.1310552618247,313.5272590082639,2438.3651549217425,21.75386948968362,2.323796482216685,3.033999949083479,9.693759507219012,47.09075624220318,0,2026-08-25 06:31:47
2024-01-08 11:04:00,CNC-03,H,296.5767605741005,310.5765382258299,1302.6414029924772,50.57995128202042,148.8196139973859,2.1284732237193764,12.527408090101606,53.918809794312565,0,2026-08-25 06:31:47
2024-01-08 17:46:00,CNC-03,H,299.17657774534166,312.19362734777513,2132.655117347966,27.332403735385572,28.35290056098045,2.7645307587358126,10.82036771974994,53.17770467684942,0,2026-08-25 06:31:47
2024-01-08 17:55:00,CNC-03,H,299.3741307501266,312.92748323659254,1972.5876475538955,33.46408253033461,40.51181392938359,2.5872978309155292,12.491618738459941,49.29771071824294,0,2026-08-25 06:31:47
2024-01-08 04:48:00,CNC-03,H,296.6682799732517,310.1942429301413,2145.2001314649565,27.27130734252277,82.54099052742285,2.732427584253952,11.090355094073873,60.7860792721213,0,2026-08-25 06:31:47
2024-01-08 12:12:00,CNC-01,L,298.35162086644647,312.21805859909955,1366.8688219238668,47.14389769375653,144.5909257368063,2.2909790820875924,12.2105068416659,51.15517334751437,0,2026-08-25 06:31:47
2024-01-08 11:59:00,CNC-02,M,296.38412277554465,311.1938794463752,1388.2282088047946,54.80363325589947,92.16380195243646,2.1567751719120016,14.142856852090905,63.14704031947539,0,2026-08-25 06:31:47
2024-01-08 01:28:00,CNC-02,M,298.40862989347283,311.4730142237447,2762.4106005050353,19.619475026793925,106.73442606704046,3.4121634109576338,10.05422785122162,58.707295466697886,0,2026-08-25 06:31:47
2024-01-08 11:15:00,CNC-01,L,297.88737416362983,311.8727410742995,1316.1002236532013,54.779529499894984,54.01562557978066,2.059224356216653,13.596115795672262,57.42639454690995,0,2026-08-25 06:31:47
2024-01-08 09:36:00,CNC-01,L,297.5812274645635,312.12079761576217,1397.112247318221,51.155816960502825,128.87408698027954,2.310954453181885,13.581865051603371,52.94344434127159,0,2026-08-25 06:31:47
2024-01-08 04:53:00,CNC-01,L,297.7176416226473,311.8547348077172,2255.6304592165097,29.376599739129684,171.17399070467428,3.372604495080113,12.38879978344812,56.97575713526015,0,2026-08-25 06:31:47
2024-01-08 03:11:00,CNC-02,M,297.26427011939325,310.89072254044993,2448.184028690064,26.879057247072115,5.816277744587081,3.095291080090398,12.488941950481662,56.54467295087174,0,2026-08-25 06:31:47
2024-01-08 23:51:00,CNC-01,L,300.1856485309563,311.24834505808064,2730.8537075920426,11.888011188017158,8.468494864388642,3.269759883490441,6.068024330152291,51.88944072468131,1,2026-08-25 06:31:47
2024-01-08 10:23:00,CNC-01,L,297.66715123936143,312.61922272888205,1455.0574812139187,53.94001626665819,202.1666981880893,2.812003918311546,15.034804197863437,55.87429291726562,0,2026-08-25 06:31:47
2024-01-08 22:32:00,CNC-03,H,26.59653441200436,39.136393753125276,2620.177550103064,18.243482355338312,94.63551710036195,3.1334784337179524,9.063262354022088,47.434276123322945,0,2026-08-25 06:31:47
2024-01-08 06:51:00,CNC-02,M,22.761746144258268,36.60019720767127,2111.7805215976264,30.86496245811695,50.43694054992374,2.646278082517837,12.176798852204957,64.60704166335059,0,2026-08-25 06:31:47
2024-01-08 07:41:00,CNC-01,L,297.6269629202839,312.42920756492475,1746.3588074965212,42.77452574132294,192.96463208413854,2.97470922613422,14.057774878934064,56.1358223900596,0,2026-08-25 06:31:47
2024-01-08 18:06:32,CNC-01,L,301.2989609150117,315.0169602726963,1974.2508358359141,34.28827900265171,45.39123657767743,2.6098640207171853,12.566672730298212,49.48216663015101,0,2026-08-25 06:31:47
2024-01-08 12:24:00,CNC-01,L,298.512588887312,313.15512463901393,1386.2177976207213,53.5708683100783,163.6729271547154,2.4872382192566955,13.812010861965438,53.24403260157573,0,2026-08-25 06:31:47
2024-01-08 17:23:00,CNC-02,M,298.81040823874355,313.6619626428888,1952.9030897993414,39.623963977987145,144.68773189124414,2.7548615774350114,14.544636880935576,53.15539498521705,0,2026-08-25 06:31:47
2024-01-08 05:31:00,CNC-02,M,296.33543873854234,310.237718201241,1870.700172759136,33.785253587360934,176.8561997828281,2.9174450682848017,11.869871311771764,62.125438609752266,0,2026-08-25 06:31:47
2024-01-08 01:41:00,CNC-03,H,298.0140491477332,310.0147430222646,2467.3057505920865,16.986887178390838,116.6819988049084,3.117637581825121,7.9052083896820085,56.76071094135302,0,2026-08-25 06:31:47
2024-01-08 13:49:00,CNC-02,M,297.4228693454852,311.83173024892216,1510.002391242719,49.689169223526164,40.94725339277666,2.1832351422394636,14.092684015037438,50.37730248011352,0,2026-08-25 06:31:47
2024-01-08 09:36:00,CNC-02,M,296.02323849842946,310.43899889936193,1636.5120278491288,42.834822586892344,88.53030712448317,2.373862087663772,13.15097459877399,58.28671152777347,0,2026-08-25 06:31:47
2024-01-08 18:06:00,CNC-02,M,299.5197020605004,314.2149515590229,2095.6764699902906,33.43159170231798,202.65619700753908,3.3848321009676132,13.080917444840296,48.96454549636822,0,2026-08-25 06:31:47
2024-01-08 05:53:00,CNC-02,M,296.3550949476121,311.286226556201,1854.608694174652,39.26245483925969,205.79638507048827,3.2265402473368967,13.520326317136087,57.640999655238275,0,2026-08-25 06:31:47
2024-01-08 11:28:00,CNC-01,L,298.32231128827834,312.45113624638583,1415.6338711936444,51.340683827556646,74.6831834229688,2.076714753139404,13.332922953501908,55.1543953434819,0,2026-08-25 06:31:47
2024-01-08 17:40:00,CNC-03,H,298.8707385012575,312.4248423526266,2070.7248733767783,31.47429726446904,20.296596116654847,2.7087459692004816,11.986639143325993,50.13057786753959,0,2026-08-25 06:31:47
2024-01-08 07:48:00,CNC-03,H,295.93314891427207,310.16521862839704,1635.8813939882643,44.25831438485891,71.28167217158172,2.2669140375777075,13.600574157231385,60.227446481362435,0,2026-08-25 06:31:47
2024-01-08 07:44:00,CNC-02,M,295.6897741423819,310.450766295753,1918.149325143491,39.26267024113434,125.42993534216501,2.5749122674634912,14.059993321628053,63.17834441933133,0,2026-08-25 06:31:47
2024-01-08 23:58:00,CNC-03,H,299.9478797887893,312.7966563224598,2727.7698584212867,17.307427268075198,186.6683276060734,3.738578877027079,9.1401579951203,52.12302274955145,0,2026-08-25 06:31:47
2024-01-08 11:45:00,CNC-01,L,298.27234839607434,312.6050063901671,1338.7256748777322,54.56420681046687,101.72779988097537,2.084675403831921,13.319836856051534,55.03171631765557,0,2026-08-25 06:31:47
2024-01-08 22:05:00,CNC-02,M,26.264962270377282,38.4001157697827,2663.5163649109736,16.36198333528497,38.889821546271584,3.234812937205339,8.090223846484657,56.111769513489484,0,2026-08-25 06:31:47
2024-01-08 19:29:00,CNC-02,M,299.82326318711966,313.8311234447825,2275.8868735791293,27.982308499822476,96.8330536132871,2.9057471224987625,12.085850771889568,0.0,0,2026-08-25 06:31:47
2024-01-08 04:15:00,CNC-01,L,297.87004873032765,311.4038633265528,2404.3921518496068,25.37332202646207,124.42084035755035,3.151331365743167,11.264979838572867,58.06626186680962,0,2026-08-25 06:31:47
2024-01-08 13:28:00,CNC-02,M,297.1580288492528,310.73934752758635,1450.116963895929,45.38504566442882,7.844193631013374,0.0,12.392873732897554,59.4601388677081,0,2026-08-25 06:31:47
2024-01-08 02:00:00,CNC-03,H,297.7080011492361,310.7907048788463,2464.147104912425,21.62544607422376,137.71476103245584,3.3006116036941404,10.0628842764018,56.383804087797,0,2026-08-25 06:31:47
2024-01-08 07:56:00,CNC-01,L,297.6213055914961,312.1656295876493,1557.4727651432838,44.00938083267986,214.63828122891047,3.228489587716071,12.922600958381208,55.72357679366457,0,2026-08-25 06:31:47
2024-01-08 05:20:00,CNC-02,M,296.40744787007804,310.8834932138417,2191.437354975757,31.79440900159745,162.69918284149628,3.0268805168376938,13.020909182386893,55.17374091126734,0,2026-08-25 06:31:47
2024-01-08 22:34:00,CNC-01,L,28.05896750544565,41.22917470414643,2604.852278944696,20.766376772787755,143.12260047060494,3.407004967464713,9.993386971667661,46.42798494981011,0,2026-08-25 06:31:47
2024-01-08 07:53:00,CNC-01,L,297.64034183830074,312.8650559326066,1806.8419675478513,42.40671594064209,210.24787084551863,3.368095781733661,14.338702386436491,54.62814022763397,0,2026-08-25 06:31:47
2024-01-08 16:11:00,CNC-03,H,298.63080090083963,312.9442177795021,1700.9422357670385,40.52233530961584,158.16801044577693,2.6861912098478986,13.007675036678803,55.727583289139346,0,2026-08-25 06:31:47
2024-01-08 20:11:00,CNC-03,H,299.4059531824075,313.1294341526472,2500.386085228049,23.267882667254693,211.0244546859427,3.619034838813114,10.865797049517164,53.52172671106983,0,2026-08-25 06:31:47
2024-01-08 09:42:00,CNC-03,H,296.3062069407145,310.4411011703539,1525.4711377673377,47.338119683415314,20.216642149537233,2.1709092032780606,13.285754727370264,55.62587745382076,0,2026-08-25 06:31:47
2024-01-08 21:23:00,CNC-02,M,299.81265957367714,313.73003729615795,2498.1332406018587,22.39758151572551,229.91146999660012,3.952020158251062,10.316318483116056,50.486805471070916,0,2026-08-25 06:31:47
2024-01-08 13:34:00,CNC-03,H,297.26636526486305,311.5685340426819,1335.1945579235548,52.273914014494,152.2699618627728,2.3265722752585023,13.407208123934552,58.786965939849885,0,2026-08-25 06:31:47
2024-01-08 15:29:00,CNC-02,M,303.3140453347928,312.6801178344132,1753.320810715571,44.99080644440395,194.27887001404116,2.854209814865042,14.935689293497296,44.855953379270986,0,2026-08-25 06:31:47
2024-01-08 01:50:00,CNC-03,H,297.97786063130354,310.5890478695713,2555.047310258307,19.259630488545113,126.60833396757992,3.2372593935423617,8.915186651490064,51.21268257372793,0,2026-08-25 06:31:47
2024-01-08 08:14:00,CNC-03,H,295.77346695115386,309.65826090229535,1744.2923910347713,38.160432123137504,109.32704034335562,2.522723752432186,12.279045122748816,57.797228636192806,0,2026-08-25 06:31:47
2024-01-08 14:39:45,CNC-01,L,299.5349453716958,314.8553432634631,1603.1814123024053,50.17822243467168,175.58688276056085,2.825177097093004,15.309162537147765,52.93211996104009,0,2026-08-25 06:31:47
2024-01-08 22:41:00,CNC-03,H,26.677506006714225,39.14331434371513,2633.522474871347,18.53766945482287,104.40499710776128,3.271816049516774,,49.30353157941035,0,2026-08-25 06:31:47
2024-01-08 20:00:00,CNC-02,M,300.11855346192556,314.2850065314346,2413.298029918467,27.505277789712043,134.38803228619017,3.2259651721283538,12.342671970681574,51.95925461721791,0,2026-08-25 06:31:47
2024-01-08 12:56:00,CNC-02,M,296.7724121806119,311.6957225652208,1375.4427440146649,54.27819567772609,182.4874444661677,2.490976486350604,13.93304473814977,56.738085611401836,0,2026-08-25 06:31:47
2024-01-08 05:17:00,CNC-01,L,297.6172260654737,312.2507252417487,2130.539685176212,32.61764721719822,201.52928945174023,3.708420474267692,12.963013134157777,53.93587564316401,0,2026-08-25 06:31:47
2024-01-08 02:55:00,CNC-02,M,297.71699869676837,311.33640401685625,2437.4735953322747,23.214617358916843,,3.7683908469867182,10.624917384999193,57.54013011885194,0,2026-08-25 06:31:47
2024-01-08 11:07:00,CNC-02,M,296.4015305561802,309.68628806267884,1334.0332467134776,47.438481388209844,9.553024889962627,2.0233432601313703,11.648873221416665,53.4252845177999,0,2026-08-25 06:31:47
2024-01-08 04:49:00,CNC-03,H,296.65656469180374,310.4599339533431,2147.723269709924,30.69986858213524,83.82338015057886,2.6969787587175778,12.414448174493248,56.30091860578261,0,2026-08-25 06:31:47
2024-01-08 12:26:00,CNC-03,H,296.78886847981653,310.42325925173077,1314.5281362133192,51.712159266759286,44.507110944124264,1.9817371874633867,12.800437396725627,60.04082738344153,0,2026-08-25 06:31:47
2024-01-08 20:36:00,CNC-02,M,299.73831509633646,314.10487845546703,2451.992193003098,25.064911278556096,176.4976207832863,3.440078686577509,11.444996793798241,52.46545736918176,0,2026-08-25 06:31:47
2024-01-08 04:09:00,CNC-03,H,296.8658094355808,309.6227993063155,2294.081235714951,23.68813429761924,34.86523546864897,2.8801367859356692,10.10691341025224,55.95278801722211,0,2026-08-25 06:31:47
2024-01-08 14:08:00,CNC-01,L,299.3293661267857,314.09453506598766,1456.872069728069,51.66201156974761,124.78085252017229,2.346690772136763,14.265414829348,55.161413287724145,0,2026-08-25 06:31:47
2024-01-08 00:27:00,CNC-01,L,298.6283566060228,310.3480251354448,2779.171469969932,,59.85929621285736,3.2547901243675046,6.882788267359232,55.22336645455658,0,2026-08-25 06:31:47
2024-01-08 05:41:00,CNC-03,H,302.06353674429613,310.1818565823349,2096.4286786809203,32.181965968343306,150.29149375455654,2.999780026273509,12.528452505080235,47.38382490946752,0,2026-08-25 06:31:47
2024-01-08 10:42:00,CNC-01,L,297.967922719175,311.1884585317472,1366.1384680623255,47.45102637709357,1.5929000316567092,2.09665459909703,12.084483104359526,57.532593033842794,0,2026-08-25 06:31:47
2024-01-08 12:24:00,CNC-02,M,296.65762391152805,311.0639860630163,1256.5583768000874,52.45962022810924,131.8324190591729,2.1286960227062792,12.387388269915279,60.91506150060303,0,2026-08-25 06:31:47
2024-01-08 14:11:00,CNC-02,M,297.29220557906194,311.69532408993456,1529.6312302315282,46.42094748042893,75.04898020156277,2.193391977768472,13.359231882070997,53.059744305483,0,2026-08-25 06:31:47
2024-01-08 10:21:00,CNC-01,L,297.6247156323633,312.83594099924295,1343.2687225683997,56.73925519673503,198.99792925888914,2.9193868792265407,14.174614149410548,52.64551748900858,1,2026-08-25 06:31:47
2024-01-08 16:04:00,CNC-03,H,298.84918783802993,313.10910059805894,1667.414194067727,41.60366993597384,148.011790221418,2.44287694064277,13.117655239248204,53.45730755749855,0,2026-08-25 06:31:47
2024-01-08 17:39:00,CNC-02,M,299.38784271627276,314.27511210748867,1892.3751184539597,39.79370446578364,166.57364066507313,2.9111062849380063,14.20461856231413,51.62291705674259,0,2026-08-25 06:31:47
2024-01-08 11:21:00,CNC-03,H,296.51863960906974,311.62269800419,1493.9193244693104,52.37477411869153,175.81529339360554,2.5237582486692327,14.517221192594747,56.463353146196255,0,2026-08-25 06:31:47
2024-01-08 16:04:00,CNC-02,M,298.6760192211508,312.4255117755766,1634.5227734451082,41.27213891757206,32.50024715057187,2.3644403435127184,12.427856531582727,57.75655781516147,0,2026-08-25 06:31:47
2024-01-08 11:36:00,CNC-03,H,296.72227719168745,311.75612986960755,1352.9464053751087,54.33285280042526,199.59031250058004,2.555673331325981,13.902173197786658,57.46637324631338,0,2026-08-25 06:31:47
2024-01-08 21:52:00,CNC-01,L,27.973413823814838,40.79092706329652,2429.131194438003,22.894601416125628,97.61537397192157,3.0620183934051903,10.491227426248104,48.014598544765654,0,2026-08-25 06:31:47
2024-01-08 02:57:00,CNC-02,M,297.5868988288189,311.3115340090019,2505.925728403717,22.995029956213298,205.88987179487904,37.60508098576508,10.919006139913781,57.99413778671554,0,2026-08-25 06:31:47
2024-01-08 08:50:00,CNC-01,L,297.52590376888793,311.7730320474106,1460.2859858508198,51.4068750631562,58.38299589056023,2.2326965198363316,14.157544161710518,54.56594808052256,0,2026-08-25 06:31:47
2024-01-08 05:04:00,CNC-02,M,296.694710231692,310.5106109757785,2176.3464461144827,28.21570849691718,142.19677116813702,3.0110641106013682,11.632820263683616,59.58799183176926,0,2026-08-25 06:31:47
2024-01-08 18:24:00,CNC-02,M,299.74725886282744,312.88115517073226,2139.2518441956004,27.665430725665246,14.425415952732848,2.709441770194218,10.917605382964643,50.02150603299963,0,2026-08-25 06:31:47
2024-01-08 17:04:00,CNC-01,L,300.30824397337767,314.8509412681979,1840.0545215662248,39.874757810963374,164.41278042830254,2.894579190616707,13.96060792016079,52.27025016156794,0,2026-08-25 06:31:47
2024-01-08 02:19:00,CNC-01,L,298.14546111356134,311.56665425795234,2481.276681532549,22.839834458985774,180.62729800606493,3.5772972963051486,10.499498035347429,49.22060271499123,0,2026-08-25 06:31:47
2024-01-08 23:30:00,CNC-03,H,299.688128586658,312.29883954295536,0.0,17.703904825993988,156.88427907963373,3.437678244475047,8.549679909588786,52.504702279276984,0,2026-08-25 06:31:47
2024-01-08 13:19:00,CNC-01,L,298.94397914524995,312.7115474664578,1455.8219801501837,48.207826081036636,47.66899586568338,2.1357109101929983,13.129722395816652,52.62425470357731,0,2026-08-25 06:31:47
2024-01-08 06:45:00,CNC-03,H,22.896861201759577,38.31312432205311,1910.1859842641995,40.65028817780793,236.6197557666029,3.3855285552590617,14.60441267950624,62.95409227594352,0,2026-08-25 06:31:47
2024-01-08 15:05:00,CNC-03,H,297.9152007234522,312.0457186604084,1589.666196809047,44.00934655278553,60.2401021580281,2.3228215167525796,,53.35109630920704,0,2026-08-25 06:31:47
2024-01-08 04:10:00,CNC-03,H,296.7497478191189,309.65938307809387,2202.090649287099,26.27449521172175,36.09854229562913,2.7065991540636487,10.99840484767866,54.20385575973759,0,2026-08-25 06:31:47
2024-01-08 22:02:00,CNC-03,H,26.727565596591035,38.15058334495666,2718.440573448616,12.427473200776607,62.040268472829666,3.269737053964014,6.140368779937699,50.75464483643733,0,2026-08-25 06:31:47
2024-01-08 09:52:00,CNC-01,L,297.4503979168124,312.0673683413269,1475.8488326688766,49.46923979736543,153.59839378567372,2.4833411525583373,13.582421861390724,58.486295973877525,0,2026-08-25 06:31:47
2024-01-08 19:46:00,CNC-02,M,299.99142518075433,314.02793940581637,2294.7634287586925,,117.56268532105823,2.9914480553091156,12.12509291213634,54.356641288199086,0,2026-08-25 06:31:47
2024-01-08 13:18:00,CNC-03,H,296.8890613555756,311.2497968595582,1364.637945749876,51.84659105397621,126.99801347247082,1.983012086898346,13.167118044406479,53.142980670755826,0,2026-08-25 06:31:47
2024-01-08 18:29:00,CNC-02,M,299.4092616977359,312.733511774826,2186.6506755903256,27.885904159661877,20.947171181777627,2.798461896443899,0.0,51.92929890367386,0,2026-08-25 06:31:47
2024-01-08 23:55:00,CNC-03,H,299.21275541667063,313.17116190085073,2530.3086477100474,24.69964968762944,183.44298471291324,3.56402317490774,11.824482110193532,52.44738959309857,0,2026-08-25 06:31:47
2024-01-08 10:57:00,CNC-01,L,297.9519973844614,311.79010920678934,1393.2210599605064,49.474871330423696,25.31305756294422,2.085636825416452,13.094912102099501,51.306340929374464,0,2026-08-25 06:31:47
2024-01-08 02:18:00,CNC-02,M,297.73526773091925,312.00742765181747,2504.3836712140537,26.295166655516255,161.5505499339369,3.41915195986842,12.231187758008138,54.88072815196257,0,2026-08-25 06:31:47
2024-01-08 23:21:00,CNC-03,H,299.76511791107265,312.80946668255933,2691.178487121151,19.8441471793844,147.2929777954133,3.300748119170121,9.691838939962839,52.03313956676355,0,2026-08-25 06:31:47
2024-01-08 23:39:00,CNC-01,L,300.43940311687015,313.2075449257615,2723.890581448156,17.094227971241978,212.93156331581633,40.17257095789378,8.721245996558906,50.73256175899445,0,2026-08-25 06:31:47
2024-01-08 07:19:00,CNC-02,M,295.8191488113324,310.1192982045499,,39.70155351319363,89.8817693500315,2.495099316180687,13.37962355407121,58.347524477906774,0,2026-08-25 06:31:47
2024-01-08 02:05:00,CNC-01,L,298.2795409149628,311.13399210286605,2621.602640001323,19.08914338723428,164.95071823641683,3.6343035573863407,9.631432655692231,55.21037051239593,0,2026-08-25 06:31:47
2024-01-08 03:07:53,CNC-03,H,297.3453255766072,311.984481020094,2579.9735900703013,27.52232198821178,212.38866169493542,3.78098674301119,13.287550150585313,57.38922750377674,0,2026-08-25 06:31:47
2024-01-08 06:10:00,CNC-03,H,28.71425694864371,37.65440054575845,1993.2759436640276,37.522888880117435,188.69150481636493,3.079796047122956,14.262501906271279,49.45096318439284,0,2026-08-25 06:31:47
2024-01-08 08:44:00,CNC-03,H,296.29621466446116,311.2244128119504,1475.6931959563954,52.48862114291486,154.06193983635973,2.3838899136488494,14.653184278067423,56.8347447046184,0,2026-08-25 06:31:47
2024-01-08 23:57:00,CNC-03,H,299.58270408083956,311.48935946997125,2730.0522226327225,12.407486720678303,185.59270423610297,3.64307051012009,6.302692556856945,49.291424057620816,0,2026-08-25 06:31:47
2024-01-08 01:50:00,CNC-01,L,298.307650678158,311.0570331395157,2600.493315791073,18.274752211353015,148.3945234234743,3.393682601821893,8.859815441265622,58.337409567227596,0,2026-08-25 06:31:47
2024-01-08 23:16:00,CNC-03,H,299.77149679192974,312.31777771169135,2809.453603254701,16.056524305367414,141.99585362937933,3.5238072390875805,8.565495770852557,47.67202709746655,0,2026-08-25 06:31:47
2024-01-08 22:08:00,CNC-03,H,26.75400431646375,39.4134869581506,2528.7159892679883,21.236001757653884,68.64931569658842,3.0493674202306162,10.156161760555252,52.20722789855426,0,2026-08-25 06:31:47
2024-01-08 23:24:00,CNC-01,L,300.6814965984012,313.79044291881155,2612.602170848301,18.662645591790746,196.7765355549086,3.949542816557389,9.33716922460989,49.51744454607795,0,2026-08-25 06:31:47
2024-01-08 16:28:00,CNC-03,H,298.42637391501046,313.0793681736165,1870.664463963938,39.29352816501485,182.6284172579303,2.7776188753929576,13.710533777936076,53.475421361494355,0,2026-08-25 06:31:47
2024-01-08 00:26:00,CNC-03,H,299.0231620982351,311.2930341292059,2581.0185197925784,17.16514068564304,35.92478559552611,,8.247660870472401,51.86548388897018,0,2026-08-25 06:31:47
2024-01-08 13:15:00,CNC-01,L,298.69646927373446,312.5119610918268,1380.9961428500428,49.85528244514854,41.285924105405975,2.0328458228572606,12.802152545141093,52.3291121774791,0,2026-08-25 06:31:47
2024-01-08 19:08:00,CNC-03,H,299.76800469341396,313.4331592036838,2180.3561892370303,28.17570597457995,134.56713135354,2.819682181379216,11.550791140734034,48.10101133302691,0,2026-08-25 06:31:47
2024-01-08 16:13:00,CNC-01,L,300.24538616420267,314.6389746378304,1681.2208002940042,42.76094955000346,91.74552402107484,2.3493303147522675,13.190654165366382,49.55367234582869,0,2026-08-25 06:31:47
2024-01-08 12:27:00,CNC-03,H,296.55500445658816,310.4938571439196,1379.3656355660853,50.62619094464912,46.104544543514336,2.0492620931544634,12.730598739760032,57.74682814418261,0,2026-08-25 06:31:47
2024-01-08 23:46:00,CNC-02,M,299.0887716687054,312.1149326969904,2595.5754876870756,19.20840048207083,147.17691215736252,3.3859626790293085,9.482356527989161,51.687448997733064,0,2026-08-25 06:31:47
2024-01-08 13:49:00,CNC-01,L,299.19581669128365,313.498942565583,1397.59455869125,51.099555350989476,95.08247466669606,2.1880055354748316,13.329801316021667,48.71064641725757,0,2026-08-25 06:31:47
2024-01-08 01:40:00,CNC-01,L,298.34725170239534,311.5983251831892,0.0,20.759694566239844,137.58540653419266,3.413686020643556,10.233981791769942,54.918606911994964,0,2026-08-25 06:31:47
2024-01-08 06:16:00,CNC-01,L,24.25263058421757,38.28466119527542,1918.471271791157,36.219400130337995,73.86319130152363,2.7299341317316808,13.04645606278253,56.35258100715981,0,2026-08-25 06:31:47
2024-01-08 14:18:00,CNC-02,M,297.55773413767787,311.74726866744294,1407.0853412738186,48.089231024885166,85.95453563644493,2.1034361230335232,12.776379739928721,53.89807578593246,0,2026-08-25 06:31:47
2024-01-08 09:41:00,CNC-03,H,296.35984369860097,310.2944299552013,1448.981432205773,48.07609650491084,18.67939218769213,2.0189264321673646,13.037797514924769,58.550730933488474,0,2026-08-25 06:31:47
2024-01-08 20:17:00,CNC-03,H,299.70981362247556,313.92194175003135,2365.762175278011,28.158992192297358,218.16844724455774,3.657788862529049,12.35943804671763,54.46935148810406,0,2026-08-25 06:31:47
2024-01-08 03:20:00,CNC-02,M,297.3189328907637,310.0234007161036,2432.0123886854276,22.034857152922932,16.168265576832397,2.929825738417246,10.26222228634815,59.163669403808875,0,2026-08-25 06:31:47
2024-01-08 08:40:00,CNC-01,L,297.41444858160696,311.85615059696244,1665.681389966602,48.85384058519847,43.138648397061914,2.3963368418091426,15.472723377564513,57.35896480455347,0,2026-08-25 06:31:47
2024-01-08 06:26:00,CNC-03,H,28.907818870897188,38.24787016336103,1903.2588214673403,43.10752407232654,210.49656380871727,3.010152590178168,15.45564876615418,47.41109233442691,0,2026-08-25 06:31:47
2024-01-08 09:41:00,CNC-02,M,296.1828900131762,310.89773744097687,1643.6536241983947,46.75908739576216,96.29197004016105,2.4138186789840854,14.141799557915686,58.473891774596865,0,2026-08-25 06:31:47
2024-01-08 23:49:00,CNC-02,M,299.01636273138365,310.9530997068412,2771.808832219711,12.887014469601223,150.3400509053614,3.6137835500237303,6.839333488899526,56.42391760411956,0,2026-08-25 06:31:47
2024-01-08 10:44:00,CNC-03,H,296.38570516725326,310.9633565647273,1475.2987490303483,52.09883917708902,117.0647147183254,2.152424929006811,14.387304853886395,56.400071367323505,0,2026-08-25 06:31:47
2024-01-08 22:32:00,CNC-01,L,27.85636908430007,40.13780839772943,2690.47462192703,15.937107864026695,140.9077057235938,3.450722952374552,7.970702708179873,48.84950790452928,0,2026-08-25 06:31:47
2024-01-08 10:13:00,CNC-01,L,297.5755598279811,312.8310734728999,1386.9180405456334,57.07279541954857,186.44580118318473,2.6641655306623204,14.670203100125859,,0,2026-08-25 06:31:47
2024-01-08 10:07:00,CNC-02,M,295.7461536520745,310.76643955561315,1505.9627470864696,50.25798051179271,136.89742358711322,2.2416936135267846,14.371071354578866,60.87572175244327,0,2026-08-25 06:31:47
2024-01-08 20:13:00,CNC-02,M,300.213389915059,314.1901030180812,2358.505077509086,26.08282952872948,149.68825543985258,3.153553485012671,11.379628222809009,48.5617043756236,0,2026-08-25 06:31:47
2024-01-08 17:05:00,CNC-01,L,300.6478457844339,0.0,2044.069920226133,32.59593704284737,165.71326302054456,3.0054903185822583,12.396594227958074,46.555970889918534,0,2026-08-25 06:31:47
2024-01-08 05:29:00,CNC-01,L,297.7215512168744,311.04357979667077,2116.011957242035,30.97478269669112,11.606693559191324,2.6889502910125387,12.250107036199703,57.604863473891996,0,2026-08-25 06:31:47
2024-01-08 15:04:00,CNC-01,L,300.0541671863369,315.28856625913323,1515.280174097895,51.54019448960798,210.39634625627806,2.9993291163177456,14.324058253248356,47.89964170533785,0,2026-08-25 06:31:47
2024-01-08 09:50:00,CNC-01,L,297.6950599840544,312.23575261042765,1527.1227310720096,48.177603542548226,150.49808870635283,2.5637964849993566,13.811472637076136,56.587817111817195,0,2026-08-25 06:31:47
2024-01-08 15:32:00,CNC-02,M,303.4654465316442,313.1670242400737,1831.3546456231036,43.46468659236225,198.6606814571372,3.0769467536511343,15.096366449506315,46.099928528625306,0,2026-08-25 06:31:47
2024-01-08 21:16:00,CNC-02,M,299.87027677260863,313.284147941729,2520.4729047074043,19.669641788082117,221.95761440832246,3.971793394858311,9.442700872648166,54.042335522007626,0,2026-08-25 06:31:47
2024-01-08 05:22:00,CNC-01,L,297.7774025078955,310.7341905304763,2088.714898574459,27.82834428076736,2.573182012410749,2.650316188759445,10.810285567367442,53.224032484076275,0,2026-08-25 06:31:47
2024-01-08 21:03:00,CNC-02,M,299.73983778892733,314.0048461416166,2597.168055036838,23.593449485935214,207.4207036681165,3.885837668722498,11.670735829567043,46.307972695323485,0,2026-08-25 06:31:47
2024-01-08 06:53:00,CNC-01,L,24.69261374525354,39.30574794910416,1852.9718049499431,39.32227184296678,124.85329950993442,2.5718112852377346,13.506956356122377,56.90037939713923,0,2026-08-25 06:31:47
2024-01-08 05:48:00,CNC-03,H,301.788283194551,309.4468601534492,2120.7823542932897,29.119844245299188,159.47321703546945,2.944784605933556,11.707730378772052,45.181178214156894,0,2026-08-25 06:31:47
2024-01-08 16:44:00,CNC-02,M,298.6568570017295,313.15024961541087,1807.8899777200909,37.35413876024513,89.97959743475018,2.467317118269669,12.605760588235704,55.38446111816318,0,2026-08-25 06:31:47
2024-01-08 02:04:00,CNC-02,M,298.09595500975263,311.56581351783575,2514.7911319046957,23.788714288323174,146.13627256167175,3.3094164220715183,10.99466656535389,53.587306490007094,0,2026-08-25 06:31:47
2024-01-08 00:14:00,CNC-01,L,298.9626374010664,311.0863229591919,2624.6088810279175,17.08563895635142,46.08721015981587,3.297035637354601,8.287485598821304,55.901400017644285,0,2026-08-25 06:31:47
2024-01-08 20:56:00,CNC-01,L,301.3108365978529,314.2283594676213,2402.7053060413464,23.406387283856173,34.922760890754525,2.911913720792742,10.811303752019437,46.5140279760281,0,2026-08-25 06:31:47
2024-01-08 22:50:00,CNC-01,L,27.4644836101524,40.11797493357102,2672.1865836266893,18.265805988927873,160.34877195666053,35.46814418889551,9.332475691789085,49.392248396255816,0,2026-08-25 06:31:47
2024-01-08 19:05:00,CNC-01,L,306.8099493958315,314.6265629822189,2283.4918291481845,27.925524307812047,120.21202002698489,3.0968023191978444,11.86631238622941,35.15576775449274,0,2026-08-25 06:31:47
2024-01-08 05:57:00,CNC-02,M,296.2178891801418,311.2214865293075,1976.1957549692743,37.50460149567187,211.2340285413051,3.2785832773854593,13.767013644446644,59.34866009368283,0,2026-08-25 06:31:47
2024-01-08 14:28:00,CNC-01,L,299.08891835154554,313.44945948823215,1585.6024254256474,45.256375338004354,155.74737953387734,2.5161048102764973,13.430915953544417,52.93460517535727,0,2026-08-25 06:31:47
2024-01-08 02:49:00,CNC-02,M,297.40147034726573,311.7837833147169,2452.4076164319968,27.850261526544163,196.6718201897365,35.27187666361154,12.836462672476085,53.4291996621269,0,2026-08-25 06:31:47
2024-01-08 22:40:00,CNC-03,H,26.820320003424285,39.495006073303614,2692.623913694695,18.192841149727037,103.30628312887183,3.3545648660255543,9.064823877637716,53.857055388563346,0,2026-08-25 06:31:47
2024-01-08 06:07:00,CNC-02,M,23.180276065655562,38.35066947768786,2001.8870085911565,38.47111385547395,224.43315319636514,3.4859673962901807,14.355436481600462,60.40460258183212,0,2026-08-25 06:31:47
2024-01-08 11:40:00,CNC-03,H,296.84819683564456,311.7225945934507,1385.6054835925095,54.87726303626578,205.94836247498165,2.6249287317331595,14.235338432649817,58.17740357407271,0,2026-08-25 06:31:47
2024-01-08 20:08:00,CNC-02,M,300.0177538456538,313.50505413320315,2390.2132718489015,23.06336912553292,143.78163565923268,3.0893528656809917,10.304919345874811,47.87001324326003,0,2026-08-25 06:31:47
2024-01-08 22:42:52,CNC-01,L,27.841671451572665,40.527999111034944,2609.366949769706,18.569136865886673,152.8424968446099,3.5575930164439664,8.99530453589387,48.22317044628705,0,2026-08-25 06:31:47
2024-01-08 00:59:00,CNC-01,L,298.4645477877216,310.3641307577546,2644.395681571851,15.257930706692429,93.79880107747668,3.2641819815622752,7.646861675295155,56.33571258797445,1,2026-08-25 06:31:47
2024-01-08 09:59:00,CNC-01,L,297.56585671033434,312.16041118046894,1357.0628756197102,53.67930293667372,164.5691110922409,2.523324497354299,13.585200539007644,56.36576828137515,0,2026-08-25 06:31:47
2024-01-08 05:44:00,CNC-02,M,296.2053471403111,310.16608171512036,2084.418241586124,31.39412790507766,193.83792922545376,3.249510045164245,12.386304744637004,56.60315973380023,0,2026-08-25 06:31:47
2024-01-08 12:14:00,CNC-02,M,296.8536812598299,311.3223867483814,1395.402375974545,52.51464619755601,115.93521951017284,2.2218365611845106,13.507037521105042,54.0648192064636,0,2026-08-25 06:31:47
2024-01-08 10:56:00,CNC-03,H,296.47081344170033,311.3361627524637,1404.159938532958,54.18222919286583,136.11563856408526,2.268740135442408,14.522418650563514,62.13001951110384,0,2026-08-25 06:31:47
2024-01-08 12:54:00,CNC-02,M,296.9427844760832,311.6593153226373,1382.6343995842312,51.3967390709428,179.29775403347622,2.5817249316773654,13.577483450474835,57.031666835775034,0,2026-08-25 06:31:47
2024-01-08 22:26:00,CNC-02,M,26.497248123344605,38.92460814199444,2562.1793707840147,16.98033158682529,61.771764245243574,3.0994291840031405,8.085864612047349,47.43388434941371,0,2026-08-25 06:31:47
2024-01-08 07:10:00,CNC-01,L,297.64348880416185,312.0115865863578,1954.123961831585,35.17103267759275,148.44885790432164,2.8790337209389123,12.560815854795075,57.982343376002284,0,2026-08-25 06:31:47
2024-01-08 08:56:00,CNC-02,M,296.1686560672734,310.13616360243583,1589.8426488704329,43.429595455383534,27.133365327822112,2.140885396105041,12.972504138318913,62.18058384181309,0,2026-08-25 06:31:47
2024-01-08 23:59:00,CNC-03,H,299.27743791126125,312.5796916273924,2719.104480097458,20.383749975650613,187.7397540417139,3.686250692715098,10.40192334419944,50.02789194936129,0,2026-08-25 06:31:47
2024-01-08 21:07:00,CNC-02,M,299.9105744579609,315.04198382324665,2422.388554728505,30.504412687962763,212.00252590296188,3.7842690584556866,13.750148082850783,47.01790616663234,0,2026-08-25 06:31:47
2024-01-08 02:24:00,CNC-02,M,298.138842777218,311.2123916225352,2442.1998834151063,19.995194693639956,168.23259130293218,3.3341523636948383,9.511928812675437,47.90204984857084,0,2026-08-25 06:31:47
2024-01-08 12:03:00,CNC-03,H,296.6664866865375,310.60106496958923,1390.429253643377,51.38015631331166,7.957357839745777,1.9503017139615648,13.578018149713747,62.272425462881806,0,2026-08-25 06:31:47
2024-01-08 23:15:00,CNC-01,L,300.6252822803723,313.81205031701785,2639.980925162313,20.42751389645804,187.15470107098963,3.775598971841378,10.202541806426678,,0,2026-08-25 06:31:47
2024-01-08 19:52:00,CNC-02,M,299.7521195610926,313.2877322717941,2398.7284266987645,22.527286271780124,124.82497496177264,3.172607373833337,9.675347221196914,50.578049938200245,0,2026-08-25 06:31:47
2024-01-08 09:41:00,CNC-01,L,297.4781781676549,311.9935288365134,1525.1602794810424,46.68633105119682,136.6552417521433,2.36767776584149,13.48464588581699,58.16959589778354,0,2026-08-25 06:31:47
2024-01-08 06:40:00,CNC-02,M,22.777513153833638,36.57569655821396,1785.0648770527353,37.99707276149816,35.32716322405803,2.3113270039613782,12.655037400876417,59.50052792973961,0,2026-08-25 06:31:47
2024-01-08 21:56:00,CNC-02,M,26.52694417103845,38.757274164392186,2664.4194131084823,16.90152304014145,29.09197014189516,3.226217433425725,8.26252475611603,52.37209110185248,0,2026-08-25 06:31:47
2024-01-08 11:51:00,CNC-03,H,296.6439236694931,311.4924327141788,1383.5384306917606,53.133184695216926,223.42715714898,27.82005615810967,13.911689088949288,56.68747441437598,0,2026-08-25 06:31:47
2024-01-08 09:50:00,CNC-02,M,296.24959662110115,310.6898839757788,1428.638853712066,50.13358125418673,110.33605637090564,2.09791901327242,13.405879640003086,57.28850516437373,0,2026-08-25 06:31:47
2024-01-08 10:25:00,CNC-03,H,296.2263381411741,309.998930445042,1466.8016035016442,45.37695983033388,87.19161232939277,2.0327098187425063,12.498130999917272,59.171580885780095,0,2026-08-25 06:31:47
2024-01-08 01:27:00,CNC-01,L,298.2556992377207,310.44601190692816,2801.097725863696,15.829478318098845,123.57452467520166,3.529298604791517,8.192777704752679,55.13632159478126,0,2026-08-25 06:31:47
2024-01-08 19:27:00,CNC-01,L,301.0579434766055,315.13187855910235,2316.8237440182315,28.507885733218117,147.5837963043719,3.318037661097235,12.139318911392268,51.610932516388864,0,2026-08-25 06:31:47
2024-01-08 04:40:00,CNC-03,H,296.599197615877,310.5699523282015,2306.229381174958,29.638460651574807,72.64982608023388,2.876640409968821,12.723074365710143,59.497911002163534,0,2026-08-25 06:31:47
2024-01-08 07:24:00,CNC-01,L,297.589319111845,312.34894340949853,1796.4073379213235,39.93554576880507,168.35605458317957,2.898330604434771,13.347007023874337,55.07684083530125,0,2026-08-25 06:31:47
2024-01-08 02:49:00,CNC-03,H,297.7172741836246,311.83309313798384,2552.2646327734255,24.80148304643225,191.9195529193299,3.4165900220483603,11.809990404904166,54.70158202250905,0,2026-08-25 06:31:47
2024-01-08 15:23:00,CNC-02,M,303.3633265821308,312.9252871524909,1596.5562803125872,49.35655024083546,185.44636873334156,2.795742467758577,14.685167822808374,45.695714458888695,0,2026-08-25 06:31:47
2024-01-08 05:07:00,CNC-01,L,297.96879576156465,312.11776940403325,2132.29031625301,31.549046308791116,188.91124691119543,3.344515846958509,12.412375671697625,54.693244605627655,0,2026-08-25 06:31:47
2024-01-08 23:37:00,CNC-01,L,300.3620134357098,314.03064481187107,2428.304879988092,23.071714592387746,210.7815475683564,3.8774473996758987,10.442448169133351,55.533856650793545,0,2026-08-25 06:31:47
2024-01-08 08:59:00,CNC-03,H,296.10250729133986,310.37851035913195,1467.5251660469837,47.73287953654082,176.8651803783629,2.46424656434292,13.171926671860044,62.97295515286928,0,2026-08-25 06:31:47
2024-01-08 04:51:00,CNC-02,M,296.7046554507577,310.2656500518202,2248.0114720802812,27.480185666952206,125.77925117760093,2.9737159583732,11.518852822696074,59.74380516863519,0,2026-08-25 06:31:47
2024-01-08 11:17:00,CNC-03,H,296.8040288938589,311.2329065189381,1394.193243092644,50.96637144917373,169.48172856973804,2.3961355340807913,13.188004442128221,56.91166675144663,0,2026-08-25 06:31:47
2024-01-08 17:18:00,CNC-02,M,299.0435573079213,313.6563191020589,1894.101097502463,36.597573148565914,137.84965557222927,2.6377801581019256,12.76855918010917,56.68698595124239,0,2026-08-25 06:31:47
2024-01-08 14:56:00,CNC-02,M,303.38889916254186,311.7380805220456,1550.0366351140954,43.34111562433685,144.75099416882745,2.37879164041998,12.447173188989247,45.638216878104835,0,2026-08-25 06:31:47
2024-01-08 21:34:48,CNC-01,L,301.07799321369197,313.44792950392986,,16.94417413965657,79.66483903655059,3.3782519762241567,8.842521975557979,48.26103868039732,0,2026-08-25 06:31:47
2024-01-08 12:26:00,CNC-01,L,298.37063376360203,313.2092344181483,1435.8833826951395,50.90814211793746,166.82100851366724,2.565550142289236,13.655717486306639,54.96790442548151,0,2026-08-25 06:31:47
2024-01-08 12:56:00,CNC-03,H,296.6718086974374,311.0396055793446,1396.8964758611792,53.77063979433296,92.1776154058926,2.192336199454698,14.230204416660632,55.791507773074414,0,2026-08-25 06:31:47
2024-01-08 01:46:00,CNC-03,H,297.86813303146624,310.0443633069447,2581.8828331472346,16.66166801184824,122.12702119020601,3.2665120978931754,,59.56927180023666,0,2026-08-25 06:31:47
2024-01-08 11:23:31,CNC-03,H,296.40087061853774,311.37409577804897,1587.3283260749454,48.97780487576813,178.94161562757034,2.618004531824776,14.840744073769816,56.689220165209804,0,2026-08-25 06:31:47
2024-01-08 22:17:00,CNC-02,M,26.228908708210838,39.06309902315644,2610.0532374528902,19.41883197789742,51.99892981052583,3.245956742565166,9.623064855646307,52.169691715856544,0,2026-08-25 06:31:47
2024-01-08 19:40:00,CNC-02,M,299.9579583249449,313.9413596952047,2230.1323861520946,27.804042782597303,110.28427191439191,2.8692976913901664,11.446800996886875,49.51729730758464,0,2026-08-25 06:31:47
2024-01-08 12:06:00,CNC-03,H,296.67425817705595,310.5711859476786,1354.8342034548036,52.94847173416443,12.757357839745776,1.970462657149637,13.491685841880463,56.439667595473004,0,2026-08-25 06:31:47
2024-01-08 13:47:00,CNC-01,L,299.1935678756796,313.35357059956686,1549.65919587123,46.90887999116901,91.89665728743775,2.2963907658206733,13.592842233282003,54.1990155925684,0,2026-08-25 06:31:47
2024-01-08 12:58:00,CNC-01,L,298.56759597182395,312.68660846650255,1450.1037120092844,52.074151992817704,14.167630659290701,2.039179667398206,485.54414851764506,51.15610436713038,0,2026-08-25 06:31:47
2024-01-08 07:21:00,CNC-02,M,295.7496892492106,309.83311105156014,1865.5359929369288,37.75877022696101,92.65728042810542,2.5571229683870986,13.11263071908343,55.05949731334709,0,2026-08-25 06:31:47
2024-01-08 08:18:00,CNC-02,M,295.8649900255166,310.9932181823056,1713.2955778721189,44.80620013878422,175.15829821859262,2.6761364995918817,14.420205508140695,63.16169315944026,0,2026-08-25 06:31:47
2024-01-08 10:50:08,CNC-02,M,296.2290155659559,311.151283339805,1334.0937296189843,52.671210221368426,204.77520285256472,26.034563110426514,13.032143605222414,63.981727798783396,0,2026-08-25 06:31:47
2024-01-08 07:47:00,CNC-02,M,295.57878894682483,310.06955601190236,1819.5071252187558,39.20362184817098,129.7257594073357,2.6585455434108156,13.32345222177408,59.18897138943275,0,2026-08-25 06:31:47
2024-01-08 16:54:00,CNC-03,H,298.68750531980317,313.91007130735,1944.8893511110487,40.077981771904284,219.43827370418683,3.2218078326630977,14.415396778912871,54.979789044709264,0,2026-08-25 06:31:47
2024-01-08 17:40:00,CNC-01,L,300.97652543081085,314.7332764035442,1937.6016545413163,36.097262329837285,9.454733994914095,2.5028536506178822,13.055046238406536,48.2798238644149,0,2026-08-25 06:31:47
2024-01-08 14:22:00,CNC-03,H,297.64672660015356,312.9393367093503,1417.937155486164,54.413182552276005,226.8256882087442,2.759696858344408,14.591607253316484,51.3596435438025,0,2026-08-25 06:31:47
2024-01-08 18:22:00,CNC-01,L,301.2790657783369,314.7681616736934,1906.2746380466597,32.37642690811935,65.11896276508314,2.5599155698168956,11.534166051146798,49.363309810678935,0,2026-08-25 06:31:47
2024-01-08 20:05:00,CNC-02,M,299.9233903002603,313.68658769324634,2403.574008365331,24.319427101279256,140.246878232926,3.0866836142242833,10.963444038034957,50.06041482340706,0,2026-08-25 06:31:47
2024-01-08 20:35:00,CNC-02,M,299.7749880347494,,2427.3686806075107,25.575268547528186,175.34504011112762,3.3762455863053953,11.794422193416622,51.3507501055926,0,2026-08-25 06:31:47
2024-01-08 13:28:00,CNC-03,H,297.09830978964976,312.0175381095194,1381.261029036362,55.67740029216738,142.87112305213114,2.230272732234757,14.421145033285416,62.94374135761257,0,2026-08-25 06:31:47
2024-01-08 05:56:00,CNC-01,L,297.681472789319,310.8920171351747,1966.1540570557256,30.66419015403233,46.96470625762248,2.5774646797190166,11.132449635103956,55.13060902572595,0,2026-08-25 06:31:47
2024-01-08 18:06:00,CNC-03,H,299.0709852667125,313.35295173972634,2173.020926987347,33.917218525303596,55.13063230789372,2.7186815927102455,13.89495929439573,54.107187094775206,0,2026-08-25 06:31:47
2024-01-08 20:04:00,CNC-03,H,299.5079239042617,313.2100843616134,2354.5483486767002,25.38011506513764,202.7347014293821,3.4207096635759022,11.163757128615215,47.65359987431032,0,2026-08-25 06:31:47
2024-01-08 19:48:00,CNC-01,L,301.297114346425,315.17813710015184,2294.0869326493075,27.514236083297952,173.62203813942224,3.362379873942573,11.749459137472527,50.2879035441412,0,2026-08-25 06:31:47
2024-01-08 18:51:00,CNC-01,L,306.54473351810765,314.5688569986785,2055.7028425853327,32.922518386157655,102.56084018329882,2.7631076041903038,12.57299475914688,36.61225782695201,0,2026-08-25 06:31:47
2024-01-08 19:30:00,CNC-02,M,300.04105528997815,314.23500039555574,2236.62831671731,30.434829599747236,98.07151122671327,3.028659980175162,12.48140878784264,49.52968805318673,0,2026-08-25 06:31:47
2024-01-08 22:18:00,CNC-01,L,27.8180688658976,40.66165215697839,2685.820914194065,17.666988317492248,125.80791309066288,3.4590190318870597,8.828248333826744,45.745289825997645,0,2026-08-25 06:31:47
2024-01-08 07:35:00,CNC-02,M,295.7781751105185,310.5714834260279,1811.1551956516348,41.6405356646086,112.58493279431168,2.4659333387560802,14.236622790778073,55.51172372048477,0,2026-08-25 06:31:47
2024-01-08 05:28:00,CNC-03,H,301.96983018762603,310.5728376891698,2154.650930662121,36.28520993140314,133.4380041160251,2.9579185821049117,14.819024642477975,49.257702450859206,0,2026-08-25 06:31:47
2024-01-08 22:41:00,CNC-02,M,26.38879800833763,39.27680843292461,2624.920580369293,17.94262766532338,77.80250915332175,3.108565261671696,8.800787242816893,55.244510808974,0,2026-08-25 06:31:47
2024-01-08 06:25:00,CNC-01,L,24.273174961816096,38.20780594955079,2006.8473090982404,33.657598463504634,86.07647417628381,2.692827866978577,12.566967119494064,58.17289986224351,0,2026-08-25 06:31:47
2024-01-08 08:15:00,CNC-01,L,297.31927680484375,310.9849135689051,1594.554435634806,42.26751293741143,5.918004702293793,2.272068525577696,12.519349085821403,58.05425334688204,0,2026-08-25 06:31:47
2024-01-08 11:47:00,CNC-03,H,296.7356532364489,311.2024514752009,1342.5438273983482,51.34247434773395,217.04898131295604,2.7344863780161655,12.418550491554814,59.179204453020795,0,2026-08-25 06:31:47
2024-01-08 18:51:00,CNC-03,H,299.77966659134887,313.9559891877862,2093.033548227058,33.92113641068402,113.14106423085039,2.671624479918672,13.549922693098962,50.995603441410324,0,2026-08-25 06:31:47
2024-01-08 15:07:00,CNC-03,H,297.88801678340303,311.54841793709,1488.1221083909666,43.9390317211443,63.28218712986172,2.2010347636256786,12.195089160832577,54.214453373173136,0,2026-08-25 06:31:47
2024-01-08 16:54:00,CNC-02,M,299.1885149163598,314.1256532547955,,41.17333228837767,104.24233020333129,2.568517923019756,14.139454720366079,58.74628230173039,0,2026-08-25 06:31:47
2024-01-08 10:10:22,CNC-03,H,296.44333397677576,310.9725009873295,1562.3727139003524,49.93612869237491,62.32909059556833,2.134737421923916,14.456940508407142,59.03674009989701,0,2026-08-25 06:31:47
2024-01-08 13:17:00,CNC-03,H,296.85471060387965,311.16871787056664,1331.14592845704,52.18813528310385,125.39801347247082,2.199334406984112,12.958100602253394,50.53128627189171,0,2026-08-25 06:31:47
2024-01-08 08:54:00,CNC-03,H,296.1482803290115,310.90931720542204,1641.8064910121907,45.156816671547155,169.1609083163122,2.6233236808436575,13.570582018515406,62.847179821526495,0,2026-08-25 06:31:47
2024-01-08 22:48:00,CNC-02,M,26.27270029978547,39.05899505187881,2650.0482840548752,17.74957352187668,85.38656187512055,32.84327709775275,8.806500915233977,46.94666685955921,0,2026-08-25 06:31:47
2024-01-08 17:45:00,CNC-03,H,298.95590441650614,312.5967754902001,2018.3211152015572,32.81476286474485,27.033777655921412,2.5966784440146276,12.340072124602534,53.43345310339891,0,2026-08-25 06:31:47
2024-01-08 21:04:00,CNC-02,M,299.53984541285683,313.8865702900152,2516.484156993357,24.190658408768613,208.55293556724362,3.6754829670968574,11.43733055840417,49.42175921934715,0,2026-08-25 06:31:47
2024-01-08 05:16:00,CNC-03,H,301.7155802447028,309.76962620260025,2133.337798708341,31.401434304647132,118.09406237851782,2.8576802852164938,12.406572528935664,50.099822128448295,0,2026-08-25 06:31:47
2024-01-08 08:31:00,CNC-02,M,296.0267205062413,311.03009155944005,1690.0712728538053,45.83618411792083,194.5711914308005,2.9077277091542437,14.631272099836385,57.82942204786101,0,2026-08-25 06:31:47
2024-01-08 12:42:00,CNC-02,M,296.9566246896936,311.36589225833916,1314.5684233291624,53.219565875964726,160.25556443266328,2.2177383684717533,12.931039612606433,54.22678189038104,0,2026-08-25 06:31:47
2024-01-08 15:19:00,CNC-03,H,297.86772131521127,311.97072868986106,1554.4065371644672,45.03898891276013,81.3627243264389,2.163649685031555,13.021529350040309,57.24951651068465,0,2026-08-25 06:31:47
2024-01-08 21:47:00,CNC-03,H,300.19468379918294,312.3282075776073,2569.9009915081224,18.056478184099504,45.58475137556861,3.1411969380762383,8.565195862413024,45.6319149078229,0,2026-08-25 06:31:47
2024-01-08 01:19:00,CNC-02,M,298.3830873456402,310.7661506254834,2620.060458512827,17.74398439795494,96.91024076262511,3.099920941078383,8.616308095245575,54.292476547029906,0,2026-08-25 06:31:47
2024-01-08 06:01:00,CNC-01,L,24.812332698148396,38.933325174870276,1987.3706501001245,36.389813038569635,53.695539124743576,2.581360232211327,13.62211095865139,58.8631332187893,0,2026-08-25 06:31:47
2024-01-08 10:26:00,CNC-01,L,297.8053713377307,312.7248137190292,1421.8574093890634,52.619966141897784,206.82353610199203,2.86806579974005,13.907123780494224,52.77481689995429,0,2026-08-25 06:31:47
2024-01-08 15:11:00,CNC-03,H,298.0420857914503,312.16475396549794,1660.2807811359369,44.25852197475759,69.30355752118355,2.2549500855636477,13.783572818494473,57.35334023164097,0,2026-08-25 06:31:47
2024-01-08 03:15:00,CNC-03,H,297.265659936509,310.89949985959447,2401.65687110255,24.508020506209895,221.75179629865647,3.73503017749068,10.765206954698344,56.948500713080854,0,2026-08-25 06:31:47
2024-01-08 09:46:03,CNC-03,H,296.41249829986987,310.60144466084364,1536.0486649890806,47.25439679499578,24.879839714963552,2.2473702779319504,13.641085825276964,62.220036866082495,0,2026-08-25 06:31:47
2024-01-08 21:12:00,CNC-03,H,300.1012903520571,311.2383219269452,2756.4957669793753,12.440514857234572,6.630037139898782,3.179849553409215,6.606698939163444,53.27684360978388,0,2026-08-25 06:31:47
2024-01-08 13:56:00,CNC-02,M,297.5472166312053,311.6564898369169,1426.4812075588945,47.48746151940055,51.78009310412117,1.9933127303450282,12.71095986143248,57.61650438373444,0,2026-08-25 06:31:47
2024-01-08 18:16:00,CNC-03,H,299.2680926564918,313.47879575904045,2053.6525303937497,34.96764623950438,68.27693236580375,2.7476918678261595,13.468109161198592,49.616115947369565,0,2026-08-25 06:31:47
2024-01-08 13:52:00,CNC-01,L,299.189732822202,313.56155736879157,1338.0317106256784,54.88087365117138,99.757307386809,1.9783172203630914,13.724037618178743,54.096708131945945,0,2026-08-25 06:31:47
2024-01-08 04:16:03,CNC-01,L,297.7651609692073,311.48809326792735,2194.26446632989,27.79908586000264,125.64382651500563,3.012139316466952,11.596019384910312,51.86937429475013,0,2026-08-25 06:31:47
2024-01-08 22:08:00,CNC-02,M,26.326526914538704,38.69034506142032,2705.5747377741195,16.24810835385877,42.119009150818016,3.2703424741343343,8.113829562941778,49.194480683083086,0,2026-08-25 06:31:47
2024-01-08 02:43:00,CNC-02,M,297.83986995876865,311.5085451750182,2507.15264629063,22.251126315818308,189.78596118786814,3.68515893399768,10.232667908945182,60.67121344749495,0,2026-08-25 06:31:47
2024-01-08 16:59:00,CNC-01,L,300.52319333236443,314.2532813062644,1871.5444754876787,33.47509165702442,157.35399418582233,2.8689089031438897,11.559002312571588,50.42064900765482,0,2026-08-25 06:31:47
2024-01-08 04:18:00,CNC-03,H,296.5408156770673,309.61246645089017,2341.8962028274514,24.332171248229034,45.75006350625551,2.882724618188813,10.613401927996994,59.89516843981597,0,2026-08-25 06:31:47
2024-01-08 11:14:49,CNC-01,L,297.97303578847794,312.1656305027087,1387.591887644133,53.0746020030533,55.61562557978066,2.11237906564674,13.560943157594703,59.17212572317039,0,2026-08-25 06:31:47
2024-01-08 19:31:00,CNC-01,L,301.3609276821781,315.7865614976646,2225.0596413876,30.801049622084864,152.57693678967993,3.1128365279000656,12.938596223761325,50.12767859640687,0,2026-08-25 06:31:47
2024-01-08 05:11:00,CNC-02,M,296.340622460041,311.0409901620615,2125.9742183016892,33.75357150567813,151.23756555755423,3.030142351522587,13.354823168971398,58.386188484663876,0,2026-08-25 06:31:47
2024-01-08 06:35:00,CNC-01,L,24.653363919070216,38.60704943028753,1964.3045148483627,35.213617709187915,99.77192790632876,2.6288869456103545,13.134310965044394,56.65399275151602,0,2026-08-25 06:31:47
2024-01-08 11:26:00,CNC-02,M,296.4871195029423,311.3207127825736,1511.3453753752021,53.854296387518666,39.7255071985735,2.1091426051732407,15.295831885624589,61.45862729965592,0,2026-08-25 06:31:47
2024-01-08 18:07:00,CNC-02,M,299.5055439601087,314.7247858999108,2110.1656493010646,35.57002911932627,203.95802425729622,3.3401667385784624,14.050559041455701,49.069104130058115,0,2026-08-25 06:31:47
2024-01-08 00:19:00,CNC-02,M,298.86400291514553,310.5398186791735,2693.9583509703784,16.02372305675143,33.039169011236964,3.2275949446556425,8.276667379535178,51.14273989942846,0,2026-08-25 06:31:47
2024-01-08 10:54:00,CNC-02,M,296.0203401263146,311.0723408207809,1323.3305904943336,54.59088435020859,211.16712684821914,2.7296035883535597,13.40299584745706,61.31106132321076,0,2026-08-25 06:31:47
2024-01-08 14:25:00,CNC-02,M,303.1313228696367,311.182206157079,1488.0999598747308,44.43866011325023,96.81730857007423,2.179571778057897,12.516020361048046,46.75324666507643,0,2026-08-25 06:31:47
2024-01-08 18:36:00,CNC-03,H,299.3773057282467,312.8398331906644,2125.541432885327,29.288461954499468,94.0198579177024,2.8228275232049413,11.795483664137818,55.61669043359545,0,2026-08-25 06:31:47
2024-01-08 20:12:00,CNC-03,H,299.7715523657201,314.12464936085087,2457.105438496415,26.547744284407774,212.18928572650128,3.75441089921318,12.255961323250688,53.48638653657358,0,2026-08-25 06:31:47
2024-01-08 05:13:00,CNC-03,H,301.95777433327834,309.92981435489696,2234.135565288067,29.318000302650017,114.16969419452656,2.9089591220683477,12.35657641520528,47.40879619746308,0,2026-08-25 06:31:47
2024-01-08 17:12:00,CNC-01,L,300.51378014301446,315.3954878408118,2041.2290398778423,35.575799226210194,175.19303557118033,3.167930990263295,13.411618128401948,51.95774774430555,0,2026-08-25 06:31:47
2024-01-08 17:29:00,CNC-03,H,298.74060474830446,311.9952271857678,1805.2623534632583,35.399547429115685,5.442696359745576,2.3076228204702094,12.317296836159633,54.34734668416654,0,2026-08-25 06:31:47
2024-01-08 07:03:00,CNC-01,L,24.469540170323967,39.01070479207641,1848.8570072086238,37.79500094618045,138.61278807489205,2.7201630106264374,13.226863775598117,52.5885733975117,0,2026-08-25 06:31:47
2024-01-08 21:21:00,CNC-02,M,299.299657052497,313.89425697028054,2445.868159517527,27.408811247960458,227.66185713093418,3.8315596464860513,12.460961152913095,57.1054494877191,0,2026-08-25 06:31:47
2024-01-08 22:16:00,CNC-03,H,26.85962632176603,38.87278222221863,2702.228639333574,16.42176296855547,77.35156183866822,3.2961597421762803,8.415060697366052,49.72407757660101,0,2026-08-25 06:31:47
2024-01-08 11:49:00,CNC-02,M,296.5539445310688,310.7301561439501,1418.289847949461,50.14219489089995,76.21667623558335,2.1300137807237407,13.171745302818135,55.79464301700049,0,2026-08-25 06:31:47
2024-01-08 11:33:00,CNC-03,H,296.6699067452153,311.1586059725827,1366.9049092707849,53.09310807072346,194.80131022428301,24.15870951695392,13.769112629586179,54.78597235809638,0,2026-08-25 06:31:47
2024-01-08 18:32:00,CNC-03,H,299.5092872202226,313.37742301082096,2225.838113983654,30.612827302067053,88.90684307490402,2.876587779840723,12.685028117002105,48.603536270382605,0,2026-08-25 06:31:47
2024-01-08 21:24:00,CNC-02,M,299.7540264118698,314.2423055121913,2340.249699029611,27.14928038754478,231.0902658986412,3.8040368386229497,11.62318499849166,55.243839244674305,0,2026-08-25 06:31:47
2024-01-08 19:37:00,CNC-02,M,299.93435659021145,313.9305695394232,2226.3227334609874,28.58399492773285,106.6665530755044,2.8979280068019375,12.280136976928858,53.818783455270484,0,2026-08-25 06:31:47
2024-01-08 01:03:00,CNC-01,L,298.2802468397646,310.2757380131785,2858.497046945199,14.296738555829265,97.98548475775249,3.5047890699080373,7.6000603774368365,55.814081707476305,0,2026-08-25 06:31:47
2024-01-08 07:23:00,CNC-02,M,296.162074522486,310.24466379477786,1899.179295646716,36.0743040244969,95.47375808495579,2.5477349143573296,12.763009277271546,59.26742956318691,0,2026-08-25 06:31:47
2024-01-08 07:39:00,CNC-02,M,295.87019630125076,310.4161959433157,1690.0322904847778,43.70358034625517,118.31711622132303,2.4292585812948895,13.978817730448998,57.733517805257875,0,2026-08-25 06:31:47
2024-01-08 23:29:00,CNC-02,M,299.30681221882156,313.10901316001093,2466.870662525034,24.209873650304008,129.2300607186665,3.2627334962568244,11.345912691974991,56.03673030267687,0,2026-08-25 06:31:47
2024-01-08 13:35:00,CNC-03,H,297.16988586385344,311.78991035033516,1547.8978258932682,49.02861950263139,153.80889808516076,2.41843735495237,14.344927205899294,61.49463393752057,0,2026-08-25 06:31:47
2024-01-08 07:51:00,CNC-03,H,295.69844472653574,310.29219887382607,1686.8206923765124,45.61189358115126,75.68606010003647,2.275346245483393,14.523094295286207,62.647277612088416,0,2026-08-25 06:31:47
2024-01-08 06:02:00,CNC-01,L,24.619640552478245,38.934715798989714,2094.059382568905,35.35076209671277,55.010061223934116,2.7229604963952116,13.62039577102353,56.00584336490993,0,2026-08-25 06:31:47
2024-01-08 14:30:00,CNC-03,H,297.7640195645632,311.05386939085713,1436.1113827223578,43.85380626299591,6.196873666320271,2.0388108559331086,12.220666106157438,58.244808468679594,0,2026-08-25 06:31:47
2024-01-08 08:37:00,CNC-01,L,297.4208843414837,311.7574774200918,1754.9673182675397,42.574120742235536,38.68498520181076,2.3147808089941115,14.296496062164392,57.36063317904669,0,2026-08-25 06:31:47
2024-01-08 08:11:00,CNC-02,M,295.83503308955414,310.3723910889058,1757.990904209523,40.82457120158761,164.74315000233503,0.0,13.471682080668897,52.41590132686104,0,2026-08-25 06:31:47
2024-01-08 16:41:00,CNC-02,M,298.65956461397906,313.2749358746457,1715.13278299381,42.81325675953659,85.69869810202748,2.430302088325045,13.636497490369775,52.66747222019629,0,2026-08-25 06:31:47
2024-01-08 22:19:00,CNC-02,M,26.38676058861239,39.08306225557703,2518.8389573666796,19.711611205669897,54.21211252970403,3.075502303318758,9.368628914067338,50.684129361508404,0,2026-08-25 06:31:47
2024-01-08 14:48:00,CNC-01,L,299.3337957621122,314.277377761296,1662.2850006210945,46.97716435578774,186.12837589235608,2.9823591337707254,14.70283137045161,49.45247905994616,0,2026-08-25 06:31:47
2024-01-08 16:57:00,CNC-03,H,298.8443703859534,313.63632326868486,1918.739478305903,37.5004042096681,223.60892802977565,3.277543865252235,13.253916267900628,48.13937750739208,0,2026-08-25 06:31:47
2024-01-08 06:11:00,CNC-03,H,28.67484506875678,37.73487664309988,1959.803680398602,39.94406699529168,190.06245701179648,2.9521630764881106,14.604133720919197,47.25688838110993,0,2026-08-25 06:31:47
2024-01-08 20:52:00,CNC-02,M,299.69144407727043,313.54213448884957,2566.0201011001336,23.20097509997474,194.85254418806295,3.7196555747293654,11.186628694004423,51.58981487267268,0,2026-08-25 06:31:47
2024-01-08 20:52:00,CNC-01,L,301.202063127246,314.0230875822968,2394.7946710620745,22.671408878156996,30.21085855040026,2.9061579913663795,10.20946632447583,50.73889048138946,0,2026-08-25 06:31:47
2024-01-08 11:40:00,CNC-02,M,296.41615019012227,310.1098793194837,1335.9564008131988,49.011615038123104,61.93697169575773,2.017310093586126,12.502194859891562,54.47077049417581,0,2026-08-25 06:31:47
2024-01-08 12:08:00,CNC-03,H,296.5022489657712,310.3722446004047,1382.3020401739595,52.169177957901724,15.942134464676055,2.0364747173198476,13.733632234438812,55.33652149686959,0,2026-08-25 06:31:47
2024-01-08 11:53:00,CNC-03,H,296.74015556413315,311.5196497039673,,54.3042107608028,226.61265433251083,26.455257396462024,13.555559285416917,52.29558259463338,0,2026-08-25 06:31:47
2024-01-08 05:01:00,CNC-02,M,296.5874633625867,310.6203693739946,2201.389875043287,29.216157377157398,138.3719421624404,29.13944957645109,12.071492207196817,58.35362685403736,0,2026-08-25 06:31:47
2024-01-08 14:03:00,CNC-02,M,297.4357107838941,312.0896576277213,1578.6994261825441,48.262443188323935,62.59219826898108,2.2250535717347604,14.150144964234276,53.771167049862996,0,2026-08-25 06:31:47
2024-01-08 13:02:00,CNC-03,H,296.75262732685593,311.33338893820627,1387.7945243826139,53.98412011963777,101.66346486246391,1.9734529764998843,13.925660640839387,51.728944103874504,0,2026-08-25 06:31:47
2024-01-08 07:50:00,CNC-02,M,295.77269451147043,310.09566883188415,1750.055105250325,39.065282013092414,134.14637533302937,2.6371981833683398,12.885552129159127,58.80931388067548,0,2026-08-25 06:31:47
2024-01-08 19:47:00,CNC-01,L,301.2691555347253,315.4211563571224,2334.0122170309264,29.16467010981499,172.382310480825,3.459713251136526,12.642867771814183,45.75132479147049,0,2026-08-25 06:31:47
2024-01-08 16:18:00,CNC-02,M,298.83056390205974,,1848.634034469859,35.286582640647936,52.751204638887664,2.458631969512789,12.249015319631045,54.58831691260562,0,2026-08-25 06:31:47
2024-01-08 06:31:00,CNC-02,M,22.970774380401963,36.40811827320749,2089.4181948555038,31.179085314861045,22.91417480266906,26.231628425749793,12.240415207681092,59.84365449402007,0,2026-08-25 06:31:47
2024-01-08 21:33:00,CNC-03,H,299.95666412912607,311.49697419923217,2698.176055713993,14.187297530713925,30.00027523167987,3.157918736963216,7.12060755599431,54.16081567646958,0,2026-08-25 06:31:47
2024-01-08 19:35:00,CNC-03,H,299.55529079545573,313.4952851506017,2326.5982140685496,27.08074571199372,167.86781966218823,3.2274103144527904,11.711156124042837,55.66528658056764,0,2026-08-25 06:31:47
2024-01-08 10:58:00,CNC-01,L,298.0383761064914,311.13248804870403,1347.4924093906172,46.59099066890629,26.91305756294422,1.9955829645195784,11.723002573839903,54.1481212979053,0,2026-08-25 06:31:47
2024-01-08 19:40:00,CNC-03,H,299.50752334852933,313.4178920262172,2222.827869540402,29.542975908881786,173.98506578749573,3.1265885301638594,12.533824767901786,48.06892288815722,0,2026-08-25 06:31:47
2024-01-08 08:30:00,CNC-03,H,295.89104732962437,309.97807531727983,1712.078004478721,38.817373557561694,133.13830140353565,2.3925807712717777,12.684769391172683,60.23029469935551,0,2026-08-25 06:31:47
2024-01-08 01:02:00,CNC-01,L,298.4170404589257,310.43068580554564,2733.3378820339985,15.06783975246729,96.95548475775249,3.4370781113491953,7.5977736814646075,50.35330546652859,0,2026-08-25 06:31:47
2024-01-08 10:38:00,CNC-02,M,296.253471104995,310.6544035580043,1299.081106704089,52.71382417792873,185.75248314557513,2.575332331551674,12.740887076731902,56.923903824398934,0,2026-08-25 06:31:47
2024-01-08 08:48:00,CNC-01,L,297.3725034944621,311.57764125418026,1505.1085769765791,48.69590698210222,55.32643334993251,2.2560948617246503,13.836855705982488,51.019610552053386,0,2026-08-25 06:31:47
2024-01-08 12:07:00,CNC-03,H,296.79500197809443,310.6208680352247,1338.7309443855884,52.04479853013216,14.357357839745776,2.023710604311649,13.279150836652727,54.623345627892384,0,2026-08-25 06:31:47
2024-01-08 23:20:00,CNC-03,H,,312.7466988644961,2651.2392694903733,19.99233546485844,146.20656470406257,3.394369291242804,9.712343446779926,57.39004490860828,0,2026-08-25 06:31:47
2024-01-08 03:06:00,CNC-01,L,297.8206695727459,311.49742195793,2387.6772608480806,27.887801177387338,43.00830009017661,2.8817202366181593,12.540759139829335,56.52973054071619,0,2026-08-25 06:31:47
2024-01-08 13:51:00,CNC-02,M,297.4294506000255,311.63081333156543,1507.3659496798668,48.26106513705464,44.04107768031145,2.1310401501772134,13.99359410476633,56.8846708198644,0,2026-08-25 06:31:47
2024-01-08 13:12:03,CNC-01,L,298.81423043253596,312.85952154869113,1309.3862843222732,55.31779874934962,38.08592410540597,2.0026747919439494,13.66786652011508,51.68063214975047,0,2026-08-25 06:31:47
2024-01-08 03:23:00,CNC-01,L,298.11541462271066,310.2485237296408,2504.609085290292,17.49412739409289,62.65970366576148,3.0527232933680937,8.220135123849104,50.44049825516575,0,2026-08-25 06:31:47
2024-01-08 14:50:00,CNC-03,H,297.7636678775821,312.3610728236462,1595.544822763347,49.01808799829824,37.1409488074056,2.226758464177991,14.777969011220796,56.1384444169686,0,2026-08-25 06:31:47
2024-01-08 16:43:00,CNC-01,L,300.3156482977839,314.94012898847745,1724.48175252958,43.83412606875022,134.78215190313398,2.518266100852683,14.125319575688373,51.87448064754928,0,2026-08-25 06:31:47
2024-01-08 04:16:20,CNC-01,L,297.50771276620964,311.150970195058,2439.355133657784,25.07092895105805,126.84308944571134,3.103888337505723,11.370180313995522,55.88274265006894,0,2026-08-25 06:31:47
2024-01-08 07:42:00,CNC-03,H,295.7168989524468,310.1658525355635,1731.1376579592027,43.3539323995753,62.626391305226946,2.3808669982877637,13.987672326288415,61.90192755534704,0,2026-08-25 06:31:47
2024-01-08 18:00:00,CNC-02,M,299.37981500575125,314.38199015904786,2156.1643076657374,33.36581421693628,194.79870987895214,3.2948908748819483,13.183069221004676,48.61851778426811,0,2026-08-25 06:31:47
2024-01-08 23:59:00,CNC-01,L,300.0721660190132,311.46259120616264,2659.7136296095055,14.811188591055364,16.830419841132187,3.194418143664544,6.867155514424195,52.18938859346392,0,2026-08-25 06:31:47
2024-01-08 17:09:00,CNC-01,L,300.4249990051422,314.9749291094449,2047.309476703686,35.773611017122604,171.17784066536203,3.1511060110533036,13.635292724455898,55.95686941543634,0,2026-08-25 06:31:47
2024-01-08 04:39:00,CNC-02,M,296.53433478443594,310.48052714551653,2260.56049919695,28.518436650959625,110.81500430559225,2.8984791123434133,12.188250744017607,56.48239056992394,0,2026-08-25 06:31:47
2024-01-08 18:47:00,CNC-02,M,300.0493604193295,313.7599059440975,2124.801391935972,28.843721397236205,44.177819461610206,2.8087486045917744,11.513333544402135,51.47996629405837,0,2026-08-25 06:31:47
2024-01-08 14:06:00,CNC-01,L,299.2454458138407,314.04961538130743,1533.4291997956004,50.517252247634666,121.70042018167706,2.350363566773,14.479809381143962,52.99102756849736,0,2026-08-25 06:31:47
2024-01-08 16:21:00,CNC-01,L,300.27962971452655,314.7123627131755,1661.4898418434937,42.39678062394797,103.30656211658982,2.3508831066946763,13.4335369251451,45.85013556472712,0,2026-08-25 06:31:47
2024-01-08 11:25:00,CNC-01,L,297.97558813908097,311.9214487230464,1334.5291840609254,51.65061061860955,69.9265697182736,2.0268137096867274,13.223843658825793,57.96013801046481,0,2026-08-25 06:31:47
2024-01-08 23:04:00,CNC-03,H,299.5368097494583,312.9357806484814,2504.578252269584,23.644860404507988,129.21982995136457,3.218052709405468,11.20849928453202,54.783498395605534,0,2026-08-25 06:31:47
2024-01-08 11:12:00,CNC-01,L,297.8389427975284,311.6058467312874,1403.4996201301599,47.45802921557758,49.21562557978066,2.112591851237841,12.515431033545445,53.18926673619638,0,2026-08-25 06:31:47
2024-01-08 11:16:00,CNC-03,H,296.61343966410584,311.34438195617616,1436.6016260739088,52.284676738793806,167.88172856973804,2.488587744822493,14.106430311098697,54.055480346920966,0,2026-08-25 06:31:47
2024-01-08 13:41:00,CNC-03,H,297.2849066926302,311.70525795866826,1435.1629508945853,51.85832782279697,163.1710687726891,,13.768052681519206,56.038537593110995,0,2026-08-25 06:31:47
2024-01-08 19:53:00,CNC-01,L,301.40677119591567,315.500352832105,2307.7504640802335,26.831217740297852,179.66148502520002,32.54611669423206,11.449548779430636,53.37060695187943,0,2026-08-25 06:31:47
2024-01-08 23:03:00,CNC-01,L,300.8433426907087,314.48157285356245,2641.0290754779803,22.068684461913087,174.27641892976152,3.797174597048068,10.763516996301888,49.58186907228297,0,2026-08-25 06:31:47
2024-01-08 22:25:00,CNC-01,L,28.02323949054346,39.55811854338418,2631.644710482118,13.655030123164313,133.44627823647343,3.404790579827561,6.900401502037571,50.253948671627654,0,2026-08-25 06:31:47
2024-01-08 21:30:00,CNC-02,M,299.8786534924604,311.8595741766593,2516.1494443403735,17.806702877417404,0.0,3.0439711841991626,8.502735266237993,52.690907141438466,0,2026-08-25 06:31:47
2024-01-08 00:56:00,CNC-03,H,298.4180767625764,311.08430215884965,2592.409756588858,19.38215712661167,68.00322289779251,3.043156720730588,9.521414204992153,55.63734364950194,0,2026-08-25 06:31:47
2024-01-08 14:43:00,CNC-01,L,299.4592738680064,314.4416707787794,1678.9247383423024,46.71470237908519,178.59918126459866,2.8393095528430163,14.388013710327737,51.08859754837421,0,2026-08-25 06:31:47
2024-01-08 01:37:00,CNC-02,M,298.4893966230496,310.91764668942693,2641.7441607170745,17.96782622400508,116.5555900975091,3.337448360691457,8.877526818347787,58.094317635771596,0,2026-08-25 06:31:47
2024-01-08 07:05:00,CNC-03,H,23.207954386792892,37.04770626260887,1777.6038121656172,38.6843106601775,9.8235918029231,2.4445094980595554,12.917714024871186,56.06094405160991,0,2026-08-25 06:31:47
2024-01-08 00:48:00,CNC-03,H,298.53194963464966,309.39935812854577,2864.0669822523478,11.313980141846987,59.40786523989844,3.2262662260432324,5.954185601512143,54.65311345901729,1,2026-08-25 06:31:47
2024-01-08 23:09:00,CNC-01,L,300.8650794720077,314.3708426922394,2557.4175963147222,21.662408898679125,180.67192975990565,3.7048540324374613,10.354576595834157,43.11115733523938,0,2026-08-25 06:31:47
2024-01-08 14:54:00,CNC-02,M,303.3788469308656,312.1816849008113,1445.2674944893402,50.56971549030897,141.70403940478286,2.313882735716606,13.69712914456807,43.70272985832541,0,2026-08-25 06:31:47
2024-01-08 20:09:00,CNC-02,M,299.9481168587832,,2428.7695538946205,27.767403750035115,144.98270027633788,3.265424278832543,12.694271914435255,50.88553067912753,0,2026-08-25 06:31:47
2024-01-08 23:44:00,CNC-02,M,298.85755166915567,311.9550857472544,2760.811264606566,18.011489164654837,145.08166932303175,3.6359731307728866,9.401899480782198,52.82883876703938,0,2026-08-25 06:31:47
2024-01-08 16:33:00,CNC-02,M,298.64734052417197,312.4893209620491,1772.9226102376763,37.24904362250663,74.21663070628269,2.489356632964551,12.443985472434827,54.96233911393617,0,2026-08-25 06:31:47
2024-01-08 01:19:00,CNC-01,L,298.35880515885384,310.9214645483879,2651.140631703462,19.04721764274659,114.9452795418844,3.282977373408248,9.129934403775515,54.70727976361341,0,2026-08-25 06:31:47
2024-01-08 14:38:00,CNC-02,M,303.1262749780307,311.9180764012031,1479.7592719440227,50.90161753433921,117.03372512167067,2.3310878437319524,13.951123545274147,46.248750480555756,0,2026-08-25 06:31:47
2024-01-08 17:40:00,CNC-02,M,299.25013825942744,314.1581318621143,1874.040330851546,38.970004558012434,167.96040869350318,,13.65501201549576,52.44272180273123,0,2026-08-25 06:31:47
2024-01-08 23:55:00,CNC-02,M,298.9586700966432,311.64673742687785,2566.915913681744,17.651222822196406,156.78053887663094,3.3186852010945276,8.387599116328417,52.36403920099087,0,2026-08-25 06:31:47
2024-01-08 04:14:00,CNC-03,H,296.456324070633,309.2373029046483,2449.002097749637,23.052142892488924,40.96251724543247,3.0247832810375455,10.552262390060514,54.53596544396297,0,2026-08-25 06:31:47
2024-01-08 02:54:00,CNC-03,H,297.3735647901954,311.4916099090255,2420.466597470783,26.92366242095204,197.59340027094828,3.3598244359514076,12.258757536569954,61.70499642219441,0,2026-08-25 06:31:47
2024-01-08 02:10:00,CNC-03,H,297.7667170540311,311.20285805852495,2760.0775990733655,20.626921843041437,148.47477960417334,3.4241174187148222,10.518190892691608,57.49284687708211,0,2026-08-25 06:31:47
2024-01-08 06:16:00,CNC-02,M,22.778785564444036,35.74237213908066,2120.3101137954764,27.76827604442474,2.6768034347859264,2.6751298384405486,11.086174260800918,58.348803137408396,0,2026-08-25 06:31:47
2024-01-08 23:33:10,CNC-02,M,299.27193153718116,313.6214069229378,2723.1063613583756,23.91633037210821,132.41645233837863,3.429943181319126,12.355191585742343,52.674826021177125,0,2026-08-25 06:31:47
2024-01-08 05:52:00,CNC-03,H,301.685613449626,310.0702873159877,1947.8914162433914,36.13809520040405,164.77071610901143,2.7418259652066697,13.18098060501337,49.715017931991,0,2026-08-25 06:31:47
2024-01-08 06:26:00,CNC-02,M,23.05945797736831,36.73235794362972,1969.1397311725964,34.30445065465242,16.142522755758264,2.52390563772435,12.471970433484262,58.85004483980287,0,2026-08-25 06:31:47
2024-01-08 00:02:00,CNC-02,M,299.05783363995346,310.5592353050562,2674.3555507989,14.913894486423871,14.863365070221697,3.1592797047163637,7.559989107139035,53.56185634987148,0,2026-08-25 06:31:47
2024-01-08 07:49:00,CNC-02,M,295.9236338422497,310.6683558075027,1674.072388051813,46.41407513329449,132.68851949909478,2.543542382441612,14.798290112339439,58.60832444270484,0,2026-08-25 06:31:47
2024-01-08 08:52:34,CNC-01,L,296.90935470842294,311.47004282283933,1665.2024408247817,45.47885372179,64.3922120168958,2.34280883645713,14.140711432620503,57.84845627268007,0,2026-08-25 06:31:47
2024-01-08 22:12:00,CNC-02,M,26.175574360148232,38.252439509213616,2591.9409560881536,15.413846345898019,46.54072904421377,3.1962216958171314,7.487876952504292,56.245043370382696,0,2026-08-25 06:31:47
2024-01-08 04:06:00,CNC-01,L,297.840919519952,311.53259713130456,2388.64597407333,27.2837429467072,113.57872649246897,3.0368791733714584,12.19953580146478,55.39504138126384,0,2026-08-25 06:31:47
2024-01-08 08:51:01,CNC-02,M,295.86552055203913,310.10363233470406,1526.730850585218,48.3620728927957,21.07911121579804,2.196099630963232,13.857105693203119,56.02513757269479,0,2026-08-25 06:31:47
2024-01-08 04:46:00,CNC-03,H,296.7012510231513,309.93554660582663,2283.0664454699345,26.478152304268196,80.05185657157747,2.8378553323308418,11.265706117176942,57.15185162875674,0,2026-08-25 06:31:47
2024-01-08 07:49:00,CNC-03,H,295.7034838335306,309.28724936817844,1707.270908230745,40.04929177038708,72.71417377851631,2.3572565698995684,12.957579458103684,62.3089998563353,0,2026-08-25 06:31:47
2024-01-08 12:53:00,CNC-01,L,298.25885173103796,311.58271566155724,,47.4829603248657,6.276879130867293,2.034522343429965,12.369417180675816,59.06824466630401,0,2026-08-25 06:31:47
2024-01-08 20:57:00,CNC-02,M,299.81873427394345,313.9164023653743,2354.2411746837906,24.912334180317583,200.6099407344674,3.600645930966608,11.22557039948811,51.02232233226794,0,2026-08-25 06:31:47
2024-01-08 10:21:00,CNC-03,H,296.30422235102327,310.614401188666,1370.9686045683204,53.80485039005248,80.90943754119372,2.1486021764249394,13.805559889956982,54.13018951430265,0,2026-08-25 06:31:47
2024-01-08 07:21:00,CNC-01,L,297.353828461398,311.95312866556696,1665.8871767686321,45.05397166746244,164.06019986006822,2.700396841115641,13.991656053985402,54.03017977500947,0,2026-08-25 06:31:47
2024-01-08 15:04:00,CNC-02,M,303.3931262268493,312.1369649316143,1491.7763869241408,48.926730375127974,156.8752305078054,2.375150154141642,13.56555034430958,44.42893268892356,0,2026-08-25 06:31:47
2024-01-08 18:55:04,CNC-03,H,299.8966241225578,313.56238257437064,2215.493968753822,28.9209790806108,118.31370924792132,2.9194993713869386,11.989242272795753,50.54728509655767,0,2026-08-25 06:31:47
2024-01-08 17:23:13,CNC-02,M,298.87877700045544,313.57280631049656,1983.9509473011815,,146.05085363357597,2.7852704884058994,13.606958801778303,50.833250048859526,0,2026-08-25 06:31:47
2024-01-08 12:59:00,CNC-01,L,298.8069164662564,312.8724512585356,1395.0442733949906,50.9307206998932,15.764615410219099,2.0183731205981816,13.316404293021773,54.11311290177338,0,2026-08-25 06:31:47
2024-01-08 03:02:00,CNC-01,L,298.1930526869666,310.9644179442271,2552.049672078194,21.781042584562268,38.38045278367047,3.120527090034849,10.376766328583347,55.44392790150662,0,2026-08-25 06:31:47
2024-01-08 12:56:00,CNC-01,L,298.5249923278997,312.4514691716882,1486.4814480699254,48.472057902799015,11.01162992759667,2.044808008922691,13.754754293228407,53.98598644544402,0,2026-08-25 06:31:47
2024-01-08 04:41:00,CNC-01,L,297.5595633390773,312.237368134435,2298.1222740739227,31.064681865702962,156.13013950925338,3.2517227170517944,13.4043192372208,56.58249348838541,0,2026-08-25 06:31:47
2024-01-08 06:51:00,CNC-03,H,23.222751632848315,38.539029619608186,1937.7103870759224,40.3786259367192,245.01907583025488,3.54232448692318,14.791891126133258,55.181262290907334,0,2026-08-25 06:31:47
2024-01-08 17:10:00,CNC-03,H,298.8851833128939,313.77626424647553,2011.6788662256392,36.61336407445108,241.65858723636654,3.5320425312747386,13.817281537507364,55.483067707722284,0,2026-08-25 06:31:47
2024-01-08 20:27:00,CNC-03,H,299.74019647910086,313.48055097770873,2474.2379991161642,23.60936430197929,229.796455813826,3.8446030563395115,10.874545348196312,54.91018693788681,0,2026-08-25 06:31:47
2024-01-08 10:13:00,CNC-02,M,296.22803226050064,311.21996240541705,1407.9064795597092,54.48151066708991,146.3025692538224,2.3466665574644523,14.663051928716893,56.63714541532093,0,2026-08-25 06:31:47
2024-01-08 02:13:00,CNC-01,L,297.9230192071184,310.782342054936,2559.5356115218315,19.12624241859619,173.9244712938057,,9.02401420727576,58.59570893325541,0,2026-08-25 06:31:47
2024-01-08 04:50:00,CNC-01,L,297.89382072062875,312.0438378696186,2174.982595759683,31.154491197395863,167.34772913017267,3.1762952044913657,12.706411670690015,53.6486379431358,0,2026-08-25 06:31:47
2024-01-08 08:37:28,CNC-01,L,297.3011966644199,,1706.8902212892947,40.02686198978585,37.21815199322555,2.2908109307781075,12.703150716400133,50.06780819457862,0,2026-08-25 06:31:47
2024-01-08 13:44:00,CNC-02,M,297.45421176390226,311.0999304534451,1377.4896532024466,46.01810176450966,33.121309257905466,2.0043837149957024,11.843056074619074,58.00535950838469,0,2026-08-25 06:31:47
2024-01-08 23:08:00,CNC-01,L,300.99301844901515,313.6314399979192,2595.98438735017,18.124520165958675,179.5894453638774,3.6434326324340462,8.98622081205309,51.87269432684799,0,2026-08-25 06:31:47
2024-01-08 08:29:00,CNC-03,H,296.15980465477185,310.8845567976628,1677.2357345299993,44.32756995699265,131.66125788758345,2.4009862184802726,14.057884369662707,,0,2026-08-25 06:31:47
2024-01-08 18:22:00,CNC-02,M,299.5089308589581,312.8596649010873,2073.1450338694926,29.556311953887885,11.810309652473219,2.6581529039258287,11.462001173460791,54.99795856188823,0,2026-08-25 06:31:47
2024-01-08 16:38:00,CNC-01,L,300.5981659607543,315.06308843860387,1789.1137356857362,40.67378505767478,127.65952172462184,2.667696896839127,13.452095535702123,48.28821296386778,0,2026-08-25 06:31:47
2024-01-08 13:50:00,CNC-02,M,297.2300204084556,311.49021301408914,1524.5870737090233,47.40196673385064,42.49280568564527,2.2633074076368,13.425089820994287,57.47774123184619,0,2026-08-25 06:31:47
2024-01-08 08:24:00,CNC-01,L,297.491862653757,310.78576786631294,1638.151176633342,38.89185505739473,19.233075916162484,2.282557338461367,11.792664094109897,53.34911564168828,0,2026-08-25 06:31:47
2024-01-08 04:45:00,CNC-01,L,297.6970725343064,311.4230729466576,2239.9384566485155,27.0947353373698,161.10928004093077,3.2267823225321854,11.374280333297957,53.81215795397785,0,2026-08-25 06:31:47
2024-01-08 05:27:00,CNC-02,M,296.40948815781013,310.91556929502474,1985.1368587701668,35.13830307075082,171.68325614653662,3.057465490667272,13.03037306464561,58.051951736250736,0,2026-08-25 06:31:47
2024-01-08 15:12:00,CNC-01,L,299.5651053002649,313.62154847049294,1676.8882952502286,43.83193649618651,1.4965490203311234,2.352644466770143,13.761865488545027,52.651956983967416,0,2026-08-25 06:31:47
2024-01-08 04:06:00,CNC-03,H,296.75797248363443,309.51025203550404,2467.6674713938537,22.99622292854705,31.203576660248736,2.980681831840298,10.812583189746396,55.39049962651469,0,2026-08-25 06:31:47
2024-01-08 03:26:00,CNC-03,H,296.9175817200582,311.34968409821215,2503.2337163140573,27.381283201212742,234.49588557244334,38.17753964072058,12.677392037343747,62.90892593234346,0,2026-08-25 06:31:47
2024-01-08 02:02:00,CNC-03,H,297.8114265569216,310.9512314886986,2570.489246474408,20.3255976688763,139.87657103057091,3.289131178182438,9.670589730261671,56.91693949020498,0,2026-08-25 06:31:47
2024-01-08 14:18:00,CNC-03,H,297.5651769490262,312.4274767585538,1594.3574333696615,46.89751502288189,220.64262815278855,2.9856483530095614,13.74939614393713,58.447699841593554,0,2026-08-25 06:31:47
2024-01-08 21:39:50,CNC-02,M,299.8603517531347,312.5155441398971,68419.40825660269,19.751841243547805,12.52335844077834,3.2138644804808334,9.901174571328788,51.94735071662223,0,2026-08-25 06:31:47
2024-01-08 05:53:00,CNC-01,L,297.833043014985,311.3795712174663,2077.58154101903,31.89490956087618,42.99520058806919,2.7492463421819235,12.4511744924775,60.26621379165972,0,2026-08-25 06:31:47
2024-01-08 23:31:00,CNC-03,H,299.3516675334117,313.2397285678478,2657.854903811023,22.893605756907967,157.98819118542323,3.5847154729186648,11.455203949722165,53.00539546158039,0,2026-08-25 06:31:47
2024-01-08 13:08:00,CNC-02,M,297.080777864911,312.1553856486554,1579.614104083065,47.45125730398435,201.42926433387655,2.7822645278455966,14.075416054916102,57.093845520506015,0,2026-08-25 06:31:47
2024-01-08 01:48:00,CNC-02,M,298.20409125343326,310.33680265721216,2580.8564494407183,16.51443177782762,128.5367105788859,3.226548617567607,7.98935158552133,57.34875340241191,0,2026-08-25 06:31:47
2024-01-08 23:07:00,CNC-03,H,299.77245150693454,312.3547223645316,2727.324199930364,18.166497316975583,132.43666552962856,3.4290576702559985,9.234525604463732,52.66829508336961,0,2026-08-25 06:31:47
2024-01-08 17:54:00,CNC-02,M,299.3130203658115,314.20826368314323,2099.1810221976957,35.211936679427225,186.68584978862947,3.1574372759986797,13.865652450972993,52.05603909479996,0,2026-08-25 06:31:47
2024-01-08 17:02:00,CNC-02,M,298.92654721717753,313.53392431076594,1803.4228348684842,40.25918194018836,115.47058362693294,2.566921308409377,13.530790815004918,53.23591969831581,0,2026-08-25 06:31:47
2024-01-08 12:02:00,CNC-01,L,298.21310385830134,312.1477808454036,1311.557641720919,50.063510084522534,128.67558002233702,2.213384921091017,12.335310347613424,53.35290797502124,0,2026-08-25 06:31:47
2024-01-08 15:23:00,CNC-03,H,298.2366580215796,312.20588323683654,1649.1892717071735,41.34082090066185,87.41295036182736,2.3722040243723876,12.735755744636881,52.77760962929013,0,2026-08-25 06:31:47
2024-01-08 07:14:00,CNC-01,L,297.5017539277715,312.50202458702455,1889.8436860330871,43.097925674988055,154.13459520841894,2.704869761146822,15.205078807574253,59.31181783194375,0,2026-08-25 06:31:47
2024-01-08 18:07:00,CNC-03,H,298.9948949720289,313.2939098537569,1959.2021301759646,37.429069033847696,56.47807013671363,2.4827306894815884,13.658200947049615,50.16496665764306,0,2026-08-25 06:31:47
2024-01-08 11:04:00,CNC-01,L,298.091376351714,312.8236682291998,1484.4274221759651,52.52825770501629,36.46038919438121,2.2136233579386104,14.670636560163883,50.65735352689758,0,2026-08-25 06:31:47
2024-01-08 11:57:00,CNC-02,M,296.5805652471995,310.5518666356319,1374.974002083207,48.40885986744331,88.98485053916762,2.028468392261008,12.634076020198494,59.39615846390505,0,2026-08-25 06:31:47
2024-01-08 02:33:00,CNC-03,H,297.9098379555665,311.1289733500115,2643.041049360589,19.83055923095159,174.05829697113344,3.5243165328530144,9.637068998590719,58.20029612658581,0,2026-08-25 06:31:47
2024-01-08 05:58:00,CNC-02,M,296.65436517086465,311.22916218161805,1948.7756139676626,35.90305733221772,212.57693798911944,3.283640870168116,13.113508812642504,54.3580825494792,0,2026-08-25 06:31:47
2024-01-08 03:17:00,CNC-01,L,297.79380988180446,310.29860197243437,,20.624462027059806,55.81184577808037,2.975981664567695,9.859225569774843,53.98995966071316,0,2026-08-25 06:31:47
2024-01-08 17:26:00,CNC-03,H,298.651681500641,311.99936047080166,2147.1277154290715,30.18900130990808,1.30858988835611,2.649906989138274,12.075365215242188,59.016349105827096,0,2026-08-25 06:31:47
2024-01-08 15:29:00,CNC-03,H,298.167350764149,312.9746936085261,1729.422963802354,46.159331410722544,96.24967787399794,2.2478076706088284,14.967152046943744,54.24116649082254,0,2026-08-25 06:31:47
2024-01-08 05:36:00,CNC-01,L,297.8420720498389,311.054716209416,1858.0378561784655,33.43195773627267,20.66561504706774,2.4883245741870663,11.587750400637008,54.0840200922282,0,2026-08-25 06:31:47
2024-01-08 01:18:00,CNC-01,L,298.35098706338334,310.87541118202574,2692.6782216934307,17.43744140432859,113.89028230126407,34.15925088662035,8.651460837917158,56.628753279762606,0,2026-08-25 06:31:47
2024-01-08 22:55:00,CNC-03,H,,39.69326118209028,2354.4266983959524,22.270389736564493,119.58999216117441,2.9733404720281444,9.746622024021825,45.29901651353054,0,2026-08-25 06:31:47
2024-01-08 14:34:00,CNC-01,L,299.5083056404347,314.6124438756853,1570.3185027088325,51.48529415062737,165.02298023616444,2.646138097413617,14.986179127773033,55.805681848208074,0,2026-08-25 06:31:47
2024-01-08 21:44:23,CNC-01,L,301.1160823345746,314.16259236245867,2470.4514170785246,22.733710749349253,88.66091187625753,3.2356448105290583,10.570476792984127,50.615635199936115,0,2026-08-25 06:31:47
2024-01-08 05:09:59,CNC-02,M,296.745779853341,311.29427820947615,2123.8746975913473,33.955884384060134,148.6696133179755,2.984058638601886,13.355559157272035,57.30048818955211,0,2026-08-25 06:31:47
2024-01-08 16:21:00,CNC-03,H,298.71813198119986,314.3634462300707,1831.4445337144261,46.388300711416406,172.54799789972853,2.8063378638044423,15.804340869493789,53.496717757438304,0,2026-08-25 06:31:47
2024-01-08 22:45:00,CNC-03,H,26.42679624319203,38.70750920208076,2729.548421872831,16.869653640426577,108.75252513750878,3.289969773605748,8.583173526154537,55.52080122838563,0,2026-08-25 06:31:47
2024-01-08 02:33:00,CNC-02,M,297.925869518275,311.520481904181,2596.2612679509243,22.75528951380401,178.32965231792343,3.563049728488066,11.213441587114565,53.04700632566367,0,2026-08-25 06:31:47
2024-01-08 02:46:00,CNC-02,M,297.82800802152127,311.7316636159933,2358.1551845585755,25.981412723506228,193.25414766235718,3.55130497112486,11.50059469591146,58.014192744008234,0,2026-08-25 06:31:47
2024-01-08 08:21:00,CNC-01,L,297.7168341264536,311.0130182096177,1467.82743336606,42.296860051099856,14.866801437341216,2.169710451822806,11.595302321989424,58.223961854865294,0,2026-08-25 06:31:47
2024-01-08 08:33:00,CNC-03,H,295.72798124196885,310.0916544402433,1614.131887286427,44.44234323729847,137.6146095121491,2.450317166441943,13.548952624309903,63.37834908257866,0,2026-08-25 06:31:47
2024-01-08 21:28:00,CNC-01,L,301.19008417800575,312.3856117240304,2697.680698345028,11.711476744827072,70.727712749882,3.2597801664150827,6.122753717209043,50.48444397659098,1,2026-08-25 06:31:47
2024-01-08 12:17:00,CNC-03,H,296.97223138766975,310.81609159620376,1434.1049647606728,49.34892539689244,30.21095377907722,2.0656521639927985,13.055416314976085,52.327764607882266,0,2026-08-25 06:31:47
2024-01-08 08:14:00,CNC-01,L,297.51512332819954,311.43979484355793,1722.0883752627394,40.62776681866068,4.422543813149527,2.3631355753722136,13.203039756421116,56.4931142259259,0,2026-08-25 06:31:47
2024-01-08 02:32:34,CNC-01,L,298.19047965880463,310.6256808689462,2457.5088844160487,21.52779053674885,4.6428908477853446,3.0229165777858,9.929363858133561,54.49932243791101,0,2026-08-25 06:31:47
2024-01-08 14:21:00,CNC-01,L,299.2698699507758,313.96862785263767,1462.0355594827647,50.59066463642408,144.89031857541548,2.4562675252240647,13.98641089741331,51.60853828136623,0,2026-08-25 06:31:47
2024-01-08 02:58:00,CNC-02,M,297.5414696720492,,2542.581770466924,20.350650868404564,206.99911422266277,3.7105268409446026,9.50852117894184,54.48020949950174,0,2026-08-25 06:31:47
2024-01-08 08:38:00,CNC-02,M,295.6094073878332,309.6545890592925,1817.9983763849082,40.81844170807861,0.0,23.35103399079757,13.983056250361146,60.496577649725054,0,2026-08-25 06:31:47
2024-01-08 19:38:00,CNC-03,H,299.44208315780764,313.6456593266789,2400.929861658199,29.088827403998543,171.52666495629816,3.302693710047459,13.150261282950384,54.50430386178752,0,2026-08-25 06:31:47
2024-01-08 12:53:00,CNC-02,M,297.2412871452175,312.18125741338037,1498.7084626026547,,177.69775403347623,2.65023901341778,13.694616559680872,58.47012703458159,0,2026-08-25 06:31:47
2024-01-08 04:30:00,CNC-02,M,296.6738381966846,310.026285289382,2228.4131173102082,27.360214989391373,99.8825345335245,2.919046564439619,11.49941355079792,61.08160668584964,0,2026-08-25 06:31:47
2024-01-08 11:20:00,CNC-03,H,296.5254933525641,311.5133612651453,1473.5299607024908,52.80344129212403,174.2520903007376,2.5309319472653025,14.815461767760425,58.85557327482322,0,2026-08-25 06:31:47
2024-01-08 22:28:00,CNC-02,M,26.437146990087285,38.20981068758272,2741.024796325152,13.623428750026862,63.87853389673655,32.79635722932854,6.741371948081981,49.73934435196506,0,2026-08-25 06:31:47
2024-01-08 14:08:00,CNC-02,M,297.2228465752629,311.60178837236475,1452.294771609452,48.84179323644307,70.39510538223365,2.179803567132027,13.410327500062486,54.52118883376504,0,2026-08-25 06:31:47
2024-01-08 17:51:00,CNC-03,H,299.23026810523913,313.07678143622917,1982.6802177362026,34.92072424295815,35.095040935224375,2.5597068001886036,12.945186950897751,53.153079241259704,0,2026-08-25 06:31:47
2024-01-08 23:20:00,CNC-01,L,300.5191262706985,313.86285167812605,2707.9305206448043,19.780999059156727,192.56352500459505,3.917170047841221,10.04663610521926,51.02972800221078,0,2026-08-25 06:31:47
2024-01-08 04:04:00,CNC-03,H,296.8341561090811,309.8434650279978,2184.366034616464,27.18040989958181,28.81227055687818,2.762351462013265,11.081074944662388,57.55283978011399,0,2026-08-25 06:31:47
2024-01-08 23:24:00,CNC-03,H,299.62142366522306,311.0588091413231,2668.352768191512,11.805575781587127,150.5542778947405,3.4176542026530687,5.779818204277291,55.968645614153715,1,2026-08-25 06:31:47
2024-01-08 18:27:00,CNC-03,H,299.3017554217289,313.07215794020055,2026.7331989476002,32.20226201032316,82.49616374583518,2.6972279801631682,12.072877272002023,56.15880999590009,0,2026-08-25 06:31:47
2024-01-08 22:03:00,CNC-03,H,26.803565853013936,38.417992952663724,2700.4194233770168,13.282199676805828,63.10594498501677,3.228861241300916,6.5821998057261695,51.638657816505145,0,2026-08-25 06:31:47
2024-01-08 04:03:00,CNC-03,H,296.69845342514157,309.61066921052435,2385.0617045827767,23.303986019292815,27.552943960214495,2.9913886666121248,10.342853488810066,56.69119049643836,0,2026-08-25 06:31:47
2024-01-08 09:44:00,CNC-01,L,297.7851060506991,312.124142000086,1271.773299461973,54.372783860423155,141.30889008033103,2.1295261754722508,12.877788602632245,54.99603227062775,0,2026-08-25 06:31:47
2024-01-08 01:36:00,CNC-01,L,298.33313678815574,311.24973341701514,2630.8407486752967,19.89362748825282,133.26448748364297,3.322152697538359,9.56777216292827,51.36951664166682,0,2026-08-25 06:31:47
2024-01-08 00:30:00,CNC-03,H,298.92271672907356,310.6306172851432,2831.0465562401546,14.376315547941756,40.19367573171042,3.3213563761491076,7.556430126941514,51.605482369513,0,2026-08-25 06:31:47
2024-01-08 20:26:00,CNC-01,L,301.1501692033861,314.25537807075057,2344.5346742858374,25.481018689692085,0.0,2.984583280703786,11.289620554802507,47.86168906878782,0,2026-08-25 06:31:47
2024-01-08 10:29:00,CNC-03,H,296.30264588469726,310.46519545375327,1381.6440271476513,52.01456405878404,93.5033495559428,2.1779410503051326,13.467767725815364,61.2094699823385,0,2026-08-25 06:31:47
2024-01-08 05:20:00,CNC-03,H,302.0044359092245,310.32913452237625,2210.2723974444166,32.86916138845059,123.1150119990332,2.9734892939328663,13.535301623135307,43.48890067452829,0,2026-08-25 06:31:47
2024-01-08 15:28:00,CNC-01,L,299.67021530179727,313.5085389537147,1612.3591184332386,42.40427066935925,25.403453524329436,2.2796831452447512,12.548672906920862,48.94651807913124,0,2026-08-25 06:31:47
2024-01-08 05:54:00,CNC-02,M,296.32466642797664,311.37719849928493,2045.6463163889987,37.14216151832883,207.1319951672577,3.3355665353092507,14.04191215213933,59.07921247553346,0,2026-08-25 06:31:47
2024-01-08 12:29:00,CNC-01,L,298.4422188984542,312.72434622847265,1301.482928254032,53.15632123509416,171.5603361706544,2.5337349574226478,12.94617193609398,57.26459048413508,0,2026-08-25 06:31:47
2024-01-08 14:40:00,CNC-03,H,297.93957705331735,311.86409521117014,1588.3738020080884,45.34682627802069,21.603495880646772,21.76727532825646,13.61580603080908,54.28507090888508,0,2026-08-25 06:31:47
2024-01-08 01:23:00,CNC-02,M,298.65592560929605,311.62827117113835,2604.6254947546945,20.976365461223203,101.31180444664855,3.2400456279181356,10.232940756288398,54.60974759089596,0,2026-08-25 06:31:47
2024-01-08 14:26:00,CNC-02,M,303.23886990360927,312.0487122449096,1546.6816484039368,48.84566834426446,98.3557747403573,2.216686252647468,14.119297052885905,45.838589370574844,0,2026-08-25 06:31:47
2024-01-08 22:49:00,CNC-03,H,26.618217341091622,39.21049137425757,2659.633891276588,18.64684617825671,113.07216706492575,3.296090923017263,9.137946305608093,51.75147362131851,0,2026-08-25 06:31:47
2024-01-08 10:00:00,CNC-01,L,297.3154875733015,312.2233279040645,1539.0872238426186,49.622781015446556,166.0954291998485,2.68729412904886,14.194326786711018,54.1800105644592,0,2026-08-25 06:31:47
2024-01-08 22:23:00,CNC-03,H,26.860157399560194,39.210949600845424,2668.129758239596,17.754335026510425,84.98716274552982,3.2994921828234367,8.66574093654341,49.329265289280315,0,2026-08-25 06:31:47
2024-01-08 16:52:00,CNC-01,L,300.3078652320002,315.08952818882716,1846.2369249923952,39.99780441266817,147.63322436378616,2.828598696234903,13.87149334823608,49.911023635020264,0,2026-08-25 06:31:47
2024-01-08 11:49:00,CNC-01,L,297.96770955368646,312.09258988286336,1427.5886119508157,49.13875860091868,108.08843637566076,2.1759788683376238,13.256134242016234,53.01656724316838,0,2026-08-25 06:31:47
2024-01-08 03:25:00,CNC-01,L,297.54428913584326,311.10411363786017,2470.9240998246664,25.4127067091646,64.98697556741274,2.9668228774042826,11.802093119760887,53.45075208819967,0,2026-08-25 06:31:47
2024-01-08 22:14:00,CNC-02,M,26.153838275181442,38.673208279565586,2782.4365229941395,16.204701920186572,48.67009234618806,,8.631406835072125,54.94168598057128,0,2026-08-25 06:31:47
2024-01-08 17:21:55,CNC-01,L,300.5525921440834,315.4513237795888,1887.9080334756154,38.76377592903284,187.41453907060503,3.085394348388156,13.781438653406891,54.00844134762773,0,2026-08-25 06:31:47
2024-01-08 16:11:00,CNC-01,L,300.373016171774,314.75143150503624,1716.9465214686736,43.58045446258272,88.83624146284109,2.4863397406880323,13.917609622980851,47.67845691759938,0,2026-08-25 06:31:47
2024-01-08 11:36:00,CNC-01,L,298.2650283885487,312.54001941279637,1404.266503069297,51.47421280220703,87.3500052008224,2.176871117928963,13.809222147076541,52.5153416031676,0,2026-08-25 06:31:47
2024-01-08 00:08:00,CNC-03,H,299.10398989449374,310.0798425597195,2810.838805211771,10.692931133819167,16.69804914700366,3.364184056686119,5.699821501335908,51.28761951696579,1,2026-08-25 06:31:47
2024-01-08 03:32:00,CNC-03,H,297.38101977789887,312.02335611583385,2475.7628009220944,27.64894820339669,241.51184071372907,3.8377997756362436,12.627949036284248,56.983279123916205,0,2026-08-25 06:31:47
2024-01-08 14:50:00,CNC-01,L,299.4235101951156,314.1501436901103,1557.9303914953155,45.590970257438286,189.1349541599453,2.8126962724972535,13.171504783377282,48.00970545838191,0,2026-08-25 06:31:47
2024-01-08 17:26:00,CNC-01,L,300.8673382888508,315.4397106692805,1824.0894504349567,39.89033126451484,194.3379614711573,3.1508027469911535,13.738003102635552,47.37339571524183,0,2026-08-25 06:31:47
2024-01-08 18:21:00,CNC-02,M,299.6782271173081,313.4020527490768,52945.68818345922,31.23272721074499,10.506470209645538,2.671907230409874,12.007228320642884,51.958752834497446,0,2026-08-25 06:31:47
2024-01-08 05:55:00,CNC-02,M,296.35412597715987,311.30763693293284,1879.2772990383705,39.56045768720976,,3.2718753061660517,13.83765985314129,58.38839756965949,0,2026-08-25 06:31:47
2024-01-08 08:10:00,CNC-03,H,295.86186766556796,310.1012063350232,1634.3329096852322,42.782408198086465,103.46853511748695,2.446149289332064,12.9887797393998,55.291011968421394,0,2026-08-25 06:31:47
2024-01-08 17:41:00,CNC-02,M,299.0476362694037,314.09264108870514,1987.1277115940356,38.137459054649774,169.30026180809367,2.8867626313803263,14.147840117596571,50.53861322879523,0,2026-08-25 06:31:47
2024-01-08 16:15:00,CNC-03,H,298.7207807586832,313.65256381587443,1804.7839045774913,42.939429205563385,163.96177928701727,2.6901904678259148,14.37172358323364,52.03326716840215,0,2026-08-25 06:31:47
2024-01-08 06:46:00,CNC-01,L,24.456287312796007,38.62873838066349,1686.7035609614513,42.299106082239035,115.05230141729913,2.505460160635231,13.55783607401675,56.696629858419136,0,2026-08-25 06:31:47
2024-01-08 05:02:00,CNC-02,M,296.34740830134916,310.64792014131416,2172.101502445617,31.606214517220582,139.64310525592782,2.9102960614055338,12.827749164428862,58.909833393210064,0,2026-08-25 06:31:47
2024-01-08 20:08:50,CNC-03,H,299.87671942454887,313.9643348670243,2376.848581690109,26.85508420550988,209.88404360248933,3.5000368448074726,11.867737684096406,54.342910155453545,0,2026-08-25 06:31:47
2024-01-08 17:32:00,CNC-02,M,299.2333280096125,313.87602166618916,1971.5114650599528,35.9928847233045,156.99362369249513,2.8495131545696153,13.177225073626772,56.18590236227702,0,2026-08-25 06:31:47
2024-01-08 13:07:00,CNC-01,L,298.72098490030675,312.5486551523907,1370.7989772873375,50.71989539703961,28.508962175872448,1.9681555109437316,12.999693456595823,54.299638116938944,0,2026-08-25 06:31:47
2024-01-08 18:49:00,CNC-03,H,299.64971360851996,313.34574329866996,2216.3196373668175,28.777055053521853,110.54162925767153,2.859480269267147,12.0322007987782,53.89799108623914,0,2026-08-25 06:31:47
2024-01-08 19:39:00,CNC-01,L,301.04300349820585,314.8027989939266,2169.9217866589847,28.238057441562283,162.50204789860575,3.2200062801470315,11.620645891847452,45.77755037801608,0,2026-08-25 06:31:47
2024-01-08 22:30:00,CNC-02,M,26.40899313414934,39.10574543776204,2600.1566676534567,18.22200389952037,66.02550289268163,3.2293501846447263,8.698742313060004,54.37613115672818,0,2026-08-25 06:31:47
2024-01-08 21:10:00,CNC-01,L,301.08754115245983,313.94619617995346,2518.432989036046,21.643921892500867,50.72449952991453,3.144202469504108,10.289104145610862,53.994343317889324,0,2026-08-25 06:31:47
2024-01-08 07:55:00,CNC-01,L,297.504540935945,312.09719752973604,1755.0282806034352,39.991851583045474,213.1417763407037,33.14239426403205,13.014976887555216,53.894332871048846,0,2026-08-25 06:31:47
2024-01-08 17:03:00,CNC-03,H,298.5420382093333,313.5803387272704,1870.6647046360383,38.930310085769264,232.05991228114453,3.293996573416495,13.73938846633288,55.36135337833082,0,2026-08-25 06:31:47
2024-01-08 11:29:00,CNC-02,M,296.82185344999476,311.0152891344915,1387.4222543959902,51.64321256252683,44.506820955951426,2.173437450231189,13.319647816201067,61.77140900002587,0,2026-08-25 06:31:47
2024-01-08 20:42:00,CNC-01,L,301.129162091759,312.8255286132457,2396.0753272718493,17.51118332673741,18.629129317089898,3.0401066532170518,7.912708737869372,51.03192596852892,0,2026-08-25 06:31:47
2024-01-08 05:42:00,CNC-02,M,296.6469793290987,311.2090211133995,2300.026581196399,30.556543839637772,191.218772623134,3.3599519588359708,13.294992385038778,61.25830419320013,0,2026-08-25 06:31:47
2024-01-08 08:31:00,CNC-01,L,297.3453278837604,311.04026731304316,1725.854899729407,40.16107635297942,29.77617556087002,2.3648315317862716,13.018837549621294,53.55812561214182,0,2026-08-25 06:31:47
2024-01-08 02:19:10,CNC-03,H,297.8200073158224,310.65580117215757,2607.806454736413,18.913851730584657,158.46111708381207,3.37019577762843,9.247036896404145,57.38267003758089,0,2026-08-25 06:31:47
2024-01-08 12:20:00,CNC-03,H,296.70554649895683,310.5697961362998,1391.559324338898,50.301334316300306,34.96355440473037,2.000113015108706,13.312665561438084,53.629338957013914,0,2026-08-25 06:31:47
2024-01-08 08:08:00,CNC-02,M,295.63588570096437,310.44451690354924,1763.0968281532241,42.19943431049963,160.34632874573472,2.739469727980409,13.863035962528867,57.17117325654604,0,2026-08-25 06:31:47
2024-01-08 23:05:00,CNC-02,M,299.1749916991967,311.93035945474645,2537.1196883978982,18.735955893240916,103.6436222795906,3.0556165133624194,8.943953626599264,54.716857517683394,0,2026-08-25 06:31:47
2024-01-08 17:57:00,CNC-02,M,299.61424531742745,314.614943113163,1940.9475215554182,38.237218883653405,190.80465468507012,3.1639128046546934,13.999737562861398,57.14655548519259,0,2026-08-25 06:31:47
2024-01-08 22:51:00,CNC-03,H,26.77904948761858,39.7764221141133,2565.510870801677,20.99644198422183,115.2427443688303,3.2276335627105586,9.972751156039058,,0,2026-08-25 06:31:47
2024-01-08 23:00:00,CNC-03,H,299.7851182507708,312.39764401655896,2766.8531650741197,17.04925254723283,124.84685456557277,3.418650140120636,8.83002060512621,50.46732036714457,0,2026-08-25 06:31:47
2024-01-08 17:18:00,CNC-03,H,298.48102348084905,313.65839564807885,1876.8390856378783,39.04327983430347,252.73649044445565,3.4837202023078033,13.81898097270051,54.971010375579176,0,2026-08-25 06:31:47
2024-01-08 02:01:00,CNC-02,M,298.1658118841877,311.7404839634606,2685.7603677783045,22.022443175812484,142.82580715155544,3.4234362359273276,10.990173340558957,47.66654113222593,0,2026-08-25 06:31:47
2024-01-08 10:58:00,CNC-03,H,296.62586617541746,311.6569452922685,1392.058041141176,55.2686092493469,139.31563856408525,2.2405980677218094,14.306482231189007,54.67316296822375,0,2026-08-25 06:31:47
2024-01-08 06:38:00,CNC-02,M,22.838150900236087,36.76200944259591,1953.782767074722,35.70359268499975,32.5360400774725,24.21391742189054,13.070000623272264,54.79997679938812,0,2026-08-25 06:31:47
2024-01-08 07:54:00,CNC-02,M,295.96966482239606,310.97129937728647,1950.4725494946226,38.70168070280029,139.87979715920045,2.755609027504727,14.031518131888577,58.636953249378806,0,2026-08-25 06:31:47
2024-01-08 14:37:00,CNC-02,M,303.1463509325608,311.3771401221154,1320.260882142881,52.031696656113745,115.48352880848155,2.033402822277719,13.021468540723236,48.78274339228256,1,2026-08-25 06:31:47
2024-01-08 11:37:00,CNC-03,H,296.8176693174967,312.2791705164947,1398.54610156407,58.03679737897683,201.19031250058003,2.582521217655227,15.08571253275378,58.59818056206093,0,2026-08-25 06:31:47
2024-01-08 01:54:00,CNC-02,M,297.8003591715594,311.32700265479843,2449.166199997661,24.269124921255962,135.13915283951297,3.1301302241605455,11.32261738567095,56.53680873340417,0,2026-08-25 06:31:47
2024-01-08 23:36:00,CNC-01,L,300.46340098864107,313.8385816999105,2677.5047279860196,20.080682493529366,209.63557505863432,4.101597181567625,9.937733162555814,48.712764759950865,0,2026-08-25 06:31:47
2024-01-08 05:47:00,CNC-01,L,297.6707918297202,311.11591778872224,2061.284082524772,32.34917491895861,35.10384591152787,2.717393771745872,12.621726424884875,57.66561603259659,0,2026-08-25 06:31:47
2024-01-08 06:01:00,CNC-03,H,28.671935066836056,37.51550567960476,1960.477146121187,37.92024017797459,176.62019058784804,2.9887748749331746,13.859775130489593,44.98555867822201,0,2026-08-25 06:31:47
2024-01-08 02:01:00,CNC-03,H,298.0559534333078,310.5397190939997,2860.727114248531,15.721201323916391,138.75338853560766,3.584228842249867,8.395066449712516,52.15927736718318,0,2026-08-25 06:31:47
2024-01-08 16:02:00,CNC-02,M,298.3918673401872,312.6411796298486,1700.7005689590753,42.48593587448555,29.625830002980774,2.4340036832339704,13.526158211285964,50.27351406830852,0,2026-08-25 06:31:47
2024-01-08 21:20:00,CNC-03,H,300.1190916681147,311.6069478533393,2621.9329553796647,14.488162550442873,15.61913915718447,3.211390844200057,6.988765546203014,49.51211999062944,0,2026-08-25 06:31:47
2024-01-08 10:22:00,CNC-03,H,296.34862484536137,310.32481918330296,1453.2270326747835,47.623563655852855,82.4767053783054,21.064455391047638,12.86520632408184,59.89037062867052,0,2026-08-25 06:31:47
2024-01-08 12:57:00,CNC-03,H,297.07293394155454,311.8803233354105,1475.7229669980484,52.65815907900535,93.77761540589259,2.287797986667738,14.58188659645,57.55426352967936,0,2026-08-25 06:31:47
2024-01-08 13:21:00,CNC-02,M,297.0500086386936,312.502983221878,1480.1648253349542,53.67730827577023,221.9281539369302,3.042198543335286,14.949421068372361,58.765369887126774,0,2026-08-25 06:31:47
2024-01-08 16:08:00,CNC-02,M,298.30298980756777,312.2290975972505,,37.67043386679694,38.24450665183404,2.6125004738350315,12.8260288723398,52.255545847874764,0,2026-08-25 06:31:47
2024-01-08 17:07:00,CNC-03,H,298.59066462522617,314.05952764917924,1998.1740650734532,40.001338806389334,237.4983846767931,3.483238195931275,,48.43554002943228,0,2026-08-25 06:31:47
2024-01-08 19:24:00,CNC-02,M,299.71442164528156,312.97812306068573,2408.6623703624573,23.684574193705178,90.57439613731898,2.9996970959620204,10.580510582095455,52.351757206220036,0,2026-08-25 06:31:47
2024-01-08 05:49:00,CNC-01,L,297.6844726383184,310.8827611423749,2112.2821310178697,29.02807278689746,37.680590913011656,2.7624748074978993,11.292164365325458,50.99767633344308,0,2026-08-25 06:31:47
2024-01-08 04:26:00,CNC-01,L,297.6909059077475,312.0282498227772,2398.2935346867125,29.0508191017367,137.81433922021043,3.3146926407150277,12.862629564218759,56.43213911035731,0,2026-08-25 06:31:47
2024-01-08 18:27:00,CNC-01,L,306.90109440290627,314.5608568430902,2113.885395191868,29.231194468357693,71.63407064871028,2.691517659218487,11.634468022353548,40.609726680689235,0,2026-08-25 06:31:47
2024-01-08 17:13:00,CNC-01,L,300.7395461790132,315.92566427830775,1941.284679621639,39.9527285929516,176.55097690341262,3.090287674505997,14.67313543758987,51.05857794992741,0,2026-08-25 06:31:47
2024-01-08 14:20:00,CNC-03,H,297.5535797931295,312.5023501101056,1568.0171657979583,47.181845661311165,223.7301170837294,2.916422963566328,13.992956799326546,57.53457124687038,0,2026-08-25 06:31:47
2024-01-08 16:51:00,CNC-02,M,298.6994540244859,313.33560960963155,1711.262513808783,42.83555163768629,99.99979683360476,2.322149942052975,13.642332762451707,54.89655337971662,0,2026-08-25 06:31:47
2024-01-08 14:12:00,CNC-01,L,299.2216661513823,313.99216332166816,1620.4017125688658,47.6139209124394,131.0327467232059,2.4702411253414507,14.42340859973994,52.06161886569993,0,2026-08-25 06:31:47
2024-01-08 16:28:00,CNC-02,M,298.61323358053477,312.5096147294286,1826.176733210023,35.94469755603538,67.09978354300978,2.43465408925548,12.255494760154498,51.21258471667919,0,2026-08-25 06:31:47
2024-01-08 22:00:00,CNC-02,M,26.289171515491546,39.330128030780486,2553.7146820385105,21.184338600014428,33.4093052563138,3.055576151793497,10.382735978033805,56.36948215529184,0,2026-08-25 06:31:47
2024-01-08 02:07:00,CNC-03,H,297.8766692251335,310.1486543511646,2745.1547289455957,15.886770601229154,145.2495811346004,3.3661848095562434,8.127833790176743,53.017404991117786,0,2026-08-25 06:31:47
2024-01-08 05:32:00,CNC-01,L,297.52255195157096,311.2010558511234,1993.8491997022763,34.3014460509492,15.462796327842934,2.5481809962777384,12.714687753081206,52.19731932609293,0,2026-08-25 06:31:47
2024-01-08 12:53:00,CNC-03,H,296.9680689792178,311.2321105843684,1346.6500627265104,52.112138130284514,87.41024617797234,2.0935246769113687,13.054575942817545,57.50272840264073,0,2026-08-25 06:31:47
2024-01-08 18:58:00,CNC-03,H,299.708253853914,312.87233577140205,2287.9497196316725,24.618374338753604,122.0988046532245,2.930269286641423,10.655024063010256,49.751135613701436,0,2026-08-25 06:31:47
2024-01-08 06:49:00,CNC-03,H,23.175593662743836,38.29650847587885,1945.978082865661,39.18169193700488,242.20135179350277,3.509709532259763,14.17703363548373,60.3663825117938,0,2026-08-25 06:31:47
2024-01-08 18:16:00,CNC-02,M,299.55922632238855,312.83939626225083,2123.2841914628657,29.930826959697757,3.9283187635151076,2.6107387891750498,12.108423725757158,51.71136224442294,0,2026-08-25 06:31:47
2024-01-08 04:22:49,CNC-02,M,296.81063124112177,309.74356676598063,2304.510150786763,22.841641911398302,91.20937801736082,2.9141351213742377,9.658062258456106,57.866924209716665,0,2026-08-25 06:31:47
2024-01-08 21:29:00,CNC-02,M,299.5591590965511,314.24410191122666,2500.652434457234,25.583835915235905,236.73707623288254,4.1938993453907765,11.76408375551635,51.528109996715706,0,2026-08-25 06:31:47
2024-01-08 21:42:00,CNC-02,M,299.6909134123228,310.96301840139824,2678.8877094994323,12.968733399824671,13.594949307456538,3.2787124408918897,0.0,,0,2026-08-25 06:31:47
2024-01-08 19:54:00,CNC-03,H,299.5184641981438,314.0528766017053,2338.2559252093893,29.56893505181294,190.80358829899265,3.251366664451385,12.879353247918012,48.784538001306615,0,2026-08-25 06:31:47
2024-01-08 16:42:00,CNC-02,M,298.4738460170713,312.86436464993295,1875.4695624642588,38.35914691049375,87.08923346683153,2.5837615969142114,13.515741097479562,52.109480653831135,0,2026-08-25 06:31:47
2024-01-08 00:51:00,CNC-01,L,298.4874067393989,310.7520280555785,2726.4772796387583,15.4348492861944,,3.3011388392552306,7.8027902862511915,54.23609256126262,0,2026-08-25 06:31:47
2024-01-08 02:24:00,CNC-03,H,297.7081734682071,310.6057043430884,2682.63164386887,17.832615557572666,164.0152743072906,3.5529791064165543,8.893635299026661,59.662241452765855,0,2026-08-25 06:31:47
2024-01-08 14:24:00,CNC-03,H,297.78586677069205,312.88936345811857,1582.861277687318,48.24667144585173,229.9082783394291,3.030804926297428,14.287535033887224,50.49527003164386,0,2026-08-25 06:31:47
2024-01-08 17:02:00,CNC-01,L,300.44102722130265,315.38367554744883,1774.4526234914774,43.05712689368316,161.5923954721063,2.6473042359197696,14.039276936405168,51.103710231952334,0,2026-08-25 06:31:47
2024-01-08 06:06:00,CNC-02,M,23.26623486854436,38.12684947774062,2190.0877500317633,33.067211370208035,223.06756480889987,3.6979701374901173,13.480728883421355,58.838255128226145,0,2026-08-25 06:31:47
2024-01-08 18:00:00,CNC-03,H,299.29291331554657,312.9068604894435,1907.5851384640716,33.502953180761,47.19640928737662,2.477933907724703,12.024706406877067,49.457274676707556,0,2026-08-25 06:31:47
2024-01-08 08:55:00,CNC-03,H,296.4967783483672,310.8469815736163,1376.2080494390805,49.94312922712525,170.74574331050985,2.3946172578277514,12.664015300700438,57.77098158594833,0,2026-08-25 06:31:47
2024-01-08 10:47:00,CNC-03,H,296.58699233078477,310.9734702786877,1398.611623152101,50.84257332230605,121.80436320966318,2.168798472386925,13.00612542861975,60.54279791437725,0,2026-08-25 06:31:47
2024-01-08 22:03:00,CNC-01,L,27.687018586887575,40.49734200375576,2622.453245473306,19.868252968484683,109.54417641411328,3.411492652867089,9.516778826779102,46.69621987725054,0,2026-08-25 06:31:47
2024-01-08 17:17:00,CNC-02,M,299.1994382684,314.2669064533239,1819.2698586337765,41.01016875364456,136.48110806669118,2.6686764101661,13.916508465272136,54.13936619373926,0,2026-08-25 06:31:47
2024-01-08 01:23:00,CNC-03,H,298.25684271848894,,2716.997443256302,16.12054473528892,97.08316705018981,3.2091581691732816,8.191635473334607,51.2877830404959,0,2026-08-25 06:31:47
2024-01-08 16:25:00,CNC-02,M,298.27380460047107,312.53231889880067,1627.7018863477517,43.308833518990376,62.85247544909743,2.1847803499762333,13.40726678467138,53.336471249756684,0,2026-08-25 06:31:47
2024-01-08 18:05:00,CNC-02,M,299.350109408524,314.0645312507117,2040.7255805160141,32.91419304713943,201.33512941231842,3.3776990533082327,12.797515955446752,53.45710821089123,0,2026-08-25 06:31:47
2024-01-08 00:07:00,CNC-01,L,299.0175784804735,310.8665942666033,2757.98673307948,15.472641025423302,38.65795740339727,3.246861292518296,7.981976856206924,52.98890264713474,0,2026-08-25 06:31:47
2024-01-08 14:22:00,CNC-01,L,299.4308544927389,313.82285106380067,1407.699890897328,49.13878114315437,146.4460590763365,2.5080645274881017,12.967409113550769,57.5274281167498,0,2026-08-25 06:31:47
2024-01-08 12:35:00,CNC-03,H,0.0,310.41993424900136,1292.3397728626921,48.553700818261284,58.85638723304769,1.9971356819798414,11.735063056324641,60.53105759803161,0,2026-08-25 06:31:47
2024-01-08 07:06:00,CNC-02,M,22.751480529432627,36.732556791928005,1735.738812502406,41.300809342264756,71.43636667008283,2.3427293705057814,13.448678309894035,59.144822383489156,0,2026-08-25 06:31:47
2024-01-08 17:33:00,CNC-02,M,299.2535622942384,314.19412604829023,1970.0360517920117,37.85459271897914,158.37228727856598,2.8848651401563603,13.781959511280142,56.08041427610864,0,2026-08-25 06:31:47
2024-01-08 16:25:00,CNC-01,L,300.2185879761748,314.23665925671406,1844.4448785033812,36.43793361967923,109.02842136666071,2.445138298619427,12.76543915604338,51.476637471229374,0,2026-08-25 06:31:47
2024-01-08 04:28:00,CNC-02,M,296.7200129215248,310.26915124521673,2245.75839170772,28.530930309606717,97.38162324022478,2.9323405076613938,12.025959627304633,58.379690126221895,0,2026-08-25 06:31:47
2024-01-08 07:56:00,CNC-03,H,295.92545672757825,310.43961669638605,1897.1372817998417,38.82075729223448,83.07477922076104,2.476813888925476,13.964233381242321,59.6497610416843,0,2026-08-25 06:31:47
2024-01-08 12:42:00,CNC-01,L,298.58286731053647,313.55895941440923,1352.4997267780861,54.40407842394564,192.22948636957346,2.780796258032768,13.678829902621285,55.27780324799106,0,2026-08-25 06:31:47
2024-01-08 19:52:00,CNC-03,H,299.7561994209577,313.7998681206896,2342.1814624599215,27.822377105534937,188.38360694607763,3.3390237974701975,12.046138301012158,49.44765176834336,0,2026-08-25 06:31:47
2024-01-08 15:07:00,CNC-01,L,299.7686836153384,315.14097992384535,1460.8597869042253,53.79241629246232,214.9295664648036,3.0830510606973145,14.63627583309219,50.70262472602682,1,2026-08-25 06:31:47
2024-01-08 20:19:00,CNC-02,M,300.08761691095305,314.1719538788467,2302.822213152806,27.177412270232875,156.6849539843412,3.136779462566754,11.67613013797222,53.414170377683085,0,2026-08-25 06:31:47
2024-01-08 11:47:00,CNC-01,L,298.25522697690786,312.5745932542837,1403.6284279869894,50.957090092646254,104.92180468845123,2.2111800699341053,13.505629196384405,54.1896687613339,0,2026-08-25 06:31:47
2024-01-08 18:24:00,CNC-01,L,301.20979810209667,315.2109129582671,2121.9211809521444,32.839258262924666,67.7599762470397,2.8511195092911588,13.214393942890206,48.696591410681194,0,2026-08-25 06:31:47
2024-01-08 20:55:00,CNC-01,L,301.08694317871783,314.29097223355404,2432.383501948458,24.932611509495242,33.73160372982683,2.811764820971458,11.621253896515636,46.62928590668445,0,2026-08-25 06:31:47
2024-01-08 22:31:00,CNC-03,H,26.727629699510203,38.64070365353717,2717.3680050301487,14.585361496706136,93.52003837647578,3.3174176327798337,7.338885964175456,52.3335901459702,0,2026-08-25 06:31:47
2024-01-08 00:44:00,CNC-02,M,298.9177559961206,311.36156143172,2700.058930780027,17.236574718026056,59.63718912087142,3.237290102865225,8.732935426321932,54.376072676390244,0,2026-08-25 06:31:47
2024-01-08 22:36:00,CNC-02,M,26.44997363709814,38.811800257546395,2665.781126620125,16.544830752245627,72.41303949022054,3.3609728385069886,8.178409644106527,49.52421579611688,0,2026-08-25 06:31:47
2024-01-08 00:45:00,CNC-01,L,298.7443974279621,311.00356558540517,,15.918724516311809,78.90394334380585,3.3746296883268756,8.320181759528563,51.29315737575252,0,2026-08-25 06:31:47
2024-01-08 21:09:00,CNC-03,H,300.0534846269451,311.3874965938723,2600.2858106357535,14.255368506737176,,3.3182935189429443,6.844394039121901,50.57656831052945,0,2026-08-25 06:31:47
2024-01-08 07:57:00,CNC-02,M,295.78986167102056,310.0404696497929,1624.7888892544727,43.521589359133365,144.2806005414692,2.456109550667332,13.429255887144723,57.98953940579253,0,2026-08-25 06:31:47
2024-01-08 07:36:00,CNC-02,M,295.7876597653592,310.48393587242816,1909.4503753164863,38.78604963092585,113.998379723578,2.6545626244295857,13.553395063205196,58.283231526897005,0,2026-08-25 06:31:47
2024-01-08 12:51:00,CNC-03,H,297.00641079832326,310.9452268585084,1465.5358930418147,47.0229224596359,84.26758812291213,,12.81040555805868,55.13082667479389,0,2026-08-25 06:31:47
2024-01-08 16:03:00,CNC-03,H,298.6190182741045,313.5273950955567,1657.723585113272,47.50591925644997,146.5552141659868,,14.708950205251288,54.78444082304811,0,2026-08-25 06:31:47
2024-01-08 17:56:00,CNC-03,H,299.0622679917758,312.7152698496573,2060.2011954790305,32.32858517917661,41.849719467024805,2.642871260575878,12.622822992166185,54.584093813872045,0,2026-08-25 06:31:47
2024-01-08 06:49:00,CNC-02,M,23.035943271096414,37.42333098175283,1773.702862182869,42.81295785876277,47.754403831859506,2.4507253551746917,13.959208512029058,56.138148821516374,0,2026-08-25 06:31:47
2024-01-08 12:57:00,CNC-01,L,298.35126236275283,312.1802429540659,1408.6065915236875,49.437768283847745,12.577096150000084,2.0776572662446573,12.764532366527124,56.779810041385495,0,2026-08-25 06:31:47
2024-01-08 03:13:00,CNC-02,M,297.58254946264344,310.137918171245,2466.3956908212153,20.694165689258018,8.142363328233298,2.9802269301590067,9.67419526621096,53.95834939227277,0,2026-08-25 06:31:47
2024-01-08 08:09:00,CNC-01,L,297.58904854925515,312.9831477375278,1729.0573905821,44.54588775228207,233.83417319876304,3.679316045297462,14.25897069971473,58.230351619950724,0,2026-08-25 06:31:47
2024-01-08 14:42:00,CNC-01,L,299.58754196622556,314.5333659792097,1587.8741564001507,48.73231659222465,177.11194578834957,2.74956148581348,14.4176231892012,52.554171890509345,0,2026-08-25 06:31:47
2024-01-08 19:31:35,CNC-01,L,301.4353853130724,315.5165482486333,2284.1794205981637,28.270175407201084,153.80003523454278,3.2100466577976596,12.193011745286402,49.50239701286775,0,2026-08-25 06:31:47
2024-01-08 12:23:00,CNC-02,M,296.55552849559837,310.8683838663447,1314.0120181371992,53.93717010834674,130.2324190591729,2.1553344325741546,13.27958874329583,57.68278835915007,0,2026-08-25 06:31:47
2024-01-08 15:08:07,CNC-03,H,297.8384610431035,312.0087536636788,1524.5492713911115,47.050868199096435,64.83757548748282,2.271268135991553,13.425385644873888,54.73735105078322,0,2026-08-25 06:31:47
2024-01-08 11:54:00,CNC-02,M,296.68612452340557,310.59566675011996,1351.9394889870184,49.99513821344164,84.20274929941381,2.0773085676974836,12.736026343010668,55.11522527470804,0,2026-08-25 06:31:47
2024-01-08 15:03:00,CNC-03,H,297.85580374756506,312.1699572589243,1506.0952854494708,1256.4160549656096,57.21584951337376,2.130381566851182,14.048276063754303,53.21243381692109,0,2026-08-25 06:31:47
2024-01-08 23:39:00,CNC-02,M,299.09417448477336,312.0833255102382,2791.8741508110047,16.78136099820149,139.8027630621912,3.476252245578874,9.099324502604896,55.16534065761543,0,2026-08-25 06:31:47
2024-01-08 18:38:00,CNC-01,L,306.7681218007844,314.66281852612263,2105.201395541674,32.66097040320952,85.83956883514547,2.8018431803441426,12.798649807162732,41.205823526217564,0,2026-08-25 06:31:47
2024-01-08 10:12:04,CNC-01,L,297.5210763397033,312.3712513789145,1361.6670036764222,53.31670989122328,184.8465395404255,2.5643782449524632,13.252801915654919,59.36045357019497,0,2026-08-25 06:31:47
2024-01-08 05:27:00,CNC-01,L,297.65872216256895,310.6731998225277,2105.8713358196314,28.71056080740007,9.006110657545188,2.6898942242438806,11.471393000514514,55.76844505382623,0,2026-08-25 06:31:47
2024-01-08 23:54:00,CNC-03,H,299.4327165295795,311.6935449161294,2728.9428078270676,14.800868413718952,182.32267296694545,3.6628153653659035,7.613943328723764,51.02886614202736,0,2026-08-25 06:31:47
2024-01-08 23:09:00,CNC-02,M,299.1988038160703,311.64786857591474,2650.89526976131,16.31423643792712,107.98662262487116,3.326950578904788,7.9924606315401014,55.1080729732473,0,2026-08-25 06:31:47
2024-01-08 01:58:00,CNC-02,M,297.97786740258414,310.31190085390904,2733.1074935826014,15.618952339395495,139.47055899770737,3.568227021821634,7.959508846992659,55.57169911334993,0,2026-08-25 06:31:47
2024-01-08 12:34:00,CNC-01,L,298.3042278352476,312.51033140486294,1407.344750695388,49.64387476496623,179.46238400770343,2.6656797744688907,13.078357196245706,54.21167451498621,0,2026-08-25 06:31:47
2024-01-08 20:52:00,CNC-03,H,300.21925821500537,314.5823777479127,2596.027615816977,24.5560669785361,,4.272549470233958,11.859831568610984,53.20105688196574,0,2026-08-25 06:31:47
2024-01-08 18:17:00,CNC-03,H,299.2699727628416,312.65763603655597,2072.8427686769255,31.064622827047998,69.59876698971763,2.678247316593608,12.23422395383528,56.713351584429546,0,2026-08-25 06:31:47
2024-01-08 05:58:00,CNC-03,H,301.9002436205005,310.49154024776016,2185.1614348287976,33.09858456158825,172.60635771726552,3.2201939741272256,13.43806857869516,45.076116669208055,0,2026-08-25 06:31:47
2024-01-08 09:37:57,CNC-03,H,296.1941105828106,309.4439963148273,1403.398532635159,46.31323413408133,13.943172257431469,2.068122927789002,12.195675116687672,54.69522316291604,0,2026-08-25 06:31:47
2024-01-08 16:33:57,CNC-03,H,298.6043381615348,313.2061561771305,1766.5624966800872,41.082690715219506,189.67244110339686,2.830719257761195,13.597336426808118,52.133689884783664,0,2026-08-25 06:31:47
2024-01-08 01:26:00,CNC-02,M,298.6368304185272,311.4493118425998,2697.5165929584123,18.26572630335811,104.53413799093214,3.291948695726389,9.418821477574012,57.61680310522847,0,2026-08-25 06:31:47
2024-01-08 18:09:00,CNC-02,M,299.6390327281013,314.6651664707764,1962.344426996172,37.565690642953165,206.62294622933146,3.259124285478128,14.08949216402848,53.11855068342408,0,2026-08-25 06:31:47
2024-01-08 05:18:00,CNC-01,L,297.7011932671483,311.9761036905308,1964.1817645689428,33.196699585229794,202.86886192546882,3.3440798258165705,12.271375439173694,55.589091336695624,0,2026-08-25 06:31:47
2024-01-08 13:06:00,CNC-02,M,297.10935092024437,311.9432747791568,1375.349346063782,52.819106181798674,198.3270900276124,2.4887092367965176,13.822934706107974,54.03116941283306,0,2026-08-25 06:31:47
2024-01-08 00:42:00,CNC-02,M,298.7638735907045,310.8628564232892,2664.26033672688,16.351248760082214,57.46623440875132,3.166082471884014,8.321486290216733,58.38026582790741,0,2026-08-25 06:31:47
2024-01-08 14:21:00,CNC-02,M,297.68669301097253,0.0,1521.3982395990536,47.649372791984135,90.65945048390574,22.310869058318573,13.52413823991998,56.731691149198696,0,2026-08-25 06:31:47
2024-01-08 11:05:00,CNC-02,M,296.2123958862586,310.4958497515591,1408.5198110808271,52.31866817120317,6.371553090299632,2.07686429652364,13.789651529586301,57.89387776719279,0,2026-08-25 06:31:47
2024-01-08 00:51:00,CNC-02,M,298.85817546663753,310.5174335359062,2666.089954696223,14.714973347719326,67.05723394382399,3.2488719582050325,7.401027851460105,53.07853929962787,0,2026-08-25 06:31:47
2024-01-08 14:54:00,CNC-01,L,299.7869197591756,314.8670244096073,1746.20049010801,44.2977164881971,195.1563004872815,3.095589078533336,14.415672961021773,52.070836163762074,0,2026-08-25 06:31:47
2024-01-08 08:13:00,CNC-02,M,295.75020260203337,310.81804855227,1643.0484615827568,47.41195754155882,167.7067539264868,2.6347459053774145,14.88336153486506,59.69400368984731,0,2026-08-25 06:31:47
2024-01-08 14:51:00,CNC-02,M,303.4806891796028,312.3103885673759,1544.6549578069294,49.69836147294909,137.06121552906137,2.3774877822501472,14.18276724737952,44.5191442066812,0,2026-08-25 06:31:47
2024-01-08 02:28:00,CNC-03,H,297.5950665432912,310.2793278392053,2534.8519775879636,18.932957676177363,168.4043472159266,3.4040279767262263,8.930315833500414,0.0,0,2026-08-25 06:31:47
2024-01-08 03:22:00,CNC-02,M,297.2216866715414,309.59180184244536,2423.338404995819,19.56314122755885,18.483986126811462,2.8892500271698363,8.819485519557379,54.212497032712996,0,2026-08-25 06:31:47
2024-01-08 11:35:00,CNC-02,M,296.56371636357835,310.63468684670426,1389.817448199679,50.674172136014995,53.979008414218015,19.92607371457319,13.02554949930792,59.54772285590976,0,2026-08-25 06:31:47
2024-01-08 20:22:00,CNC-02,M,299.69769836024255,313.9125591506936,2318.011995821364,28.10787731062674,160.2170296338916,3.220855402675352,12.117669234879537,49.84714327912881,0,2026-08-25 06:31:47
2024-01-08 22:00:00,CNC-01,L,27.922221480667986,40.33006995717801,2819.1863179915686,16.577719528352965,106.32472341222729,3.383235640033449,8.920878882715394,50.8888851332263,0,2026-08-25 06:31:47
2024-01-08 16:11:00,CNC-02,M,298.1806451447523,312.1323204873553,1763.556477201164,39.33622431901938,42.67452965669975,2.4383761420256156,12.991490887352791,50.93477120955987,0,2026-08-25 06:31:47
2024-01-08 06:44:00,CNC-01,L,24.32964422425374,38.31386495432764,1920.7454810454442,35.69570433817057,112.19446399970305,2.5746648319662593,12.731469402960018,60.39843790715359,0,2026-08-25 06:31:47
2024-01-08 21:33:06,CNC-03,H,299.86330082754836,311.89774501564506,2581.469140289661,18.290884752965408,28.92314338437496,3.1236584212568874,8.843940520989442,55.04105822683485,0,2026-08-25 06:31:47
2024-01-08 17:10:00,CNC-01,L,300.67508020348737,315.04316542237615,1957.320643795428,35.75727106606954,172.53019698510437,3.0579074435540936,13.361337623312176,49.718175132074016,0,2026-08-25 06:31:47
2024-01-08 00:15:00,CNC-02,M,298.69180101905636,311.1349080376313,2668.104326804599,18.397533761785265,28.822035708584362,3.106301122261198,9.019028915949402,55.31482901789085,0,2026-08-25 06:31:47
2024-01-08 03:21:00,CNC-01,L,297.8440366795874,310.3840169430439,2440.1913444167285,21.77142395019703,60.35209033505169,3.007123173640256,10.059249142667168,54.326583296081175,0,2026-08-25 06:31:47
2024-01-08 10:07:00,CNC-01,L,297.468661915081,312.5911940748612,1515.0261963515973,52.61771394303563,176.96390837864922,2.742317930812857,15.170596510693642,52.67871916074859,0,2026-08-25 06:31:47
2024-01-08 08:23:00,CNC-01,L,297.52349276181786,311.0962050948467,1652.923439196383,41.0883190036465,17.786362737318886,2.2864124822411673,12.728214996406223,56.63937750137974,0,2026-08-25 06:31:47
2024-01-08 21:38:00,CNC-03,H,299.90780656573537,311.6950958270196,2688.658725213465,14.790977215836659,35.58030771472978,31.391465845059347,7.495259972022691,54.604296183479946,0,2026-08-25 06:31:47
2024-01-08 13:41:00,CNC-01,L,299.1601861209105,313.1627388867103,1406.8539873792413,49.090348082753664,82.4750035234228,2.0859523713200825,12.753192917642927,49.921885376705944,0,2026-08-25 06:31:47
2024-01-08 18:24:00,CNC-03,H,299.23011438275483,312.67503180374666,2238.215769931296,28.55529083656146,78.61252493907084,2.837145856652591,12.01671701075308,55.559448161707195,0,2026-08-25 06:31:47
2024-01-08 18:48:00,CNC-01,L,306.4966877771918,313.8655115586655,2188.541061974622,26.86953360056577,98.61184459727102,2.887131432427566,11.129067436941147,39.72691719394179,0,2026-08-25 06:31:47
2024-01-08 05:18:00,CNC-02,M,296.55319191376515,311.10712515990554,2000.146921571878,37.2268223560506,160.1389416620081,2.794056323470847,13.844035835966668,57.734661121377115,0,2026-08-25 06:31:47
2024-01-08 02:30:00,CNC-02,M,298.05111678213876,310.9418401370849,2511.352961311537,,174.97197554117253,3.494433238689983,9.093116825756784,53.86196728854083,0,2026-08-25 06:31:47
2024-01-08 13:25:00,CNC-01,L,298.8486007977736,313.1441028050535,1399.1364095231115,50.914996363155886,57.18228026548734,20.781078064498146,13.146157531236994,52.36697072835342,0,2026-08-25 06:31:47
2024-01-08 07:05:00,CNC-01,L,24.685634860162224,38.98784418166002,1795.1555231542172,38.77469550838405,141.4825038201337,2.667274328927062,13.03303903602206,54.880571309665804,0,2026-08-25 06:31:47
2024-01-08 01:44:00,CNC-03,H,298.16507399982913,311.18944141977966,2587.2639913671283,20.76048236680668,119.95073485745682,3.197633666786078,10.143163349608711,53.76408714048509,0,2026-08-25 06:31:47
2024-01-08 01:39:00,CNC-02,M,298.3876465429384,310.5614372006189,2691.227009311036,0.0,118.70132897063708,3.2758526910044257,8.01277097468367,,0,2026-08-25 06:31:47
2024-01-08 16:37:00,CNC-01,L,300.37617496170947,314.94651221960356,1825.3745942009336,40.632876778340204,126.24714741616033,2.6254333634888254,13.766355102404358,48.31945351096033,0,2026-08-25 06:31:47
2024-01-08 11:20:00,CNC-01,L,298.01386382640686,311.52493541748635,1309.5298173967526,49.58623494884025,61.96573416614496,2.011264589979963,12.37508717137583,57.366853668869936,0,2026-08-25 06:31:47
2024-01-08 15:20:00,CNC-02,M,303.65951143796326,312.711066535802,1632.818622430765,46.81131899907794,180.9831478279352,2.690185185209693,14.494606762076446,43.59720476223721,0,2026-08-25 06:31:47
2024-01-08 21:03:00,CNC-03,H,299.6813757881556,313.15415938796554,2608.68251864271,20.84520519997977,271.47836056608315,4.414049563275552,10.248948005998953,54.11065106420049,0,2026-08-25 06:31:47
2024-01-08 01:30:00,CNC-01,L,298.287206588754,310.43678060479334,2676.602048323259,15.47722276674279,126.85639266388297,3.365460498961266,7.818388967251582,54.17013849055686,0,2026-08-25 06:31:47
2024-01-08 01:37:00,CNC-01,L,298.39095956878447,311.5091729117391,2670.3351489599963,20.390065287813755,134.3452440791952,3.383820107882662,10.089982867571718,54.52959978516747,0,2026-08-25 06:31:47
2024-01-08 18:12:00,CNC-02,M,299.4947285454114,315.15668700815587,2123.2095164995694,38.13123446537561,210.60659351156383,3.617369713292973,14.787535938584298,49.88116465030291,0,2026-08-25 06:31:47
2024-01-08 00:58:00,CNC-03,H,298.5579766190205,310.00147383834934,2768.135388448157,12.619018933709267,70.15658716271942,3.2932464759584015,6.397687790307967,54.26188497874582,0,2026-08-25 06:31:47
2024-01-08 14:29:00,CNC-02,M,303.26701599903754,311.7946397034291,1521.111925515216,47.111549265588664,103.02543185152442,2.2118179624783374,13.704369558040964,49.76195150959456,0,2026-08-25 06:31:47
2024-01-08 16:34:00,CNC-03,H,298.6863237020078,314.0400412813979,1800.263214379804,,191.10198152448174,2.844443851283513,15.873582476681436,49.03071669954055,0,2026-08-25 06:31:47
2024-01-08 04:01:00,CNC-03,H,296.72184863664273,309.7523551784652,2379.5363352618815,24.883940770959438,25.169548644965122,2.9727987293140967,11.035692676689683,59.92338624695579,0,2026-08-25 06:31:47
2024-01-08 12:15:00,CNC-02,M,296.6579993466418,,1441.4895379594116,55.40136827330747,117.52078812056061,2.260472435601029,15.157241379628843,59.086583050405594,0,2026-08-25 06:31:47
2024-01-08 19:23:00,CNC-03,H,299.460613261184,313.7523225251935,2165.00663450297,30.596153729937487,153.28764481638382,2.92604734951277,12.31167678149738,50.69351325253989,0,2026-08-25 06:31:47
2024-01-08 14:56:18,CNC-02,M,303.38197024809944,312.5805742514327,1544.4834324726405,51.733947292968466,143.24650323788308,2.345205046110234,15.052014208072292,42.339463670776695,0,2026-08-25 06:31:47
2024-01-08 07:28:00,CNC-02,M,295.660902065273,310.58078686034065,1681.3822280953414,46.41664925470391,102.62406430080578,2.524039775855976,14.819612233559463,58.24959630081263,0,2026-08-25 06:31:47
2024-01-08 01:01:00,CNC-01,L,298.1704394649677,310.98404373490814,2751.956439597886,17.81169122412026,95.91244451068299,3.408617266271372,9.292453162621058,50.92252367350866,0,2026-08-25 06:31:47
2024-01-08 06:17:00,CNC-01,L,24.421910328782303,38.07990233729822,1919.906733915924,34.29971277746455,75.23221642745055,2.533261142166532,12.378036928550856,54.64045188637559,0,2026-08-25 06:31:47
2024-01-08 16:12:00,CNC-02,M,,312.19422759542385,1851.5993058341062,36.408136330088325,44.07300243425987,2.5053107329345714,12.942615303374112,55.827141850796444,0,2026-08-25 06:31:47
2024-01-08 11:34:00,CNC-01,L,298.0587894046072,312.8232502865541,1495.9154326934886,52.16087025479408,84.17930709578124,21.22596198338028,14.770893292386775,57.92083055780097,0,2026-08-25 06:31:47
2024-01-08 07:21:00,CNC-03,H,295.97282314995323,310.0108927504785,,40.09127621839335,32.44430149208784,2.481094553514392,,62.92459967446824,0,2026-08-25 06:31:47
2024-01-08 19:07:00,CNC-01,L,306.6658001148459,314.1629314898821,2308.9622887878645,24.829032864157377,122.72889123005605,2.9930900906860067,10.718420909188067,40.94872114720102,0,2026-08-25 06:31:47
2024-01-08 19:35:00,CNC-02,M,299.7104124396243,313.27448639382084,2291.0899181042514,25.298262172309798,104.18848300093977,2.8792139616371952,10.63950219367267,57.18192917734418,0,2026-08-25 06:31:47
2024-01-08 01:35:00,CNC-03,H,297.8102611885954,311.1604623196876,2454.3756778277407,24.330972240997514,110.10516603835309,3.0956426716525365,11.289721146474982,58.195844267371115,0,2026-08-25 06:31:47
2024-01-08 21:08:00,CNC-01,L,301.2541161563791,313.2267637252399,2595.3251597777867,17.81095113409471,48.49664659397344,3.1982959113784077,8.647238600606912,50.01476171662335,0,2026-08-25 06:31:47
2024-01-08 14:20:00,CNC-01,L,299.6688086962138,314.0659260390897,,46.745916061663856,143.31173428803308,2.375569382451575,13.3078492104921,47.53814854259663,0,2026-08-25 06:31:47
2024-01-08 01:37:00,CNC-03,H,298.14315327181305,310.58395369481906,2710.947939843181,16.79582832213421,112.27819173756002,3.308771334921129,8.373151762646767,49.73996791969803,0,2026-08-25 06:31:47
2024-01-08 11:32:00,CNC-01,L,297.8175882701863,312.01037865529224,1463.903450548377,47.573544584085646,81.0137410494314,2.1168937987133067,13.164760047825585,58.81767624762019,0,2026-08-25 06:31:47
2024-01-08 04:58:00,CNC-01,L,297.75051946061166,311.9902926452908,2298.357252469425,29.34690715416838,177.50898802569162,3.4152558975278526,12.554554901177374,52.91326148387947,0,2026-08-25 06:31:47
2024-01-08 00:00:00,CNC-01,L,299.16463393450954,310.4307157790849,2748.299953476356,13.6290520734258,31.18862087001311,3.3648334212540747,6.843986909333303,55.401133732802215,0,2026-08-25 06:31:47
2024-01-08 08:38:00,CNC-01,L,297.43266045484455,311.17204838001135,1678.2993278245103,40.87024765458183,40.15393805197622,2.322329127591984,12.69874998398615,56.30563978565485,0,2026-08-25 06:31:47
2024-01-08 09:56:00,CNC-02,M,295.99893978291715,310.0800899129058,1405.0312820965164,48.59719931805458,119.66836449575125,2.1448999074208155,12.7292849649305,57.998723554903776,0,2026-08-25 06:31:47
2024-01-08 03:24:00,CNC-02,M,297.2301192748678,310.37709836148275,2325.07440248879,26.029527329740496,20.853549804336282,2.8430357197712177,11.123037311080196,54.62142895948173,0,2026-08-25 06:31:47
2024-01-08 23:31:00,CNC-01,L,300.6159233892242,313.87738822693694,2848.6347627850623,18.01607193431952,204.24297679580815,40.435552412137504,9.590370772851598,49.819401054943214,0,2026-08-25 06:31:47
2024-01-08 03:22:00,CNC-01,L,297.7881177127253,310.7058455892731,2443.94691067053,22.89920506208029,61.50453641178839,3.0144673603267034,10.661499496062733,53.16615817057029,0,2026-08-25 06:31:47
2024-01-08 06:59:00,CNC-02,M,22.543506042817626,36.26397559612951,,34.64388845974563,61.57945749548324,2.4800236456537843,12.092337653685384,57.24263428431682,0,2026-08-25 06:31:47
2024-01-08 06:54:00,CNC-02,M,22.484644972242847,36.41214467008638,1808.313258855358,37.59791237751177,54.64814523396901,2.4399438082622704,12.732816881967569,60.690403061660255,0,2026-08-25 06:31:47
2024-01-08 06:23:00,CNC-01,L,24.72184482956692,39.32687553640733,1854.0854657095294,42.3406408046561,83.37660620118368,2.495110915764906,14.701758678956677,53.301593286179035,0,2026-08-25 06:31:47
2024-01-08 13:40:00,CNC-03,H,297.30142731148453,312.53386870751683,1406.782752468619,56.60187182966276,161.61444843925955,2.3301877420200876,15.065712984673832,57.86493116176493,0,2026-08-25 06:31:47
2024-01-08 15:10:00,CNC-02,M,303.2725273870589,312.22331467847533,1530.2381219691401,49.166566692174406,166.00359630173222,2.5447788561449562,14.205470062930088,41.28048653504373,0,2026-08-25 06:31:47
2024-01-08 20:02:00,CNC-01,L,301.07335259576513,315.1110195547829,2433.7611703045764,25.82333727531164,190.41744652559225,3.655046928916273,11.87299964435072,52.621224555946256,0,2026-08-25 06:31:47
2024-01-08 14:32:00,CNC-03,H,297.6780159426553,311.14010459379244,1631.6690479316085,40.14922958916253,9.259411981381215,2.280079338806308,12.191708445632198,55.92054092986064,0,2026-08-25 06:31:47
2024-01-08 07:36:02,CNC-02,M,296.0140900213455,310.8226164786065,1740.1890938665315,43.3445944678984,115.42754558328187,2.424410292449446,14.066602188388437,58.84155724408576,0,2026-08-25 06:31:47
2024-01-08 01:53:00,CNC-03,H,297.8500901990019,310.5330281423935,2700.850309090121,19.554854847509695,129.95203794110117,3.4061438368457386,9.880958010166935,53.810026486098074,0,2026-08-25 06:31:47
2024-01-08 18:56:00,CNC-02,M,299.5682159372926,313.49458058829066,2209.5429727238907,30.084409239554756,55.69281134474049,2.7620458568491606,12.478122979831728,51.954524722778224,0,2026-08-25 06:31:47
2024-01-08 07:38:00,CNC-02,M,295.8668466995101,0.0,1786.965802155622,43.59336251416799,116.87652838479434,2.4173937736380506,14.780275613626923,57.63880688363659,0,2026-08-25 06:31:47
2024-01-08 08:27:00,CNC-02,M,,310.677478860782,1603.3216357330707,44.79345558950859,188.6078845467504,2.8171029383570203,13.399180597897528,58.550030910566754,0,2026-08-25 06:31:47
2024-01-08 19:39:00,CNC-02,M,299.76350306383483,314.0507437969078,2281.604401554151,28.31586356761776,109.05764895955136,2.982710137218556,12.145919553802367,53.38849423021945,0,2026-08-25 06:31:47
2024-01-08 07:44:00,CNC-01,L,297.6902184529657,313.0387955445999,1883.2525417406498,44.10811557481167,197.25838411731533,3.248665453872515,15.327579537559727,53.62649703726111,0,2026-08-25 06:31:47
2024-01-08 14:07:00,CNC-01,L,299.25546932445167,313.7726367558392,1568.7304106570846,47.10567195507291,123.23838968428832,2.359685156863504,13.711143177648891,55.34161513246825,0,2026-08-25 06:31:47
2024-01-08 12:46:00,CNC-01,L,298.22219897416,313.2348464104969,1393.673032246611,55.24994637916112,198.56551878389115,2.727929193430936,14.52894698247818,1228.5614403806699,0,2026-08-25 06:31:47
2024-01-08 20:49:00,CNC-03,H,299.9928580958019,314.7938853221254,2461.4834919717337,27.4738665397654,255.7106484295487,4.014736505514063,12.733097533188682,47.70372024537831,0,2026-08-25 06:31:47
2024-01-08 04:02:00,CNC-02,M,297.0493882832345,310.6208755214748,2129.93337625805,29.972403182232345,65.84444039293405,2.71707999868636,11.936723643922793,53.484227778021065,0,2026-08-25 06:31:47
2024-01-08 10:31:00,CNC-01,L,298.06776072387464,312.84130525007873,1335.7660697248596,54.9971297831763,214.72298191228685,3.0158255867356853,13.731174260720238,53.48823747224786,1,2026-08-25 06:31:47
2024-01-08 18:03:00,CNC-03,H,299.00362854529305,312.29400256156464,2055.699389396717,29.453843035127115,51.10496291456171,2.662851589461771,11.272618469240953,57.663911149666205,0,2026-08-25 06:31:47
2024-01-08 20:44:00,CNC-02,M,299.8878045693971,313.6104839169864,2561.718497323251,22.200266472264374,185.61740421537314,3.5863960500294696,10.833952895717678,51.04914857440777,0,2026-08-25 06:31:47
2024-01-08 23:58:00,CNC-01,L,300.1773588380163,312.46918053558824,2634.184386831548,19.05768032602604,15.767573292912854,3.150636003985085,9.33902337828839,52.35793814261314,0,2026-08-25 06:31:47
2024-01-08 21:17:00,CNC-02,M,299.66584342653675,313.70243186237605,2445.5452771897203,23.437392630651445,223.08578300012144,3.8693474483289694,10.823257380619141,55.631495856192196,0,2026-08-25 06:31:47
2024-01-08 14:10:00,CNC-03,H,297.30154162889215,312.3193081645965,1592.952115481622,48.611321853244554,208.28757026197223,2.7893070623149536,14.170241098332715,55.24819451282936,0,2026-08-25 06:31:47
2024-01-08 08:39:00,CNC-01,L,297.6039664954033,311.88925095796657,1634.712046511052,45.80111876781727,41.65865058196958,2.3190448599211413,14.088017149670831,58.45927659910036,0,2026-08-25 06:31:47
2024-01-08 01:56:00,CNC-02,M,297.7601356328931,310.57617994050514,2668.773653722773,18.345019279930288,137.33543579935164,3.4605345554714995,9.546706619092692,55.954628891082486,0,2026-08-25 06:31:47
2024-01-08 19:03:00,CNC-01,L,306.44764532091966,314.1484438306576,2184.437384600186,29.189904177528277,117.72318465666982,2.8881839549554478,11.840405311430244,38.784083175865014,0,2026-08-25 06:31:47
2024-01-08 06:46:00,CNC-02,M,22.954552346108414,36.68126453481773,1954.8635357926594,33.655452351879866,43.55905296930466,80.55606809469224,12.131997878192838,61.36116039635177,0,2026-08-25 06:31:47
2024-01-08 03:09:00,CNC-01,L,297.9367835004038,310.2726135872079,2419.550818618576,20.58601641131986,46.53180316043725,28.902089270939957,9.526729131462945,57.08920668744056,0,2026-08-25 06:31:47
2024-01-08 04:32:00,CNC-02,M,296.5111834029035,309.37445275568024,2232.5578029973894,24.517465830765413,102.32672472774655,29.423351750321476,10.264586294564696,56.69548994676873,0,2026-08-25 06:31:47
2024-01-08 06:58:00,CNC-02,M,22.51601256767276,36.13348179986747,1909.2131552386254,34.65528222689701,60.20983794271209,2.5137700361283657,12.141047112388714,56.499220877976946,0,2026-08-25 06:31:47
2024-01-08 06:52:00,CNC-02,M,22.689427188294587,36.62742778003536,1744.8184787644295,39.68457513681171,51.8547028764096,2.3273710201093576,12.980100243227115,56.58543372929101,0,2026-08-25 06:31:47
2024-01-08 10:39:00,CNC-01,L,297.81108284170676,312.63697227403713,1383.1902750577008,53.02917818420322,227.44832858403942,3.0804840942773475,13.763971250759946,51.79776357782031,1,2026-08-25 06:31:47
2024-01-08 16:31:00,CNC-03,H,298.629989300425,313.56717052383635,1682.2371360929428,44.857375906260316,186.85669706248882,2.811381974854152,14.111067574395939,57.30115050281255,0,2026-08-25 06:31:47
2024-01-08 23:54:00,CNC-02,M,298.96202479522236,312.26651540039427,2714.2714901665017,19.27107534932697,155.7056750165776,3.4833190751208996,9.57942476283392,56.86285296084386,0,2026-08-25 06:31:47
2024-01-08 21:51:00,CNC-02,M,299.2100950706666,311.0802043303411,2621.3353078858986,15.626260581565164,23.639081015346033,3.27152043347874,7.625580727189155,58.91202344189619,0,2026-08-25 06:31:47
2024-01-08 15:10:00,CNC-01,L,299.72713304711743,315.2933011360624,1636.8160598112738,49.518293644300655,219.5122180032438,3.3604496779414412,15.360874880742486,54.1530066175784,0,2026-08-25 06:31:47
2024-01-08 01:00:00,CNC-02,M,298.8386460877115,310.0374579304508,2722.812340780128,11.505067274239696,76.67570113901215,3.37712805470374,5.5637268254375565,56.78447013153565,1,2026-08-25 06:31:47
2024-01-08 06:41:00,CNC-02,M,22.7733316964069,35.9590317885727,1947.8845061759978,32.313875234399525,36.67165850002942,2.5687225781295058,11.834084732442108,59.033133351765805,0,2026-08-25 06:31:47
2024-01-08 03:23:00,CNC-02,M,297.4127746327469,310.3645625955059,2341.2176783156215,24.91777970880697,19.675379464825102,2.9122716493194227,10.906211672908594,56.916583036597814,0,2026-08-25 06:31:47
2024-01-08 15:28:00,CNC-02,M,303.6044899188247,312.95696196831807,1549.7443298113021,49.98479022833049,192.82091039355552,2.7889509714693776,14.700059051929356,45.72179882367438,0,2026-08-25 06:31:47
2024-01-08 00:55:00,CNC-02,M,298.69228530788337,311.1609507286402,2734.9184524279394,17.75408777410067,71.36131000332159,3.27018715072974,9.41713768445909,52.651489677612474,0,2026-08-25 06:31:47
2024-01-08 15:21:00,CNC-03,H,298.09413246305405,312.5951327767639,1667.997373763812,45.3938379200358,84.387995925715,2.365942228743178,14.25334358431856,54.667045671982024,0,2026-08-25 06:31:47
2024-01-08 19:59:30,CNC-01,L,301.4484858561433,315.4811721222967,2362.419077423067,27.60831511866434,189.2431326051842,3.690692943695257,12.045183964365739,48.118113985463125,0,2026-08-25 06:31:47
2024-01-08 21:35:00,CNC-03,H,299.99251742508665,312.65273827377814,2596.7975243622295,21.58729430272837,32.2127096532378,3.1862988701639274,10.534142645212798,51.32684289850189,0,2026-08-25 06:31:47
2024-01-08 01:16:00,CNC-02,M,,309.7568167117072,2745.554348000172,11.177197278313121,93.71288679134743,3.4423941843005528,5.75094431295486,56.58961311420241,1,2026-08-25 06:31:47
2024-01-08 08:22:00,CNC-01,L,297.36885291951825,310.9866785064996,1663.8617881564103,40.029566351409144,16.336328777238023,2.2585104719912503,12.423564575490932,51.991633606089394,0,2026-08-25 06:31:47
2024-01-08 02:56:00,CNC-02,M,297.55928117552287,311.149484247295,2408.4088862917756,23.644725886123215,204.75075625649575,3.5566076516875804,10.331436109753641,55.928657239204384,0,2026-08-25 06:31:47
2024-01-08 05:41:00,CNC-02,M,296.2166410688,310.54532961578104,2206.0322226611856,30.10545829785022,189.93737825497664,3.4268671523813308,12.28271513166459,61.66528913949617,0,2026-08-25 06:31:47
2024-01-08 04:10:00,CNC-01,L,297.64919737874493,311.62668022271407,2402.069326484256,27.184911380219333,118.47589618277934,3.1020806517293296,12.38042674140447,51.38780588191261,0,2026-08-25 06:31:47
2024-01-08 09:37:00,CNC-03,H,296.54989663568045,310.6831891681055,1475.3494422282922,50.6339960966971,12.366262393868695,20.692955170578404,14.216666663632289,52.58416239657237,0,2026-08-25 06:31:47
2024-01-08 19:41:00,CNC-03,H,299.6133970963602,313.2912853908065,2375.1458689745527,25.30638085452497,175.17973811820792,3.275405073024163,11.31901656483403,50.050048773041205,0,2026-08-25 06:31:47
2024-01-08 04:35:44,CNC-02,M,296.55070587393476,310.6707762845091,2345.2059624512517,29.362448520963422,105.96225176119479,2.8689987941229216,13.189579954862223,58.29897959759157,0,2026-08-25 06:31:47
2024-01-08 11:58:00,CNC-03,H,296.88381980926727,310.4411629699103,1357.8159396176104,49.14328210679402,0.0,2.0160668224392495,12.67536900410384,60.98756677733621,0,2026-08-25 06:31:47
2024-01-08 09:57:00,CNC-02,M,295.73324926100213,310.3025961403003,1593.0963170910316,45.10121063633152,121.2094131431261,2.3083385642164975,13.386028319497349,55.5809313876077,0,2026-08-25 06:31:47
2024-01-08 12:23:00,CNC-01,L,298.30867127227384,312.97485816732126,1333.4389746714323,53.4685982808836,162.07292715471542,2.421674109774886,13.35060303097298,57.446030898531376,0,2026-08-25 06:31:47
2024-01-08 05:26:00,CNC-01,L,297.85579051296963,311.7820103516795,2148.8978677369923,33.7227958840101,7.706987547657349,2.7316024680036706,13.5860951350894,52.76466692996392,0,2026-08-25 06:31:47
2024-01-08 22:00:00,CNC-03,H,26.812640053635278,39.25152817974214,2541.6213228715824,19.506792338246132,59.93823879914431,3.1047698460055204,9.143757772549447,48.68041322835534,0,2026-08-25 06:31:47
2024-01-08 16:45:00,CNC-03,H,298.49058365250653,313.0581201469412,1776.2100487173327,39.830935583016604,206.76042175378007,3.105414351068458,13.44535525060462,52.305436858983406,0,2026-08-25 06:31:47
2024-01-08 17:49:00,CNC-01,L,300.6975515128039,314.25353150056503,2084.9212935799446,30.970695130729965,21.510161592801204,2.7097951589927254,12.381611375979013,47.560808938341594,0,2026-08-25 06:31:47
2024-01-08 22:57:00,CNC-03,H,26.81942757518675,39.310498158668736,2754.654509382075,17.609731601024805,121.65889383470699,3.4261630161727132,9.155517231953667,51.108563342403315,0,2026-08-25 06:31:47
2024-01-08 23:43:00,CNC-03,H,299.5465929298502,312.59349398021857,2747.624914085657,18.229634578738846,170.69078824663535,3.5690600317559538,9.082722238805474,52.39110645736397,0,2026-08-25 06:31:47
2024-01-08 23:19:52,CNC-02,M,299.19967112162686,311.636010003066,2730.7143009989454,15.87160219958907,119.54950083984426,3.3783214606031238,8.094696142427633,50.807563284146845,0,2026-08-25 06:31:47
2024-01-08 04:39:00,CNC-01,L,297.62125090853533,311.37334882601385,2275.214641232734,27.249535483825497,153.7182497693021,3.2202450207370297,,54.266050219050676,0,2026-08-25 06:31:47
2024-01-08 00:01:00,CNC-02,M,299.1321406091995,310.19758667579606,2739.81612409782,11.810559200708099,13.813700008450562,3.3530291257329075,6.129366647318519,46.90297544038601,1,2026-08-25 06:31:47
2024-01-08 10:15:00,CNC-01,L,297.73627296167547,312.4092053070041,1468.8976773033926,48.17335840282968,189.52901465668768,2.8250076963310495,13.209132827149867,59.27861240932293,0,2026-08-25 06:31:47
2024-01-08 20:59:00,CNC-03,H,300.0352832083778,314.0529605199272,2476.446718090478,24.972845455639842,,4.277214382087183,11.51899003626921,48.39979395543548,0,2026-08-25 06:31:47
2024-01-08 08:48:00,CNC-02,M,296.00982193884994,309.3958210232205,1322.4512535880096,47.81010479823079,15.031807939664997,1.9098750255930532,11.94316437270875,57.46893001143425,0,2026-08-25 06:31:47
2024-01-08 23:23:00,CNC-01,L,300.81859924264876,315.0752075921913,2775.852146688785,22.731084002460726,195.70838865394774,39.8540003483964,11.56051175177603,49.88421348238575,0,2026-08-25 06:31:47
2024-01-08 04:20:00,CNC-01,L,297.688642534252,310.78243090470755,2425.4413273224286,22.102148841450582,130.47372380464216,3.241155333258185,353.1542261137326,57.444177317197635,0,2026-08-25 06:31:47
2024-01-08 16:52:00,CNC-03,H,298.59934817048145,313.62393375111463,1923.87419148127,39.80955660313271,216.6600106101266,3.2456848741122477,14.108785747883868,52.755950230880075,0,2026-08-25 06:31:47
2024-01-08 08:24:00,CNC-02,M,295.97216559657613,310.8792467089288,1592.5189316138187,47.06945408251593,184.07488611136412,2.8709241823393015,13.916735206934229,56.0705337460851,0,2026-08-25 06:31:47
2024-01-08 22:35:00,CNC-02,M,26.135143408588817,39.65116972543825,2583.809066264144,23.356861968384536,71.35259943781807,3.166116234296717,11.338073560122705,52.42599381719818,0,2026-08-25 06:31:47
2024-01-08 12:48:00,CNC-03,H,296.9878533145856,311.1856355169997,1337.1550488785015,54.33213752546931,79.55279338523499,2.04563381969616,13.671029448717421,54.26505493647509,0,2026-08-25 06:31:47
2024-01-08 18:38:00,CNC-03,H,299.8292392157785,313.70196413321344,2210.0825281767875,29.608120688409247,96.54740552418606,2.9268959751002273,12.331558231556242,51.68977794923116,0,2026-08-25 06:31:47
2024-01-08 21:24:00,CNC-03,H,299.9640514350078,311.8924796269561,2527.6650696109564,19.003917902982533,20.108506513129353,3.019852554321657,9.123563523766416,52.188494987386704,0,2026-08-25 06:31:47
2024-01-08 14:40:00,CNC-02,M,303.1622531263835,311.7177764632598,1375.4621337222056,50.93175124104264,120.15545365299666,2.1856155347052795,13.170725251784589,48.22443194443516,1,2026-08-25 06:31:47
2024-01-08 13:54:00,CNC-01,L,299.05342152787796,313.63737628960473,1394.6356285591394,54.618495061026344,102.93566984093603,2.17743006999519,14.329023691391432,48.48042932136062,0,2026-08-25 06:31:47
2024-01-08 15:27:00,CNC-03,H,298.11750277163895,312.31875129678247,1770.5012202301755,39.86740346429345,93.33252487463093,2.451317239289962,13.061217454865737,55.01700482891181,0,2026-08-25 06:31:47
2024-01-08 12:20:00,CNC-02,M,296.5579896298317,311.36712119529125,1388.1557006668322,54.93174829489803,125.44836919731715,2.074148284669344,14.246073824987935,59.446165233018434,0,2026-08-25 06:31:47
2024-01-08 08:41:00,CNC-02,M,295.75741428079135,309.2451010687599,1746.30887439274,35.921790844873506,4.375392569997711,2.4156524004985003,11.901184019134085,58.72266041616602,0,2026-08-25 06:31:47
2024-01-08 10:34:00,CNC-02,M,296.27433375797483,311.12140302043537,1363.3594613196483,55.89258370573729,179.44722324426687,2.543229177644675,14.101403915969597,61.53300242537353,0,2026-08-25 06:31:47
2024-01-08 07:10:00,CNC-02,M,295.52669122368974,309.82702110777234,1917.935575084766,36.66472432329711,77.03854426576423,2.5758408688361536,13.130791359944093,63.12130060361365,0,2026-08-25 06:31:47
2024-01-08 16:23:00,CNC-02,M,298.5235988294684,312.94500147630333,1812.3493661504067,38.50594165746452,59.88354355367478,2.4914291992838646,12.911282948613719,53.8411757137275,0,2026-08-25 06:31:47
2024-01-08 23:17:00,CNC-02,M,299.2858948192309,312.1909279112844,2661.8248186931164,17.833310655975207,116.39135797844243,3.360852328479947,8.94357152160783,53.29747586118937,0,2026-08-25 06:31:47
2024-01-08 23:40:00,CNC-03,H,299.39775084190967,312.05171138462543,2725.0600851109325,17.56836120267587,167.51549475716016,3.6211563462496916,9.13476878263641,49.60360062198578,0,2026-08-25 06:31:47
2024-01-08 23:42:00,CNC-02,M,299.08704865180067,310.77491690169245,2836.8748107225097,10.534815145479083,142.95400062114163,3.5738157342399184,5.657855094192385,54.416412364986066,1,2026-08-25 06:31:47
2024-01-08 17:54:00,CNC-01,L,301.1434869781539,314.36346530468495,2000.0093034890704,30.27747702556018,28.320501046803834,25.96826597652822,11.43324745309522,49.53370017035445,0,2026-08-25 06:31:47
2024-01-08 16:06:00,CNC-02,M,298.35667029863595,312.5704942348437,1812.520558956713,39.72567404693072,35.40962154098039,2.5367808703540558,13.717843142154319,55.68923073321997,0,2026-08-25 06:31:47
2024-01-08 23:00:00,CNC-02,M,299.4532308670082,312.54516304158744,2449.742645010275,19.85078907786773,98.23674670841261,3.120519024289509,9.105295068938927,49.04527553337391,0,2026-08-25 06:31:47
2024-01-08 13:29:00,CNC-01,L,298.9742832821114,312.84186202382125,1303.4836581421393,52.83183547800885,63.48501323216039,1.9624082139025172,12.975665304541707,54.6266278334069,0,2026-08-25 06:31:47
2024-01-08 16:28:00,CNC-01,L,300.44047686001045,315.00522914483975,1677.7537546726153,44.90140269299616,113.39838558696096,2.3465871983949267,13.977876549849007,53.384871899799165,0,2026-08-25 06:31:47
2024-01-08 05:04:00,CNC-01,L,297.5534606809369,312.00639473062984,2184.968862490945,32.60073490954988,185.11254164030305,3.3848647205494555,13.318701452526376,59.28031010236409,0,2026-08-25 06:31:47
2024-01-08 05:37:00,CNC-01,L,297.7772557416952,311.06042679752795,2103.218248709032,29.485263772418545,21.966578104426723,2.6994363871529674,11.601482046122875,55.489135097825496,0,2026-08-25 06:31:47
2024-01-08 18:53:00,CNC-01,L,306.90607962517316,315.0342100778031,2139.3833442630203,33.25953941747876,105.13429895316463,2.826049147265976,13.280935837448524,38.647734325656295,0,2026-08-25 06:31:47
2024-01-08 07:57:00,CNC-03,H,296.10399216143935,310.43661300933053,1783.1135104623443,40.1563562435831,84.52666672010554,2.4315590847679953,13.43547745048037,56.76051875838975,0,2026-08-25 06:31:47
2024-01-08 02:00:00,CNC-02,M,298.0697905148674,310.66339362767553,2509.5002785333822,19.827257494796594,141.73316914911538,3.2805301121961676,9.181603160429027,55.168684493344735,0,2026-08-25 06:31:47
2024-01-08 12:28:00,CNC-03,H,297.03788109621024,310.8939764406677,1347.2401937140467,50.960178455152004,47.70454454351434,2.045361036052323,12.909619427864811,58.24775182678205,0,2026-08-25 06:31:47
2024-01-08 23:55:00,CNC-01,L,300.1304551811226,311.3218554344374,2679.4085558390857,14.108336183041335,12.62874868162167,3.2777950880711306,6.933691603297789,51.61702983928475,0,2026-08-25 06:31:47
2024-01-08 13:44:00,CNC-01,L,299.33105870761807,313.51497695522085,1356.013434670178,51.86190763823587,87.21220646804002,19.755479920243484,13.490581125020775,51.697528931094965,0,2026-08-25 06:31:47
2024-01-08 07:57:00,CNC-01,L,297.5852563299376,312.5478289118927,1776.364912849205,41.69452718760033,216.07144431324565,3.287934853927677,13.860400343820688,54.31671262328027,0,2026-08-25 06:31:47
2024-01-08 07:26:00,CNC-03,H,295.71609398092704,309.9097313592853,1762.2559244174904,41.21930671359021,39.586144645064614,2.409818689349137,13.51781782037171,59.919479124762546,0,2026-08-25 06:31:47
2024-01-08 17:23:00,CNC-01,L,300.6546424857296,314.72873210583407,1763.8965315605392,36.873991558028465,190.20695570351617,3.0535037070046447,12.270247804853694,52.607934070806614,0,2026-08-25 06:31:47
2024-01-08 22:22:00,CNC-03,H,26.728671581220226,37.87982886940472,2674.8955402202087,11.454509625710118,83.91677396686296,3.266363201218994,5.781552899027047,57.10499349904209,1,2026-08-25 06:31:47
2024-01-08 18:37:00,CNC-03,H,299.4307551969976,313.08712440354094,2283.7512791215827,28.637786438302683,95.26054085429514,2.897924734577452,12.427667500147956,55.58013694669066,0,2026-08-25 06:31:47
2024-01-08 23:41:00,CNC-03,H,299.5315456097422,311.46058810293476,2742.3163988505407,12.884410501761657,168.54549475716016,3.5640880808267306,6.864839097681306,50.44948283795106,0,2026-08-25 06:31:47
2024-01-08 02:14:00,CNC-01,L,297.9875186686039,311.362407008601,2572.3725949314958,22.082187503022666,175.0378391175196,3.622696329703986,10.270394068740627,58.982301910717105,0,2026-08-25 06:31:47
2024-01-08 13:36:00,CNC-03,H,297.10872010171164,311.8086858687804,1409.451904691241,53.211388509225046,155.38868808806083,2.342967676529388,14.344364173764403,55.321481876256904,0,2026-08-25 06:31:47
2024-01-08 00:13:00,CNC-01,L,298.911372897752,310.50060129718815,2799.5672879404246,15.001105190112606,44.99943430999301,3.286809248434398,7.709213128696056,52.664271884940106,0,2026-08-25 06:31:47
2024-01-08 11:44:00,CNC-03,H,296.482391951303,311.69473555957353,1353.3167907061713,57.116666553518094,212.29060683278658,2.6112522455088234,14.347866358504533,60.318276507956256,0,2026-08-25 06:31:47
2024-01-08 20:41:00,CNC-03,H,299.5981499067305,314.01676583724725,2258.853603682095,29.770857014821928,246.34244152714044,0.0,12.791134118239915,55.83883198171519,0,2026-08-25 06:31:47
2024-01-08 23:11:00,CNC-02,M,299.1561177632474,311.9396884310102,2817.2233416555127,15.977709579851586,110.09606728068192,3.43374493635117,8.679075614720125,55.67171365029557,0,2026-08-25 06:31:47
2024-01-08 09:44:00,CNC-03,H,296.5099920237927,310.0565139495491,1550.74059516221,43.203099299798644,23.3209693356518,2.1735550934825483,12.383396210780017,54.28198090845023,0,2026-08-25 06:31:47
2024-01-08 08:46:00,CNC-03,H,296.20212712535886,311.0118632934837,1796.9370667334358,42.45265641367333,157.09973279830228,2.7078732659331757,14.542311970915417,59.98601485679592,0,2026-08-25 06:31:47
2024-01-08 23:05:00,CNC-03,H,299.79685140542665,312.1083956703841,2807.5332006630515,15.128027526933149,130.269633559279,3.600106874213925,7.7672242186498135,49.968503553941524,0,2026-08-25 06:31:47
2024-01-08 00:12:00,CNC-01,L,298.81145367192835,310.2385437361384,2840.610863789184,12.132761508024775,43.95958752460174,3.365787805365598,6.45217140123286,56.2378030709669,0,2026-08-25 06:31:47
2024-01-08 05:21:00,CNC-02,M,296.6301593273801,311.00869753147697,2310.6538422916683,30.299081851602796,163.93612320049758,3.1712763272878806,12.919952267322468,59.7181005326103,0,2026-08-25 06:31:47
2024-01-08 19:01:00,CNC-01,L,306.77963358165067,314.80832863907403,2180.7406754475487,31.545694284486732,115.2249026949245,2.912339071387728,13.065472406750045,39.51100913239302,0,2026-08-25 06:31:47
2024-01-08 10:13:00,CNC-03,H,296.2102625394476,310.3446917805358,1462.0348160900542,47.50276214767922,68.45266080875771,2.1434820031378905,12.838349489176784,60.69002619105771,0,2026-08-25 06:31:47
2024-01-08 19:31:00,CNC-03,H,299.89618243638307,313.9438004758214,2229.434402162899,28.531264918095257,162.9953742288719,3.03130174164092,11.784251168065985,48.37185055119374,0,2026-08-25 06:31:47
2024-01-08 23:34:00,CNC-01,L,300.3274867005102,312.2194813453801,2674.0239417028347,13.864772134488499,207.4883961612605,4.101338716703984,7.082987533526109,46.62165609669013,0,2026-08-25 06:31:47
2024-01-08 23:07:00,CNC-02,M,299.07662322795073,311.8519766871188,2762.458504324405,16.228219763828324,105.82732962267805,3.247339557053853,8.43062946656974,54.53802802975888,0,2026-08-25 06:31:47
2024-01-08 10:28:00,CNC-01,L,297.849385655403,313.4545756526249,1490.936082869946,55.011198172417366,210.0133694062963,3.043447162842227,15.071441506384968,53.661309937167815,1,2026-08-25 06:31:47
2024-01-08 19:29:00,CNC-03,H,299.7502222656771,312.8592880206119,2389.539938982621,22.740034734612035,160.56918738380983,3.110305650322237,10.24922128123342,52.4077359729939,0,2026-08-25 06:31:47
2024-01-08 01:32:00,CNC-03,H,298.3798046293661,310.79309028396636,2739.1582132358712,16.14637596870946,106.82940635284334,3.4118592134196604,8.363057120234915,55.33163052005484,0,2026-08-25 06:31:47
2024-01-08 22:10:00,CNC-02,M,26.372726931772775,38.12080272683119,2571.2587718933287,14.810898002557904,44.329696874567205,3.1185279999351474,6.9371877716238695,53.939203621027794,0,2026-08-25 06:31:47
2024-01-08 00:45:00,CNC-03,H,298.6539129766362,310.60244839428606,2603.7304865474484,15.888117811191375,56.229051303859926,3.2435200536909927,7.861856566854435,53.93623549233715,0,2026-08-25 06:31:47
2024-01-08 15:28:00,CNC-03,H,298.2939898574227,312.78523005994657,1738.5546875431578,41.492107177132716,94.77981561347976,2.51997398037729,13.298880910485085,55.06679521215359,0,2026-08-25 06:31:47
2024-01-08 17:14:00,CNC-02,M,299.0150716597394,313.3257867230081,1962.409027709262,33.95825992002765,132.24490662048478,2.680472880058189,12.397320962706043,57.04386111844389,0,2026-08-25 06:31:47
2024-01-08 16:12:00,CNC-01,L,300.26779919371904,314.12168808136244,1687.0754772083003,39.90078954607416,90.30359010064105,2.39572421300656,12.80369410168446,50.429167627927065,0,2026-08-25 06:31:47
2024-01-08 09:49:00,CNC-02,M,296.2770839559614,310.7406651102053,1407.3185165764637,51.647586386176116,108.76218917708741,2.0845387876153043,13.745508088562953,57.34767881436595,0,2026-08-25 06:31:47
2024-01-08 16:56:00,CNC-03,H,298.74548472946856,313.83275785889435,1797.4165978918722,41.876438589552876,222.22034028451415,3.1887912275592587,14.28903128216439,54.62282457452275,0,2026-08-25 06:31:47
2024-01-08 11:34:00,CNC-02,M,296.5116804981146,310.5474508127744,1492.070617655404,46.680172322842914,52.403195225436164,2.1799732538523275,12.920148671213616,58.553043310704425,0,2026-08-25 06:31:47
2024-01-08 01:26:00,CNC-01,L,,311.3342717743166,2709.605617361639,20.53716387856136,122.53048443989805,3.415197150195562,10.508448252763364,50.32904131958096,0,2026-08-25 06:31:47
2024-01-08 15:09:00,CNC-03,H,297.9673310430102,312.31686606789594,1663.1770933310618,45.863023206729956,66.31549723535527,2.3053771190371823,14.225322969351577,58.29328105879098,0,2026-08-25 06:31:47
2024-01-08 10:10:00,CNC-01,L,297.7977155873653,312.8631865310046,1602.5428995646243,47.47350414760584,181.64653954042552,2.761203983536915,14.29284915803646,57.74641097517914,0,2026-08-25 06:31:47
2024-01-08 13:36:00,CNC-02,M,297.3601872435201,311.2242688045281,1341.92222098162,50.945930697820714,20.521121005833066,2.0432410474025615,12.684251852588748,54.09833337519328,0,2026-08-25 06:31:47
2024-01-08 13:57:00,CNC-02,M,297.44456100038315,311.596733890788,1362.8711187013978,50.19097145940986,53.350908430131994,2.0762322956705836,12.71024745516433,56.3699861829996,0,2026-08-25 06:31:47
2024-01-08 21:59:00,CNC-03,H,26.787239548687126,39.01866888426133,2615.3432640208853,18.317831070365038,58.83196650321573,3.168317896718479,8.787153690887255,47.963655506942644,0,2026-08-25 06:31:47
2024-01-08 08:11:00,CNC-01,L,297.47259011477325,311.3053124039208,1800.0456554127543,39.62045904097385,0.0,2.4250313198985305,13.135971337313041,56.095919629705584,0,2026-08-25 06:31:47
2024-01-08 02:52:00,CNC-02,M,297.3444987397716,311.1254863657522,2403.895225563508,24.619128639371997,200.1695352909291,3.5765289239657005,11.061100107731459,57.855437104210104,0,2026-08-25 06:31:47
2024-01-08 15:19:00,CNC-01,L,299.9739104957308,313.36053680550026,1618.3096903767025,41.18380461874493,11.921285019226918,2.2857884069337473,12.258451006740893,53.886895891896735,0,2026-08-25 06:31:47
2024-01-08 20:16:00,CNC-01,L,301.26765614949,315.56445796408093,2284.045927134643,29.04058463571367,207.05623541531997,3.7060539276212925,12.510659721162527,52.121405334208106,0,2026-08-25 06:31:47
2024-01-08 00:03:00,CNC-03,H,298.5043066121227,309.68134378934775,2598.1300504248466,13.977410723692685,11.42496674561726,3.110784400884825,6.468785066986306,54.53650679690234,0,2026-08-25 06:31:47
2024-01-08 07:43:00,CNC-03,H,296.1014552742895,310.25245536304743,1843.21305445704,39.38568169617315,64.02188861008236,2.5976485228175576,13.749684842564804,62.42595884731323,0,2026-08-25 06:31:47
2024-01-08 21:26:00,CNC-02,M,299.6929596354914,313.3001916936478,2518.604875935021,20.641892065774286,233.33005887638066,4.045375099820018,9.786631907632753,49.59280028590755,0,2026-08-25 06:31:47
2024-01-08 07:30:00,CNC-03,H,296.25810291674287,309.7610021917026,1823.3743078574441,36.53936741063133,45.35862663348805,2.4350257979008036,12.350276749044227,54.74539680805044,0,2026-08-25 06:31:47
2024-01-08 13:27:00,CNC-02,M,297.017807847783,310.86442639989457,1504.4321803455116,47.17161479198411,6.284820889036458,2.1551985450340783,13.389863917051036,54.353769608302535,0,2026-08-25 06:31:47
2024-01-08 12:04:00,CNC-01,L,298.3729763163357,312.2999077025215,1332.0528369038689,52.273036955943034,131.875580022337,,12.987553114294041,54.477469731699614,0,2026-08-25 06:31:47
2024-01-08 12:49:00,CNC-02,M,297.32851391232214,312.238021821651,1342.8379472195911,53.64580203004162,171.37992823688106,2.4286768633175506,13.383728486654649,55.03770853545373,0,2026-08-25 06:31:47
2024-01-08 01:49:00,CNC-01,L,298.19731069558,310.9266130857159,2694.1912547952315,18.12404672840791,147.29832081172597,3.4952721528725914,9.07458655686917,58.174913513032486,0,2026-08-25 06:31:47
2024-01-08 10:59:20,CNC-02,M,296.4378284100914,311.2500185677423,1350.0465131590781,52.26404149300885,219.06696120522696,2.8994893151046264,13.058271178536732,60.033142394617954,0,2026-08-25 06:31:47
2024-01-08 16:50:00,CNC-03,H,298.84177850231356,313.7387916187081,1823.355853400398,39.817476395655504,213.87911324027718,3.104419048379809,13.258118369789152,54.12078858822821,0,2026-08-25 06:31:47
2024-01-08 11:41:00,CNC-01,L,297.9185841074679,311.5978997593351,1304.0866120231583,50.13491264646643,95.32779988097539,2.096616447425798,12.34489975060073,52.41349000197772,0,2026-08-25 06:31:47
2024-01-08 20:20:00,CNC-02,M,299.75731786536807,313.96570073532337,2418.4695751973713,26.361833242960127,157.8690312078829,3.1818091489106783,12.076469191869911,49.51478592169046,0,2026-08-25 06:31:47
2024-01-08 02:45:00,CNC-03,H,297.474872277106,309.80765068905436,2709.106804862517,14.949115323696738,187.4315678636771,3.732045828972028,7.838573281093136,56.20198062915141,0,2026-08-25 06:31:47
2024-01-08 01:46:00,CNC-02,M,298.2615141350459,310.64001507901867,2639.084263959344,18.05043782753242,126.35048410525461,3.371738839177759,8.657865387745955,55.03077975915909,0,2026-08-25 06:31:47
2024-01-08 16:06:00,CNC-03,H,298.59594344353104,313.02392524647485,1826.2813011064088,39.69732366688279,150.87054403840136,2.7511753948090636,13.451176404595394,53.84473349451665,0,2026-08-25 06:31:47
2024-01-08 03:28:00,CNC-02,M,297.3224307702057,311.14441984642156,2500.547110333187,27.941925574769574,25.525952051792586,2.98464544329259,12.75651151285888,52.924649877937384,0,2026-08-25 06:31:47
2024-01-08 06:22:00,CNC-03,H,28.784188784008506,38.17584378173484,1942.1255834970905,40.44307354150363,204.9761299384068,3.030867946969679,14.752546162172628,43.76371992714796,0,2026-08-25 06:31:47
2024-01-08 15:25:00,CNC-02,M,303.38467726694324,313.0585038687694,1716.4023546191333,48.163290951939686,188.37235592960334,2.7890768010463223,15.501403078053347,48.478278145856876,0,2026-08-25 06:31:47
2024-01-08 13:10:00,CNC-01,L,298.9929235257735,312.97004425134537,1398.1009196755201,50.14402977647589,33.30896217587245,2.03337820879888,13.130118768198658,54.43388306394023,0,2026-08-25 06:31:47
2024-01-08 17:05:00,CNC-02,M,298.9859986330261,313.8756770465082,1878.457446557484,40.35085552778685,119.58082851103946,2.6460012294510014,14.174601235297807,53.5762897075889,0,2026-08-25 06:31:47
2024-01-08 12:00:00,CNC-02,M,296.6537362178005,310.87751513816784,1385.3284473849174,50.69330446242201,93.73801938132898,63.077296626766824,13.14378954909527,59.57051643003099,0,2026-08-25 06:31:47
2024-01-08 08:49:00,CNC-01,L,297.3439422493533,311.5903392589161,1579.2223785084745,46.904770223947565,56.849376933049,2.3248300495297536,13.826653613399273,56.181657964149984,0,2026-08-25 06:31:47
2024-01-08 12:40:00,CNC-02,M,297.18884693419454,312.3802126359546,1424.756342513031,54.83888587453809,157.08836572518757,2.3280666204756524,14.726104557280875,54.30627636837012,0,2026-08-25 06:31:47
2024-01-08 00:35:25,CNC-02,M,298.7852105168634,310.8884117924229,2707.9849049100376,16.55418485627065,50.083073310197875,3.3372542445983315,8.474597320997429,47.560076718187965,0,2026-08-25 06:31:47
2024-01-08 09:48:00,CNC-01,L,297.5864954983142,312.24819533727594,1610.030657924613,45.292712991697286,147.429222520185,2.654091471123058,13.639482164122951,52.4476958817613,0,2026-08-25 06:31:47
2024-01-08 23:02:47,CNC-01,L,300.63618742535624,313.572756277015,2620.9105944524936,19.554668995951076,175.35151679726107,3.691187325260372,9.625552062606891,50.830889032775765,0,2026-08-25 06:31:47
2024-01-08 21:07:00,CNC-01,L,301.12911083593724,313.2028157799745,2481.6859594805587,18.692876705540613,47.35622798288752,2.994176275380368,8.782877137263178,48.63244747030041,0,2026-08-25 06:31:47
2024-01-08 14:13:20,CNC-02,M,297.72992352350377,311.9851847740888,1421.2054781921984,47.52661190407919,78.18434991390727,2.07202589064477,12.478629978898715,56.88003815691246,0,2026-08-25 06:31:47
2024-01-08 09:58:00,CNC-02,M,296.1283195011544,310.42644763305697,1496.980472002304,46.907086085745206,122.77267883010751,2.291838648691993,13.097865460447636,55.73338387322571,0,2026-08-25 06:31:47
2024-01-08 05:33:52,CNC-03,H,301.7049640727698,309.7759089916255,2057.507372516625,32.821969028596115,141.33100873568944,3.000176553138651,12.583055116412824,46.843497220443346,0,2026-08-25 06:31:47
2024-01-08 10:38:00,CNC-01,L,297.7016683285393,312.50516853976575,1442.3888818625378,51.660684498126344,225.84832858403942,3.2341353510742246,13.71595086160368,57.609239337262075,1,2026-08-25 06:31:47
2024-01-08 02:21:00,CNC-02,M,298.1486510532796,311.1777674867186,2607.436797681421,19.27342478547268,164.82274549057198,3.4509272275272265,9.444687889627357,59.6260439169391,0,2026-08-25 06:31:47
2024-01-08 13:32:00,CNC-01,L,299.02164454526337,313.09763816475225,1484.9699335553862,47.91975875090827,68.18638589990262,2.2657174188358074,13.29350068529322,52.534666550838196,0,2026-08-25 06:31:47
2024-01-08 22:38:00,CNC-02,M,26.22082488735566,38.22128460022827,2632.646390354717,14.623158836358021,74.53201108107733,3.1841903519929473,7.24105904163786,54.541397073746715,0,2026-08-25 06:31:47
2024-01-08 19:03:00,CNC-03,H,299.7326487894924,313.64735981219786,2223.6136621732785,29.080683006025104,128.32981242134875,2.9276554137114403,11.94067979048727,53.941680577045496,0,2026-08-25 06:31:47
2024-01-08 06:20:00,CNC-01,L,24.462515287796236,38.134615508592674,1932.243818936199,34.22885052064501,79.24550048359926,2.5888932249876966,12.403415422968385,57.57721051020807,0,2026-08-25 06:31:47
2024-01-08 08:23:00,CNC-03,H,296.37158816228515,310.9560893920398,1562.3335490459524,48.33531321594081,122.54920318983937,2.329790825374433,14.017332154159137,57.630012882717025,0,2026-08-25 06:31:47
2024-01-08 11:41:00,CNC-03,H,296.49748655384906,311.6552394801956,1528.8012220648989,49.73887918454872,207.4906068327866,2.7145423980056216,14.305830972152043,60.53185396075759,0,2026-08-25 06:31:47
2024-01-08 20:15:00,CNC-02,M,299.99110999027846,313.47476561782366,2547.9805324437148,21.533036951285936,152.00229298292072,3.2637907291246204,10.390796659665648,51.86059430552209,0,2026-08-25 06:31:47
2024-01-08 18:20:00,CNC-03,H,299.5257603981802,312.86510353436665,2203.0363345715937,25.93086561582876,73.4897628941669,2.9115307969942203,10.443931126832759,52.24557365992056,0,2026-08-25 06:31:47
2024-01-08 06:23:00,CNC-02,M,23.00486939241864,36.57162885198204,1984.3054813417168,33.151145338688934,12.02389218017306,2.738837790329625,12.20661461952474,58.34259868079472,0,2026-08-25 06:31:47
2024-01-08 16:22:00,CNC-02,M,298.38706450558277,312.7379698940984,1752.4037878797164,41.38192979652027,58.46776888167203,2.4620444042646774,13.561004605728609,58.581675608105456,0,2026-08-25 06:31:47
2024-01-08 19:53:48,CNC-02,M,299.83867080625004,313.4054361468692,2541.631751806275,21.193681478315355,128.41043243786672,3.204521551669539,10.132821189458793,0.0,0,2026-08-25 06:31:47
2024-01-08 14:48:00,CNC-02,M,303.4871476870881,312.4329487877967,1508.7393010280578,50.204990513931065,132.44854281056675,2.3811790576201783,13.936881332726772,43.018888749082876,0,2026-08-25 06:31:47
2024-01-08 15:13:00,CNC-03,H,298.049195786829,312.07424627406334,1676.8383372094847,42.36665530775407,72.32240741405103,2.3987473441263365,13.205431743113278,56.63329109218792,0,2026-08-25 06:31:47
2024-01-08 08:21:00,CNC-03,H,296.1927882753076,310.63498627765216,1808.4675314283386,40.711730214231366,119.53309990155444,2.5192939988466225,13.966381520073895,58.0569425100437,0,2026-08-25 06:31:47
2024-01-08 18:50:00,CNC-03,H,299.4920277047789,313.5679843303903,2108.4517977199034,33.181251494948434,111.83993147664079,2.7635757076954137,12.95299301675195,50.36330045473087,0,2026-08-25 06:31:47
2024-01-08 11:31:00,CNC-02,M,296.2013091998577,310.5247230306698,1380.3221678128623,51.86988055068846,47.67590958908304,2.1143905734317503,13.3294567988713,54.683091429287366,0,2026-08-25 06:31:47
2024-01-08 02:31:00,CNC-03,H,297.79317725296806,311.95485943429117,2408.1529249498253,27.12218571121071,171.85634827603386,3.271431875460932,11.987866963596234,56.29444464029858,0,2026-08-25 06:31:47
2024-01-08 00:02:00,CNC-01,L,,311.2005327568413,2674.3518657646987,17.744500676709176,33.338114466099825,3.3394724090650536,8.923161403774966,52.363746773951455,0,2026-08-25 06:31:47
2024-01-08 22:50:00,CNC-02,M,26.21092684257934,38.63739345798132,2731.6743629270877,16.873054729143853,87.51281904573067,3.3322866426452316,8.635888065939332,50.52903253122606,0,2026-08-25 06:31:47
2024-01-08 00:30:00,CNC-02,M,298.5862515335179,310.1614991259145,2670.3397639222662,14.795015343598747,44.704722915548906,,7.312793977378161,56.16466912823237,0,2026-08-25 06:31:47
2024-01-08 19:03:00,CNC-02,M,299.83489558023587,313.1282261294398,2197.6961892726963,25.91832227368034,64.47766847431984,2.7876339975880318,10.804363168822379,52.282989197361175,0,2026-08-25 06:31:47
2024-01-08 18:13:20,CNC-01,L,301.1495596003401,315.0474914172706,2070.5110518978736,33.898456966260525,54.63709464025802,2.6799699944330024,13.384934374491472,50.423565158238006,0,2026-08-25 06:31:47
2024-01-08 20:44:00,CNC-01,L,301.212591527709,313.66845177289775,2307.0862757682357,22.698710198062297,21.05031515188976,2.833760905983935,9.83189579256841,50.29911646778732,0,2026-08-25 06:31:47
2024-01-08 17:47:00,CNC-01,L,300.6937456269017,313.4332297450581,2075.245733470183,29.600539385750885,18.8547919217874,2.5995111081178894,11.680531256174959,48.83772812401082,0,2026-08-25 06:31:47
2024-01-08 22:18:00,CNC-03,H,26.56474071251523,38.52604881988583,2548.017705256987,16.900332025787108,79.59799114944741,31.312885598743076,8.12488695294593,51.5723560921651,0,2026-08-25 06:31:47
2024-01-08 11:07:00,CNC-01,L,298.1675049435677,312.17843431213794,1355.2511477322275,53.34607194452327,41.25500477276129,2.000036916073712,13.196063534149745,52.377971943452906,0,2026-08-25 06:31:47
2024-01-08 17:04:00,CNC-02,M,299.1259092283054,314.3301402426576,1945.9887002801652,40.838133411178006,118.17550184329828,25.88426286420711,14.724459660447494,50.68530090849008,0,2026-08-25 06:31:47
2024-01-08 02:37:00,CNC-02,M,297.6680129199878,311.28101490053945,2404.4662165909913,24.92368892467414,5523.258998333533,3.3710403296049143,11.27006892288168,58.42850741560926,0,2026-08-25 06:31:47
2024-01-08 03:32:00,CNC-01,L,297.9095940887069,311.6402326020281,2433.8770744956405,27.35981624020277,73.12119806394563,2.9650262972081474,12.547340548484273,52.56441057235407,0,2026-08-25 06:31:47
2024-01-08 05:46:00,CNC-01,L,297.81179536217974,311.21940026834716,2038.6568762417328,32.8600244794293,33.767332963348245,2.7070746808010036,12.407242232233145,53.21548756173201,0,2026-08-25 06:31:47
2024-01-08 05:29:44,CNC-03,H,301.6929286211129,309.4678498134702,2165.4076206229665,30.428250629580308,136.0347995856141,3.019117662347278,12.529477750323517,46.343884521236696,0,2026-08-25 06:31:47
2024-01-08 13:03:00,CNC-03,H,297.2918270098609,311.64761239266335,1380.3777143213144,54.86782661807212,103.2634648624639,2.112274172140915,14.287425161710827,59.01697899413193,0,2026-08-25 06:31:47
2024-01-08 06:33:00,CNC-03,H,22.92535652206118,37.80134622974316,1931.7707043335745,38.05059325853216,219.95816197545113,3.1219691418453572,13.733668190424691,58.29046877857573,0,2026-08-25 06:31:47
2024-01-08 10:55:00,CNC-03,H,296.43185023964145,310.96584355398755,1379.6325334522014,51.439459400919624,134.52768138823095,2.1825791138446475,13.189921489397731,62.47193489134923,0,2026-08-25 06:31:47
2024-01-08 13:20:00,CNC-03,H,297.1424909393347,311.5627507110415,1322.6192345375434,54.70691426183502,130.1674432966487,2.1585582920698703,13.338746361364791,53.05390878858474,0,2026-08-25 06:31:47
2024-01-08 02:48:00,CNC-01,L,298.10770779286406,310.5774648426346,2509.7704414520276,19.807863057427326,22.451338848595455,2.963156330424375,9.359641849364372,49.7897563027941,0,2026-08-25 06:31:47
2024-01-08 04:10:00,CNC-02,M,296.7541289888646,310.18356224398576,2270.347758814296,26.696448038400263,75.46743360498752,2.8633133330095357,11.369274378290708,55.97943995122932,0,2026-08-25 06:31:47
2024-01-08 16:48:00,CNC-01,L,300.460889946802,315.30745047567,1799.0343850392665,42.71071801599399,141.96830606024895,2.6581529949184723,14.127475192333915,49.281139539142075,0,2026-08-25 06:31:47
2024-01-08 14:15:00,CNC-02,M,297.6498357589939,312.1611330479591,1499.9062018532347,49.60419186618905,81.26521185337934,2.15531437181818,13.996820712925148,56.434067685015926,0,2026-08-25 06:31:47
2024-01-08 07:36:00,CNC-01,L,297.610936493429,312.249997665595,1833.9929147164705,39.72522874714859,185.69648899810048,3.0059005055698558,13.556258907577252,55.0514562591876,0,2026-08-25 06:31:47
2024-01-08 00:54:00,CNC-03,H,298.7540633359784,311.4595414623859,2665.8492556479664,19.685417101776107,65.82110003439921,3.2493796198872804,9.584258713215297,56.221127137461366,0,2026-08-25 06:31:47
2024-01-08 22:13:00,CNC-01,L,27.764206338889323,40.689619450762564,2534.231145417564,20.629975748930164,120.38997781616426,3.1724507215574302,9.844169024860795,45.90451541807777,0,2026-08-25 06:31:47
2024-01-08 10:09:00,CNC-02,M,296.0670421122976,310.36609930321976,1439.6356699526486,48.60724496967462,139.9982240984385,21.890266978138825,13.118217085063195,56.38528350588552,0,2026-08-25 06:31:47
2024-01-08 21:53:00,CNC-03,H,26.836718009742356,39.365292208890764,2518.9895722931474,20.192902134686516,52.179212944270915,3.0742804445220084,9.6302252390917,51.96492466771237,0,2026-08-25 06:31:47
2024-01-08 11:38:00,CNC-01,L,298.240102853638,312.0302876195402,1308.2755132063119,49.782049114584964,90.55000520082238,2.0096206663554685,12.255313511688131,54.69121363757568,0,2026-08-25 06:31:47
2024-01-08 21:05:00,CNC-01,L,301.0428242200161,313.2835668073812,2579.7582204143987,18.513377633024007,45.148851490302064,3.24104562771713,8.846222000433292,50.22089447946956,0,2026-08-25 06:31:47
2024-01-08 21:06:00,CNC-02,M,299.7913657771297,313.5010834812448,2534.8678956251915,21.534650966169437,210.82713398769596,3.846551351398452,10.025440354358826,50.276744030598046,0,2026-08-25 06:31:47
2024-01-08 02:50:00,CNC-02,M,297.5952380832135,311.46224237433483,2565.0154937931293,24.341289087343082,197.82233811478994,3.7192967704581354,11.875360165360265,57.19766224545144,0,2026-08-25 06:31:47
2024-01-08 04:15:00,CNC-03,H,296.45106775506406,308.9998099787314,2462.766217059362,21.11088913109233,42.13165645329859,2.9900512176086598,9.73355672880671,57.154299916885336,0,2026-08-25 06:31:47
2024-01-08 21:45:00,CNC-02,M,299.57282091681964,311.3785945040998,2634.252863152724,13.593556716061903,16.873898196980367,3.0628579850264184,6.663051983016626,50.03120516501683,0,2026-08-25 06:31:47
2024-01-08 10:15:00,CNC-02,M,296.09267359464644,311.10645171499357,1391.958069799556,53.52346819550181,149.44786887322272,2.3304508620352804,13.99331849602112,58.70146053169402,0,2026-08-25 06:31:47
2024-01-08 21:54:00,CNC-02,M,26.357613226900924,38.62239884655281,2732.9867267297127,16.35323898141218,26.904818098964252,3.2186749389191434,8.508490167065274,50.45913006896287,0,2026-08-25 06:31:47
2024-01-08 10:52:00,CNC-03,H,296.6434899774566,310.7389049361674,1360.336216170714,51.81248151616296,129.7739727069297,2.244087147309004,13.149608561257145,59.07763454824976,0,2026-08-25 06:31:47
2024-01-08 11:56:00,CNC-02,M,296.6226808589158,310.85594442128826,1364.1168644823917,51.32535240076386,87.4027492994138,2.115914726047854,12.866643689889093,56.48219091577443,0,2026-08-25 06:31:47
2024-01-08 07:03:00,CNC-02,M,22.70677839667087,37.1001047193173,1848.5699549152162,39.85236697928047,67.22998255664247,2.531473536486153,13.691939074604289,58.59875837117281,0,2026-08-25 06:31:47
2024-01-08 22:46:00,CNC-03,H,26.498060561300292,38.457482705066866,2615.338466675569,16.024170714272838,109.84408035764072,3.2221931406287374,7.929513655838581,50.01922538187078,0,2026-08-25 06:31:47
2024-01-08 02:54:00,CNC-01,L,297.9822713129583,311.0793327149779,2525.4960794874287,23.02781850460364,29.228067357290392,3.048945136535139,10.927660967347121,52.469263406061344,0,2026-08-25 06:31:47
2024-01-08 07:09:00,CNC-02,M,295.59190407725004,309.71144421575394,1818.7281459049716,39.183921047003004,75.66448418391585,2.4940731854882245,13.266584384247752,59.13074268325476,0,2026-08-25 06:31:47
2024-01-08 14:40:00,CNC-01,L,299.5907803314412,313.94338694923533,1615.007053478847,43.29103342399125,174.07366543317715,2.761347576560001,12.922313006077443,49.15543908378875,0,2026-08-25 06:31:47
2024-01-08 21:29:00,CNC-01,L,301.00819205616403,313.87215090893346,2648.3807271424153,19.94819594146597,71.83308582925935,3.146415068463764,9.954413843180761,50.36663301655597,0,2026-08-25 06:31:47
2024-01-08 16:19:00,CNC-01,L,300.2037083681185,315.2703080693791,1759.5579261238884,44.83512631414521,100.41050565826876,2.4611731451622565,14.855189571819237,47.77098982080389,0,2026-08-25 06:31:47
2024-01-08 22:30:00,CNC-01,L,27.918787477286685,40.16170669514287,2694.39300221657,16.05058712310979,138.82666750381333,3.5231369762227223,8.328528816173462,47.27518779342537,0,2026-08-25 06:31:47
2024-01-08 05:39:00,CNC-03,H,301.85330427160824,310.3125086378255,2083.612934944039,34.89408590994882,147.72192828494377,2.9576598757262,13.597320045803936,46.02419606909304,0,2026-08-25 06:31:47
2024-01-08 02:13:00,CNC-03,H,297.77819478762916,311.614146169812,2530.832218242925,25.92929423193946,151.80742097695702,33.18962691997593,12.16193540901746,57.278772294552375,0,2026-08-25 06:31:47
2024-01-08 18:43:00,CNC-03,H,299.4129684002098,312.6748539446118,2105.8557739338366,28.293578182030377,102.93462305917568,2.781379518838098,11.088862212649484,47.38407198767877,0,2026-08-25 06:31:47
2024-01-08 22:30:00,CNC-03,H,26.457334671392232,38.19714470532915,2797.654724477005,14.069653124847632,92.49003837647578,3.3582517531300926,7.52033256588755,55.47300047263096,0,2026-08-25 06:31:47
2024-01-08 19:44:00,CNC-01,L,301.1113024144319,314.854640117426,2340.3830579959135,24.931455971163775,168.76549224107907,3.4741127593734697,10.962105190800823,51.05397585267195,0,2026-08-25 06:31:47
2024-01-08 10:22:00,CNC-01,L,297.5070228620885,312.40151548324377,1329.8179847684858,55.35758165977849,200.58545744463703,2.7839981528985063,13.985194732161037,53.498867748240855,1,2026-08-25 06:31:47
2024-01-08 14:59:00,CNC-02,M,303.46211411574444,312.35179582236555,1597.461823387473,45.66278984661632,149.2692188663034,2.4951027956829908,13.631278032317562,48.89991892506258,0,2026-08-25 06:31:47
2024-01-08 10:14:00,CNC-01,L,297.7152767170204,312.73260952032996,1461.0826160538754,51.94625278715903,187.99297047930293,2.7348146159679487,14.23910571651585,52.61811436050271,0,2026-08-25 06:31:47
2024-01-08 14:28:00,CNC-03,H,297.49335188537106,311.3236616523019,1463.5837864435491,,3.084531322644423,2.113235347814816,13.613794413062344,55.93625511710054,0,2026-08-25 06:31:47
2024-01-08 14:29:00,CNC-01,L,299.2483851216436,313.35698634454184,1529.0619025465176,44.20924110543638,157.26507748611132,2.504592250531548,12.527223011231781,57.540074052653964,0,2026-08-25 06:31:47
2024-01-08 14:05:57,CNC-03,H,297.676496008196,312.6723275729852,1415.451680425204,53.69717825404177,200.68308337860347,2.5660512295787545,14.26994276790688,57.67555667204335,0,2026-08-25 06:31:47
2024-01-08 23:51:00,CNC-03,H,299.34551059609424,312.03029296684974,2686.471869956665,17.876366448573553,179.15318133880837,3.6368902739824676,8.89433814930221,56.554320439033766,0,2026-08-25 06:31:47
2024-01-08 11:09:00,CNC-01,L,298.0609602967572,311.9677383962281,1391.9443357244893,49.37835139933898,44.4306346910791,2.161993836185093,12.697486517677866,55.51711454890817,0,2026-08-25 06:31:47
2024-01-08 08:41:00,CNC-01,L,297.34015809801207,311.83453340734167,1587.669030640555,48.46002604803536,44.66202587020059,2.2956900065928707,,54.694424097241544,0,2026-08-25 06:31:47
2024-01-08 04:47:00,CNC-02,M,296.73873506806234,310.6011417480758,2390.955137412145,27.187737218793742,120.7856396128576,3.0802326175750934,12.192368454325852,57.31933867155539,0,2026-08-25 06:31:47
2024-01-08 06:55:00,CNC-03,H,23.050102876545964,38.22763330219715,1782.74571714675,43.193327058898795,250.57136662935898,3.394636038740403,14.605987679466116,60.08015075685745,0,2026-08-25 06:31:47
2024-01-08 00:37:00,CNC-03,H,298.82028414801704,310.03010979360465,2796.674552123288,11.512649228967218,47.590676861055236,3.3803388856145333,5.844371101254114,53.6398822604628,1,2026-08-25 06:31:47
2024-01-08 17:37:00,CNC-02,M,298.95393374506375,313.41272855018417,1924.5961740823464,36.368291928097115,163.81149540780473,2.8722377131754944,13.10687311930191,54.192216130932714,0,2026-08-25 06:31:47
2024-01-08 10:29:00,CNC-01,L,297.6512416306288,312.47134032632425,1513.1752070370458,48.557960267679775,211.54733105357872,3.190919459478405,13.993068688081603,58.19881938949773,0,2026-08-25 06:31:47
2024-01-08 22:04:00,CNC-01,L,27.709733699872686,40.239038311969296,2736.0092484043935,17.720340810648523,110.61580599903105,3.412252072150242,8.90053989366695,50.46011735350613,0,2026-08-25 06:31:47
2024-01-08 22:09:00,CNC-01,L,27.925260946817502,40.93102861927849,2636.5120954567396,20.41410635476379,115.96037212382213,3.3105664644666692,10.137274332281402,48.3914311765377,0,2026-08-25 06:31:47
2024-01-08 09:55:00,CNC-02,M,295.8917508246515,310.7962264524534,1475.5882339390753,52.22610371955325,118.08037282220047,2.232857561335667,14.28795243691439,59.50415245256145,0,2026-08-25 06:31:47
2024-01-08 11:27:00,CNC-03,H,296.8131697125117,311.5630573124887,1377.7554490963191,50.31312589260103,185.31409321152566,2.4244192273064122,12.859761188024768,54.95965215621118,0,2026-08-25 06:31:47
2024-01-08 19:44:00,CNC-03,H,299.6095572230955,313.2690186693025,2360.6361945459093,,178.8333386231899,3.355478429701455,11.344930811285955,54.1118837063301,0,2026-08-25 06:31:47
2024-01-08 13:09:00,CNC-03,H,297.01786906451497,311.1720378799234,1398.9177118316447,49.234793609707744,112.74544847402399,2.093094897364231,12.970085699813,55.493262057508986,0,2026-08-25 06:31:47
2024-01-08 07:37:00,CNC-03,H,296.24047873084766,309.8996736187378,1790.9024764604787,37.57809831529774,55.33402158059729,2.3723489909074766,12.571815620844024,54.40247314467922,0,2026-08-25 06:31:47
2024-01-08 12:40:00,CNC-03,H,296.90486448588285,311.25522531852516,1359.895112989631,55.09063576291153,66.79996208846885,2.0413805945136185,14.20458468082903,60.069677445895536,0,2026-08-25 06:31:47
2024-01-08 12:45:00,CNC-03,H,296.969012968649,310.87445980097567,1370.7138690427778,49.50725250999169,74.78273718387342,2.0606910534424467,12.775952564199141,61.12788883123241,0,2026-08-25 06:31:47
2024-01-08 11:00:00,CNC-02,M,296.1695454461018,311.39319287580514,1354.3625023239872,54.9854446623894,220.6332141354453,2.8543284830827815,13.949295858590586,55.41141262792998,1,2026-08-25 06:31:47
2024-01-08 05:12:00,CNC-03,H,301.9151761467373,310.43257470610934,2147.1514072261366,34.46288452006664,112.95158724629698,2.910664644916431,13.75023981933283,50.553824545045494,0,2026-08-25 06:31:47
2024-01-08 00:22:00,CNC-02,M,298.99021028768846,310.7195875206466,2776.6618214340356,14.689151332605425,36.20138752423899,3.2562570060121927,7.481676022502372,49.77536128653031,0,2026-08-25 06:31:47
2024-01-08 04:37:00,CNC-02,M,296.62176514038526,310.20633335747414,2280.069776489198,25.185229733129038,108.36211390499388,3.047412677131646,10.983162823940312,58.063527337260474,0,2026-08-25 06:31:47
2024-01-08 05:52:00,CNC-01,L,297.8303140352973,310.82927543309813,2034.5001823985788,28.825590344660174,41.68195447934909,2.55734800916103,11.093348671970261,58.483054772275864,0,2026-08-25 06:31:47
2024-01-08 06:07:00,CNC-01,L,24.839407421719045,38.53481610853157,2015.7188946737017,33.141000611160166,61.784765016775594,2.729177237634384,12.720962853836278,51.86367421708723,0,2026-08-25 06:31:47
2024-01-08 05:46:00,CNC-02,M,296.44060479689983,311.80963991060827,2131.6564863848484,37.85100878876328,196.45948308388714,3.2758631901861093,15.167453114224967,58.068522953952325,0,2026-08-25 06:31:47
2024-01-08 09:00:00,CNC-02,M,296.0801631536211,310.0279847325984,1505.8231433047347,46.467511447585835,33.21735179559421,2.1602625026761753,13.277738919689792,55.590523714762334,0,2026-08-25 06:31:47
2024-01-08 19:00:00,CNC-03,H,299.421493858109,314.2831876515051,2211.3362449747938,35.19583705705318,124.60109139301244,2.844926199471485,14.549354746836052,48.000335326751284,0,2026-08-25 06:31:47
2024-01-08 00:31:00,CNC-02,M,299.1437601852028,310.6931897746344,2548.35840530391,15.068546172062643,45.81894049633837,3.117636507557866,7.255056707321161,55.20347974773389,0,2026-08-25 06:31:47
2024-01-08 06:15:00,CNC-02,M,22.918813772272642,36.90456484875085,1910.5677718777636,37.94680967419434,1.3863636672960666,2.5572837599041938,13.383866551033124,62.66864437442404,0,2026-08-25 06:31:47
2024-01-08 08:25:29,CNC-03,H,295.843889850638,309.4791452014639,1469.96166265888,43.24646188507929,124.079838454237,2.267920265511829,12.045397443881761,56.03818423384381,0,2026-08-25 06:31:47
2024-01-08 06:26:00,CNC-01,L,24.861815414518446,39.096954489430345,1929.7976641807245,37.693227354598335,87.42887263608692,2.5811786060692508,13.56233880624958,52.00487983917696,0,2026-08-25 06:31:47
2024-01-08 11:21:00,CNC-02,M,296.54455657781904,310.5484720059306,1358.6247298029396,49.75748444643206,31.810597457854612,2.118884849716891,12.847559974513823,60.08825652796428,0,2026-08-25 06:31:47
2024-01-08 13:56:00,CNC-01,L,299.1218793669976,313.47716121465976,1544.0568601330233,47.88837956721213,106.0688640371293,2.319017238237107,14.052401102162278,51.48131329639245,0,2026-08-25 06:31:47
2024-01-08 03:31:00,CNC-03,H,297.40324339450314,311.9468627405899,2328.07866255411,28.732429923019634,240.33940799642136,3.8006909349995204,12.416156202221623,58.36399896702771,0,2026-08-25 06:31:47
2024-01-08 11:25:00,CNC-02,M,296.78532343272445,310.4986013263654,1382.4824300718535,49.363050370836625,38.14814744378322,2.074355259357491,12.651007365915556,57.089114243377324,0,2026-08-25 06:31:47
2024-01-08 10:19:00,CNC-03,H,296.26696126802307,309.99325678292206,1469.8178444932798,45.694813818605425,77.72313633959011,2.130926104532983,12.594015000867405,58.05293751020532,0,2026-08-25 06:31:47
2024-01-08 07:22:00,CNC-01,L,297.8263474040062,312.73252410334004,1759.8391129216432,41.988221453566794,165.49148616774298,2.8070114587722794,13.845267734022057,51.62725200325944,0,2026-08-25 06:31:47
2024-01-08 04:05:00,CNC-02,M,296.7506173344363,310.02396282356364,2310.29017620052,24.170138240305995,69.44793879803139,2.9028148072208104,10.463949795708844,51.164160857301674,0,2026-08-25 06:31:47
2024-01-08 02:47:00,CNC-02,M,,310.9809094158442,2538.496215490364,22.11510395651265,194.37009375072634,3.68945008446816,10.367487940869772,57.52912113388418,0,2026-08-25 06:31:47
2024-01-08 14:16:00,CNC-02,M,297.648079075241,312.2433954460315,1428.1598921331806,51.10868121425353,82.84123879050435,2.1071291011860094,13.720347997921468,53.592725828741834,0,2026-08-25 06:31:47
2024-01-08 17:47:00,CNC-03,H,299.29762150644143,312.6800657619127,1936.4537333383464,33.18772324593803,29.68734409823554,2.4382551477140244,12.049572486441301,51.4544452285706,0,2026-08-25 06:31:47
2024-01-08 18:31:00,CNC-03,H,299.2574361681998,312.74428556205,2021.4116157032229,32.202495876315496,87.64835236090012,2.6721551220054085,12.107187310082944,54.515350900111294,0,2026-08-25 06:31:47
2024-01-08 12:27:00,CNC-02,M,296.59040781886046,311.58406137237233,1587.3921875317892,48.06589545682021,136.561339791611,2.3745818800649827,14.294917730320428,58.67327964428921,0,2026-08-25 06:31:47
2024-01-08 11:48:00,CNC-03,H,296.91023857935073,312.05593715677804,1425.180433003674,56.05185258781462,218.64898131295604,2.787390474236734,14.982780127820902,56.2522436221544,0,2026-08-25 06:31:47
2024-01-08 19:59:00,CNC-02,M,299.7850947230821,313.84440897581277,2457.376989895115,26.0589723035174,133.22053339711144,3.0566274500180697,,53.00464186349685,0,2026-08-25 06:31:47
2024-01-08 01:31:00,CNC-02,M,298.4564713233881,311.11668659054254,2656.4088784588494,18.000517092037,109.98921708259905,3.2088621962978072,8.768683165748893,54.16081306221818,0,2026-08-25 06:31:47
2024-01-08 08:01:00,CNC-01,L,297.7837662910194,313.0970315648837,1539.8280038498795,50.71497882013826,222.04066784411833,3.266131672402673,14.464071837999452,52.95835248666485,1,2026-08-25 06:31:47
2024-01-08 20:42:00,CNC-02,M,299.6638073732237,312.7591151033716,2508.317273981652,19.575769860354622,183.3431638733239,3.5920870462748287,9.273531102890752,54.019305749235286,0,2026-08-25 06:31:47
2024-01-08 17:33:00,CNC-01,L,300.79259623473956,314.1264316641673,1966.9834058792408,31.22706245549405,0.0,2.483953155745549,11.545272915516739,49.765023807344065,0,2026-08-25 06:31:47
2024-01-08 21:39:00,CNC-02,M,299.78288442667065,312.18982891594266,2592.06266749454,18.741259638474137,10.232231986918464,3.1810425521733823,9.24502202053572,55.6561045660243,0,2026-08-25 06:31:47
2024-01-08 11:09:00,CNC-02,M,296.18885201210134,310.3861391442752,1336.9720471958321,,12.737464305223305,2.017275263873363,13.507690599706777,61.70476686570963,0,2026-08-25 06:31:47
2024-01-08 16:04:00,CNC-01,L,300.02536279223006,315.04977426091017,1730.6427163531914,46.284341505730694,78.76319686810683,2.4021947015953793,15.162738582670151,50.29321563928655,0,2026-08-25 06:31:47
2024-01-08 10:47:00,CNC-02,M,295.87428427019586,310.67259106250964,1357.110986515472,52.59044257405026,200.046798688918,2.6632092279807846,13.4745209830809,54.944932926991086,0,2026-08-25 06:31:47
2024-01-08 19:25:00,CNC-01,L,307.04461651156896,314.7649840453974,2392.1682561240905,26.05412982488381,145.13614656018515,106.4563666772325,11.740896010503834,40.1012154081138,0,2026-08-25 06:31:47
2024-01-08 01:31:42,CNC-01,L,298.60793240593586,310.4008111722908,2757.9050868656695,12.872170945620715,128.953417676106,3.56749517574804,6.749045535403951,55.01588399760772,0,2026-08-25 06:31:47
2024-01-08 04:35:00,CNC-03,H,296.610241924359,309.7436827494408,2318.5941197589304,24.551810813787878,66.50220367481238,2.9171054184678815,10.726675727896016,55.29160627152347,0,2026-08-25 06:31:47
2024-01-08 10:27:00,CNC-01,L,297.7214926156725,312.80665753027705,1357.145642408908,53.953893455963595,208.42353610199203,2.9323544676337314,13.733811518590224,53.127351914062274,1,2026-08-25 06:31:47
2024-01-08 18:22:00,CNC-03,H,299.2129969273422,312.37433696857806,2266.1055427981273,24.41653481191391,76.0399076207657,2.735843672975568,10.384444746953498,49.911205743506535,0,2026-08-25 06:31:47
2024-01-08 04:52:00,CNC-03,H,296.4289698586364,310.4282205610583,2363.680132281283,28.497490148380333,87.50859686720533,2.9212619913947226,12.865445965329675,58.180821905905866,0,2026-08-25 06:31:47
2024-01-08 16:57:00,CNC-02,M,298.72081914627785,313.02697093000876,1961.441684904507,35.80833429529072,108.46568995606346,2.7961678291958796,13.418228603244213,56.28927406346742,0,2026-08-25 06:31:47
2024-01-08 08:19:00,CNC-02,M,295.6649160521716,310.54374833060297,1575.3724297254141,46.484694874766504,176.66805852018697,2.7084798220621584,13.627558104499608,60.10778878789612,0,2026-08-25 06:31:47
2024-01-08 01:48:00,CNC-01,L,298.08689120363965,310.10757617387895,2592.2947929297507,15.862235016425764,146.22572067080296,3.485819481983799,7.582821497894642,49.25318632325743,0,2026-08-25 06:31:47
2024-01-08 12:04:00,CNC-03,H,296.6751592966728,310.4582984899022,1340.5754241302143,52.53072615068385,9.557357839745777,1.9863974612839002,13.31013559709546,58.80562137136503,0,2026-08-25 06:31:47
2024-01-08 12:28:00,CNC-01,L,298.44530651663405,312.811464871801,1421.9413515866686,50.2397777027523,169.96033617065441,2.5885554365728676,13.28746209410751,56.024731602083754,0,2026-08-25 06:31:47
2024-01-08 03:05:00,CNC-02,M,297.44213545733203,311.55138761828556,2552.659216609524,23.624732150805155,215.0288128854929,3.849190674611391,11.125050459771407,56.720557350605254,0,2026-08-25 06:31:47
2024-01-08 02:10:00,CNC-01,L,298.1209472548082,311.9765940026338,2483.8300088354504,24.313229618630707,170.50865457813188,3.5045710117192233,11.102704902606225,55.09893601350008,0,2026-08-25 06:31:47
2024-01-08 20:21:00,CNC-02,M,299.8542863939762,313.91732276407214,2479.5908183152214,24.12620831554843,159.02281801995412,3.412144677701752,11.081042495383738,50.86314492161068,0,2026-08-25 06:31:47
2024-01-08 00:25:00,CNC-02,M,298.7455221202796,310.1782530916051,2780.1816193535496,13.269754171546234,39.34291741798109,3.2221281856220805,6.792753221491769,56.829549340007794,0,2026-08-25 06:31:47
2024-01-08 13:26:00,CNC-03,H,297.2399826222698,311.8959219498041,1386.3465490889935,53.84552422141982,139.67112305213115,2.2880326140010943,,58.49515584598147,0,2026-08-25 06:31:47
2024-01-08 23:48:00,CNC-03,H,299.46622364841977,312.5560089054214,2591.918541175305,19.295225279561205,175.9801828916194,3.437770200862457,9.391738288630629,47.8725972310812,0,2026-08-25 06:31:47
2024-01-08 08:33:00,CNC-01,L,297.572387600369,310.8264861618081,1733.1209571408122,36.67598412774499,32.72244855570753,2.241987500461659,11.919604720280718,58.08485548754657,0,2026-08-25 06:31:47
2024-01-08 02:01:00,CNC-01,L,298.2492777487518,311.1225643902189,2593.0096684435375,18.943051026967236,160.50187371505226,3.456956138420593,8.971695053507958,51.87864576401259,0,2026-08-25 06:31:47
2024-01-08 17:08:00,CNC-03,H,298.72999443735193,313.6903756647235,1896.9479908701032,38.600663612226654,238.87861624303062,3.386988741941186,14.015694195567413,52.122852828821884,0,2026-08-25 06:31:47
2024-01-08 18:40:00,CNC-02,M,299.62877556515065,312.502978426108,2148.053201062358,25.392444748181195,35.22183035982416,2.777307192932475,10.170227239535228,50.64442150735623,0,2026-08-25 06:31:47
2024-01-08 00:07:00,CNC-02,M,299.03155085948225,310.6713621360359,2887.8769783181033,13.79950903972027,20.198183412723708,,7.282753723924149,50.91887814105064,0,2026-08-25 06:31:47
2024-01-08 16:51:00,CNC-03,H,298.77754569095197,314.29214552628565,1950.883070574675,40.167917085919896,215.26136255563495,3.2502003411520914,14.780745788643815,51.38286491920632,0,2026-08-25 06:31:47
2024-01-08 01:53:00,CNC-02,M,298.066407252328,311.3379151131079,2693.6813806373216,21.279482178559014,133.98148033037202,3.4325257925266883,10.905825312264053,56.116966551715734,0,2026-08-25 06:31:47
2024-01-08 01:54:00,CNC-01,L,298.1225034443466,311.0158763971917,2661.284588549622,18.37793265138006,152.78912333587195,3.462483680336432,9.38275951384842,54.993315713296155,0,2026-08-25 06:31:47
2024-01-08 17:30:00,CNC-01,L,300.4968261844643,315.17564147122755,1898.7383267765401,38.57388039470367,199.81831145029975,3.3204387115833844,13.654390932360347,50.095431269087484,0,2026-08-25 06:31:47
2024-01-08 18:49:00,CNC-01,L,306.6895221543062,315.6333743576787,1963.2601599460759,42.264531989420476,99.98154912689037,2.729546496291019,15.575057836353185,40.66807450322844,0,2026-08-25 06:31:47
2024-01-08 17:24:00,CNC-03,H,298.7649927135615,313.90976793341184,1905.4462453479493,39.89363515710333,260.9062164673677,3.6376146212880185,14.359333059160736,52.21660458136944,0,2026-08-25 06:31:47
2024-01-08 04:31:00,CNC-01,L,297.6933496928564,311.35225744419097,2372.7708165200065,26.123133751755688,143.86057363585653,3.194925185761686,11.60923370844171,56.25517344092197,0,2026-08-25 06:31:47
2024-01-08 02:08:00,CNC-02,M,298.25346204763457,311.54937015010125,2599.335715213413,21.28556969955456,150.54524696405662,3.3747837914408234,10.425030322563103,54.4948744848193,0,2026-08-25 06:31:47
2024-01-08 13:58:00,CNC-02,M,297.4018767646083,311.64752209581076,1554.5298407041616,46.29520871228452,54.87269557673015,2.2134490414372068,13.294575964908715,56.83035333449308,0,2026-08-25 06:31:47
2024-01-08 20:29:00,CNC-03,H,299.4140817477926,313.941637672848,2427.576669818726,26.64675011742035,232.1477203150472,3.8164225534841583,12.21465398106534,54.875819361917046,0,2026-08-25 06:31:47
2024-01-08 04:57:00,CNC-02,M,296.6995473096642,311.047178848295,2193.553372178619,29.844547831460325,133.38175780226794,29.15688611961054,12.317639832937314,61.39724658851141,0,2026-08-25 06:31:47
2024-01-08 18:35:00,CNC-02,M,299.7105605823213,313.54075890928084,2152.6668714811603,29.79539934110088,28.72166171134402,2.7757437142469334,11.932541867218141,49.379863695373444,0,2026-08-25 06:31:47
2024-01-08 23:29:00,CNC-01,L,300.74260687792184,313.9658979367625,2709.7965143065876,20.556909526250504,202.11950038716014,3.9260581841023114,10.345904291627207,49.933699411757864,0,2026-08-25 06:31:47
2024-01-08 11:51:00,CNC-02,M,296.20459186045167,310.65098359612125,1399.0809259836612,53.49121988674736,79.40913632815462,2.005920370569309,13.866396342413472,55.78931410005758,0,2026-08-25 06:31:47
2024-01-08 00:25:00,CNC-01,L,298.91731673111383,310.41590285698413,2752.6968346779895,13.822833480400744,57.76583654406576,3.278066723521128,6.63958188701828,54.797589359327624,0,2026-08-25 06:31:47
2024-01-08 20:40:00,CNC-02,M,299.5575746985537,314.1142261948315,2499.7378648787662,26.86868272582435,181.0630104766621,3.5419753989757523,12.680750245490843,49.8916491147044,0,2026-08-25 06:31:47
2024-01-08 14:43:00,CNC-02,M,303.06543921072796,311.5165561549439,1480.9455984930346,47.41527245757911,124.72497631426312,2.130165774299699,13.111109059306392,46.7594877767601,0,2026-08-25 06:31:47
2024-01-08 11:48:00,CNC-02,M,296.5321512755013,311.0332582005791,1403.9905464081078,52.2709551422247,74.61667623558336,2.0895486093413718,13.723294650273079,59.05913202592099,0,2026-08-25 06:31:47
2024-01-08 12:11:00,CNC-01,L,298.35067949121293,312.9031799589831,1308.1798743446402,54.74295034166054,143.01830451594944,2.281459722321503,13.055266186758098,57.777365376356705,0,2026-08-25 06:31:47
2024-01-08 14:18:00,CNC-01,L,299.28486319545584,313.46286978641996,1462.9374486295521,46.16545837079755,140.26784730472895,2.4052246699298765,12.648998810144729,53.46414123847308,0,2026-08-25 06:31:47
2024-01-08 04:17:00,CNC-02,M,297.00385143791505,310.4091945873567,2250.019356963433,28.30630299038412,83.97615157070247,2.877804518962582,11.656720513968578,53.93079486635237,0,2026-08-25 06:31:47
2024-01-08 11:37:27,CNC-03,H,296.7702557910832,311.3889492775656,1421.2013854437018,50.70477761433276,202.7668421345191,2.6004592472816586,13.381119477134364,59.06362151839739,0,2026-08-25 06:31:47
2024-01-08 08:04:00,CNC-01,L,297.4765143037591,313.01264002634827,1746.7260400601842,46.07922083058573,226.4948829149046,3.548473527663237,15.3268400588734,,0,2026-08-25 06:31:47
2024-01-08 17:30:00,CNC-03,H,298.7854676714833,313.00387129545294,2017.623358291993,37.42544155557954,6.7948975736675745,2.58504067024624,14.268320867218563,50.117213071907926,0,2026-08-25 06:31:47
2024-01-08 00:56:00,CNC-01,L,298.32257686560223,310.52176423516624,2656.9794095282828,17.424253429905065,90.53737322707494,3.3667808473953453,8.604583173561373,57.40275519373734,0,2026-08-25 06:31:47
2024-01-08 17:58:00,CNC-01,L,300.7789351094592,314.2824308424251,2115.8039733739256,30.856560443995143,33.52268621061126,2.7144532796162615,12.345209287981913,48.69496764016771,0,2026-08-25 06:31:47
2024-01-08 07:48:00,CNC-02,M,295.731288506265,310.729565758539,1692.925241341977,45.4396887009839,131.21285305362892,2.421105825095966,14.233680326614362,57.01823823966059,0,2026-08-25 06:31:47
2024-01-08 16:20:00,CNC-02,M,298.51087589888726,312.9784362804412,1849.8064306766141,39.36888592565687,55.592558272301545,2.4740242616984127,13.650125200592498,54.55183130056032,0,2026-08-25 06:31:47
2024-01-08 00:00:16,CNC-03,H,298.9243750019692,310.88538339037467,2653.3119240816245,16.65989229179774,8.244366478493003,3.2091404462049335,8.179998654727658,49.48766890252453,0,2026-08-25 06:31:47
2024-01-08 00:55:13,CNC-01,L,298.3977127601754,309.90006966946817,2639.9177407718166,13.462970326491998,89.46771375879067,3.287264436339587,6.632223712450889,56.293782646939384,0,2026-08-25 06:31:47
2024-01-08 09:47:00,CNC-03,H,296.6544525564298,310.38214290313573,1395.1946520446882,47.0397469808842,28.04996104667248,1.9882585057262963,12.278905326497382,57.134411005005575,0,2026-08-25 06:31:47
2024-01-08 07:49:00,CNC-01,L,297.92764067203393,313.78522053699334,1707.7543799903567,51.22262925551827,204.4406930873212,3.124973937078506,16.490885944945955,56.031716988653066,1,2026-08-25 06:31:47
2024-01-08 14:31:00,CNC-02,M,303.4985777575684,311.9997905264968,1592.873490885236,45.97038254472922,106.13337881662956,2.417666587883001,13.822208879318486,44.159541016025145,0,2026-08-25 06:31:47
2024-01-08 06:56:00,CNC-01,L,24.35691918187308,39.116649066239006,1919.9507641643506,40.22381034273202,128.97825845670366,2.7633721838843517,14.067451625343972,55.148063546081836,0,2026-08-25 06:31:47
2024-01-08 14:26:11,CNC-01,L,299.2935250985787,314.1094716688674,1428.3484285278578,53.00368033044741,152.69629293875548,2.4077218384631363,14.466048802579312,51.91300931365806,0,2026-08-25 06:31:47
2024-01-08 10:12:00,CNC-02,M,296.1017872215099,310.2883421500445,1365.7662766862886,49.12714176740506,144.7186239199652,2.2352149165334443,12.553743865111363,58.278557083756,0,2026-08-25 06:31:47
2024-01-08 21:35:00,CNC-02,M,299.55783132045775,312.1511878506944,2440.9171331299417,21.521237470333514,5.690836010120032,2.963246577488371,9.958546967797801,52.368796293828446,0,2026-08-25 06:31:47
2024-01-08 01:50:00,CNC-02,M,297.8787747715256,311.62927974761897,2566.0021244710615,23.163036748485787,130.7668455208731,3.252808431533116,11.261000741873353,54.68069897510941,0,2026-08-25 06:31:47
2024-01-08 02:53:00,CNC-03,H,297.79755460027525,310.3795633365326,2583.1509036796183,16.65399104363744,196.41446019853862,3.597126785796318,8.120632910639348,56.21487464223386,0,2026-08-25 06:31:47
2024-01-08 21:12:00,CNC-01,L,301.2536491568867,313.267754816457,2650.527061240418,16.371697606236502,52.95539779492607,3.208681677810264,8.21449232403684,46.461461642314106,0,2026-08-25 06:31:47
2024-01-08 13:52:00,CNC-03,H,297.3678140658844,311.9248641663065,1393.7299683296155,51.5351110893767,180.41926295247083,2.4619810434883824,13.342546677562082,61.22158721643345,0,2026-08-25 06:31:47
2024-01-08 14:30:00,CNC-01,L,299.36933115723326,313.81145958316523,1292.1664660460856,52.155719282788006,158.86507748611132,2.3506959710907047,12.45114354378191,54.34334535126838,0,2026-08-25 06:31:47
2024-01-08 21:52:00,CNC-03,H,26.893386635449644,38.08265722125674,2602.1601913144546,13.877132085906942,51.051561383646934,3.1550597338423874,6.73009724921296,51.451205438575876,0,2026-08-25 06:31:47
2024-01-08 13:27:00,CNC-01,L,298.9108490046074,312.75799733845537,1427.0714104181513,47.71986366922761,60.3058209981962,2.0960257744828437,12.668500507212604,55.725671360876106,0,2026-08-25 06:31:47
2024-01-08 16:29:00,CNC-02,M,298.6248364670633,312.9854432907588,1919.0972533993952,37.059915442837486,68.50446796417937,2.5373371887143805,13.408671955975235,54.57038036858537,0,2026-08-25 06:31:47
2024-01-08 16:49:00,CNC-01,L,300.39544447355934,315.38143707737936,1904.626864838928,41.56492696999896,143.37673435553432,2.7830041932191416,14.769897460757454,48.92038262879371,0,2026-08-25 06:31:47
2024-01-08 01:58:00,CNC-03,H,297.74574607235974,310.6235816487054,2638.597379072725,19.209040178434133,135.4964900986092,3.3831780824658306,9.342232622574977,55.47400903651301,0,2026-08-25 06:31:47
2024-01-08 17:59:00,CNC-01,L,301.08956616903447,314.80573771358,1971.4546072161547,33.96014937561478,34.88120405282737,2.611317920251544,12.507868056149876,47.94149497285592,0,2026-08-25 06:31:47
2024-01-08 01:52:00,CNC-03,H,298.1079303360539,311.18091459662514,2419.635786838247,22.572134727499503,128.8610655071536,3.1022654007308548,10.053866029605537,52.945083504035736,0,2026-08-25 06:31:47
2024-01-08 22:59:00,CNC-02,M,299.40238157544576,311.60700605824474,2792.9079186329927,14.627004407719069,97.11707355283347,3.3271246760770454,7.413756093180815,51.40369216758466,0,2026-08-25 06:31:47
2024-01-08 17:59:00,CNC-03,H,299.01636931059016,313.18164317914056,2023.381805972976,36.592750240434704,45.84810741343929,2.659954641712197,13.88331751988301,52.941056517150066,0,2026-08-25 06:31:47
2024-01-08 07:18:00,CNC-02,M,295.6755598529413,310.35081774846384,1794.8206055406692,41.422826579734824,88.45874714236633,2.5107684224096856,14.194115235885379,61.16186672148515,0,2026-08-25 06:31:47
2024-01-08 10:08:00,CNC-01,L,297.38837479726766,311.8594199693457,1464.2295620497252,48.8791631173159,178.54171653217935,2.846368165691726,,56.20358591964825,0,2026-08-25 06:31:47
2024-01-08 15:25:00,CNC-01,L,300.1332644000013,313.3378337244661,1672.6658852116027,38.152133926709425,20.871517482253406,2.4161692958112204,12.004461267017,51.58129080844735,0,2026-08-25 06:31:47
2024-01-08 12:22:00,CNC-02,M,296.643607622648,311.373591352333,1348.703090475231,,128.63241905917292,2.2290923604996915,13.78775082891624,53.73688977376799,0,2026-08-25 06:31:47
2024-01-08 14:10:00,CNC-01,L,299.28552237062183,313.3600177153968,1298.841326391948,1273.0326970840194,127.95953995073465,2.0373153452821935,12.589896363092253,53.27667013397117,0,2026-08-25 06:31:47
2024-01-08 01:41:00,CNC-02,M,298.4183760707266,311.5390816879271,2571.7638841892035,21.29786054801962,120.90121461776731,3.37373202818235,10.349441195983612,54.179113507254144,0,2026-08-25 06:31:47
2024-01-08 14:55:00,CNC-01,L,299.74880674708044,314.85033918706506,1597.425845588332,48.185786862208644,196.67064124024674,2.9119685819551067,14.078972229110212,54.894071852697635,0,2026-08-25 06:31:47
2024-01-08 07:58:00,CNC-03,H,295.91908702321257,310.0270793332831,1751.1135656612007,40.71694202933294,85.97313901166012,2.457618587538706,13.428556622807218,56.32803884327732,0,2026-08-25 06:31:47
2024-01-08 08:20:00,CNC-02,M,295.7396333454639,310.8116240326411,1696.0117717453522,45.787158973318874,178.14805976876588,2.781393074168371,14.770540265683232,57.72946743865731,0,2026-08-25 06:31:47
2024-01-08 20:34:00,CNC-01,L,301.23817729241415,314.05811470338426,2596.2229621423144,21.45074165525404,9.270832375865846,3.1518478551144633,10.458575968329086,51.2219659828889,0,2026-08-25 06:31:47
2024-01-08 22:32:00,CNC-02,M,26.262492605194495,38.83010733768572,2692.5813789921185,17.73065831811644,68.1279718701795,3.23474936190931,8.949136419552714,49.84175727843605,0,2026-08-25 06:31:47
2024-01-08 06:22:00,CNC-02,M,23.147757288266405,37.31696191556773,2048.561272861721,36.52136172931182,10.668318253945595,2.653161172833915,13.774565850272813,62.98433135340997,0,2026-08-25 06:31:47
2024-01-08 06:35:00,CNC-02,M,22.880174966265088,36.369561537198535,1904.9340625280188,34.62067757649182,28.403753226800692,2.4952898623141326,12.332664689136076,60.64446576325941,0,2026-08-25 06:31:47
2024-01-08 04:13:00,CNC-02,M,296.57810678301513,310.22558348457136,2318.0532410250044,28.280792219245704,79.12928291528812,2.883353593145221,12.123175287304091,60.0453433635566,0,2026-08-25 06:31:47
2024-01-08 13:43:00,CNC-02,M,297.0894437804037,310.9410332382486,1528.6847669024567,45.908851552610024,31.556286508180207,2.113320472198255,13.176509727349956,1349.2540597005825,0,2026-08-25 06:31:47
2024-01-08 00:06:00,CNC-02,M,299.12362835894066,310.254488888757,2739.2245099044026,12.739940116826851,19.168183412723707,3.4480338748190387,6.549021232130116,54.099902185824696,0,2026-08-25 06:31:47
2024-01-08 11:24:00,CNC-01,L,298.153185673312,311.80057339584306,1316.7902873852831,49.89635141572572,68.33528715036998,2.0138905115114456,12.537331620852648,53.00640512054375,0,2026-08-25 06:31:47
2024-01-08 13:04:00,CNC-02,M,297.2998203773911,312.35247821438236,1447.2924885401317,50.71352207833842,195.1270900276124,2.729007687793485,13.82304200711598,59.93879402991853,0,2026-08-25 06:31:47
2024-01-08 21:27:00,CNC-03,H,300.2497404124604,312.0633149162702,2641.0515988964034,15.608749702955024,23.411152650758595,3.2405054693440993,7.653887130254627,51.129911241038315,0,2026-08-25 06:31:47
2024-01-08 17:22:00,CNC-02,M,299.0385518145678,313.71912671187806,2033.8268444028276,34.450532119912076,143.29198987344805,2.883832092457994,12.99718523742804,52.502430702427226,0,2026-08-25 06:31:47
2024-01-08 03:12:00,CNC-01,L,297.9348977865688,310.8658660762964,2363.400073691541,24.33391961863573,50.07214476213494,2.947788872243149,10.78307796188678,50.66704581511257,0,2026-08-25 06:31:47
2024-01-08 15:26:00,CNC-02,M,303.69517540982116,312.85044337329794,1659.9972818503031,44.078751674065224,189.85807711031998,2.7586727565042346,13.623853817971884,45.823113540465826,0,2026-08-25 06:31:47
2024-01-08 23:46:00,CNC-03,H,299.62436452384844,312.12640848198356,2656.3096339607305,17.573184611773428,173.8614386472511,3.591370315840543,8.930907723278274,53.09949816704755,0,2026-08-25 06:31:47
2024-01-08 17:25:00,CNC-01,L,300.6628993606765,315.7910334490259,1997.2478967251968,38.65059586579888,192.93220825914088,3.2262222204975433,14.429615924523251,43.85323030654465,0,2026-08-25 06:31:47
2024-01-08 02:52:00,CNC-03,H,297.4034868248859,311.6205384142473,2537.9371911461817,26.95194629574812,195.31619363124156,3.572404418797775,12.572165232336248,55.128785583389714,0,2026-08-25 06:31:47
2024-01-08 23:38:00,CNC-01,L,300.6488918087349,314.0864987307328,2690.9518180998202,20.17646632176753,211.85596199458834,4.132661403880908,10.073059627506886,50.393757463309235,0,2026-08-25 06:31:47
2024-01-08 02:53:00,CNC-02,M,297.4939014237365,311.2220446221579,2493.047012751067,24.545404664371784,201.298113905842,3.7946530397816964,11.258132306403017,57.77076466236322,0,2026-08-25 06:31:47
2024-01-08 13:01:00,CNC-01,L,298.6442297069806,312.1669798673674,1387.2860330261449,48.972536397708545,18.959438173238695,2.092635461048381,12.97786075224294,54.24133978380527,0,2026-08-25 06:31:47
2024-01-08 12:16:00,CNC-03,H,296.9514738306105,311.08176915124164,1479.3956252056266,50.78614778478422,28.637070189032716,2.1663134637164467,13.955135847936447,56.10514552343025,0,2026-08-25 06:31:47
2024-01-08 23:22:00,CNC-01,L,300.9016047331161,313.3739573679669,2805.7698917768557,15.456108380972463,194.63994972453068,3.9688336214538174,8.065876124419232,50.26052444144759,0,2026-08-25 06:31:47
2024-01-08 07:37:00,CNC-01,L,297.65390312222337,313.29512432681787,1671.5999246780573,50.40935965085961,187.20897427811784,2.9725685475155212,15.707993815846288,54.34243618099097,0,2026-08-25 06:31:47
2024-01-08 08:54:26,CNC-02,M,296.0229017356457,309.58426619879225,1450.2607183869127,46.086337129482665,22.62787829841507,2.118915189794252,12.649969214155965,59.38363672444019,0,2026-08-25 06:31:47
2024-01-08 09:51:00,CNC-01,L,297.6688439749618,312.0348540074362,1513.8935341630854,47.14359753144718,152.05253694966495,2.467980253863988,13.359182939803453,52.99774794982893,0,2026-08-25 06:31:47
2024-01-08 01:23:00,CNC-01,L,298.2918508685622,311.21271450201397,2574.015856594443,19.788347272138232,119.3188579940958,3.3702370334346754,9.508496051092834,57.72106612961643,0,2026-08-25 06:31:47
2024-01-08 10:24:00,CNC-02,M,296.2692517384067,311.16148674264923,1331.3629502445367,56.48557435121698,163.66814025806275,2.2516062076838907,14.347624326812179,57.66877872122234,0,2026-08-25 06:31:47
2024-01-08 20:59:00,CNC-01,L,301.435238828829,313.42840573970204,2430.3219672334053,18.712988986194738,38.341426300517696,3.055870357272001,8.494368109702936,48.580357870869484,0,2026-08-25 06:31:47
2024-01-08 04:24:00,CNC-01,L,297.88943375989,312.2875057692335,2264.976557358147,31.631701550518738,135.38072269594375,3.025732961308676,13.278560332224282,55.0264436540992,0,2026-08-25 06:31:47
2024-01-08 06:59:00,CNC-01,L,24.392678195577446,38.78209856499291,1853.3261834676157,37.538203249028285,133.09686427127005,2.7827420344047145,12.938034948206717,55.715765656451005,0,2026-08-25 06:31:47
2024-01-08 22:05:00,CNC-03,H,26.60410489152929,38.540272130903645,2642.896815282619,16.18968910246925,65.32189952919782,3.1273336337447746,7.909075177889636,57.31184894708519,0,2026-08-25 06:31:47
2024-01-08 15:02:00,CNC-02,M,303.4803954067329,312.0454224812579,1605.746880315739,44.46216684575776,153.80374139769185,2.548769065672559,13.509730463279775,44.8240394747218,0,2026-08-25 06:31:47
2024-01-08 18:29:54,CNC-01,L,306.62552302060806,,2155.9301866901533,28.155831483103803,74.25109602471322,2.7697399586019706,11.240201586411208,35.346216415489415,0,2026-08-25 06:31:47
2024-01-08 19:43:00,CNC-01,L,301.363009736032,315.3230080738266,,27.521253803983228,167.554706154228,3.3064278345879425,11.85863162384811,53.50928200174489,0,2026-08-25 06:31:47
2024-01-08 02:41:00,CNC-02,M,297.8622417669447,311.4743809308922,2550.770392734312,22.377436186918946,187.50881378447946,3.5798715810612394,10.861763020661325,53.325171112538065,0,2026-08-25 06:31:47
2024-01-08 17:52:25,CNC-02,M,299.21340683558316,313.80522682666106,2039.0021949070424,33.79798798889065,184.03687331137198,3.1609578801114875,12.794040367460221,54.94400408911441,0,2026-08-25 06:31:47
2024-01-08 02:30:00,CNC-03,H,297.60832851932355,310.16457460124263,2453.0795423937893,18.626510164442813,170.6787682574168,3.330850511986646,8.47143299337666,55.063998949782686,0,2026-08-25 06:31:47
2024-01-08 10:57:00,CNC-02,M,296.19663421337845,311.6186843161294,1367.027877439832,58.19272914363276,215.94043921532187,2.8431103325067055,14.568180025900741,62.434547987060725,1,2026-08-25 06:31:47
2024-01-08 23:22:00,CNC-02,M,299.3177224035114,312.36951034042784,2669.0297808429777,17.7981099497348,121.6848264270245,3.3893932901592843,8.910393502736827,52.970146856597935,0,2026-08-25 06:31:47
2024-01-08 01:33:00,CNC-01,L,298.66383868796424,311.0662376650235,2744.9365721435593,16.736875740109888,130.0329059832724,3.5354414010281796,8.78701798543453,55.90379004750109,0,2026-08-25 06:31:47
2024-01-08 10:11:00,CNC-03,H,296.76781279618393,310.7639103217002,1503.5471111225395,45.90949076845752,65.39773857100568,2.126793501392952,12.827130059096213,57.06619468855551,0,2026-08-25 06:31:47
2024-01-08 05:20:00,CNC-01,L,297.60021792581233,310.8172877286017,2268.07489042261,27.894693847494914,0.0,2.818170732852945,11.910785108589348,57.04161133476916,0,2026-08-25 06:31:47
2024-01-08 22:31:00,CNC-01,L,27.98233065723315,40.02424927231891,2805.898037723573,13.907071080023668,139.86575893098438,3.68412260605487,7.258497014317231,48.552315663221144,0,2026-08-25 06:31:47
2024-01-08 16:49:00,CNC-02,M,298.79908699232067,313.4018672416987,1641.24619979092,44.238784752784994,97.14899884440119,2.37487195873881,13.722841947290405,58.66964258721459,0,2026-08-25 06:31:47
2024-01-08 19:22:00,CNC-02,M,299.58148366780637,313.2903782746421,2214.088438011531,27.817219058006046,88.11828539526037,2.973081760875312,11.572461588612493,51.67947064321628,0,2026-08-25 06:31:47
2024-01-08 21:11:00,CNC-02,M,299.5948038957774,313.7633049236615,2572.4130351914246,22.776690237515755,216.4078923348878,3.872428276578507,11.046196959811406,49.07586011476938,0,2026-08-25 06:31:47
2024-01-08 22:04:00,CNC-02,M,26.561931656093236,38.96334859501616,2428.7547154337744,18.377722499936645,37.79618279742586,2.990325008726157,8.444540428272305,53.89013266398329,0,2026-08-25 06:31:47
2024-01-08 18:06:00,CNC-01,L,300.9509404559974,314.350112183561,2057.604065304927,31.587135426154084,44.04075432437288,2.732243624409095,12.124788737799891,48.93599395380712,0,2026-08-25 06:31:47
2024-01-08 00:45:00,CNC-02,M,298.9979622467385,311.1711039554672,2630.898522522862,16.940946912455825,60.73071610242619,3.2162736659449376,8.30671385636478,52.838151640320824,0,2026-08-25 06:31:47
2024-01-08 03:15:00,CNC-01,L,297.7052674365376,310.5248155169522,2490.6705820893217,22.030789714276917,53.529506830529805,3.096453492546362,10.070735602580863,55.06370297445986,0,2026-08-25 06:31:47
2024-01-08 18:33:00,CNC-03,H,299.3174862902981,312.87235416475716,2213.6737575237894,29.549362281694023,90.18126876439202,2.95231757868611,12.056133956928246,53.270838952135136,0,2026-08-25 06:31:47
2024-01-08 18:19:00,CNC-03,H,299.27900355924083,313.0446667894487,2001.2636058514731,33.279764056982906,72.24833779894426,2.5981870560013243,12.458483363511357,48.727708561866834,0,2026-08-25 06:31:47
2024-01-08 07:04:00,CNC-01,L,24.546251833919996,38.85150817642079,1753.6673620621796,40.23441051775855,140.05312162539948,2.6118554718972793,13.004619068617526,57.3428955904176,0,2026-08-25 06:31:47
2024-01-08 13:12:00,CNC-01,L,298.6168709359119,312.8069224719024,1468.131128192628,51.34033117565045,36.48592410540597,2.1846544139720123,14.117214771343754,56.70642460901872,0,2026-08-25 06:31:47
2024-01-08 23:48:00,CNC-02,M,299.0264600124968,312.0125699146508,2792.9629515549295,17.445459497613296,149.29053235163875,3.5940479490841635,8.86249395092459,53.0396398529152,0,2026-08-25 06:31:47
2024-01-08 04:40:00,CNC-02,M,296.75050028428626,310.60312634289534,2342.17787974282,27.956221437042977,112.03753958146139,3.0679287790509235,12.31453676885604,60.21121295510583,0,2026-08-25 06:31:47
2024-01-08 08:45:00,CNC-02,M,295.9857843044379,309.9066241121756,1546.3530148055165,,10.36362120316594,2.1832144369991653,12.939769140370677,55.59277517000059,0,2026-08-25 06:31:47
2024-01-08 07:15:00,CNC-01,L,297.4581984437779,312.1310416624632,1755.0209829474566,41.22930500623489,155.5769647383664,2.8475651695147914,13.680967170738692,54.62709891240104,0,2026-08-25 06:31:47
2024-01-08 16:39:00,CNC-01,L,300.2441791705806,314.67222371487185,2001.2504282270286,35.84396675178721,129.02912950117744,2.848997714272292,13.276040247894565,48.46931291929831,0,2026-08-25 06:31:47
2024-01-08 11:13:00,CNC-02,M,296.36990705738606,310.36784103717844,1536.9348132757286,47.7280678454854,19.10549833567808,2.0956154086713155,13.694419978274464,58.416284507942706,0,2026-08-25 06:31:47
2024-01-08 08:32:00,CNC-03,H,296.13436929633656,311.1145356680054,1694.654131907208,48.32627515171632,136.10088865671435,2.5045459034197415,15.405040543890944,61.07745649493382,0,2026-08-25 06:31:47
2024-01-08 20:48:00,CNC-02,M,299.4550958547384,312.64840697667,2488.57640312244,19.661490388730712,190.21277002362112,3.5452386713236077,9.171629060030197,50.67591382495945,0,2026-08-25 06:31:47
2024-01-08 21:15:00,CNC-01,L,301.2076880918872,313.8792858581742,2561.9337869363794,20.876584215673155,56.36380236988817,3.1092079705534945,9.988038828516286,46.69056868933417,0,2026-08-25 06:31:47
2024-01-08 06:00:00,CNC-01,L,24.727723706095503,38.41677053527269,2040.8581472822434,31.805902921765387,52.34118707666119,2.6139920519601847,12.043153448109557,55.995758569462126,0,2026-08-25 06:31:47
2024-01-08 10:27:00,CNC-02,M,,311.3816542947518,1440.0716594622677,53.862950889072934,168.4242697547334,2.3415123172053374,14.619474207885407,60.58146566051598,0,2026-08-25 06:31:47
2024-01-08 18:25:00,CNC-03,H,299.4470598665979,312.7430929914425,2225.058584484887,27.53913409684568,79.87901825014707,2.8700490334068003,11.510786590864887,51.103142664073324,0,2026-08-25 06:31:47
2024-01-08 17:19:00,CNC-01,L,300.4445951068918,315.5650340229796,1850.2016373521278,41.220988942131164,184.734573972665,3.0334165448094152,14.235597864795572,51.36974919200577,0,2026-08-25 06:31:47
2024-01-08 13:38:00,CNC-03,H,297.4155152527634,312.3065994768878,1498.4215081304953,51.292500159271,158.48123661125106,2.3787505048159563,14.293954372256158,56.54114081578313,0,2026-08-25 06:31:47
2024-01-08 00:15:00,CNC-01,L,298.7885907043176,310.03641458502636,2841.6407564618585,,47.123937060622566,3.400111707594194,6.634393102638887,58.31521433305298,0,2026-08-25 06:31:47
2024-01-08 18:26:00,CNC-03,H,299.55785710792003,312.82913880823367,2124.441825832059,29.085237470813787,81.15146624113137,2.6906625787136296,11.2111588498225,51.7123204311651,0,2026-08-25 06:31:47
2024-01-08 15:00:00,CNC-02,M,303.4718961305991,311.8346509311029,1471.121235705383,46.17360493177318,150.80336962372118,2.4183816242092044,12.660284770842896,45.6320159389257,0,2026-08-25 06:31:47
2024-01-08 06:47:00,CNC-03,H,22.8943445847097,38.18878151856569,1743.8852700290659,43.96204233360794,239.45770345241334,3.3514808073243043,14.199075113040024,60.533660039377125,0,2026-08-25 06:31:47
2024-01-08 06:50:00,CNC-03,H,23.006944995310732,38.51085693628687,1784.3163672550716,46.4683949433369,243.65207761909738,3.480718694373987,15.350320916670116,55.23275490118933,0,2026-08-25 06:31:47
2024-01-08 16:17:00,CNC-01,L,300.1175436173658,314.21378205845355,1656.328893825434,42.867148316532834,97.5217728663717,2.3925436380328335,13.040805785788553,51.96733577991615,0,2026-08-25 06:31:47
2024-01-08 04:30:00,CNC-01,L,297.455483203536,311.20146664767987,2352.279732793608,26.906070599757008,142.63638120416857,3.223303207174182,11.60725225019707,54.26806423242191,0,2026-08-25 06:31:47
2024-01-08 19:04:00,CNC-01,L,306.83053897465675,314.76137152306825,2309.702642978289,29.274798372118088,118.9553187826169,3.1065218300216504,12.558231240795205,43.59799040299085,0,2026-08-25 06:31:47
2024-01-08 05:46:00,CNC-03,H,301.7461853731936,309.81355735150026,2061.227442841419,32.22382249571832,156.83601012591583,2.8973023113134824,12.496256280199546,45.47405686389759,0,2026-08-25 06:31:47
2024-01-08 15:06:00,CNC-02,M,303.4805930070215,312.22638553739415,1696.3712001023866,43.49371186455836,159.90631368425085,2.6816268418429705,13.749739601074564,44.07649899998656,0,2026-08-25 06:31:47
2024-01-08 07:53:00,CNC-02,M,295.7303822278392,310.6370088906259,1844.2821384324986,41.56399233640414,138.47768779449655,2.700884397162346,14.447700428313157,60.40021061738749,0,2026-08-25 06:31:47
2024-01-08 12:52:00,CNC-03,H,297.3446787301798,311.23614361295677,1487.2390260541997,46.38268656226373,85.81024617797235,2.203600760153577,12.527223601434955,55.15108682005077,0,2026-08-25 06:31:47
2024-01-08 23:43:00,CNC-01,L,300.5980937853545,310.8207010167499,2761.6974162818187,8.203039015651658,0.0,3.2554670048603875,4.4474836823393895,48.35268366573596,1,2026-08-25 06:31:47
2024-01-08 07:52:00,CNC-03,H,295.7739831363374,310.2825677512309,1718.9230085547993,42.38821095516889,77.15866012080329,2.3088943938971345,13.839333043767489,65.77347514582438,0,2026-08-25 06:31:47
2024-01-08 11:39:00,CNC-03,H,296.75329309701067,311.7557723669955,1391.1235182428977,53.73898086390845,204.34836247498166,2.5552360987098823,14.10486572609231,56.650651270635706,0,2026-08-25 06:31:47
2024-01-08 01:40:00,CNC-02,M,298.2732409547543,310.63682651298996,2634.766821311382,17.64640652579065,119.78310182279513,3.3639639923773172,8.645604855464155,59.49370971928649,0,2026-08-25 06:31:47
2024-01-08 14:25:00,CNC-03,H,297.49935179834023,313.3603979589495,1582.7920120290946,52.636639709632526,231.43644308093099,3.0742952714312404,15.677946540109282,57.14800386669351,0,2026-08-25 06:31:47
2024-01-08 11:35:00,CNC-03,H,296.7318495724865,311.7339104686563,1421.7603059400844,54.1359421318829,197.99031250058005,2.5658903997713347,14.586978428956971,51.62513961575121,0,2026-08-25 06:31:47
2024-01-08 22:20:00,CNC-03,H,26.45685515182339,38.269192239632446,2742.039722123205,13.630910257100252,81.7427594684657,3.3326318932500167,7.028374832029571,52.575990637010314,0,2026-08-25 06:31:47
2024-01-08 11:32:00,CNC-03,H,296.6661302875786,,1436.8642505154291,52.10088725876137,193.20131022428302,2.541667848705361,13.954269042103736,59.22226470300194,0,2026-08-25 06:31:47
2024-01-08 18:23:00,CNC-03,H,299.185292303213,313.2023032845965,2059.573249481397,33.07383942707121,77.36666759984631,2.7943550501261463,12.94269790480991,53.015920554475564,0,2026-08-25 06:31:47
2024-01-08 06:53:00,CNC-02,M,22.54902851814495,37.00471931142101,1929.106401292964,38.035315656354754,53.21317632656066,2.440010618455288,13.75171769568935,59.8807402715448,0,2026-08-25 06:31:47
2024-01-08 11:11:00,CNC-01,L,297.7542628632912,311.4590687987935,1373.400512424217,50.24011022656643,47.6218315328676,2.11497098654147,13.015435377610563,52.59570364794668,0,2026-08-25 06:31:47
2024-01-08 22:51:00,CNC-02,M,26.434591103183095,38.6544692189903,2650.8043368433423,15.634765705634264,,3.1864443237388294,7.556913508463753,53.1839236006153,0,2026-08-25 06:31:47
2024-01-08 23:03:00,CNC-03,H,299.7586842806635,312.82209440542795,2697.189559615856,20.092179849901544,128.09274086939834,3.45093771227307,10.332518263090538,51.87467937129524,0,2026-08-25 06:31:47
2024-01-08 06:43:00,CNC-01,L,24.56376348567676,38.97823363399664,1838.232052102636,42.043109157824134,110.82144485279993,2.5963835848936467,14.54166292889638,56.94871589714155,0,2026-08-25 06:31:47
2024-01-08 00:22:00,CNC-03,H,299.0009561606754,311.13068070695743,2553.737499714314,18.089667167383347,31.632766775512827,3.1351303227440273,8.691700315802079,52.10216950235876,0,2026-08-25 06:31:47
2024-01-08 02:05:00,CNC-02,M,298.0986017824565,310.79309741771374,2571.4407631279937,18.81041803474614,147.2310675416662,3.3279897501795914,8.973577230937728,51.13229546838168,0,2026-08-25 06:31:47
2024-01-08 17:01:00,CNC-03,H,298.591001723998,314.0703786390338,1784.815881297399,45.125747561631826,229.26537055642356,31.38216559119878,14.903146889616611,54.735353443447885,0,2026-08-25 06:31:47
2024-01-08 05:37:00,CNC-03,H,301.7955737621171,310.0989532866681,2234.3292318360704,30.658591447627632,145.08983016373134,3.04585860237808,13.054144941926982,50.72726386311395,0,2026-08-25 06:31:47
2024-01-08 05:32:00,CNC-03,H,301.9788111758765,309.9878083036645,2093.692297655803,32.54040895479532,138.68931607075865,2.82865387620609,12.909280323864108,47.87768711259434,0,2026-08-25 06:31:47
2024-01-08 20:26:00,CNC-03,H,299.7011499207497,313.78868926071306,2535.595548144973,23.335026769016004,228.63640653940567,3.8462597159825145,10.941379926336047,55.008472839936765,0,2026-08-25 06:31:47
2024-01-08 22:03:00,CNC-02,M,26.446647221470187,38.40909680460055,2732.244015392798,14.642261231262385,36.66104346748009,3.325787377683807,7.617615450654441,50.34220435393268,0,2026-08-25 06:31:47
2024-01-08 11:30:00,CNC-02,M,296.4114345611013,310.1837746582983,1407.3892856413545,48.84211154169125,46.07590958908304,2.1844526463101137,12.782804849466373,59.703411188203944,0,2026-08-25 06:31:47
2024-01-08 15:05:22,CNC-01,L,299.7535937498361,314.81411335196765,1566.3991546123762,49.29712442529445,211.92454830227433,3.1560125024640726,14.615441450299585,52.730943300755925,0,2026-08-25 06:31:47
2024-01-08 05:14:00,CNC-02,M,296.38531071919306,311.19165759013663,2266.6317196966106,33.225040083301955,154.98907373401244,31.596534118943605,13.753847146456097,58.10740885994679,0,2026-08-25 06:31:47
2024-01-08 19:56:00,CNC-01,L,301.66871562136225,315.1484438792661,2473.012973464329,22.59237736573877,183.21165267096924,3.6418538159915443,10.526364023833372,49.98681330038623,0,2026-08-25 06:31:47
2024-01-08 02:29:00,CNC-03,H,297.85746742201985,311.33661653087563,2538.0516173599412,22.268833038998327,169.53172883312516,3.4208860216697143,10.678050737178276,53.91734800861863,0,2026-08-25 06:31:47
2024-01-08 06:28:00,CNC-01,L,24.561649016520562,39.274089417850405,2075.9445114115742,36.7441944044475,90.15979002443774,2.753273278388754,14.274137527952472,56.26982995946899,0,2026-08-25 06:31:47
2024-01-08 07:12:00,CNC-01,L,297.5167900858956,312.2603145213728,1708.4463432263526,42.56348919950956,151.32775649772185,2.7106939150848044,13.624850633665547,53.85887471041688,0,2026-08-25 06:31:47
2024-01-08 07:07:00,CNC-02,M,295.97906557485385,310.00096854298937,1927.434879242837,36.126450508005355,72.83335862724955,2.571375487134783,13.000474776269185,57.98009575050441,0,2026-08-25 06:31:47
2024-01-08 00:12:00,CNC-03,H,299.23705370204715,310.8616303522297,2643.7759315944145,16.361903623282345,20.919526134123306,,7.986125629279623,55.16063808782553,0,2026-08-25 06:31:47
2024-01-08 12:13:00,CNC-03,H,296.92714174700956,310.54567575285853,1418.7971234854247,45.96384265539194,23.902750222679447,2.0940849737242204,12.0463974395354,54.84213203695193,0,2026-08-25 06:31:47
2024-01-08 17:08:00,CNC-01,L,300.6262934933955,315.54793132459395,1878.5941968228028,41.24297737529905,169.85789161633724,2.9909019876337033,14.627847797321174,52.0867558717442,0,2026-08-25 06:31:47
2024-01-08 22:24:00,CNC-02,M,26.460798904886076,38.77931923271234,2682.561421664184,16.314030918268738,59.632649072988464,3.3201323685387965,8.122060321147613,52.059747753797225,0,2026-08-25 06:31:47
2024-01-08 18:55:00,CNC-01,L,306.4647630172888,314.1027168014028,2133.1034932335565,29.670667636596644,107.64393958558685,2.9021401331887655,11.645429276946237,36.79382113685417,0,2026-08-25 06:31:47
2024-01-08 08:26:00,CNC-01,L,297.4292489453184,311.2964040262641,1511.0316692804058,46.41525936774518,22.308587435223952,2.293104706310002,13.21116960584313,52.72234804605637,0,2026-08-25 06:31:47
2024-01-08 07:46:00,CNC-02,M,295.91956825427616,310.42173774345156,1740.9446848198083,42.14214200115606,128.2975833059992,2.430178271051063,13.72108660644951,59.83805534424131,0,2026-08-25 06:31:47
2024-01-08 16:24:00,CNC-01,L,300.44481506449534,314.8883149633933,1754.129079611252,42.26384059527391,107.63115984700902,2.456605751734008,14.05296730488159,53.128556481212826,0,2026-08-25 06:31:47
2024-01-08 04:44:33,CNC-02,M,296.6536927339915,310.2415682440031,2266.1948553771517,27.7401096120261,118.27103334148791,2.9712815822592105,11.78221737052084,56.87295770379262,0,2026-08-25 06:31:47
2024-01-08 11:57:00,CNC-03,H,296.81963372222526,311.60683812449366,1380.8044691965151,51.598916660011604,232.959892898381,2.838895690659559,13.429351625119143,57.119026444937,0,2026-08-25 06:31:47
2024-01-08 16:35:00,CNC-03,H,298.6487375418496,313.6433586000164,1854.8716354003657,41.7824952722688,192.5146762713636,3.02891510484248,14.822463194017509,53.233622254373614,0,2026-08-25 06:31:47
2024-01-08 09:47:00,CNC-01,L,297.5070627603976,311.6748223347161,1452.3615563060307,47.74101712010578,145.9368109446481,2.4644713887436187,12.895525466139674,57.322229818982365,0,2026-08-25 06:31:47
2024-01-08 17:15:00,CNC-03,H,298.3365885147002,313.1327705818265,1872.3670897610323,39.421525826423554,248.64547879552677,3.424930635466572,13.61312591228349,51.34683886422806,0,2026-08-25 06:31:47
2024-01-08 16:19:00,CNC-02,M,298.3929457479145,313.2553133966141,1796.5766728396482,44.84835260610978,54.20143791214194,2.4121814276309688,15.110561950125584,55.346347112688285,0,2026-08-25 06:31:47
2024-01-08 07:31:00,CNC-01,L,297.57904456683684,312.6553614219708,1823.9967430397085,42.46063463120849,178.47004822691153,2.9848403093352562,14.699427196272657,54.47196015710993,0,2026-08-25 06:31:47
2024-01-08 07:41:28,CNC-01,L,297.2663285986749,312.27852681239943,1724.1703032020305,43.79579689220979,194.42560486943967,3.014003508509661,14.421867899580414,57.515867615426004,0,2026-08-25 06:31:47
2024-01-08 18:20:00,CNC-01,L,301.10125395845546,315.0276940330019,1978.7827522701864,35.131569533538965,62.44148979029374,2.5987610581944733,12.891731336756191,50.9038724742799,0,2026-08-25 06:31:47
2024-01-08 11:13:51,CNC-03,H,296.5357117688993,311.3379433418807,1366.6444136289965,54.87360665034751,164.7023202257947,2.30969822572147,13.778387406997794,58.64038163130406,0,2026-08-25 06:31:47
2024-01-08 21:47:00,CNC-02,M,299.8413243104444,312.13937622449373,2498.071802650117,18.649934472157284,,29.884924585993577,9.049701602626387,50.62845249169599,0,2026-08-25 06:31:47
2024-01-08 21:51:00,CNC-03,H,299.8371257364082,311.3852179865384,2579.669564857161,14.644003975909833,49.95800570471665,3.073922474406608,7.136504643369852,45.79990895477455,0,2026-08-25 06:31:47
2024-01-08 05:11:00,CNC-03,H,301.80745216029936,309.02880058566734,2079.1179812957007,28.24165987075844,111.67572959988846,2.7297889607151107,11.266822827464214,53.7120041454127,0,2026-08-25 06:31:47
2024-01-08 18:48:00,CNC-03,H,299.6071790436611,313.91991642190897,2019.0562313672374,35.761752191410714,109.26590789421853,2.617391152572269,13.593137047764628,49.63562405644173,0,2026-08-25 06:31:47
2024-01-08 17:00:00,CNC-03,H,298.6921627923485,314.3183730717394,1952.0523055349643,41.632515073927514,227.83744186147206,3.428478908059497,15.271606289157958,57.10428979183375,0,2026-08-25 06:31:47
2024-01-08 18:13:59,CNC-01,L,300.9424790459593,314.63326316443045,2152.8123586173056,31.28369058819514,55.922938928922036,27.677381974686096,12.846768864980657,51.07252962377836,0,2026-08-25 06:31:47
2024-01-08 17:30:00,CNC-02,M,298.82760652312754,313.2967795591451,1955.432594266461,35.674807880786624,154.27483293618099,2.74067714459821,12.89311806566532,55.03695120346381,0,2026-08-25 06:31:47
2024-01-08 05:26:00,CNC-03,H,302.13916951241345,310.7240538290202,2155.8092528229895,33.57435563654644,130.89983224449406,2.885100797352892,13.61594507939704,48.38733117786345,0,2026-08-25 06:31:47
2024-01-08 21:49:00,CNC-01,L,301.1113407113143,314.65405754522567,2453.47585162681,25.65864111010184,94.27053824358055,3.131550182886931,11.825479152966865,49.945896836088636,0,2026-08-25 06:31:47
2024-01-08 15:02:11,CNC-02,M,303.4263713236462,312.3072117466599,1527.9958839468886,49.063788347483275,,2.368132418021318,13.772090167615048,47.81614247289164,0,2026-08-25 06:31:47
2024-01-08 23:38:00,CNC-03,H,299.36312892791886,312.14153125375213,2658.995597463092,18.744798316785367,165.40387047892935,3.4371358465040425,9.374521137782711,51.005443937211666,0,2026-08-25 06:31:47
2024-01-08 11:28:00,CNC-03,H,296.3748241650806,310.91293117648735,1308.6063359009213,54.18079387326002,186.91409321152565,2.365621647031979,13.371846072863493,56.27237382184079,0,2026-08-25 06:31:47
2024-01-08 08:32:11,CNC-02,M,295.73082785537315,310.34164658968797,1392.2699365751753,50.58953321721925,196.13457543556024,2.62852777343871,13.038812909155336,59.6838279733191,0,2026-08-25 06:31:47
2024-01-08 12:33:00,CNC-02,M,296.8905801509967,311.44570561877214,1333.6818923733283,49.37075909496224,146.02447070141685,2.2215878877899486,12.280096556112973,56.35949391390061,0,2026-08-25 06:31:47
2024-01-08 14:45:00,CNC-02,M,303.4847288560497,312.54700689251825,1535.3560384217692,50.52283931586576,127.82880346874762,2.3742570339534836,14.49658128775159,42.38806685640897,0,2026-08-25 06:31:47
2024-01-08 11:13:00,CNC-03,H,296.7946549626916,311.3261343796953,1353.469594810889,52.970820750286954,163.1023202257947,2.263098492086557,13.648343293505807,59.31473764404419,0,2026-08-25 06:31:47
2024-01-08 16:36:00,CNC-01,L,300.54373984687686,314.983852007944,1674.7901344183215,42.55912286628925,124.84079513919069,24.979206979489966,13.178976178296415,51.31283664488956,0,2026-08-25 06:31:47
2024-01-08 10:41:00,CNC-02,M,296.2840512300033,311.0631743412368,1348.2817558196411,52.892584051020506,190.50192163247922,2.548252139092229,,57.47036025365701,0,2026-08-25 06:31:47
2024-01-08 10:16:00,CNC-03,H,296.42994621516664,310.6009322053905,1498.5234204038134,47.39207576615415,73.07542887952847,2.184777878270521,13.247117581811695,54.939642216133244,0,2026-08-25 06:31:47
2024-01-08 18:28:00,CNC-01,L,306.79173501841166,314.57522548307657,2001.6273625945676,32.067575413501054,72.9742400032247,2.57649636192087,12.19495248047611,36.62748518068772,0,2026-08-25 06:31:47
2024-01-08 22:27:00,CNC-02,M,26.544118367689123,39.152255694023324,2730.092728812625,17.7155335942018,62.83012957114957,3.234923524991462,9.115521465007896,48.87103691763107,0,2026-08-25 06:31:47
2024-01-08 17:43:00,CNC-01,L,300.8628908516756,314.9455952973451,2009.100134417407,35.21187927134893,13.500489835745553,2.6715903954717133,13.35919550770527,51.61325727735916,0,2026-08-25 06:31:47
2024-01-08 05:56:00,CNC-02,M,296.13238278901554,311.3528347748994,1956.1184885207856,38.22003492344494,209.87007186191337,3.333303563507637,14.147726314957401,59.87523471981025,0,2026-08-25 06:31:47
2024-01-08 18:13:00,CNC-01,L,301.2269020485936,314.85688304676785,1924.16291287378,34.09163930533553,53.3139313982892,2.578511401400768,12.421162991647787,43.192624293512615,0,2026-08-25 06:31:47
2024-01-08 06:25:00,CNC-03,H,28.872147162409817,38.12197022122922,1825.5603636226656,42.798598769255165,209.09405808567163,3.028514567211545,14.489932322229981,45.54240184460113,0,2026-08-25 06:31:47
2024-01-08 07:44:00,CNC-03,H,295.9916604385579,310.31437382413554,1817.9216222939028,41.27894374123721,65.4635968938033,2.4923793649139965,14.067335638024439,56.86661713736655,0,2026-08-25 06:31:47
2024-01-08 06:11:00,CNC-02,M,23.202736909506655,38.20523705401229,2126.23765914543,34.77562709262059,229.79121609400002,3.7395024043547576,13.976676451620651,60.497688725044,0,2026-08-25 06:31:47
2024-01-08 03:32:00,CNC-02,M,297.2958333798614,309.8732269114125,2597.8490852566115,20.50475481795706,30.16639588103086,3.033260016590619,9.98908162571431,52.946666960513866,0,2026-08-25 06:31:47
2024-01-08 03:09:00,CNC-03,H,297.2731628757368,311.10976695148037,2452.9420412593163,24.152831414613043,214.7706234842251,3.768381842889567,11.006801407710467,55.474978655450926,0,2026-08-25 06:31:47
2024-01-08 00:06:00,CNC-03,H,299.26366982851374,310.3738010044515,2669.224448361323,12.879128674574142,14.586448114120989,3.130058661208788,6.3817410008649205,51.768345555286636,0,2026-08-25 06:31:47
2024-01-08 05:02:00,CNC-03,H,302.11387499151385,309.91646647554506,2100.479093560795,32.08609715553871,100.2172272584339,2.621692202474816,12.703026321737235,47.076234549444756,0,2026-08-25 06:31:47
2024-01-08 17:36:00,CNC-02,M,299.16508203430425,313.2462135670244,1968.001984335048,32.97980373720504,162.4544114510019,2.8065646749065616,12.10051308444052,50.999558131161876,0,2026-08-25 06:31:47
2024-01-08 00:47:00,CNC-01,L,298.4614293657098,310.32921758861596,2691.0642809028386,15.154149632754299,81.01805150814752,3.2451054880209558,7.390431039428884,53.033664007594375,0,2026-08-25 06:31:47
2024-01-08 20:28:00,CNC-02,M,299.752886346113,313.2374462974976,,552.408698900102,167.18502493188507,3.4237707055757642,10.349198585834964,48.719925849157065,0,2026-08-25 06:31:47
2024-01-08 00:55:00,CNC-03,H,298.5929713454838,310.88852330449015,2639.036955042483,18.06539520049463,66.91602716665926,3.2107517110257544,8.799480571753216,56.50045903745863,0,2026-08-25 06:31:47
2024-01-08 03:24:00,CNC-01,L,297.82141509855177,311.01178406070227,2476.997736765481,23.266237714353117,63.81285059544314,3.050024516882024,10.808137024877514,54.07143452747343,0,2026-08-25 06:31:47
2024-01-08 14:47:00,CNC-01,L,299.5388981359079,314.96613845675836,1562.0485301896729,52.53275224648213,184.64704042963368,2.8483904444370087,15.496950882907443,49.20037042565146,0,2026-08-25 06:31:47
2024-01-08 10:11:00,CNC-01,L,297.5816501708205,312.3569403824866,1308.3658691771034,55.67815218630023,183.24653954042552,2.4837323904309656,13.35838725826114,51.7761744886465,0,2026-08-25 06:31:47
2024-01-08 04:36:00,CNC-02,M,296.82354354745996,309.7491442917538,2461.9322663289486,20.298518242970356,107.14483318565061,3.0594142017034605,9.557747608268851,53.73430523115089,0,2026-08-25 06:31:47
2024-01-08 03:21:00,CNC-03,H,297.272282552325,311.4836073606604,2336.3684132262574,28.86740460507978,228.73060988040262,3.5549500434343138,12.53133816377973,57.3750045183442,0,2026-08-25 06:31:47
2024-01-08 00:40:00,CNC-01,L,298.79723286898115,311.60403017123986,2554.374612340769,20.28037220924534,73.6872535391953,3.0847520706397917,9.818665762668214,54.24129376490357,0,2026-08-25 06:31:47
2024-01-08 00:05:00,CNC-01,L,298.77034260986966,311.0729441953476,2704.2257143009174,17.32067814756794,36.59795740339727,3.2055403843271244,8.779051101369465,55.46536318388699,0,2026-08-25 06:31:47
2024-01-08 23:13:00,CNC-01,L,301.1746475468288,313.5980280378445,2816.806703187412,16.18530730072044,184.99760416635792,4.008520574498034,8.446793539684087,54.73105274660201,0,2026-08-25 06:31:47
2024-01-08 18:04:00,CNC-01,L,300.87183992181417,314.1186359394546,2123.1162225185826,29.244829137429438,41.469845926286595,2.633942050601773,11.466725506136608,47.640832100862085,0,2026-08-25 06:31:47
2024-01-08 11:54:00,CNC-01,L,298.04727746415836,313.05533573407337,1473.6935073967131,55.95036389404502,115.99496739716736,2.196155859244594,15.454592323631013,54.50448021139186,0,2026-08-25 06:31:47
2024-01-08 07:33:00,CNC-02,M,295.7251373475999,310.07201786018294,1804.9877812041157,37.39854700605993,109.72665796709072,2.552758742979285,12.77227872804221,58.64501952591025,0,2026-08-25 06:31:47
2024-01-08 10:20:00,CNC-01,L,297.55534355182897,312.02566202713956,1306.2517433101407,52.530747074604065,197.39792925888915,2.641649647065352,13.30522767860921,59.99268275590022,0,2026-08-25 06:31:47
2024-01-08 04:21:00,CNC-02,M,297.09080634346657,311.3914963544893,2401.3254826481684,29.335781747327072,88.7742914337406,3.0457368706011403,13.107557546351895,52.80201216900635,0,2026-08-25 06:31:47
2024-01-08 20:53:00,CNC-01,L,301.29952537535155,314.26661025030694,2443.4119276618194,23.083145732962112,31.373160876150813,3.053447784251747,10.393612605951073,51.87508281916453,0,2026-08-25 06:31:47
2024-01-08 22:19:00,CNC-01,L,28.00561882440951,40.436806943263264,2546.175926545401,17.976447389377427,126.91822541588992,3.3205744134986883,8.662237924604133,49.95359142618466,0,2026-08-25 06:31:47
2024-01-08 02:27:00,CNC-02,M,297.87410991342364,311.90121506358895,2546.271414238441,25.15264369769464,171.63154568798754,3.453933606713421,11.895786889716724,55.29690804775825,0,2026-08-25 06:31:47
2024-01-08 08:57:00,CNC-02,M,295.91731667455,309.8455220867233,1404.652973543531,48.97800827064097,28.679497250399113,2.0114391816552484,12.95762560009876,55.85668502502595,0,2026-08-25 06:31:47
2024-01-08 04:40:00,CNC-01,L,297.7185132278232,312.06453828253115,2359.737749798447,28.1766168179099,154.9201341413204,3.179199856325261,12.16739576826213,53.164056923270486,0,2026-08-25 06:31:47
2024-01-08 00:32:00,CNC-03,H,298.85819527625205,311.3997180998327,2646.2084483045364,19.222387842676905,42.34158622073668,,9.526946911087702,53.454836157502086,0,2026-08-25 06:31:47
2024-01-08 01:34:00,CNC-03,H,298.0079715739295,310.1458041640193,2672.890224038637,15.70669731424352,108.94760399300334,3.3212763367104543,8.062749574300925,55.48833519281231,0,2026-08-25 06:31:47
2024-01-08 22:09:00,CNC-03,H,26.50691148607217,39.116045109617005,2614.227610595836,19.344382724485104,69.75273650276732,3.1920692680769474,9.645300478748014,49.970860006019315,0,2026-08-25 06:31:47
2024-01-08 08:55:00,CNC-01,L,297.2584017248873,311.3797592695873,1662.227950051385,41.611204444950864,65.85522839229705,2.280811767427353,12.933535176691452,58.75870710313873,0,2026-08-25 06:31:47
2024-01-08 12:23:00,CNC-03,H,296.77441895387454,310.8613978847861,1407.6915553732422,51.34013707415487,39.71956650211208,2.128859379107693,13.27622782734947,53.407852691269504,0,2026-08-25 06:31:47
2024-01-08 12:46:00,CNC-02,M,297.0924554536582,312.19020645599693,1467.5841773335712,53.066562414344546,166.60824458211002,2.5087360375041534,14.593112940085001,59.58814718382683,0,2026-08-25 06:31:47
2024-01-08 10:17:00,CNC-01,L,297.71391895641784,312.72139222520804,1511.1748137095196,49.462438824914074,192.63536745401478,2.88032164984739,14.037963555880202,53.6335338718883,0,2026-08-25 06:31:47
2024-01-08 02:58:00,CNC-01,L,298.1519531109865,310.45351512903807,2341.9042273525283,21.549006371820045,33.83938285103341,2.849297574038544,9.522717651328094,55.37700766542409,0,2026-08-25 06:31:47
2024-01-08 17:51:00,CNC-01,L,300.89567097034126,314.53750591889417,1956.9080044685984,35.04785411057954,24.26097347894985,2.603710332078614,12.816096561989353,48.63407489650979,0,2026-08-25 06:31:47
2024-01-08 15:02:00,CNC-03,H,297.82668440172296,311.97146225473955,1647.5457119602434,44.88284779915156,55.65757870531901,2.3010258188345514,13.927867529263025,52.858005646153856,0,2026-08-25 06:31:47
2024-01-08 23:13:00,CNC-02,M,299.30215745219215,311.89460673055333,2689.636736820268,15.944911659433052,112.19799175519421,3.305430349476077,7.6969343076664325,52.26240702229347,0,2026-08-25 06:31:47
2024-01-08 21:32:00,CNC-01,L,301.21801225109976,313.9616520563617,2586.3281484889,19.57157478222599,75.21412891831143,3.1017624651838713,9.485346406940497,49.59594071851751,0,2026-08-25 06:31:47
2024-01-08 16:39:00,CNC-02,M,298.69452595873776,313.63624216263065,1827.0149970065527,40.69093904854033,82.78861057576536,2.474500270588499,13.9259179177614,52.87589411605083,0,2026-08-25 06:31:47
2024-01-08 18:45:00,CNC-02,M,299.52362194340424,313.35281783401837,2269.35014073166,29.388628181590118,41.64934874684945,2.711559901200167,12.670669043388774,49.61996706701636,0,2026-08-25 06:31:47
2024-01-08 06:20:00,CNC-02,M,23.035403203779254,36.59078854287094,2050.959573155561,31.66143238748111,7.97839150972466,2.5815030783469792,12.194753398750283,58.99396584313517,0,2026-08-25 06:31:47
2024-01-08 17:15:00,CNC-01,L,300.80712185743477,315.6796657659527,1992.0068694205336,38.11207965733821,179.29664443743474,3.1315690609402855,14.346966425612372,50.94102777064595,0,2026-08-25 06:31:47
2024-01-08 10:55:00,CNC-02,M,296.1601181086772,310.98021735357713,1385.6237075081056,52.78248366594867,212.7417456833438,2.863295666440303,13.838333046333865,57.310888897121174,0,2026-08-25 06:31:47
2024-01-08 00:50:00,CNC-01,L,298.5332173094401,310.5992792818896,2598.7375736700346,16.65610199739578,84.22711628016636,3.201011647713262,7.926165942778908,54.24942612126391,0,2026-08-25 06:31:47
2024-01-08 15:18:00,CNC-03,H,297.9582814351809,312.0978313086425,1537.996358191144,46.709279069153894,79.85419143210659,2.2010783954987514,13.547896868401272,54.36008014019162,0,2026-08-25 06:31:47
2024-01-08 01:43:00,CNC-02,M,298.23974952170005,310.6915746203506,2562.4911993242185,17.612568673773342,123.08618323263937,3.1659070965451206,8.321096864917656,56.104291043023075,0,2026-08-25 06:31:47
2024-01-08 16:24:00,CNC-03,H,298.5002501657831,313.8543898164311,1789.0217455371212,46.592441697332596,176.88981165009125,2.7512774027098965,15.434897810825861,53.36327712596884,0,2026-08-25 06:31:47
2024-01-08 09:46:00,CNC-01,L,297.7629697475588,312.717917690069,1647.776506119949,46.921523954235695,144.37201292321768,2.581085630548393,14.718858390831189,53.387715653595166,0,2026-08-25 06:31:47
2024-01-08 13:05:00,CNC-03,H,296.83118867204723,311.4573985102439,1532.7303639573397,50.50260775602912,106.41737918701664,2.2288270293414314,14.801218914096552,58.88409786148097,0,2026-08-25 06:31:47
2024-01-08 10:20:00,CNC-02,M,295.9598810498599,310.57898908288604,1464.3740620789024,50.206495723628784,157.345078798923,2.5100974844143953,13.98049940354421,60.70398784706835,0,2026-08-25 06:31:47
2024-01-08 14:07:00,CNC-03,H,297.24780380350956,312.23826841601766,1660.883996833025,46.603645037424776,203.70197488514043,2.9001262621989423,14.295267994926984,57.5965366480853,0,2026-08-25 06:31:47
2024-01-08 05:28:00,CNC-02,M,296.4031845433821,310.27421797551006,2175.5262631176565,27.526115006327903,172.91793776427227,3.18023523230622,11.220651149357586,61.25887360669425,0,2026-08-25 06:31:47
2024-01-08 02:16:00,CNC-03,H,297.72061933943326,310.8274169768219,2592.415399314629,20.57254499229508,155.16692841849115,3.3536690283659523,9.96245502395945,56.61954325147712,0,2026-08-25 06:31:47
2024-01-08 21:55:00,CNC-03,H,26.809905541030332,40.137338225186966,2520.093439866645,23.357900810685052,54.425151929248415,2.9768360180362206,11.152107758704343,,0,2026-08-25 06:31:47
2024-01-08 01:21:00,CNC-02,M,298.6755649017471,310.55740271162153,2661.438516273776,15.746016887591207,99.1111128669008,3.333304487791722,8.126247760833438,56.84202439950378,0,2026-08-25 06:31:47
2024-01-08 07:00:00,CNC-02,M,22.707182212522582,36.22233253680929,1654.6945940704504,38.53272862239837,63.027988102793316,2.4084170623353303,11.668863173209392,54.84861125440627,0,2026-08-25 06:31:47
2024-01-08 23:08:00,CNC-03,H,299.6085452831468,311.86707073924316,2746.711374427604,16.555309007299826,133.4962517743358,3.441918403303171,8.633281883638938,54.73981694275153,0,2026-08-25 06:31:47
2024-01-08 21:56:00,CNC-03,H,26.594956456612636,38.85291391850973,2652.990510337573,18.495635795907337,55.51334818547214,3.2713580928217865,,49.80484261071047,0,2026-08-25 06:31:47
2024-01-08 08:57:00,CNC-01,L,297.3609674839943,311.8322276364438,1797.3526729579012,41.86153980297012,68.86210984518473,2.496406955713477,14.04348664216807,55.27279322083474,0,2026-08-25 06:31:47
2024-01-08 04:03:00,CNC-01,L,297.9973904066851,311.6794279967709,2255.561551776043,28.444832060121577,110.01289690337984,2.902996932761516,11.933277286691295,55.833168315692554,0,2026-08-25 06:31:47
2024-01-08 21:41:00,CNC-01,L,301.1222109427321,313.3495918008764,2666.121084255256,17.158348910836228,85.25495715414942,3.253571303976295,8.7508469064818,49.47639665235021,0,2026-08-25 06:31:47
2024-01-08 02:25:00,CNC-02,M,297.7332235179144,311.71627893419856,2452.6768289375077,26.750610556307247,169.3945567873172,3.353398462187854,12.323246242235149,57.37986534767665,0,2026-08-25 06:31:47
2024-01-08 13:19:00,CNC-02,M,297.04102644459107,312.2945168180534,1412.9702974130992,52.5724783818801,218.80100742327494,3.0016002144637968,14.024632370984017,56.261420994048386,0,2026-08-25 06:31:47
2024-01-08 05:56:33,CNC-01,L,297.9956731731383,312.37258680130066,1993.3634418308814,38.50908854632434,49.71262640615596,2.5044890735033585,14.396263565006503,54.890796067146184,0,2026-08-25 06:31:47
2024-01-08 13:58:00,CNC-03,H,297.30295490262256,312.4983701427338,1520.2421670873405,51.9905117164901,189.73658510773268,2.6823307076460736,14.661874361065587,55.803860579647825,0,2026-08-25 06:31:47
2024-01-08 18:16:00,CNC-01,L,301.3176183445292,315.98037479763104,2184.3530581189807,35.61040232406641,57.210686665404936,26.86415093552499,14.808993770692924,52.71249783190434,0,2026-08-25 06:31:47
2024-01-08 14:17:00,CNC-03,H,297.6098716987016,312.8045088249324,1478.780555864509,52.23254204723608,219.13672285601083,,14.493780817200012,59.23490710868921,0,2026-08-25 06:31:47
2024-01-08 06:04:00,CNC-02,M,23.221391937692545,37.82142190612876,2173.4271082888536,31.26422204207597,220.4597574876203,3.5600001868081823,12.984512022510703,57.35782556036318,0,2026-08-25 06:31:47
2024-01-08 12:50:00,CNC-02,M,297.0772434103308,312.1892349037097,1426.0468324483036,52.972686494143936,172.96395100405346,2.522117046081828,14.168108433822402,56.59467086666443,0,2026-08-25 06:31:47
2024-01-08 05:34:00,CNC-01,L,297.7364066589177,311.27272721611996,2142.8470228466617,31.059322987547816,18.009041950631016,2.754818930597699,12.471223055615996,50.79197218334277,0,2026-08-25 06:31:47
2024-01-08 03:32:12,CNC-01,L,298.11868930253667,310.97267946357255,2592.0089272984583,21.51579057129253,71.93914499151464,3.2236069687200373,10.479169302769732,54.21550748033939,0,2026-08-25 06:31:47
2024-01-08 07:01:00,CNC-03,H,22.983844635625417,36.44604641399587,1991.4002796528098,34.31822501352035,4.190052369779446,2.6015876973336365,12.671266459044219,54.96862680659522,0,2026-08-25 06:31:47
2024-01-08 00:58:00,CNC-01,L,298.39031867754915,311.4324890029701,2637.977185975356,21.901270193299297,92.72340710723294,3.3626180470320737,10.460404024078356,51.75175590077143,0,2026-08-25 06:31:47
2024-01-08 01:41:00,CNC-01,L,298.0874255304904,310.892782204021,2521.8447640456916,19.90267279458922,138.70611071956608,3.4484255643476316,9.233851213224973,,0,2026-08-25 06:31:47
2024-01-08 21:02:00,CNC-01,L,301.1573477763318,313.6839250886369,2528.1863505991564,20.08661382066116,41.70170708537593,2.936140402988517,9.507373474924602,53.50158567567407,0,2026-08-25 06:31:47
2024-01-08 11:00:00,CNC-01,L,298.048931190175,312.0277295964302,1457.4290113424236,49.301699504246365,30.08699767315333,2.14449308022577,13.59179623974635,50.90320282678119,0,2026-08-25 06:31:47
2024-01-08 07:20:00,CNC-03,H,295.88261932445783,309.7989993798576,1789.909498158366,38.932356454960825,31.019885051386108,2.4250816736804173,12.876789406396579,60.09688879538932,0,2026-08-25 06:31:47
2024-01-08 01:34:08,CNC-03,H,298.25756063598,309.3725312990179,2787.7143651530064,11.317250157521585,107.87584025568823,3.381361690049568,6.063951137309722,50.754283987600225,1,2026-08-25 06:31:47
2024-01-08 10:33:00,CNC-01,L,297.9189212996658,312.57628196867176,1321.0395465222202,53.66328201793939,217.92298191228684,2.981700839943928,13.466871286998169,54.11673198103486,1,2026-08-25 06:31:47
2024-01-08 08:43:00,CNC-03,H,296.1150577551909,310.54572282340695,1555.487541029452,44.98684098902091,152.51950169277504,2.4182367994844203,13.198606830129663,57.56078658638659,0,2026-08-25 06:31:47
2024-01-08 08:51:00,CNC-03,H,296.14700994281606,310.83928384520476,1605.50143077573,46.557347885922354,164.64040666032164,2.5117034744182325,14.152042316563646,58.20748250591104,0,2026-08-25 06:31:47
2024-01-08 18:21:00,CNC-01,L,301.06645293686404,315.4255359423635,2142.6345382758404,34.6923572786407,63.773161192849045,2.7366111260154677,14.047624320159622,51.60720784394016,0,2026-08-25 06:31:47
2024-01-08 08:47:00,CNC-03,H,296.03360999901105,311.19415072636457,1686.4302042120983,46.51757951629085,158.57508281939602,2.608322556195039,14.83882719530451,59.582400618827094,0,2026-08-25 06:31:47
2024-01-08 16:08:00,CNC-01,L,299.9503127970301,313.97991744186646,1745.9087904720225,39.76484239066925,84.48618768206751,2.3606647060494472,13.272005694777576,54.423276774503535,0,2026-08-25 06:31:47
2024-01-08 04:26:00,CNC-02,M,296.6710279078588,310.4962935099163,2234.715361464456,28.72992737453352,94.92520133804284,2.882317640504498,11.806363246448479,56.64543343909472,0,2026-08-25 06:31:47
2024-01-08 03:24:16,CNC-03,H,297.369259715245,311.3352358952345,2525.435904475985,24.031893891166206,233.3281764376931,3.9389648365261474,11.47341963275897,52.9154938708643,0,2026-08-25 06:31:47
2024-01-08 00:29:54,CNC-01,L,298.74709606828657,310.69051191359665,2643.127618980156,16.086113004374656,64.06944583202504,3.238229843961663,7.798897729606646,55.429184200053996,0,2026-08-25 06:31:47
2024-01-08 10:48:00,CNC-03,H,296.3717725503989,310.2030350794265,1298.0416292302898,49.11469312278703,123.40436320966317,2.1112893871918774,11.993867579474829,57.59381143629291,0,2026-08-25 06:31:47
2024-01-08 18:28:00,CNC-02,M,299.7816577352731,312.8022301043556,2045.5063242805224,29.32748275302903,19.677737094054706,2.690708829921347,11.52817031263716,49.580674642188676,0,2026-08-25 06:31:47
2024-01-08 13:53:00,CNC-02,M,297.2657301931372,311.02722314809625,1528.4513496197508,43.97581011289886,47.11832742007765,2.111456161782774,12.72112643986748,55.09576153036618,0,2026-08-25 06:31:47
2024-01-08 01:56:00,CNC-03,H,298.1339110831862,311.06909876847857,2671.8534821912776,19.18312748232389,133.27912437047112,3.208748745163537,9.511697875646053,55.91998623690787,0,2026-08-25 06:31:47
2024-01-08 16:45:00,CNC-02,M,298.7054483103622,312.8919717745934,1810.804740180003,,,2.4429423981273914,12.94872596031562,52.90159863292338,0,2026-08-25 06:31:47
2024-01-08 08:14:00,CNC-02,M,295.4471395019322,310.267590702065,1702.5318564977626,42.90604539940404,169.1695204021229,2.895859846796992,13.853732334147244,63.957623576222126,0,2026-08-25 06:31:47
2024-01-08 14:30:00,CNC-02,M,303.2492417255304,310.9788365476578,1409.0964231677208,45.35525441335206,104.6055552359009,2.1239726459640855,12.185520688628936,44.80880736589176,0,2026-08-25 06:31:47
2024-01-08 15:03:00,CNC-01,L,299.73665781423875,314.92825789999955,1512.1709667602515,51.15503048690632,208.8548552859954,3.0090127639234914,14.443867946860202,51.37237683025809,0,2026-08-25 06:31:47
2024-01-08 13:42:00,CNC-01,L,299.0649621238448,313.8731627432208,1582.6889512199655,49.47140462097904,84.01986313986366,2.2413239887077134,14.360334719131556,51.56738902012088,0,2026-08-25 06:31:47
2024-01-08 04:14:00,CNC-01,L,297.74841224319283,310.77007135789233,2408.7030217933416,23.579909441401853,123.23507625678799,3.2086942403034953,10.486762034014482,56.79874047759736,0,2026-08-25 06:31:47
2024-01-08 17:29:00,CNC-02,M,,314.0506149845843,1999.2877490582043,36.111564022964394,152.9226601283046,2.9212768476791444,13.319762237144527,53.16928889027051,0,2026-08-25 06:31:47
2024-01-08 20:23:00,CNC-01,L,301.10455638679207,314.82420952118923,2408.156964676981,24.602641574802746,215.1302826174981,3.928870710872125,10.899582612249548,47.465256221355546,0,2026-08-25 06:31:47
2024-01-08 16:46:00,CNC-01,L,300.38293744041874,314.79428354382435,1718.4684795179724,40.95280397493083,139.11530712026595,2.6803411863217916,13.1328877711247,48.58518081911599,0,2026-08-25 06:31:47
2024-01-08 07:13:00,CNC-02,M,295.9008593422679,310.1207001463289,1705.6044666622404,42.32076849394987,81.2796883992248,2.2466099409708424,13.477061266688992,58.13511273621012,0,2026-08-25 06:31:47
2024-01-08 07:47:00,CNC-01,L,297.506252384555,312.60310239722196,1812.555348701063,41.92836161257682,201.48268389088324,3.2341347501279296,14.039487244634635,57.07489533762627,0,2026-08-25 06:31:47
2024-01-08 14:37:00,CNC-03,H,297.76189065339355,311.56102533929436,1377.7793205767302,48.133336732913754,16.959883745624175,2.0927116519409674,12.69074199158473,53.04874770792471,0,2026-08-25 06:31:47
2024-01-08 17:16:00,CNC-01,L,300.73206637946413,315.4905450920617,1916.7851321481014,38.56226982100136,180.66412557590772,3.114352556767426,14.066828430792995,50.05807549259571,0,2026-08-25 06:31:47
2024-01-08 05:47:00,CNC-02,M,296.4111425114418,311.20337073398673,2090.4503055607684,,197.7750096932814,3.147135722977737,14.270553186065028,58.12957701127662,0,2026-08-25 06:31:47
2024-01-08 15:17:00,CNC-03,H,298.15143078146195,312.9243889465872,1504.805590502617,51.18902218316711,78.32202269476792,2.1042047793933634,14.276114729096408,50.540851003698414,0,2026-08-25 06:31:47
2024-01-08 02:03:00,CNC-03,H,298.18791100830623,310.35022557333747,2701.4041701623314,15.182926253876092,140.9446870207653,3.4439261679451607,7.8719303163325325,57.412397057694285,0,2026-08-25 06:31:47
2024-01-08 23:11:00,CNC-01,L,300.76329651307947,312.71308934569697,2505.028255731365,14.819091835340576,182.86403344026346,3.6135015661465877,6.847515547793906,50.27339535783376,0,2026-08-25 06:31:47
2024-01-08 22:57:00,CNC-01,L,27.78249813376715,40.782319516771395,2792.0058011402675,18.15926918169901,167.80712377297527,3.7758834741205334,9.249728321530103,47.61349034692969,0,2026-08-25 06:31:47
2024-01-08 20:58:00,CNC-01,L,301.3497566433478,313.1926466507717,2579.5972635678463,17.399914639388577,37.20237915692236,3.1239469435511147,8.451280428041233,46.059715777608325,0,2026-08-25 06:31:47
2024-01-08 04:07:00,CNC-03,H,296.90935391066455,310.10432582378104,2345.1100185626556,24.722584347833113,32.409407967723396,3.1130590231304693,10.861967684680462,60.652399693812754,0,2026-08-25 06:31:47
2024-01-08 23:53:00,CNC-01,L,300.20680472411374,311.7397667860593,2830.5571909900473,13.698491090219449,10.530112843350953,3.351274528905998,7.377287824333971,49.8356244561847,0,2026-08-25 06:31:47
2024-01-08 03:08:00,CNC-01,L,297.867889842457,310.1252335328513,2434.8290357281494,20.068365275809843,45.356117316163264,2.93241779934399,9.212185647628873,50.04395567902464,0,2026-08-25 06:31:47
2024-01-08 05:25:00,CNC-02,M,296.716152075997,311.43124123307973,2264.5626987235114,31.348392384160192,169.01063762090095,31.732040544662983,13.38262510422508,56.8102366208628,0,2026-08-25 06:31:47
2024-01-08 12:09:00,CNC-03,H,296.85062210058925,310.9006444679258,1351.3832414971632,52.56644207564423,17.542134464676057,1.9775806023468387,13.19636477461076,59.08537613420658,0,2026-08-25 06:31:47
2024-01-08 11:55:00,CNC-02,M,296.87306682922525,311.0022618842735,1371.7536064160627,49.1482928526191,85.8027492994138,2.017982872641881,12.090539163559102,54.77585427416654,0,2026-08-25 06:31:47
2024-01-08 01:36:00,CNC-03,H,298.2814688691788,310.8017189771125,2621.98019452813,18.701784286327673,111.2041236731293,3.2124114683088756,8.997558428072075,52.28580593969169,0,2026-08-25 06:31:47
2024-01-08 19:57:00,CNC-01,L,301.1782941450349,314.8661703713089,2459.2720127916396,24.000032120758732,184.3829700461779,3.661090888814073,11.158744434411798,44.510999211958655,0,2026-08-25 06:31:47
2024-01-08 01:29:55,CNC-02,M,298.5459765140175,310.875391053179,2652.32401518158,16.78201315445029,108.90874767000281,3.273076167251887,8.33427376901202,53.374924458359864,0,2026-08-25 06:31:47
2024-01-08 23:27:00,CNC-02,M,299.3037596827928,312.71053129621583,2636.1591043099334,19.793674806454675,127.05268781581708,3.3329847786467415,9.828178117812312,57.53346628530156,0,2026-08-25 06:31:47
2024-01-08 16:23:00,CNC-03,H,298.5493216641415,313.39519945379357,1797.795031465141,40.58468095470874,175.4614411503603,2.7214807962196934,13.676610066830065,56.18237034643185,0,2026-08-25 06:31:47
2024-01-08 17:18:00,CNC-01,L,300.47923839720517,315.1672880418005,2083.055461327231,33.75145171268167,183.33125515542133,3.2877981517302843,13.396584236021848,45.22542250068668,0,2026-08-25 06:31:47
2024-01-08 16:16:00,CNC-01,L,300.413916467294,314.3811201244241,1717.3038279931598,40.487949043734666,96.02964298436238,2.4099325591695133,12.955728735532938,49.22486554006863,0,2026-08-25 06:31:47
2024-01-08 23:23:00,CNC-02,M,299.49968191311075,312.88327880234107,2758.611579266665,19.32488137169932,122.75073505792011,3.383001345276378,9.91980945038946,52.32611708174607,0,2026-08-25 06:31:47
2024-01-08 14:51:00,CNC-03,H,297.4609685360171,311.4926949791467,1634.2541157702096,44.9063995716982,38.625882359682336,2.1613643597694527,14.01409925156545,54.948551375439926,0,2026-08-25 06:31:47
2024-01-08 17:05:00,CNC-03,H,299.0635299955427,314.24598418516916,1955.9907826339647,38.05632890767775,234.79495899676337,3.424482680548726,13.932539230900716,53.363309506671044,0,2026-08-25 06:31:47
2024-01-08 00:20:00,CNC-02,M,298.7039781998028,310.8694716795371,2607.3196633035036,18.364357427183265,34.12739891758487,3.110582729295724,9.044499564308845,52.96285896235652,0,2026-08-25 06:31:47
2024-01-08 14:08:00,CNC-03,H,297.52904619528977,312.3029809423442,1547.180097957915,47.42980391325399,205.23961479924955,2.7878411508283585,13.958304178052375,52.70777810973647,0,2026-08-25 06:31:47
2024-01-08 20:59:00,CNC-02,M,299.89615743855416,314.32301375995144,2469.1290342134894,26.075598377231135,202.9426634449788,3.6664794019032407,12.238020768026708,48.248348359302405,0,2026-08-25 06:31:47
2024-01-08 13:09:45,CNC-03,H,296.73526521401,310.45969525423953,1362.6258337118095,48.5087901356064,114.34544847402398,2.189315244697305,12.137398334419514,57.16395786105022,0,2026-08-25 06:31:47
2024-01-08 03:12:00,CNC-02,M,297.2562467070591,309.0566423099523,2320.836188377109,20.317439284838496,7.005280872622457,2.952512740503585,8.685693700649669,56.175051702522936,0,2026-08-25 06:31:47
2024-01-08 06:54:00,CNC-03,H,22.897629524628826,38.033192434425814,2082.5341509927275,36.50555506107485,249.11560451638445,3.689150263275364,14.107799241553423,57.21688139389043,0,2026-08-25 06:31:47
2024-01-08 03:25:00,CNC-02,M,297.16002020102974,310.3411603350804,2363.0623186932626,26.169167665283776,22.034848163040348,2.8571865650492096,11.481673672000497,56.378973251353194,0,2026-08-25 06:31:47
2024-01-08 00:04:00,CNC-01,L,299.1639186866542,310.86749529476896,2563.216962591182,15.470654630223653,35.51551887311183,3.008163987261377,7.501349703200925,54.389127696717075,0,2026-08-25 06:31:47
2024-01-08 14:46:00,CNC-02,M,303.32198417166086,312.3297490773492,1546.9223290022683,50.24586462486196,129.3599014515269,2.33161269749015,14.386424938445598,49.34331074543124,0,2026-08-25 06:31:47
2024-01-08 05:45:00,CNC-01,L,297.79586845591876,311.80280710856783,2060.7005628560564,34.8207287003095,32.450868594542975,26.113611139319392,13.527085515127416,52.23257292910538,0,2026-08-25 06:31:47
2024-01-08 04:47:00,CNC-03,H,296.45157129607196,310.0228489016081,0.0,27.05004701735959,81.26255879389461,2.9499133109116267,11.459196731469811,56.377177656716576,0,2026-08-25 06:31:47
2024-01-08 09:42:00,CNC-01,L,297.40852311654794,311.98579652363037,1470.4679965719413,52.54607757055013,138.21808975591964,2.3360361402298766,14.66847508533411,56.80850553803427,0,2026-08-25 06:31:47
2024-01-08 18:40:00,CNC-01,L,306.802285954829,314.1920511332209,2138.435223183427,27.982368757770917,88.42098492225627,2.7494706150356203,,41.41610431014214,0,2026-08-25 06:31:47
2024-01-08 22:57:00,CNC-02,M,26.241234241206996,38.39181569313064,,15.672790823003869,95.00803297875564,3.123040619173762,7.547177057175606,51.798250962586344,0,2026-08-25 06:31:47
2024-01-08 13:23:00,CNC-01,L,298.977249114711,312.7645318107082,1448.1844200342127,47.37148295405301,53.98228026548734,2.1406440865410286,12.714779886321889,49.58075920652891,0,2026-08-25 06:31:47
2024-01-08 17:51:00,CNC-02,M,299.2295866675447,313.9921466692169,,34.94235800411361,182.7201865095493,3.130172824711626,12.998740918304653,53.89928378502577,0,2026-08-25 06:31:47
2024-01-08 07:23:00,CNC-01,L,297.5197959494639,312.614078159477,1745.2188256461063,44.375094055965846,166.9498623834996,2.8825411696800067,14.3195385655269,56.54049869436106,0,2026-08-25 06:31:47
2024-01-08 16:32:00,CNC-03,H,298.4659862311417,313.262768222097,1947.435075465233,38.89251081530761,188.2466082778367,3.0044224912613573,14.07087457286109,53.0076166999103,0,2026-08-25 06:31:47
2024-01-08 00:25:00,CNC-03,H,299.263562489316,310.96355646767375,2808.912770077771,14.648782150256272,,3.3144861448368763,7.689845219070363,52.14929387793322,0,2026-08-25 06:31:47
2024-01-08 06:04:00,CNC-03,H,28.847534072516737,37.18462918794626,2093.8650931003253,32.87480247951384,180.59689425496677,3.202298138318865,12.734504028548463,52.50417207147342,0,2026-08-25 06:31:47
2024-01-08 11:25:00,CNC-03,H,296.61419336866953,310.96037937843704,1442.673292056847,49.28004415793053,182.14161562757033,2.399120291838068,13.32851384159424,56.760924545507926,0,2026-08-25 06:31:47
2024-01-08 01:47:00,CNC-01,L,,311.08361096498686,2635.953265837187,18.918949698527367,145.150702995309,3.3392817902888305,9.505735214129174,53.066867954636535,0,2026-08-25 06:31:47
2024-01-08 07:54:00,CNC-01,L,297.727491319675,312.4057005795602,1773.2253350026276,,211.67761211371788,3.220359413666834,13.07393541075078,54.63685616667744,0,2026-08-25 06:31:47
2024-01-08 07:17:00,CNC-01,L,297.5195906353022,312.37164338064156,1953.9819986822604,39.36822288109063,158.39632145913257,2.818029831038989,14.57578467940336,50.90323494191807,0,2026-08-25 06:31:47
2024-01-08 00:33:00,CNC-02,M,298.7706847848027,310.6358790502799,2730.2961878633387,14.662279843383573,47.90045947302954,3.171770109043362,7.40610077093367,56.69407520136784,0,2026-08-25 06:31:47
2024-01-08 22:25:00,CNC-02,M,26.372579562163367,38.49161452721614,2828.2046721920387,14.00991949272549,60.67378979661708,3.4068896512745046,7.558207624819126,53.28055487284034,0,2026-08-25 06:31:47
2024-01-08 19:48:55,CNC-03,H,299.5293346020382,313.97706809045644,2361.5105028204293,30.23316865603095,185.97047637723827,3.294561752423769,12.972641325621424,56.52905856755465,0,2026-08-25 06:31:47
2024-01-08 10:43:00,CNC-01,L,297.8204752834546,312.08575449543116,1711.1463457822783,44.148647123997904,3.0896373944908797,2.2673689177020364,14.169092523830574,52.7143364439192,0,2026-08-25 06:31:47
2024-01-08 17:45:00,CNC-02,M,298.9247404779489,313.60848958676144,1880.7085497949756,38.607821611654416,174.7029484013585,3.0926229010087303,13.489198906745782,54.238195085827016,0,2026-08-25 06:31:47
2024-01-08 18:02:16,CNC-02,M,299.41670128954905,314.43521786018596,2011.7000850942109,35.551494368149335,198.74763805673257,3.2031970926512345,13.478967771245193,53.7902945624502,0,2026-08-25 06:31:47
2024-01-08 22:23:00,CNC-02,M,26.57493155959503,39.194704776873834,2558.6793241295377,18.94540998770901,58.56989467227919,3.019617645314423,9.096435182056382,54.63116224876265,0,2026-08-25 06:31:47
2024-01-08 09:57:00,CNC-03,H,296.5067724413917,310.08997764468006,1337.6597533328716,49.57451210069854,43.67941524907254,2.0495772930582903,12.27368964607664,55.629743595264614,0,2026-08-25 06:31:47
2024-01-08 06:08:00,CNC-01,L,24.45565432279028,37.77573070537619,2026.4510130932836,30.07743818247636,63.104864809166166,2.563844664587545,11.48862145476144,57.59221324364179,0,2026-08-25 06:31:47
2024-01-08 03:17:00,CNC-03,H,297.6107544967737,311.92150183239767,2542.5619183800786,25.24613798869182,224.05568007926576,3.8128021438120987,12.106256387936854,53.68629435968797,0,2026-08-25 06:31:47
2024-01-08 16:38:00,CNC-02,M,298.50347593538044,312.4046583016985,1696.0807740272696,39.85045103903567,81.36236337647114,2.3490396941352873,12.64521043481884,52.75883355158659,0,2026-08-25 06:31:47
2024-01-08 16:39:00,CNC-03,H,298.60945780149353,313.3148575721222,1708.6232543089034,43.138878876098936,198.26897081924892,2.9576880516869575,13.800750422461753,53.801615161621406,0,2026-08-25 06:31:47
2024-01-08 12:40:00,CNC-01,L,298.4076406711079,313.56935190820866,1369.8945412888866,58.48322109908705,189.02997794255305,2.7432739094234315,15.130339910147253,51.70777358511001,1,2026-08-25 06:31:47
2024-01-08 16:06:00,CNC-01,L,299.99680303400976,313.9195279358693,1808.0140307987274,38.4567070956077,81.6002238081034,2.5176324010626634,12.755549064252385,49.40770462322526,0,2026-08-25 06:31:47
2024-01-08 07:46:00,CNC-01,L,297.63287096691124,312.91869786472046,1805.332665464119,43.956684653589726,200.0794685583485,3.0989642055911863,14.91809763470783,55.47894394479145,0,2026-08-25 06:31:47
2024-01-08 22:37:00,CNC-01,L,27.54979509035894,40.193835582103816,2669.584064755182,18.72764062468162,146.36682844110322,3.5543398834476223,9.748411949652644,49.71726309278189,0,2026-08-25 06:31:47
2024-01-08 05:55:00,CNC-03,H,301.66225488276507,310.2173716268712,1990.7603328927482,36.35681152802367,168.68029763689086,2.9368849019101884,13.709225681664371,50.286435991329135,0,2026-08-25 06:31:47
2024-01-08 21:32:00,CNC-02,M,299.5965625787133,311.5053939274782,2531.128572096524,17.240766976713317,2.2580878173825045,3.0772866270171986,8.121983818306504,56.75681586931861,0,2026-08-25 06:31:47
2024-01-08 20:38:00,CNC-03,H,299.8772690306294,314.4154467937455,2349.753437231912,28.62410638687955,242.7771133773922,3.895249591254453,12.608917818103606,54.35809591801445,0,2026-08-25 06:31:47
2024-01-08 23:22:15,CNC-01,L,300.9303447442762,314.19532771643316,2723.3912992876685,,193.60994972453068,3.832858331345315,10.167978225043425,51.669580665656994,0,2026-08-25 06:31:47
2024-01-08 01:52:00,CNC-01,L,298.2002998681278,311.180707091373,2499.57140386087,20.054766287963833,150.65258640478976,3.386412312459158,9.454062260357063,53.97032443283893,0,2026-08-25 06:31:47
2024-01-08 10:18:00,CNC-03,H,296.4703230253221,310.50654107664417,1441.7443828227335,47.9189535673801,76.17017103507821,2.1315781326791505,13.187463864453166,53.931134278582185,0,2026-08-25 06:31:47
2024-01-08 14:36:00,CNC-03,H,297.59528471107075,311.0560033853859,1482.4352559230224,45.76377432371818,15.387503747333842,2.151353672147933,12.720031932358534,57.801206561348806,0,2026-08-25 06:31:47
2024-01-08 08:02:00,CNC-01,L,297.7320062115153,312.82361092403323,1602.4563831206283,46.4708790065519,223.5519888710664,3.353838769028546,14.134919946617647,,0,2026-08-25 06:31:47
2024-01-08 10:46:00,CNC-02,M,296.255878347194,311.1451885149064,1389.6790753208722,52.0796004346899,198.446798688918,2.713961935011892,13.576000287393317,60.58010636673288,0,2026-08-25 06:31:47
2024-01-08 16:38:00,CNC-03,H,298.6761250954327,313.8584916748403,1778.9800764914426,41.99466945642415,196.81887362373,28.666497347099586,14.189009034952736,50.362409363367206,0,2026-08-25 06:31:47
2024-01-08 23:15:00,CNC-02,M,299.2562932429796,311.10647545385734,2743.2148641443787,12.904026759654332,114.29773140099752,3.3347034189008724,6.5306731481323785,55.19454620424164,0,2026-08-25 06:31:47
2024-01-08 07:08:00,CNC-02,M,295.58909477121034,309.83209765056966,1788.7154831619282,40.823227419129886,74.25544998720855,23.414313600328047,13.674861804169737,57.51217408405668,0,2026-08-25 06:31:47
2024-01-08 05:10:00,CNC-03,H,302.16826996793316,310.153367407193,2131.526793257702,31.749808909143848,110.40852790637773,2.8203631824367332,12.785871835478119,51.789551962092396,0,2026-08-25 06:31:47
2024-01-08 23:49:00,CNC-03,H,299.47518167370737,312.0306098629811,2781.473605249565,15.537557147230231,177.01438655481076,3.5887807981857387,8.259105396187861,52.86560099577832,0,2026-08-25 06:31:47
2024-01-08 10:30:00,CNC-02,M,295.9587190316686,311.0772039291126,1496.0200749827727,49.776240028399556,173.12728679137018,2.489865735411781,14.00840004212768,56.567325736585694,0,2026-08-25 06:31:47
2024-01-08 01:40:00,CNC-03,H,298.0525270383076,309.9647448126888,2630.0594888084884,14.94180076168755,115.56494658110844,3.3511263880864854,7.27022404963666,51.82826965531713,0,2026-08-25 06:31:47
2024-01-08 12:37:00,CNC-01,L,298.19321366512503,313.2523381075472,1426.749847326907,53.220875371728255,184.22997794255306,2.7116355226052766,14.231252528168907,58.84983729104637,0,2026-08-25 06:31:47
2024-01-08 22:56:00,CNC-02,M,26.277523088157295,38.53780434409697,2846.525045539906,14.8756690543479,93.91255378232684,3.449729786317559,7.6734329142373054,55.48296014112568,0,2026-08-25 06:31:47
2024-01-08 17:52:00,CNC-01,L,300.659295017265,314.257988080695,1840.509462008395,36.25010569003935,25.63665379416466,2.4190731524751254,12.507373512454526,49.60251177666513,0,2026-08-25 06:31:47
2024-01-08 04:16:00,CNC-03,H,296.6137896676077,309.83496527087874,2321.776303461787,27.180845610339887,43.35909025114326,2.9081695711062947,11.983525577037014,57.602733468743175,0,2026-08-25 06:31:47
2024-01-08 14:44:00,CNC-03,H,297.95610748637426,311.8885214219956,1568.7990382441847,43.403237110448536,27.845980364596404,2.1377341284105182,12.644030072543233,57.01212563651005,0,2026-08-25 06:31:47
2024-01-08 17:34:00,CNC-03,H,298.6857872616448,312.7047970766738,1910.7767974176038,38.06327898897549,12.234350176880138,2.5439747658138008,13.704987863216068,49.060500164889305,0,2026-08-25 06:31:47
2024-01-08 06:29:00,CNC-02,M,22.47517242950073,36.76507473325955,2073.5135805775058,34.92802264494297,20.20110985343448,2.5495227453116627,13.716122196473721,57.47015947891118,0,2026-08-25 06:31:47
2024-01-08 21:22:00,CNC-02,M,299.68922701859105,313.5597926307603,2657.2851688991304,20.951895199288025,228.78393605194904,4.142300519560818,10.365137429830995,57.437471336052816,0,2026-08-25 06:31:47
2024-01-08 15:26:00,CNC-03,H,298.2357549155159,312.4919683400711,1557.9888401753005,46.44270618147166,91.87812242555285,2.148242006095106,13.508446492273356,52.7223506425869,0,2026-08-25 06:31:47
2024-01-08 14:31:40,CNC-01,L,299.6361576787692,314.7026099444593,1438.948807771926,53.892958822663076,163.4818094514563,2.5382892730806015,14.385461654082105,47.747989202852196,0,2026-08-25 06:31:47
2024-01-08 23:56:00,CNC-03,H,299.45383979024206,311.829294773382,2672.513824009324,16.569033907094607,184.53140727752347,3.59472121541765,8.571418692938147,46.371432737153086,0,2026-08-25 06:31:47
2024-01-08 18:00:35,CNC-01,L,300.90481471909527,314.57864846199095,2130.9842186499277,31.331594676215456,38.856472637229295,2.916020707749164,12.57298562871236,50.27261156373736,0,2026-08-25 06:31:47
2024-01-08 20:27:00,CNC-02,M,299.59265664360504,313.2546981374474,2645.948994927214,20.87276579964198,166.04800589121962,3.5390427693838555,10.203140737166205,53.26051173351121,0,2026-08-25 06:31:47
2024-01-08 14:51:00,CNC-01,L,299.48068495202784,314.0688364946988,1472.8251963781654,49.13576784029545,190.66612278409116,2.8402785746247208,13.774945505366572,54.00088072844026,0,2026-08-25 06:31:47
2024-01-08 20:05:00,CNC-03,H,299.5824816166017,313.6397332295569,2521.9628093736114,24.962425967551756,203.87770506458324,3.593308951436278,11.800567349689365,51.866818438962234,0,2026-08-25 06:31:47
2024-01-08 10:14:00,CNC-02,M,296.19269153472163,311.4917469395214,1473.1385886551086,52.51392178538239,147.86936928817696,2.43853160325926,14.56338142354861,59.14174372527544,0,2026-08-25 06:31:47
2024-01-08 16:49:00,CNC-03,H,298.5917096135056,313.41191087109195,1671.2579501441535,44.43789388928409,212.46705180836375,2.9466209651072592,14.002231538522507,48.20598091424005,0,2026-08-25 06:31:47
2024-01-08 14:42:00,CNC-03,H,297.755531582431,311.2937966042071,1383.4301899048025,46.94959783346724,24.754439877375486,1.9749719989806729,12.237634223612437,55.81363515438887,0,2026-08-25 06:31:47
2024-01-08 13:59:00,CNC-02,M,297.23439917655844,311.4291620388638,1366.5934915449322,51.39166062872535,56.45572865499399,2.009973084665434,13.090888683044337,56.66155650923699,0,2026-08-25 06:31:47
2024-01-08 04:24:00,CNC-03,H,296.83504087508976,309.86833509987673,2342.059480763887,23.67172995494936,53.06122989288708,2.9081294183352058,10.02418731877534,57.47119054171346,0,2026-08-25 06:31:47
2024-01-08 14:03:00,CNC-03,H,297.5286556327251,312.79006021986805,1445.0434502137812,55.49642914218394,197.53665803518635,2.6548706781647735,14.76084095093263,56.37097093797956,0,2026-08-25 06:31:47
2024-01-08 21:23:00,CNC-01,L,301.1483666911481,313.72988615478783,2542.706231497387,20.475386968163786,65.22127956482424,3.175176545964161,9.786499979742052,46.86629095755322,0,2026-08-25 06:31:47
2024-01-08 05:22:31,CNC-03,H,301.8450621749473,309.4747427505767,2143.864573563795,29.667348883989632,125.7508872619322,2.900384427315931,12.196484772906945,47.18634476786439,0,2026-08-25 06:31:47
2024-01-08 02:36:00,CNC-03,H,297.4796098229425,310.3581076830024,2619.8966700091632,18.7105901730322,177.42612253483122,33.633706916050855,8.948198148234432,55.45026449026036,0,2026-08-25 06:31:47
2024-01-08 07:53:18,CNC-03,H,295.7240729075543,309.6434710675616,1568.006936035331,44.54802302433451,78.67822051707653,2.2718247991944183,12.82562932652299,58.9526417742009,0,2026-08-25 06:31:47
2024-01-08 17:38:00,CNC-01,L,300.602526981151,314.62068524437205,1983.9228029241453,36.57386332290716,6.723736095217594,2.6086479360248944,13.59717725159016,49.661122235699686,0,2026-08-25 06:31:47
2024-01-08 04:04:00,CNC-01,L,297.72847569382634,311.143678781491,2457.2757211423345,24.71919470580717,111.17601631974604,3.2072298795761167,11.398732218445868,53.58622437155117,0,2026-08-25 06:31:47
2024-01-08 06:32:00,CNC-03,H,28.81682255194528,38.27724495270485,2021.74279355672,,218.59373577350058,3.3845437956471183,14.94752643299115,47.12729915520646,0,2026-08-25 06:31:47
2024-01-08 20:54:00,CNC-01,L,301.3277280903864,314.2731820101789,2388.8991469625826,24.45777068190188,32.5405264015884,2.936887598916912,11.102683052997174,49.70035029136058,0,2026-08-25 06:31:47
2024-01-08 18:02:00,CNC-02,M,299.64812976714734,314.4799854644993,2059.843790120244,34.729413199797634,197.4095368815109,3.2644940441850667,13.442932642769753,50.493495569723294,0,2026-08-25 06:31:47
2024-01-08 19:37:00,CNC-01,L,301.0537380277735,314.9345823783618,2303.621010317885,27.324791245821082,160.00450206597438,3.265570970110887,11.915564890367403,53.983509410514195,0,2026-08-25 06:31:47
2024-01-08 02:21:00,CNC-01,L,297.9854939435239,311.15386744153693,2724.547949801059,18.678820960794173,182.85363168213402,,,52.34197275533626,0,2026-08-25 06:31:47
2024-01-08 00:23:00,CNC-01,L,298.7811374815981,311.4400282088144,2530.047318981899,21.11799844758782,55.6211001437847,3.264729076894532,9.886433339909253,55.55740483255453,0,2026-08-25 06:31:47
2024-01-08 12:11:00,CNC-02,M,296.8940335514424,311.4214833666016,1363.483035563611,54.21050547446177,111.16381372546803,20.4618765076555,13.795575888954422,57.5044254944018,0,2026-08-25 06:31:47
2024-01-08 21:43:00,CNC-03,H,300.0620700656207,311.8467311693936,2533.227121578475,15.492293433089227,41.106917879377164,3.1678088466124015,7.477687262508256,49.235601218339475,0,2026-08-25 06:31:47
2024-01-08 08:19:51,CNC-01,L,297.53121929537633,310.90011988446577,1681.4351417146504,40.27814012240815,11.85988491387102,2.2816344976366016,12.526376042968037,56.64750574476696,0,2026-08-25 06:31:47
2024-01-08 00:01:00,CNC-03,H,298.7693702156104,309.8802401697764,2797.0579184591534,11.907053804926846,9.274366478493002,3.245579371199973,6.031944951398745,51.95470650203503,1,2026-08-25 06:31:47
2024-01-08 20:29:00,CNC-01,L,301.46401702636666,314.12018118389227,2328.156108197619,23.447293421125543,3.5161298189817747,2.9443778154981928,10.119061501126572,48.39211808991176,0,2026-08-25 06:31:47
2024-01-08 16:30:00,CNC-01,L,300.3262207370693,314.73568318720584,1793.498626666446,41.04366048216672,116.24482166522672,2.532891331292065,,49.45209855178375,0,2026-08-25 06:31:47
2024-01-08 10:42:00,CNC-03,H,296.46827561611957,311.2330777466829,1447.48279773478,53.79228124133099,113.89580419493423,2.184747794531442,14.486762732290993,57.39408676558221,0,2026-08-25 06:31:47
2024-01-08 23:59:00,CNC-02,M,298.7723431113577,311.75188921811036,2577.911261582423,17.966690980668016,161.07174915506033,3.4570761998119695,8.532181188382332,52.38049241110614,0,2026-08-25 06:31:47
2024-01-08 12:15:00,CNC-03,H,296.8009120807223,310.25258889482456,1332.6517076536238,48.01250315316625,27.0644355945276,2.0334619367193296,11.95669275422365,53.970478317357745,0,2026-08-25 06:31:47
2024-01-08 14:12:00,CNC-03,H,297.51209317986013,312.52708017049673,1495.3733007180576,52.13252615508064,211.3628518325217,2.7685202784181677,14.840893922431633,56.24442416206224,0,2026-08-25 06:31:47
2024-01-08 17:10:10,CNC-03,H,298.6884883015962,313.6406974748986,2069.932019545896,37.14978439272838,243.0066214240845,3.588666101028162,14.491240846109239,55.261322800151476,0,2026-08-25 06:31:47
2024-01-08 16:44:00,CNC-03,H,298.6075421865017,313.66953449093546,,42.2362016551662,205.34693208267345,3.0644847181159878,14.246824696882513,57.08750509576993,0,2026-08-25 06:31:47
2024-01-08 05:50:00,CNC-02,M,296.1699515498331,311.3074123430984,2054.2585858040625,37.56380732583602,201.7563580119378,3.303664968792981,14.542268277879582,61.3347187325734,0,2026-08-25 06:31:47
2024-01-08 13:15:00,CNC-02,M,296.8539100982905,312.2674523174709,1449.5165467220063,53.024530093059674,212.47849455137683,2.8505752629182326,14.416393550573327,55.00562751792794,0,2026-08-25 06:31:47
2024-01-08 16:10:00,CNC-01,L,300.2611049407287,314.2230300253025,1703.9200225834936,39.99449605323543,87.35793421837029,2.387450517577635,12.722750913299755,48.20776695417458,0,2026-08-25 06:31:47
2024-01-08 06:21:00,CNC-01,L,24.469632625628037,38.37456619698139,1977.9873467978657,0.0,80.5858844265127,2.522698339217873,12.646420567799444,59.19902967116489,0,2026-08-25 06:31:47
2024-01-08 04:36:00,CNC-01,L,297.71819081131235,312.1313437773426,2268.2810831434167,31.143465320251337,150.04892175146682,3.144289246809454,13.19005890954236,53.189120070189645,0,2026-08-25 06:31:47
2024-01-08 00:24:00,CNC-02,M,298.8258334599764,311.1339057406828,2727.5802953629945,17.344335228678965,38.30643156640494,3.2654547839221624,8.899421359437504,52.27550951273766,0,2026-08-25 06:31:47
2024-01-08 21:49:00,CNC-03,H,299.6823682407721,312.1363660069488,2568.8758030692147,19.320594460647516,47.787873674264006,3.066441344251243,9.355582675706408,54.74493033298591,0,2026-08-25 06:31:47
2024-01-08 03:06:00,CNC-03,H,297.46051893194334,311.2565770577243,2528.7796511102692,23.65503864990188,211.24669047467341,3.6886211440004653,11.52957447945119,60.38270909024388,0,2026-08-25 06:31:47
2024-01-08 05:25:00,CNC-03,H,302.1758136764619,309.5846434985039,2147.434719616089,27.345243857101305,129.62420459712408,2.8305165893574378,10.755710917026244,46.81679746354432,0,2026-08-25 06:31:47
2024-01-08 18:40:00,CNC-03,H,299.58205855010374,313.1542179004922,2170.629179030694,29.08394615977327,99.11239705100095,2.8993358179568918,11.782840711962747,48.669238906341135,0,2026-08-25 06:31:47
2024-01-08 17:56:00,CNC-01,L,301.10926299489046,314.29008911245444,2189.7269615556606,26.346234039776053,30.90731593547984,2.7796585828674094,10.729392090258294,46.093764794018576,0,2026-08-25 06:31:47
2024-01-08 07:32:00,CNC-03,H,296.22264094552725,310.66052729166483,1761.6783504819477,42.27567260088919,48.243041511177125,2.421659330788101,14.10686586490546,57.98662871220276,0,2026-08-25 06:31:47
2024-01-08 05:43:00,CNC-01,L,297.474065921304,311.20049247599826,2138.551658911751,30.467439668028195,29.81797621476789,2.811482234271031,12.39668857903809,56.493273854225784,0,2026-08-25 06:31:47
2024-01-08 00:11:00,CNC-03,H,299.2633033928243,310.3086986967732,2764.381129887051,13.051710280644487,19.827625089423467,3.2674117012605355,6.744435182052384,51.95121287696789,0,2026-08-25 06:31:47
2024-01-08 00:35:00,CNC-03,H,298.4857209469786,309.2452635937581,2819.450694020716,9.963200164322332,45.504574956459194,3.316713298507833,5.21259166323463,54.00513856211516,1,2026-08-25 06:31:47
2024-01-08 06:09:00,CNC-01,L,24.79797280726615,38.87880085959182,2142.562440984829,33.417178729520494,64.42258165490169,2.7827629435820778,13.36359929039107,53.348377447802534,0,2026-08-25 06:31:47
2024-01-08 06:02:00,CNC-02,M,23.19311880688798,38.38856971152285,2046.7612109856204,37.78886421442127,217.88057322888125,3.4760112306475612,14.551578811823216,59.112829505658254,0,2026-08-25 06:31:47
2024-01-08 10:17:00,CNC-03,H,296.5428696051774,310.3639897932894,1459.8546318062176,46.18782649391588,74.62160120357024,2.0877031934573553,12.541328688361746,59.14361815835556,0,2026-08-25 06:31:47
2024-01-08 07:06:00,CNC-03,H,295.99360380387617,309.74520001972405,1828.767098026674,38.00876265787544,11.229433089381589,2.5052362385478446,12.768953063934575,60.64066546113437,0,2026-08-25 06:31:47
2024-01-08 17:38:00,CNC-02,M,299.31917122578494,313.9153667369973,1821.1999011590774,37.962260603404054,165.19136089330812,2.684961059263385,12.675899853877889,49.56725467719332,0,2026-08-25 06:31:47
2024-01-08 22:26:00,CNC-01,L,27.774736665563864,41.43005723063931,2653.635339084864,,134.51271311582082,3.451942660809433,11.09926068999824,52.224671776757845,0,2026-08-25 06:31:47
2024-01-08 11:06:00,CNC-01,L,297.77704538209304,311.35137764254665,1315.8676988976083,51.08100798722225,39.65500477276129,2.0478307624872887,12.4853088648442,58.12636206631335,0,2026-08-25 06:31:47
2024-01-08 17:00:00,CNC-02,M,299.0888146105353,313.8795069506503,1824.9236666398958,42.15297344627364,112.67068433568754,2.530838355154124,14.375421123460532,51.59785375168206,0,2026-08-25 06:31:47
2024-01-08 07:52:00,CNC-02,M,295.64648478612764,310.09186574301543,1566.5548886627744,44.37950491735585,137.0699392900061,2.3761675781313976,13.071742175611094,57.52505567497249,0,2026-08-25 06:31:47
2024-01-08 08:34:00,CNC-01,L,297.37022398003415,311.4916956604435,1611.683688902547,43.411773272403906,34.23861525142866,2.292692141077743,13.159514683267101,51.927460327431184,0,2026-08-25 06:31:47
2024-01-08 23:22:00,CNC-03,H,299.3802015052983,311.433571322763,2659.7028454470956,14.972004657124415,148.3866305926238,3.3534216074691776,7.2063998971511785,55.672794121767595,0,2026-08-25 06:31:47
2024-01-08 11:03:00,CNC-01,L,297.93538752167046,311.72936088563705,1428.8716028566112,48.44803061958275,34.88699767315333,2.130195537980761,12.903211856544072,56.23222519330664,0,2026-08-25 06:31:47
2024-01-08 15:24:00,CNC-02,M,303.4967801577474,312.6585584914872,1747.468258875587,44.12527393672904,186.9013648949625,2.8725631557597286,14.829196189148982,42.77469037299528,0,2026-08-25 06:31:47
2024-01-08 10:48:00,CNC-01,L,297.7282027170445,310.8348264752746,1294.2027512724617,48.01579756201106,11.047621292883964,1.9066490871004498,11.73891867044251,53.08127305296038,0,2026-08-25 06:31:47
2024-01-08 05:40:00,CNC-03,H,301.57880667452775,309.82954080455124,2135.940870276707,33.73397981678366,148.99950565810713,2.969205154366737,13.566845897117506,51.73441140419077,0,2026-08-25 06:31:47
2024-01-08 16:30:42,CNC-01,L,300.2361728061891,314.4838306758218,1945.5481338659047,36.03159245250564,119.044545895432,2.820288228040218,13.102742395859487,49.67575903773095,0,2026-08-25 06:31:47
2024-01-08 08:01:00,CNC-03,H,295.69863345214316,309.8782937814727,1849.5463306236732,37.47931451277049,90.24607318124906,24.434502183034436,12.665831000889508,61.28031623140229,0,2026-08-25 06:31:47
2024-01-08 12:04:00,CNC-02,M,296.8023437776226,311.079557730143,1438.7617740740757,49.37988486332452,100.09259947189894,2.1812296824870026,13.262279272800521,55.65450512065363,0,2026-08-25 06:31:47
2024-01-08 20:58:00,CNC-02,M,299.7666959829335,313.5707756485032,2373.643290243826,23.337967280452894,201.7903022936371,3.610678795583947,10.23780180013317,51.07995481183259,0,2026-08-25 06:31:47
2024-01-08 12:19:00,CNC-01,L,298.2595723492853,313.2119417908143,1463.969878466219,52.32686045632497,155.7115154244806,2.4091938646024995,14.480944099447786,54.11401707366498,0,2026-08-25 06:31:47
2024-01-08 22:49:00,CNC-02,M,26.151667763618548,38.09179374146271,2690.1504423980473,13.548799762476374,86.46238729782338,3.1645738957210625,6.871079991461099,49.69618967067089,0,2026-08-25 06:31:47
2024-01-08 14:33:00,CNC-03,H,297.6982371958857,311.93559475527894,1510.930509199984,49.36443310052221,,2.1566979804233855,14.116774530676162,51.772521780294284,0,2026-08-25 06:31:47
2024-01-08 05:01:00,CNC-03,H,302.27330004309295,310.76716917393225,2235.6782503239474,32.73833672517024,98.89695730353232,2.8361098992771576,13.540970839291411,44.97557936543881,0,2026-08-25 06:31:47
2024-01-08 19:49:00,CNC-01,L,301.4818967641833,315.76126932925223,2242.802886088875,30.11887018505136,174.85440121227884,3.336342876661441,12.69945291742269,48.82853706840114,0,2026-08-25 06:31:47
2024-01-08 17:49:00,CNC-02,M,299.3099380009233,313.4787635569287,1899.2068998764091,33.53592817891481,180.07140122565673,3.0044204710999494,11.905927960091917,52.966996808716544,0,2026-08-25 06:31:47
2024-01-08 18:50:00,CNC-02,M,299.7547473135904,313.58569477927006,2055.2963986524132,31.522548152939155,48.032060862239156,2.7391144192852432,12.046103659946118,54.33520552355714,0,2026-08-25 06:31:47
2024-01-08 11:55:00,CNC-01,L,298.00544380633403,312.4397978943227,1460.7863645338007,51.78065965968097,117.58065688221049,2.3073124795631688,14.150313568376374,55.64938099524065,0,2026-08-25 06:31:47
2024-01-08 09:53:00,CNC-03,H,296.474641571764,310.04756516297033,1399.6407120049269,49.03564518901102,37.38702047956064,2.021963360814079,12.70677906418781,60.25817802930584,0,2026-08-25 06:31:47
2024-01-08 02:11:00,CNC-03,H,297.95507371373964,310.292164941669,2582.285792978035,17.36728164876156,149.56893831912348,3.3622656026956497,8.612963466540636,56.460496043734665,0,2026-08-25 06:31:47
2024-01-08 09:51:00,CNC-03,H,296.47179214752316,310.18473264882954,1516.62027391729,45.28668351605223,34.27724657378414,2.073618967181773,12.912772819703882,62.05352722307334,0,2026-08-25 06:31:47
2024-01-08 19:51:00,CNC-03,H,299.657811441989,314.27364139035865,2266.3217566932517,31.072445815319064,187.19036766478322,3.1610081868076367,13.39914047370543,52.707224306790664,0,2026-08-25 06:31:47
2024-01-08 12:44:00,CNC-03,H,297.1370670991297,310.9627039302858,1404.7206468668244,49.03247685027847,,2.0950298768995723,13.024276314532939,57.51186189333969,0,2026-08-25 06:31:47
2024-01-08 19:55:00,CNC-03,H,299.55100316827065,313.62155734329093,2194.485792359699,30.231292483036842,192.05297857004598,3.214485773184393,12.335073758657526,51.04588138749605,0,2026-08-25 06:31:47
2024-01-08 06:21:00,CNC-02,M,23.055564350509087,37.10179395536437,2101.7184587030315,34.039037089406335,9.322055573352683,2.66114609073884,13.258010362786143,56.64605373767199,0,2026-08-25 06:31:47
2024-01-08 15:16:00,CNC-03,H,297.923629728772,312.78619832150383,1720.3218881393243,46.25895430572945,76.77096531834378,2.4076987013045903,14.76840769912463,57.393753786196,0,2026-08-25 06:31:47
2024-01-08 10:25:00,CNC-01,L,297.6456662950682,313.15244103671375,1566.5751458119746,52.14770512177291,205.24818550387502,2.8240123419975425,15.065286087016773,51.946413297899994,0,2026-08-25 06:31:47
2024-01-08 00:01:00,CNC-01,L,299.09204204187034,310.0361057452299,2691.5714870022607,11.655877527109734,32.24254805878585,3.26438574946143,5.874467419088177,56.106059871025806,1,2026-08-25 06:31:47
2024-01-08 19:47:00,CNC-02,M,299.6906547279747,314.5520185632365,2285.1208753111246,32.19133786054395,118.8281316087919,2.889651000521289,13.794239175172557,53.554110381250815,0,2026-08-25 06:31:47
2024-01-08 08:09:00,CNC-03,H,295.9081277163317,310.0927633938858,1558.2397374014138,47.60416208540075,101.97275956790416,2.2969482228017104,13.868505732562799,61.44749432268313,0,2026-08-25 06:31:47
2024-01-08 06:06:00,CNC-01,L,24.722814091168402,38.539559829359234,1839.532231047194,37.20352187010772,60.434964687356405,2.4849574802718757,12.74520661918427,54.15233346172296,0,2026-08-25 06:31:47
2024-01-08 07:59:00,CNC-02,M,295.6740850215187,310.1542211694955,1664.995719641169,42.91356204835706,147.25676894076173,2.561234058528897,13.503425642982519,58.520425853820875,0,2026-08-25 06:31:47
2024-01-08 05:00:00,CNC-03,H,301.95880404922593,310.0074300618366,2311.687342914117,28.870840536166877,97.62892212798187,2.904993156392456,12.338012015299325,51.621499110307866,0,2026-08-25 06:31:47
2024-01-08 18:10:00,CNC-03,H,299.250965492078,313.8694277163758,2099.2826716122663,36.41536015977049,60.472102743868255,2.6867609082097403,14.466697898166611,50.59038642279431,0,2026-08-25 06:31:47
2024-01-08 19:35:00,CNC-01,L,301.3113064179337,314.9424856101121,2265.271117981529,26.189052910558917,157.546828486086,3.242805937824141,11.11804036421181,47.70746350804337,0,2026-08-25 06:31:47
2024-01-08 21:38:00,CNC-02,M,299.66208579589284,312.4470457213002,2372.1125460054413,22.699419810269465,9.111578843218728,2.9336354029485774,10.00411190120659,54.00185196962047,0,2026-08-25 06:31:47
2024-01-08 01:02:00,CNC-03,H,298.300055950988,310.54286936386904,2695.6648490721545,17.673584337696603,74.41692133060522,3.210441626008351,8.909187863374088,54.43836784343796,0,2026-08-25 06:31:47
2024-01-08 23:30:00,CNC-01,L,300.46289176649674,314.069217475769,2543.195130432112,22.150409318452663,203.20059281734044,3.8089366495606254,10.70967195741108,51.90133754359446,0,2026-08-25 06:31:47
2024-01-08 12:17:00,CNC-01,L,298.32948382733196,313.09902437335154,1327.0642035840115,57.52294546537101,152.54278311394563,2.3538563490134337,14.48925432571358,54.653006736358634,0,2026-08-25 06:31:47
2024-01-08 13:26:00,CNC-02,M,297.2089586193676,310.81371483735717,1408.453149705155,45.71902207399609,4.730557070012039,2.0083480440143537,12.13062508859931,59.22438230951682,0,2026-08-25 06:31:47
2024-01-08 14:33:00,CNC-02,M,302.9842052104038,312.0040408201227,1460.9815907167535,52.393731313339885,109.2378186292959,2.151958898275567,14.418340602714414,47.36363477872033,0,2026-08-25 06:31:47
2024-01-08 16:50:00,CNC-02,M,298.9873355203791,313.5392642180388,1863.5943043382483,38.789867975528246,98.56374155286606,2.570198670574144,13.473100976587629,55.12463821768551,0,2026-08-25 06:31:47
2024-01-08 07:34:00,CNC-03,H,296.0862193908501,309.8560537078029,1714.6301452241019,40.62520374232324,51.105889558688006,2.3311193837421476,453.7244589244552,58.62371969284764,0,2026-08-25 06:31:47
2024-01-08 00:06:00,CNC-01,L,299.18050154096545,310.7247796786726,2811.7918210059656,14.23101548335219,37.62795740339727,3.317400689087877,7.513887484626329,50.59423220991503,0,2026-08-25 06:31:47
2024-01-08 13:48:00,CNC-02,M,297.1408855792912,311.47932613820683,1515.3075583429586,47.54444754549006,39.384983376184806,2.1866020071068757,13.583220695024215,61.74021970802795,0,2026-08-25 06:31:47
2024-01-08 02:04:49,CNC-02,M,297.98953050710327,310.95762160994866,2562.6137712409804,20.112132111607334,148.3474143003824,3.2664676239037624,9.483078322030535,52.98969219296081,0,2026-08-25 06:31:47
2024-01-08 08:13:00,CNC-03,H,295.7475746543285,309.6589198420635,1597.963172366925,41.64855726185912,107.89877943643337,2.2975042337116354,12.386689281039196,59.78650215204088,0,2026-08-25 06:31:47
2024-01-08 06:01:00,CNC-02,M,23.21176025279442,37.910720571082834,2145.379040256666,33.02769390954183,216.51925197194382,3.524610169659336,13.525007560638963,57.95119590465789,0,2026-08-25 06:31:47
2024-01-08 01:55:00,CNC-03,H,297.69457967881226,310.6825643180946,2540.4296371116943,20.121179787353483,132.18570742804445,3.1561036934880238,9.20737192115208,53.730517295401654,0,2026-08-25 06:31:47
2024-01-08 07:38:00,CNC-01,L,297.39484841150954,312.5061422050384,1847.1733788756358,41.89681333636234,188.64205335337002,3.0569735341868034,14.12574299659915,54.436953211085665,0,2026-08-25 06:31:47
2024-01-08 13:30:00,CNC-02,M,297.28052696595125,311.41467632030225,1452.266557326332,49.509387996480086,11.010344987484146,2.1278651871683345,13.519104073281362,56.975135161616215,0,2026-08-25 06:31:47
2024-01-08 06:33:00,CNC-01,L,24.576704246136615,38.78021152735829,1964.792352614806,33.4666583774739,97.0517944326653,2.623914741929316,12.34615221328749,52.405281084905965,0,2026-08-25 06:31:47
2024-01-08 04:55:00,CNC-02,M,296.6211204706678,310.7509909409398,2172.9854277920804,31.764665725322374,130.85966458556302,2.901005649364774,12.999648273691982,55.222132442532114,0,2026-08-25 06:31:47
2024-01-08 23:31:00,CNC-02,M,299.1897644513019,311.6953319100529,2689.3869275028965,15.955509137524231,131.31703775646267,3.4287799047312184,8.108259637201511,1240.2938068345086,0,2026-08-25 06:31:47
2024-01-08 08:17:00,CNC-01,L,297.2488288581831,311.12491312267895,1638.762073787678,43.502888064483265,8.864941232442533,2.1601487177497534,13.316347978104849,57.17741212857987,0,2026-08-25 06:31:47
2024-01-08 03:14:00,CNC-03,H,297.2539566633384,311.28352443186117,2446.705122867134,25.28104992158967,220.56873060277408,3.7964749789664607,11.67736686927438,56.6776148169193,0,2026-08-25 06:31:47
2024-01-08 18:43:00,CNC-02,M,299.57306914376704,313.74807935640763,2178.756341252956,31.371327149738622,39.147763190619685,2.7657495595199943,12.614586876983141,54.08703131574686,0,2026-08-25 06:31:47
2024-01-08 08:06:00,CNC-01,L,297.58177654229945,312.94611273787245,1717.429956121089,47.009253489077864,229.4281851073291,3.550510227083145,15.120414577820656,57.619917666811574,0,2026-08-25 06:31:47
2024-01-08 12:07:00,CNC-01,L,298.4596535127551,312.6087981885753,1330.6920214812221,51.85028944091947,136.61830451594946,2.325550664897644,12.753584970897617,55.757819372986155,0,2026-08-25 06:31:47
2024-01-08 16:58:00,CNC-03,H,298.5054101416711,313.9964628937357,1933.5446016965684,43.015180596116664,224.99965819410477,3.2744939205846704,15.817602095939016,53.08696501394988,0,2026-08-25 06:31:47
2024-01-08 22:16:00,CNC-01,L,27.687401687422835,40.54392108676501,2612.7343273585648,19.91507310416728,123.640068714978,3.3461566997508942,10.080044667560365,48.9385328608,0,2026-08-25 06:31:47
2024-01-08 17:38:00,CNC-03,H,299.03074194022554,312.69639297855747,2018.7460564480746,32.78968066314285,17.628531868447432,2.565442788895155,12.3751559791772,56.676234984098386,0,2026-08-25 06:31:47
2024-01-08 02:19:00,CNC-02,M,297.85949428003084,310.74819640170625,2522.705901740341,19.42274662062483,162.67235791646192,3.4761148954864907,9.012857771310962,55.29511703107651,0,2026-08-25 06:31:47
2024-01-08 19:33:00,CNC-03,H,299.6652008012699,314.07077921811884,2254.757775207004,31.19524538017639,165.4667975439663,3.1107489692530113,13.25144272196029,53.15845866552535,0,2026-08-25 06:31:47
2024-01-08 22:38:00,CNC-03,H,26.665967659439673,39.95418917249009,2522.2394186915444,22.815020571364727,,3.0416080801065255,10.672104849989951,46.47100109736152,0,2026-08-25 06:31:47
2024-01-08 00:39:00,CNC-03,H,298.73371119721327,311.05100933979355,2704.7440356788657,17.754153390782633,49.8015809832604,3.2203527452615277,8.9036120037858,52.21153480711636,0,2026-08-25 06:31:47
2024-01-08 08:29:00,CNC-02,M,296.01315149927206,310.9835017959024,1684.468002835743,45.18078011778069,191.57940536510327,2.8837192642262433,14.290139426364384,54.97060762159055,0,2026-08-25 06:31:47
2024-01-08 20:06:00,CNC-02,M,299.84504347039643,313.66219239557915,2391.629299857435,25.432151098454728,141.41493478721148,30.993984923676095,11.29960104991799,1196.6124825352103,0,2026-08-25 06:31:47
2024-01-08 11:21:00,CNC-01,L,298.11102985928085,312.26160553728,1445.4489889624408,50.7503181314701,63.559307553588376,2.0524934737228637,13.832266093597811,55.82320583898901,0,2026-08-25 06:31:47
2024-01-08 18:08:00,CNC-01,L,301.0141448123218,314.6611265765488,1977.1235095530114,33.04071135848094,46.745120375770306,2.5485565640719843,12.308932305625058,49.62630326492788,0,2026-08-25 06:31:47
2024-01-08 01:22:00,CNC-01,L,298.38089693280995,310.6084866656808,2670.3014777690723,16.502900744592583,118.22804490642561,3.3131661272202124,8.344066863182631,52.25708328904812,0,2026-08-25 06:31:47
2024-01-08 10:35:00,CNC-03,H,296.4504352785817,311.1559371786523,1513.0961492058887,50.34891062321367,102.85616537290213,2.1365586758520405,14.384772134858824,56.36540510615567,0,2026-08-25 06:31:47
2024-01-08 09:43:00,CNC-01,L,297.45638828113283,311.56744715127195,1575.8094967472482,41.16263049589551,139.71045714229956,2.5688653244684847,12.048348203707663,52.9633664794878,0,2026-08-25 06:31:47
2024-01-08 00:26:00,CNC-01,L,298.8437942783983,310.32895411937875,2752.228945927531,13.578594350283588,58.819908419118654,3.2431767050296916,6.992172038301179,55.11710312099269,0,2026-08-25 06:31:47
2024-01-08 02:23:00,CNC-02,M,297.98725191588096,311.58658869167135,2535.060016026295,22.311348616240284,167.0838984825693,3.4583090312191174,10.587320168843403,55.602373282801416,0,2026-08-25 06:31:47
2024-01-08 03:11:00,CNC-01,L,297.7905424059584,310.75337904275517,2450.165622530651,21.934284761716505,48.86955307783664,2.993196731961163,10.15340580492747,57.02180152873051,0,2026-08-25 06:31:47
2024-01-08 19:30:00,CNC-03,H,299.504776723195,313.06103169449113,2271.433449982275,27.124663903418952,161.78470643472446,3.0733186867834315,11.620366959615385,50.45645922383454,0,2026-08-25 06:31:47
2024-01-08 14:39:00,CNC-01,L,299.4881159524415,314.21361238223767,1755.8374114983114,41.74176808159629,172.57083663520183,2.9106667087171583,13.895154018371855,57.53484857807985,0,2026-08-25 06:31:47
2024-01-08 05:03:00,CNC-02,M,296.8514737984286,311.6207240553646,2200.2314891404812,33.76720106060416,140.93034299629093,2.9913734390780404,14.124075274748007,59.79215067281867,0,2026-08-25 06:31:47
2024-01-08 18:55:00,CNC-02,M,299.822345616788,313.7422493353002,2121.355014316824,31.732242791791027,54.442221004275076,2.6454457294515743,12.612633128022564,49.97076545252393,0,2026-08-25 06:31:47
2024-01-08 10:50:00,CNC-03,H,296.44194992125045,310.76665714710856,1397.7507573882451,50.83236112447358,126.5772463672628,2.169386715038433,13.399359034677163,60.19154634710215,0,2026-08-25 06:31:47
2024-01-08 00:16:06,CNC-03,H,298.9773213701789,310.90191975839406,2791.054737496505,16.05654195247004,26.213771080246335,3.4087145178331677,8.35068493147025,54.1802910106502,0,2026-08-25 06:31:47
2024-01-08 19:23:00,CNC-02,M,299.876235418769,313.91423547248877,2193.9097203518936,29.36398365717656,89.38001920432826,2.7709663625608485,12.338277805679772,54.517953725333435,0,2026-08-25 06:31:47
2024-01-08 21:11:00,CNC-01,L,300.9669573259672,313.73704818086134,2471.906931128104,21.657765320692867,51.87714852611921,3.1187476823932796,9.71555978840125,46.96545482842892,0,2026-08-25 06:31:47
2024-01-08 02:16:00,CNC-01,L,298.1200394023684,311.24901555699716,2568.206154510906,19.901607509952825,177.25090735070884,3.6635834384437698,9.800293163422344,59.016830238594764,0,2026-08-25 06:31:47
2024-01-08 12:06:00,CNC-02,M,296.8158945996617,311.09605085815775,1504.4131694131154,45.6227542791544,103.21773501191817,2.28565180301521,12.756594254665934,52.458103390492354,0,2026-08-25 06:31:47
2024-01-08 20:02:00,CNC-02,M,299.92623666956484,313.6449737685522,2591.3558638755935,22.750772326546766,136.66928878037712,3.3971722977472494,11.043774528055481,48.35687425655864,0,2026-08-25 06:31:47
2024-01-08 02:20:00,CNC-02,M,298.00280653762684,310.7084161493403,2734.0455840626696,16.221201233157046,163.7390004590787,3.6566336051237895,8.466740952433936,56.22535439180841,0,2026-08-25 06:31:47
2024-01-08 23:28:00,CNC-01,L,300.7489494401191,313.6388010504825,2794.798632352328,18.221399803719667,201.0344912231727,4.072687725773749,9.593680629229096,51.771430017153165,0,2026-08-25 06:31:47
2024-01-08 07:16:33,CNC-03,H,295.7494251248832,309.5873104939417,1888.9811090320961,37.23042885713328,26.772049895462928,2.53210341098704,13.156426894408188,56.49832983097307,0,2026-08-25 06:31:47
2024-01-08 16:44:00,CNC-01,L,300.279104123729,315.02877894811536,1716.667870518365,,136.22564830930006,2.521812783654329,13.560551332063536,50.32969546107867,0,2026-08-25 06:31:47
2024-01-08 17:29:00,CNC-01,L,300.63834097311684,315.5927700681291,1935.2253543557213,39.94944664271717,198.43651085251292,3.269290751657268,14.61226676309329,49.03034441813279,0,2026-08-25 06:31:47
2024-01-08 03:10:00,CNC-03,H,297.3740297135892,311.1401324034061,2434.0040318136157,23.873737483079932,215.91910117868548,3.582961937959026,10.607271462822341,58.48961580462937,0,2026-08-25 06:31:47
2024-01-08 07:54:00,CNC-03,H,7838.467633105917,310.84569007570246,1625.4679439199201,47.07430051191829,80.16901934118377,2.2928040020623657,14.224061097406171,57.85763630346703,0,2026-08-25 06:31:47
2024-01-08 09:56:00,CNC-01,L,297.54588296018477,312.32648165837907,1418.6068433489131,52.47592828811373,159.81852226965094,2.5473969433022283,14.137226600651909,,0,2026-08-25 06:31:47
2024-01-08 17:59:00,CNC-02,M,299.51254340825443,314.05877811627437,0.0,33.81124431895287,193.49451051613556,3.1751066788349602,12.492871324446401,53.62755000081913,0,2026-08-25 06:31:47
2024-01-08 22:59:00,CNC-01,L,300.7819779081514,314.6096977543819,2605.671779024453,24.067988763432325,169.996578253124,3.6373430537302873,11.755466201376578,50.26868900026314,0,2026-08-25 06:31:47
2024-01-08 20:33:00,CNC-02,M,299.7050992007524,313.1183656079837,0.0,21.986100015027947,173.05513031850987,3.4416085379426544,10.689109085134753,52.34778672460769,0,2026-08-25 06:31:47
2024-01-08 20:04:00,CNC-02,M,299.92207100102803,314.0653641544858,2396.3790129276554,26.49360074197896,139.03333214349965,3.1275523179415083,11.82003633114448,51.2714341445389,0,2026-08-25 06:31:47
2024-01-08 00:36:00,CNC-03,H,298.6312174915373,,2830.7923621381738,16.125828064727404,46.560676861055235,3.3044839075937666,8.522065881976532,54.52597640011293,0,2026-08-25 06:31:47
2024-01-08 16:31:00,CNC-01,L,300.28898461893993,314.9314596066278,1746.8748796071363,42.93542520705267,117.67190020913775,2.578506380822423,14.120415405762625,48.601107820907764,0,2026-08-25 06:31:47
2024-01-08 10:12:00,CNC-03,H,296.64237455182035,310.31460396596015,1642.922297725066,40.2146145851246,66.89040099899407,2.3417195378698756,12.375348731176729,55.225501565513,0,2026-08-25 06:31:47
2024-01-08 11:51:00,CNC-01,L,298.20988374768064,312.428605491018,1442.6804377806839,50.48496166880151,111.24901480101094,2.2662526214806165,13.543663220797992,54.10160959505738,0,2026-08-25 06:31:47
2024-01-08 05:33:00,CNC-03,H,301.8390073099546,309.8201203126529,2043.2319974179889,33.10579990029663,139.99624951386116,2.819990426409422,12.72726931234366,52.38614158436821,0,2026-08-25 06:31:47
2024-01-08 12:32:00,CNC-01,L,298.4119312979112,313.0923069509165,1393.7311583317166,51.457208991930656,176.35413606431814,2.566365956442513,13.574033994396256,53.29229734946952,0,2026-08-25 06:31:47
2024-01-08 18:15:00,CNC-02,M,299.5650732242026,313.23574618013663,2114.6279290269736,29.923605709666365,2.630845187608999,2.689210841748893,11.709969071489077,49.64192221949497,0,2026-08-25 06:31:47
2024-01-08 03:08:00,CNC-03,H,297.49935728593863,311.88121563215327,2354.8145735965454,28.281452759253153,,3.5026143529781066,12.519302395202907,53.455172896969984,0,2026-08-25 06:31:47
2024-01-08 01:53:00,CNC-01,L,298.5093396411171,310.8449782977144,2637.1298023735358,16.48649335019744,151.71050595756583,3.5710617509925173,8.322769576110677,51.14824218040567,0,2026-08-25 06:31:47
2024-01-08 15:08:00,CNC-01,L,299.59045774805566,314.9053825855683,1568.3349036203886,49.55986370470333,216.4686387560046,3.176897839066843,14.513619847036376,49.59073615162553,0,2026-08-25 06:31:47
2024-01-08 11:17:00,CNC-02,M,296.5525733231698,309.993499653322,1308.2352372986402,48.188541173437365,25.478755635017492,1.9257893752642607,11.68178100251569,57.19401362914143,0,2026-08-25 06:31:47
2024-01-08 16:09:00,CNC-01,L,300.24807064906133,314.77736353245126,1791.01559517425,42.18898929956828,85.90975071179638,2.4793893693036253,14.203156562107393,49.58792232558947,0,2026-08-25 06:31:47
2024-01-08 20:57:00,CNC-01,L,301.25864543733917,313.64445080375975,2584.8750981263493,19.606304666389242,36.06870741801586,3.141291952428777,9.197299316792233,47.089922784679196,0,2026-08-25 06:31:47
2024-01-08 14:34:00,CNC-02,M,303.287234978038,312.45053848028965,1692.9212189362538,47.470096385396886,110.73324021292352,2.444018172454165,14.857365925459632,50.00783377758501,0,2026-08-25 06:31:47
2024-01-08 01:24:00,CNC-03,H,298.1098523802376,310.67876472099357,2483.040889266592,21.23299952769659,98.22739031739032,3.096139973381565,9.888710066333632,53.49510117889984,0,2026-08-25 06:31:47
2024-01-08 14:56:00,CNC-01,L,299.587935692771,314.3056487996599,1536.5663926458408,47.646659377309454,198.1850272219653,2.922831603211219,13.608032493815516,51.57869762026004,0,2026-08-25 06:31:47
2024-01-08 08:58:00,CNC-01,L,297.51047033051765,311.6302537060063,1477.5896257020604,45.6854622957896,70.38029512248161,2.162076192519728,12.688835200791571,57.39941956699297,0,2026-08-25 06:31:47
2024-01-08 11:47:00,CNC-02,M,296.63382697995496,311.17913322690083,1366.1670468631662,54.63425270903741,73.03051972021484,2.0077298718852474,13.958034278940026,56.823966859767616,0,2026-08-25 06:31:47
2024-01-08 05:57:00,CNC-03,H,301.73276217677295,310.29795373550616,2022.4810958001253,35.3811450569301,171.3179680744472,3.048090426979483,13.296567873873135,46.99378183930218,0,2026-08-25 06:31:47
2024-01-08 04:29:16,CNC-02,M,297.0308209660911,310.9540455338769,2292.2799126509294,28.839268889686927,98.63205278360074,2.9140106353297623,12.521018510727208,57.565773006860745,0,2026-08-25 06:31:47
2024-01-08 23:19:00,CNC-01,L,300.58092944695585,314.19483118441235,2630.56835277903,21.875348337613516,191.5161149104409,3.8076705768264447,10.558749919122807,50.39038949347194,0,2026-08-25 06:31:47
2024-01-08 10:08:00,CNC-02,M,295.8465253075339,310.38570954219796,1497.8673876570647,49.13558204592619,138.44263849422723,2.3717389460799003,13.829176403682911,64.22578266756099,0,2026-08-25 06:31:47
2024-01-08 06:37:00,CNC-02,M,22.85531210179414,37.00995478048549,2045.4150117367626,34.398205390693974,31.17146573635312,2.577790413224766,13.410350873488413,59.65734406122933,0,2026-08-25 06:31:47
2024-01-08 13:43:00,CNC-01,L,299.04495100582517,313.2045629165525,1484.9210286264135,48.345479352012696,85.61986313986365,2.2647023775624766,13.5739933119449,55.69261387810278,0,2026-08-25 06:31:47
2024-01-08 10:54:00,CNC-03,H,296.5345720452867,,1474.8226332624752,48.38723666644415,132.92768138823095,2.3155946507189515,13.233387979805684,56.48372670676963,0,2026-08-25 06:31:47
2024-01-08 17:03:00,CNC-01,L,300.43929224868583,315.30073768221126,1920.8010034546871,38.99258219094578,162.98458153959675,2.89693510211327,14.045320543033158,51.47813021472217,0,2026-08-25 06:31:47
2024-01-08 17:21:00,CNC-02,M,299.1701298576796,313.6207268795767,1934.6811688286332,35.44563093805108,141.96554723669405,2.837317443844218,12.676960098824896,54.126940645097605,0,2026-08-25 06:31:47
2024-01-08 23:34:00,CNC-03,H,299.44291200257106,311.7542688328785,2728.915848632052,15.593391736473915,161.117942508369,3.5484578237747164,8.106417662960881,50.88573370900987,0,2026-08-25 06:31:47
2024-01-08 23:41:00,CNC-02,M,299.2877859937663,311.31854489893834,2741.6626408663546,0.0,141.92324846467804,3.48249801193307,6.780910724500713,52.328584876289504,0,2026-08-25 06:31:47
2024-01-08 23:32:00,CNC-01,L,300.36197958049695,314.00629060478565,2684.298700385539,21.584561222021375,205.33725329518663,4.040533402493815,10.803360656156043,53.1485157559261,0,2026-08-25 06:31:47
2024-01-08 19:30:48,CNC-01,L,,315.38398560579,2229.2672040683933,30.08947060931022,151.30155493153487,3.0335440187742986,12.60137506870091,49.34805154781081,0,2026-08-25 06:31:47
2024-01-08 07:02:00,CNC-02,M,22.397515959943746,36.825981419081074,1867.986528606448,40.17774502532232,65.84006272625483,2.4625968991235476,13.934389134516168,63.856317641332716,0,2026-08-25 06:31:47
2024-01-08 06:57:00,CNC-01,L,24.43617774217313,38.54780557183233,1949.182446883433,32.87367808228723,130.35758815941065,2.8253140689636886,12.009877833778631,51.42565362799447,0,2026-08-25 06:31:47
2024-01-08 13:10:41,CNC-02,M,297.34317225548335,312.47251925338674,1316.7819651501168,56.51204020470451,204.55126852886266,2.7024851205635416,14.041639702237621,58.77987754872606,0,2026-08-25 06:31:47
2024-01-08 11:48:00,CNC-01,L,298.29706797166455,312.7888368230214,1403.0724825783268,52.47344989597255,106.52180468845123,2.1809282886331687,13.637115708167725,52.45885438311974,0,2026-08-25 06:31:47
2024-01-08 14:54:00,CNC-03,H,297.82144783717314,311.96052170739694,1354.5493359142458,54.20524218107731,43.32936467328506,1.9830641028746654,13.646740944285355,56.13723345266056,0,2026-08-25 06:31:47
2024-01-08 14:58:00,CNC-01,L,299.56897196080115,314.78745419521636,1457.3149159466561,53.379384850118,201.2692213823714,2.8739627334164854,14.577968449883599,52.990538438176095,0,2026-08-25 06:31:47
2024-01-08 06:34:00,CNC-02,M,22.969381742141707,36.29184448983102,1906.3329058455943,31.701527638091843,27.038095477593085,2.5958113827666924,11.365984066378775,0.0,0,2026-08-25 06:31:47
2024-01-08 22:13:00,CNC-03,H,26.800741314005563,39.346538709567994,2691.1218284111,18.094132715188003,74.15156380777032,3.1295501381534545,9.137043490552184,53.45445057520465,0,2026-08-25 06:31:47
2024-01-08 18:59:00,CNC-02,M,299.89235128094845,313.0587153385259,2341.559379151048,23.494863347337397,59.455268558600594,2.887286887331786,10.49345907911184,52.92371161164536,0,2026-08-25 06:31:47
2024-01-08 08:03:00,CNC-03,H,,310.8327844023727,1833.6738726119993,43.36566145807056,93.1031153222844,2.525700588671994,14.928287178003327,57.6135864371259,0,2026-08-25 06:31:47
2024-01-08 06:43:00,CNC-02,M,22.771868833299607,36.10816210467016,2001.9759169066024,30.976260069331317,39.399574949607604,2.615360876658377,11.562847182177572,56.461753024006846,0,2026-08-25 06:31:47
2024-01-08 18:10:00,CNC-01,L,301.2229101752757,315.20145537333497,2130.1707135918646,31.047061544261172,49.36960035535972,2.7402318556043723,12.789315005074558,48.70213385873256,0,2026-08-25 06:31:47
2024-01-08 17:13:00,CNC-03,H,298.6157031519328,313.4447321143512,1749.5831874485093,43.5912371593037,245.84278236695445,3.3093941775734996,14.42917971522459,52.358504335641875,0,2026-08-25 06:31:47
2024-01-08 16:33:00,CNC-01,L,300.10598992016355,,1934.4915116083353,38.77433921562411,120.43841477475678,2.7697622168481972,14.243362717523796,49.52806425919223,0,2026-08-25 06:31:47
2024-01-08 06:24:00,CNC-03,H,29.008662447637164,37.82702768249578,1994.5458507995795,36.906905003851534,207.67481614177998,3.265832446403678,13.948583893689229,47.51169992534831,0,2026-08-25 06:31:47
2024-01-08 07:31:00,CNC-02,M,295.50602886159186,309.8312744712336,1740.0931977608343,40.39671658129753,106.87350545440518,2.39841544017462,12.977728874254629,60.823235459801225,0,2026-08-25 06:31:47
2024-01-08 20:35:00,CNC-01,L,301.22776121054255,8055.193946177366,2316.996449444615,25.058956406196746,10.477335434011671,2.81091835522035,10.859166617636689,52.049302006440044,0,2026-08-25 06:31:47
2024-01-08 04:26:00,CNC-03,H,296.734148408111,310.1523696443721,2277.6311010737477,26.749649239270337,55.511649452293604,2.9382962922428932,11.374472943728867,58.49681007736927,0,2026-08-25 06:31:47
2024-01-08 17:09:00,CNC-02,M,299.0858331479865,313.7657652186036,1655.2848114711953,44.445694723329595,125.21837186637501,2.502224425559881,13.939987255508543,50.838468869865274,0,2026-08-25 06:31:47
2024-01-08 07:24:00,CNC-02,M,295.81397484371126,310.7583239852613,1811.197725248845,44.81789658706295,96.9024649601099,2.502437634953858,15.13249316663553,59.584815795538525,0,2026-08-25 06:31:47
2024-01-08 14:49:00,CNC-01,L,299.50166750276145,314.47328625922773,1610.690628180742,47.128836767066424,187.62135558496547,2.8355113444230367,14.384882041077185,54.79650400900243,0,2026-08-25 06:31:47
2024-01-08 17:11:00,CNC-01,L,300.5155058097952,314.8266449260678,1884.0304727965392,36.65235227802079,173.86547354017256,2.926896973612799,12.798244325806529,48.3765444480977,0,2026-08-25 06:31:47
2024-01-08 20:18:00,CNC-01,L,301.4278502973195,315.244223851603,2464.96446606563,24.821450549532493,209.3469373598391,3.877545843133734,11.417734394532756,43.71046391685991,0,2026-08-25 06:31:47
2024-01-08 05:33:00,CNC-01,L,297.7196883745043,311.1466287378628,2159.7135865739438,29.310130185836407,16.73159210636891,2.717252228116895,11.854368580200067,55.6807962329352,0,2026-08-25 06:31:47
2024-01-08 22:56:00,CNC-01,L,27.65395911377891,40.0502753487163,2653.633597670818,16.64328391119988,166.77050683918569,3.703889116614832,8.42520724891043,47.57908303951456,0,2026-08-25 06:31:47
2024-01-08 19:50:00,CNC-01,L,301.2956851577543,315.1882873871275,,27.305457967661354,176.06467399151688,3.430195827954271,12.128641814068384,52.60516047163567,0,2026-08-25 06:31:47
2024-01-08 12:55:00,CNC-02,M,297.10865534928877,312.643680949113,1551.1032327599235,53.6862080444407,180.8874444661677,2.656796276698699,15.744940807787318,57.251406570005344,0,2026-08-25 06:31:47
2024-01-08 07:58:00,CNC-01,L,297.7200817764749,312.0150001486306,1567.143375690068,41.75404881786055,217.55679835488507,3.183443946493191,12.570122606715804,54.145899757037576,0,2026-08-25 06:31:47
2024-01-08 17:48:00,CNC-01,L,300.5899471717182,314.39453815071846,2042.2957441787896,34.380559750538026,20.18556209840663,2.598624091146516,13.36657840342608,48.30888107022518,0,2026-08-25 06:31:47
2024-01-08 08:16:00,CNC-02,M,295.84303777369496,310.7825683753137,1497.3119273907816,48.95769611533246,172.15530302007693,2.5937474696437786,13.848246808575873,55.96458346550681,0,2026-08-25 06:31:47
2024-01-08 15:25:00,CNC-03,H,297.9702571707281,312.16146502476437,1650.2824399241897,41.38049764443938,90.35879587255603,2.272139997781929,12.713305235612042,50.59141684972245,0,2026-08-25 06:31:47
2024-01-08 15:02:00,CNC-01,L,299.6996776497641,314.7875191307682,1717.7005354315504,44.695717160407185,207.3397741701739,3.299757936735427,14.404289697342909,53.577165313416494,0,2026-08-25 06:31:47
2024-01-08 06:46:00,CNC-03,H,23.332692690913746,39.15994414332272,1890.3156416104925,44.44905997826544,238.00668950446322,3.5349037708605606,15.555639525898995,57.89074342982158,0,2026-08-25 06:31:47
2024-01-08 22:40:00,CNC-02,M,26.097312164601078,38.15942021845137,2583.0524245746888,15.58947344098428,76.7088698436865,3.136746042715722,7.666494475826705,51.97664850829518,0,2026-08-25 06:31:47
2024-01-08 23:29:11,CNC-02,M,299.08773322705053,312.0407111628396,2783.21173783692,16.881609899072195,130.2600607186665,3.4931923354348595,8.802476896976627,50.57024075598467,0,2026-08-25 06:31:47
2024-01-08 01:34:00,CNC-02,M,298.3730165696668,310.77730910487674,2634.1241273603123,17.791230132849893,113.2520778503217,3.394648377956147,8.562960671319358,55.691979062791596,0,2026-08-25 06:31:47
2024-01-08 15:01:00,CNC-03,H,297.7474234486085,312.3508221399299,1563.7034292973735,49.83995352062284,54.1760206360803,2.241458912799476,14.357601628982284,53.470071890855436,0,2026-08-25 06:31:47
2024-01-08 21:01:00,CNC-03,H,300.0813817195794,314.0069002436538,2482.5642916820707,22.63541078424364,269.24160133177895,4.391058674085173,10.429606628649593,50.84568228585961,0,2026-08-25 06:31:47
2024-01-08 16:55:00,CNC-02,M,298.668408471252,313.29341648130696,1699.889779023228,43.98219976817871,105.67752535144031,2.4568154162424904,13.820864491359696,53.881366565408904,0,2026-08-25 06:31:47
2024-01-08 08:08:00,CNC-03,H,295.7303066154715,309.7995467555462,1736.0106263841437,40.80300002943739,100.46488809025459,2.3162789545016382,13.322716140702575,60.140845253137385,0,2026-08-25 06:31:47
2024-01-08 08:34:00,CNC-03,H,296.051704087962,310.1841975112118,1536.0533755150848,44.9042779513031,139.10206051019364,2.3819561997683705,448.69411117327326,57.12786153943403,0,2026-08-25 06:31:47
2024-01-08 20:49:00,CNC-01,L,301.13241602882874,312.84569244598254,2542.8537290847744,16.54504476384765,26.750539429172587,3.061895685762768,8.006433132332129,48.931953715596215,0,2026-08-25 06:31:47
2024-01-08 22:24:00,CNC-03,H,26.595306712526963,38.83718574366105,2600.0039072084887,17.038188490965204,86.07707299500402,3.1926304845451496,8.272394224238171,47.30717028038097,0,2026-08-25 06:31:47
2024-01-08 22:22:00,CNC-01,L,27.81835723895813,40.89822240678029,2611.221646502665,20.74321341045602,130.22940686188613,3.3415192570044745,9.928026833684466,50.62602436304032,0,2026-08-25 06:31:47
2024-01-08 20:40:00,CNC-03,H,299.8724327246189,314.04532774729563,2530.293328761858,24.672172981762774,245.13399178936675,4.057654270679779,11.409596578332932,52.48516719118232,0,2026-08-25 06:31:47
2024-01-08 01:20:00,CNC-02,M,298.7551488246002,311.88877048297786,2545.583617536476,22.68379301307789,98.03394214287049,3.218494923058025,10.595776326550402,46.457249190716254,0,2026-08-25 06:31:47
2024-01-08 21:38:00,CNC-01,L,301.0888148705508,313.33701968092714,2535.7922712293985,17.229110950493858,81.88157478274776,3.074150230201693,8.219205818960015,54.44869624725163,0,2026-08-25 06:31:47
2024-01-08 12:45:00,CNC-01,L,298.3899085619145,313.10549655349945,1445.3048257227279,52.26695182137304,196.96551878389116,2.7973987276326,14.334241548137182,52.001040710058,0,2026-08-25 06:31:47
2024-01-08 17:04:00,CNC-03,H,298.69941435031876,313.913209412818,1911.6600391131565,41.50893096277549,233.43017325932152,3.2959326601028076,14.792931931663846,52.3028711302589,0,2026-08-25 06:31:47
2024-01-08 21:34:00,CNC-02,M,299.4625124052199,312.4375173181796,2534.973172260245,21.383435183712407,4.507165324982314,3.1222809177657793,10.056062746802832,44.27060512289029,0,2026-08-25 06:31:47
2024-01-08 05:49:00,CNC-02,M,296.3669398704444,311.82327361237634,2061.0474449898948,39.047382528378044,200.42337924369033,3.3156176745229398,14.94571166672692,57.09993686058926,1,2026-08-25 06:31:47
2024-01-08 06:17:00,CNC-02,M,22.80063046999709,36.08792314452637,2047.322564979054,31.373196997529824,4.007746466498076,2.6304188792716285,11.856888061383675,55.55708299999635,0,2026-08-25 06:31:47
2024-01-08 11:45:00,CNC-03,H,296.69031164667837,311.8502231976611,1419.1016819775275,55.12123513147755,213.88578273293743,2.7536667463507243,14.561503458140121,54.68103849447878,0,2026-08-25 06:31:47
2024-01-08 06:12:00,CNC-02,M,23.127254735445376,38.453373398401425,1989.6314988983013,38.0593000397916,231.1458140460798,3.563344664952361,14.023430742894366,58.09489264669943,0,2026-08-25 06:31:47
2024-01-08 08:05:00,CNC-03,H,295.87634707415947,310.37889281424697,1687.506272140844,43.18118389545147,96.05575646687167,24.04412520975313,13.659307925896833,63.844151088850104,0,2026-08-25 06:31:47
2024-01-08 07:41:00,CNC-03,H,295.90456589453487,309.70540871243725,1639.466655102029,41.13105994625611,61.161616585572396,2.4089517334826325,12.47127780286544,60.502050442371676,0,2026-08-25 06:31:47
2024-01-08 02:59:00,CNC-02,M,297.44806378258176,311.40422326425085,2565.0816035992675,24.41114561225892,208.11717576348178,3.8504442709558893,11.890558813913964,56.53787075226629,0,2026-08-25 06:31:47
2024-01-08 13:56:00,CNC-03,H,297.4106620314066,312.2483233171509,1554.796479540496,48.963050803432886,186.60124574701635,2.600514555211631,14.113785944501178,56.23722189348395,0,2026-08-25 06:31:47
2024-01-08 11:46:00,CNC-02,M,296.35381900097855,310.7788763597654,1416.1970573926835,52.081335077358105,71.43051972021485,2.12218282635286,13.948448803299629,60.35259139087947,0,2026-08-25 06:31:47
2024-01-08 07:36:00,CNC-03,H,295.9644687798798,309.7838964965697,1851.1770671108948,36.425000580966966,53.901485038826664,2.5390402709964097,12.559379473060465,56.150276968183604,0,2026-08-25 06:31:47
2024-01-08 20:35:00,CNC-03,H,299.84805049752066,313.7712313709364,2305.0528878275045,25.304680818266416,239.2363849187223,3.7812619964725305,11.12320791372124,47.83540029198218,0,2026-08-25 06:31:47
2024-01-08 17:50:00,CNC-03,H,299.035346889526,312.78669683266725,2004.6872564048651,34.16749747849639,33.757279421417024,2.639750151391797,12.608698465418216,54.91031185589123,0,2026-08-25 06:31:47
2024-01-08 06:36:00,CNC-03,H,23.161609423765583,38.841577348832686,1943.621109435417,42.558635474956944,224.078857369621,3.286854588959547,15.436478427008668,59.218032654427375,0,2026-08-25 06:31:47
2024-01-08 10:33:00,CNC-03,H,296.3153859920076,310.616014147625,1512.3738630932758,50.69022086905741,99.71821749027717,2.205324039091502,14.328933202508988,56.964978389441335,0,2026-08-25 06:31:47
2024-01-08 01:45:00,CNC-01,L,298.3479549221743,311.23900629244366,2657.6814520186617,19.317176445304085,142.99111516664604,34.49849429158453,9.553170911775887,54.55173667646603,0,2026-08-25 06:31:47
2024-01-08 22:12:00,CNC-01,L,27.689790396398735,40.8268128863877,2616.473320506634,20.778738765278536,119.27160440646351,3.360784458838131,10.12728100519789,47.5406290419718,0,2026-08-25 06:31:47
2024-01-08 10:25:00,CNC-02,M,296.064373681847,310.7825645594692,1431.50884201045,50.46446458710433,165.23701504303446,2.410252002881679,13.430584129630299,60.27889549821727,0,2026-08-25 06:31:47
2024-01-08 21:34:00,CNC-01,L,301.02595929848025,313.18071955036896,2523.6649630041643,17.98816911398895,77.4307854588105,3.083475799491617,8.596054020114932,51.158080203881234,0,2026-08-25 06:31:47
2024-01-08 00:50:00,CNC-03,H,298.4328557917066,310.1004462572291,2736.807165022869,13.2643764545724,61.51544992622537,3.3135670256264538,6.495416608787948,53.733751149494445,0,2026-08-25 06:31:47
2024-01-08 18:26:00,CNC-01,L,301.1905397489142,314.4929670972191,2175.524482004718,27.42660524351692,70.31654518928703,2.8463872496284846,11.282422887004588,52.57836156801217,0,2026-08-25 06:31:47
2024-01-08 21:50:00,CNC-02,M,299.7221101009656,312.61046820598096,2467.347735853751,21.413199360079144,22.544993595101424,3.0910637955419853,9.794705533311287,54.45662518754584,0,2026-08-25 06:31:47
2024-01-08 22:14:00,CNC-03,H,26.590648851383946,39.187626807848744,2697.755344954289,19.2615010016345,75.24262805962265,3.274300793209902,9.65683649106803,53.89543378254442,0,2026-08-25 06:31:47
2024-01-08 04:13:00,CNC-03,H,296.8532713346127,310.0741025548185,2175.4879707559967,28.697006224734036,39.79386785253386,2.7340609011985713,11.616398638617238,63.200271657515124,0,2026-08-25 06:31:47
2024-01-08 20:34:00,CNC-03,H,299.68416677417565,313.8419434370739,2506.107972867145,25.48298644089251,238.0484637088382,3.9100637004527172,12.18107463941171,55.990150381269906,0,2026-08-25 06:31:47
2024-01-08 14:04:00,CNC-03,H,297.4615225889188,312.5156810457481,1468.0691995136026,51.71481835370264,199.08308337860348,2.5980281275920403,14.3863178386725,55.640170913230556,0,2026-08-25 06:31:47
2024-01-08 06:24:00,CNC-01,L,24.479349491332187,38.80600783132809,1985.80982463288,37.58380687029292,84.72281040607415,2.598813770571474,14.228733410115952,59.6355989730701,0,2026-08-25 06:31:47
2024-01-08 19:27:00,CNC-03,H,299.63531689854665,313.8265275275899,2275.18835950961,30.620030611045117,158.20270665472145,3.092185031498351,12.955114471176445,53.55102910458034,0,2026-08-25 06:31:47
2024-01-08 02:55:00,CNC-01,L,297.6779260231597,310.50523924284454,2479.800125898823,22.55355957854869,30.392531391665784,29.773044437227696,10.575886594469553,50.82051719837822,0,2026-08-25 06:31:47
2024-01-08 16:14:00,CNC-02,M,298.25538881898956,312.39667173453876,1756.8481320094504,40.08733447341322,46.97147825836838,2.4957983753738326,13.322370054230294,53.192333682267666,0,2026-08-25 06:31:47
2024-01-08 21:11:00,CNC-03,H,299.86334625292034,312.008116832406,2528.6085435392383,19.65376956234517,5.548291821122607,3.1009245123090077,9.362157211888444,55.02210973101742,0,2026-08-25 06:31:47
2024-01-08 14:00:00,CNC-02,M,297.54982049343005,311.05624422252316,1360.1100180971644,45.685722847154864,58.01783132822384,1.9759421694055739,11.700447644058121,55.324446343265706,0,2026-08-25 06:31:47
2024-01-08 14:50:00,CNC-02,M,303.39427043091877,312.01208844602303,1568.4453054758606,46.44419880364567,135.51931354568185,2.4675973587349094,13.523308266133235,47.36020500184728,0,2026-08-25 06:31:47
2024-01-08 02:21:00,CNC-03,H,297.5070088140363,310.88510096555774,2443.2134743485904,23.542065840440753,160.70298928944604,3.2327084151726218,10.82776111703876,53.30729559840867,0,2026-08-25 06:31:47
2024-01-08 07:23:00,CNC-03,H,296.01861501678445,310.4930475909455,47425.46784253485,42.554364996916846,35.34658156283007,2.5120823566611103,14.687904562891488,56.25820276933068,0,2026-08-25 06:31:47
2024-01-08 00:36:00,CNC-01,L,298.67263875916734,310.21121262963305,2610.8301705832737,13.801675084712356,69.37590336850005,3.1397862890064476,6.601615186236726,54.9191496305242,0,2026-08-25 06:31:47
2024-01-08 22:58:00,CNC-01,L,27.641914458363942,40.240946308069965,2635.378086074973,16.98180606090291,168.8801743005007,3.504960881923311,8.480909336001424,51.34143905645938,0,2026-08-25 06:31:47
2024-01-08 10:52:00,CNC-01,L,298.0229017332019,311.5126949318512,1487.0182679353627,45.418444206310866,17.324745437575828,2.078846761414784,12.688368531996549,53.433664546997974,0,2026-08-25 06:31:47
2024-01-08 23:41:00,CNC-01,L,300.302789856632,312.3317554888663,2694.445731419883,13.838146604311024,215.04327291199894,4.22744369637966,6.969783266733279,52.838808642986955,0,2026-08-25 06:31:47
2024-01-08 16:30:00,CNC-03,H,298.75301217735824,313.5412770953907,1812.3725502645807,41.1091322437867,185.4023731915905,2.7744785515341004,13.967010592471093,53.829570812524004,0,2026-08-25 06:31:47
2024-01-08 11:20:24,CNC-01,L,297.9717542478533,311.61560678864316,1356.4351439978298,47.69348229635722,60.37993139320905,2.0155774566229834,12.116210389280553,54.775771713350885,0,2026-08-25 06:31:47
2024-01-08 18:52:00,CNC-03,H,299.54015244578915,313.5819019627624,2055.4554842574516,33.76387124222058,114.43424196125235,2.80144808459753,12.837786734171438,55.41167269326351,0,2026-08-25 06:31:47
2024-01-08 01:01:00,CNC-03,H,298.15608833645405,309.9842568302083,2736.0221967890157,14.323173595151296,73.3639318522219,3.253873864769653,7.2130509518771415,53.46453988320679,0,2026-08-25 06:31:47
2024-01-08 08:52:00,CNC-01,L,297.53362415071075,311.13538648443654,1436.299187514651,45.83727743230762,61.380150709738835,2.087671402169546,12.345783979599766,52.82679960416969,0,2026-08-25 06:31:47
2024-01-08 12:08:00,CNC-01,L,298.53752641019156,312.83161914075157,1335.7542251157688,0.0,138.21830451594946,2.2827372017392205,12.93176766415033,52.31396128163676,0,2026-08-25 06:31:47
2024-01-08 11:42:00,CNC-02,M,296.50892467458686,310.202227733523,1511.8461232992433,43.527178954546336,65.0619648828987,2.1611428014863834,12.230616477947308,57.1228979601389,0,2026-08-25 06:31:47
2024-01-08 07:12:00,CNC-02,M,295.6875208233715,310.5688274137334,1883.5430194164787,42.98293358533155,79.82833648504794,25.666584978000785,15.209213929682463,56.491163577283785,0,2026-08-25 06:31:47
2024-01-08 23:56:00,CNC-01,L,300.15483759157934,311.7650023854657,2776.663413564345,15.454010174431543,13.658748681621669,3.3475507560414837,8.03432396948934,50.139929869686995,0,2026-08-25 06:31:47
2024-01-08 04:08:00,CNC-02,M,296.64738342596075,309.060847554089,2274.336149373962,20.42513720970765,73.05391152015572,2.8595906886710023,8.949309782507292,57.644561246918485,0,2026-08-25 06:31:47
2024-01-08 04:20:00,CNC-03,H,296.7384734433598,310.85399577905076,2198.446887864372,32.13316176062469,48.1885885672276,2.7767638120753086,13.25787971816798,57.68800916429079,0,2026-08-25 06:31:47
2024-01-08 05:40:00,CNC-02,M,296.3013262313097,311.04614487311534,1976.7035968174212,37.44196192954116,188.67930274423037,3.039376961839061,13.911453893173485,61.67694734973996,0,2026-08-25 06:31:47
2024-01-08 05:12:00,CNC-01,L,297.90618818341346,312.5288213927056,2291.228852638162,29.243229499101584,195.1849297965601,3.504136648037248,12.308883956052012,52.57890031775198,0,2026-08-25 06:31:47
2024-01-08 22:42:00,CNC-01,L,27.78765468009408,39.58731222356363,2715.2012226118854,12.47781565372335,151.7748682293881,3.5469362396224176,6.451694302465578,50.81662629339332,0,2026-08-25 06:31:47
2024-01-08 22:40:00,CNC-01,L,27.943854580969457,40.95010241252834,2559.5231557345464,20.191079798717436,149.60722377920112,3.384424742093327,9.896068108962234,47.0025905967446,0,2026-08-25 06:31:47
2024-01-08 04:18:00,CNC-01,L,297.6613801653093,311.627958409921,2314.7507756639247,28.88540067989915,128.07680534300025,3.1711669779487024,12.58542832972073,54.22076360127062,0,2026-08-25 06:31:47
2024-01-08 20:55:00,CNC-02,M,299.7788748358314,314.30788415905516,2397.9567702082322,27.60026036503184,198.26472207838304,3.5188235887115424,12.55799781228373,50.952204516463766,0,2026-08-25 06:31:47
2024-01-08 01:20:00,CNC-01,L,298.51098388178946,311.09587277626304,2635.5820028294,18.50409337942015,116.02910654973779,3.262388356247115,9.04718989645018,52.59729553524679,0,2026-08-25 06:31:47
2024-01-08 00:15:00,CNC-03,H,298.78787481485585,309.7233562079919,2742.812597349531,11.420367808152655,24.126128535100516,3.2643823657849445,5.9516998855323555,56.66472296784389,1,2026-08-25 06:31:47
2024-01-08 18:41:00,CNC-03,H,299.56312492364646,314.1575817291851,2049.574405349317,36.96335426405305,100.42607654541135,2.647073225424349,14.478019695319404,54.888553162620845,0,2026-08-25 06:31:47
2024-01-08 01:51:00,CNC-01,L,298.06546729579793,311.7573702930652,2608.7716128489187,24.31820301599768,149.5146228651585,3.5277843855087925,12.00369699236733,54.84555987626802,0,2026-08-25 06:31:47
2024-01-08 20:31:00,CNC-02,M,299.91665161264365,314.22549390035255,2333.96310036774,26.046905892927338,170.70132676616322,3.3124912297935882,11.486045378800888,53.51310307864464,0,2026-08-25 06:31:47
2024-01-08 11:12:00,CNC-03,H,296.61721616540456,311.2063231868726,1341.7700077623226,54.03826867776903,161.5023202257947,2.2801201434123777,13.395146505938667,59.747332176724534,0,2026-08-25 06:31:47
2024-01-08 13:46:00,CNC-02,M,297.26371807832504,311.33462058177435,1276.7840389246253,55.16743054363792,36.25640856523735,1.9176018289106462,12.9645297630746,55.15223343604437,0,2026-08-25 06:31:47
2024-01-08 18:05:00,CNC-01,L,301.0481626548511,314.2307327183039,2246.224971493043,25.510386271906377,42.72767943067435,2.8185385824631934,10.856037880064452,50.44578522037702,0,2026-08-25 06:31:47
2024-01-08 05:55:00,CNC-01,L,297.9053490063298,311.40747015872023,1946.6603611549613,33.84299691685895,45.620458336735005,2.574836786197951,12.479677266807439,57.118802461493296,0,2026-08-25 06:31:47
2024-01-08 01:38:00,CNC-03,H,298.4962986381507,311.60377603086755,,22.20448740249897,113.42963067753149,3.111688186501839,10.697558350873823,60.69554528212434,0,2026-08-25 06:31:47
2024-01-08 13:28:00,CNC-01,L,298.8527873295846,312.3416573887892,1372.3304690186494,49.83462240678588,61.88501323216039,2.1876584006949606,13.022008360949007,53.99763324078938,0,2026-08-25 06:31:47
2024-01-08 16:30:00,CNC-02,M,298.8486132718126,313.2513136153282,1818.5353121941585,39.56335781375309,69.94702641542666,2.348068998899703,13.299257425246282,51.6394866182305,0,2026-08-25 06:31:47
2024-01-08 21:15:00,CNC-03,H,300.14313604633617,311.7845461638702,2518.747203678508,16.66469728472794,10.001063008721896,3.158118253246593,7.738225811386224,49.55925019144099,0,2026-08-25 06:31:47
2024-01-08 10:45:00,CNC-01,L,297.42124919319036,310.786502750345,1419.2461397163195,46.26702153919994,6.267262244605355,1.9971360040065658,12.388624249591965,54.42750946560466,0,2026-08-25 06:31:47
2024-01-08 00:10:00,CNC-03,H,298.7344238686796,310.28974932595656,2786.707408549642,14.252941476619572,18.797625089423466,3.322099393504955,,49.70963929786418,0,2026-08-25 06:31:47
2024-01-08 16:45:44,CNC-03,H,298.5669134612798,313.3231464736903,1861.284933259244,38.743514795518955,208.13895267146702,3.027259802849755,13.478830798840715,57.07475756301533,0,2026-08-25 06:31:47
2024-01-08 23:14:00,CNC-01,L,300.9627159344415,314.2308739706608,2757.3278955232163,20.202181263626493,186.06504081709687,3.9452021073824133,,47.163377585920465,0,2026-08-25 06:31:47
2024-01-08 20:57:00,CNC-03,H,300.0199396383681,314.37315370418673,2480.828615504846,24.73492577705126,264.77279621415687,4.304506909486058,11.715797112094787,52.15844700267341,0,2026-08-25 06:31:47
2024-01-08 21:28:00,CNC-03,H,300.01790800472315,311.7921095132374,2549.7367677453935,17.330925344659956,24.53261814197382,3.1237116080424263,8.18335608489552,49.588906750488285,0,2026-08-25 06:31:47
2024-01-08 13:46:00,CNC-03,H,297.36530738433333,312.07896973446566,1396.1116608413981,52.82480649433052,170.97548530996258,2.3571367595973003,13.561243846651347,53.87439699485691,0,2026-08-25 06:31:47
2024-01-08 21:31:00,CNC-01,L,301.3051457499556,313.6996011806675,2557.548552691669,19.038150519842524,74.08108510440437,3.078266061907796,9.16952495080338,48.98357712079864,0,2026-08-25 06:31:47
2024-01-08 17:34:00,CNC-02,M,298.9165698054587,313.9018440022125,2060.00471285574,36.21224036670855,159.71135871384973,2.9650635820582516,14.068664393121391,49.127654291157604,0,2026-08-25 06:31:47
2024-01-08 03:10:00,CNC-02,M,297.4694659955346,309.876443905597,2498.588406588359,19.68071604438173,4.620459388595896,2.9629237730381113,9.168172068243939,59.60953126547212,0,2026-08-25 06:31:47
2024-01-08 03:04:00,CNC-01,L,297.93935703766033,310.56686951401576,2452.5739663716126,20.83135338224424,40.745269822956104,2.9582862717380967,9.690638401012386,55.57386568952159,0,2026-08-25 06:31:47
2024-01-08 21:42:00,CNC-01,L,301.24482497676746,313.4554235269297,2609.019636820396,17.11386019012744,86.371108894135,3.165052487362197,8.39869077058028,53.52953476620432,0,2026-08-25 06:31:47
2024-01-08 11:18:00,CNC-02,M,296.62518910044565,310.732291656779,1414.8760233436963,49.549294206984186,27.078755635017494,2.1911128956828936,13.156232114381432,55.44469057853577,0,2026-08-25 06:31:47
2024-01-08 00:49:00,CNC-03,H,298.6133747886085,310.9740762954712,2699.590389475609,16.792973876066487,60.465151207453175,3.301501148544105,8.511248032140626,54.14627842359386,0,2026-08-25 06:31:47
2024-01-08 07:45:00,CNC-02,M,295.7106211510951,310.3683260336582,1735.0455908082617,43.42466889026492,126.86108341042824,2.5070858519282178,14.138364734459325,60.500584393812076,0,2026-08-25 06:31:47
2024-01-08 13:39:00,CNC-02,M,297.07892747685764,311.3326076405683,1478.779916472056,50.94139080623997,25.291213195850773,2.0938242580339295,14.079294993908697,51.86131481885328,0,2026-08-25 06:31:47
2024-01-08 21:20:00,CNC-02,M,300.0165347835623,314.1715474040731,2553.296545754967,23.635261655827485,226.51066085856252,4.107506868585608,11.181450140349183,51.168006681712065,0,2026-08-25 06:31:47
2024-01-08 22:07:00,CNC-02,M,26.52110195293602,39.14095728247304,2569.635401549366,18.61208665952693,41.082651244488865,3.172550405252344,8.848477292994392,52.54767364050208,0,2026-08-25 06:31:47
2024-01-08 11:31:00,CNC-01,L,298.14203809832804,311.9953302779556,1377.9387801883151,50.18970290603021,79.44826651155041,2.108584398983349,13.100753988632706,52.416513569808416,0,2026-08-25 06:31:47
2024-01-08 05:15:00,CNC-01,L,297.51627086748414,312.3043502498035,2205.7754541663226,33.08502379172183,198.9700695362239,35.55848624436244,13.630997115057472,55.71169929817941,0,2026-08-25 06:31:47
2024-01-08 13:35:00,CNC-02,M,297.3600979574649,311.4273973254031,1383.7140503940543,49.34723661442713,18.921121005833065,1.996008022067467,13.095468261842763,57.465238025341435,0,2026-08-25 06:31:47
2024-01-08 04:57:20,CNC-02,M,296.5922815981871,310.46608208903626,2190.1726805756352,29.249758431620428,132.11894569804582,2.9235600936504107,12.207356864460415,55.417009118402746,0,2026-08-25 06:31:47
2024-01-08 10:32:00,CNC-01,L,297.71140775516176,312.6016415276872,1395.4134925113733,52.699556163744084,216.32298191228685,3.1179956677889447,13.958906424547983,58.71078646106875,1,2026-08-25 06:31:47
2024-01-08 02:34:00,CNC-01,L,298.162730252461,309.6825677262476,2628.2983184185587,14.326140493737272,6.797571699035351,3.1892669632370367,7.006816931487233,50.674328125227966,0,2026-08-25 06:31:47
2024-01-08 08:26:00,CNC-02,M,295.853723392157,310.37027634421975,1509.1908886779045,45.162160824729625,187.10857438383118,2.577011647638851,12.75333296591726,56.52929923332651,0,2026-08-25 06:31:47
2024-01-08 00:31:00,CNC-03,H,298.856781297999,310.56845055739217,2780.0576498175687,14.612960227388596,41.24948166728466,33.492742089253476,7.58773880441879,50.722977961224835,0,2026-08-25 06:31:47
2024-01-08 04:32:00,CNC-03,H,296.71051269258624,310.2794700208332,2204.5503784632683,28.53907012544969,62.83974483234878,2.8782392714405907,11.68263352291348,57.254185720662925,0,2026-08-25 06:31:47
2024-01-08 00:54:28,CNC-02,M,298.936059274039,311.5720170783537,2651.9708180407683,19.138716065659583,70.29158457451328,3.2037807254264936,9.371684620176461,47.52325102301659,0,2026-08-25 06:31:47
2024-01-08 21:06:00,CNC-01,L,301.185503714037,313.51244854380303,2716.376588471491,17.44668845914537,46.22182352152884,3.130157197632243,8.661244906416126,49.19868187446696,0,2026-08-25 06:31:47
2024-01-08 14:04:00,CNC-02,M,297.4696866684028,311.8717672011987,1488.672708443894,48.75278137075084,64.13671758209587,2.1350005089120128,13.464260498050374,53.90687572500524,0,2026-08-25 06:31:47
2024-01-08 00:10:00,CNC-02,M,299.062173905052,310.68772277402394,2656.8072706972016,14.953312736581273,23.357871953521062,3.221721212595917,7.425325412770628,53.548065603746224,0,2026-08-25 06:31:47
2024-01-08 14:49:00,CNC-03,H,297.96451106925133,311.5996455003461,1526.5979896028236,43.51899367638794,35.60829210864525,2.2477010420451347,12.349891673880814,53.86328464260726,0,2026-08-25 06:31:47
2024-01-08 11:27:00,CNC-02,M,296.6158320346897,310.5401716601144,1361.747440477665,50.90049469635283,41.317472953995924,2.1063071712183294,12.940504215842887,52.79141457401539,0,2026-08-25 06:31:47
2024-01-08 15:18:00,CNC-01,L,299.6767930152858,313.642028266394,1746.0322615599462,41.694872937904755,10.420948746648186,2.2806624960576976,13.656551468208571,47.69498241087401,0,2026-08-25 06:31:47
2024-01-08 16:14:00,CNC-01,L,300.4127888045407,314.63580809050114,1935.9264362060833,36.69708227908492,93.13514913045236,2.6228862516636218,13.252363193895158,49.43797929788537,0,2026-08-25 06:31:47
2024-01-08 20:31:00,CNC-01,L,301.28358078547484,312.52374775929974,2653.343524800765,14.245689246856125,5.8123432721040444,3.1803583799476884,7.224343614004394,46.93507960599285,0,2026-08-25 06:31:47
2024-01-08 02:14:00,CNC-03,H,297.7113714498961,310.6838234512291,2668.7282635114702,18.618324867243466,152.89965872981395,3.424785643241182,9.605480186231235,54.1932042858356,0,2026-08-25 06:31:47
2024-01-08 11:43:00,CNC-03,H,0.0,311.8595967967687,1359.5052593833157,54.696774084621666,210.69060683278659,2.7290288908334266,13.862038782172208,59.11885277936182,0,2026-08-25 06:31:47
2024-01-08 04:58:00,CNC-02,M,296.73525104280264,310.78219580554315,2303.758977993916,28.460285598860544,134.6181214549467,3.1562600838547508,12.173163638789523,58.87307533363038,0,2026-08-25 06:31:47
2024-01-08 06:30:00,CNC-03,H,28.690069743861443,37.092203364957925,1910.5126926323478,35.437508314760294,,3.228591028135311,12.616749009860028,51.11949674823497,0,2026-08-25 06:31:47
2024-01-08 23:33:00,CNC-03,H,299.2128404305436,311.04527184213674,2806.0464291770863,12.673732863717035,160.072489133907,3.5817449387304388,6.575461292165156,54.23371810628717,0,2026-08-25 06:31:47
2024-01-08 15:17:00,CNC-01,L,299.414103145378,313.49872404468806,1609.3941820675666,46.791859993336416,8.950027112626838,2.178417124801082,14.03239541132205,49.820371133944256,0,2026-08-25 06:31:47
2024-01-08 15:06:00,CNC-03,H,297.8523781270981,312.01849191015907,1590.7016033092864,46.15529043233963,61.77279388285563,2.2235474580744583,14.1326500471231,50.148666259831664,0,2026-08-25 06:31:47
2024-01-08 20:37:00,CNC-01,L,301.270022904717,314.01402759194104,2402.6899199877066,23.99296378117748,12.850613247354968,2.920461939735478,10.91314134603121,46.15505577699836,0,2026-08-25 06:31:47
2024-01-08 01:44:00,CNC-02,M,298.5618834687155,311.71842633423574,,20.832502467691853,124.17155962356402,3.416443345176407,10.390697371208432,51.2252803111176,0,2026-08-25 06:31:47
2024-01-08 22:27:00,CNC-03,H,26.762224912733814,38.86723347999674,2697.6062618249293,15.390555849915511,89.31392289923251,3.284514629980613,7.631701731620431,50.98350974480322,0,2026-08-25 06:31:47
2024-01-08 04:33:00,CNC-02,M,296.7149376655091,310.7695791193789,2257.391884876415,29.503498464263973,3126.7038000565326,2.939446745535966,12.638091361368227,56.06037392540427,0,2026-08-25 06:31:47
2024-01-08 18:46:00,CNC-01,L,306.9890773289034,314.1763397218632,2264.351030917001,25.594094334508153,96.06241651436076,2.878845754091506,10.958762294513756,,0,2026-08-25 06:31:47
2024-01-08 12:50:00,CNC-01,L,298.6665997637038,312.05296687151963,1599.6181258489157,41.382722535615585,1.5204670885409604,2.3207129046631594,12.366271504881091,53.99203130789491,0,2026-08-25 06:31:47
2024-01-08 05:33:00,CNC-02,M,296.2153757717441,311.02442448347546,2142.0694561157416,33.91091811050896,179.46527361541,3.1601100473002965,13.664550141887696,58.3181376465103,0,2026-08-25 06:31:47
2024-01-08 00:37:00,CNC-02,M,298.885045331882,311.3021345412939,2734.715981333669,18.816768734327606,52.174936970262266,3.3481117132752507,9.658504876226582,56.776529792771285,0,2026-08-25 06:31:47
2024-01-08 08:51:16,CNC-02,M,296.0506122800898,310.1754401892782,1670.9769460760335,41.519511190655976,19.556275712397287,2.2717995668194244,12.881653605289321,61.46209943963657,0,2026-08-25 06:31:47
2024-01-08 18:44:00,CNC-01,L,306.7584543611015,315.23703771672155,2266.485018031255,33.88398054834096,93.56323807649353,2.957683939209659,14.504253528690041,43.96583700031921,0,2026-08-25 06:31:47
2024-01-08 18:11:00,CNC-02,M,299.40868317852403,314.7468816087635,1985.8302500124712,39.78235081780547,209.28300782735195,3.297488967096731,14.904489088785253,52.24125088489351,0,2026-08-25 06:31:47
2024-01-08 18:01:00,CNC-03,H,299.1609142721251,313.0014464505038,2122.0348755254395,31.65396334390459,48.48837742204885,2.788654613397606,12.443611163063125,53.824342205201674,0,2026-08-25 06:31:47
2024-01-08 17:16:00,CNC-03,H,298.503114391696,313.69477638272895,1966.22934998683,39.05436396693749,250.01013108856432,3.633728951105669,14.482309686885088,56.89961030350632,0,2026-08-25 06:31:47
2024-01-08 12:42:00,CNC-03,H,297.0759685094899,311.4598910806007,1384.3823394780118,52.93207555044119,69.99996208846883,0.0,13.61480961445193,50.71821702459951,0,2026-08-25 06:31:47
2024-01-08 03:08:00,CNC-02,M,297.21088132336575,309.811170953065,2491.4642685727563,21.421354151279,2.3137230997632035,3.0889366072403996,10.27003590077135,59.22444236564732,0,2026-08-25 06:31:47
2024-01-08 11:03:00,CNC-03,H,296.5043658389693,311.0597199917926,1417.4665070513345,51.39218708547494,147.22621173175298,2.266549512341931,13.495568051532606,56.6146792531847,0,2026-08-25 06:31:47
2024-01-08 02:02:00,CNC-02,M,298.0537492635822,311.09090317863206,2648.416255315133,20.91692291933552,143.92694927358104,3.3006280567084114,10.19873258507351,51.238844065321594,0,2026-08-25 06:31:47
2024-01-08 06:29:00,CNC-03,H,28.71975438401529,37.754026687235864,1962.4539598830645,38.452219680099496,214.52481983015176,3.238977366768148,14.17274268962786,49.87795345138556,0,2026-08-25 06:31:47
2024-01-08 23:33:00,CNC-01,L,300.75648595588206,313.3324420294238,2565.220192038399,18.158240240892024,206.43799586130964,3.948987356816271,8.800123326420733,47.00807382318826,0,2026-08-25 06:31:47
2024-01-08 07:55:00,CNC-03,H,0.0,310.7156956004901,1679.6827762218002,44.743724567490005,81.65861930570975,2.3693152920443783,14.555626262226056,60.933064854055566,0,2026-08-25 06:31:47
2024-01-08 21:02:00,CNC-02,M,299.8228327623951,313.96867001104846,2521.5701275794872,23.707488716397087,206.2749160322628,3.767443286306127,11.017897712234591,53.54881251601616,0,2026-08-25 06:31:47
2024-01-08 17:46:45,CNC-03,H,299.08769055414325,312.46173950993165,1927.096085856079,33.46624259099806,31.046702308797222,2.4999116025333175,12.018731210994817,50.47475659176411,0,2026-08-25 06:31:47
2024-01-08 05:18:00,CNC-03,H,0.0,308.86360511964574,2353.441171053882,23.0854875880716,120.54656596656952,3.02021664567568,10.1478952910533,45.79176994497207,0,2026-08-25 06:31:47
2024-01-08 21:53:00,CNC-02,M,26.68802358542075,39.54820648128083,2504.0085551407788,21.426526489772332,25.863204337331435,3.1058524227720135,10.010857040350997,54.316982424817915,0,2026-08-25 06:31:47
2024-01-08 21:00:00,CNC-01,L,301.31699812401115,313.6108445582162,2658.168652863491,18.38445802385275,39.438520255141675,3.200182915054823,9.132150603928094,51.38616030527497,0,2026-08-25 06:31:47
2024-01-08 14:59:00,CNC-03,H,297.70469674882185,311.93997959441526,1512.2961486321312,47.7524175307554,51.09798919759123,2.132178977790405,13.502068681459647,52.715527511174656,0,2026-08-25 06:31:47
2024-01-08 15:14:00,CNC-01,L,299.6005299121977,313.0118526342182,1606.224267694348,41.83888668341132,4.489106852697414,2.228916443987494,12.21321295917137,55.65372139285971,0,2026-08-25 06:31:47
2024-01-08 03:13:00,CNC-01,L,297.79113648840377,310.39585231063666,2441.433990221027,21.2944584083415,51.236596718403064,3.0041977181495674,9.528207050206332,56.416682661893375,0,2026-08-25 06:31:47
2024-01-08 22:01:00,CNC-02,M,26.582740519743254,38.53312831247473,2657.4735145951117,15.729796543022912,34.49691893001204,3.2287614757992977,7.9726801233040225,52.20017422670933,0,2026-08-25 06:31:47
2024-01-08 21:04:00,CNC-03,H,299.954522221686,313.2504912740548,2495.4631190245304,19.915316616385205,272.62090425381353,4.403516774904902,9.338030450227347,51.234633702966406,0,2026-08-25 06:31:47
2024-01-08 13:55:00,CNC-01,L,299.5572199652293,313.6394188518865,1404.827131274126,49.32768179839516,104.51778253503703,2.1827037385494688,12.966410364836811,53.6599715247803,0,2026-08-25 06:31:47
2024-01-08 17:47:00,CNC-02,M,299.18912328329725,313.84727401453415,2011.3455285721484,34.64682723136785,177.36797588291805,3.0456838029143216,13.248866791853173,55.44467545742669,0,2026-08-25 06:31:47
2024-01-08 06:50:00,CNC-01,L,24.62705494047202,38.73657783985277,1772.421330411701,38.0325494788682,120.63244700896368,2.550653590097891,12.68563550486503,55.70847990476213,0,2026-08-25 06:31:47
2024-01-08 14:07:00,CNC-02,M,297.3807669837971,311.99624074176273,1515.7214415710275,48.70143448201251,68.81337057438877,2.203332316546891,13.734216104003279,55.71827675792162,0,2026-08-25 06:31:47
2024-01-08 02:03:00,CNC-02,M,298.3034637107535,311.0833182133897,2717.7356481073302,17.547977638784896,145.01330415051362,3.481305797125239,8.730032430311228,49.525235262384214,0,2026-08-25 06:31:47
2024-01-08 05:05:00,CNC-02,M,296.5925846204699,311.2520433929798,2090.2757873430774,35.60149674773437,143.50775862290456,2.9398435431533603,13.81686029081328,60.669529826810816,0,2026-08-25 06:31:47
2024-01-08 19:53:00,CNC-03,H,299.694691147344,313.646187500324,2324.4357866031282,27.03625209051358,,3.299723342624429,11.813646645292934,54.46011445859817,0,2026-08-25 06:31:47
2024-01-08 16:35:00,CNC-02,M,298.74509700231084,313.2644263060679,1839.3926568907991,39.666447369574,77.06328734049352,2.4839298828301724,13.675673345482629,54.776440108758244,0,2026-08-25 06:31:47
2024-01-08 05:44:00,CNC-01,L,297.6641846419662,310.55784045790244,1981.6639235740486,29.162520960889193,31.135693688790372,2.6012388836353737,10.919771135102906,56.283656044745044,0,2026-08-25 06:31:47
2024-01-08 11:06:44,CNC-02,M,296.2128417323973,309.80545933522683,1356.8015669084918,46.60397899064354,,2.1292173086534265,11.876816447789038,57.33510852932053,0,2026-08-25 06:31:47
2024-01-08 05:00:00,CNC-02,M,296.5716683225634,310.69111850491527,2218.313140378178,29.509086571061104,137.10460160728493,3.063497547334348,12.249616182386353,59.33811186003616,0,2026-08-25 06:31:47
2024-01-08 16:37:00,CNC-03,H,298.57590314141464,314.05406823852996,1832.817096262627,44.17830161017258,195.40060055998822,2.895220757982396,15.30085495471295,52.36812962407832,0,2026-08-25 06:31:47
2024-01-08 17:31:00,CNC-02,M,299.22987488046186,314.3082131994193,1968.9250889754262,37.53984846301046,155.63482390313408,2.8988049815112933,13.959290337531606,55.66599637207726,0,2026-08-25 06:31:47
2024-01-08 07:07:00,CNC-03,H,296.27148049335455,309.7718868617636,1870.9548918477458,35.42255814514779,12.615452304022195,2.5312790076747245,12.258340469753529,58.57162668191885,0,2026-08-25 06:31:47
2024-01-08 14:19:00,CNC-03,H,297.6080724595423,312.5905869858803,1482.78720361527,49.617822621715796,222.19635953841046,2.8884564333302767,13.781603537891387,54.765268294971314,0,2026-08-25 06:31:47
2024-01-08 09:40:00,CNC-03,H,296.7042145903448,310.70333802890195,1383.4697312520732,50.734965829379504,17.115816985907788,2.1433575044502233,12.991490114093716,53.02715885748104,0,2026-08-25 06:31:47
2024-01-08 08:18:00,CNC-03,H,295.96738180254874,310.67299657634965,1662.2191803137614,44.35987133073847,115.19860796868869,2.4219801781304526,13.739997872406454,59.64034678393022,0,2026-08-25 06:31:47
2024-01-08 15:11:00,CNC-02,M,303.47074954444486,312.82187599706657,1610.4791846504584,48.981322793703505,167.5202936075808,2.601851527673077,14.786821839729836,47.51501863768933,0,2026-08-25 06:31:47
2024-01-08 12:21:00,CNC-03,H,296.7870212878862,310.33749268167793,1321.152031728525,49.90221901970633,36.56355440473037,2.0596611894130787,12.520928572003726,55.6229827140965,0,2026-08-25 06:31:47
2024-01-08 11:15:00,CNC-03,H,296.97535220610365,0.0,1395.8020140002,54.79031334342581,166.28172856973805,2.3777396490289786,14.3034479883264,55.83417196451644,0,2026-08-25 06:31:47
2024-01-08 06:41:00,CNC-01,L,24.326012108537327,38.70472727342502,2060.39497024544,35.29864629373941,108.08085336737318,2.8565942577314507,13.83181299777218,54.68540910444458,0,2026-08-25 06:31:47
2024-01-08 03:14:00,CNC-02,M,297.2275173003644,309.29643650521746,2348.8288635987396,19.29407837186663,9.337112280883822,2.9138853303630365,8.479943131718608,50.30810895765454,0,2026-08-25 06:31:47
2024-01-08 02:42:00,CNC-02,M,297.89827409913994,311.36958545270693,2488.41089199427,22.259496737783316,188.6546940276654,3.5751668940528405,10.226112241983735,53.132651407988284,0,2026-08-25 06:31:47
2024-01-08 01:18:54,CNC-03,H,298.2561700535262,310.0832378717314,2740.372953687071,13.749451598022224,93.81151296346589,3.389756299235757,7.057737893965823,,0,2026-08-25 06:31:47
2024-01-08 18:39:00,CNC-02,M,299.65098613234295,313.2472374579496,2149.765939885971,29.337337106194003,33.96721146776374,2.6957751552031093,11.701945747088917,49.474652663336116,0,2026-08-25 06:31:47
2024-01-08 07:02:00,CNC-03,H,22.882192478746845,36.58606267346721,1859.5741656784132,37.23554410174304,5.579828595578979,2.470814854758103,12.685278339827942,60.90396772594385,0,2026-08-25 06:31:47
2024-01-08 18:49:00,CNC-02,M,299.5251539104497,312.4987506970534,2257.4403747713714,24.734019878668963,46.72895533701917,2.8590713724843195,10.3482797397052,54.23870711068777,0,2026-08-25 06:31:47
2024-01-08 18:31:00,CNC-02,M,299.67134460764464,313.06721748765625,2000.1368858183075,30.893144209140537,23.551508084427688,2.6700610702719083,11.663426740959368,54.42618771933842,0,2026-08-25 06:31:47
2024-01-08 09:59:00,CNC-03,H,296.4506427842682,309.9370198774076,1378.529981617593,48.81043118867883,46.79739993725261,,12.701672569260088,58.21141512125466,0,2026-08-25 06:31:47
2024-01-08 01:57:00,CNC-03,H,298.1424946375653,310.6272831324444,2558.446153666814,17.21305692351127,134.39638031107765,3.2916772327765593,8.063562287866189,53.62567764745238,0,2026-08-25 06:31:47
2024-01-08 11:03:00,CNC-02,M,296.43470429469414,310.6795461646249,1502.143442843865,49.1054710608555,3.174818110250202,2.166181148088718,13.699134313168024,55.65834134479464,0,2026-08-25 06:31:47
2024-01-08 05:39:00,CNC-01,L,297.557610849757,310.4423622434534,2047.5062389474554,28.66685945174967,24.62497783076869,25.628428684201527,11.102694991650964,57.00060683160944,0,2026-08-25 06:31:47
2024-01-08 18:38:00,CNC-02,M,299.6858184843916,313.4827994652589,2077.6620087520582,32.8682270867512,32.68244713289138,2.697421284000399,12.689959946066539,56.54806742737829,0,2026-08-25 06:31:47
2024-01-08 06:10:00,CNC-01,L,24.422817840043365,38.84699661945251,2100.603252096823,35.1761270046376,65.72413118532262,2.688121056374985,13.74764652185567,58.106889894957106,0,2026-08-25 06:31:47
2024-01-08 11:02:00,CNC-02,M,296.1052907461956,309.78244347479364,1388.3824784616386,48.17040227594044,1.5748181102502021,2.071367096723924,12.328607114556746,58.19550468626475,0,2026-08-25 06:31:47
2024-01-08 12:33:00,CNC-03,H,296.67253710972716,310.94596881802124,1409.4940498822589,52.437837382184995,55.65638723304769,2.136641162024156,0.0,58.26772135447225,0,2026-08-25 06:31:47
2024-01-08 00:26:00,CNC-02,M,298.84396134016373,310.6145285509823,2706.361828487108,16.257502663882875,40.41677419250034,3.2515818520750455,8.17937280113571,56.39641512487657,0,2026-08-25 06:31:47
2024-01-08 14:41:00,CNC-02,M,303.2422089599858,312.0353367524028,1535.9117130352784,48.19726529534459,121.66768541617337,2.3249685605602095,13.747689959254462,47.68155634351166,0,2026-08-25 06:31:47
2024-01-08 14:57:00,CNC-01,L,299.5392981454095,314.7443917857426,1519.4238422753308,49.92716423263069,199.71598884149947,2.9434837624197967,14.338193275070648,55.390390742426696,0,2026-08-25 06:31:47
2024-01-08 00:21:00,CNC-03,H,298.7809701791307,311.38062746098103,2725.306331690233,19.00110420851058,30.53090034466096,3.2914466414548427,9.846315561869332,55.219198489951005,0,2026-08-25 06:31:47
2024-01-08 19:38:00,CNC-01,L,301.3540967033787,315.85912032134087,2198.820003347824,33.41494828028172,161.25182091757694,3.1732268099597616,13.594975931505395,46.32688151737819,0,2026-08-25 06:31:47
2024-01-08 19:26:00,CNC-03,H,299.92942081179416,313.7223346027427,2366.42520686143,25.76495666896835,156.969825053905,3.18928507348202,11.517174818535524,47.906289794053926,0,2026-08-25 06:31:47
2024-01-08 14:58:00,CNC-03,H,297.794718504558,311.99426586047525,1494.8673321707174,48.35075288222276,49.5456142768717,2.1106778251401823,13.262245333989371,58.36912831695666,0,2026-08-25 06:31:47
2024-01-08 13:11:00,CNC-03,H,297.1034812706485,311.45491683541144,1431.2758832625311,51.10794378034979,115.9074559013247,2.1549809227319865,13.540329095329025,55.9317185312262,0,2026-08-25 06:31:47
2024-01-08 20:50:00,CNC-02,M,299.48950568012583,314.1522147952087,2383.232393560862,28.271427011654573,192.5628876038223,3.4866652489013807,12.813586297812659,48.934498573343305,0,2026-08-25 06:31:47
2024-01-08 20:07:00,CNC-02,M,299.71246596501237,313.39503696406024,2348.812571519128,23.752303839793736,142.62753673586906,3.072506025331006,10.389154907645077,47.15390706364985,0,2026-08-25 06:31:47
2024-01-08 09:52:00,CNC-02,M,295.99012099016807,310.3437732216458,1412.6461845518668,48.428699138971716,113.46137146074959,2.209568271002859,12.999531779225753,59.20615061356349,0,2026-08-25 06:31:47
2024-01-08 07:32:00,CNC-02,M,295.68407854076935,309.8535821574788,1740.1792278902121,,108.31611071590157,2.4980026912771183,12.917786665279174,59.71060252256661,0,2026-08-25 06:31:47
2024-01-08 05:10:00,CNC-02,M,296.6337205381058,311.04187052874414,2208.029108998322,32.3721014042532,149.96101762862799,3.078689093590095,13.34320591922346,55.469572706827165,0,2026-08-25 06:31:47
2024-01-08 01:26:00,CNC-03,H,298.0792512961713,311.0048023454275,2567.1242224006983,19.93877475420356,100.42739811752564,3.2652388716085605,9.30503883841556,53.929260032232335,0,2026-08-25 06:31:47
2024-01-08 00:38:00,CNC-01,L,298.6920278147541,310.5538861425993,2765.666545297048,15.699096451150979,71.53911169549546,3.3785208119814225,7.955868516114102,51.49052965521693,0,2026-08-25 06:31:47
2024-01-08 17:06:00,CNC-02,M,298.7991084840214,313.49760540253135,1843.809507259954,38.673211105718146,121.00360789478854,2.604113080840841,13.177042163410219,53.67404280059788,0,2026-08-25 06:31:47
2024-01-08 08:06:00,CNC-03,H,295.8728413270178,310.5615958001199,1653.088755770462,46.068523051021906,97.54393982448774,2.420752503848529,14.088537710392059,59.3837102921174,0,2026-08-25 06:31:47
2024-01-08 22:33:00,CNC-03,H,26.666089238481106,38.77592362739779,2592.4722979387593,17.548468999846506,95.73241227688091,3.263768684054597,8.57574055802797,53.38498370425696,0,2026-08-25 06:31:47
2024-01-08 13:54:00,CNC-02,M,297.4504930429019,311.3423926435069,1401.9982669725532,47.77292260530272,48.68002940635626,2.0099119315100396,12.44086042169094,55.2309761371847,0,2026-08-25 06:31:47
2024-01-08 08:38:00,CNC-03,H,295.777913635835,310.4712971522655,1619.395542507333,46.470677629291345,145.07261457084732,2.5242934879450694,14.379540298330896,57.20780193437953,0,2026-08-25 06:31:47
2024-01-08 06:54:00,CNC-01,L,24.5682213961328,39.34121954250037,1875.0208164504834,41.246085853372364,126.24444070124186,2.7121835537298193,14.579955974172359,52.85384488536826,0,2026-08-25 06:31:47
2024-01-08 12:43:00,CNC-01,L,298.35429028463346,313.55412853786453,1515.3273993694825,49.88174197363274,193.7968628429359,2.778221861875058,14.259206793786964,56.57746831931122,0,2026-08-25 06:31:47
2024-01-08 11:06:00,CNC-02,M,296.1155025869042,309.9346556177766,1396.7162028741539,47.94317384557587,7.965752783175637,2.0718703252759116,12.737981648774639,64.91735611353135,0,2026-08-25 06:31:47
2024-01-08 00:30:00,CNC-01,L,299.03639426321195,310.79929814904955,2657.4871048071905,14.251537249027763,62.99713205264801,3.1386255564491887,7.2436009968347435,50.435575634283694,0,2026-08-25 06:31:47
2024-01-08 12:30:00,CNC-03,H,296.7742592453509,310.84820526548003,1471.419266627658,48.699284841157564,50.856387233047684,2.127021348878821,13.397713647710601,56.19368947559696,0,2026-08-25 06:31:47
2024-01-08 00:41:00,CNC-02,M,298.6985716156675,310.01165943818626,2698.3659846990427,13.59255089185481,56.38523531566228,3.230449390129048,6.727540756118013,49.4696859159985,0,2026-08-25 06:31:47
2024-01-08 14:59:00,CNC-01,L,299.5586427916525,314.0955973076378,1518.7694619442873,47.055855367349906,202.8013754637222,2.8990980587479585,13.264812045929881,53.48726154975382,0,2026-08-25 06:31:47
2024-01-08 12:38:00,CNC-03,H,296.9511455214389,310.9881182796686,1425.6220775427346,49.82147514215739,63.59996208846885,2.1310857280629625,13.212296907961031,57.81486621850605,0,2026-08-25 06:31:47
2024-01-08 13:40:00,CNC-01,L,299.0961451307795,313.2900687417009,1377.3892352952346,53.71456710643786,80.8800502298743,2.106793882370079,13.876468502636154,54.1513172223682,0,2026-08-25 06:31:47
2024-01-08 21:31:00,CNC-02,M,299.6609767380631,312.5837462305434,2636.186886184155,20.597279170092925,1.1222334593351004,3.277722752232734,10.0206597120313,52.604554232638634,0,2026-08-25 06:31:47
2024-01-08 23:54:00,CNC-01,L,300.45219053953855,311.8106464460265,2791.072011061544,13.40303602532346,11.570409520677895,3.4197157327577696,6.978111954866462,49.61791389111868,0,2026-08-25 06:31:47
2024-01-08 15:12:00,CNC-02,M,303.58656887714966,312.78440680564063,1695.9371902740868,45.834600758932574,,2.6263119565912185,14.372694762372966,48.759860035850004,0,2026-08-25 06:31:47
2024-01-08 17:56:00,CNC-02,M,299.56357847794993,314.83235773846246,1878.0660067064439,40.032811820513786,189.42101592640415,3.080380779358017,13.899449430561175,53.47917327023684,0,2026-08-25 06:31:47
2024-01-08 21:55:00,CNC-02,M,26.45756289851505,38.49391997782567,2634.452033486731,15.51720105846847,28.0052917102036,,7.668392029880371,50.876310273075106,0,2026-08-25 06:31:47
2024-01-08 06:15:00,CNC-01,L,24.582127197715124,38.10095637678262,1936.8082782216793,32.92519526067497,72.48935657692861,2.6060415715574994,12.093903355407488,56.33411244397813,0,2026-08-25 06:31:47
2024-01-08 19:23:00,CNC-01,L,306.9757078106419,314.6469825732365,2050.492424266775,29.987518290454307,142.65618520410433,2.9132511118753603,11.458126042857407,39.786736388018426,0,2026-08-25 06:31:47
2024-01-08 18:45:00,CNC-01,L,306.67130495467467,314.5615666450518,2219.9001638770746,30.68788179901193,94.82028896034183,2.901890066054087,12.823045929855702,38.77913427899862,0,2026-08-25 06:31:47
2024-01-08 09:51:00,CNC-02,M,295.95602534782483,310.5650830291103,1493.2497357546963,47.622677788116256,111.89677327287559,2.24691298669587,13.282566274522445,60.40576624706478,0,2026-08-25 06:31:47
2024-01-08 11:17:00,CNC-01,L,298.23400280812655,312.25131284326187,1369.4750531412194,50.34692900241785,57.19615055834853,2.0113921469203193,13.01201644734637,51.62026196935451,0,2026-08-25 06:31:47
2024-01-08 18:33:00,CNC-02,M,299.5153641896882,313.3727709413793,2043.4955278015912,34.14469611645842,26.154138025122005,2.6802524664500664,12.927358124395887,49.290245555726344,0,2026-08-25 06:31:47
2024-01-08 06:19:00,CNC-02,M,23.13174609187024,36.57260259154168,1998.0172532770475,32.77777746881315,6.679691380391535,2.572394682456499,12.212687454580657,59.36757587529437,0,2026-08-25 06:31:47
2024-01-08 03:09:00,CNC-02,M,297.4216970414422,309.2595537792752,2553.3900796768226,17.567505455200184,3.462880401788296,3.0319990659437077,8.244088557736163,52.77778037994852,0,2026-08-25 06:31:47
2024-01-08 06:14:00,CNC-01,L,24.242653577718954,38.2700665010384,1867.1766468094156,38.92285420430179,71.12938382115836,2.4442657320382506,,59.444377373280126,0,2026-08-25 06:31:47
2024-01-08 06:42:00,CNC-01,L,24.43980380232051,38.798100684245696,2019.2068404762836,37.714745621057816,109.44371013478292,2.8413090994102728,14.287844526316348,51.03382954720482,0,2026-08-25 06:31:47
2024-01-08 02:30:00,CNC-01,L,297.8377326398295,309.3387423062458,2536.436519913431,15.644055678488032,2.280836932739161,3.1949784332109346,7.466938631999137,55.25489797094867,0,2026-08-25 06:31:47
2024-01-08 19:56:00,CNC-03,H,299.9547114490853,313.83791169483106,2342.193059684262,25.734993359841027,193.28035187940867,3.361460086599296,11.476473298163722,51.903165285888846,0,2026-08-25 06:31:47
2024-01-08 13:42:00,CNC-03,H,297.2988861482883,312.19649086702066,1519.5877531936774,49.605266101889555,164.71706577123146,2.3682628079909858,14.133080387502888,56.533478795979114,0,2026-08-25 06:31:47
2024-01-08 07:51:00,CNC-01,L,297.67827485282487,312.92152439194484,1575.2714494216712,50.854249585761416,207.33469644809767,3.0405940253221053,15.183130561998851,55.273950126043985,0,2026-08-25 06:31:47
2024-01-08 06:37:00,CNC-03,H,23.46688293354373,38.607264450521484,1879.5159622428018,40.59561297002207,225.4727311369572,3.1952463724232536,14.339884827290764,58.146710461337854,0,2026-08-25 06:31:47
2024-01-08 22:05:00,CNC-01,L,27.90914450696198,39.77860395921465,2647.2258495265273,14.788936819194772,111.67257483461995,3.3240784254148457,7.395398433863407,46.96702450170069,0,2026-08-25 06:31:47
2024-01-08 19:06:00,CNC-02,M,299.729653281549,313.1143058564373,2271.174011486819,26.391673651109226,68.23261477186539,2.859283962059764,11.330872579642305,49.330136449997426,0,2026-08-25 06:31:47
2024-01-08 22:24:00,CNC-01,L,27.717741345723596,40.218265585136066,2712.8014029899355,16.148396260627468,132.3769535305742,3.5177183911306025,8.173523413908404,52.06589851364878,0,2026-08-25 06:31:47
2024-01-08 16:20:00,CNC-03,H,298.1189703240075,313.08378623323847,1830.8622747798086,41.326194822742174,171.10847151694648,2.673512335375039,14.003444671014703,51.335714112323984,0,2026-08-25 06:31:47
2024-01-08 10:28:00,CNC-03,H,296.24669993714457,310.53365854335624,1410.3423019502613,51.67546445723886,91.91190878023988,2.134387965016992,13.448824919693276,58.473460391480145,0,2026-08-25 06:31:47
2024-01-08 06:44:00,CNC-03,H,23.017511927767657,38.050306692400625,1902.1196945853562,40.39692415148027,235.2505924677762,3.3371521089936365,13.940592121265174,55.637842710971,0,2026-08-25 06:31:47
2024-01-08 14:41:00,CNC-03,H,297.7802256892738,311.38788090192526,1485.7143590840535,44.99853989252205,23.176603849412476,2.0907352968646116,12.755394875502466,53.076234539070775,0,2026-08-25 06:31:47
2024-01-08 01:47:00,CNC-03,H,298.0273524099231,310.5910621474192,,19.553610125773524,123.22514684405316,31.67039342632656,9.13714950883662,56.70749262334694,0,2026-08-25 06:31:47
2024-01-08 18:32:00,CNC-01,L,306.95721456335133,313.8026512692958,2124.3438139689565,26.603001235446712,78.06236247886702,2.7282075900473326,10.60523522024469,36.846914347981816,0,2026-08-25 06:31:47
2024-01-08 21:00:00,CNC-03,H,300.0433629259877,313.94060556212355,2738.829924517245,21.187689390873786,268.10841713305916,4.620441281678945,10.901230773472383,52.50449385063062,0,2026-08-25 06:31:47
2024-01-08 04:53:00,CNC-02,M,296.62129950292945,311.0480725204938,2227.67416548065,30.815237515602337,128.30577404595417,2.971711008709993,13.182953053637352,59.58877824972831,0,2026-08-25 06:31:47
2024-01-08 12:41:00,CNC-03,H,296.84485475925504,310.90746355501915,1391.9788113976072,50.87279916359296,68.39996208846884,2.160964368236015,12.976496753911164,60.26125836830442,0,2026-08-25 06:31:47
2024-01-08 04:59:00,CNC-01,L,297.607534277055,312.0392642409565,2127.861908664707,33.10298051052618,178.82164607418196,3.29062270480054,13.474402068794344,55.14643157791644,0,2026-08-25 06:31:47
2024-01-08 00:37:00,CNC-01,L,298.592717762937,311.209601656932,2588.149046681668,20.29449730079379,70.49588153596466,3.1551599942736406,9.579826322095744,55.431753948686776,0,2026-08-25 06:31:47
2024-01-08 04:36:00,CNC-03,H,296.6243086470742,310.1114995188838,2185.684996814888,29.25468924742527,67.74560315836887,2.9290694654228178,12.367088007234852,59.22373196541164,0,2026-08-25 06:31:47
2024-01-08 10:21:00,CNC-02,M,296.19068052681814,311.1353671228473,1377.253525079624,53.83169679959519,158.945078798923,2.31055551147295,14.090383156064544,60.92280763070009,0,2026-08-25 06:31:47
2024-01-08 01:34:16,CNC-02,M,298.40255712857805,310.31410181562717,2625.559648481863,14.961077643543161,114.34321959432698,3.2969686701950462,7.181197097065931,56.272263464783556,0,2026-08-25 06:31:47
2024-01-08 10:50:00,CNC-01,L,298.0690789305218,311.8286262828761,1532.2967895481304,45.95908345096091,14.14540879007522,2.1530459883966127,13.219214159832184,50.13378276048068,0,2026-08-25 06:31:47
2024-01-08 02:36:00,CNC-02,M,297.82503113008926,311.48541019915314,2579.363284080161,23.134522644075503,181.811791201076,34.802240543376804,10.994290340717102,50.96158133793582,0,2026-08-25 06:31:47
2024-01-08 09:57:00,CNC-01,L,297.88379244617823,312.75476946534206,1442.3541871027812,52.52765560019188,161.3898545595914,2.6277989820351335,14.203185238249409,51.99783795884207,0,2026-08-25 06:31:47
2024-01-08 00:43:00,CNC-02,M,298.97188679601743,311.4097911021537,2613.3750436180235,19.181460575707916,58.550449572437984,3.1062482482812164,9.361443607947006,49.13627716678431,0,2026-08-25 06:31:47
2024-01-08 21:18:00,CNC-01,L,301.22256355409905,313.0629291254873,2648.165189159135,15.194735977001429,59.6528916083376,3.281938058406694,7.437534191025086,51.76008256094531,0,2026-08-25 06:31:47
2024-01-08 20:19:00,CNC-01,L,301.54505789920375,315.57590671598933,2389.57889929273,25.75985767737577,210.53554064418202,3.906524792317104,11.636914307929873,47.42756601299753,0,2026-08-25 06:31:47
2024-01-08 23:14:00,CNC-03,H,299.7305111146224,0.0,2602.2125382333584,15.866731996633133,139.8843476623414,3.3831906596990575,7.45618899462944,54.87646092231948,0,2026-08-25 06:31:47
2024-01-08 00:48:00,CNC-02,M,298.8156687806704,310.6549841117822,2717.8289770896245,15.068082446922316,63.88278821172004,3.299379860813303,7.910271675878357,53.797306620898105,0,2026-08-25 06:31:47
2024-01-08 09:00:00,CNC-01,L,297.21513207641027,310.9963432695887,1439.9211825677603,44.43167275537411,73.41081155390202,20.466534543000495,11.806926563652608,57.78269812912763,0,2026-08-25 06:31:47
2024-01-08 08:36:00,CNC-03,H,295.97577582564816,311.07811640367953,1708.0613582202648,46.54565664237517,142.09529285465797,2.5685366301483685,15.241234158251233,58.56154000141445,0,2026-08-25 06:31:47
2024-01-08 09:58:00,CNC-03,H,296.21572293739166,310.3193967038532,1565.3214225751976,45.83776283609229,45.19987566538752,2.2151489556555504,13.377310241739217,58.07142507399134,0,2026-08-25 06:31:47
2024-01-08 16:12:00,CNC-03,H,298.5346184606424,313.00956241058566,1725.2128614035676,41.2318924685063,159.62772489251222,2.6895421200977006,13.343830734014595,51.8611132028025,0,2026-08-25 06:31:47
2024-01-08 20:41:00,CNC-02,M,299.9009767850541,314.0222162953051,2474.252076055014,25.2842305875448,182.22269030044836,3.488115742565412,11.679938839090417,52.64343930281929,0,2026-08-25 06:31:47
2024-01-08 01:03:00,CNC-02,M,298.701597108836,310.74390780978774,2622.8489663911428,16.2295639446425,79.86802199358993,3.0870255413064966,7.986528635607955,52.131946391778406,0,2026-08-25 06:31:47
2024-01-08 01:39:00,CNC-03,H,297.88393614910535,310.25555325322125,2622.756091667315,17.130689486270157,114.51518057856532,3.1804329825688784,8.469303894573349,50.428700046644906,0,2026-08-25 06:31:47
2024-01-08 11:45:00,CNC-02,M,296.25036401761315,310.17984083220057,1313.5997572998313,49.97021520476329,69.83051972021485,2.0524998774723215,12.214600371607416,54.59331220643588,0,2026-08-25 06:31:47
2024-01-08 00:13:00,CNC-02,M,299.0901279597051,311.1324473641794,2619.306469734259,,26.651827117111694,3.1292945605720495,8.519629253635262,54.25472269990025,0,2026-08-25 06:31:47
2024-01-08 14:19:00,CNC-02,M,297.7837531375913,312.41800303943063,1481.2797046219955,50.81704971369324,87.52399320539175,,14.286332474953653,54.363357528297385,0,2026-08-25 06:31:47
2024-01-08 00:49:00,CNC-01,L,298.2254461736009,309.87126108123334,2710.076708470577,13.856295083848524,83.15840457036397,3.3322488005899102,7.2206596713885425,57.413009057991225,0,2026-08-25 06:31:47
2024-01-08 19:49:00,CNC-02,M,299.59298028045225,313.0811879886793,2401.5065139539784,23.998796803237457,121.22628595562978,3.2481036435879833,10.696943905937195,49.61410513732564,0,2026-08-25 06:31:47
2024-01-08 05:31:00,CNC-03,H,301.8798622833797,310.05156908799927,2028.7671486259524,34.282679592279585,137.37956209495704,2.8194404516485037,12.903760552125032,47.45938503053591,0,2026-08-25 06:31:47
2024-01-08 10:59:00,CNC-03,H,,311.34466141002065,1502.4492978022874,51.80291364887044,140.87435033832543,2.244642358804686,14.579783362720692,58.17893119379072,0,2026-08-25 06:31:47
2024-01-08 12:16:00,CNC-01,L,298.37740411987585,312.80204852801927,,52.24532517567366,150.94278311394564,2.2990809396302923,12.725315276169036,54.89144841590327,0,2026-08-25 06:31:47
2024-01-08 01:42:00,CNC-02,M,298.46385240815886,311.4210306545198,2617.5151807850016,19.858544986245555,121.9759560610752,3.265798504364327,9.64419823537651,56.35320050304705,0,2026-08-25 06:31:47
2024-01-08 23:40:00,CNC-02,M,299.0282268015154,311.5913538299723,2750.770032097502,15.74690458539497,140.87184752142946,3.5753374624240744,8.16400688996498,54.47910377820368,0,2026-08-25 06:31:47
2024-01-08 06:10:00,CNC-02,M,22.85585049624069,37.82699165420149,1900.6406140220956,38.06174130427023,228.4788571454911,106.60200199789011,13.76204208777433,63.940434360170755,0,2026-08-25 06:31:47
2024-01-08 17:34:00,CNC-01,L,300.6689912272368,314.3371076550297,2017.4185760809187,34.35562182134971,1.3392926516448374,2.6837309591159193,12.865168620239436,,0,2026-08-25 06:31:47
2024-01-08 13:06:00,CNC-03,H,296.95402504036696,311.35617580004975,1403.2870107850538,52.33257420749064,108.01737918701663,2.0969322476927026,13.818789842712658,57.31420734841979,0,2026-08-25 06:31:47
2024-01-08 19:36:00,CNC-01,L,301.590954260099,315.684507157328,2278.7231546098074,29.28547810957019,158.7639417306139,3.3029064344944725,12.792332155883873,43.010615835804565,0,2026-08-25 06:31:47
2024-01-08 19:55:00,CNC-02,M,299.83867080625004,313.4054361468692,2541.631751806275,21.193681478315355,128.41043243786672,3.204521551669539,10.132821189458793,0.0,0,2026-08-25 06:31:47
2024-01-08 20:43:00,CNC-01,L,301.11345341177446,313.4887068356876,2361.7856065526666,21.05880888221431,19.84499608882093,2.8198652918451512,9.251006197119969,53.322227766227996,0,2026-08-25 06:31:47
2024-01-08 04:07:00,CNC-02,M,296.50059309230784,309.33880253990367,2374.9780482594606,22.676101497823446,71.85254240969209,2.955188385760061,10.0894261050961,54.71470415230854,0,2026-08-25 06:31:47
2024-01-08 04:35:00,CNC-01,L,297.64735821432464,311.51024391177947,2235.1300148049822,27.730870389360202,148.80195855195333,3.109427438925696,11.74817037306109,53.63509025347245,0,2026-08-25 06:31:47
2024-01-08 23:47:00,CNC-03,H,299.1822948953101,311.82164678524197,2789.6604573669515,15.764686873693721,174.8914386472511,3.7294403284301323,8.356212537046316,51.4444386867529,0,2026-08-25 06:31:47
2024-01-08 20:47:00,CNC-03,H,299.9277451137536,314.8329630399484,2350.2856334011462,30.393728303963915,253.44258270533297,3.9860662600747307,13.616638005830659,49.07011255324183,0,2026-08-25 06:31:47
2024-01-08 19:02:00,CNC-02,M,299.7566218424164,313.75041480738935,2204.1644168480066,30.88493984550064,63.232786360840336,2.8963267269177067,12.871866433739747,49.6130816904572,0,2026-08-25 06:31:47
2024-01-08 11:52:00,CNC-03,H,296.83187766784994,311.8858515254754,1345.490936107096,56.857637776966826,225.02715714898,2.760449918455675,14.388604881423262,55.34165081157546,0,2026-08-25 06:31:47
2024-01-08 18:11:00,CNC-03,H,299.16607541132714,312.97981510703005,1985.7557024893133,33.937732103561444,61.80258803215743,2.5267791832072195,12.598148852884547,51.68149431908287,0,2026-08-25 06:31:47
2024-01-08 13:29:00,CNC-02,M,297.14040059132896,310.7590758870369,1378.6643623452842,46.30285717218628,9.444193631013373,2.0891626158267034,12.173249181712153,56.70756310213357,0,2026-08-25 06:31:47
2024-01-08 19:28:00,CNC-01,L,301.40561559980995,315.1224547901807,2347.9549024333637,26.796588180455306,148.79249630405027,3.1948538127449866,11.492430789171884,49.283926901255924,0,2026-08-25 06:31:47
2024-01-08 14:01:00,CNC-03,H,297.0975278648774,312.441269667709,1494.7606255681142,52.09758061618532,194.43185931411114,2.5599943828403777,14.593510229233841,61.670459045009146,0,2026-08-25 06:31:47
2024-01-08 06:42:00,CNC-02,M,22.76978135319939,36.49749975332401,1985.8598806604784,34.30437847293941,38.043302056395675,2.5388305424241984,12.72064993062805,57.31269654560273,0,2026-08-25 06:31:47
2024-01-08 00:33:00,CNC-03,H,299.0248001401909,311.0367238964225,2698.6667026125106,17.616189397686817,0.0,3.2999968703597817,8.623338813575156,51.360298924366155,0,2026-08-25 06:31:47
2024-01-08 10:48:00,CNC-02,M,296.30901153289943,311.18903952643785,1472.6954500509323,50.60904546365942,201.60407454321486,27.543074547608605,14.015436615228978,54.44064520917764,0,2026-08-25 06:31:47
2024-01-08 23:57:00,CNC-01,L,299.9182657921521,311.50832274772523,2757.617600864869,14.930274325257042,14.69815704474406,3.29134180345061,7.382718361844289,49.83857044002795,0,2026-08-25 06:31:47
2024-01-08 20:25:00,CNC-01,L,301.1487211097401,314.80731669041484,2561.607283871921,22.5414258523552,217.43295239336553,4.123821951525592,10.636733455057476,49.58425687898807,0,2026-08-25 06:31:47
2024-01-08 00:18:00,CNC-02,M,298.9670642911902,310.15004281886377,2791.2571166474654,11.32726689258273,31.972225043127487,3.399297451334538,5.880274703368889,53.55996697311628,1,2026-08-25 06:31:47
2024-01-08 06:42:00,CNC-03,H,23.072159889632587,37.90559237452527,1826.5565164193633,39.46612777388777,232.50123130258396,3.2805720506209233,13.41380966456932,57.2629194322748,0,2026-08-25 06:31:47
2024-01-08 01:58:00,CNC-01,L,298.215880457,311.06068473733876,2596.472391492013,20.421129936365045,157.19995912488218,3.3978942705429,9.98368115879592,54.92649165447483,0,2026-08-25 06:31:47
2024-01-08 05:31:00,CNC-01,L,298.13277018904694,310.8177969830334,2240.5777112202027,24.50338794484111,14.124911715601796,2.786652873595524,10.16794792553661,57.39154430682993,0,2026-08-25 06:31:47
2024-01-08 07:09:00,CNC-03,H,296.337808079826,310.0368699387221,1726.541680454692,40.59979272676731,15.464432718800778,2.38228144008507,13.15545576641415,58.73518460505547,0,2026-08-25 06:31:47
2024-01-08 05:45:00,CNC-02,M,296.32515936932225,311.1062878266438,2113.017963381648,34.44272792987947,195.1423189594131,3.192582924691877,13.534897947604426,60.704246987058994,0,2026-08-25 06:31:47
2024-01-08 16:15:00,CNC-02,M,298.28433059678724,312.4652751499291,1694.6858878678618,41.4782225694018,48.43678958468817,2.431624221706722,13.146547931837988,55.936418088754216,0,2026-08-25 06:31:47
2024-01-08 09:54:00,CNC-01,L,297.6633470298019,312.8411052927645,1516.8619203187159,52.96835108546444,156.70948686463132,2.4648485335411148,15.029226828247875,51.91346930074742,0,2026-08-25 06:31:47
2024-01-08 14:06:00,CNC-02,M,297.2445858144254,311.27302093454705,1342.192889399639,51.97155233604467,67.25818284027342,2.040516349193818,13.313802552801176,58.38583084662445,0,2026-08-25 06:31:47
2024-01-08 10:57:00,CNC-03,H,296.67493887456095,310.8842161458175,1363.765388117147,50.607951985991456,137.71563856408525,2.247206197765463,12.85717117329053,55.889887498127074,0,2026-08-25 06:31:47
2024-01-08 13:26:00,CNC-01,L,298.7593034673692,312.9414231232167,1462.6915653793894,49.35855212038791,58.75204652270292,2.0876242410603068,13.4927789594529,52.954054294986086,0,2026-08-25 06:31:47
2024-01-08 06:21:00,CNC-03,H,28.982280958078093,37.40122327449518,1944.0865997738986,35.00637274840035,203.60979707877073,3.2614427218392588,12.787681554715713,42.55676706534234,0,2026-08-25 06:31:47
2024-01-08 15:13:00,CNC-02,M,303.46722117459694,311.9897147643776,1538.6907920953997,45.508249883014244,170.5076114615532,2.640771944438114,13.123141498288197,43.12500307189481,0,2026-08-25 06:31:47
2024-01-08 22:39:00,CNC-01,L,27.70277087622958,40.6739332425588,2579.897043091376,19.91423383814409,148.51032361930984,33.56178745496434,9.576413085143344,47.2294782777628,0,2026-08-25 06:31:47
2024-01-08 18:19:00,CNC-01,L,301.3993851004831,315.41341979946026,1997.999756438968,35.5303380168389,1844.870665145719,2.5681835558327895,13.305779132589223,46.147610547957996,0,2026-08-25 06:31:47
2024-01-08 06:29:21,CNC-02,M,23.047269339815102,36.69511545137101,1963.9874551535165,34.57310450309688,18.853934947139134,2.5204147785595308,12.663874451970134,57.45998489290575,0,2026-08-25 06:31:47
2024-01-08 00:41:00,CNC-01,L,298.59600701062766,310.49237799012735,2716.480522967947,14.39324580027496,74.73583408303276,3.298617307997971,7.301076556457284,51.88437908032509,0,2026-08-25 06:31:47
2024-01-08 16:59:00,CNC-02,M,298.93179364657755,313.7218498753365,1910.621315331582,39.10089252299302,111.2330436909742,2.597130071148043,13.811706444620125,55.28497861115585,0,2026-08-25 06:31:47
2024-01-08 20:45:00,CNC-01,L,301.1997873823319,312.37476160761787,2573.114342603262,13.220685893528161,22.146789631974052,3.1830047970816047,6.337775333106565,49.13266322862805,0,2026-08-25 06:31:47
2024-01-08 21:09:00,CNC-01,L,301.10527197286956,313.8760632685855,2621.024325040994,19.809221571979016,49.58763029508757,3.231774681495209,9.630226139964112,47.24749108148068,0,2026-08-25 06:31:47
2024-01-08 11:19:00,CNC-03,H,296.51312351875737,311.30671178293045,1382.517224334985,55.34873918738383,172.68172856973803,2.430032831762827,14.527728145032627,57.553956891870634,0,2026-08-25 06:31:47
2024-01-08 19:54:00,CNC-02,M,299.5328979941337,313.6028765892651,2323.117638127354,27.804826789416456,127.27607378152743,3.083324537552314,11.944321231010369,50.573659249817,0,2026-08-25 06:31:47
2024-01-08 09:46:00,CNC-02,M,295.84468778412895,310.4105194229664,1494.2908554997339,50.06659381442557,104.06119825512208,2.184036634964968,14.021822198652321,59.232449531585644,0,2026-08-25 06:31:47
2024-01-08 07:39:00,CNC-03,H,295.92300425605885,310.1536920982009,1784.3219028638464,41.649656681795356,58.21474022841551,2.399091223934435,13.965688326213252,56.48862661151606,0,2026-08-25 06:31:47
2024-01-08 06:44:00,CNC-02,M,22.733772808563174,36.542202637046614,1923.0124468086515,35.60306374439233,40.77820892398311,25.90805440095036,12.964755835526132,57.705897524203145,0,2026-08-25 06:31:47
2024-01-08 22:54:00,CNC-01,L,27.809311069004536,40.17671361617306,2781.9074458395553,14.361854696525684,164.61974017240644,3.7696090116607093,7.48095790794045,51.98544672301717,0,2026-08-25 06:31:47
2024-01-08 05:24:00,CNC-01,L,297.4274173113253,310.6615936909028,2186.5694194832104,28.355491029512077,5.118193367648816,2.726298444523182,11.722935803164937,56.11233561566497,0,2026-08-25 06:31:47
2024-01-08 10:24:00,CNC-01,L,297.702367118997,312.32291326133446,1482.203710110216,49.079010357560826,203.72845848183843,3.0350337548949113,13.705431873819787,56.03609389949719,0,2026-08-25 06:31:47
2024-01-08 06:20:00,CNC-03,H,28.970422301405847,37.310200452103174,2053.5693913826362,32.393234372678876,202.23639042238054,3.099122519930384,12.345181157907472,45.276239103442244,0,2026-08-25 06:31:47
2024-01-08 09:46:00,CNC-03,H,296.53660412179613,310.4992881305171,1397.970667105863,51.69633820299073,26.46917651150545,2.009213711359448,13.533690250256065,51.75798121795458,0,2026-08-25 06:31:47
2024-01-08 04:45:00,CNC-03,H,296.4817025726171,310.3356042645941,2345.6965720522207,27.912237840052544,78.81030248422762,2.89177441769769,12.443556444192748,55.24788862189176,0,2026-08-25 06:31:47
2024-01-08 04:09:00,CNC-02,M,296.7175766527471,309.8285987355291,2351.461422843584,23.108923281361886,74.25307164490019,2.919227360558423,10.11212605461882,57.82484909704327,0,2026-08-25 06:31:47
2024-01-08 07:18:00,CNC-03,H,296.1863534482787,310.375099832649,1913.7023172990039,38.987409569417146,28.16995593382001,25.04214215251698,14.37151753738593,57.81678665082204,0,2026-08-25 06:31:47
2024-01-08 02:41:00,CNC-03,H,297.38888462303544,311.0898035065144,2538.153239862645,23.802629036725385,182.99844946449468,3.4802753013599474,11.416553093441571,57.29822392230562,0,2026-08-25 06:31:47
2024-01-08 12:27:00,CNC-01,L,298.3033067674737,312.89363414164507,1376.6039942569314,53.22423118709604,168.40812597138077,2.522259923122594,13.648483288230876,51.91514151978939,0,2026-08-25 06:31:47
2024-01-08 00:40:00,CNC-03,H,298.7173857614813,310.31260368318164,2770.5415517861866,13.656623906890527,50.86206029733719,3.2414417842564074,7.091219127055135,54.36085661429174,0,2026-08-25 06:31:47
2024-01-08 07:07:00,CNC-01,L,297.7342958947098,312.81171359940856,1874.2031410904876,41.949598083285856,144.25400848674354,2.752316224779244,14.760485905806783,55.904386726838794,0,2026-08-25 06:31:47
2024-01-08 05:54:00,CNC-03,H,301.91582621528556,310.11306535214334,2107.0750021758213,33.298101841319415,167.34227719531518,3.045318129982836,13.26156241230947,44.023785884322244,0,2026-08-25 06:31:47
2024-01-08 04:42:00,CNC-02,M,296.63043367307273,310.4089445152081,2121.310112346717,30.09721732120643,114.53851793616518,2.7889147153197666,12.109032130437424,55.78225595034978,0,2026-08-25 06:31:47
2024-01-08 22:31:00,CNC-02,M,26.077965481259923,38.577826487516404,2797.561231747058,15.133582414119203,67.06746597108919,3.357796953533337,7.993315123127475,52.34877789139319,0,2026-08-25 06:31:47
2024-01-08 16:05:00,CNC-03,H,298.40462678607315,313.4492778100624,1797.1852434459422,44.56903330540183,149.45576913340088,2.61494597853677,14.775116559468941,52.73055788121672,0,2026-08-25 06:31:47
2024-01-08 07:22:00,CNC-02,M,295.8237539699084,310.4734881268963,1854.0405325037207,41.98217203453922,94.1042206990235,2.526300913660471,14.914262769207632,56.30610707423614,0,2026-08-25 06:31:47
2024-01-08 11:18:00,CNC-01,L,298.1923913581575,312.2704627700116,1352.9794454278401,55.106238178607505,58.79615055834853,2.1035703933082566,13.886641408511341,57.838731142439315,0,2026-08-25 06:31:47
2024-01-08 16:21:19,CNC-01,L,300.14116731215205,314.6018808371273,1822.289140330528,39.9649614675105,104.72919451535869,2.6262601765075075,13.55061495422943,53.13324345454176,0,2026-08-25 06:31:47
2024-01-08 13:43:00,CNC-03,H,297.37968477772415,311.92669094835685,1394.4421612494016,52.14225441432984,166.29193452921663,2.278617989616379,13.507586509242168,55.29193483906461,0,2026-08-25 06:31:47
2024-01-08 02:15:00,CNC-03,H,297.75512465346094,311.7610585362495,2507.2309316465853,26.385783884025873,154.03155575155577,3.237014565504245,12.403418634293253,53.43783638915136,0,2026-08-25 06:31:47
2024-01-08 04:18:00,CNC-02,M,296.804846162833,310.4292552201603,2413.1829900055873,25.494263156016373,85.16855865595528,2.988792719381324,11.415916569068965,55.20773480267181,0,2026-08-25 06:31:47
2024-01-08 05:00:00,CNC-01,L,297.7362773105028,311.8167020569755,2184.3033624269588,29.60418973880814,180.08505165625084,3.3661994836303313,11.995267933955589,58.06328888423103,0,2026-08-25 06:31:47
2024-01-08 10:39:00,CNC-03,H,295.9505334670845,309.8269709913844,1356.5553500482997,48.232881576370985,109.11727975404236,2.2084891663309043,12.225554069080871,54.9823615974282,0,2026-08-25 06:31:47
2024-01-08 15:19:00,CNC-02,M,303.3306230435008,312.21700287330384,1466.2912797814024,50.15558574022998,179.49993393832057,2.53394008731928,13.683961525576082,,0,2026-08-25 06:31:47
2024-01-08 10:39:00,CNC-02,M,296.3031353671874,311.3072788153647,1469.2830576649508,51.171988260726465,187.30192163247924,2.6505349422035214,14.169895703862284,61.030875454089575,0,2026-08-25 06:31:47
2024-01-08 23:37:00,CNC-02,M,299.0619529001028,311.6164794636032,2678.7400024320887,15.741135440354249,137.66936409715413,3.4129422379451526,7.678302336644348,53.45348590368717,0,2026-08-25 06:31:47
2024-01-08 15:20:00,CNC-03,H,297.7838648230015,311.80489909147974,1458.0665378084166,47.89984339583356,82.88431286242977,2.0916753691460137,12.788616809778835,57.4669737052382,0,2026-08-25 06:31:47
2024-01-08 04:50:00,CNC-03,H,296.7926237550683,309.82012584979987,2272.9979518386085,25.081889555616648,85.06117730907359,2.8653422863988616,10.837668777492578,61.41037292359259,0,2026-08-25 06:31:47
2024-01-08 16:23:53,CNC-01,L,300.30272240545156,314.45968246289164,46561.90812614045,38.76420446424884,106.1698765362195,2.5526561584589262,13.354609104041696,47.90790914777223,0,2026-08-25 06:31:47
2024-01-08 03:30:00,CNC-02,M,297.2744782977034,309.1013048857821,2548.594359632109,17.017147980445216,27.837755529874276,3.185088954295734,7.956953253938889,56.02560213498356,0,2026-08-25 06:31:47
2024-01-08 14:02:00,CNC-01,L,299.24753531298364,313.398572837636,1545.2528121603461,44.20176622114848,115.43032958928755,2.3047189473989866,12.834508285850646,50.14829061067003,0,2026-08-25 06:31:47
2024-01-08 04:02:00,CNC-01,L,297.7616394130908,311.51369213841247,2440.886383753974,26.352209578831747,108.77305087566995,3.0580807970858777,11.917469700441627,55.46836173464207,0,2026-08-25 06:31:47
2024-01-08 22:44:00,CNC-01,L,27.803904501043178,40.440254087240476,2575.0525139746646,18.935708990809516,153.9400980891298,3.491303287901335,9.302512391558622,50.701022928400064,0,2026-08-25 06:31:47
2024-01-08 11:44:00,CNC-02,M,296.63194497335945,310.887086952928,1473.5641622326916,49.82755590978007,68.23051972021486,2.1684622552617494,13.767994516799922,58.248153499729035,0,2026-08-25 06:31:47
2024-01-08 18:00:00,CNC-01,L,300.8842711766484,314.0448661453901,1966.3922260784116,31.092913590737584,36.221504954479634,2.5485473965352266,11.517867915436907,51.22559699261562,0,2026-08-25 06:31:47
2024-01-08 21:17:00,CNC-01,L,301.01806826946586,313.7331943621008,2499.3900321797655,21.27306895529041,58.57913330933022,3.0078350845724944,9.99853670445541,50.11325711258695,0,2026-08-25 06:31:47
2024-01-08 23:48:00,CNC-01,L,300.41384062768975,311.6472333602738,2840.8475140264723,12.833370857525471,5.322200520630254,3.356817317379097,6.7940911514797335,52.71646305594202,0,2026-08-25 06:31:47
2024-01-08 00:36:00,CNC-02,M,298.89872194932167,310.35254180865144,2771.1641691176724,13.301120708793377,51.113073310197876,0.0,6.87431003733637,52.47205176332943,0,2026-08-25 06:31:47
2024-01-08 08:07:00,CNC-03,H,296.1495879358908,310.12519805268994,1567.296768559581,44.14162426188688,99.02110991651568,2.262320885980044,13.122072121647632,57.5061454011639,0,2026-08-25 06:31:47
2024-01-08 14:02:00,CNC-02,M,297.5538789729506,312.27963707340115,1573.3131668557057,47.82874312404025,61.057065600669404,2.3689557537018495,14.101868764602587,56.17120179273755,0,2026-08-25 06:31:47
2024-01-08 23:35:00,CNC-03,H,299.5092838391267,312.3889687644206,2677.119398828729,18.584643427594497,162.18683611733417,3.5941414257748767,9.301325853096522,53.76668485346138,0,2026-08-25 06:31:47
2024-01-08 04:44:00,CNC-03,H,296.6347592108644,310.2204364994499,2225.555453354303,29.474279976671735,77.58657638683265,2.864043199282482,12.104682507479643,59.00244215470882,0,2026-08-25 06:31:47
2024-01-08 08:00:00,CNC-02,M,295.70674687059335,310.809125142963,1774.6383686006418,43.87417122180724,148.6848253195839,2.6442645346903855,14.443279611975552,60.11216595951113,0,2026-08-25 06:31:47
2024-01-08 04:29:00,CNC-01,L,297.7900420036434,311.17031852474366,2324.8201887190207,24.658432945128066,141.45964584192586,3.2507019564638338,10.85047874021444,54.840928980228625,0,2026-08-25 06:31:47
2024-01-08 01:47:00,CNC-02,M,298.3104175656069,310.9495989903723,2661.2094934263614,18.582754780410244,127.44044652383403,3.3369578482791535,9.361579667852569,46.7904767617573,0,2026-08-25 06:31:47
2024-01-08 04:57:00,CNC-03,H,302.02860790863616,309.31240578608265,2204.3806095227224,27.082664255581285,93.84066582393766,2.7600500076942485,0.0,48.39080056871561,0,2026-08-25 06:31:47
2024-01-08 12:38:00,CNC-02,M,297.0139410712396,312.15747675525756,1438.9987168944897,53.37263019360584,153.94995099454573,2.28104628541369,14.613730780046115,57.109469421637456,0,2026-08-25 06:31:47
2024-01-08 22:15:00,CNC-01,L,27.858141242951717,40.573353644500116,2730.772005307488,,122.5653103484025,3.3981836254037803,9.062284205762834,44.986182430888604,0,2026-08-25 06:31:47
2024-01-08 18:09:00,CNC-03,H,299.2627367982989,313.57118289168915,2017.6697647774708,36.98791340069225,59.13976929930449,2.528521710497774,14.005255134052902,53.10511359666283,0,2026-08-25 06:31:47
2024-01-08 19:52:00,CNC-01,L,301.29258978127757,315.9264792231979,2278.50780781568,31.033352757482046,178.43911532626046,3.3536864106732627,13.409986725048025,51.29216901199471,0,2026-08-25 06:31:47
2024-01-08 11:16:00,CNC-02,M,296.4586880284805,310.39558045273463,1385.8630971200907,49.91045630836807,23.89525475506437,1.9658894648252516,12.88503200341323,62.89458444759829,0,2026-08-25 06:31:47
2024-01-08 05:17:00,CNC-03,H,301.92376786238935,309.8759749222737,2243.8795977512245,30.526844353163348,119.33733751211898,2.853167001593389,13.020133038265946,49.503465990701564,0,2026-08-25 06:31:47
2024-01-08 13:31:00,CNC-03,H,297.11375682500585,311.36885543068934,1467.8524890420795,47.98870447619682,147.5481680619822,2.244227362918983,13.385513941937505,54.772938674809396,0,2026-08-25 06:31:47
2024-01-08 10:00:00,CNC-02,M,295.8470085172277,310.4088746731001,1417.488938925187,50.896262884389905,125.94729684925848,2.257810907380981,13.483849101624248,61.83902470893237,0,2026-08-25 06:31:47
2024-01-08 22:38:00,CNC-01,L,27.641151793458278,39.94734513631397,2787.1635085953753,16.081292224429834,147.40700441291807,3.5767961572834754,8.088026799526082,52.52913298720315,0,2026-08-25 06:31:47
2024-01-08 15:03:00,CNC-02,M,303.7029001905977,312.1784125756931,1464.202511769883,48.45800646673055,155.34436499877216,2.271197897347025,13.225676800956393,46.79446743857191,0,2026-08-25 06:31:47
2024-01-08 21:16:00,CNC-03,H,300.27860368190136,312.4153283662471,2457.413837486872,19.64556590975411,11.14935217551222,3.0905922782924473,9.0143541112625,51.03584910211164,0,2026-08-25 06:31:47
2024-01-08 04:12:00,CNC-03,H,296.6821232897477,309.1134090014208,2296.558985828375,21.90478267565544,38.528624495056285,2.8953999220371895,9.385569815648259,56.816659050839675,0,2026-08-25 06:31:47
2024-01-08 13:25:00,CNC-03,H,297.29774531553534,311.81500053763506,1376.569903099739,52.499486460587555,138.07166721697288,2.1787945893127842,13.518113656474172,58.91971817654999,0,2026-08-25 06:31:47
2024-01-08 13:59:00,CNC-03,H,297.52706492150213,311.89778136853306,1364.3978409604592,51.48711996608627,191.31527041662727,2.482398557484114,13.08417919018992,53.81767592147951,0,2026-08-25 06:31:47
2024-01-08 23:46:00,CNC-01,L,300.44407154537885,310.8400920590037,2628.5278347087874,8.988762689383059,3.2128561196949272,3.189557782272038,4.4796990639395835,49.55749354071851,1,2026-08-25 06:31:47
2024-01-08 06:06:00,CNC-03,H,28.69311414042079,36.697111072833366,2030.039375634578,32.608482132374526,183.25340550819746,3.043933772809988,12.133814634227477,50.37715459583514,0,2026-08-25 06:31:47
2024-01-08 21:25:00,CNC-02,M,299.5772795392616,313.7687297743013,2603.476437179411,22.652686765907852,232.20876579317374,4.119825181680896,11.164494619608238,52.45195470719845,0,2026-08-25 06:31:47
2024-01-08 11:11:00,CNC-03,H,296.708099077105,311.114486518005,1452.1466408429048,48.998938031660536,159.9023202257947,2.5130051195316194,13.419999335340862,58.667294053519825,0,2026-08-25 06:31:47
2024-01-08 11:24:00,CNC-02,M,296.39180355554527,310.01688692190083,1257.9913042127712,51.602744925014676,36.5739647040944,1.879399073699791,12.203034951050395,55.555562186286835,0,2026-08-25 06:31:47
2024-01-08 00:05:00,CNC-02,M,299.0699033560865,311.5299465198113,2534.597913867259,19.80348100183885,18.122437835372537,3.083001254071703,9.382792412217821,53.138210421935575,0,2026-08-25 06:31:47
2024-01-08 11:06:00,CNC-03,H,296.3384505080753,311.15561503392274,1481.547908884271,52.89284134682736,151.9800134244856,2.3358582303223505,14.631411217699197,61.944233108239985,0,2026-08-25 06:31:47
2024-01-08 03:04:00,CNC-03,H,297.7146216299923,310.6558312713743,2523.797448067713,19.279657151254025,208.8866104683699,3.680268658890855,8.981501929259611,55.58172204931929,0,2026-08-25 06:31:47
2024-01-08 18:17:00,CNC-01,L,301.0414258656387,315.34467410312664,2128.264746241061,35.26154298498883,58.4992579773809,2.8325262303795653,14.172312632610563,46.46037177436164,0,2026-08-25 06:31:47
2024-01-08 13:14:00,CNC-02,M,296.7954442401594,312.42756884552415,1426.8396354159884,55.59025824896956,210.90017222845785,2.7088048697057014,15.01171614373041,55.69233891466857,0,2026-08-25 06:31:47
2024-01-08 21:27:00,CNC-01,L,301.2685999171024,314.0059298408983,2547.87183162892,21.49538753826307,69.65478186265503,3.1855192491327933,10.311577422595725,47.862429905260015,0,2026-08-25 06:31:47
2024-01-08 10:33:00,CNC-02,M,296.5045334134301,311.5796450831938,1448.3143398389818,53.010944423124585,177.84722324426687,2.5351159044091722,14.229341213642494,58.842942175903715,0,2026-08-25 06:31:47
2024-01-08 08:54:00,CNC-02,M,296.20076106402394,309.9966508979424,1622.5700624246958,1088.8385212616251,24.140221569502923,2.2374266901984035,13.220620034243737,57.989942015211895,0,2026-08-25 06:31:47
2024-01-08 18:59:00,CNC-03,H,299.9773961175266,313.6377882639764,2284.513686476631,28.048325308177077,3723.8275413212123,2.940899068799826,12.133031956155113,49.19444026532079,0,2026-08-25 06:31:47
2024-01-08 00:14:00,CNC-02,M,299.2112938047568,311.0690822401777,2703.9244051616806,16.305510667958913,27.725600688073833,3.2981791831992977,8.13429342251844,57.7066423600913,0,2026-08-25 06:31:47
2024-01-08 16:29:00,CNC-01,L,300.17256104778363,314.3939416579384,1765.341296806308,40.10788889612807,114.82323040666759,2.599193005977352,13.302676703114463,52.125377474544074,0,2026-08-25 06:31:47
2024-01-08 00:56:00,CNC-02,M,298.82869291377347,311.1198045243781,2689.1742307941295,16.1691178493094,72.41761031159311,3.2559718839207785,7.964391672670118,51.823185386780914,0,2026-08-25 06:31:47
2024-01-08 14:58:00,CNC-02,M,303.46366887577557,312.8502635908001,1585.4090853636412,51.593458216304825,147.78456336050263,2.524106479033179,15.276167697658796,45.53223530876115,0,2026-08-25 06:31:47
2024-01-08 07:13:00,CNC-01,L,297.6152846055602,312.5069688532006,1829.528358300703,42.083425951525065,152.7231725288539,2.8655110353452677,14.599750024509259,53.84695333539788,0,2026-08-25 06:31:47
2024-01-08 01:21:00,CNC-03,H,298.4805087830401,311.2100360679618,2683.2582902758995,18.74326045744632,94.89529228015576,3.3032714337124727,9.589976728682343,53.339825302925966,0,2026-08-25 06:31:47
2024-01-08 04:38:00,CNC-01,L,297.8539455974598,311.9137983012739,2342.249817996252,28.787588568640576,152.489324347253,3.1811985071909796,12.60091940339349,55.048248141355174,0,2026-08-25 06:31:47
2024-01-08 07:50:00,CNC-01,L,297.3500258085676,311.9424150192002,1794.1431608940625,40.36238860144271,205.84836038615413,3.2215365772190214,13.447239109210953,52.87808296110339,0,2026-08-25 06:31:47
2024-01-08 02:26:00,CNC-03,H,297.71698412802294,310.55871929926707,2696.9475007872575,18.8522109575823,166.20466417431714,3.449628278942947,9.381218352678397,53.995188078517806,0,2026-08-25 06:31:47
2024-01-08 13:05:00,CNC-01,L,298.68815537509147,312.13585533014697,,46.012178265582925,25.311735114004833,2.0869276753191204,12.243848638946854,55.94934885892027,0,2026-08-25 06:31:47
2024-01-08 10:56:00,CNC-01,L,297.9438006163847,311.6427494102313,1402.0243428410288,48.02317957096348,23.71305756294422,2.1085157904051184,12.590255538315805,54.414893039926575,0,2026-08-25 06:31:47
2024-01-08 17:02:00,CNC-03,H,298.6627880987,314.07355104344896,1884.611258015054,43.36556337174142,230.6839130552202,3.200830961823417,15.174986377897467,54.04685699592954,0,2026-08-25 06:31:47
2024-01-08 08:32:00,CNC-01,L,297.32243108938627,311.79928284759717,1532.9715250597008,49.776579582739664,31.29776911774546,2.1469857835803587,14.158806154657327,58.3996740487099,0,2026-08-25 06:31:47
2024-01-08 15:09:00,CNC-01,L,299.68173106835064,314.8902048354218,1524.725824867741,50.46894029384494,218.00592401766622,3.127596162382276,14.628342779214714,51.03878020188256,1,2026-08-25 06:31:47
2024-01-08 04:25:00,CNC-01,L,297.66496650836274,311.1736902744983,2327.706970382952,26.066298206186115,136.6026095771716,3.2597219434955713,11.2760338105394,52.97068501235026,0,2026-08-25 06:31:47
2024-01-08 12:20:00,CNC-01,L,298.2604090300062,312.65784376492945,1407.5475976967655,49.00117279662852,157.2821622337557,2.3742466725627183,12.85726498970923,51.461969910571405,0,2026-08-25 06:31:47
2024-01-08 23:15:00,CNC-03,H,299.5528236940752,312.1586498843254,2716.5158018017996,17.26067716242017,140.96009950497705,3.405807925287092,8.790124640853742,,0,2026-08-25 06:31:47
2024-01-08 04:20:00,CNC-02,M,296.7911412889408,309.7966667459598,2351.9385565320304,22.610318203084326,87.55846350633936,2.891454731382517,9.809870405427237,58.10378154406541,0,2026-08-25 06:31:47
2024-01-08 00:20:00,CNC-01,L,298.863750516347,310.6011365522292,2779.70538364017,14.391209828607956,52.35161288769902,3.282883483969922,7.721605755820634,57.89841233406532,0,2026-08-25 06:31:47
2024-01-08 06:40:07,CNC-03,H,23.243213301212734,38.427375121515865,1839.705134686715,41.36309102320787,229.6280842077016,31.294921470812245,14.160353352638397,57.62567534885237,0,2026-08-25 06:31:47
2024-01-08 01:25:00,CNC-03,H,298.0578091966216,311.2326901989294,2662.4419608270987,20.985423464820602,99.33575182002146,3.3373034379521127,10.42339398814855,56.14751373278031,0,2026-08-25 06:31:47
2024-01-08 22:59:00,CNC-03,H,299.8977379558101,311.77023479028844,2564.246509173015,15.175096533581177,123.80601165317304,3.2393209318566667,7.2720429328872225,50.01283325509715,0,2026-08-25 06:31:47
2024-01-08 13:15:00,CNC-03,H,296.96738316837815,311.5632918307285,1395.1045101650247,55.05962251776055,122.24619046978789,2.232960424314033,14.225800895926834,60.537637897066,0,2026-08-25 06:31:47
2024-01-08 05:43:00,CNC-02,M,296.15165586465764,311.0266263884282,2058.489153267447,35.874677592530624,192.5174038759896,3.224777444074009,13.818388922267896,55.2174676323484,0,2026-08-25 06:31:47
2024-01-08 05:59:22,CNC-01,L,297.67476350421873,311.1207330567178,2042.1958663046416,30.415896096007042,51.02440808468227,2.535131396380727,11.697181327285413,56.6029770230931,0,2026-08-25 06:31:47
2024-01-08 14:38:00,CNC-01,L,299.30348523839075,314.1714392827763,1715.7621474237633,44.67951051017854,171.11830976384417,2.829634133846368,14.412209501511333,54.26221797137471,0,2026-08-25 06:31:47
2024-01-08 12:54:00,CNC-03,H,297.15302326388905,311.2530851638172,1419.8732968124707,50.84213640387165,88.986076104795,2.183929763990747,13.417396886705978,58.32537177345911,0,2026-08-25 06:31:47
2024-01-08 02:04:00,CNC-03,H,298.06377424102055,311.43266456217594,2610.9433229850197,21.84138200924836,142.04912477562362,3.3466419311964075,10.628068342846857,59.01291205476511,0,2026-08-25 06:31:47
2024-01-08 21:59:00,CNC-02,M,26.470625309220566,38.44677304704351,2679.9262236761924,15.81399051355165,32.29609867296635,3.256557590097776,7.914922014236389,51.27659831806018,0,2026-08-25 06:31:47
2024-01-08 21:54:00,CNC-01,L,27.994952119938148,40.42999306314755,2618.5095002945163,18.40005666484732,99.87867062733882,3.1599582076964117,9.043873858059769,50.00490129340616,0,2026-08-25 06:31:47
2024-01-08 12:25:00,CNC-02,M,296.6037409460175,311.1788387464501,1354.3557152097987,53.05121319815394,133.4324190591729,2.0744326992238293,13.272447134108457,57.76479620572803,0,2026-08-25 06:31:47
2024-01-08 13:16:00,CNC-01,L,298.96341513683205,312.60216134654036,1370.3805613452967,48.0205408302739,42.88592410540598,1.9280906781842029,,51.262525515658275,0,2026-08-25 06:31:47
2024-01-08 02:20:00,CNC-03,H,297.79777493501234,310.6783328703619,2568.8759742721345,19.232159753973743,159.53813015587724,3.3227998649020702,9.119336885157894,50.58020263554491,0,2026-08-25 06:31:47
2024-01-08 07:58:00,CNC-02,M,295.82546498625777,310.93591711230573,1657.3583219579932,47.33427539981171,145.77358483171324,2.581777764986174,14.503304824056023,55.90799387864803,0,2026-08-25 06:31:47
2024-01-08 21:42:00,CNC-03,H,300.19915657238056,312.4519650073866,2554.802664841924,19.42318622666167,39.98442461262473,30.989898252267007,9.323183393415414,53.80789806458292,0,2026-08-25 06:31:47
2024-01-08 12:36:00,CNC-01,L,298.456083977094,313.19566551204923,1489.5101373390337,48.846787821278966,182.62997794255307,,13.642415611606742,53.682180749080935,0,2026-08-25 06:31:47
2024-01-08 07:47:00,CNC-03,H,295.7939076377905,309.8282054169712,1581.2959835315344,45.42508062793029,69.77289261590481,2.2069618533760464,13.424401502230188,59.453291244343724,0,2026-08-25 06:31:47
2024-01-08 21:09:00,CNC-02,M,299.6927636972478,313.2889370611022,2458.076698746701,21.42085309204297,,3.783951713798044,9.724455705062823,50.67713874585049,0,2026-08-25 06:31:47
2024-01-08 05:07:00,CNC-03,H,301.89641585537237,309.6525455574123,2126.2697750448333,30.74940734655269,106.5817663312379,2.7554537106183807,12.303869930480431,51.78266787782023,0,2026-08-25 06:31:47
2024-01-08 10:49:00,CNC-02,M,296.2449090307467,311.12328668075185,1416.17880059216,50.348095208407834,203.18601149327029,2.6944812114033216,13.458472465462586,61.02207921138586,0,2026-08-25 06:31:47
2024-01-08 17:25:00,CNC-02,M,299.0309936536633,313.45270132261976,1945.657771066846,36.382381420649544,147.44208046315168,2.7857009861731896,13.055920586299775,55.18094176622291,0,2026-08-25 06:31:47
2024-01-08 09:39:00,CNC-01,L,297.729501710346,312.2789032974872,1479.4490738156144,50.80075993515497,133.54848639699813,2.3235520356161614,14.223214141037754,56.455715873938296,0,2026-08-25 06:31:47
2024-01-08 18:23:00,CNC-01,L,301.0587392089153,314.81061929214934,2056.2244726310637,31.274843078220115,66.44053524317226,2.736866919609884,11.590166276167677,50.797854887774406,0,2026-08-25 06:31:47
2024-01-08 04:52:00,CNC-02,M,296.54395757175337,311.32322699392597,2121.8559347651562,35.395302326948176,127.06097043933002,2.953530995903202,14.05238277081406,57.67420268851228,0,2026-08-25 06:31:47
2024-01-08 02:27:00,CNC-03,H,297.9402264099727,311.33857613511805,2638.23667861263,21.490236139604836,167.30187046424075,3.463249147456177,10.549390437061643,54.737383535869775,0,2026-08-25 06:31:47
2024-01-08 01:43:00,CNC-03,H,297.9545601742345,310.1651318159338,2658.021899457723,17.018902743003775,118.82664092908439,3.2541437988926947,8.527592168788011,53.91918189608267,0,2026-08-25 06:31:47
2024-01-08 20:36:00,CNC-03,H,299.91999187010697,314.70405027992246,2557.771067511062,27.233581154081108,240.3599961173131,4.027738273168267,13.052725720261138,1227.1621654520898,0,2026-08-25 06:31:47
2024-01-08 01:38:00,CNC-02,M,298.5001919302416,311.7207886247971,2651.930041351483,21.519990612817963,117.63500130692591,3.380482465209684,10.81264231347276,51.65028530028502,0,2026-08-25 06:31:47
2024-01-08 07:26:00,CNC-01,L,297.38710450006107,311.86537410407567,1708.5052486528732,42.16059731416874,171.25573377086278,2.886209807512193,13.75445808307026,57.892928849368246,0,2026-08-25 06:31:47
2024-01-08 10:34:00,CNC-03,H,296.2443117652387,310.1400531889785,1367.2194162610836,48.37073988146468,101.29980069273476,2.036782641389429,12.260076612372847,57.680920288232876,0,2026-08-25 06:31:47
2024-01-08 00:16:00,CNC-03,H,299.1851849953571,310.6132491898827,2662.094027618232,14.213342620941335,25.170367549021748,3.199178449955348,7.154078924992828,52.584351073953094,0,2026-08-25 06:31:47
2024-01-08 17:57:00,CNC-01,L,300.591157440935,314.11474991247275,2093.5827744154553,31.27120243589723,32.217959421103565,2.7202686689434468,12.414567576327759,54.43420506545188,0,2026-08-25 06:31:47
2024-01-08 18:14:00,CNC-02,M,299.4769764376598,313.17536890191553,2052.0723760625942,31.64632039578153,1.3389738350751472,2.6885881625061243,12.163399501141297,50.107742882749314,0,2026-08-25 06:31:47
2024-01-08 22:11:00,CNC-03,H,26.813210472333765,38.264437708071,2751.630979457749,12.154103877022642,,3.4368234771471404,6.199205012688829,49.663031237213524,0,2026-08-25 06:31:47
2024-01-08 10:31:00,CNC-03,H,296.44669791315476,310.09059911571285,1374.0200902143513,48.292481050133226,96.6504022413772,2.129266981347472,12.099911992354825,56.08732595605732,0,2026-08-25 06:31:47
2024-01-08 01:57:00,CNC-02,M,298.14621813041674,310.540964589118,2556.3082788869356,17.745585651198148,138.42972757927564,3.276902021212915,8.491212357165422,54.337240883582666,0,2026-08-25 06:31:47
2024-01-08 15:06:00,CNC-01,L,299.4666821240087,314.36142984397867,1703.43874628791,44.156323366479775,213.382548131879,32.86352043373177,13.801380384284014,56.48701321296763,0,2026-08-25 06:31:47
2024-01-08 05:19:00,CNC-01,L,297.9117057791892,312.13966141858003,2260.2550816441194,28.850077441631075,204.1246486164939,3.6508733186164584,12.132321632092337,54.21378241340897,0,2026-08-25 06:31:47
2024-01-08 17:53:00,CNC-03,H,299.2144495305951,312.4317454032838,1990.4506708794588,32.39579571496116,37.800325142224054,2.62986253829642,11.90322121237748,51.509406957327606,0,2026-08-25 06:31:47
2024-01-08 06:33:00,CNC-02,M,22.83387622710535,36.163640979105196,1845.8723814988666,32.76031945567267,25.67860381051058,2.4305281327780306,11.31977591101666,58.61777405002373,0,2026-08-25 06:31:47
2024-01-08 19:05:00,CNC-03,H,299.5247247754481,313.34205408933735,2352.003695493105,28.112986551586452,130.87787079791585,2.9694587803825243,12.4980212198403,46.25495656971567,0,2026-08-25 06:31:47
2024-01-08 20:44:00,CNC-03,H,299.8061796536577,314.3240284760981,2222.2871214580623,30.645821653029735,249.9220725549596,3.8135628122856593,448.7186579892623,54.416458804640904,0,2026-08-25 06:31:47
2024-01-08 05:35:00,CNC-01,L,297.43863829112007,311.22218567132273,2069.4498734186964,32.55384035164005,19.311910157885624,2.6010410104157935,12.65524391567264,53.30062230523904,0,2026-08-25 06:31:47
2024-01-08 22:43:00,CNC-02,M,26.14510189878723,37.966895726710334,2667.2409552874824,0.0,80.00560990961328,3.204909946785339,7.2131589143289965,53.53290879777709,0,2026-08-25 06:31:47
2024-01-08 01:18:00,CNC-02,M,298.71590645966927,310.8031941514339,2711.854376364773,15.72020454409917,95.83918220144278,3.3263647114295387,7.706864056574248,54.73157223097745,0,2026-08-25 06:31:47
2024-01-08 07:04:00,CNC-02,M,22.658135371281958,36.97196473331968,1937.2348207106256,38.86880390169822,68.62245557128635,2.597793056799726,14.332417983264614,55.02639219124229,0,2026-08-25 06:31:47
2024-01-08 11:22:00,CNC-03,H,296.65231965851274,311.21459122396976,1399.793530705089,52.82366422456049,177.41529339360554,2.3786358063724133,13.876913504417587,61.30309154703103,0,2026-08-25 06:31:47
2024-01-08 17:08:00,CNC-02,M,298.89705903312046,313.31427984364194,1930.5393306661222,35.45984142036877,123.75051068268056,2.6775486775249986,12.9516690632466,51.797206519740335,0,2026-08-25 06:31:47
2024-01-08 19:53:00,CNC-02,M,299.61092666538354,313.449357102148,2279.562003213438,26.388425234033306,126.0478803694163,2.880869116089545,11.152003865670139,54.7586782571785,0,2026-08-25 06:31:47
2024-01-08 15:26:00,CNC-01,L,299.7832400720893,313.35339857417017,1653.811422288578,41.03022698177286,22.363322455388246,2.276006529402102,12.833525555418053,50.57603273958744,0,2026-08-25 06:31:47
2024-01-08 21:58:00,CNC-03,H,26.75220409635665,38.73089809961073,2605.189147342745,16.528435008950876,57.73038810708033,3.102841828695617,7.7506968116442705,49.19381004169455,0,2026-08-25 06:31:47
2024-01-08 13:09:00,CNC-01,L,298.6676164581049,312.50221779300404,1389.277618412956,52.15499792853039,31.70896217587245,2.058287889646007,13.624463308852985,53.72748319438321,0,2026-08-25 06:31:47
2024-01-08 00:47:00,CNC-02,M,298.7158739754686,310.9506828673748,2676.041494611229,17.59317607583041,62.82044330042368,31.41208050191539,8.888550910666492,51.863618209720705,0,2026-08-25 06:31:47
2024-01-08 04:17:00,CNC-03,H,296.51314112946466,309.1850602100259,2418.2129548948096,21.916467081815313,44.54363330175242,2.940914463111338,9.63974389077718,60.52317207611068,0,2026-08-25 06:31:47
2024-01-08 09:56:00,CNC-03,H,296.7280698590115,310.7372714951199,1435.8801622887077,49.61463278059893,42.09555928904094,2.012690498773556,13.425628885759416,57.78569460277171,0,2026-08-25 06:31:47
2024-01-08 08:48:00,CNC-03,H,296.08024605122887,310.42912258649807,1545.5086840991935,45.15504408671896,160.0708381084516,2.53421605483053,12.985993662677206,55.79157610709728,0,2026-08-25 06:31:47
2024-01-08 05:10:00,CNC-01,L,297.709819918579,311.8827759402324,2092.159390121035,31.519371127632034,192.7020978742053,33.85476715753127,12.483919862003845,56.239905065773094,0,2026-08-25 06:31:47
2024-01-08 19:58:00,CNC-02,M,300.11359079398716,314.4819286525039,2321.3531093423458,28.263210303085398,132.02782445963314,3.077821035464144,12.361505717807669,51.36692037140266,0,2026-08-25 06:31:47
2024-01-08 11:46:00,CNC-03,H,296.50821992521094,311.13868486105764,1381.6903214177612,51.393203865237666,215.48578273293742,2.7142578142262477,13.518366317648356,58.08384741355415,0,2026-08-25 06:31:47
2024-01-08 17:01:00,CNC-02,M,298.7762898548319,313.1617707001755,1792.7183172355635,39.97069844833448,114.0693149799436,2.565128209436952,13.396980350691202,50.72961503490442,0,2026-08-25 06:31:47
2024-01-08 06:53:00,CNC-03,H,23.082571000249345,38.47888029718359,1923.9129933316299,40.567393900598866,247.78557509208153,3.551299747980306,14.3816588426866,57.31974952662545,0,2026-08-25 06:31:47
2024-01-08 07:16:00,CNC-03,H,295.7108881685172,309.8166253530299,1807.0852965913707,40.96732208402562,25.386749643966926,2.500272371162578,13.678919397517802,56.7543794793867,0,2026-08-25 06:31:47
2024-01-08 00:35:00,CNC-01,L,298.43582676841766,310.8716856320782,2765.5460351962915,18.325055784027388,68.30679686322935,3.32441561127703,9.43008914115998,55.22955233071072,0,2026-08-25 06:31:47
2024-01-08 08:50:00,CNC-02,M,296.3892080735343,310.8316813493227,1748.4274891020655,44.19630429686206,18.050483123021458,2.4467011388847006,14.638763400057655,59.15704170925489,0,2026-08-25 06:31:47
2024-01-08 20:55:35,CNC-03,H,299.9294249407455,314.20635978135533,,22.385143128246973,262.4627218881123,42.814028665811584,11.250665547764768,50.21582209602968,0,2026-08-25 06:31:47
2024-01-08 10:43:00,CNC-02,M,295.9743582504491,310.5126622646192,1340.4320705621042,52.17765033038893,193.67953635268697,2.565218101280599,13.09224743305807,60.79213307241145,0,2026-08-25 06:31:47
2024-01-08 06:48:00,CNC-02,M,22.875534942995046,37.392262134804184,2019.5231542818085,37.09362920714407,46.305634830723996,2.6132745160763826,14.039341621152882,59.82314605403985,0,2026-08-25 06:31:47
2024-01-08 20:30:00,CNC-02,M,299.5868567381812,314.0960617913066,2491.5771757619827,25.968191778851335,169.5096526136406,3.4423284391028006,12.083978396807893,52.18099641512082,0,2026-08-25 06:31:47
2024-01-08 02:18:00,CNC-01,L,298.06050794996304,311.39618393665637,2544.516631346764,21.331224546535257,,3.5422508058179343,10.080261491809843,55.123576391798295,0,2026-08-25 06:31:47
2024-01-08 00:18:00,CNC-01,L,298.6441303645808,310.3381078622554,2747.5159697155236,14.886418560778527,50.27094056327869,3.3638331370431587,7.648760175300157,54.017700712205816,0,2026-08-25 06:31:47
2024-01-08 04:34:00,CNC-03,H,296.6767966593059,310.19973433178245,2444.4796700361267,25.36980145093447,65.29810858931761,3.0725580381684185,11.702002872327474,59.648187801309625,0,2026-08-25 06:31:47
2024-01-08 22:58:00,CNC-02,M,26.18780817444417,38.797485571891855,2828.4318664489897,15.820674291612589,96.07034986050652,3.4264987806126275,8.456287902497094,57.21379129901286,0,2026-08-25 06:31:47
2024-01-08 01:33:00,CNC-02,M,298.5391848156243,310.6896453526929,2640.392957084763,16.32221726836471,112.17918596609145,1035.0944247625985,8.04851313547852,54.85381857829904,0,2026-08-25 06:31:47
2024-01-08 07:41:11,CNC-01,L,297.4206649495698,312.4165969110717,1645.457014163484,47.15361536324863,191.52747366819162,2.9630659138854516,14.709994895255637,56.84524835520034,0,2026-08-25 06:31:47
2024-01-08 19:33:00,CNC-01,L,301.10342110825997,315.124046595294,2174.576232721582,31.972790167021728,155.08147012666365,3.2022305928994523,13.059537298681503,49.94192291196081,0,2026-08-25 06:31:47
2024-01-08 06:58:00,CNC-03,H,22.920694418402945,35.824837825176985,1892.5394189836386,30.412999682407126,0.0,2.445011426925688,10.627823794436502,60.38984255304507,0,2026-08-25 06:31:47
2024-01-08 18:08:00,CNC-03,H,299.11044962936313,312.6570885075494,2087.551534578549,30.487723293050927,57.79563887938945,2.67861481868125,11.92333221086559,54.83049277627747,0,2026-08-25 06:31:47
2024-01-08 13:20:00,CNC-01,L,298.6960695858364,312.60260629620984,1348.800839502854,52.423046206934764,49.26899586568338,1.9836908906533401,13.46760046116928,55.18629709424399,0,2026-08-25 06:31:47
2024-01-08 19:07:00,CNC-03,H,299.73395084117385,313.01332657016053,2237.9687016403605,26.624821170765593,133.32709168774593,3.045011802416474,11.1341038469592,54.96791839275948,0,2026-08-25 06:31:47
2024-01-08 05:42:00,CNC-01,L,297.5266699845462,310.83637010222225,2232.709107398656,29.002888595328265,28.50566563775096,2.7622661314265122,12.272003901678053,56.0340602711835,0,2026-08-25 06:31:47
2024-01-08 11:05:00,CNC-03,H,296.553618285664,310.80454297122725,1351.8756436487026,52.297930801762334,150.40355857421142,2.1845209252579334,13.037379018461474,58.39993078353212,0,2026-08-25 06:31:47
2024-01-08 18:46:00,CNC-03,H,299.73720418945385,313.3965102251259,2326.370714517983,27.2078405829694,106.67340176480417,2.926393132093995,11.728916145825204,52.20395640277162,0,2026-08-25 06:31:47
2024-01-08 20:32:00,CNC-02,M,299.8743799611256,314.0144867709226,2367.2401454112787,26.24585470822611,171.89331746373645,3.2813483362811624,11.54411597150051,52.109545557524214,0,2026-08-25 06:31:47
2024-01-08 21:30:00,CNC-03,H,300.03280317914545,311.8683686782973,2578.8954057490946,16.929909169040016,26.703674226458123,3.1740801033210633,8.167541804170908,49.37274867461086,0,2026-08-25 06:31:47
2024-01-08 04:01:00,CNC-02,M,296.78256555640303,310.3687126889151,2349.8512340857724,26.338124006021456,64.59377991624537,2.988555308120062,11.658756512740487,52.16581390969829,0,2026-08-25 06:31:47
2024-01-08 21:54:00,CNC-03,H,26.519792154091135,39.51619529298233,2599.644380448032,22.32939864858987,53.29437009543746,3.1108179397141242,11.043720385081084,56.35949333119353,0,2026-08-25 06:31:47
2024-01-08 23:27:00,CNC-03,H,299.40414423845175,311.86160474374,2753.8671614631457,16.563651636278422,153.70783362322948,3.469994854673845,8.351278378923078,51.118205554479026,0,2026-08-25 06:31:47
2024-01-08 04:06:00,CNC-02,M,296.4705177407336,309.24899317778346,2361.7888347723783,23.8224351054819,70.64440343371504,2.9120461581354373,10.582351893988998,57.604437937593076,0,2026-08-25 06:31:47
2024-01-08 23:12:00,CNC-01,L,300.74556003338694,313.79798089959587,2647.4397252599597,18.786839871950537,183.947677321431,3.8567060366316843,9.378341594674888,49.71190746541877,0,2026-08-25 06:31:47
2024-01-08 15:20:00,CNC-01,L,299.712435054878,313.62723320497844,1623.1943412021838,47.18386970405681,13.43704689345342,2.310094697861961,14.669288746937257,53.55812682439612,0,2026-08-25 06:31:47
2024-01-08 11:24:00,CNC-03,H,296.42803063433746,311.03674445596954,1338.1085678382487,54.33968200857362,180.54161562757034,2.4336892205715825,13.805473470643108,55.272909395560546,0,2026-08-25 06:31:47
2024-01-08 08:04:00,CNC-02,M,295.6852508979837,310.5289140050339,1823.7792088977367,41.89726983629314,154.54494152147424,2.703380373424579,14.2301509487106,55.37429335434468,0,2026-08-25 06:31:47
2024-01-08 22:55:00,CNC-01,L,27.887967273078914,40.86028384095442,2748.99561659139,18.339484388171385,165.67495541826815,3.7650440546242376,9.23658988827665,53.42044794470797,0,2026-08-25 06:31:47
2024-01-08 02:20:00,CNC-01,L,298.09713412508097,311.8152586565743,2536.642925398173,24.68983680302359,181.76987615623918,3.710693660080002,11.652176355650381,56.123043796447575,0,2026-08-25 06:31:47
2024-01-08 04:38:00,CNC-02,M,296.55071852435145,310.630485775186,2310.688226648445,29.04007062989233,109.58413997651736,2.9701394152597027,12.342973949412423,56.24584283010841,0,2026-08-25 06:31:47
2024-01-08 04:34:00,CNC-02,M,296.5741903942155,309.612448141589,2372.463254216325,22.956811821064285,104.75625637362788,2.9787249832655256,10.058044864265643,56.02141792796147,0,2026-08-25 06:31:47
2024-01-08 15:13:00,CNC-01,L,299.5949415373735,313.3855068329262,1641.9024975009725,42.783415306738306,2.989070984105755,2.3255484526895542,13.08988137015486,52.51753107323847,0,2026-08-25 06:31:47
2024-01-08 22:48:00,CNC-01,L,27.879917439518806,41.60033480077749,2713.6461728817844,21.586798822184054,158.20896761034575,3.524001196445668,10.900540824624462,47.67015959524506,0,2026-08-25 06:31:47
2024-01-08 08:45:00,CNC-01,L,297.5175762891213,311.9192933389917,1617.4083054822877,45.54747931043893,50.76926219591184,2.299310211566698,14.006617853977763,56.283673873143805,0,2026-08-25 06:31:47
2024-01-08 00:34:00,CNC-03,H,298.987232273846,310.7824267954652,2757.0980479700406,14.767936178546098,44.47457495645919,3.3701467039032917,7.497350184796606,55.9725335338198,0,2026-08-25 06:31:47
2024-01-08 14:55:00,CNC-03,H,297.6304387734857,311.4082864062708,1481.8261274815957,47.71796832693349,44.863949351124184,2.2671793855270685,13.143036088149769,54.70100400340693,0,2026-08-25 06:31:47
2024-01-08 16:22:00,CNC-03,H,298.6334025297612,313.2435605476884,1641.5658066277956,44.15138741663457,174.02421968465458,2.6384209794965985,13.602336270818382,51.54790937435419,0,2026-08-25 06:31:47
2024-01-08 12:51:00,CNC-02,M,297.2198805124587,311.9860071228497,1369.1647698161437,53.567577180424436,174.56395100405345,2.42891221039165,13.615427974179171,54.48686859733815,0,2026-08-25 06:31:47
2024-01-08 21:37:00,CNC-02,M,299.8051777798825,312.4617544938654,2491.6311772582394,20.369620288665686,7.948485665658714,3.140838040530919,,51.40949990037174,0,2026-08-25 06:31:47
2024-01-08 03:10:00,CNC-01,L,297.9557793196843,310.87691028460716,2377.175282909408,22.634253379020432,47.72177711579294,2.9081478889056935,10.053176700310988,52.378894898823276,0,2026-08-25 06:31:47
2024-01-08 16:27:00,CNC-03,H,298.5344336216907,313.68074738572074,1743.4711203772194,45.822999275044126,181.22433444815195,2.7244709827267592,15.20380150853451,57.48327141593334,0,2026-08-25 06:31:47
2024-01-08 13:45:00,CNC-02,M,297.3146841586619,311.44880411715786,1529.9450265115433,46.171024007204196,34.65640856523735,2.2718440929361865,13.185612971418344,57.12984426764527,0,2026-08-25 06:31:47
2024-01-08 06:14:00,CNC-02,M,22.969967599058464,36.25484412709437,1972.0579397584404,32.72177948193828,0.0,2.5367015610488712,12.008481282881279,55.77710378434379,0,2026-08-25 06:31:47
2024-01-08 06:34:23,CNC-03,H,22.997197718223163,37.548178106490525,1910.0751678937293,37.58879385369082,221.32730689453996,32.06572407374303,13.334310022386719,58.02239352181443,0,2026-08-25 06:31:47
2024-01-08 22:45:00,CNC-02,M,26.107704107537586,39.21015359731393,2587.223258839209,19.41450646413879,82.1785010241833,3.115625338864646,9.434725614494411,50.36678654007478,0,2026-08-25 06:31:47
2024-01-08 05:52:00,CNC-02,M,296.30347147972725,310.90797006953926,2090.7108367891688,31.814537712624226,204.41165694394434,3.357890489599686,12.312914486865841,,0,2026-08-25 06:31:47
2024-01-08 08:47:00,CNC-01,L,297.7720316922975,311.7799916161683,1625.1065108686014,43.3573041489827,53.7884611636501,2.3078901947152755,13.39602855074328,58.038272834930595,0,2026-08-25 06:31:47
2024-01-08 08:53:00,CNC-03,H,296.3396392942715,310.7660222593936,1396.5654105790804,52.076139163774265,167.65710339862946,2.284111394418215,13.731965236875045,55.59101152981109,0,2026-08-25 06:31:47
2024-01-08 12:41:00,CNC-01,L,298.28950116852866,313.4638700940653,1424.1883174394095,55.09906811688136,190.62948636957347,2.770979738128849,14.786596639128588,55.58298064686281,0,2026-08-25 06:31:47
2024-01-08 23:51:00,CNC-02,M,298.7495173084535,311.0509363119433,2712.6077267283495,12.660358698177834,152.5118936033159,3.5177267566981807,6.2451477991497875,51.31764278366891,0,2026-08-25 06:31:47
2024-01-08 04:33:00,CNC-01,L,297.598841030442,311.2642395321636,2263.3246044724788,,146.3116951424834,3.2396900811166214,11.68704893936724,56.967448336426266,0,2026-08-25 06:31:47
2024-01-08 20:43:00,CNC-03,H,300.0459216009321,313.9348591012471,2370.0411630747526,24.842440959112718,248.68963770506394,3.8794188427404728,10.733632382513846,53.10191816186283,0,2026-08-25 06:31:47
2024-01-08 09:01:00,CNC-01,L,297.68569821176715,311.851203503089,1594.952372472099,44.108895212439556,74.92625005161082,2.2746604386144984,13.089702519147131,61.12025527535733,0,2026-08-25 06:31:47
2024-01-08 07:26:00,CNC-02,M,295.7835483459607,310.45271664473785,1714.507842993685,43.785463322020384,99.77892795085592,2.5537090820997737,14.207094302285508,60.033872407900965,0,2026-08-25 06:31:47
2024-01-08 23:32:00,CNC-03,H,299.41827310553197,311.65237208018044,2662.215991432054,15.447666016134495,159.042489133907,3.496187807082099,7.620653210995217,51.22431093199456,0,2026-08-25 06:31:47
2024-01-08 23:50:00,CNC-01,L,300.3903645370696,311.77959984946665,2780.4324763361087,13.46434043323798,7.42550752645192,3.2313273783262173,6.814641147464426,50.436188298743325,0,2026-08-25 06:31:47
2024-01-08 00:39:00,CNC-01,L,298.67682345242025,310.5886575930302,2691.1574900437813,15.942159488629319,72.6004253973127,3.3052697469740373,8.27911117901439,58.04889229466042,0,2026-08-25 06:31:47
2024-01-08 07:42:00,CNC-02,M,295.8702356723673,310.1016859785763,1719.3219992880731,39.392987183462566,122.60193832163027,2.4593918660888345,12.789749407377355,56.79563431489871,0,2026-08-25 06:31:47
2024-01-08 06:52:00,CNC-01,L,24.314931903783815,38.652619085291576,1800.338748751822,39.12477555077415,123.4509831045078,2.622619388674009,13.067528647692608,55.39278105937639,0,2026-08-25 06:31:47
2024-01-08 10:16:00,CNC-01,L,297.7926559990415,313.0187215579534,1521.783007379612,53.32014508201048,191.07645225811194,28.26482360617232,14.910501944612445,,0,2026-08-25 06:31:47
2024-01-08 00:29:00,CNC-01,L,298.6955771133425,310.03326456495756,2814.857184191321,12.550374145359877,61.91929621285736,3.3425421279126164,6.636562983267169,51.304935299107164,0,2026-08-25 06:31:47
2024-01-08 12:09:00,CNC-01,L,298.65010776379717,313.23631500098975,1410.717747984554,54.70372150009488,139.81830451594945,2.1620481084039547,14.534822756582031,53.145464739091665,0,2026-08-25 06:31:47
2024-01-08 11:46:00,CNC-01,L,297.901709958245,312.2387838289257,1354.2496358765034,55.32569608536134,103.32558251059012,2.1762020454008835,13.798534128105038,53.41356676970783,0,2026-08-25 06:31:47
2024-01-08 03:02:00,CNC-03,H,297.5433063934694,312.13368481050674,2440.5372556529096,27.182515166035284,206.60624962903645,3.5544847328021563,12.580546196573607,55.25090903211523,0,2026-08-25 06:31:47
2024-01-08 05:13:00,CNC-02,M,296.4085029382367,310.49734775930057,2262.771140503829,27.711402939495905,153.72873539678974,3.2453347002402544,11.390812230187384,62.07489010219382,0,2026-08-25 06:31:47
2024-01-08 00:27:00,CNC-03,H,298.8717963971668,311.2787025115532,2621.567351940939,19.527235775217353,,3.189137892294185,9.522967960643403,53.92051760493888,0,2026-08-25 06:31:47
2024-01-08 11:40:00,CNC-01,L,298.34195622269334,312.9114866338991,1359.1908109061806,,93.74653485646779,2.000252842284999,13.752120638941305,56.980285111119024,0,2026-08-25 06:31:47
2024-01-08 23:49:00,CNC-01,L,300.1878485596201,312.7859000784785,2648.830937479403,19.763798954093645,6.385751300759246,3.2865063601592714,10.04941219981775,51.40220304549313,0,2026-08-25 06:31:47
2024-01-08 06:48:00,CNC-03,H,23.215921054182218,39.29582263974498,1997.54102612217,43.42603099731002,240.82750510748383,3.5136372847776896,16.20786272244945,59.300682061458104,1,2026-08-25 06:31:47
2024-01-08 21:03:00,CNC-01,L,300.96370799676987,313.9370963556826,2271.6141668498008,26.04496117997007,42.91230564002203,2.7947788277125256,10.847736670303256,47.47534579770805,0,2026-08-25 06:31:47
2024-01-08 14:09:00,CNC-01,L,299.22030786037675,313.38012021808674,1412.7759882628065,48.679483744019585,126.37268846395418,2.3388017141390134,12.677228871187165,50.6524745159574,0,2026-08-25 06:31:47
2024-01-08 08:44:00,CNC-02,M,295.9382883066752,310.32663249761544,1615.8744784941068,46.509149476827375,8.869028231756568,21.267069023709148,14.071750025055659,54.85372976345905,0,2026-08-25 06:31:47
2024-01-08 11:53:00,CNC-01,L,298.0115340360294,312.36355523243014,1307.9399950335326,54.520271015307664,114.42106601737241,2.1608769559489542,13.47713293113271,55.805870604692046,0,2026-08-25 06:31:47
2024-01-08 01:17:00,CNC-01,L,298.40853159134224,310.23819938359355,2667.4450878264392,14.202573504970172,112.80396037736519,3.3470471649585964,7.198347895128275,59.25419299927793,0,2026-08-25 06:31:47
2024-01-08 06:36:00,CNC-01,L,24.170269162487273,38.630785455519174,1935.2347795190926,38.35865705377824,101.1694061482419,2.6157920040872424,13.72282260066329,55.032673100780656,0,2026-08-25 06:31:47
2024-01-08 10:29:00,CNC-02,M,296.3504290065796,311.1522253337142,1443.7823804428535,50.32679922014795,171.57788097467477,2.3898469439462398,13.5744875016228,57.95688527111994,0,2026-08-25 06:31:47
2024-01-08 11:19:00,CNC-02,M,296.41335570275515,310.155211627011,1335.9071480088346,49.8486419138285,28.672931135433778,2.009060816735269,12.458073661838014,59.09622226594677,0,2026-08-25 06:31:47
2024-01-08 06:03:00,CNC-02,M,22.84353691188238,37.43231162121515,2071.7581578680274,34.56956886079344,219.18837011089752,3.4512370117150892,13.088879493590811,59.347259784057805,0,2026-08-25 06:31:47
2024-01-08 10:46:00,CNC-01,L,297.8920415258229,311.78427822806884,1384.7130303004612,49.89543362578933,7.8605855201422985,1.974120537875198,12.66470170412123,58.82107430652746,0,2026-08-25 06:31:47
2024-01-08 00:59:00,CNC-02,M,298.8444988467593,,2673.2471224068195,21.36083949527852,75.60448710469296,3.207889458738899,10.72097517877491,50.073512569826434,0,2026-08-25 06:31:47
2024-01-08 12:06:00,CNC-01,L,298.5139722350841,312.49935821814563,1270.801729456474,51.35013218631146,135.01830451594947,2.174021925867841,12.09261704027492,52.26003338795103,0,2026-08-25 06:31:47
2024-01-08 21:22:00,CNC-01,L,301.22000195348267,313.99287808862846,2453.965248799333,22.373980186180184,64.09703424635303,3.011119663924188,10.340809560046887,52.28347525971,0,2026-08-25 06:31:47
2024-01-08 12:51:00,CNC-01,L,298.7493325985497,312.45668991913686,1422.7549318660413,48.60110071893967,3.0873931360005678,2.0163790503945096,13.087848811493176,57.71657318139249,0,2026-08-25 06:31:47
2024-01-08 17:36:00,CNC-01,L,300.7574566266059,313.8700024725764,1944.2778944860383,31.538030173040305,4.030563006861206,2.623844181457184,11.722586107975696,49.53485551003724,0,2026-08-25 06:31:47
2024-01-08 20:39:00,CNC-03,H,299.9033122597992,314.11440540872394,2391.813032642893,25.980684152026882,243.97312976835113,3.915955671195195,11.637033491431104,50.745620926172265,0,2026-08-25 06:31:47
2024-01-08 07:33:00,CNC-03,H,295.89177530904476,309.77564494450905,1831.9347085188613,36.5637355934776,49.64492733084057,2.481097015733215,12.42008318442999,52.74962926356176,0,2026-08-25 06:31:47
2024-01-08 03:11:00,CNC-03,H,297.17511149065973,311.01434673942765,2409.878072695499,25.192945098786318,217.08839264634278,3.6487787498707975,11.44568129539621,57.474916467974076,0,2026-08-25 06:31:47
2024-01-08 01:59:00,CNC-02,M,298.0125506180942,311.0822323719195,2641.601071613761,20.699249395707426,140.5929744308342,3.420271274613999,10.229533683796166,52.52437089733681,0,2026-08-25 06:31:47
2024-01-08 21:01:00,CNC-02,M,299.73719134053914,313.36794874072024,2569.927308398805,20.819413340347666,205.16453182455797,37.14716850486694,10.122485201523865,52.61263816488663,0,2026-08-25 06:31:47
2024-01-08 10:16:00,CNC-02,M,296.2019962343824,310.2972242875322,1316.8720665356634,50.852937013753966,151.03834718057217,2.2803286717397238,12.680534810191084,60.94723508325314,0,2026-08-25 06:31:47
2024-01-08 12:39:00,CNC-01,L,298.3150218240381,312.9696368976985,1390.454791307562,52.85713504926676,187.42997794255305,2.8243385825943172,13.812083103904717,51.810338235795435,0,2026-08-25 06:31:47
2024-01-08 02:25:00,CNC-03,H,297.8836447100246,310.86715678272986,2648.4132692554163,19.24287101244678,165.10966507950596,3.493105746581368,9.357702808538201,54.01041031378969,0,2026-08-25 06:31:47
2024-01-08 05:01:00,CNC-01,L,297.8829220819513,311.5540356232471,2262.1643501770977,27.21769443728716,181.32544446113263,3.354651922644799,11.63109178856643,55.353522375746174,0,2026-08-25 06:31:47
2024-01-08 07:59:00,CNC-01,L,297.59469518892945,312.89495375843757,1753.6553687873006,46.576062297366384,219.02294591268532,32.91104587001168,15.267345872386024,58.26461307853367,0,2026-08-25 06:31:47
2024-01-08 18:30:00,CNC-02,M,299.67948830055866,313.2778418408464,2144.9896029869583,29.423493547225718,22.244409693277657,2.7269688023447842,11.975543485969055,53.3454752239204,0,2026-08-25 06:31:47
2024-01-08 02:51:00,CNC-02,M,297.57335946177466,311.65137856291426,2288.2502101194523,26.967150699870523,199.01379588880434,3.46479064248332,11.37152109762943,52.59601125549248,0,2026-08-25 06:31:47
2024-01-08 20:06:00,CNC-01,L,301.67697440332506,315.3337853357827,2417.551024514488,23.916770124146964,195.2145072491051,3.701780185077459,11.032877031322768,50.62278661107879,0,2026-08-25 06:31:47
2024-01-08 03:16:00,CNC-01,L,297.76227723710156,310.5149436904787,2536.295064628519,20.81471746977254,54.656062270444956,3.17976313380328,9.752515442480226,53.92444982988453,0,2026-08-25 06:31:47
2024-01-08 11:41:00,CNC-02,M,296.51636566471467,311.31868494220055,1436.7286278216898,52.50190665821693,63.52162728894609,2.160356390458331,14.345443720180288,57.028769410117,0,2026-08-25 06:31:47
2024-01-08 04:43:00,CNC-01,L,297.5201066100014,311.5692522931043,2285.77538375089,28.67766715664949,158.62770759674996,3.2342358624332133,12.278447619749498,51.03292522643185,0,2026-08-25 06:31:47
2024-01-08 07:24:00,CNC-03,H,296.0625524801646,309.80258321106623,1767.6729550863452,39.92540117773543,36.77006504223484,2.4205897422460447,13.323933330156668,57.92337813513512,0,2026-08-25 06:31:47
2024-01-08 23:21:00,CNC-02,M,299.11657628180586,311.1669851224388,2652.140850663556,14.558626886916326,120.61587677968843,3.245991109638131,7.415684570326325,54.14464357488456,0,2026-08-25 06:31:47
2024-01-08 20:56:00,CNC-02,M,299.7794493305251,314.1498030944673,2465.684357228794,25.62185008568577,199.4402468064054,3.564925108206552,11.871000628989991,50.31580909545286,0,2026-08-25 06:31:47
2024-01-08 16:32:00,CNC-02,M,298.5147515326347,312.43450155618746,1754.2099022353302,36.69858354729743,72.81030058934459,2.4676137915515888,12.057029421584739,57.50036401345234,0,2026-08-25 06:31:47
2024-01-08 22:54:00,CNC-02,M,26.218562852780906,38.64556015617973,2634.728524374489,16.732005257127682,91.81342931980001,3.2723084180572863,8.367092105111068,54.15577218967218,0,2026-08-25 06:31:47
2024-01-08 18:35:00,CNC-01,L,306.51153540325896,314.5273597501469,2091.4948876319577,32.60591107878949,81.92581961163998,2.827691443756115,12.90664785080278,42.05512663620237,0,2026-08-25 06:31:47
2024-01-08 10:40:00,CNC-01,L,297.83258688363964,312.7380898109424,1480.9972802690863,49.15927691043455,228.99042776018567,3.2425966107699224,13.506537288333503,55.084662064114156,1,2026-08-25 06:31:47
2024-01-08 01:34:00,CNC-01,L,298.2229093090596,,2695.977905263941,16.545944384457172,131.10405223663864,3.532667141253151,8.500768621791057,55.90507177062793,0,2026-08-25 06:31:47
2024-01-08 08:35:00,CNC-02,M,295.81958919205755,310.612504373865,1615.3117062060348,44.65241546291966,200.6583319654851,2.8080357628215777,13.493203340376612,61.08949694822307,0,2026-08-25 06:31:47
2024-01-08 07:35:00,CNC-03,H,295.6437095886433,309.5530596212567,1902.697591217389,37.11480955951445,52.51980941873519,2.5258182679493655,13.440054071408234,60.26470824489034,0,2026-08-25 06:31:47
2024-01-08 21:35:00,CNC-01,L,301.2960209324519,313.8612039248352,2542.301869615665,20.10831312859568,78.57693252255295,3.1849737472491757,9.493549407416848,50.164575541181534,0,2026-08-25 06:31:47
2024-01-08 05:16:00,CNC-01,L,297.67085551208714,311.68178266811816,2189.808571039621,29.266579355150323,200.22605386924158,3.515131175054614,12.260307841687363,53.6393012253489,0,2026-08-25 06:31:47
2024-01-08 04:32:00,CNC-01,L,297.22935454057165,311.1438594025912,2247.9691555479058,28.26688222684796,145.08661302019132,2.986508603073602,11.740896570803693,53.92697325238008,0,2026-08-25 06:31:47
2024-01-08 22:46:00,CNC-02,M,26.374013025231022,39.123029704175906,2620.3594650471937,18.387586625593958,83.26329731044038,3.185598944995473,8.869208189634112,48.440986704830856,0,2026-08-25 06:31:47
2024-01-08 23:39:00,CNC-03,H,299.31428473171616,311.9116626489951,2677.4092053422833,17.724887146897668,166.47634821393427,3.383205563365429,8.71662243031421,55.71705211408604,0,2026-08-25 06:31:47
2024-01-08 22:06:00,CNC-01,L,28.062401026991097,40.14147885336854,2748.5855284772765,14.437816053584294,112.73141051946457,3.412971714474139,7.383443313955506,49.568821439132414,0,2026-08-25 06:31:47
2024-01-08 23:10:00,CNC-01,L,,313.4008352238957,2656.3396936010126,17.549442026909308,181.74877632306237,3.7687200071668556,8.63711874602524,47.917275150174035,0,2026-08-25 06:31:47
2024-01-08 05:09:00,CNC-03,H,301.85672744242055,309.6180084925515,2279.0089254298737,27.877745383764946,109.14162955716634,2.8982935303119293,11.780423869091628,48.33102736752025,0,2026-08-25 06:31:47
2024-01-08 06:55:00,CNC-01,L,24.420664946829334,38.676311556553685,2005.1961286169608,35.605764489626274,127.60011672867071,2.8068346146643317,13.309462704228805,0.0,0,2026-08-25 06:31:47
2024-01-08 02:57:00,CNC-03,H,297.48495114571597,310.48258711382704,2401.8812400051156,20.528988735193117,201.03276585319426,3.522623192640871,9.400474882028288,57.968548576273854,0,2026-08-25 06:31:47
2024-01-08 12:12:00,CNC-03,H,296.718688412452,310.86868695896993,1411.2798779974667,48.68077272368024,22.320526614940057,2.0849945808761294,13.085925259006117,55.58670391643493,0,2026-08-25 06:31:47
2024-01-08 02:44:00,CNC-03,H,297.5379365780568,310.837310923964,2547.194156100183,21.122521523263018,186.37726288118625,3.548177608641816,10.146327186038553,57.67863585575121,0,2026-08-25 06:31:47
2024-01-08 20:37:00,CNC-03,H,299.6185840116304,314.05946598630044,2304.3727837404385,30.11736126456683,241.57487756961416,3.7953606525526316,12.875284944219883,53.57914290811442,0,2026-08-25 06:31:47
2024-01-08 08:34:00,CNC-02,M,295.88202050286174,310.99628763138,1524.7598599486969,50.16361560853471,,2.8066538041126066,14.178404461880596,62.330371555264165,0,2026-08-25 06:31:47
2024-01-08 23:13:00,CNC-03,H,299.48579458036124,311.39818532200115,2768.508427166324,14.011681939460475,138.80490004344634,3.4301568998121206,7.5208328824276025,50.874961944802955,0,2026-08-25 06:31:47
2024-01-08 22:53:00,CNC-03,H,26.49168804984896,38.72062783517083,2673.925424505081,16.245247263706688,117.3653357119535,3.3889458587652777,8.052690069945278,55.606568804740796,0,2026-08-25 06:31:47
2024-01-08 00:52:00,CNC-02,M,298.9963721385495,311.15546561901834,2638.0795501553184,17.03917613220947,68.14314781041514,3.198018613898085,8.126559209700922,50.94540092890907,0,2026-08-25 06:31:47
2024-01-08 22:27:00,CNC-01,L,27.923926124367654,40.462632152347226,2722.574418618033,16.49471056184381,135.57061897872742,3.555717589393678,8.210305724775258,52.45842204680812,0,2026-08-25 06:31:47
2024-01-08 22:34:00,CNC-02,M,26.24989525262646,38.04651940624365,2796.80170795287,13.002633155309166,70.22762244721703,3.345472793510569,6.703382942892093,50.507530619875034,0,2026-08-25 06:31:47
2024-01-08 01:42:00,CNC-03,H,297.9381880826312,310.363452320427,2710.3903185803724,16.607447187387592,117.73079312541992,3.3056860340496828,8.412435412631227,57.91993090366599,0,2026-08-25 06:31:47
2024-01-08 22:15:00,CNC-02,M,26.363239157238525,38.33440765774071,2438.3036951507456,16.707345845434837,49.794558488224894,2.993197862790266,7.652263877395633,56.51021167126286,0,2026-08-25 06:31:47
2024-01-08 21:01:00,CNC-01,L,301.3249980022386,313.6672795997375,2523.4685772969115,19.19174916385374,40.56896508077736,3.0637430494848115,8.814938332368792,49.61933958638193,0,2026-08-25 06:31:47
2024-01-08 06:47:00,CNC-01,L,24.3997690939554,38.5210623499828,2004.5002725236657,35.49694856231777,116.40413383566451,2.7758302035263194,13.296331789133014,52.19644421134842,0,2026-08-25 06:31:47
2024-01-08 13:33:00,CNC-03,H,297.2827707633488,311.67914664075323,1409.5383945270842,52.4538598494674,150.68253755098007,2.2850420179522435,14.127622306985545,56.168184213271694,0,2026-08-25 06:31:47
2024-01-08 09:38:00,CNC-01,L,297.72287402588444,312.71467784784824,1532.8296924055371,53.93699951429479,132.0043546467891,2.3619324184517536,15.693039404301244,59.609673592222784,0,2026-08-25 06:31:47
2024-01-08 16:26:00,CNC-01,L,300.0442831303653,314.55370535071063,1762.757539544327,42.72862304239003,110.47037140582745,2.4383143384876678,,50.58521442794024,0,2026-08-25 06:31:47
2024-01-08 19:00:00,CNC-01,L,306.7488137172614,314.4798984720366,2117.2115947368557,29.735015083185388,113.96408672345787,2.81241651298295,11.984658320703575,35.38895505742703,0,2026-08-25 06:31:47
2024-01-08 06:23:00,CNC-03,H,29.05035275985722,37.85165914975721,2022.4854427948922,36.84198316840081,206.3176751105993,3.16842921853398,13.961297159070446,51.36179173801454,0,2026-08-25 06:31:47
2024-01-08 14:47:00,CNC-02,M,303.59047354616973,312.6761979656701,1499.6759901311564,53.23943018735876,130.90331262400375,2.3456116819814423,14.706075023542184,46.26773493555183,0,2026-08-25 06:31:47
2024-01-08 16:37:00,CNC-02,M,298.49941057466077,313.42835402211324,1836.779101680446,41.7984397908614,79.90953354379454,2.5196400614625407,14.59402099557046,57.59351632464929,0,2026-08-25 06:31:47
2024-01-08 20:17:00,CNC-02,M,299.9912740486251,312.96476566211476,2376.399807580268,20.56568831336258,154.34153181987494,3.283199213363787,9.242308009513621,54.446430012830376,0,2026-08-25 06:31:47
2024-01-08 00:46:00,CNC-02,M,298.88144835422906,310.4022796769963,2773.8692523607115,12.11911283270081,61.760716102426194,3.306434485025281,6.510548372437347,48.9520742072589,0,2026-08-25 06:31:47
2024-01-08 23:19:00,CNC-02,M,7921.873598107821,311.3020091134761,2735.2382535976744,13.169703539657123,118.49572434068386,3.5680872260882737,6.77726423707446,54.50017260660621,0,2026-08-25 06:31:47
2024-01-08 15:30:00,CNC-01,L,299.9495921310262,313.5735022298288,1696.0065773380356,37.50432955487153,28.336658285142104,2.4699421801515093,12.042789615201908,50.34204914537983,0,2026-08-25 06:31:47
2024-01-08 04:56:00,CNC-01,L,297.9308206623136,312.0798263634542,2080.820237894545,30.792704879941898,174.97511016004367,3.088796486669298,11.97152842276752,52.49204160762355,0,2026-08-25 06:31:47
2024-01-08 16:03:00,CNC-02,M,298.29881959176225,312.88707322616347,1854.7243138446725,39.27820834315102,31.05089654498872,2.3662940671218595,13.569455116978416,,0,2026-08-25 06:31:47
2024-01-08 18:13:00,CNC-03,H,299.31060215502896,312.74824637560664,2082.515222190615,31.043487168252195,64.44594763887795,2.671487026980181,,51.0336044723631,0,2026-08-25 06:31:47
2024-01-08 13:57:00,CNC-03,H,297.4303365526551,312.4159981320834,1425.1279651229386,52.814422516236725,188.1855310023439,2.5564080628671197,14.142251763922468,55.873589067434196,0,2026-08-25 06:31:47
2024-01-08 13:55:00,CNC-03,H,297.3634916974674,312.23256304758394,1539.1599727779958,47.83238045451307,185.06494717902817,2.614231483119655,13.8937216152935,52.519916261774924,0,2026-08-25 06:31:47
2024-01-08 21:15:00,CNC-02,M,300.05743068943383,313.67295781207173,2632.563551645141,19.525252577542357,220.84005536691404,4.099338827305815,9.471894407904221,54.344113716114904,0,2026-08-25 06:31:47
2024-01-08 06:03:00,CNC-03,H,28.551572129280316,37.582323600034385,1961.79887331242,38.86492173346293,179.2901490917595,2.9636957970947564,14.338150247084075,46.30123668536458,0,2026-08-25 06:31:47
2024-01-08 07:15:00,CNC-02,M,295.687560074744,309.8820540643251,1741.425058271198,40.28642968484379,84.17784222132522,2.373026550532948,12.996096559187297,60.25491896573601,0,2026-08-25 06:31:47
2024-01-08 08:55:00,CNC-02,M,295.8537547526213,310.0442382615488,1631.6304433151101,45.12637330545911,25.625372502163938,2.27260402592296,13.552312603773322,61.01198870047967,0,2026-08-25 06:31:47
2024-01-08 17:09:00,CNC-03,H,298.7703036770842,314.07769086320803,1860.3575569245656,40.98675436640538,240.30254278398377,3.4388220756257617,14.19243234029777,53.116847878720954,0,2026-08-25 06:31:47
2024-01-08 22:22:00,CNC-02,M,26.40453049263897,39.005784452065086,2564.3249736118487,18.096442611547836,57.465077997207615,3.1933877118526834,8.745834594897774,53.09675450937072,0,2026-08-25 06:31:47
2024-01-08 12:25:00,CNC-01,L,298.1621554522404,312.26512285101666,1375.9011801985732,50.02968916011894,165.26615491348684,2.4906648673715264,13.038251725561201,57.5222750891581,0,2026-08-25 06:31:47
2024-01-08 08:21:00,CNC-02,M,295.76062051561803,310.584931954693,1696.1244111166777,45.21206074406056,179.6173314787532,2.7707194376884754,14.125313330425586,56.04688871504871,0,2026-08-25 06:31:47
2024-01-08 03:18:00,CNC-02,M,297.29639249369325,309.75637482983547,2427.028851590072,22.023996929141894,13.908397081556133,2.999790954614185,9.944954905724435,53.54736935801694,0,2026-08-25 06:31:47
2024-01-08 03:33:00,CNC-01,L,297.746749363595,310.89739291444346,2515.248907875542,22.15669961632994,0.0,3.084499842613917,10.549797983374555,58.18439065707494,0,2026-08-25 06:31:47
2024-01-08 13:03:00,CNC-01,L,298.71375038003856,312.9073307552642,1414.3611423208404,53.98026161472106,22.149075809021433,2.2384873310650852,14.206346359265575,53.22952943332107,0,2026-08-25 06:31:47
2024-01-08 20:18:00,CNC-02,M,299.65539457694456,313.78779824806935,2484.9695939787625,24.700771129349615,155.48491686621878,3.281476953576638,11.209063078382304,54.4555142463915,0,2026-08-25 06:31:47
2024-01-08 23:11:00,CNC-03,H,299.6686051121616,311.48666070384905,2692.687012281833,13.220575783420573,136.6760803977682,3.416368716288027,6.81107558283425,51.44686507642235,0,2026-08-25 06:31:47
2024-01-08 06:32:00,CNC-02,M,22.86727039851189,36.733209105384844,1909.2868866586828,36.380128497233706,24.285587695957204,2.5397817788320123,12.928188906531123,54.459230398822775,0,2026-08-25 06:31:47
2024-01-08 04:41:00,CNC-03,H,296.6193886565085,309.77339247748984,2280.029294805712,25.0109034981994,73.87753098262641,2.885532633653983,10.49290830214962,57.63025188287329,0,2026-08-25 06:31:47
2024-01-08 17:03:00,CNC-02,M,298.7099535963812,312.697824991065,1941.3070241125608,32.84344397562154,116.80959000206623,2.6423184591526283,11.689940065352907,53.86166478417736,0,2026-08-25 06:31:47
2024-01-08 22:54:00,CNC-03,H,26.843961752412383,39.233492798998554,2687.6315609705616,16.339454825700564,118.42001111729624,3.397305355582824,8.425247958591505,49.391751547441466,0,2026-08-25 06:31:47
2024-01-08 19:32:00,CNC-02,M,299.5468206769984,313.79496261571194,2193.388006741817,31.227754418340954,100.56909213732122,2.8564528385463697,12.820451861013737,48.709573403987264,0,2026-08-25 06:31:47
2024-01-08 13:23:00,CNC-03,H,297.0458136189026,,1345.9589432559885,51.831793141120876,134.89393916094127,2.2455707759827406,12.88695893268412,64.85897466755625,0,2026-08-25 06:31:47
2024-01-08 00:09:00,CNC-01,L,299.0173641759429,309.9181806112148,2628.930166120263,11.98956828341931,40.807171569205735,3.2949217967628304,5.699626306158713,52.75552416960927,1,2026-08-25 06:31:47
2024-01-08 16:48:00,CNC-02,M,298.6064650510181,312.69711537991674,1819.9673255636444,34.59554446121668,95.68900263266998,2.5016055818580716,11.604287605680593,59.31024235308722,0,2026-08-25 06:31:47
2024-01-08 16:41:00,CNC-03,H,298.61659049853824,313.18197069730707,1833.138804032291,37.77476409993218,201.071670279422,2.995846363696343,13.054168711144015,55.1144017596824,0,2026-08-25 06:31:47
2024-01-08 15:01:00,CNC-01,L,299.938772529154,315.0284956863943,1481.3773996441764,50.034023566678485,205.8600315850838,2.9738829079179943,13.84330349060086,50.80241125547957,0,2026-08-25 06:31:47
2024-01-08 03:15:00,CNC-02,M,297.2895990339966,309.26587727392126,2635.097122419823,16.365435258988885,10.434360854021975,3.136905387466969,7.915237396970836,56.44113455462553,0,2026-08-25 06:31:47
2024-01-08 04:27:00,CNC-02,M,296.70377809323065,310.80286175819197,2258.688844638081,31.15418320946741,96.16318763313929,2.865408146493507,12.951329492808428,53.1287513759085,0,2026-08-25 06:31:47
2024-01-08 12:50:00,CNC-03,H,297.21959807610847,311.21246381585274,1382.9362020636902,49.91895615034037,82.70761773554216,2.119196093663504,13.15552463104195,58.3996254529684,0,2026-08-25 06:31:47
2024-01-08 08:22:00,CNC-03,H,296.00867685622364,310.67985166302884,1655.9835563941785,45.039680543450686,121.00896632954723,2.520605191584254,13.98393501819802,60.57841169671919,0,2026-08-25 06:31:47
2024-01-08 17:32:00,CNC-03,H,299.02876409137696,313.21752632256954,1967.816250590064,38.86842207618008,9.499631993046831,2.639622796729287,14.054832066854335,51.43560762703672,0,2026-08-25 06:31:47
2024-01-08 01:29:00,CNC-03,H,298.1496232415933,310.2667444619762,2657.5943440701258,16.663398731878615,103.57883634675431,3.233526661469529,8.431071466301939,57.03079482962458,0,2026-08-25 06:31:47
2024-01-08 19:39:00,CNC-03,H,299.6713405210146,313.267377846714,2317.466146773766,25.62356562310634,172.74819180286147,3.3007360616703187,11.403378887264399,52.64736451933824,0,2026-08-25 06:31:47
2024-01-08 07:43:00,CNC-02,M,295.6958455321369,310.18501173197825,1779.5246883493876,39.5255657176964,124.01730703003882,2.576350712172404,13.143214886352762,61.93858009545604,0,2026-08-25 06:31:47
2024-01-08 14:42:00,CNC-02,M,303.3434093204612,312.07596824388963,1651.3221861927168,43.92741226561381,123.17470400651952,2.342118587434055,13.507741875829517,45.425675091411065,0,2026-08-25 06:31:47
2024-01-08 13:49:00,CNC-03,H,297.51785129012865,311.784021257429,1325.761981035643,51.737529918268415,175.67744602549098,2.2451364147588926,12.954847032027095,56.739749064365625,0,2026-08-25 06:31:47
2024-01-08 19:46:00,CNC-03,H,299.6587382665724,314.0022527687264,2441.776500054433,28.80676779153142,181.19610164617808,106.69815046691483,12.80706853578374,48.32414375266732,0,2026-08-25 06:31:47
2024-01-08 21:56:00,CNC-01,L,28.111725771785245,40.48109345990986,2714.413352601109,17.6239420397261,102.00017386805482,3.3445597993207974,8.77111023165224,43.133405099280154,0,2026-08-25 06:31:47
2024-01-08 07:41:00,CNC-02,M,295.7672010737334,310.4724320820929,1780.1023388879892,41.30114499925115,121.1824927268676,2.5767461255425586,13.808705051608507,55.90803688880448,0,2026-08-25 06:31:47
2024-01-08 05:24:00,CNC-02,M,296.42060389375894,310.8427175521689,2158.3223921267345,32.468991337822956,167.77290005254113,3.125736769276705,13.23145298657742,55.59047142212264,0,2026-08-25 06:31:47
2024-01-08 00:12:00,CNC-02,M,299.1831494939744,311.3527423205811,2592.538025522529,17.86833726773664,25.568950115952735,31.061692278028985,8.739309748253552,55.11542044390499,0,2026-08-25 06:31:47
2024-01-08 17:20:00,CNC-01,L,300.6429330405105,315.6356193335306,2024.1505325245569,36.93722800055977,186.0528810133784,3.261893979057797,14.118921388101091,52.64426033330485,0,2026-08-25 06:31:47
2024-01-08 12:47:00,CNC-02,M,297.1148442195377,311.94557005666616,1366.831507879719,55.46819097513229,168.2008190130851,2.3819691097126574,14.326554967245466,60.474763786934375,0,2026-08-25 06:31:47
2024-01-08 04:11:00,CNC-02,M,296.7729437755076,309.99501231017933,2273.7455576102593,25.91887252106531,76.72587259255661,2.8849008486254064,10.986613622273014,51.1415004880198,0,2026-08-25 06:31:47
2024-01-08 05:53:00,CNC-03,H,301.7878132786695,309.6137437213839,2171.4638507559625,28.79065149842182,166.04400525928722,3.106792984321041,11.771312001253339,50.82073084103968,0,2026-08-25 06:31:47
2024-01-08 12:58:00,CNC-02,M,297.15423177854166,312.1424108794795,1373.8122312906705,54.058759881749445,185.65864048647612,2.5119103889919465,14.073489133429518,58.052715776256086,0,2026-08-25 06:31:47
2024-01-08 22:42:00,CNC-03,H,26.583439787522593,38.40609344979731,2580.1903609754686,15.75809439909111,105.51207526213989,3.1578461168303575,7.645109656265006,50.44440718105014,0,2026-08-25 06:31:47
2024-01-08 23:42:00,CNC-03,H,299.5762616345334,313.2459365358008,2595.63579763428,23.357665516030295,169.6371071239774,3.461765771479371,11.376043385774471,54.00091573003992,0,2026-08-25 06:31:47
2024-01-08 10:46:00,CNC-03,H,296.34267575807223,310.20152335144917,1449.32116535575,45.32318773900593,120.20436320966319,2.111378373741471,12.274929092410643,59.81441955951003,0,2026-08-25 06:31:47
2024-01-08 10:24:00,CNC-03,H,296.3884596353462,310.3044147313948,1425.9053780501972,48.50588895650698,85.63231562678101,2.078892842149008,12.924644654728509,60.65150672129586,0,2026-08-25 06:31:47
2024-01-08 22:50:00,CNC-03,H,26.592659548407653,39.025956180066885,2659.597698408295,16.954782085388043,114.14470866539541,3.1957238972864612,8.582570680304281,48.94746924605215,0,2026-08-25 06:31:47
2024-01-08 05:23:00,CNC-02,M,296.33642152261257,310.7207808434154,2182.264556331304,31.544265016545484,166.48519557822974,2.9680655730997545,13.009887123205793,,0,2026-08-25 06:31:47
2024-01-08 16:41:00,CNC-01,L,300.60021582953436,315.0861115279075,1848.5859426380964,40.029614257675036,131.8631537669717,2.646793009484708,13.914974803764904,51.42839502366834,0,2026-08-25 06:31:47
2024-01-08 01:01:00,CNC-02,M,298.5910735742207,310.1211314415552,2746.7696344312812,13.225522733404754,77.72455964186447,3.3291710954888467,6.723363197910827,53.9434326395017,0,2026-08-25 06:31:47
2024-01-08 21:16:00,CNC-01,L,301.13364603389704,312.75345980476663,2654.0273411745375,15.118126505531112,57.431568922049834,3.265770282121755,7.58704950430676,47.473829873758824,0,2026-08-25 06:31:47
2024-01-08 07:09:00,CNC-01,L,297.56152803264087,311.70261187453383,1846.6102194522061,37.132316360664824,147.08142462702747,2.7918812960846613,12.947788776020133,53.31648830070888,0,2026-08-25 06:31:47
2024-01-08 08:39:00,CNC-02,M,295.8931154502481,309.38161760734323,1689.0864832819627,39.3922723587019,1.470274284440337,2.291921616366441,12.430140038212246,62.921249228691636,0,2026-08-25 06:31:47
2024-01-08 20:50:00,CNC-01,L,301.1973821103841,313.88181732799967,2428.1047994856694,22.738478260139157,27.911858548287864,3.0855573062115784,10.368610401820565,50.236875846355964,0,2026-08-25 06:31:47
2024-01-08 21:45:00,CNC-03,H,300.0455805968952,311.74285337404393,2556.9177127680855,15.648997321949853,43.35408350840736,3.1036593145677127,7.573495211007665,55.7253162398976,0,2026-08-25 06:31:47
2024-01-08 17:50:00,CNC-01,L,301.05423122689825,314.9719795309712,1931.136640169308,37.10174536533817,22.908498654559068,2.4935638913877844,13.303976525122243,50.99872850945202,0,2026-08-25 06:31:47
2024-01-08 23:16:00,CNC-01,L,300.5256938885326,314.2550439276283,2622.016200424687,23.003099796101562,188.26801020324527,3.8145253055287562,11.536695604628484,46.77831977232381,0,2026-08-25 06:31:47
2024-01-08 01:49:00,CNC-03,H,297.8553420265665,310.9621719298728,2558.8217981761413,21.217147882078354,125.49449747237952,3.2434305993838892,10.111358832437816,61.27101503320699,0,2026-08-25 06:31:47
2024-01-08 17:42:00,CNC-03,H,298.8233200825411,312.9797253326534,2153.07395328127,33.92305144586724,22.982642056439435,2.7570463971530517,14.089650602199951,55.65153709898363,0,2026-08-25 06:31:47
2024-01-08 16:05:00,CNC-02,M,298.2807386793737,312.55830099186653,1675.057532195655,43.76459103538875,33.96461018225918,2.389834574754303,13.784981203111258,53.75873202369077,0,2026-08-25 06:31:47
2024-01-08 23:45:28,CNC-01,L,300.54753730191004,312.1444585632979,2609.592631424251,16.135725856056787,1.082859725560051,3.1608730735243786,7.833762758585756,49.13141216642183,0,2026-08-25 06:31:47
2024-01-08 15:05:00,CNC-02,M,303.2746277412949,311.99039658713815,1452.8140922345353,49.5153933181634,158.44385304499423,2.345539704946534,13.55604045453371,43.0057924647159,0,2026-08-25 06:31:47
2024-01-08 22:51:00,CNC-01,L,27.589821775600967,40.586298180180904,2709.1631714737546,18.848309630611187,161.4296416574398,3.6747449030472845,9.774979492963404,46.66457653020501,0,2026-08-25 06:31:47
2024-01-08 07:28:00,CNC-01,L,297.46801971007983,312.0841541232242,1692.6092167347663,41.73233813093347,174.1821968513371,2.8720663187721485,13.219612904106363,58.81257796781415,0,2026-08-25 06:31:47
2024-01-08 23:18:00,CNC-02,M,299.1396964218507,312.0395194108813,2722.199862456951,16.834919229229588,117.43956471173172,3.418599478250339,8.60602315628514,48.56245911116929,0,2026-08-25 06:31:47
2024-01-08 09:00:00,CNC-03,H,296.4236230753225,311.6101687197725,1627.4670947818445,48.135177994913015,178.35571592590887,2.7195010226278034,14.902210157454185,59.57657647263625,0,2026-08-25 06:31:47
2024-01-08 18:56:00,CNC-03,H,299.9130044940075,313.9827859843091,2068.057891599862,34.27445284771448,119.6240727916592,2.76315194171685,13.497286109884836,49.12656094794861,0,2026-08-25 06:31:47
2024-01-08 21:13:00,CNC-03,H,300.05104577176905,312.29785796907726,2576.8789167581726,20.499038483458943,7.742314041352599,3.124850638156527,9.886195817069108,48.16373751472183,0,2026-08-25 06:31:47
2024-01-08 19:36:00,CNC-02,M,299.87778919327917,313.70190705749866,2331.200902527695,26.81526111099984,105.39958182916227,3.055350508720358,11.75713580882133,52.2480249785376,0,2026-08-25 06:31:47
2024-01-08 21:43:00,CNC-02,M,299.5651056969326,311.7513481101472,2586.298658303599,16.948116936680645,14.70838284255663,3.1428428421891215,8.229755591311461,47.69133263097629,0,2026-08-25 06:31:47
2024-01-08 20:38:00,CNC-02,M,299.5283143947801,312.41548459411536,2544.413504827731,17.35894692386192,178.75666515578885,3.4790644491072844,8.010566817835487,51.57790735096546,0,2026-08-25 06:31:47
2024-01-08 23:12:00,CNC-02,M,299.34358816181134,310.7554348842558,2758.3568752858628,10.679772173785771,111.12606728068192,3.4531132904742394,5.501813299026293,49.205905910867756,1,2026-08-25 06:31:47
2024-01-08 18:42:00,CNC-02,M,299.77966815105606,313.49539849394455,1967.32201179683,33.69674207016043,37.857909128236955,2.730785957502776,12.384060449206828,50.52346659546757,0,2026-08-25 06:31:47
2024-01-08 14:01:00,CNC-01,L,299.2210046888342,313.3820153882071,1380.8621692811066,50.08150034243404,113.93597849139132,2.1979318699846098,12.830969657356482,52.63613306300429,0,2026-08-25 06:31:47
2024-01-08 17:21:00,CNC-03,H,299.00924935482334,314.63330372631594,1941.5491630682366,41.342564706053764,256.8456312069198,3.631233053727681,15.234191116910472,51.25256311040892,0,2026-08-25 06:31:47
2024-01-08 22:28:59,CNC-02,M,26.347829467493398,37.86524718269624,2776.6000448745417,11.795216885112461,64.93898867015183,3.3355887204840684,6.20793723772043,48.85666857657661,1,2026-08-25 06:31:47
2024-01-08 07:27:00,CNC-03,H,295.8683665719793,309.7128755638544,1717.0175817741335,39.25896742537106,41.013951198844254,22.38878273329233,12.939454056283804,60.123244078000695,0,2026-08-25 06:31:47
2024-01-08 12:48:00,CNC-02,M,297.2709350830472,312.52185522596324,1443.8346089591957,54.777009962652656,169.7910963327522,2.487041883530847,14.829937143476121,54.97184745592246,0,2026-08-25 06:31:47
2024-01-08 04:41:47,CNC-03,H,296.45197747171267,309.83972252641814,2391.818951799927,25.38031947826313,76.33159768325655,2.9366490621722448,11.06372598998822,54.95888123831152,0,2026-08-25 06:31:47
2024-01-08 05:38:00,CNC-01,L,297.81880278798707,311.0572234912529,2156.8731070657764,29.090675892360228,23.281619729232986,2.7491294961778134,11.854780095740685,55.07553985704318,0,2026-08-25 06:31:47
2024-01-08 05:48:00,CNC-02,M,0.0,310.9215681572896,2039.0494362065735,35.475003434556506,199.1028952932245,3.145497809865549,13.587826503461486,55.54129375015934,0,2026-08-25 06:31:47
2024-01-08 11:49:00,CNC-03,H,296.65260914965,311.3859535738954,1320.4676226268616,56.09104540982262,220.24898131295603,2.7304682992741345,13.81254368308152,53.51196538781019,0,2026-08-25 06:31:47
2024-01-08 10:42:00,CNC-02,M,296.2241044766009,310.6638269272256,1312.5871726831542,51.375453790343535,192.07953635268697,2.5044674501435353,12.394101137426775,60.345435521258594,0,2026-08-25 06:31:47
2024-01-08 16:53:00,CNC-01,L,300.7285166639266,315.81722551032686,1961.1468351084131,40.45656905768552,149.02319886085354,2.951349763356357,15.01701359295875,49.857261188099066,0,2026-08-25 06:31:47
2024-01-08 12:08:00,CNC-02,M,296.662576910677,,1399.0265073211815,47.51122318894625,106.39725700210404,2.1600452862779482,12.63800187623232,58.98185351838378,0,2026-08-25 06:31:47
2024-01-08 20:09:00,CNC-01,L,301.7471456498445,316.25558478475307,2290.7798869953804,29.182487148595527,198.7865133347877,3.521455525865544,12.566393032568795,46.69347316209723,0,2026-08-25 06:31:47
2024-01-08 05:14:00,CNC-01,L,297.3009532182228,311.73653623012615,2267.027046281667,30.77911616594189,197.69533280367781,3.5574449857707062,12.838152129661122,56.697272366382,0,2026-08-25 06:31:47
2024-01-08 05:23:00,CNC-03,H,301.7657869927759,309.6168370441008,2151.6840416675072,31.424178180183922,127.0330047879007,2.8725346437172825,12.896872363574037,53.92767619923093,0,2026-08-25 06:31:47
2024-01-08 03:28:00,CNC-01,L,297.756238071833,310.51616139381576,2369.388236879229,21.65473925899463,68.54217785073432,2.963912494024001,9.831996613967194,56.53373181472033,0,2026-08-25 06:31:47
2024-01-08 17:19:00,CNC-03,H,298.8455914791291,315.0622760277451,1929.9110049394362,44.52388324065414,254.1142602027074,3.603051560885872,16.01551506163322,49.226780643404986,0,2026-08-25 06:31:47
2024-01-08 19:51:00,CNC-02,M,299.9594524967717,314.0842684621107,2324.6121365571717,26.618157334454597,123.65645505215177,3.0901973988133506,11.661702139990771,48.18668632524163,0,2026-08-25 06:31:47
2024-01-08 11:31:00,CNC-03,H,296.8942851502346,311.6517519765299,1400.8383073770487,53.80245683741133,191.62551520920445,2.4892638169144945,14.17944633132275,56.27041695307353,0,2026-08-25 06:31:47
2024-01-08 08:40:00,CNC-03,H,296.05065510490306,310.50762987583875,1748.3791911350447,42.529377067210106,147.93548485719006,2.5930567552106356,14.01333841645605,58.129589703076654,0,2026-08-25 06:31:47
2024-01-08 16:08:00,CNC-03,H,298.58147995266535,313.923632319922,1784.542453074218,46.88722999985403,153.7741081196588,2.5872867415978473,15.740039270322363,53.26108407653275,0,2026-08-25 06:31:47
2024-01-08 18:05:00,CNC-03,H,299.3030389628541,312.722140051719,1960.1702821143622,32.02417581222195,53.83021696546429,2.578078341978718,11.772824637612985,50.173218494468976,0,2026-08-25 06:31:47
2024-01-08 08:46:00,CNC-02,M,296.1868793882769,310.1747000742813,1543.8181318760571,45.41725013539857,11.88522084167821,22.236777763788538,13.016903336371398,54.31963714878704,0,2026-08-25 06:31:47
2024-01-08 13:31:00,CNC-02,M,297.24039326866716,311.43415628202234,1472.4733611569816,50.61215480935689,12.574931601575988,2.0087582652685443,13.947630336182515,55.13256570573211,0,2026-08-25 06:31:47
2024-01-08 02:35:00,CNC-01,L,298.0117805007731,309.7652788369954,2673.591594170572,16.870751151838203,7.88776216911412,3.20324942532345,8.438808117660002,55.23688913748978,0,2026-08-25 06:31:47
2024-01-08 12:59:00,CNC-03,H,296.9280215325235,310.8147066907543,1382.5409281372752,51.24539235411076,96.93804970161146,2.098268296097923,13.241169399704884,59.175734543608094,0,2026-08-25 06:31:47
2024-01-08 10:53:00,CNC-01,L,297.9985556071213,312.0104665047125,1343.6343751149652,53.387936175424294,18.924684149106913,2.0705851671150652,13.68639614078109,54.48073125415579,0,2026-08-25 06:31:47
2024-01-08 13:51:00,CNC-03,H,297.39714698501206,312.0700851460961,1349.6420043197497,53.49799974032853,178.84275285621135,2.366342125346411,13.425057608294901,55.086177062704756,0,2026-08-25 06:31:47
2024-01-08 19:00:00,CNC-02,M,299.8904900624541,313.6462900123075,2112.5915044060325,29.865759431727415,60.73342558279796,2.774161403489687,11.64848268275612,50.93390591713548,0,2026-08-25 06:31:47
2024-01-08 01:46:00,CNC-01,L,298.07840109140074,311.37946176249835,2611.2066270104183,20.859316777398384,144.08246415108977,3.3333389502625566,10.092180225583872,56.3700041696014,0,2026-08-25 06:31:47
2024-01-08 12:16:00,CNC-02,M,296.67514215182484,310.71024270140225,1275.1712165842882,50.62641057165722,119.11869924737597,1.953964145168331,12.065026586308841,62.757937705840305,0,2026-08-25 06:31:47
2024-01-08 17:53:00,CNC-01,L,300.9980448043214,314.27562206905134,1968.1518938850606,30.979712291902327,26.9861948307538,2.6298348248792696,11.237610515311635,51.043868998543815,0,2026-08-25 06:31:47
2024-01-08 02:04:00,CNC-01,L,298.31809160113653,312.3458071646034,2487.231082271903,26.15822967771221,163.8648787155353,3.3336074887159306,12.137521786307724,57.22931298114719,0,2026-08-25 06:31:47
2024-01-08 08:05:00,CNC-01,L,297.66564907413897,312.6938199888836,1703.1116554008584,44.74328633126499,227.9520705402067,3.4986836181050864,14.252445520527077,55.59235445539356,0,2026-08-25 06:31:47
2024-01-08 20:46:00,CNC-01,L,301.13540954718286,314.0572215400458,2315.3706672925277,25.121850934004943,23.36327597649499,2.9877648212615413,11.164678218744971,51.270706415345074,0,2026-08-25 06:31:47
2024-01-08 21:02:00,CNC-03,H,299.7792518734025,314.1689966238326,2528.686858970736,25.36347767159299,270.36869851972614,4.238492523025027,12.142943336422606,52.02424885873939,0,2026-08-25 06:31:47
2024-01-08 02:25:00,CNC-01,L,298.08569002489236,312.2586925038957,2401.001570248492,27.461224199374332,187.33314535864204,3.595184790280867,12.551557787172824,55.84512538571881,0,2026-08-25 06:31:47
2024-01-08 00:46:00,CNC-03,H,298.5931989227849,310.23700789599053,2706.947696440909,14.511674090075006,57.29917191575947,3.263727717213687,7.3240408405632,54.178470373334314,0,2026-08-25 06:31:47
2024-01-08 05:11:00,CNC-01,L,297.8717372354056,311.96790222006996,2142.6079114993827,29.028764303548535,193.95355945017172,3.4731817477011986,11.680293045953777,57.496159314813646,0,2026-08-25 06:31:47
2024-01-08 17:28:00,CNC-01,L,300.6767898378883,315.7976204800893,1995.255031812172,38.136286417052396,197.057604982468,3.229510814816423,14.540910261567761,57.66190876220753,0,2026-08-25 06:31:47
2024-01-08 20:34:00,CNC-02,M,299.86686662023,313.65600496223215,2565.8758337612203,21.620647526898704,174.18536600056066,3.4946247637192482,10.578391604087678,48.422486679579926,0,2026-08-25 06:31:47
2024-01-08 01:59:00,CNC-01,L,298.18023217922666,310.9653021679883,2674.1669239696307,18.199625144760347,158.30241632582192,3.473740843250297,9.324805535209077,60.158014172327256,0,2026-08-25 06:31:47
2024-01-08 10:41:00,CNC-03,H,296.4791900135774,310.45121212350705,1296.099130433672,51.99141614557549,112.29580419493423,2.0776852089945805,12.653720524344596,57.524915675559434,0,2026-08-25 06:31:47
2024-01-08 05:37:00,CNC-02,M,296.14147577569133,311.5616861955862,2067.1842982265503,38.94816484965061,184.73729639961257,30.56504160043593,14.990222652080819,57.30766208275503,0,2026-08-25 06:31:47
2024-01-08 05:41:00,CNC-01,L,297.5502136063403,311.2061280554408,2022.4755243644913,34.20695065191718,27.25675890098419,2.582943493951557,12.964621429558646,57.223804735398836,0,2026-08-25 06:31:47
2024-01-08 09:55:00,CNC-03,H,296.3486174707708,309.86198343869484,1378.55752237418,49.24194433304348,40.52394613280251,2.0199421103930315,12.65263411755914,57.260994134670376,0,2026-08-25 06:31:47
2024-01-08 01:29:00,CNC-01,L,298.42874057634623,310.79163283036337,2529.857958387333,18.595484597267305,125.78418420950055,3.214678065173666,8.940826989221248,54.12303186705162,0,2026-08-25 06:31:47
2024-01-08 22:23:00,CNC-01,L,27.89476698800803,40.431795399928546,2611.616900686026,17.425416021698346,131.32425449213608,3.3101251471527404,8.398811325466765,49.91675053965172,0,2026-08-25 06:31:47
2024-01-08 01:32:00,CNC-02,M,298.6409468463492,310.5446016393749,2613.868754628572,14.545714805264275,111.0907915238908,3.257188616562233,7.162516109575687,49.4991198424709,0,2026-08-25 06:31:47
2024-01-08 11:30:00,CNC-01,L,297.94702047283886,312.200153746946,1403.2292806162377,52.57623825019955,77.8639864441245,2.1045024036424205,13.820455751677148,55.04984574058498,0,2026-08-25 06:31:47
2024-01-08 07:45:00,CNC-03,H,296.2274326677975,310.05724786479226,1736.6747526893375,40.07807328735736,66.8979579787782,2.355605294103361,12.965800782304607,58.40551560132661,0,2026-08-25 06:31:47
2024-01-08 22:06:00,CNC-02,M,26.22655231220989,38.298057547437054,2672.7600254730187,15.710544022074632,39.98485703931803,31.19093792935266,7.943879941350021,50.96364239476463,0,2026-08-25 06:31:47
2024-01-08 11:14:00,CNC-02,M,296.2221756801918,309.79668521205775,1373.9044024264324,50.08132800708322,20.705498335678083,2.1975345088859393,12.95177196270118,59.80024774507301,0,2026-08-25 06:31:47
2024-01-08 14:04:15,CNC-01,L,299.1612484057885,313.9361327721779,1468.1548635345248,53.376834608338214,120.1350625584689,2.308976900543055,14.593836527773249,52.18606001952277,0,2026-08-25 06:31:47
2024-01-08 21:36:00,CNC-03,H,300.08962302290354,312.7998400360913,2444.767523823723,22.643421945925176,33.36899407534495,2.999753460809214,10.375372241300159,53.18346521621832,0,2026-08-25 06:31:47
2024-01-08 17:17:00,CNC-03,H,298.56651186134445,313.8273746263808,1962.3921644511859,39.50396300616851,251.36220136510664,3.528615495413594,14.790515534148566,54.96252891604558,0,2026-08-25 06:31:47
2024-01-08 02:50:00,CNC-01,L,297.87138035972805,309.5949847622665,2625.729917168867,15.703911034273508,24.660288826892018,3.1709113400061075,7.603986418817483,56.25974225833436,0,2026-08-25 06:31:47
2024-01-08 09:48:00,CNC-02,M,296.09219888155593,311.0305133327943,1459.10007436055,53.099504844826086,107.1929495605158,2.2899290090366877,14.34190311669965,61.49004023789021,0,2026-08-25 06:31:47
2024-01-08 02:17:00,CNC-01,L,297.8643798073621,311.42871197953764,2631.567262900716,21.40704628851083,178.35704863019086,3.797112216358713,10.383873326164936,49.88659533681117,0,2026-08-25 06:31:47
2024-01-08 00:48:00,CNC-01,L,298.0756319297509,309.95471942166046,2683.1361254574267,14.52912903992224,82.0867856473621,3.2194498680233807,7.395533811550358,55.00775964544024,0,2026-08-25 06:31:47
2024-01-08 02:18:00,CNC-03,H,297.69226034593805,310.26397604661156,2557.357521500844,17.998213339871448,157.36608834826276,3.301558835195879,8.641509665090396,53.39343719856457,0,2026-08-25 06:31:47
2024-01-08 20:39:00,CNC-02,M,300.04245559623376,313.76308024226523,2475.9109656527075,23.841151610777263,179.9203350138547,3.516587010152765,10.90283919324672,54.63956334590495,0,2026-08-25 06:31:47
2024-01-08 15:14:00,CNC-03,H,297.76777242990795,312.5840806798991,1726.5767172368455,46.11679683052201,73.83507812355275,2.2930111241053353,15.278884544064795,52.03145601957649,0,2026-08-25 06:31:47
2024-01-08 12:29:00,CNC-02,M,296.5905978165743,311.2797188866809,1414.2117430998826,53.33626548764942,139.7080175839879,2.3253727679571283,13.60551574628221,60.17780152691379,0,2026-08-25 06:31:47
2024-01-08 04:19:00,CNC-03,H,296.3990710817891,309.53491756282205,2382.4845149335774,24.23163830414554,46.9284120945462,2.9807691509050716,10.749813900983778,57.15064005592615,0,2026-08-25 06:31:47
2024-01-08 13:50:00,CNC-01,L,299.45385761306363,313.13236461968876,1548.3599585235747,42.60310628589751,96.60678821592036,2.215937410183226,12.166274221808088,52.08286738498558,0,2026-08-25 06:31:47
2024-01-08 02:49:00,CNC-01,L,298.20785241026573,310.03292334244657,2573.9684124739206,16.84644892651234,23.551522004018793,3.0977969063908937,8.305830295631196,59.42940010410655,0,2026-08-25 06:31:47
2024-01-08 19:42:00,CNC-02,M,300.1303300093511,314.1445748723999,2259.4285932984462,26.990952893976065,112.70213802498758,2.92527371931653,11.49544317731923,51.86055097946967,0,2026-08-25 06:31:47
2024-01-08 12:12:00,CNC-02,M,296.62220209535144,311.0555106478397,1445.3204154885627,49.86643807061847,112.74409579283055,2.2401350194906686,13.360852964496052,56.89519400462541,0,2026-08-25 06:31:47
2024-01-08 02:34:00,CNC-02,M,297.72628997556245,311.4988484299213,2356.3441385293663,25.83397049868974,179.5235966529445,3.3474530631575594,11.391743272145927,56.28700447892661,0,2026-08-25 06:31:47
2024-01-08 02:39:00,CNC-02,M,297.7996790892256,310.98477620948927,2590.6684641312268,20.372551554337946,185.21697500660608,3.6056449703735947,9.98127019567623,55.544104058237345,0,2026-08-25 06:31:47
2024-01-08 08:52:00,CNC-03,H,295.91318527935005,311.03932797119427,1748.5696394492256,46.32043400806832,166.10093825376896,2.693506450555685,14.961750005340518,59.45346164370241,0,2026-08-25 06:31:47
2024-01-08 18:51:00,CNC-02,M,299.6188024803337,313.53662431279525,2097.768508015101,32.056066828389326,49.322837683943426,2.7178746722185543,12.525452400031476,51.289380838769496,0,2026-08-25 06:31:47
2024-01-08 20:33:00,CNC-03,H,299.89618752308,314.0188816716996,2445.4402477185517,25.48458914986688,236.91182818740063,3.9021381632800565,11.814114630330417,55.52883155650395,0,2026-08-25 06:31:47
2024-01-08 22:48:00,CNC-03,H,26.609086945209697,38.754815903834356,2676.0495068732453,15.536118333067314,111.9874972528204,3.314308369182465,7.984081243483609,48.623713968946404,0,2026-08-25 06:31:47
2024-01-08 21:11:16,CNC-02,M,299.92306518733204,312.70747170558474,2786.1508552361215,15.001719966392525,215.26741260534578,4.006432009931674,7.577435482723954,55.31021027435211,0,2026-08-25 06:31:47
2024-01-08 01:00:00,CNC-03,H,298.20831139118195,309.23366845903183,2743.737402075089,10.962370501799736,72.29919942296621,3.3007642557558263,5.6019651393525765,54.4306461913369,1,2026-08-25 06:31:47
2024-01-08 20:09:00,CNC-03,H,299.63302650769896,313.3718701114798,2334.7486434307607,26.76662148351685,208.68736217930464,3.488578752050379,11.495101154160862,47.928338475661974,0,2026-08-25 06:31:47
2024-01-08 15:23:00,CNC-01,L,299.42649247770174,313.467825344685,1596.1054837204233,45.83161933143041,17.88100759955042,2.3032654485531294,13.71696252270831,50.82461989308765,0,2026-08-25 06:31:47
2024-01-08 15:21:00,CNC-02,M,303.4698415141098,312.10410106869233,1510.472524359795,47.383008905400565,182.50607739469825,2.675823121232761,13.482163501341578,47.550291435144175,0,2026-08-25 06:31:47
2024-01-08 06:27:00,CNC-03,H,29.002419393528612,37.59857529460743,1935.4330485239843,37.85145261267079,211.84960669907022,3.192621485623384,13.7198190171221,49.839607235419514,0,2026-08-25 06:31:47
2024-01-08 13:32:00,CNC-03,H,297.4080510633902,311.6755820874833,1453.2473069381429,48.65789192863251,149.1164832272847,2.290241766616771,13.288244066443632,54.00202421418433,0,2026-08-25 06:31:47
2024-01-08 10:38:00,CNC-03,H,296.455100912402,310.1493022839832,1282.9079464598406,50.02768026652279,107.51727975404236,1.9132873741266885,11.899147123789746,61.125042321858096,0,2026-08-25 06:31:47
2024-01-08 11:52:00,CNC-02,M,296.654278572534,310.5978376962154,1396.6349716533496,47.69135824891956,81.00913632815461,2.1396276256281594,12.427504623316544,56.68653746608959,0,2026-08-25 06:31:47
2024-01-08 20:27:00,CNC-01,L,301.1008531975877,313.78883401857195,2454.8992532598186,22.956428034985617,1.1576542329277746,2.968663605129838,10.398829018369048,48.98386464665791,0,2026-08-25 06:31:47
2024-01-08 11:07:00,CNC-03,H,296.51503423007614,310.96251604523246,1398.018188670157,51.93708088608941,153.5800134244856,2.304156961213097,13.496569667871675,60.29332660145187,0,2026-08-25 06:31:47
2024-01-08 20:11:00,CNC-02,M,299.9952952887364,313.5382093505334,2415.279052437725,23.214366376509933,147.30599554889503,3.305742966324619,10.528747520736072,53.68803563645737,0,2026-08-25 06:31:47
2024-01-08 02:05:00,CNC-03,H,297.9412218270289,311.3566110628364,2692.0158561034536,20.930310799666724,143.1321699464484,3.3650361896831256,10.38889059369212,56.19641563819345,0,2026-08-25 06:31:47
2024-01-08 08:17:00,CNC-02,M,295.82435362999547,310.4738652024866,1587.1122251145673,45.49805584798146,173.65989860390994,2.6648926102765964,13.466746304994304,62.10646834925204,0,2026-08-25 06:31:47
2024-01-08 09:49:00,CNC-01,L,297.6604077595595,311.8138984275635,1444.0655633718136,47.144415835093525,148.97388470969756,2.3817977750750576,12.585931968940518,54.828722132088735,0,2026-08-25 06:31:47
2024-01-08 12:10:00,CNC-03,H,297.1117223903905,310.7218015691192,1320.509748838885,50.28021782863928,19.142134464676058,1.8683679415485361,12.440850483622505,62.02420645326908,0,2026-08-25 06:31:47
2024-01-08 00:04:00,CNC-03,H,298.8391455468617,310.06298225800157,2689.656064307931,13.495653692758163,12.470077879307146,3.2902745964739157,6.80310524628806,52.51674613079334,0,2026-08-25 06:31:47
2024-01-08 10:17:00,CNC-02,M,296.34281306309293,310.757447239259,1391.4293326741727,,152.63834718057217,2.319758972655595,12.917876633233533,57.67839309580866,0,2026-08-25 06:31:47
2024-01-08 23:52:00,CNC-01,L,300.31502698216326,311.1611701237862,2806.899695302726,11.57664382025299,9.498494864388642,3.3653945537393146,5.9593540517279395,50.323521296699,1,2026-08-25 06:31:47
2024-01-08 13:30:00,CNC-03,H,297.1425864424666,311.6594917544409,1529.3684573125283,46.699488396552546,146.00954531061763,2.3163936212093157,13.440519973715515,56.78323434306667,0,2026-08-25 06:31:47
2024-01-08 13:23:13,CNC-01,L,298.8462079893186,312.5235479193508,1376.6027087017621,48.442431714434036,52.41803136226151,1.9305673780508403,12.330541534776021,56.43866364270028,0,2026-08-25 06:31:47
2024-01-08 14:09:53,CNC-03,H,297.4746951997232,,1536.0978112467378,47.3432160752088,209.81325517609713,2.762443712880201,13.77683486193162,60.91032795204664,0,2026-08-25 06:31:47
2024-01-08 00:19:00,CNC-03,H,299.0787716479127,311.32068929283565,2495.0466001701043,19.346293900861674,28.3895503852597,2.991096416072855,9.026761049388863,53.243156967424895,0,2026-08-25 06:31:47
2024-01-08 03:29:00,CNC-01,L,297.5949836545881,309.5066422060446,2494.116493617444,17.029958945012773,69.6769687316158,3.121465637953655,7.869854451450936,55.26950947886566,0,2026-08-25 06:31:47
2024-01-08 07:30:00,CNC-02,M,295.97207071003277,310.1164520330355,1671.2232476623108,41.020392363065106,105.45710971787288,2.4329328443294513,13.299243360263233,60.295354691853966,0,2026-08-25 06:31:47
2024-01-08 03:07:00,CNC-02,M,297.4541759162351,309.60212393222565,2327.647034106366,20.82286889151254,1.1565961463136611,2.8789391097687007,8.876317463657116,55.38535141051516,0,2026-08-25 06:31:47
2024-01-08 21:21:00,CNC-03,H,300.08912083067327,312.0054751158701,2547.2517635080544,18.036898198257045,16.730927829596077,3.113829483151362,8.642993155385165,53.46728519581268,0,2026-08-25 06:31:47
2024-01-08 13:17:00,CNC-02,M,297.124712979091,312.2798693011103,1411.4770351370082,51.90073177673645,215.65879038778917,2.8025965894558578,13.699765544162412,53.9564289295055,0,2026-08-25 06:31:47
2024-01-08 17:57:00,CNC-03,H,299.2947600836064,312.80093247967176,1981.0696217358154,33.67831549573734,43.20397714758447,2.4441236907430177,12.420401445482769,54.26972658928452,0,2026-08-25 06:31:47
2024-01-08 23:36:00,CNC-03,H,299.5257782973005,312.33930791947523,2722.590924390575,17.92041972726741,163.2327947264413,3.591216441437228,8.956164141919283,52.51845621151331,0,2026-08-25 06:31:47
2024-01-08 22:36:00,CNC-01,L,27.787137925233253,40.338535276775644,2717.455199854679,16.46290346681595,145.27788904674523,3.5588367613885734,8.596996694364389,51.753509847566285,0,2026-08-25 06:31:47
2024-01-08 16:09:00,CNC-03,H,298.5841634766422,312.8113870260304,1724.7932223461205,40.143668591828565,155.20265077404565,0.0,13.18027841318184,54.55342165846001,0,2026-08-25 06:31:47
2024-01-08 07:19:00,CNC-01,L,297.2626533158153,312.29148662631314,1797.5478917575952,42.289311545844114,161.22104140047475,2.883658357093302,14.21714901538888,55.78638728183853,0,2026-08-25 06:31:47
2024-01-08 08:59:00,CNC-01,L,297.43520434500437,311.70864955598955,1686.4415911593894,43.51147114887557,71.86768470017421,2.226912323499143,13.814067245907339,57.6627463071848,0,2026-08-25 06:31:47
2024-01-08 00:57:00,CNC-02,M,298.55760189605377,310.6302774570276,2681.052226779719,15.786059769395525,73.47773906167177,3.36489365838402,7.9467286404302,54.3056008872584,0,2026-08-25 06:31:47
2024-01-08 12:11:00,CNC-03,H,296.75291716619364,310.7068680400495,1356.3834770324563,1335.729021189541,20.74213446467606,2.0716432149174064,13.402722039769833,61.19331473911542,0,2026-08-25 06:31:47
2024-01-08 21:39:00,CNC-01,L,301.2225576113771,313.8453353507638,2557.077534035501,20.871163875197116,83.02807568194402,3.205558004728402,9.816014423647722,48.91830810679659,0,2026-08-25 06:31:47
2024-01-08 09:58:00,CNC-01,L,297.5958181255156,312.0950794621651,1308.1246780786598,54.21976125993739,162.9898545595914,2.3570043457414815,13.21169275521955,54.69140076716575,0,2026-08-25 06:31:47
2024-01-08 10:10:00,CNC-02,M,296.1661173807507,310.8803948400871,1383.2806215087833,52.42255028124434,141.5982240984385,2.243430346820537,13.339215094052346,58.66776513083751,0,2026-08-25 06:31:47
2024-01-08 23:25:00,CNC-02,M,299.3553891831037,311.9392890893916,2716.0576744698706,14.994046885008096,124.88253848271374,3.4643232515363858,7.489004864455074,57.78944516425677,0,2026-08-25 06:31:47
2024-01-08 06:02:00,CNC-03,H,28.75142244448955,37.352111283508236,2067.815507622219,34.031496832668715,177.90985935298644,3.024112060883952,13.292946155221516,45.904210198989645,0,2026-08-25 06:31:47
2024-01-08 20:15:00,CNC-01,L,301.26679570299723,315.4732190325864,2538.2449536197278,25.9800390358098,205.8382094407405,3.8906023440017634,12.422633207247676,47.68297229417404,0,2026-08-25 06:31:47
2024-01-08 00:53:00,CNC-03,H,298.6305293184186,311.3500307800818,2630.029357567613,21.12909645161907,64.74229373420849,3.230115716348111,10.404890701993669,52.03590319155596,0,2026-08-25 06:31:47
2024-01-08 21:58:00,CNC-01,L,27.886281390077272,40.01762829165955,2497.869504697792,17.325124246494315,104.22465544684655,3.112665973160656,8.114941782053041,48.35960450239478,0,2026-08-25 06:31:47
2024-01-08 21:44:00,CNC-03,H,299.79636931010896,311.9082489328332,2601.886556443466,18.209072646329044,42.22803752591101,3.0937302635590327,8.845704214400344,49.708333227352675,0,2026-08-25 06:31:47
2024-01-08 13:54:00,CNC-03,H,297.21032910548354,311.78808593279973,1498.46215487683,49.67677143632824,183.5349077750311,2.6093247992351842,13.955774468509752,55.55286498293497,0,2026-08-25 06:31:47
2024-01-08 13:38:00,CNC-02,M,297.11048082335265,311.2567699213499,1385.6349192283005,48.58827715897331,23.72112100583307,2.0074398907322286,12.621222796101481,59.9909022184804,0,2026-08-25 06:31:47
2024-01-08 21:22:00,CNC-03,H,300.0270139662646,311.4625684968611,2406.1988511378004,16.230780333457584,17.872369590426928,2.9816031526024678,7.223163317245371,49.26152144271275,0,2026-08-25 06:31:47
2024-01-08 00:53:00,CNC-02,M,298.73065970144825,310.80683876386564,2786.940764789595,15.958689990489322,69.18887537002718,3.3104877372653703,8.371315117839682,53.35606816952988,0,2026-08-25 06:31:47
2024-01-08 20:23:00,CNC-02,M,299.8209059470596,314.0926419092403,2345.039715111802,26.93285070969944,161.43227206377858,3.204855945592689,11.777007900640694,46.536013646599216,0,2026-08-25 06:31:47
2024-01-08 02:46:00,CNC-01,L,297.87561793267423,309.79733914588644,2553.5115149021426,17.914621493964905,20.182741966735794,3.0907552167292023,8.609029721337052,55.95236894460605,0,2026-08-25 06:31:47
2024-01-08 19:44:00,CNC-02,M,299.9360416203279,314.093039870592,2252.507867439144,28.13421148115148,115.17762322904734,2.9988602505593756,11.721659604149705,51.94872815571054,0,2026-08-25 06:31:47
2024-01-08 05:13:00,CNC-01,L,297.727755432781,312.1075127649854,2228.095709423471,31.966282907421313,196.43620077200492,3.5521094171634857,13.202724135161105,59.02691195086225,0,2026-08-25 06:31:47
2024-01-08 15:10:00,CNC-03,H,298.0782887633984,311.94007395959636,1639.6704810905082,40.64465378868615,67.81189793240252,2.3416069722056823,12.415832991248056,55.51359651833905,0,2026-08-25 06:31:47
2024-01-08 05:24:00,CNC-03,H,301.890153843271,309.5371188994654,2076.214269700425,31.078297368972034,128.35360976148667,2.7438348567430517,12.143003932003303,49.87037436300104,0,2026-08-25 06:31:47
2024-01-08 17:10:00,CNC-02,M,298.9376283807499,312.8134664737266,1907.7756265450723,32.61493596667445,126.59599495163285,26.7433934815841,11.636365247688234,50.59286197609672,0,2026-08-25 06:31:47
2024-01-08 01:30:00,CNC-03,H,298.0603244306812,310.82991750961145,2623.709090743517,20.377417002765277,104.67677947295324,3.206953649517013,10.01897067759965,54.197536950793804,0,2026-08-25 06:31:47
2024-01-08 17:37:00,CNC-01,L,300.82290761012183,313.9624682024999,1988.0588201066187,32.3948947456396,5.38252137765019,2.5630288959598215,11.913423524473888,51.23356233032056,0,2026-08-25 06:31:47
2024-01-08 12:41:00,CNC-02,M,297.2481442335426,312.36255994108694,1401.0546299764985,54.52247019087261,158.65556443266328,2.322936402916538,14.171445266436036,54.48246843938693,0,2026-08-25 06:31:47
2024-01-08 17:06:00,CNC-03,H,298.4430990985145,313.9458378167939,1996.2210400119845,,236.14695752699532,3.3436463551137416,14.710860424378653,51.463359927782,0,2026-08-25 06:31:47
2024-01-08 20:42:00,CNC-03,H,299.94386341725203,314.25591695203303,2526.8021560680204,24.30807332844777,247.49694078364786,40.01002215664331,11.602154054751303,54.00429781466441,0,2026-08-25 06:31:47
2024-01-08 14:14:00,CNC-01,L,299.4468324090872,314.0033958394752,1525.3155573048607,46.88690362045355,,2.3843286370240078,13.20790433440324,51.80033307251307,0,2026-08-25 06:31:47
2024-01-08 20:26:00,CNC-02,M,299.9760833814006,313.4566865090588,2596.1313457582874,21.182384516033732,164.93518612222763,3.4627945119693635,10.021803729568244,48.667397756396106,0,2026-08-25 06:31:47
2024-01-08 22:14:00,CNC-01,L,27.870310067759476,40.26447945028582,2657.1118107812254,16.837984849970017,121.48357337275132,3.469840132447559,8.265518153622555,53.360422102861186,0,2026-08-25 06:31:47
2024-01-08 20:30:00,CNC-01,L,301.00330838603855,313.61884471541345,2472.3335525797056,21.984807018811246,4.703049918144476,3.086431740063203,10.055308812167958,50.72387408264345,0,2026-08-25 06:31:47
2024-01-08 20:40:00,CNC-01,L,301.05413056064407,314.207807553843,2470.15681317781,24.183934055175897,16.335215723471524,2.9010918873980267,11.027836921533119,53.48188224125377,0,2026-08-25 06:31:47
2024-01-08 17:28:00,CNC-02,M,298.8603946290865,313.73467243292527,1902.5654875007187,38.387008924050214,151.57484004147886,2.7177264289971417,13.69321352898255,56.47852245109157,0,2026-08-25 06:31:47
2024-01-08 04:55:00,CNC-01,L,297.66337356179747,311.89136718336454,2226.731261509477,29.615603108320325,173.67853616896045,3.2513826465922664,12.529529435032336,49.102079581467706,0,2026-08-25 06:31:47
2024-01-08 15:30:00,CNC-02,M,303.69201525191926,,1742.3347946230585,44.039803979088866,195.73957511689832,2.9418197163818935,14.328782225244897,43.12436800821333,0,2026-08-25 06:31:47
2024-01-08 12:47:00,CNC-01,L,298.60200546220835,312.5432207020769,1210.668817817032,53.20957853925175,200.16551878389114,2.705952103591902,12.002628504605749,55.73202685125139,0,2026-08-25 06:31:47
2024-01-08 18:01:00,CNC-01,L,300.9721269175354,314.1214676256343,1969.3911640161414,30.88912548075414,37.54977266157443,2.573425712096075,11.477971904730873,49.342267318152764,0,2026-08-25 06:31:47
2024-01-08 08:40:00,CNC-02,M,295.65461443422333,309.42724624902013,1638.631705519816,41.47482080684198,2.9519117888040114,2.375209706110592,12.743845854838408,60.64519523463808,0,2026-08-25 06:31:47
2024-01-08 18:53:53,CNC-03,H,299.5294439509131,313.4752419966045,2091.869958608691,32.252147272985795,117.05632997467544,2.7185841425429924,12.690050317570824,54.34771379381804,0,2026-08-25 06:31:47
2024-01-08 04:48:00,CNC-02,M,296.5609602064615,310.49857902782054,2288.1421355889543,28.916822919860746,122.0281934623995,2.9874086908080533,12.358268344514448,58.70410783386405,0,2026-08-25 06:31:47
2024-01-08 00:28:00,CNC-03,H,298.8857380608173,310.19978885099124,2531.587378614553,15.062489938374835,38.12209033355114,3.086878575947149,6.906698289331512,54.212478147349685,0,2026-08-25 06:31:47
2024-01-08 17:42:00,CNC-02,M,299.0738175755701,313.61512368067855,2011.23378970123,35.1342648526401,170.6163528913049,3.0213710013975534,12.958096933868497,51.640894870016226,0,2026-08-25 06:31:47
2024-01-08 02:15:00,CNC-01,L,298.27442255466485,312.4925003825995,2524.4083058596857,25.514789733696777,176.13491862716603,3.5529834436101395,11.984278207824133,60.14121835417211,0,2026-08-25 06:31:47
2024-01-08 14:45:00,CNC-03,H,297.54190078221836,312.0636335618411,1457.3032153453432,51.40103769213466,29.44253191924663,2.091003576103318,13.923632910313888,56.5825528457118,0,2026-08-25 06:31:47
2024-01-08 09:35:00,CNC-03,H,296.27818024231567,309.79117163173555,1490.8964492218736,44.153932760404075,278.2172668596914,2.1506847673580856,12.347480118166496,55.812996539786205,0,2026-08-25 06:31:47
2024-01-08 20:58:00,CNC-03,H,299.82037321147726,313.8831337850191,2520.92850936542,23.744813550021618,265.9043294817726,4.219256018067254,11.209779070367448,46.813339932865496,0,2026-08-25 06:31:47
2024-01-08 00:32:00,CNC-02,M,298.68884636080685,311.2802316158192,2812.7544595627924,18.369104913821914,46.84894049633837,3.3609944696115255,9.550511717781424,51.17352523106144,0,2026-08-25 06:31:47
2024-01-08 16:26:00,CNC-03,H,298.45948240876146,313.5213231714075,1781.798840954617,43.873449738884496,179.79201180029574,2.7383840089800935,14.676915848767575,55.83023550453084,0,2026-08-25 06:31:47
2024-01-08 00:29:00,CNC-02,M,299.07464899406887,310.8912288026535,2585.5258946098197,15.63824176994572,43.637152548360554,3.142470780551055,7.595060595028613,53.575603826349415,0,2026-08-25 06:31:47
2024-01-08 05:08:00,CNC-01,L,297.47585335498263,311.3411276215563,2223.07884578478,28.482971225466795,190.14665160174812,3.4177845481207245,11.843411511154255,52.551911727173014,0,2026-08-25 06:31:47
2024-01-08 22:52:00,CNC-01,L,27.51478839905934,40.03522302426887,2632.1612239513847,18.54289809312092,162.5141383065617,3.6316129755502398,9.083032147767767,50.86761213895933,0,2026-08-25 06:31:47
2024-01-08 12:14:00,CNC-01,L,298.3883548521642,312.93303416646916,1365.1857024425988,51.17773972098174,147.7691089565287,2.44155822364847,13.043018222420766,53.78489149182842,0,2026-08-25 06:31:47
2024-01-08 19:27:00,CNC-02,M,299.86411014522866,313.8079316685697,2100.009088286631,30.990722244601375,94.33612373971842,2.8142784106101355,12.205446485083472,49.70789794827221,0,2026-08-25 06:31:47
2024-01-08 00:23:00,CNC-03,H,299.08750567987283,311.51619284823624,2685.055902800528,18.41584044591683,32.720904570025205,3.2044567708932523,9.103432023946741,54.59249879948982,0,2026-08-25 06:31:47
2024-01-08 03:17:00,CNC-02,M,297.2199855667275,309.3291273058171,2506.43033066882,18.25426333574252,12.750122673120158,3.134780155947121,8.610475932934149,57.848074994137264,0,2026-08-25 06:31:47
2024-01-08 04:31:00,CNC-03,H,296.5780381757193,309.82508599586913,2288.6534921904536,27.142253261926747,61.5817360131075,2.7857146717653496,11.779724887027404,50.87425650502653,0,2026-08-25 06:31:47
2024-01-08 19:49:00,CNC-03,H,299.4894236919163,313.19389818002594,2512.3628506185987,22.662774151779814,184.75899569319913,3.3846087613531384,10.431425773895471,53.625964653168445,0,2026-08-25 06:31:47
2024-01-08 10:15:00,CNC-03,H,296.19958458411736,310.2861659473987,1653.711001149963,41.99046024766358,71.50755342948132,2.379126175700667,13.151909771919282,55.60574452075345,0,2026-08-25 06:31:47
2024-01-08 22:47:00,CNC-02,M,26.290152203405114,38.47366819222617,2763.2346127278593,15.47364929948465,84.29329731044038,3.297223265378613,8.056057865746089,49.927975517024535,0,2026-08-25 06:31:47
2024-01-08 21:58:00,CNC-02,M,26.539042776482233,38.71908018282437,2664.699624745418,16.515254977108356,31.219377547267836,3.2416302192490316,8.03412028689527,52.27895580539712,0,2026-08-25 06:31:47
2024-01-08 02:14:00,CNC-02,M,297.8684988000236,312.01229611877216,2445.8995690804245,26.87727183193979,157.21340275465766,3.2948904430023678,12.40038591374549,56.907120170910055,0,2026-08-25 06:31:47
2024-01-08 13:02:00,CNC-01,L,298.451963777678,312.7210515860449,1441.6178854434763,52.95682100787093,20.54907580902143,2.1297674910463114,14.33208613661258,59.546413409310915,0,2026-08-25 06:31:47
2024-01-08 01:55:00,CNC-01,L,298.176185376762,311.32204197634593,2605.3910826013407,20.900634131850033,153.8607463915659,3.450844309943706,10.053399390797361,49.98678104916401,0,2026-08-25 06:31:47
2024-01-08 22:17:00,CNC-01,L,27.853525395829536,41.07191946901895,2748.4928316740825,20.210445336202156,124.71294781143781,3.538740304819257,10.464908358847943,51.02515075079667,0,2026-08-25 06:31:47
2024-01-08 04:03:00,CNC-02,M,296.9435431287287,310.0880066079226,2414.1692944832253,24.178127396482953,67.04621437005113,2.865134362746723,11.466547007401157,52.83279237306595,0,2026-08-25 06:31:47
2024-01-08 00:44:00,CNC-03,H,298.7697849334434,310.73831260995456,2592.4334104250042,15.868342763022353,55.15846243788879,3.124793656589238,7.844473803406053,55.79471851405964,0,2026-08-25 06:31:47
2024-01-08 02:29:21,CNC-01,L,297.95207790636886,310.1437589913092,2380.572505064824,21.052520341018738,0.0,2.878419399228954,9.393027560686672,52.43513855867676,0,2026-08-25 06:31:47
2024-01-08 13:34:00,CNC-02,M,297.27631935369635,311.3858468447622,1429.1648747409458,48.37174932010333,17.321121005833064,1.962195496629847,13.047937803050774,58.05015993468625,0,2026-08-25 06:31:47
2024-01-08 12:05:00,CNC-03,H,296.8802468108533,309.95558852872597,1315.793346861458,46.08810799322421,11.157357839745776,1.9718738406459397,11.525022686529791,55.46981366155173,0,2026-08-25 06:31:47
2024-01-08 09:50:23,CNC-03,H,296.2569029185744,309.76281935131186,1477.068723136813,44.14294457570974,32.73527410581073,2.124673672540419,11.917959543287974,60.07876594602072,0,2026-08-25 06:31:47
2024-01-08 22:44:00,CNC-03,H,26.43184071226318,38.4473432615095,2709.567582028784,16.81463307598049,107.67411360285124,3.385332925013563,8.724862132213403,49.93761620882802,0,2026-08-25 06:31:47
2024-01-08 14:52:00,CNC-03,H,297.87144054446367,311.6058548592126,1430.7019392264183,46.7188574067349,40.184584648755575,1.9882968033490522,,61.15784348062631,0,2026-08-25 06:31:47
2024-01-08 04:54:00,CNC-02,M,296.93147289518,311.1977279543829,2169.628332005129,31.95136922560397,129.5935075040437,0.0,13.139486957761893,56.02058926506441,0,2026-08-25 06:31:47
2024-01-08 20:14:00,CNC-02,M,299.8907089657029,314.0961549810249,2469.7860211531224,25.52083889503893,150.84595334761468,3.2059767672263613,11.921658845358055,50.10577370569585,0,2026-08-25 06:31:47
2024-01-08 14:20:00,CNC-02,M,297.5330195697597,312.0559846346649,1437.2652070443216,50.04601979981946,,2.218985681446899,13.309716496454726,54.59470491015151,0,2026-08-25 06:31:47
2024-01-08 05:14:00,CNC-03,H,301.9864050759585,309.9523766338679,1983.159107444655,34.626592392354475,115.52702559892536,2.7021607292767102,12.476812876591882,53.44769252168565,0,2026-08-25 06:31:47
2024-01-08 04:24:00,CNC-02,M,296.7236834354484,310.51432587494634,2205.285436868968,29.1660052999129,92.4587329101588,2.8754434930032073,12.080199321059622,58.84513725875875,0,2026-08-25 06:31:47
2024-01-08 23:33:00,CNC-02,M,298.908055794816,311.9277693618635,2806.9855497329527,17.54944132426138,133.44645233837863,3.577757255946179,9.354000759745535,53.03190014788074,0,2026-08-25 06:31:47
2024-01-08 05:29:00,CNC-03,H,301.9166241051526,309.8114747237172,2109.4956059033707,30.253931518207054,134.73879629677498,2.9250358816835433,11.846010389621249,48.67137760161392,0,2026-08-25 06:31:47
2024-01-08 08:03:00,CNC-01,L,297.7760001723833,,1624.074832321343,47.28064317124958,225.04261908826456,3.401599283822079,14.266049671268686,57.04024518831226,0,2026-08-25 06:31:47
2024-01-08 13:59:08,CNC-01,L,299.0832744868776,313.2465620457474,1369.7488202854558,51.66817626326437,110.7937044545682,2.2112353952396853,13.697369309734759,54.45832152402418,0,2026-08-25 06:31:47
2024-01-08 06:03:00,CNC-01,L,24.600494378633186,38.078201576629226,1898.426420157338,33.809992671698495,56.35497928556169,2.611265215667682,12.082816400717507,58.04892450253758,0,2026-08-25 06:31:47
2024-01-08 21:13:00,CNC-02,M,299.9311264659765,314.3772543912684,2587.5311807104663,24.872869801763507,218.63934604453922,3.9348053031440715,11.947855133766291,50.56175613431451,0,2026-08-25 06:31:47
2024-01-08 05:42:00,CNC-03,H,301.73170415589146,310.0192289139408,2051.6203616810935,33.806561728508754,151.59436344336837,2.937201524275317,12.76008228613863,48.22548326477041,0,2026-08-25 06:31:47
2024-01-08 12:35:00,CNC-02,M,296.79000979785263,311.210979173475,1414.3130624674848,50.59759964479534,149.21720064681094,2.3262753842807857,13.437838026993166,54.68694553637513,0,2026-08-25 06:31:47
2024-01-08 14:14:00,CNC-03,H,297.46526511444364,312.16175970336934,1428.3467713625694,50.79389828097854,214.42997621278892,2.7829367833757814,13.520984941606764,54.28151331895878,0,2026-08-25 06:31:47
2024-01-08 04:02:00,CNC-03,H,297.0283751248246,309.8971937011068,2271.9763778905613,25.766847520648554,26.349895956712786,2.9345416852678645,10.984015317209671,55.18541315657858,0,2026-08-25 06:31:47
2024-01-08 08:10:00,CNC-01,L,297.66012356849876,312.901371948588,1651.5331675876753,,235.32168081137488,3.4575824781503117,14.309895087200356,54.15021576822954,1,2026-08-25 06:31:47
2024-01-08 04:48:00,CNC-01,L,297.7141063822061,311.9222422540829,2236.7781783570563,30.33798542927242,164.8475230751258,3.245187978732922,12.624590979696451,53.97132917139671,0,2026-08-25 06:31:47
2024-01-08 02:45:00,CNC-02,M,297.6035136637627,311.3724850523283,2572.9913882252927,23.450721552246385,192.06902151727658,3.6871309085290696,11.269392513780755,55.77122177562878,0,2026-08-25 06:31:47
2024-01-08 10:56:00,CNC-02,M,296.2294443365352,311.13124936793525,1410.0614159173242,50.20498062558589,214.3417456833438,2.822785960107711,13.396988764537138,63.84144043697154,0,2026-08-25 06:31:47
2024-01-08 22:10:00,CNC-03,H,26.770708120481515,39.97898375614392,2531.033697808736,23.295494131956307,70.8935904356786,3.015464812110656,10.965726413184248,53.42078483484465,0,2026-08-25 06:31:47
2024-01-08 16:45:00,CNC-01,L,300.5296539653415,314.8479753293002,1774.701955911855,39.84058761076227,137.65692738245764,2.608782384396019,13.080819567144594,49.76177815767715,0,2026-08-25 06:31:47
2024-01-08 01:31:00,CNC-01,L,298.70081002929584,310.89262708634413,2834.254318580811,14.433488000439356,127.9054712659084,3.4385423438758522,7.7668809584966665,55.5582622079806,0,2026-08-25 06:31:47
2024-01-08 08:26:00,CNC-03,H,295.7579035982821,310.2553390848862,1417.557260487693,52.26448163380174,127.12906224914568,2.072051642287707,14.11620118964394,56.22867578375551,0,2026-08-25 06:31:47
2024-01-08 08:28:00,CNC-01,L,297.5366764369566,311.2931557739127,1503.021998664049,45.06555357397623,25.327896948642728,2.1214100305238963,12.424550369308518,55.6653698906717,0,2026-08-25 06:31:47
2024-01-08 23:36:00,CNC-02,M,298.85742271557524,312.6517353260056,2636.7790033915817,22.237930167871866,136.6179491307893,3.4011808993144643,11.081753496611993,50.50962448127106,0,2026-08-25 06:31:47
2024-01-08 06:28:00,CNC-03,H,28.763031522603058,37.66454401325535,2030.3747866652498,36.19942578818412,213.17611604690327,32.99792935489199,13.704872234010589,51.93968422656097,0,2026-08-25 06:31:47
2024-01-08 18:14:00,CNC-03,H,299.3567283927421,313.04188847537307,2135.3112907578397,30.347028042554182,65.72128815823345,2.7008061018644876,11.841605852739304,52.74133695972072,0,2026-08-25 06:31:47
2024-01-08 07:14:00,CNC-02,M,295.52982163855864,310.4432272179748,1854.5935842038552,43.71525962956518,82.72219537715675,2.532660635541082,15.36245229958516,60.37425579500164,0,2026-08-25 06:31:47
2024-01-08 07:27:00,CNC-01,L,297.3804735432385,311.8107996857246,1623.818269318156,44.31431752419104,172.73744184512574,2.724760362763753,13.213526272562698,54.26779432213478,0,2026-08-25 06:31:47
2024-01-08 17:41:00,CNC-03,H,299.1744105143628,313.86442407814843,1944.7887616090882,41.39356492799682,21.671542372568208,2.516284770274531,15.149689942452738,51.60807935598519,0,2026-08-25 06:31:47
2024-01-08 11:10:00,CNC-03,H,296.78261915110517,311.27850162236103,1409.0741787681059,51.96107363298855,158.3314581887248,2.240829912860907,13.668287740875243,59.34215777934128,0,2026-08-25 06:31:47
2024-01-08 08:49:00,CNC-03,H,296.12876411473536,311.31311464169795,1483.5974101471354,52.8367696879363,161.61641059236862,2.381095343001614,14.622031764178336,55.209420392433884,0,2026-08-25 06:31:47
2024-01-08 20:13:00,CNC-03,H,299.5764047691046,314.2646487143492,2255.5430227168567,30.772964215128646,213.4313423777347,3.520585295057797,13.206052522348928,54.65059572981209,0,2026-08-25 06:31:47
2024-01-08 13:18:00,CNC-01,L,298.9549997102702,312.9276300211932,1426.6736353190317,48.85060911027122,46.08592410540598,2.032905696607047,13.164307491794446,54.080788848270096,0,2026-08-25 06:31:47
2024-01-08 16:51:00,CNC-01,L,300.3908136430027,315.2253106159691,1825.1355781307093,41.49268370354333,146.22741751134012,,14.14370577506322,52.609359583255355,0,2026-08-25 06:31:47
2024-01-08 09:54:00,CNC-02,M,295.80427768496986,310.2134382740302,1527.536438100338,45.16579554386768,116.52435467495413,2.2470838817949765,12.8992328223799,58.80375714679085,0,2026-08-25 06:31:47
2024-01-08 14:24:32,CNC-01,L,299.5317357441746,314.3144799024871,1384.1295614574583,52.48200402680349,151.1149948472337,2.28331026544008,13.632215016217438,51.135445504227086,0,2026-08-25 06:31:47
2024-01-08 12:22:00,CNC-03,H,296.7291447954921,310.5538337985642,1462.5559899825723,48.173080271348454,38.11956650211208,2.2054998531622942,13.343913120347754,54.49848990719558,0,2026-08-25 06:31:47
2024-01-08 04:52:00,CNC-01,L,297.87013114945825,312.5992843815335,2088.413904975494,35.50631455601955,169.9305342085659,3.1155685898574,13.972482019088842,58.45729870099404,0,2026-08-25 06:31:47
2024-01-08 01:54:00,CNC-03,H,298.1611160259744,311.31251217995606,2656.271692954429,20.964840739769993,131.04736488467503,3.361354152542335,10.182483881028396,50.37868458203347,0,2026-08-25 06:31:47
2024-01-08 14:27:00,CNC-03,H,297.6860163409193,311.5598938408829,1520.6716447662038,46.330939301985225,1.5423542585508732,2.1457614982507347,13.066460578621728,58.748552042034675,0,2026-08-25 06:31:47
2024-01-08 14:16:00,CNC-03,H,297.52836583859715,312.353366188072,34739.684340170345,55.022629157027005,217.5694394192677,2.7489082342227893,13.755085873941335,52.51518082874374,0,2026-08-25 06:31:47
2024-01-08 20:15:00,CNC-03,H,299.69451538445276,313.6348517269382,2488.2606948817124,25.272607898757872,215.76867685248297,3.7867151696211243,11.822486452646567,54.04101337946578,0,2026-08-25 06:31:47
2024-01-08 21:25:00,CNC-01,L,301.30273493775434,313.4243794543855,2532.771737615299,17.541299561935443,67.4194788333074,3.075332778870214,8.216994220988333,52.94615445116992,0,2026-08-25 06:31:47
2024-01-08 21:08:00,CNC-03,H,299.7735743017085,311.6266126570407,2520.0407736351694,17.107915248790547,2.233218471332374,3.0756064461320936,8.325165889160132,49.783038421302564,0,2026-08-25 06:31:47
2024-01-08 09:35:00,CNC-02,M,295.95957911511465,310.7216651600684,1481.8239126017354,52.44625547117508,87.03688425316584,2.1666224288222975,14.521697913604676,55.93831093930265,0,2026-08-25 06:31:47
2024-01-08 10:19:00,CNC-02,M,296.098131314518,310.5628130401036,1375.8038516823365,51.10665358231679,155.79101048615138,2.2697648602257847,13.218054389384516,57.7817640480228,0,2026-08-25 06:31:47
2024-01-08 03:24:00,CNC-03,H,297.3855511456389,311.4377057597797,2483.8512544637997,24.536808156882643,,3.895639764274616,11.564521976635245,54.33778737507372,0,2026-08-25 06:31:47
2024-01-08 03:27:00,CNC-03,H,297.500853830967,311.6615167265448,2505.504367715293,25.44044211940845,235.63308299444344,3.944305106324177,11.921150026826885,54.63731596251515,0,2026-08-25 06:31:47
2024-01-08 04:43:00,CNC-02,M,296.54190338062165,310.5896619540836,2245.052095327266,30.189356042499725,115.80479860346964,2.9122860853168757,12.589556008493547,1276.5011647215636,0,2026-08-25 06:31:47
2024-01-08 19:05:00,CNC-02,M,299.7858429221451,312.96964197574476,2248.8837218787166,24.200938086263065,67.00695073391464,2.8800518305489775,10.236073171609396,50.2311160805137,0,2026-08-25 06:31:47
2024-01-08 08:46:00,CNC-01,L,297.61404427556596,312.3123236449636,1578.1823410607478,50.00255742264613,52.295611698088045,2.201222658677049,519.1134870509346,55.156861286656216,0,2026-08-25 06:31:47
2024-01-08 21:46:00,CNC-03,H,299.7868415131173,310.8023324435638,2496.646612900653,12.924947876829034,44.46564626460837,3.0607207419089626,5.953113615823449,50.451262238591426,1,2026-08-25 06:31:47
2024-01-08 12:03:00,CNC-01,L,298.41589565206016,312.790759703756,1360.414929211596,52.99674896958652,130.275580022337,2.199079169121379,13.139903147771305,57.05750844901821,0,2026-08-25 06:31:47
2024-01-08 18:37:00,CNC-02,M,299.89825054496333,314.11782523838593,2029.6214244344599,35.48818592780186,31.38209752318397,2.6251474145630156,13.450450600513332,49.24413893916349,0,2026-08-25 06:31:47
2024-01-08 20:24:00,CNC-01,L,301.53135660866354,314.91658589283713,2434.469971283758,22.86035748659082,216.2981193950828,3.958942292839064,10.436538047306854,48.9596386424132,0,2026-08-25 06:31:47
2024-01-08 16:43:00,CNC-02,M,298.5543439846742,312.8401675179449,1676.0713638763016,40.31773494960474,88.54550547864045,2.4452476239728496,12.985617286967416,54.91314448860671,0,2026-08-25 06:31:47
2024-01-08 11:12:00,CNC-02,M,296.2678944046449,309.9792088534953,1326.4084838364759,48.467354732274416,17.52619523586433,1.9674489571107414,11.995005994084565,59.38750990056051,0,2026-08-25 06:31:47
2024-01-08 18:34:00,CNC-03,H,299.2152582950027,312.7394135701136,2083.137957355162,31.227913411098193,91.48400953537698,2.8201548488011507,12.112208559228032,51.657435993312426,0,2026-08-25 06:31:47
2024-01-08 22:35:00,CNC-03,H,26.580195914761703,38.50902290456719,2626.589724725838,15.622939518093588,97.94526717552667,3.240388292856486,7.672277305133633,54.25804715157982,0,2026-08-25 06:31:47
2024-01-08 19:01:00,CNC-02,M,299.7130250063971,313.29774557510456,2354.419996203037,25.675975582660588,61.960365539168585,2.904434570144458,11.213448316747938,53.68070796539691,0,2026-08-25 06:31:47
2024-01-08 22:52:37,CNC-01,L,27.816649689990413,40.242933450329815,2732.9364821649724,16.437366567074015,163.5705412231547,3.6349051561145527,8.648532989768228,52.39488451496018,0,2026-08-25 06:31:47
2024-01-08 12:31:00,CNC-03,H,296.73707468003585,310.68615912560534,1358.1196781854371,52.16379716452762,52.456387233047685,1.951855216947555,12.951333410750891,54.64293755895839,0,2026-08-25 06:31:47
2024-01-08 18:03:00,CNC-01,L,301.0550525284448,314.7616458582309,2062.7626704817862,32.4837266929954,40.192956346676894,2.659642836377668,12.561516341374508,48.72716591233362,0,2026-08-25 06:31:47
2024-01-08 09:48:00,CNC-03,H,296.3386119634609,310.60139239389895,1388.292966969043,53.72526828013425,29.60881844285121,2.069340535362975,14.105156205881954,57.43250733995306,0,2026-08-25 06:31:47
2024-01-08 04:28:00,CNC-03,H,296.4707604117139,309.74263667566197,2386.1739016290053,25.4676617950164,57.90642556988602,2.8837325883796936,11.045135641901982,53.23951108907237,0,2026-08-25 06:31:47
2024-01-08 01:28:08,CNC-03,H,298.1490790299738,310.7525856341154,2774.9980224785127,17.492545752557593,102.50870059082337,3.2982440145152685,9.044374170733741,56.1957415168763,0,2026-08-25 06:31:47
2024-01-08 08:00:00,CNC-03,H,295.86255320795607,309.9320104143294,1736.705559449578,41.38877961637466,88.85332796741926,2.3905376811431185,13.63866542278418,59.463683975282954,0,2026-08-25 06:31:47
2024-01-08 11:35:00,CNC-01,L,297.83253771349257,311.9810526175838,1364.1004958745038,52.181233261154475,85.77173743472306,2.184429169686525,13.186790435142436,56.18407970751614,0,2026-08-25 06:31:47
2024-01-08 17:35:00,CNC-03,H,298.9242660778027,312.7959443421429,2041.974429703841,34.69419852446925,13.57076140338424,2.581414006701113,13.254464234499927,53.842874577054396,0,2026-08-25 06:31:47
2024-01-08 14:17:00,CNC-01,L,299.34128455194855,313.7694680646302,1507.3074187132083,49.649387770270586,138.71768857490278,2.3836565334288484,14.156033087185335,53.56327945583295,0,2026-08-25 06:31:47
2024-01-08 16:59:00,CNC-03,H,298.79812679166423,313.73075724805614,1758.029305668803,41.986917270503305,226.44596296955683,3.218338291348394,14.014579920006387,53.21499025258576,0,2026-08-25 06:31:47
2024-01-08 04:30:43,CNC-03,H,296.9194851703254,309.6045096923731,2326.089211568578,22.96107131677695,60.34268717889433,3.03673966272353,9.868541927765913,59.45511072204934,0,2026-08-25 06:31:47
2024-01-08 19:26:00,CNC-02,M,299.9413809615301,313.48660960802005,2356.349572494246,23.803343916069075,93.0527642088278,3.1250180398313008,10.549430650407214,52.32763335789608,0,2026-08-25 06:31:47
2024-01-08 21:37:33,CNC-03,H,300.1373179131684,312.49667382274623,2484.997648528,19.790913819419238,34.5119882644865,29.164779946351633,9.137797595794789,57.701362992458755,0,2026-08-25 06:31:47
2024-01-08 23:28:00,CNC-02,M,299.20357819969234,311.9327636930761,2721.0507122676468,16.825466669988305,0.0,3.4261262386235645,8.575072393972047,55.62176925712511,0,2026-08-25 06:31:47
2024-01-08 22:04:00,CNC-03,H,27.006618861418872,39.233855745287656,2645.0760332118048,18.55926136677195,64.20398709447657,3.198533740275607,9.22137192184827,51.4478937073295,0,2026-08-25 06:31:47
2024-01-08 13:00:00,CNC-02,M,297.0010905054724,311.8273805991939,1378.6347330195297,52.27458630622059,188.83901877282784,2.560262775667042,13.481092009301776,0.0,0,2026-08-25 06:31:47
2024-01-08 03:14:00,CNC-01,L,298.29051427540895,310.61193902686205,2450.0871595748918,20.07125514175678,52.39478511340157,2.9666241791856307,9.158341604780246,52.78641190806693,0,2026-08-25 06:31:47
2024-01-08 05:28:00,CNC-01,L,297.1749762662187,310.08624330348005,2079.8958859016443,28.573649119769293,10.315091159054642,2.6883528654484823,11.284157650138582,53.69560217186843,0,2026-08-25 06:31:47
2024-01-08 22:11:00,CNC-02,M,26.28591495699726,38.88576444097623,,18.40795895583329,45.438428575192866,3.232627797616665,9.135040148735541,58.13829887946957,0,2026-08-25 06:31:47
2024-01-08 02:52:00,CNC-01,L,297.9038432589484,309.6958818233935,2557.547675238087,17.340140826343863,26.91121389748809,3.073365749786775,8.635482247155425,52.62616269161958,0,2026-08-25 06:31:47
2024-01-08 23:38:00,CNC-02,M,299.1423142237294,312.55813542883305,2638.658364168269,19.844321166636764,138.76737001628956,33.09234005783278,10.096505167271243,53.10285737754319,0,2026-08-25 06:31:47
2024-01-08 08:00:00,CNC-01,L,297.825216062276,313.119666820724,1662.9147571996361,48.696058036997975,220.51418264581946,3.369184294998222,15.06649245089968,54.90459618534466,0,2026-08-25 06:31:47
2024-01-08 02:09:00,CNC-01,L,298.1909658827361,311.8491446698831,2546.396290724436,23.502936077635667,169.37817053766636,3.55329576869982,11.366691410967183,54.0438891172236,0,2026-08-25 06:31:47
2024-01-08 21:06:00,CNC-03,H,300.17425461049186,312.1423270676509,,17.676555195207516,0.0,2.9983889102799055,8.355880352620304,51.66475523091498,0,2026-08-25 06:31:47
2024-01-08 18:48:00,CNC-02,M,299.94320149241776,314.3613490017289,2119.4946141647597,34.79049560449456,45.48010232732085,2.758111251730958,13.700968741332405,47.520474796329,0,2026-08-25 06:31:47
2024-01-08 04:27:00,CNC-03,H,296.4359112437193,309.886582177896,2409.2134893507687,26.767841902658812,56.700109473809206,29.45451475336299,11.956056260134812,53.20957872036037,0,2026-08-25 06:31:47
2024-01-08 14:10:00,CNC-02,M,297.4205407929988,311.33502283753666,1338.7477872907803,49.52952428773394,73.52032690935346,2.031566084756644,12.510075948851847,54.478937167499055,0,2026-08-25 06:31:47
2024-01-08 10:23:00,CNC-03,H,296.4414666060717,310.32273021347805,1369.730995742279,52.407219924470034,84.0651427541895,2.1484149077761225,13.395518052694095,60.743880633613486,0,2026-08-25 06:31:47
2024-01-08 13:07:00,CNC-02,M,296.95002699570955,0.0,1398.7313313923287,54.0144478958735,199.9270900276124,2.740755625305411,14.158086312735646,58.07537898118933,0,2026-08-25 06:31:47
2024-01-08 10:07:00,CNC-03,H,296.40558953073463,310.3461637165939,1384.485102053544,50.07949961739052,59.18248346409601,2.0155293707072937,13.039655329189092,58.32309070225627,0,2026-08-25 06:31:47
2024-01-08 11:34:00,CNC-03,H,296.65619527544766,311.1897383540684,1357.4615916409566,53.18220586413345,196.401310224283,2.573864099369493,13.49630467119754,59.13456153925632,0,2026-08-25 06:31:47
2024-01-08 19:26:00,CNC-01,L,306.81164556124946,314.1100648862878,2243.6151773544684,26.18377325404341,146.36378696285684,3.175384674419758,11.121549721544058,40.812381024672376,0,2026-08-25 06:31:47
2024-01-08 23:53:00,CNC-02,M,298.838600526268,311.08704603196753,2719.8723037259465,13.738661534188322,154.65016231303142,3.6152005667364207,7.32784412033262,54.23754444181092,0,2026-08-25 06:31:47
2024-01-08 08:27:00,CNC-03,H,296.2547555841647,311.3594859686513,1718.8564145300722,47.49525632946556,128.61834111447456,2.526920052456498,15.177493496445006,61.31528071467124,0,2026-08-25 06:31:47
2024-01-08 15:16:00,CNC-02,M,303.77416176816786,312.4014139878019,1705.422869815224,41.76183202496856,174.96575798407414,2.8424856878976787,12.951885619108499,46.81019110144525,0,2026-08-25 06:31:47
2024-01-08 20:36:00,CNC-01,L,300.88099373574573,313.47442230885633,2398.5445536752973,21.849840361237185,11.66874778382958,2.9619285346796898,9.787412904971376,46.44842499169207,0,2026-08-25 06:31:47
2024-01-08 10:40:00,CNC-02,M,296.07870154143416,310.80206185275347,1309.9867714186503,53.580884528434964,188.90192163247923,24.416355685780577,12.715615702204792,56.951423351922315,0,2026-08-25 06:31:47
2024-01-08 22:01:00,CNC-03,H,26.781422834759724,38.18362244832298,2768.6123274977126,12.950127612226604,60.992925056723124,3.3333662618228037,6.8044749110952205,59.77848003413135,0,2026-08-25 06:31:47
2024-01-08 05:51:00,CNC-02,M,296.06642606923305,311.38589165456233,1968.900935878195,39.42915982949087,203.12134019239477,3.3121456008519834,14.473171057131555,62.56565203138496,0,2026-08-25 06:31:47
2024-01-08 22:06:00,CNC-03,H,26.65410751729371,38.33206643406385,2679.292229799024,13.80094050969029,66.38423359637447,3.205486292258301,6.904612684092759,52.23981256345736,0,2026-08-25 06:31:47
2024-01-08 14:00:00,CNC-03,H,297.3567263332022,312.2280343287338,1397.9746005051952,52.530932414784324,192.87780939147564,2.505986068893965,13.810741210348583,59.36872364669032,0,2026-08-25 06:31:47
2024-01-08 02:33:00,CNC-01,L,298.2612670506836,310.2200744360518,2622.310775481754,17.360294381675715,5.7109842261635935,3.1216373764046192,8.59555693132377,51.34260761624441,0,2026-08-25 06:31:47
2024-01-08 19:10:00,CNC-01,L,306.85018422012195,314.47025597805066,2209.840206230667,27.895673526782737,126.46963959929043,2.9466937639509734,11.431365478953486,35.135471796151414,0,2026-08-25 06:31:47
2024-01-08 13:27:00,CNC-03,H,297.19568894565697,312.1261857014349,1427.7702408278005,53.40024827712214,141.27112305213114,2.2418865714619973,14.452669618552841,59.863022397030164,0,2026-08-25 06:31:47
2024-01-08 23:10:00,CNC-02,M,299.24057263925323,312.2651042299176,2783.623881128248,17.798442462519702,109.0451368509626,3.3949634888197786,9.155074397319469,54.67852577509731,0,2026-08-25 06:31:47
2024-01-08 21:26:00,CNC-01,L,301.079092159194,313.8651646286651,2529.2898710776194,21.08091865240331,68.53763579631965,3.1199421996072587,9.85485171296698,51.84831652858744,0,2026-08-25 06:31:47
2024-01-08 06:05:00,CNC-03,H,28.678750508071744,38.056733916510666,2067.313496028097,38.2737470688732,181.91856438788895,3.027898457844131,15.055272053979186,47.11855765460447,0,2026-08-25 06:31:47
2024-01-08 00:28:00,CNC-01,L,298.92116137644985,310.95604323557455,2720.6106881041787,16.51098165479122,60.88929621285736,32.20421156807711,8.295061069093588,52.99039505787818,0,2026-08-25 06:31:47
2024-01-08 04:28:00,CNC-01,L,297.7164185686837,311.4753934447803,2317.903220891094,26.765454638985414,140.2483041930196,3.2135848911238734,11.799239302005633,63.28699307569978,0,2026-08-25 06:31:47
2024-01-08 21:34:00,CNC-03,H,299.9647629911238,312.10913439668195,2627.1282238368653,17.29907483412341,31.104959539871338,3.2413717979510395,8.515652714869615,53.21235333938533,0,2026-08-25 06:31:47
2024-01-08 20:48:00,CNC-01,L,300.94955687597627,313.36529223016424,2518.777884955137,19.34192689364363,25.64357133572673,3.1657469844513133,9.334978919848453,50.304806276016244,0,2026-08-25 06:31:47
2024-01-08 13:38:00,CNC-01,L,299.47055669506096,313.3148620045473,1412.3979587419797,47.377011213124234,77.68005022987431,2.0120518558455953,12.441437700581655,46.85529755068112,0,2026-08-25 06:31:47
2024-01-08 03:26:00,CNC-02,M,296.9955450548368,310.0161860487277,2451.5040217411274,23.639354827618813,23.209321203827386,2.9511400091362816,11.046503823111891,60.67212201515934,0,2026-08-25 06:31:47
2024-01-08 18:19:00,CNC-02,M,299.44252567479083,8018.621516479844,2019.9598855460065,29.96376226978585,7.8684489986787405,2.6121424976351406,11.257909862053655,54.469173722070806,0,2026-08-25 06:31:47
2024-01-08 20:18:00,CNC-03,H,299.6541301140697,313.7758836394923,2355.364608479227,26.487708075175007,219.36179064090058,3.657145716813869,11.58035495510436,50.71824474716473,0,2026-08-25 06:31:47
2024-01-08 03:00:00,CNC-01,L,297.99118551611974,310.0123735953164,2592.7538398765823,17.042947877179397,36.130074970951846,3.150597433882571,8.31504639355551,55.715887588217655,0,2026-08-25 06:31:47
2024-01-08 17:27:00,CNC-01,L,300.4216939891458,315.8277571177639,2052.0733918104493,39.14706592836201,195.68537454947412,3.353744345043304,15.064752821235233,49.122264301167526,0,2026-08-25 06:31:47
2024-01-08 18:58:00,CNC-01,L,306.5842328785494,314.4142537028669,2073.614301678953,31.90441799824246,111.46316550878872,2.808213780232085,12.67182505376603,47.63738344498598,0,2026-08-25 06:31:47
2024-01-08 20:22:00,CNC-03,H,299.633876863524,313.7646036610797,2382.069248344577,26.760408599947674,224.03989275124633,3.7407626560756366,11.876673921296494,51.40905014481078,0,2026-08-25 06:31:47
2024-01-08 23:07:00,CNC-01,L,300.85401213047675,313.6044043664498,2641.7242304959177,17.097617155260355,178.51719649362477,3.7056807201808257,8.398975539524148,51.57840219351972,0,2026-08-25 06:31:47
2024-01-08 21:57:00,CNC-02,M,26.403024674577296,38.1745109934721,2651.0118941321884,14.191130962555187,30.132426702164974,3.151542313096989,7.001144085815728,54.31204102386074,0,2026-08-25 06:31:47
2024-01-08 11:20:00,CNC-02,M,296.2823225599689,309.95041027373946,1448.3535489391202,45.95667230982226,30.226916065589293,2.174018772937273,12.666894252231511,59.802520118105015,0,2026-08-25 06:31:47
2024-01-08 05:36:00,CNC-03,H,302.00547538897956,310.05684829623823,2167.9539388222547,32.41383749432088,143.8366734190466,2.9353995360897334,13.269587350234907,49.07553224520164,0,2026-08-25 06:31:47
2024-01-08 22:58:00,CNC-03,H,299.5763195537507,312.20951305298934,2805.0956621905143,17.599836932519526,122.71056855058238,3.4167934321090763,9.080610427243535,49.98103797513791,0,2026-08-25 06:31:47
2024-01-08 16:10:00,CNC-02,M,298.3650473899832,312.7405859262307,1599.5181097954332,44.3572791686216,41.22292138999014,2.2877764047629765,13.544794861377104,55.967790227421936,0,2026-08-25 06:31:47
2024-01-08 11:26:00,CNC-03,H,296.6844874403884,311.3570063954387,1407.7713898750962,51.006196591506594,183.71409321152566,2.4060661827670757,13.292399166579246,53.43990060280535,0,2026-08-25 06:31:47
2024-01-08 07:25:00,CNC-02,M,295.6274422647159,309.7016228874646,1758.2236821024449,37.646630746561684,98.33238427514799,2.2959327602341424,12.52816234359318,60.628000903572854,0,2026-08-25 06:31:47
2024-01-08 21:48:00,CNC-03,H,299.8801260890539,311.9604068226615,2685.97399445656,17.06405401511108,46.67372617735746,3.124002402343945,8.732581377134368,48.6652877733178,0,2026-08-25 06:31:47
2024-01-08 07:01:00,CNC-01,L,24.389121057232558,39.102723558572336,1831.025975439582,41.719145643554896,135.8336147838501,2.670716526461762,14.343563074767701,52.36896762569573,0,2026-08-25 06:31:47
2024-01-08 00:59:00,CNC-03,H,298.31025495853356,310.1362505487237,2598.118526071754,16.613449100179665,71.26856244301094,3.102337592648126,7.874545672685595,51.30362845961544,0,2026-08-25 06:31:47
2024-01-08 01:43:00,CNC-01,L,298.33449257893875,311.2284205819838,2769.001022999621,18.03908446163511,140.84263840681083,3.739998612241056,9.224922023406958,54.1881795731493,0,2026-08-25 06:31:47
2024-01-08 10:08:00,CNC-03,H,296.5080943936977,310.70143825135506,1331.9969527020066,53.157713000147396,60.78248346409601,1.9753313309862137,13.194569366919698,62.86027835520976,0,2026-08-25 06:31:47
2024-01-08 21:05:00,CNC-03,H,300.10379860671736,314.74088009054435,2318.8294657694537,29.84749865866162,273.80347780592876,4.26493729784393,12.690969564601284,50.47720192675129,0,2026-08-25 06:31:47
2024-01-08 06:15:00,CNC-03,H,28.946933643974717,37.71708722223144,2005.8315354979982,36.59118573975715,195.53250798901678,3.1939353914398545,,47.76384161964335,0,2026-08-25 06:31:47
2024-01-08 10:18:00,CNC-01,L,297.6737167281704,312.4572687009674,1326.1415953923608,54.76446874443329,194.23374070317922,2.6906096544669587,13.509573048044986,57.174310144244615,0,2026-08-25 06:31:47
2024-01-08 16:16:00,CNC-03,H,298.33482798524926,312.8967843997647,1751.5323859241669,41.709985165115846,165.4086403156566,2.7287462875027013,13.820429018047536,54.01898347697158,0,2026-08-25 06:31:47
2024-01-08 01:49:00,CNC-02,M,298.3846423176595,310.4614584308848,2635.755611430202,15.637665360465963,129.63641570165038,3.412989907553545,7.728103546767305,55.29931274398318,0,2026-08-25 06:31:47
2024-01-08 20:31:00,CNC-03,H,299.73101743735157,314.08415954709596,2330.8810579950136,28.00644603507663,234.5722764165549,3.726194290209429,12.383967981601566,51.327856218977395,0,2026-08-25 06:31:47
2024-01-08 14:38:00,CNC-03,H,297.78295885248076,311.51928131874746,1399.2303025988251,48.30174883897673,18.544424981521885,2.0647380551528167,12.819183994988268,54.76020469801255,0,2026-08-25 06:31:47
2024-01-08 04:51:00,CNC-01,L,297.9370912852946,312.1987349837877,2130.733916921201,32.37124021967532,168.61251699993,3.1338961713964815,12.514575287935093,60.88499990006142,0,2026-08-25 06:31:47
2024-01-08 21:51:34,CNC-01,L,27.753442584483594,40.966060766966336,2477.616562274132,22.93538013792581,98.75519304642759,3.0263871439885013,10.771102604562916,52.62188231565169,0,2026-08-25 06:31:47
2024-01-08 13:41:00,CNC-02,M,297.1684269832312,311.46667530362055,1539.4735407179894,47.86934143970621,28.39905609726843,2.2614667345522905,13.893499524235095,54.02186850484793,0,2026-08-25 06:31:47
2024-01-08 06:43:00,CNC-03,H,23.13635942162955,38.40060540947894,1896.6055169477793,41.12144694795218,233.87227151354335,3.3435515108441045,14.877461366523827,56.62069093896522,0,2026-08-25 06:31:47
2024-01-08 14:35:00,CNC-03,H,297.86237716121485,311.63548035447104,1521.870158976109,44.54188612727341,13.851824197168854,2.252209745044002,12.521487079167931,54.043444100382985,0,2026-08-25 06:31:47
2024-01-08 14:57:00,CNC-03,H,297.77768195939973,311.88443268844276,1343.9448045333786,54.46445275591274,47.9990233287696,1.9941428464882929,13.95652134780924,55.39586919915698,0,2026-08-25 06:31:47
2024-01-08 16:21:00,CNC-02,M,298.65631005734946,312.8336875913639,1742.7929647399499,39.907950189216095,57.040999114976934,2.4116380141337217,13.02946488454244,57.19451252589991,0,2026-08-25 06:31:47
2024-01-08 05:43:51,CNC-03,H,301.7304224145658,310.07595059306396,2222.1944992939452,30.480341200847885,152.8411962646646,3.051843046784123,12.803297448410113,49.90540699771138,0,2026-08-25 06:31:47
2024-01-08 10:44:00,CNC-01,L,298.0185907671987,311.44109855822506,1240.9385739560933,51.65844094108937,4.68963739449088,1.9797391677747849,11.970172333192185,54.622999557459714,0,2026-08-25 06:31:47
2024-01-08 07:30:00,CNC-01,L,297.4358679197896,311.9729866242679,1636.121295577528,42.78030011315049,177.07022972131116,2.7226826308262435,13.03339169011235,51.98043962501095,0,2026-08-25 06:31:47
2024-01-08 11:37:00,CNC-02,M,296.38177617307514,310.9109523602449,1545.6126038317661,47.35800899033301,57.161023138326875,2.2281521647841664,13.87530853865209,56.16259426878088,0,2026-08-25 06:31:47
2024-01-08 11:39:00,CNC-01,L,297.90310507236507,311.9510635401383,1346.2291365967465,51.6456293578699,92.1465348564678,2.143777190049713,13.247984595218442,51.04268814139839,0,2026-08-25 06:31:47
2024-01-08 12:31:00,CNC-01,L,298.4013515181929,312.75209390571257,1301.6490099855396,53.27928721051921,174.75413606431815,2.5400952126338083,13.130264486807688,58.17556233268176,0,2026-08-25 06:31:47
2024-01-08 20:50:00,CNC-03,H,299.98167270331027,313.41869954299335,2601.2096086306046,20.753923138331167,256.83385947510646,4.254250177350858,10.2424245205573,51.553586941829266,0,2026-08-25 06:31:47
2024-01-08 02:59:00,CNC-03,H,297.35837003650494,311.2494793680605,2512.1551592132228,24.88572690678186,203.26885595514844,3.6096007738066023,11.80069237848744,57.22149612992721,0,2026-08-25 06:31:47
2024-01-08 19:24:00,CNC-01,L,306.8946359072072,314.893289941179,2244.1559705526265,29.16864240043457,143.9266739072519,3.1108945759122957,12.21222751342911,40.30160633016936,0,2026-08-25 06:31:47
2024-01-08 06:05:00,CNC-01,L,24.522353028341286,38.26586873531954,1796.1781564375021,37.00112859494718,59.0612138840592,2.3662200398639293,12.374754472043278,51.893759596840425,0,2026-08-25 06:31:47
2024-01-08 16:35:00,CNC-01,L,300.19827414552685,314.78868154924123,1811.7650356740833,39.39268676768473,123.35333987198979,2.5903434796671467,13.638006890743409,54.55844246175565,0,2026-08-25 06:31:47
2024-01-08 23:14:00,CNC-02,M,299.1137900993136,311.723891567179,2650.3638479786273,16.338278691078454,113.25291100544801,3.360730525204044,8.083875399591555,55.57183245262018,0,2026-08-25 06:31:47
2024-01-08 06:47:00,CNC-02,M,22.935021474397274,36.495063496786145,1886.528091068691,36.3612754940238,44.92673875053603,2.5863156620749512,12.915992067641357,61.37215732487462,0,2026-08-25 06:31:47
2024-01-08 07:43:00,CNC-01,L,297.34780439851204,311.98034893279123,1786.7020846901244,39.25421175237087,195.84794440911926,3.1257841076986383,13.065932847810586,55.29938508627074,0,2026-08-25 06:31:47
2024-01-08 13:22:00,CNC-03,H,297.08639490461775,311.3085520397309,1355.349755887718,51.66219218960345,133.2979036089314,2.15971940395859,12.93756271448917,54.506054271552884,0,2026-08-25 06:31:47
2024-01-08 20:23:00,CNC-03,H,299.6897708407391,313.653122589421,2461.5363901023206,24.6182449176358,225.20289779598886,3.7017106381927625,11.279823751284905,55.8876781927781,0,2026-08-25 06:31:47
2024-01-08 21:23:00,CNC-03,H,300.27365567364933,311.93090201659106,2535.3121610038065,16.826718226145648,18.970466832464325,3.0593377226184275,8.043399099531337,56.227455090137255,0,2026-08-25 06:31:47
2024-01-08 09:45:00,CNC-01,L,297.6545493116464,311.831788105384,1515.9679254741695,46.80705586738615,142.8406648440817,2.4255205748328716,13.143775664804421,59.038892631003264,0,2026-08-25 06:31:47
2024-01-08 18:18:00,CNC-01,L,301.11325393719335,314.50075081093786,2200.704928100826,28.970586405668502,59.78130434873893,2.8077335075470575,12.04253528592815,49.166755391092124,0,2026-08-25 06:31:47
2024-01-08 13:04:00,CNC-03,H,296.7311576160977,310.97048817786623,1324.1195988864697,53.15654169469071,104.8634648624639,2.0069317027164786,13.256836385482345,59.83760189750269,0,2026-08-25 06:31:47
2024-01-08 20:24:00,CNC-02,M,299.8270528162086,312.8378948022036,2455.658009784846,19.932609527339434,162.5891757950988,3.2776648486461397,9.13322423855893,50.30095184382679,0,2026-08-25 06:31:47
2024-01-08 06:13:00,CNC-03,H,28.919910361996983,38.46188444370961,1926.8736025052565,44.18665407851311,192.80357951693426,2.910229382664506,16.00301796490548,48.19213136823734,0,2026-08-25 06:31:47
2024-01-08 20:51:00,CNC-01,L,,313.5901815313567,2543.795986038577,19.589572036150386,29.028146101829737,3.153706315442665,9.358411733419977,46.06542965920076,0,2026-08-25 06:31:47
2024-01-08 03:30:00,CNC-03,H,297.2238782992731,311.78187839677645,2382.4643427588753,28.51642222580331,239.14247928914372,3.852466485204028,12.698523883078392,57.14895701476258,0,2026-08-25 06:31:47
2024-01-08 13:07:00,CNC-03,H,296.8646751726991,311.25949628433204,1464.6456796703321,50.83397567167365,109.58013038248421,2.1457670355864336,14.04911432982459,60.09025105728827,0,2026-08-25 06:31:47
2024-01-08 02:08:12,CNC-03,H,297.7250429091446,310.7248355630362,2716.871493920363,19.759769105685706,147.40360568963143,3.423515568468267,9.793757914810353,52.26887711602705,0,2026-08-25 06:31:47
2024-01-08 15:00:00,CNC-01,L,299.6120224695877,314.5794255907156,1619.9102403744112,46.86711269782794,204.31714361177026,3.0316297619699153,14.482463008871743,51.28260293305026,0,2026-08-25 06:31:47
2024-01-08 22:07:00,CNC-01,L,28.010445039893,40.43814598134145,2688.926506715666,16.737311970381594,113.7816848042933,3.4066858591962976,8.509201677333769,50.86991848624454,0,2026-08-25 06:31:47
2024-01-08 07:00:00,CNC-01,L,24.649306938029383,39.16186955044827,1974.303186890517,37.57763596915085,134.44494271322168,2.837613760847784,14.013907685448727,55.587501363265886,0,2026-08-25 06:31:47
2024-01-08 22:53:00,CNC-02,M,26.222504214188973,39.034691210947926,2652.1344713735675,18.5995233515714,90.71303019861216,3.334403686196495,9.355701869128895,53.14093333758549,0,2026-08-25 06:31:47
2024-01-08 04:22:00,CNC-03,H,296.56277232008296,309.8234669251624,2451.812799804904,24.73632880354063,50.61250788212481,3.0811362627093892,11.464127628574452,57.08170617883094,0,2026-08-25 06:31:47
2024-01-08 20:08:00,CNC-01,L,301.22542955120844,314.9446448232404,2432.481371778436,23.963043011062837,197.58500781393178,3.771004702916912,10.810582157412144,45.19428098802602,0,2026-08-25 06:31:47
2024-01-08 16:53:00,CNC-02,M,298.6252762519929,313.6614696808472,1749.0097774638173,45.66256283233545,102.82097641710972,2.4795828667840176,14.998888222023067,55.212895089678,0,2026-08-25 06:31:47
2024-01-08 19:06:00,CNC-03,H,299.55886694445826,312.8612530281459,2331.753159147388,24.957890590825034,132.10472770285335,3.0816895349251423,11.10047423994699,54.26472139024,0,2026-08-25 06:31:47
2024-01-08 06:45:00,CNC-02,M,22.738419708122137,36.90642067865855,1793.4615416742765,39.614930730496084,42.202399453403835,2.5322544131563403,13.284919703870592,,0,2026-08-25 06:31:47
2024-01-08 14:21:00,CNC-03,H,297.55786315384813,312.8709587362297,1564.3099118321434,50.29120660868335,225.25361717000123,2.9661525628445027,14.854722003764664,54.5573552388571,0,2026-08-25 06:31:47
2024-01-08 09:49:00,CNC-03,H,296.41644202065163,310.1640505773,1388.9325562859917,49.89604936507972,31.184109512791963,1.9900441328640643,12.800772864465838,57.43105827572569,0,2026-08-25 06:31:47
2024-01-08 12:55:00,CNC-03,H,297.160137985331,310.8660871395387,1318.1465497295228,48.80635932956272,90.586076104795,1.978532119614649,11.950167966639617,58.49007640667975,0,2026-08-25 06:31:47
2024-01-08 08:16:00,CNC-03,H,295.903610127314,310.38384746407036,1730.9072224499332,43.65055258719651,112.24851302665164,24.78585475440944,14.357856604802537,52.931687221438075,0,2026-08-25 06:31:47
2024-01-08 21:08:00,CNC-02,M,299.937411744279,313.50556641897396,2637.143866668848,20.012493940389078,213.08970371502434,3.9085791508415517,10.064707168020638,52.90266213839456,0,2026-08-25 06:31:47
2024-01-08 19:34:00,CNC-02,M,299.82139968274004,313.6081490249095,2341.825458567747,27.274750101427937,102.94367915017547,3.0409430162964983,12.27789823692777,53.347758303979965,0,2026-08-25 06:31:47
2024-01-08 13:44:00,CNC-03,H,297.4576429715046,312.7001757091342,1414.0939525542576,57.11484172960029,167.872621320806,2.411366307973185,15.218241046242289,53.01990616979708,0,2026-08-25 06:31:47
2024-01-08 10:36:00,CNC-02,M,296.40060265115295,311.72125576213256,1455.3570084099083,52.86156454000648,182.58471982365296,2.4864155497062668,14.795426494489819,63.27013047910995,0,2026-08-25 06:31:47
2024-01-08 23:25:00,CNC-03,H,299.5180114086919,312.4208885754031,2687.33469262771,18.779110167754876,151.62715650798012,3.4160988782734756,9.456172622710023,51.206800405000095,0,2026-08-25 06:31:47
2024-01-08 13:25:00,CNC-02,M,297.06508302761137,310.3721480788997,1499.8213705658156,42.27167564427066,3.1415279723827934,2.0962851508217093,11.885666692116269,56.03340903918463,0,2026-08-25 06:31:47
2024-01-08 13:18:00,CNC-02,M,296.9363055531271,311.7141315787197,1389.1684931196012,51.58901797430113,217.23313412677874,2.8521454283837055,13.260691884226581,57.08922366698957,0,2026-08-25 06:31:47
2024-01-08 02:22:00,CNC-02,M,297.9484697781278,312.2183514729344,2638.510354535903,24.87735177740904,165.93489988927922,3.5971415638749376,12.235522592169,58.643606204120644,0,2026-08-25 06:31:47
2024-01-08 19:42:00,CNC-01,L,301.18220525819305,316.17825283975867,2120.1362218126096,36.58741662950153,166.3152330305746,3.1562628231319856,14.678377828601326,51.52055703992645,0,2026-08-25 06:31:47
2024-01-08 10:53:00,CNC-02,M,296.0305724673422,310.8621292642118,1396.9237832353776,51.39710996875556,209.56712684821915,2.791593906541596,13.577286543341257,56.005480657122675,0,2026-08-25 06:31:47
2024-01-08 16:07:00,CNC-03,H,298.5172651957065,312.9802941200801,1676.0112180306476,44.39348053169702,152.33950662994593,2.445796908341958,13.808049235207733,51.015202131897155,0,2026-08-25 06:31:47
2024-01-08 06:57:00,CNC-02,M,22.8079281734357,36.732064481915984,1856.1486395142213,36.879273435032104,58.83091907406678,2.456960919830038,12.681719716475799,58.049185613105735,0,2026-08-25 06:31:47
2024-01-08 17:41:00,CNC-01,L,300.6505975420741,313.9371490434466,1850.9750566532257,35.7625608472797,10.844268227224406,2.5113916606305957,12.275603878397519,46.90038156757775,0,2026-08-25 06:31:47
2024-01-08 12:03:00,CNC-02,M,296.26655801390444,310.3963054798197,1333.6431478147056,51.2248022178133,98.52149844878939,2.0782545735141587,12.689529531482632,57.906665163470734,0,2026-08-25 06:31:47
2024-01-08 06:39:00,CNC-02,M,22.920241939452353,36.374530410903674,1905.8045102806122,33.10702253576637,33.896836554103686,2.517319394977934,11.718035181428299,59.01954441457883,0,2026-08-25 06:31:47
2024-01-08 00:13:00,CNC-03,H,299.2638948076295,311.1918104171931,2650.487708310503,15.91320247626058,21.988311115013264,3.2443151802865544,7.962429807429572,49.27661233073263,0,2026-08-25 06:31:47
2024-01-08 00:10:00,CNC-01,L,298.9163854390111,310.46227429080403,2664.3182051697936,15.24160806447139,41.87009932039552,3.2053399405633973,7.733465172142744,55.115499685456804,0,2026-08-25 06:31:47
2024-01-08 08:12:00,CNC-02,M,295.5424607921498,309.62477120991446,1593.095738409968,42.163659992411766,166.22423749951048,,12.38946762307445,58.3730999052136,0,2026-08-25 06:31:47
2024-01-08 06:41:00,CNC-03,H,23.397639498603894,38.24344462834739,1606.9116070671757,46.979531479129164,231.09991331749214,3.1217251903642693,14.145284702109365,59.173241026113736,0,2026-08-25 06:31:47
2024-01-08 10:59:00,CNC-01,L,297.7800997189786,311.85904928064366,1460.278430274188,50.59216939732051,28.48699767315333,2.0978498016796183,14.043044791528592,47.04880362892328,0,2026-08-25 06:31:47
2024-01-08 17:33:00,CNC-03,H,298.80586618472097,312.48244842489925,1963.9986202704526,35.38506681646243,10.86200615651637,2.554754216164467,13.074945424672366,51.74051165765453,0,2026-08-25 06:31:47
2024-01-08 15:27:00,CNC-01,L,299.93008944625046,314.01991768248496,1509.565944971125,48.3738446107767,23.886024711555258,2.1446398826740665,13.614235779141088,50.574547941871124,0,2026-08-25 06:31:47
2024-01-08 02:42:00,CNC-01,L,298.04792923219384,309.60129736115175,69892.36586005524,16.12387086150772,15.656903025382542,3.2490618890516316,7.951348494682715,54.51230265923343,0,2026-08-25 06:31:47
2024-01-08 07:11:00,CNC-01,L,297.6361971459472,311.97705588138405,1747.2774708340985,40.37549639677434,149.88226586937958,2.742815543513538,13.294542850982062,56.44628410491131,0,2026-08-25 06:31:47
2024-01-08 00:57:00,CNC-01,L,298.5419428600712,311.25722889100837,2574.303293755481,19.086655340527898,91.64029746625594,3.1956310584109704,8.958394943253113,53.016834887356886,0,2026-08-25 06:31:47
2024-01-08 00:51:00,CNC-03,H,298.6190881000227,310.9388084227638,2709.4211322729507,16.872039994238957,62.58154084502565,3.1813519086513744,8.59458627108088,57.55762001705077,0,2026-08-25 06:31:47
2024-01-08 11:14:00,CNC-01,L,298.0446451405404,312.18576424004226,1417.754758913255,51.023928132596104,52.41562557978066,2.1254949776289744,13.777068113511717,61.47639628525819,0,2026-08-25 06:31:47
2024-01-08 17:55:00,CNC-01,L,300.83934770355427,314.1666088401762,2072.111654859635,30.86045870958914,29.660348232168595,2.5859715148069395,11.908810142259812,51.27575384182326,0,2026-08-25 06:31:47
2024-01-08 21:24:00,CNC-01,L,301.3035290686279,313.5332149397492,2553.6889779759495,18.32938284111011,66.3256189390461,3.064811220875177,8.72836007048273,47.0779909730319,0,2026-08-25 06:31:47
2024-01-08 00:43:00,CNC-01,L,298.55424478843304,310.2211934176619,2706.0309707128126,13.117269137150435,76.8271329853221,3.247521975231938,6.661580226039001,57.52738831743887,0,2026-08-25 06:31:47
2024-01-08 05:26:00,CNC-02,M,296.2477441522194,311.0704334781384,1968.871827420244,38.11450253124726,170.34829570878046,3.0525086783747635,13.976582046819102,59.93525795274916,0,2026-08-25 06:31:47
2024-01-08 06:09:00,CNC-02,M,22.913862463261978,38.506283715099755,2063.217722598486,38.626064784230834,227.09791890976587,3.597838478099879,15.011721169797688,55.030303090121144,0,2026-08-25 06:31:47
2024-01-08 21:49:00,CNC-02,M,299.91490563453056,312.56932818147266,2782.875425630749,17.856117492699802,21.365505348206035,3.3231036417996402,9.012939972319339,54.75281730100311,0,2026-08-25 06:31:47
2024-01-08 02:29:00,CNC-01,L,298.0876964679157,310.3111534781016,2540.5537209653926,20.445673733523694,1.1489739000476593,3.105022088969263,9.564563911020644,55.81813494272355,0,2026-08-25 06:31:47
2024-01-08 00:11:00,CNC-01,L,298.9911716218237,310.26800304889537,2747.5190483545334,12.697433899255884,42.929587524601736,3.1841061578251773,6.239154292881911,51.636435978124915,0,2026-08-25 06:31:47
2024-01-08 13:46:00,CNC-01,L,298.9690912183865,312.7484420168809,1430.5834848907189,45.469925111928504,90.35756379334047,2.0928599857823342,12.160185519443115,53.48449701740527,0,2026-08-25 06:31:47
2024-01-08 12:07:00,CNC-02,M,296.7892131488354,311.49237613657306,1451.1566110449924,53.10417794912981,104.81124462805084,2.20043819875419,14.520916817233495,57.83419968499331,0,2026-08-25 06:31:47
2024-01-08 08:31:00,CNC-03,H,296.03245739600726,310.97183849630864,1655.356023342676,47.70394169032349,134.61950267685373,2.513859123590286,14.873738385542914,62.14659358176405,0,2026-08-25 06:31:47
2024-01-08 12:01:00,CNC-03,H,296.6044172920475,310.24316372415365,1338.8916681109251,50.34336888142589,4.788322215113858,2.034379520093127,12.492112442656724,54.1244556644833,0,2026-08-25 06:31:47
2024-01-08 23:52:00,CNC-03,H,299.6694734294313,312.6066718425905,2748.258487441446,16.883016811055008,5440.285179519494,3.627506631890933,8.800057025602829,56.11737157656151,0,2026-08-25 06:31:47
2024-01-08 02:41:00,CNC-01,L,297.7339794843169,309.59824226156184,2596.056823844935,15.864891616409821,14.560546841471128,3.0229968568308356,7.817698454878017,56.8352832050055,0,2026-08-25 06:31:47
2024-01-08 20:43:00,CNC-02,M,299.90671474901137,314.11227391778823,2512.978109296001,24.267627205527578,184.48741943347753,3.6525423260430365,11.578948973309585,53.098415620034615,0,2026-08-25 06:31:47
2024-01-08 05:51:00,CNC-03,H,301.7772944219515,309.95509055220924,2091.7084862658694,31.769085792816956,163.43141624917314,2.9821510403564857,12.654804043085512,46.919458287824185,0,2026-08-25 06:31:47
2024-01-08 17:12:00,CNC-02,M,298.81528194071456,313.1422665765801,1711.1431571759408,39.876675347920525,129.47021769179787,2.602821219613055,13.048017449483003,53.12977018162321,0,2026-08-25 06:31:47
2024-01-08 20:00:00,CNC-03,H,299.6806257812302,313.71401375131296,2304.9113211710956,27.42225446622206,198.024728340885,3.393924162221646,11.983759699617451,56.451241711584956,0,2026-08-25 06:31:47
2024-01-08 10:37:00,CNC-01,L,297.7092631055954,313.06151382230894,1391.1535928315109,56.98335311607782,224.28622722606315,3.215638164185001,15.083161917627635,53.85881621956751,1,2026-08-25 06:31:47
2024-01-08 20:19:00,CNC-03,H,299.67332771396065,313.95117224794376,2507.605143660397,25.443509721096017,220.53540364689653,3.795829304386034,11.946649556929474,54.256090011908015,0,2026-08-25 06:31:47
2024-01-08 06:55:00,CNC-02,M,22.78571241906843,36.817539706706384,2055.1897454909003,34.24525696039332,55.98742170440276,2.621296405939324,13.091121430204872,54.60578068584712,0,2026-08-25 06:31:47
2024-01-08 19:22:00,CNC-03,H,,314.3378646886513,2151.8691948805244,33.813463545611405,152.01775152000837,2.9608905171543967,13.597200713513338,51.44623645176208,0,2026-08-25 06:31:47
2024-01-08 01:42:00,CNC-01,L,298.07781552423364,310.3446390232317,2670.522796869071,16.709824113091358,139.76222347802818,3.5385604571462723,8.3034237041916,55.40295415213128,0,2026-08-25 06:31:47
2024-01-08 10:44:00,CNC-02,M,296.06140335182585,311.15442914429445,1406.9608099987242,53.029839271581935,195.27953635268696,2.6783445199532423,13.729319233971363,58.04497054091275,0,2026-08-25 06:31:47
2024-01-08 20:03:00,CNC-02,M,299.69989570090326,313.9626219673135,2500.6144460300275,25.609297702558553,137.83050455962456,3.2000734665937944,11.935566982826124,48.78914274033841,0,2026-08-25 06:31:47
2024-01-08 11:50:00,CNC-01,L,297.86805865924265,312.3964468028888,1396.6949926368293,53.71401979531898,109.68472422289167,2.201408128509756,13.900113105970457,56.431128336034405,0,2026-08-25 06:31:47
2024-01-08 22:46:00,CNC-01,L,27.67734352539378,40.31956325731568,2540.6489702809104,18.695501977727552,156.07527815372111,3.4784214999053393,8.871444686655519,52.92079966284229,0,2026-08-25 06:31:47
2024-01-08 04:54:00,CNC-03,H,301.871505305457,309.4066750437134,2273.532253774226,27.58856808346842,89.9890348369261,2.9153065454714473,11.691081721176786,48.999238597546885,0,2026-08-25 06:31:47
2024-01-08 08:28:00,CNC-03,H,296.08328829530046,310.51290580367345,1548.6357437419501,47.42108823025645,130.15868795018002,2.4206332128080312,13.933408460883166,59.41215084870839,0,2026-08-25 06:31:47
2024-01-08 21:26:00,CNC-03,H,300.1045800493856,311.7982829823823,2602.963072773958,14.526680436882476,22.306911678073668,3.17892309531758,6.886154312191848,50.698664466372904,0,2026-08-25 06:31:47
2024-01-08 01:28:00,CNC-01,L,298.3557807502789,311.2283373720864,2584.24458839094,19.725080603785862,124.6703450851359,3.436146166961743,9.163978824986922,54.008477826140236,0,2026-08-25 06:31:47
2024-01-08 05:04:00,CNC-03,H,302.044815351048,309.8045394981718,2215.1314606921756,30.464916974405597,102.79167261352742,2.871382128516111,12.490063042100081,45.977973775640564,0,2026-08-25 06:31:47
2024-01-08 22:41:00,CNC-01,L,27.920560941470683,41.64647653480108,2563.8346424847987,23.81672202164924,150.7196682513875,3.350816965566301,11.31827000024807,47.314893410495046,0,2026-08-25 06:31:47
2024-01-08 20:51:00,CNC-03,H,299.8091310399526,313.1734196273875,2516.3103840760864,21.299452550304345,257.95140160273706,4.289056810449114,10.069898314105199,,0,2026-08-25 06:31:47
2024-01-08 06:49:00,CNC-01,L,644.7874391996596,38.7669803734384,1828.141846154278,39.69339710427928,119.20214403942437,2.6960998945271135,13.551806094164787,58.47227341099718,0,2026-08-25 06:31:47
2024-01-08 22:09:00,CNC-02,M,26.252871325027627,38.73680530739199,2650.8940543476315,16.954932216700715,43.22004765713824,3.2176937281391482,8.762454198200183,54.42261481570286,0,2026-08-25 06:31:47
2024-01-08 04:08:00,CNC-01,L,297.6034445030337,310.9310701236582,2192.2810625923266,27.054985543457555,116.00721388325248,2.8795996418063177,11.171727371529238,55.62341238577966,0,2026-08-25 06:31:47
2024-01-08 10:36:00,CNC-03,H,296.3327998053764,310.4870809508161,1529.7453342210424,45.66602534265828,104.3841161245565,2.2269583358431704,13.024581209954281,62.245303370735634,0,2026-08-25 06:31:47
2024-01-08 08:37:00,CNC-02,M,295.9338593168077,310.6965290621394,1793.8988920287934,41.28449421265398,203.59359989773776,3.0342045084001534,13.84924857179644,57.919084970554806,0,2026-08-25 06:31:47
2024-01-08 19:56:00,CNC-02,M,299.8382265357474,313.8168335677824,2331.9224735360376,27.636644986963482,129.6176556499643,3.0095711195267127,12.011409204441543,49.39479209066594,0,2026-08-25 06:31:47
2024-01-08 17:49:00,CNC-03,H,299.31317563821347,312.96963592872646,1912.273780651436,34.56415721653953,32.414751279535864,2.5139853062034208,12.487502521161558,48.97083213886048,0,2026-08-25 06:31:47
2024-01-08 00:50:00,CNC-02,M,298.45498812848786,309.77581700056635,2726.957857301589,13.305090287826783,66.00739066651066,3.30309787548593,6.830525072051485,,0,2026-08-25 06:31:47
2024-01-08 01:51:00,CNC-03,H,298.07468784855763,310.91837084679975,2629.0097061369393,19.898680482827487,127.70750444526931,,10.045516300745845,54.042918518489486,0,2026-08-25 06:31:47
2024-01-08 07:40:00,CNC-02,M,295.53335868181597,310.36706764508574,1800.2019237766215,43.437619584801446,119.74991693333514,2.5764358602932904,14.700821497431658,61.285426654057844,0,2026-08-25 06:31:47
2024-01-08 06:19:00,CNC-03,H,28.610934233788896,37.32095463020153,1896.8986805501336,38.7093066880902,200.89455706805512,,13.924821412999892,47.444993671523164,0,2026-08-25 06:31:47
2024-01-08 05:06:00,CNC-02,M,296.8344917434995,311.53791081183635,2179.457805361479,33.90489671145131,144.79858228046507,2.921921156900501,13.600698393131482,58.92847703278851,0,2026-08-25 06:31:47
2024-01-08 13:37:00,CNC-01,L,299.01757924972685,313.30600016499113,1385.7634245722609,50.35915790796422,76.10197700951649,2.0505055805197543,12.898639456852399,51.02895981118066,0,2026-08-25 06:31:47
2024-01-08 13:05:00,CNC-02,M,296.8412876023979,312.08924837776544,1413.934152904732,54.13213717752894,196.7270900276124,2.7181486512618567,14.383547691064214,55.635129901885655,0,2026-08-25 06:31:47
2024-01-08 04:37:00,CNC-03,H,296.5621890575007,310.0236855961347,2360.4886138843663,26.00214440309831,68.93696713099874,2.894980985710875,11.38205044736943,62.934246640919596,0,2026-08-25 06:31:47
2024-01-08 16:36:00,CNC-02,M,298.75178474153864,313.1019022543863,1833.5193204442562,37.45542382978098,78.47534422721453,2.4392622573975586,12.93522818056426,50.64838011976875,0,2026-08-25 06:31:47
2024-01-08 14:22:00,CNC-02,M,303.0298740046943,311.31120260040376,1525.888662376827,46.62835321439733,92.2147071728892,22.200358980353997,13.463568414440873,45.98462320979777,0,2026-08-25 06:31:47
2024-01-08 12:30:00,CNC-01,L,298.3565988980275,312.57349263751973,1353.3472750766196,49.42834397617727,173.15413606431815,2.5195676760686516,12.331549530865193,58.71696680558469,0,2026-08-25 06:31:47
2024-01-08 02:39:00,CNC-03,H,297.6735478798334,310.65868358872046,2540.2894555183066,20.758969461122202,180.76412711134154,3.4927020328099148,9.72659650536299,59.394251367277334,0,2026-08-25 06:31:47
2024-01-08 16:47:00,CNC-02,M,298.969794510102,312.7365975755665,1693.954072430646,38.25182144749872,94.28435691220236,2.3928421059733203,12.069782965841027,55.32841351446397,0,2026-08-25 06:31:47
2024-01-08 05:48:56,CNC-01,L,297.5866551971181,311.01524913917035,2003.2437924717956,30.956632653593015,36.407419667175034,2.7059342387364698,11.719134254137224,54.257633282430284,0,2026-08-25 06:31:47
2024-01-08 05:19:00,CNC-03,H,302.182419268575,310.6849926225475,2133.602942565757,34.437922111420754,121.84157853538764,2.8415580719862055,13.727536025168629,47.441873828461745,0,2026-08-25 06:31:47
2024-01-08 22:47:00,CNC-01,L,27.671690000346985,40.05414192237049,2671.586035198696,16.207376182646506,157.12387081821987,3.529270520513733,8.254981709801662,47.743620266584,0,2026-08-25 06:31:47
2024-01-08 14:01:00,CNC-02,M,297.340938689316,311.4789327016411,1580.0452431654305,43.80329312162157,59.53131519022583,2.2837436933185717,13.024945148557128,59.68555548681823,0,2026-08-25 06:31:47
2024-01-08 17:43:00,CNC-03,H,298.8781664872763,311.941001646094,2098.4142360046126,29.610979148257364,24.27921536720627,2.694596374844625,11.513357696746688,53.29431376132419,0,2026-08-25 06:31:47
2024-01-08 11:22:00,CNC-02,M,296.1838786557976,310.565259364604,1441.2980164979726,50.77151987574987,33.38585642951062,2.1972289054155825,13.552607831309881,56.730153362697244,0,2026-08-25 06:31:47
2024-01-08 11:28:00,CNC-02,M,296.53089953108463,310.482173702558,1355.3004739103797,51.38520831398568,42.906820955951424,1.935887870601195,13.195433646965599,57.54450022186286,0,2026-08-25 06:31:47
2024-01-08 14:45:00,CNC-01,L,299.57915577372285,314.66731638077755,1641.2584966545578,47.73968159116301,181.5999032763467,2.8303219042329197,14.55608881427734,53.344724484540706,0,2026-08-25 06:31:47
2024-01-08 14:13:00,CNC-01,L,299.2518894920733,313.6062460731348,1501.0143104099209,46.94561189719572,132.55818697198936,2.3584899799005856,13.293037288552224,55.34096480716966,0,2026-08-25 06:31:47
2024-01-08 08:36:00,CNC-02,M,295.84431025196045,310.28879689945893,1549.753311770951,43.596557914588416,202.1713426509683,2.895117785764834,12.700134981707038,59.5095556838611,0,2026-08-25 06:31:47
2024-01-08 10:45:00,CNC-03,H,296.26904729405277,310.5404829026143,1322.7282002537281,54.366182024114934,118.6539943692282,2.1176183856128277,13.677131793370107,59.364414114640894,0,2026-08-25 06:31:47
2024-01-08 22:25:00,CNC-03,H,26.796238806385702,39.14437441128797,2635.226846420746,17.30136499435786,87.15608746539444,3.1830663674027577,8.282290009560864,49.340506276342424,0,2026-08-25 06:31:47
2024-01-08 06:35:00,CNC-03,H,23.064003736349605,37.817328912598214,1963.4652314548027,37.65801755642009,222.68855884747765,3.2941840536617937,14.015331073622802,58.74174294909662,0,2026-08-25 06:31:47
2024-01-08 12:54:00,CNC-01,L,298.7460678106709,312.1098165333233,1420.6193821301658,44.97344011187016,7.86231131596832,2.0921376424876224,11.937281070597045,52.211016951996996,0,2026-08-25 06:31:47
2024-01-08 20:32:00,CNC-01,L,301.372609074532,313.6631906174814,2355.0836131636866,21.57136755876837,7.001806682265743,2.889802131829795,9.612901140861567,48.6085875229826,0,2026-08-25 06:31:47
2024-01-08 23:01:00,CNC-03,H,299.7202687260561,311.4128940131268,2834.2748125854105,12.480409680063069,125.88471296083482,3.480028368377584,6.940142840279331,53.29863932579215,0,2026-08-25 06:31:47
2024-01-08 13:24:00,CNC-03,H,296.958814365912,311.73667844467826,1426.6325350146137,53.50997821052391,136.4716672169729,2.2290614528736366,14.585473748511795,59.80141220379421,0,2026-08-25 06:31:47
2024-01-08 02:06:00,CNC-03,H,298.11168601977874,309.8748842052434,2617.270201485013,14.114713665114591,144.20165511400194,3.305555722527933,6.524399004771929,51.92598845787949,0,2026-08-25 06:31:47
2024-01-08 17:35:00,CNC-02,M,299.2410404601611,314.5925624911451,1840.0689638123479,43.39984317710095,161.11852593070498,28.053537448144233,14.961617433709948,54.831890934059786,0,2026-08-25 06:31:47
2024-01-08 18:18:00,CNC-03,H,299.2554416393503,313.25586068139665,2143.3492851494466,32.09650576785452,70.8988845385911,2.736074330878694,12.884647247977986,46.890518962278236,0,2026-08-25 06:31:47
2024-01-08 04:27:53,CNC-01,L,297.6014060468098,311.25455140255013,2270.848310347247,27.81621929976107,139.03536668381489,3.082303617647974,11.772523850944658,54.18541935186051,0,2026-08-25 06:31:47
2024-01-08 12:18:00,CNC-01,L,298.23142995192603,312.9871815224185,1464.2924900737216,50.98618975701339,154.14278311394563,2.4660882992825175,14.07156275054345,51.489859360203425,0,2026-08-25 06:31:47
2024-01-08 14:14:00,CNC-02,M,297.4122400840712,312.0284559650046,1531.6405263736533,47.97816845569809,79.71115820496769,2.082181224026951,13.830147990434629,57.880175549644214,0,2026-08-25 06:31:47
2024-01-08 16:18:00,CNC-01,L,299.99763003786103,313.93613332163363,1795.3778511406906,37.54377247542923,98.94205678945247,2.46769247897888,12.520626404482027,51.11618878578715,0,2026-08-25 06:31:47
2024-01-08 08:35:00,CNC-01,L,297.2050949804283,311.2552403627516,1576.5084044520913,45.72459855185409,35.749633962418415,2.3328432295609747,13.35923874511435,54.851007328530514,0,2026-08-25 06:31:47
2024-01-08 12:17:00,CNC-02,M,296.6293720122175,311.5418687467777,1378.424242999242,55.386050125213586,120.71681404503511,2.22784378355291,14.248326663439965,56.48633346780343,0,2026-08-25 06:31:47
2024-01-08 13:19:00,CNC-03,H,296.9980915517539,311.62410216851663,1494.2294301267884,51.397948013529195,128.56744329664872,2.322239270517666,14.405470853672464,53.523194617910946,0,2026-08-25 06:31:47
2024-01-08 18:54:00,CNC-01,L,306.43980311198,314.47243721508664,2378.0429785687998,28.32980240638074,106.35409031778453,3.0210096669247486,12.255434380022862,38.96480820629213,0,2026-08-25 06:31:47
2024-01-08 13:08:00,CNC-01,L,298.6476619123057,312.7662698914246,1455.8332411915192,50.86633664718335,30.10896217587245,2.1401737367951235,13.99250788654574,54.33918313868884,0,2026-08-25 06:31:47
2024-01-08 00:14:00,CNC-03,H,298.8865533635797,310.4150404109425,2612.8540398667233,15.322774371726783,23.0843801945798,3.2085386505829643,7.386554205760179,57.843521139238455,0,2026-08-25 06:31:47
2024-01-08 11:13:00,CNC-01,L,297.85129557916616,311.56315752457425,1306.8657641102395,51.03849203605471,50.81562557978066,1.9679912723099147,12.320400833867925,53.28577558057973,0,2026-08-25 06:31:47
2024-01-08 04:25:00,CNC-03,H,296.7806400719752,310.0230625405152,2303.8212558707905,26.471406365852417,54.28152056912028,2.902922035949762,11.27179003442186,59.197225598285314,0,2026-08-25 06:31:47
2024-01-08 15:14:00,CNC-02,M,303.6208289694793,312.1623470177486,1556.7565811751297,43.98531688253442,172.01853686073787,2.566205386826337,12.616197127906785,45.59726620749874,0,2026-08-25 06:31:47
2024-01-08 12:18:00,CNC-02,M,296.5373639230572,310.97225785740073,1469.3013501874082,49.807121073062945,122.28459436745672,2.196839339414154,13.32014097188748,58.35258975579437,0,2026-08-25 06:31:47
2024-01-08 05:50:00,CNC-01,L,297.77717987113897,311.5840422140152,1898.0620543146783,35.444524485475036,39.02982846003965,2.436732324365084,12.606058578377873,52.636642613089194,0,2026-08-25 06:31:47
2024-01-08 06:30:00,CNC-01,L,24.648093759640403,39.21998736448893,1932.447693316396,39.64361540031211,92.92934072892801,2.6349958135938314,14.674467096188689,50.45264205884563,0,2026-08-25 06:31:47
2024-01-08 05:59:00,CNC-02,M,296.2825036649002,311.1164485580227,1991.2849101744052,35.518767287223945,213.88053150127385,3.243851294353188,12.960270361723111,60.04219671772949,0,2026-08-25 06:31:47
2024-01-08 19:28:00,CNC-02,M,0.0,313.83144405219934,2215.2887949383476,27.670116237598542,95.56562331797963,2.8275501478124165,11.592298594064756,49.834273976558016,0,2026-08-25 06:31:47
2024-01-08 22:37:00,CNC-03,H,26.778343469846845,37.90688235664231,2697.0781632041612,10.72358042221531,100.07931999537043,3.2682786249399394,5.3051660834974435,53.882863401004585,1,2026-08-25 06:31:47
2024-01-08 00:21:00,CNC-02,M,298.53648312361423,309.06134577986035,2758.502941476366,8.480052392536944,35.157845919052455,3.26821213648475,4.243906852573576,53.95732203294049,1,2026-08-25 06:31:47
2024-01-08 10:14:00,CNC-03,H,296.3563688119033,310.19255546838207,1379.6093164097526,49.27665459882608,70.02853994702082,2.0713124063275705,12.66351948886291,56.46625856042796,0,2026-08-25 06:31:47
2024-01-08 02:09:00,CNC-02,M,297.94351423474353,311.063909652728,2746.189620410433,19.147386049662142,151.6155225625105,3.553962676660375,9.94908764912897,51.17726106364451,0,2026-08-25 06:31:47
2024-01-08 11:05:00,CNC-01,L,297.84421413771787,311.73543723936103,1402.6114549814488,48.326570231844336,38.055004772761286,2.110249327102513,12.980712597764015,54.567799624485765,0,2026-08-25 06:31:47
2024-01-08 12:25:00,CNC-03,H,296.7750320200083,310.4134142118491,1354.806602183454,49.392021378019265,42.90711094412426,1.9126565770677282,12.271362297313408,58.705871649862026,0,2026-08-25 06:31:47
2024-01-08 17:06:00,CNC-01,L,300.38706292362735,314.6254657142753,1943.665790157975,33.725067513577656,167.08759590005727,2.994630228991905,12.265299727796585,52.68277008803294,0,2026-08-25 06:31:47
2024-01-08 12:19:00,CNC-02,M,296.60049824580574,311.3322003608377,1525.2953720334183,49.435713062865084,123.84836919731715,2.3411211782575267,14.24843590383589,60.85903129000247,0,2026-08-25 06:31:47
2024-01-08 12:58:00,CNC-03,H,297.10774602563856,311.7175022765779,1489.334816032041,50.722563990823545,95.35107712408279,21.434040306466326,14.219471923670667,56.962208157062975,0,2026-08-25 06:31:47
2024-01-08 14:23:00,CNC-03,H,297.5661948027215,312.50498118313135,1446.9805413483573,51.99702664051519,228.383583067588,2.7991105482268512,14.06101416055978,57.461315780149675,0,2026-08-25 06:31:47
2024-01-08 19:45:00,CNC-03,H,299.8396170373132,313.45307327468885,2321.6741345197174,26.271230820008473,180.02334288117484,3.225031574810659,11.45204548287269,52.93019725331412,0,2026-08-25 06:31:47
2024-01-08 18:41:00,CNC-02,M,299.7123580162861,312.8789913104067,2090.322354345337,27.190167292671763,36.51311314030684,2.6485751275649236,10.58195296274359,49.946411448137354,0,2026-08-25 06:31:47
2024-01-08 14:31:00,CNC-01,L,299.3715823481167,313.9037610470326,1478.8675327005783,49.341539819013576,160.42275424929346,2.524773541020991,13.732875675568197,50.64059368011735,0,2026-08-25 06:31:47
2024-01-08 14:49:00,CNC-02,M,303.3396317542563,311.94088875498807,1465.2182929223763,47.796647946485145,133.99721430092526,2.260984346156844,13.158696938801652,47.24123424292739,0,2026-08-25 06:31:47
2024-01-08 23:40:00,CNC-01,L,300.28287575764443,313.4785989809486,2765.2180624505686,18.94602976140843,213.98763811464133,4.2532946454650755,9.997473568945097,52.17980097335875,0,2026-08-25 06:31:47
2024-01-08 04:37:30,CNC-03,H,296.8330954556587,309.6455631838936,2193.7397833798495,25.557738122443148,71.44006737665873,2.775073575825013,10.710975295601594,59.70939740094553,0,2026-08-25 06:31:47
2024-01-08 21:48:00,CNC-01,L,301.3092321792592,314.2753826168165,2724.4530018900223,19.934376324017467,93.10364501429059,3.382608473341897,9.96864493281397,47.19284763351948,0,2026-08-25 06:31:47
2024-01-08 10:37:00,CNC-02,M,296.14006607831044,310.703715934472,1437.9976857550384,49.503380548930444,184.15248314557513,2.5137461426925465,13.284433155174774,59.1494228866446,0,2026-08-25 06:31:47
2024-01-08 13:01:00,CNC-02,M,297.18226892289886,312.36699961700725,1391.0488837753242,55.311759733866886,190.43291207420327,2.6601338712447573,14.187557316848007,57.644513179114426,0,2026-08-25 06:31:47
2024-01-08 04:55:00,CNC-03,H,301.8575269943397,310.2256512549136,2206.3091984045627,33.88395350337594,91.26721499461867,2.8067382489919095,13.773912138303842,45.41703375886553,0,2026-08-25 06:31:47
2024-01-08 01:38:00,CNC-01,L,298.2082277049503,311.07505892131434,2589.3270179139463,19.05331624544544,135.43053084780806,3.3265912083914966,9.533314727424285,55.82474953915098,0,2026-08-25 06:31:47
2024-01-08 10:11:00,CNC-02,M,296.1212639034861,310.8910571353522,1500.9393269760026,49.273905338117736,143.14974708864037,2.4169965589438562,14.125594663586616,58.68648678323761,0,2026-08-25 06:31:47
2024-01-08 19:46:00,CNC-01,L,301.4213175963926,315.3595125530238,2340.09449090637,27.36662772690704,171.19185388077008,3.5134454015203946,12.267813816522699,51.08593787720104,0,2026-08-25 06:31:47
2024-01-08 20:56:00,CNC-03,H,300.04800569173017,314.3378718341433,2488.4750182084313,26.76993641487788,263.6314851640188,4.279189673982892,,49.61472367147912,0,2026-08-25 06:31:47
2024-01-08 18:29:00,CNC-03,H,299.55768858023987,313.1565617398729,2157.1824914128447,29.114818607021583,85.06627302106912,2.854404807151881,11.703695847274256,51.33818583351454,0,2026-08-25 06:31:47
2024-01-08 00:18:00,CNC-03,H,299.04366584643736,310.771951683982,2743.4996850217376,14.854475384064576,27.263750642144203,3.298758617151449,7.528324744456278,52.31886894108012,0,2026-08-25 06:31:47
2024-01-08 16:05:00,CNC-01,L,300.09640867152433,314.46388790206413,1717.821361979591,43.15793117671656,80.18793543241495,2.381521230211556,13.747884427647259,49.90411759883916,0,2026-08-25 06:31:47
2024-01-08 13:17:00,CNC-01,L,298.863222012143,312.794119555891,1359.2858999752941,50.803846308289636,44.48592410540598,2.0757798722323244,12.93944565112371,56.255217561184864,0,2026-08-25 06:31:47
2024-01-08 02:24:00,CNC-01,L,297.9168461360508,311.57190013106924,2596.5559785946944,0.0,186.1577311752855,3.7345800976865737,11.023171363834853,57.916216141770676,0,2026-08-25 06:31:47
2024-01-08 05:35:00,CNC-03,H,301.750088655138,309.71193131443323,2186.2814581794028,29.86297656766489,142.5701979100252,3.014195115279123,12.386301744606445,46.04936770255198,0,2026-08-25 06:31:47
2024-01-08 10:19:00,CNC-01,L,297.5310174180375,312.2779084962783,1402.409208462915,53.229913741318754,195.79792925888916,2.8083150264402432,14.12349593605731,51.55298506953362,0,2026-08-25 06:31:47
2024-01-08 03:00:40,CNC-02,M,297.57422024331515,0.0,2506.471807493581,21.491883013284355,209.26949240037493,3.724594943003398,9.7368128239845,57.192070602102326,0,2026-08-25 06:31:47
2024-01-08 06:25:00,CNC-02,M,23.0173439117562,36.3390864255785,1834.853119923698,34.22119036935142,14.787984728974546,2.5964637185384394,11.839519447071138,61.874046737491,0,2026-08-25 06:31:47
2024-01-08 03:16:00,CNC-03,H,297.50126083315484,311.8965406728218,2491.5142992014457,27.315918120458075,222.9108211374504,3.76830332465754,12.901452562989384,55.55213778673966,0,2026-08-25 06:31:47
2024-01-08 20:29:00,CNC-02,M,299.9768903594948,314.1950416018323,2368.7699881162066,26.23336763724666,168.35314095066883,3.4540596381388515,11.449608045195893,45.00115161930881,0,2026-08-25 06:31:47
2024-01-08 20:12:00,CNC-01,L,301.655683750024,315.9484426739065,2380.7189404024075,27.994695177243173,202.344216284023,3.7612637611907944,12.435301428512618,48.94960591396542,0,2026-08-25 06:31:47
2024-01-08 05:34:00,CNC-02,M,296.48815335762606,311.34661936834635,2058.3600027755397,36.221396566783945,180.7724690210265,3.056701008239657,14.060017294042408,56.74473000930367,0,2026-08-25 06:31:47
2024-01-08 07:29:00,CNC-01,L,297.4721292691487,312.21400091017114,1773.47696625543,41.002872213912944,175.6038099821608,2.97434356693612,13.67745017237367,55.16864724724092,0,2026-08-25 06:31:47
2024-01-08 08:30:00,CNC-01,L,297.2826678067464,311.53216266276,1740.5607000617952,43.29314185573934,28.302894742049293,2.2494135596842946,14.158887386854683,55.63061669680558,0,2026-08-25 06:31:47
2024-01-08 02:15:00,CNC-02,M,297.77287633850057,310.979004600236,2604.988618877918,19.626709135179976,158.28446281078953,3.5212502597242445,9.583380369301423,58.07202560319444,0,2026-08-25 06:31:47
2024-01-08 20:47:00,CNC-02,M,299.93406324880846,314.4977499194539,2333.894735700612,702.094996993725,189.0862844161324,3.3500387206275346,12.162408059310419,52.567458904507944,0,2026-08-25 06:31:47
2024-01-08 09:02:00,CNC-01,L,297.4168720389626,311.82884984000873,1498.3719253035315,49.2781524673885,76.46661148965323,2.219057163475681,13.947696970419168,55.465904521651105,0,2026-08-25 06:31:47
2024-01-08 02:55:00,CNC-03,H,297.44353288209896,310.5946966540867,2590.08906621919,19.344055418764427,198.7105821237649,3.5893710232295954,9.106885775069784,56.13873345347176,0,2026-08-25 06:31:47
2024-01-08 23:09:00,CNC-03,H,299.7490354721354,312.1600786447513,2600.478908393408,17.691649165571363,134.58547267029724,3.273024387299099,8.47711395481485,50.406735462083105,0,2026-08-25 06:31:47
2024-01-08 08:42:00,CNC-01,L,297.6942060587082,312.21026922759535,1661.1741599959162,46.778768446343236,46.17698410337939,2.366467510177137,14.595927698105603,56.467022440545236,0,2026-08-25 06:31:47
2024-01-08 20:04:00,CNC-01,L,301.33081480351296,314.21475759785,2439.6728150159665,20.99283743671815,192.79251809619984,3.7524737202309133,9.501191089794109,52.98407398145151,0,2026-08-25 06:31:47
2024-01-08 15:09:00,CNC-02,M,303.1997669785989,311.99854289371893,1401.3232662385458,51.12936558885596,164.46073422535196,2.5210349851380185,13.54986050937289,45.51268741609349,0,2026-08-25 06:31:47
2024-01-08 08:41:00,CNC-03,H,296.1169385741747,310.81849769785447,1594.2017267215424,48.2408350225455,149.4373656630052,2.4499188508022103,14.411236699329866,61.61351149792567,0,2026-08-25 06:31:47
2024-01-08 14:36:00,CNC-02,M,303.0479799864246,311.4626238326209,1480.9204505439052,48.45384300381574,113.88352880848156,2.26503969337639,13.291840575677817,43.5202683369237,0,2026-08-25 06:31:47
2024-01-08 04:19:00,CNC-02,M,296.77880009711015,310.4768603200903,2295.248755731285,0.0,86.3735739010768,2.9391017787007754,12.18769617577432,58.46335364057894,0,2026-08-25 06:31:47
2024-01-08 11:15:00,CNC-02,M,296.2159927109023,309.9224239626469,1315.6524107285477,49.41235194460817,22.305498335678084,1.9422061209904782,12.138785282808778,52.70949762182387,0,2026-08-25 06:31:47
2024-01-08 23:43:00,CNC-02,M,299.03622663194767,311.28143631136413,2651.789220756799,15.610884329172114,144.02038550424155,3.4348354926001674,7.7389098397561575,54.378439100922606,0,2026-08-25 06:31:47
2024-01-08 04:54:00,CNC-01,L,297.59616320438005,311.8936605983093,2174.589040333526,30.52875056376408,172.42743128498378,3.368016391854494,12.454578892035943,54.88567811926692,0,2026-08-25 06:31:47
2024-01-08 17:37:00,CNC-03,H,298.8916347277854,312.10069397114296,1869.9259780772832,34.30771689033338,16.285732009453934,2.4685389639578585,12.152449113271917,53.30878299960181,0,2026-08-25 06:31:47
2024-01-08 12:55:00,CNC-01,L,298.43299782195083,312.5131095863269,1465.1540846256146,51.25555940822061,9.44646754210144,2.0609623273072835,14.049032593444306,55.13367318438717,0,2026-08-25 06:31:47
2024-01-08 07:48:00,CNC-01,L,297.2305181344379,311.9653100924276,1651.8330840038388,44.95693147785712,202.9700571101537,3.173081347799633,13.832885675583226,58.65971260529306,0,2026-08-25 06:31:47
2024-01-08 12:49:00,CNC-03,H,296.90208776670454,311.4710643843125,1480.579140090074,50.82548464550811,81.12670956305972,2.2810600822660083,14.265298690232818,59.43024349387337,0,2026-08-25 06:31:47
2024-01-08 02:38:00,CNC-02,M,297.7102103915083,311.2620690361908,2474.4377103911884,23.604984746554255,184.10581677167718,3.6233194349786104,10.921122101974161,56.213511711371616,0,2026-08-25 06:31:47
2024-01-08 17:53:00,CNC-02,M,299.36889700213726,314.37099254206055,2173.084398344341,34.08085121967926,185.3352586940797,3.173862863934575,13.570145083787391,54.14316230302005,0,2026-08-25 06:31:47
2024-01-08 08:28:00,CNC-02,M,295.84768732124104,310.76582342688016,1604.8354672211653,45.75763620882659,,2.813138258818184,13.698537665138513,59.211841050779356,0,2026-08-25 06:31:47
2024-01-08 21:39:00,CNC-03,H,,312.41297438057654,2632.384403633155,18.723417478448102,36.685893393769646,3.1508428791110084,9.248439442426738,50.882425388930095,0,2026-08-25 06:31:47
2024-01-08 13:08:00,CNC-03,H,297.2239420115587,311.0610147596615,1417.3643777085235,47.16770761492609,111.16139408647156,2.146913900209136,12.485774473500513,57.545056893300575,0,2026-08-25 06:31:47
2024-01-08 03:18:00,CNC-01,L,297.95891591123376,310.1926867962462,2558.529957635686,19.069443223747772,56.93419014895176,3.2105796835737173,9.287836799140438,56.58589301631034,0,2026-08-25 06:31:47
2024-01-08 05:30:00,CNC-02,M,296.3114249583136,310.4745496299339,2015.3183990825883,34.30696692847247,175.5081564797943,3.0611597675560547,12.787258612035394,63.909672422731326,0,2026-08-25 06:31:47
2024-01-08 18:47:00,CNC-01,L,306.52616555345236,314.984067346095,2142.799829460828,33.744776866054835,97.35740296548067,2.788912698459443,13.305113870073525,40.961034117001105,0,2026-08-25 06:31:47
2024-01-08 15:15:00,CNC-03,H,298.181218679594,312.5085978256747,1829.1917466060722,41.108316762696695,75.28472520044798,,14.17388098225742,52.94296898084207,0,2026-08-25 06:31:47
2024-01-08 19:43:00,CNC-03,H,,313.6685882232806,2339.835703036257,26.569624988568563,177.61956933511644,3.23462764806532,11.662092406224941,53.44082434424243,0,2026-08-25 06:31:47
2024-01-08 00:09:00,CNC-02,M,298.8488415868139,310.6279204346718,2652.25463947852,16.205777269833547,22.292458137318942,3.2762209099314834,7.953718998403729,51.755231282810655,0,2026-08-25 06:31:47
2024-01-08 18:52:00,CNC-01,L,307.00503065200934,315.1622638302602,2239.946776583823,31.229599187006695,103.83092555938182,3.0084683413607314,13.220522249946121,44.2224298469572,0,2026-08-25 06:31:47
2024-01-08 10:30:00,CNC-03,H,296.41681061797266,310.38187499330746,1421.9151480129246,49.1056823888754,95.0504022413772,2.151141459149615,457.5254905661608,60.96583307068421,0,2026-08-25 06:31:47
2024-01-08 13:48:00,CNC-01,L,298.7470335653762,313.037127260356,1379.8008016329554,51.93116053609221,93.48247466669606,1.995123033257178,13.382547830130141,53.355347053316066,0,2026-08-25 06:31:47
2024-01-08 20:54:00,CNC-03,H,299.65480182938126,314.2039350412087,2378.3496381697864,28.975905082112998,261.38852258910134,4.112049295408543,13.044341004076351,56.266619846029386,0,2026-08-25 06:31:47
2024-01-08 02:44:00,CNC-01,L,298.10649469348334,310.047567984298,2660.6477261944347,16.882276395309972,17.892054516147937,3.1852737179512944,8.40495228168824,54.8353364196994,0,2026-08-25 06:31:47
2024-01-08 13:37:00,CNC-02,M,297.3324247160102,311.2775622357537,1389.4369542141992,51.898992440015725,22.121121005833068,2.0715785866697676,13.311646008491302,57.647158567975616,0,2026-08-25 06:31:47
2024-01-08 06:16:00,CNC-03,H,28.756981384361836,37.74578174083803,2028.7307940826302,37.81172160916758,196.86449099913787,31.5785677410216,14.186319933655525,46.83556206888977,0,2026-08-25 06:31:47
2024-01-08 08:11:00,CNC-03,H,295.95727060906523,310.1105072029453,1639.3398082667122,43.61916036644331,104.94845627809993,2.2974281559828773,13.389140987004929,60.16299051043318,0,2026-08-25 06:31:47
2024-01-08 15:15:00,CNC-02,M,303.34585323746194,313.06185177137223,1675.6952079260295,49.208419219907476,173.50399141591902,2.6333942726582276,15.519878421019218,43.8715931656612,0,2026-08-25 06:31:47
2024-01-08 22:12:00,CNC-03,H,26.567828457886094,38.838277035406065,2655.53232620234,17.537693581207186,73.07546203154581,3.1494230328295987,8.681970364155958,49.652774645440665,0,2026-08-25 06:31:47
2024-01-08 10:59:45,CNC-03,H,296.7023016679288,311.13486503136386,1367.882584911574,51.370207539731986,142.46478739597697,2.1123556119231313,13.498879053333091,53.54748455534995,0,2026-08-25 06:31:47
2024-01-08 13:23:29,CNC-02,M,297.2449619914406,311.1207416541699,1410.2405755138286,49.40990803890472,1.6,2.130958837363675,465.4213639260245,55.61984486616602,0,2026-08-25 06:31:47
2024-01-08 10:51:00,CNC-02,M,296.2182058968053,311.5610046962491,1387.136874479861,55.755251540670365,206.36859469902663,2.7464474265293113,14.713874568896651,61.5258126870311,0,2026-08-25 06:31:47
2024-01-08 01:02:00,CNC-02,M,298.83841041797655,310.9093633139875,2673.1674471071715,17.135416305356344,78.81257340848312,3.2505671454083984,8.889533347037984,57.000468461411586,0,2026-08-25 06:31:47
2024-01-08 22:17:00,CNC-03,H,26.322946967124608,39.44492841823228,2510.594843961716,23.776656748372933,78.47477717952935,3.065748135295791,10.975982002230975,48.86489001822807,0,2026-08-25 06:31:47
2024-01-08 10:34:00,CNC-01,L,297.96811600546215,312.81183906234094,1346.1966705703314,53.5996339211997,219.52298191228684,2.9857856969903143,13.408012582960206,53.2997827189141,1,2026-08-25 06:31:47
2024-01-08 01:22:00,CNC-03,H,298.1183164973341,310.4108408087166,2531.7276913594023,18.98000910076055,96.01083329742079,3.1537982159330267,9.103332224196654,57.941397237473204,0,2026-08-25 06:31:47
2024-01-08 00:03:00,CNC-02,M,299.00478770495533,310.4059923868191,2737.7654008513973,14.50207902872446,16.991873878321304,3.3060594089678443,7.441777008822166,54.09316323304973,0,2026-08-25 06:31:47
2024-01-08 04:33:00,CNC-03,H,296.609671194631,310.26370139173304,2249.1879099259227,27.518184663283737,64.10289156058845,2.7824119132301868,11.615283385376967,55.95506053984001,0,2026-08-25 06:31:47
2024-01-08 17:55:00,CNC-02,M,299.3364358174979,314.8842471925941,1966.4832515379212,40.70463267697245,188.04159623122038,3.1111927204918843,15.154696308468646,54.70595950425622,0,2026-08-25 06:31:47
2024-01-08 04:59:00,CNC-03,H,301.9664927312379,309.9333931170494,2214.836993184588,30.882039430191966,96.38591234440403,2.8544939815670367,12.756145225538509,51.093089447902344,0,2026-08-25 06:31:47
2024-01-08 13:20:00,CNC-02,M,296.8947998748329,312.21767508752595,1443.3137383586811,52.79769476965574,220.3647781714702,2.872103406237482,14.287970704692615,59.51152613552907,0,2026-08-25 06:31:47
2024-01-08 14:32:00,CNC-01,L,299.21147866389504,314.01206843805375,1676.6596235313207,45.26777958995471,161.8957352034638,2.6898969699912536,14.229166184338965,48.785246524078175,0,2026-08-25 06:31:47
2024-01-08 18:36:00,CNC-01,L,306.83776121107826,314.34180176759844,2140.544036544096,29.686977408253995,83.20782321939777,2.7922441589777023,11.687973172374674,37.20701415917958,0,2026-08-25 06:31:47
2024-01-08 20:30:00,CNC-03,H,299.75002215852714,313.8951116322502,2376.6760188738363,26.148817920905945,233.35356433047832,3.8440788642609216,11.650854697876895,48.31803783875897,0,2026-08-25 06:31:47
2024-01-08 20:03:00,CNC-01,L,301.44505128406274,315.1808689628588,2289.699866593582,25.790499782386544,191.63264701124467,3.526316138755755,10.869326206799276,44.68922109490786,0,2026-08-25 06:31:47
2024-01-08 17:41:06,CNC-01,L,300.7536889093498,314.34534265649324,2117.386793555032,31.00360712905583,12.174332382830968,2.7275185139220257,12.337568718802029,46.40673751217764,0,2026-08-25 06:31:47
2024-01-08 22:28:00,CNC-01,L,27.731801182553113,40.2801602459046,2575.811354006009,18.122696777176568,136.66272409684197,104.82247454548973,8.694767377997017,50.40294318896627,0,2026-08-25 06:31:47
2024-01-08 13:41:53,CNC-02,M,297.47476270650446,311.7276262531437,1326.727548999298,53.352626321257404,29.999056097268433,1.9208494251487922,13.272315247530342,52.753040469159814,0,2026-08-25 06:31:47
2024-01-08 02:11:00,CNC-01,L,298.3034926965533,311.60814470707226,2506.059185349934,22.24745106289474,171.63604682050845,3.5350644906249213,10.228195614867635,52.02487243312709,0,2026-08-25 06:31:47
2024-01-08 14:53:00,CNC-02,M,303.36409093753144,312.3790977915563,1405.187468473598,53.51754285432271,140.15258828621862,2.3045539752987922,14.181957167016252,46.20702710435748,0,2026-08-25 06:31:47
2024-01-08 03:12:00,CNC-03,H,297.3351390589043,311.2816927402943,2428.4900618468128,25.261705343704772,218.23894750854686,3.5410641930531828,11.18505644632433,58.91135418936752,0,2026-08-25 06:31:47
2024-01-08 01:25:00,CNC-01,L,298.3952676875332,311.6799321616528,2694.7456909294983,21.48550554168407,121.4521133290143,3.4267992169085093,10.94362957862604,52.493728849030376,0,2026-08-25 06:31:47
2024-01-08 16:58:00,CNC-02,M,299.0721744224046,313.2547530832543,1867.3732539122618,36.6386908351747,109.8593442904944,2.645512054606932,12.741860795721148,53.75634775805702,0,2026-08-25 06:31:47
2024-01-08 00:34:00,CNC-02,M,298.87331476503374,311.25308375501936,2576.7300049935693,19.82907671053479,49.00181487513465,3.0913341417819113,9.608208407521628,54.41142453066817,0,2026-08-25 06:31:47
2024-01-08 21:47:00,CNC-01,L,301.0217442237003,313.95633621709084,2537.859593697051,21.019899695254505,92.04164368877119,3.2221169319319207,9.944909672098634,47.789622266149436,0,2026-08-25 06:31:47
2024-01-08 12:31:00,CNC-02,M,296.9332078028468,312.0377438032216,1567.2539936991259,48.481479368552264,142.8392475115952,2.434384143939186,,50.88644763338334,0,2026-08-25 06:31:47
2024-01-08 01:45:00,CNC-02,M,298.320015720446,310.63406982841474,2695.7581582350176,17.024928757260533,125.25504318902803,3.4013241339676177,8.541140731327676,49.83920775902349,0,2026-08-25 06:31:47
2024-01-08 21:40:00,CNC-02,M,299.7556564427679,312.932427124575,,24.17831875588411,11.417014304354492,3.003703574461168,11.324952407734292,52.894366242752966,0,2026-08-25 06:31:47
2024-01-08 21:05:00,CNC-02,M,299.86679027078475,313.9427399363834,2491.4031618522527,24.54591253913336,209.6961633455424,3.7649386299565637,11.600554227860087,52.90827246931301,0,2026-08-25 06:31:47
2024-01-08 23:17:00,CNC-03,H,299.93019650400555,312.5916806192648,2785.4362466501275,16.8921379942117,143.04231281379973,3.4462933416693144,8.80163207794594,45.16823049250792,0,2026-08-25 06:31:47
2024-01-08 17:01:00,CNC-01,L,300.71839780545474,315.31438413007737,1903.9879069590513,38.54314212248388,160.16629519178485,2.7966356560303716,13.664785118838285,54.69254683287416,0,2026-08-25 06:31:47
2024-01-08 02:40:00,CNC-01,L,297.8301859268889,309.6878486954011,2620.6490408253158,16.83059385454897,13.4436714104354,3.138351370045778,7.982350383754187,55.05702890334158,0,2026-08-25 06:31:47
2024-01-08 06:38:00,CNC-01,L,24.38625712000828,37.91976064164794,1901.1296075394139,33.52260614427747,103.94437488538742,2.630144288001035,11.911488920522551,56.286613641120326,0,2026-08-25 06:31:47
2024-01-08 13:16:00,CNC-02,M,297.086972664961,312.31620052447124,1392.1763202510158,53.752606392362864,214.07849455137682,2.757811655893492,14.147181349014637,55.001438167627455,0,2026-08-25 06:31:47
2024-01-08 02:16:00,CNC-02,M,298.04581489143465,310.61283073136946,2824.188365926433,16.462413979106785,159.31446281078954,36.7877350441618,8.389468754525591,61.92158914632105,0,2026-08-25 06:31:47
2024-01-08 18:50:00,CNC-01,L,306.9776443170946,315.1526369934313,2147.0022272989218,31.950496341585605,101.24598439369764,28.66640004008264,13.119295073091674,40.62460632510295,0,2026-08-25 06:31:47
2024-01-08 04:21:00,CNC-03,H,296.4032014235692,309.29046701260773,2336.1927583583247,24.56069956456066,49.41858276396284,2.8989987129128356,10.45233696198405,56.99365935714854,0,2026-08-25 06:31:47
2024-01-08 02:34:00,CNC-03,H,297.58971613096867,311.43258171397605,2563.1101385740253,23.96709928190289,175.18072576271774,3.4309077120148075,11.47590265317473,53.01933534134015,0,2026-08-25 06:31:47
2024-01-08 11:53:00,CNC-02,M,296.52714480863216,311.0951890038191,1407.8957864209967,52.81948949241814,82.60274929941382,2.1785649387530657,14.247479450519046,55.669717553949084,0,2026-08-25 06:31:47
2024-01-08 13:24:00,CNC-01,L,298.575267997319,311.9412144353344,1331.826072081983,48.87057618900922,55.58228026548734,2.031944726927779,12.171261303680604,,0,2026-08-25 06:31:47
2024-01-08 19:31:00,CNC-02,M,299.8540691331261,314.2623619813871,2241.5296379267834,30.629726796180428,99.30371077857646,2.7978490307963453,12.583229007851616,51.06232362146034,0,2026-08-25 06:31:47
2024-01-08 08:07:00,CNC-02,M,295.3800188039846,309.74591243779787,1833.856570284764,37.799675383571504,158.91491672705985,2.9032233702963772,13.12005950423136,59.6414807704939,0,2026-08-25 06:31:47
2024-01-08 15:24:00,CNC-01,L,299.7232673131601,313.63375163389185,1561.278535519066,47.157233692110914,19.379227895833,2.176298479686107,13.765655969826723,46.78472054445463,0,2026-08-25 06:31:47
2024-01-08 11:23:23,CNC-01,L,297.9094136002628,311.3683958008844,1330.3268590369985,49.58676449720481,65.15930755358838,2.0603554368797865,12.369454098449163,62.0334051104557,0,2026-08-25 06:31:47
2024-01-08 00:52:00,CNC-01,L,298.54232875281843,310.7098055451322,2664.185267744938,15.915123896042584,86.3472410983343,3.2382995712095957,8.248163662279378,57.620162211393875,0,2026-08-25 06:31:47
2024-01-08 02:48:00,CNC-02,M,297.6980304576504,310.76923771356536,2539.7485068394863,18.89754432177536,195.4954082603899,3.6711589305249133,8.86064017208556,54.43750869802126,0,2026-08-25 06:31:47
2024-01-08 06:51:00,CNC-01,L,24.538927136365032,39.048123599989765,1827.4717467285932,40.8400770922812,122.01669389129762,2.688917039897828,13.743237632746125,57.65295639777778,0,2026-08-25 06:31:47
2024-01-08 13:21:00,CNC-01,L,298.82561120459917,312.6921260825785,1487.3582936618643,47.266320048918715,50.81803136226151,2.155381456838294,13.46157204938058,58.02044151939015,0,2026-08-25 06:31:47
2024-01-08 04:31:00,CNC-02,M,296.6748014124322,310.5500336156978,2341.8754719346925,27.449079564013648,101.09564794217827,2.9339346595289513,12.129408433429507,59.79121961892488,0,2026-08-25 06:31:47
2024-01-08 22:21:00,CNC-01,L,28.043680798525827,40.858807716232604,2587.4505758802625,,129.12645790826937,3.4336252393946345,10.356192448595648,47.235042568774105,0,2026-08-25 06:31:47
2024-01-08 01:36:00,CNC-02,M,298.40118651169917,310.74756914057366,2614.646955681404,16.816773231199242,115.45249180525441,3.2120262217649542,8.379262600834798,53.26223145787859,0,2026-08-25 06:31:47
2024-01-08 07:03:00,CNC-03,H,22.908443936812944,36.169806938028444,1871.6708236901402,32.70673582107317,6.979417374207941,2.517171756876782,11.23561169323803,56.437632585006455,0,2026-08-25 06:31:47
2024-01-08 05:03:00,CNC-03,H,302.04964393229216,310.0023089257909,2134.0612579607305,32.53469609961278,101.51914504903237,27.995897474464574,13.056644894939186,46.52820436192833,0,2026-08-25 06:31:47
2024-01-08 10:47:00,CNC-01,L,297.7938624588518,311.3576819909747,1292.5043308277059,51.21774939614461,9.460585520142299,2.091298890916029,12.378833235611612,53.85085217160089,0,2026-08-25 06:31:47
2024-01-08 17:17:00,CNC-01,L,300.6773460830019,315.8485721605115,2009.8972590293758,40.370751902178746,182.01777316996234,3.283859671312175,15.14851188485318,50.86716182014604,0,2026-08-25 06:31:47
2024-01-08 06:50:00,CNC-02,M,22.781285350368705,36.682199161269864,1911.943875226937,34.804361595394354,49.12564481034311,2.594004995820653,12.353863700317936,63.21721651307629,0,2026-08-25 06:31:47
2024-01-08 05:44:00,CNC-03,H,301.5821847771946,309.7436908005499,2034.5339437193434,33.81062447815216,154.1506901326349,2.904199480969074,13.012077639128984,48.03285392242002,0,2026-08-25 06:31:47
2024-01-08 04:04:00,CNC-02,M,296.6623006948454,309.2915305742143,2366.6281813102914,21.65025242021617,68.22470887254906,2.968499771340873,9.60054783437408,56.756262745735306,0,2026-08-25 06:31:47
2024-01-08 09:38:00,CNC-02,M,296.16602989140097,310.5082935829485,1520.6162242878038,47.37302892067654,91.60766140705444,2.2660256168366733,13.371762127193131,53.90731039082703,0,2026-08-25 06:31:47
2024-01-08 17:20:00,CNC-02,M,299.29072580836754,,1951.0233062218322,37.06429058041788,140.58922365126506,2.7778656286481636,13.376250858619889,52.814766190105516,0,2026-08-25 06:31:47
2024-01-08 19:02:00,CNC-03,H,299.79245750983364,313.6422375866928,2344.225955398224,27.863222816845326,127.09811139348444,2.9599336622555956,12.13813950623447,56.442280337390066,0,2026-08-25 06:31:47
2024-01-08 14:15:00,CNC-01,L,299.5449195910669,313.8600668465908,1432.1746434721513,48.48326654868267,135.63073537830368,2.4439423678968435,12.996534867401172,52.63907587596149,0,2026-08-25 06:31:47
2024-01-08 13:31:00,CNC-01,L,298.6985984420426,312.3525430830511,1385.264464863063,46.98059005998544,66.6255317390009,2.112387939656287,,51.54765083875079,0,2026-08-25 06:31:47
2024-01-08 14:13:00,CNC-03,H,297.62004600490167,313.29147510797276,1647.9154436755575,50.60694330295999,212.8786087785271,2.9099293033977203,15.630508275479905,55.44620585217612,0,2026-08-25 06:31:47
2024-01-08 21:29:00,CNC-03,H,300.103856965111,312.1644760012505,2741.284454915395,16.458485589565036,25.6007696248355,3.2472244452522006,8.547375802678165,48.40387691155097,0,2026-08-25 06:31:47
2024-01-08 11:43:00,CNC-01,L,298.0694555971916,312.0068064359783,1340.9666674712353,50.56488312767155,98.52779988097538,2.0219696378517193,12.896222799622906,56.01819587000174,0,2026-08-25 06:31:47
2024-01-08 06:24:00,CNC-02,M,22.84591500536368,36.88499094175256,2021.1139311496488,35.33300516767955,13.376933974479087,2.650941755496672,13.294696057044256,57.06876740614053,0,2026-08-25 06:31:47
2024-01-08 11:32:00,CNC-02,M,296.76191320094875,311.44070534196055,1373.6331599938603,53.6389549531887,49.27590958908304,2.038928086231148,13.923190267375176,58.213342010016135,0,2026-08-25 06:31:47
2024-01-08 11:58:00,CNC-01,L,298.3584477879336,313.302168032828,1439.1022718743577,55.49500464431402,122.31568881353154,2.30393972650664,14.88839067958367,51.980756505570625,0,2026-08-25 06:31:47
2024-01-08 18:32:00,CNC-02,M,299.72366215400837,313.7273329090848,2225.920534379757,30.37674096138466,24.830120937686154,2.845821135149406,12.635437548868484,51.47211671320589,0,2026-08-25 06:31:47
2024-01-08 00:24:00,CNC-01,L,298.74716680776226,310.5892821784903,2692.214346278048,14.655201233533102,56.717852894740105,3.179319714893108,7.40481145702207,52.50514729305559,0,2026-08-25 06:31:47
2024-01-08 05:49:00,CNC-03,H,0.0,309.5115721497695,2091.166784806019,29.203510868572245,160.77860109978033,2.9281143156194194,11.119690048052396,46.1731811853448,0,2026-08-25 06:31:47
2024-01-08 06:09:00,CNC-03,H,28.93362716705616,37.550231261284466,1812.3324650415768,39.889890740553476,187.35509830080844,2.8267071413346603,13.431980370599373,42.589895108680636,0,2026-08-25 06:31:47
2024-01-08 06:57:00,CNC-03,H,22.63071579314635,37.93615309930988,1776.3591224768606,45.54834932284578,253.35909003036375,3.4949436024203253,15.225481031428247,56.52153503505723,0,2026-08-25 06:31:47
2024-01-08 21:40:00,CNC-01,L,301.2459792732287,314.27696988781764,2481.6035021635753,21.85311547314709,84.16157021090808,3.082006881997278,10.191937004986643,47.96800342635605,0,2026-08-25 06:31:47
2024-01-08 12:05:00,CNC-02,M,296.81124632070464,311.45614914720755,1437.5277840290491,53.3752015926108,101.67905527311919,2.2774728692911403,14.239950684699267,58.82758898896862,0,2026-08-25 06:31:47
2024-01-08 16:42:00,CNC-01,L,300.3556239062325,314.77486232728523,1731.7851812858928,39.95664923434981,133.29968695616822,2.4954996922550268,13.0121273354861,54.91766494088647,0,2026-08-25 06:31:47
2024-01-08 06:08:00,CNC-03,H,28.465023807839827,37.265515445874485,1974.025981912846,37.907818737642124,185.96302574012196,3.114350045825521,13.836208381503537,52.152321254326566,0,2026-08-25 06:31:47
2024-01-08 11:56:00,CNC-01,L,298.3730251010118,313.2472591520207,1599.2861639558828,49.09083490989138,119.11568881353155,2.4254362914153953,14.843547293689237,52.36477094083444,0,2026-08-25 06:31:47
2024-01-08 21:18:00,CNC-02,M,299.9746335078145,313.4199422461716,2529.0400179779567,19.529496324463473,224.21163746997993,3.8861657419378894,9.234818455131398,53.56730444892882,0,2026-08-25 06:31:47
2024-01-08 11:11:00,CNC-02,M,296.36955308857216,310.2894945770427,1353.7121554567962,49.49136665607934,15.937464305223305,1.99961324785091,12.484599145876725,52.30843721324149,0,2026-08-25 06:31:47
2024-01-08 03:01:00,CNC-01,L,298.1010017806209,309.5210797996296,2567.6041619099296,14.673634580290543,37.23622459456564,3.054157614392694,7.050412270539752,52.8384667415729,0,2026-08-25 06:31:47
2024-01-08 15:31:00,CNC-02,M,303.6132284587409,312.6403646486328,1597.991621312134,45.781570550384195,197.21789540708326,2.908051938665926,13.693538394379317,48.05242465758301,0,2026-08-25 06:31:47
2024-01-08 07:33:00,CNC-01,L,297.18581586981054,311.9636437556361,1711.3394258973171,43.687970735820954,181.44016408696353,3.0163211539834855,13.79544505539134,56.94401954415335,0,2026-08-25 06:31:47
2024-01-08 01:21:00,CNC-01,L,298.4674349723998,310.78355293724684,2533.0942616901516,17.700250912475493,117.13460179649579,3.272985262528637,8.434985463909294,52.5934647287577,0,2026-08-25 06:31:47
2024-01-08 21:50:00,CNC-01,L,301.1449744119274,313.6974933911244,2667.2640237578444,19.03562487383231,95.35615765510232,3.181797044430426,9.561611473174262,48.17265930197178,0,2026-08-25 06:31:47
2024-01-08 11:56:00,CNC-03,H,296.82225203486735,311.65640901207144,1353.999417134188,54.96252351696244,,2.7885571994443907,13.78355177967627,54.900776188944874,0,2026-08-25 06:31:47
2024-01-08 06:29:00,CNC-01,L,24.647511832338978,38.46359904254598,1912.0434726204885,34.121577610349725,91.52837043481239,2.589930573095645,12.324270979210235,55.294892883431295,0,2026-08-25 06:31:47
2024-01-08 13:39:00,CNC-01,L,298.90002682675527,312.7385644381816,,47.966777046456514,79.2800502298743,2.1045112946004148,12.122985602806132,50.57617253777203,0,2026-08-25 06:31:47
2024-01-08 18:45:00,CNC-03,H,299.52945010854773,314.09590516997105,2109.86312461633,35.66451416540909,105.44506699912544,2.7863435252986424,14.205833381955339,49.023577586539126,0,2026-08-25 06:31:47
2024-01-08 16:13:00,CNC-02,M,298.55262672841076,313.0302835710093,1683.2877603729592,44.1645278765094,45.53839174226846,2.358596532496707,13.709027091520317,52.63855218480431,0,2026-08-25 06:31:47
2024-01-08 11:29:00,CNC-03,H,296.5720248033309,311.2365773070785,1424.700781542442,49.22783376355848,188.4829398349216,2.4857738226112853,13.148105728985366,60.39993229342438,0,2026-08-25 06:31:47
2024-01-08 17:52:00,CNC-03,H,298.9489295165316,313.1401480732053,2028.7146789949716,36.072531431963036,36.44083401139074,2.6770748528995267,13.660420335334688,53.31515879327556,0,2026-08-25 06:31:47
2024-01-08 08:57:00,CNC-03,H,296.2558465278922,310.9403569696712,1565.4769317249804,48.255682002701846,173.76576623274215,2.4717840417575614,14.102145891777182,59.71555943554472,0,2026-08-25 06:31:47
2024-01-08 01:52:00,CNC-02,M,298.1921568862541,310.5564540766325,2782.622896834127,16.4870457850089,132.9083629614499,3.506974530534783,8.414867239434798,56.966366483603394,0,2026-08-25 06:31:47
2024-01-08 01:27:00,CNC-03,H,298.14228885907227,310.54377494363655,2751.3370362801725,16.38011069364566,101.47866190921815,33.520611153767405,8.181435888795107,55.81386576686246,0,2026-08-25 06:31:47
2024-01-08 03:05:00,CNC-01,L,297.85777372431556,309.3475265670243,2655.916447857914,14.32502815558809,41.82209073183051,3.1542223244425145,7.208716326445767,55.53759710054567,0,2026-08-25 06:31:47
2024-01-08 19:57:00,CNC-02,M,300.0945771092987,314.0174281894666,2331.698576426642,26.138317942119105,130.8130434132654,3.1054409703608123,11.624641492912911,52.81460350358583,0,2026-08-25 06:31:47
2024-01-08 17:07:00,CNC-02,M,298.9298632309852,313.94606526823173,1903.270064670246,39.493147056915994,122.3937249646753,2.5633666085346785,14.233050237316146,54.54647814036314,0,2026-08-25 06:31:47
2024-01-08 09:01:00,CNC-03,H,296.53728476970554,311.49247315364806,1622.2796339608435,48.06696135850194,179.86151131229263,2.6795759672770267,14.282370932388757,59.22260989996839,0,2026-08-25 06:31:47
2024-01-08 11:58:00,CNC-02,M,296.36348505089126,311.1432269997465,1422.0070619217051,53.20702255306925,90.56380195243646,2.0966308854371625,14.167855476722924,60.71459641209246,0,2026-08-25 06:31:47
2024-01-08 02:58:00,CNC-03,H,297.4370957488937,310.5824204458365,2537.6700054615635,20.137101074917076,202.12355144643593,3.6036821160097263,9.338755477813878,54.56162455305135,0,2026-08-25 06:31:47
2024-01-08 16:34:00,CNC-02,M,298.7568627805646,313.0638309168783,1873.3149254478653,37.45968992883434,75.65178294304641,2.4341398814237647,12.867084568072222,53.456523764968495,0,2026-08-25 06:31:47
2024-01-08 20:39:00,CNC-01,L,301.2732776333695,313.53519641150285,2511.859739288961,19.947102680551144,15.184085025095587,3.1600418761934495,9.466600593404058,51.31383799310269,0,2026-08-25 06:31:47
2024-01-08 05:56:00,CNC-03,H,301.7697956870718,310.78850588843216,2116.3416595025174,35.21175892248037,169.9798616480132,2.9161074760120194,13.819681172750634,49.72459986074645,0,2026-08-25 06:31:47
2024-01-08 08:29:00,CNC-01,L,297.4969429205798,311.51403738744244,1593.8890893808084,44.78173809817773,26.829911579610005,2.1951878077436566,13.377205207906615,56.36155759512029,0,2026-08-25 06:31:47
2024-01-08 20:20:00,CNC-01,L,301.4289633629983,315.4054607358089,2581.9872881460014,23.63730068090041,211.65259862473312,4.008954908644032,11.394462851974039,46.61961208348915,0,2026-08-25 06:31:47
2024-01-08 02:22:00,CNC-03,H,297.6469775144145,310.4308207850736,2582.5727089977768,18.54222870033717,161.78151194616177,3.3939972779770406,9.022282270886215,51.97116581316752,0,2026-08-25 06:31:47
2024-01-08 20:53:00,CNC-02,M,299.95711549327524,314.1624420565785,2558.1228006258916,25.465356460320372,195.978182906801,3.683551672694873,12.620536326979588,54.872592636663974,0,2026-08-25 06:31:47
2024-01-08 09:37:00,CNC-02,M,295.97900035632944,310.2781544633205,1525.8813131819622,48.61937111741368,90.07465471116218,2.230384487139892,13.814234219185284,53.50660045800728,0,2026-08-25 06:31:47
2024-01-08 09:44:00,CNC-02,M,295.789172912187,310.86983016104193,1642.3972995229108,49.25150275357994,100.92684841834729,2.34241538988216,15.121474022835551,59.18801627391805,0,2026-08-25 06:31:47
2024-01-08 18:57:00,CNC-02,M,300.09745299568755,313.89126804396,2193.4444947993425,30.067444907918464,56.960427895293705,2.797602341810091,12.487202344367775,48.32151525794191,0,2026-08-25 06:31:47
2024-01-08 23:17:00,CNC-01,L,300.91070279721106,313.1296827157473,2610.955283163786,15.600425735472655,189.35058704860498,3.8530401212728593,7.605760638276458,50.31598831247243,0,2026-08-25 06:31:47
2024-01-08 20:46:00,CNC-02,M,299.94426996119176,313.44419234125724,2501.786491797601,21.182809274640682,187.88163645445468,3.705107228754084,9.82640731274747,54.90307568613524,0,2026-08-25 06:31:47
2024-01-08 05:32:36,CNC-02,M,296.3642862844826,311.00563377742606,2106.619802915153,33.67455924837326,178.17066089994535,3.088627457237047,13.213828931264821,58.67816930011359,0,2026-08-25 06:31:47
2024-01-08 19:09:00,CNC-01,L,306.7601805805004,314.7377340333908,2271.5889116935805,28.333303135473145,,3.0632988224780306,12.05359301380603,39.457169167199766,0,2026-08-25 06:31:47
2024-01-08 08:51:00,CNC-01,L,297.32772317744815,311.5395827513235,1695.4522998019836,43.21896993562707,59.85339320418527,2.3859633086824292,14.007684548339657,55.52662832384753,0,2026-08-25 06:31:47
2024-01-08 01:56:00,CNC-01,L,298.5351760725834,311.9112530888361,2553.376203023681,23.045604169666394,154.99742924322283,3.4626504959054487,11.011702298684368,59.39190341170381,0,2026-08-25 06:31:47
2024-01-08 22:19:00,CNC-03,H,26.599589780622637,39.104159501725746,2676.1734396134193,18.37013137047244,80.67662564593773,3.2154119196988113,9.037928024425993,50.96920230486445,0,2026-08-25 06:31:47
2024-01-08 23:02:00,CNC-01,L,300.6054844604122,313.72291204933606,2637.690588876773,19.491155179580474,173.19737809242477,3.69874135880543,9.699566292051067,49.363879808339796,0,2026-08-25 06:31:47
2024-01-08 18:21:00,CNC-03,H,299.41390181870344,313.31654590749866,2035.0111366833958,33.65080779832516,74.80217890069356,2.6719921353136287,12.731076137924026,48.579390217699014,0,2026-08-25 06:31:47
2024-01-08 02:56:00,CNC-03,H,297.7057454577231,311.63999004693767,2450.2971132581742,25.403971247326634,199.88895860576574,3.5159455874887016,11.531752702832884,57.447792293966785,0,2026-08-25 06:31:47
2024-01-08 09:40:36,CNC-01,L,297.4976497039837,312.99496812817574,,54.68184581713448,135.10263059499258,2.4350800556127514,15.79029466777008,56.620963292981415,0,2026-08-25 06:31:47
2024-01-08 16:40:08,CNC-03,H,298.9518100505114,314.1810116141825,1829.8888341954596,43.24160590201484,199.68436731907883,2.982497867378672,14.928424393269765,55.20089294006256,0,2026-08-25 06:31:47
2024-01-08 02:37:00,CNC-01,L,297.80780912550125,310.0788665464701,2551.6575642938283,,10.072164969168847,3.0972575836489122,9.273130542034716,57.526278291468266,0,2026-08-25 06:31:47
2024-01-08 19:59:00,CNC-01,L,301.4302738637614,315.82999544433324,2374.5758430642845,29.64881472709828,186.8014065477865,3.54744197522563,13.01444554958237,48.84992645317866,0,2026-08-25 06:31:47
2024-01-08 07:56:00,CNC-02,M,295.8739080371041,310.7138703812657,1837.2533097317246,40.793129949124975,142.79511074370777,2.62722360036962,13.954316346384498,63.217363845644485,0,2026-08-25 06:31:47
2024-01-08 07:27:00,CNC-02,M,295.7320254175954,310.51279205531716,,39.51667898498185,101.15025293069618,2.6575463702197366,14.407281010724365,58.682280598505294,0,2026-08-25 06:31:47
2024-01-08 16:31:00,CNC-02,M,298.5362983942727,312.48796045199265,1863.4395394323387,35.784528843609095,71.35479354543982,2.549211988783645,12.611000070213038,52.593475999606596,0,2026-08-25 06:31:47
2024-01-08 07:14:00,CNC-03,H,295.9558563610726,309.67104954621806,1757.6922197628658,38.96245394798619,22.512833652518232,2.4190938743531274,12.76483819838594,59.580177256068275,0,2026-08-25 06:31:47
2024-01-08 03:26:00,CNC-01,L,297.8830909915926,310.8754240335169,2358.724120025147,23.392865159807613,66.16312978906338,2.975435766379278,10.08316348468434,58.3966286312669,0,2026-08-25 06:31:47
2024-01-08 06:34:03,CNC-01,L,24.34703511794328,38.179780422147246,1847.262094740273,36.3640244106265,98.43423467390465,2.633354472384108,12.304579612048029,53.265014774034746,0,2026-08-25 06:31:47
2024-01-08 07:51:00,CNC-02,M,295.90328071707694,310.33907853543,1744.0081074587388,40.80568455134819,135.5687610549192,2.542512378848803,13.628735400443201,62.556182055169145,0,2026-08-25 06:31:47
2024-01-08 10:22:00,CNC-02,M,295.8316840928744,310.36480101737175,1407.0252768928083,50.923579240970085,160.51747092060424,2.3975908804750965,13.135676348910602,60.7928688942924,0,2026-08-25 06:31:47
2024-01-08 21:57:00,CNC-01,L,27.896345343982603,40.57756626865989,2653.0102758156513,17.99603056463706,103.10387387214843,3.329082932641058,8.931990756932596,46.79089137552652,0,2026-08-25 06:31:47
2024-01-08 08:27:00,CNC-01,L,297.2956334072935,310.9970491180367,1666.1041160258885,42.235618925658045,23.797437995856022,2.2492966163444255,0.0,59.588432148032425,0,2026-08-25 06:31:47
2024-01-08 23:45:00,CNC-03,H,299.4255172880698,313.03825203168543,2708.390460147733,21.300928402613444,172.78625422347926,3.5589389213121136,10.868725917007396,51.24683297196938,0,2026-08-25 06:31:47
2024-01-08 20:54:00,CNC-02,M,300.00601403603304,313.4206224332794,2566.8710463395832,19.635504768470177,197.0888915975211,3.650555800726575,9.291958154975802,49.585764296758796,0,2026-08-25 06:31:47
2024-01-08 01:25:00,CNC-02,M,298.66565273585803,311.45400343788015,2564.0924234332692,19.63532020181403,103.48649983781395,3.1414208626918745,9.192211607260196,55.95121911133639,0,2026-08-25 06:31:47
2024-01-08 02:43:00,CNC-03,H,297.7984691276805,311.10634674569025,2472.3489522717337,21.54935973844801,185.25951005195816,3.5141992566467404,9.872648009701166,49.40388577831317,0,2026-08-25 06:31:47
2024-01-08 21:40:00,CNC-03,H,300.0784535430196,312.6300617852358,2618.0584301671356,20.02602158805904,37.794789791243794,3.1525333096308406,9.735994261225466,50.813987167881336,0,2026-08-25 06:31:47
2024-01-08 01:18:00,CNC-03,H,298.39099534901106,310.96081089230796,2673.2661889405954,18.615842514062077,91.71821702425517,3.254744317739417,9.134641122294122,53.810907017115525,0,2026-08-25 06:31:47
2024-01-08 12:57:00,CNC-02,M,297.0306467848089,311.96249059674483,1391.802505616766,52.138234767579576,184.05864048647612,2.515661573671676,13.772860728373145,58.59773740078862,0,2026-08-25 06:31:47
2024-01-08 04:50:00,CNC-02,M,296.5211972332337,310.65350702276334,2315.213425572955,28.801174264585526,124.53372880050586,3.045111663198628,12.51120144073617,56.31246418051517,0,2026-08-25 06:31:47
2024-01-08 16:16:00,CNC-02,M,298.57015364529445,312.3708791338695,1794.0041857314181,37.86285958396754,49.85784374469899,23.047719276793043,12.656300427803433,51.657993194748826,0,2026-08-25 06:31:47
2024-01-08 13:40:00,CNC-02,M,297.1996900350991,311.4306086654079,1360.1019911479048,52.15420661490374,26.88740506620791,2.020422742275526,13.197641483647896,57.449646211954054,0,2026-08-25 06:31:47
2024-01-08 13:22:00,CNC-02,M,296.94811613608607,311.8459652724537,1496.1924105025303,48.47066768453121,223.4740318102532,3.100376735385791,13.526806813780103,56.8629425108844,0,2026-08-25 06:31:47
2024-01-08 13:12:00,CNC-02,M,297.1807598911727,312.2333848338006,1429.3474403644407,51.59556221656632,207.7067850823812,2.8620714759518098,13.721190076232155,54.79453388145256,0,2026-08-25 06:31:47
2024-01-08 04:11:00,CNC-03,H,296.85174508565484,310.54938192748045,2305.8995949176115,30.30316114251395,37.31867468752002,2.804951894293053,13.254119190915066,53.194336051749495,0,2026-08-25 06:31:47
2024-01-08 23:03:22,CNC-02,M,299.46464686680105,311.73190611156525,2689.1980205734812,15.716347682307237,100.33968399980077,3.270246068189909,8.08862729476283,52.52043739680714,0,2026-08-25 06:31:47
2024-01-08 05:38:00,CNC-03,H,301.66960738907227,310.27403185311624,2159.713376326383,34.18804574481697,146.3772788250261,2.956843312913934,13.843749261241285,49.49163648239817,0,2026-08-25 06:31:47
2024-01-08 19:59:00,CNC-03,H,299.68099536170195,314.2223863975695,2403.128924489203,28.044890825545327,196.8168860009422,3.4676530949199798,12.836013984553826,47.14776642443881,0,2026-08-25 06:31:47
2024-01-08 12:01:20,CNC-03,H,296.8330544128708,310.51361220689006,1478.8763705696124,47.87843021378473,6.357357839745776,2.082265417758861,12.935913282024305,54.87745492246401,0,2026-08-25 06:31:47
2024-01-08 10:43:00,CNC-03,H,296.52918883065337,310.6937342025727,1366.3232973959423,50.57369973926604,115.48827892863234,2.1148691166012688,13.135878245526687,59.46300741148475,0,2026-08-25 06:31:47
2024-01-08 17:26:00,CNC-02,M,298.9597502987417,313.3997163799339,1905.097270175387,35.58268553572245,148.80615383295242,2.7610344849610615,12.803011628606678,49.611151156758716,0,2026-08-25 06:31:47
2024-01-08 23:53:00,CNC-03,H,299.4004104473241,312.9912331976981,2776.028620494198,,181.27033064438046,3.7766020091147148,11.36835968678939,51.84941340328182,0,2026-08-25 06:31:47
2024-01-08 00:09:00,CNC-03,H,298.8647299419878,310.66919297684655,2768.1493283380505,15.793479300023822,17.745863484788252,3.2746985668525848,8.369063126094428,51.816895783522064,0,2026-08-25 06:31:47
2024-01-08 07:02:00,CNC-01,L,24.55732467993988,38.89561193505506,1923.4905425675968,36.7503574386169,137.21927852433637,2.7339094886713053,13.324440056811856,58.76649300607317,0,2026-08-25 06:31:47
2024-01-08 02:23:00,CNC-03,H,298.0522504878525,311.4527725537521,2530.226179546492,22.8662857414479,162.92263339602218,3.4426760859458407,10.787898918913776,52.82457331879912,0,2026-08-25 06:31:47
2024-01-08 00:33:00,CNC-01,L,298.57938865765954,,2747.5724927808383,17.984976829481518,66.20293078458721,3.2797559735278927,9.424988910163073,55.37790187692785,0,2026-08-25 06:31:47
2024-01-08 10:58:00,CNC-02,M,296.18379062748096,311.15582150019145,1535.7823760995445,47.56728560099776,217.46696120522697,3.1250602305580872,13.714747636163477,53.01263224672612,0,2026-08-25 06:31:47
2024-01-08 05:51:00,CNC-01,L,297.73951825180734,311.4563978907294,2117.493250150168,31.541065031036407,40.34623121842078,2.6102926186215147,12.429097192200192,54.845956892950575,0,2026-08-25 06:31:47
2024-01-08 11:27:00,CNC-01,L,298.18577921405335,311.9564238493314,1291.7203336794448,50.534975865921616,73.08859058506769,2.041177169415718,12.316359302161043,56.33933599214785,0,2026-08-25 06:31:47
2024-01-08 13:21:00,CNC-03,H,297.07730630236523,312.0105782675931,1609.2189393820624,48.69649927782526,131.6979036089314,2.4189752923064627,14.641801064556438,58.83297262424396,0,2026-08-25 06:31:47
2024-01-08 16:07:00,CNC-02,M,298.6721127314991,313.0930597771849,1828.3133433298701,40.376084311390024,36.82397036911041,2.4021464347067694,13.52567587320048,56.735900905850194,0,2026-08-25 06:31:47
2024-01-08 16:14:00,CNC-03,H,298.58229131358485,313.45669150882134,1793.2339701831902,41.6800977566368,162.52674419851087,2.59281396258164,14.165024290662508,59.387194604337566,0,2026-08-25 06:31:47
2024-01-08 13:55:00,CNC-02,M,297.3528241920876,311.5099497517552,1610.6088715557867,43.18699693092648,50.20278294441766,2.208279183481901,12.905257209792342,55.839824991445894,0,2026-08-25 06:31:47
2024-01-08 23:35:00,CNC-01,L,300.4351036620478,313.5634658249661,2735.6419457498014,19.695040992688494,208.53728589620627,4.164474357285616,10.067745724897879,52.064165623440445,0,2026-08-25 06:31:47
2024-01-08 20:14:00,CNC-01,L,301.2462884645666,315.7813697694317,2449.405123340991,27.47523819258214,,3.8254805352581216,12.251968674331051,46.91559586558143,0,2026-08-25 06:31:47
2024-01-08 14:23:00,CNC-02,M,303.27888913402444,311.3695620068696,1485.0134807064746,46.121645064273046,93.74575630397483,2.193453427967786,12.919269206730423,38.80360237551525,0,2026-08-25 06:31:47
2024-01-08 05:08:00,CNC-02,M,296.3457227112814,310.58798554538384,2038.8524284969167,33.96681033900272,147.38786684921774,3.054559754792387,13.035161765215921,56.625758703567435,0,2026-08-25 06:31:47
2024-01-08 20:07:00,CNC-01,L,301.72722154952197,315.4778651748154,2388.979999226624,25.547089750789688,196.40407507179455,3.678820598090346,11.451829824155597,46.905574468047156,0,2026-08-25 06:31:47
2024-01-08 12:44:00,CNC-02,M,297.1029363341244,312.42237885837733,1416.100206793708,54.83714802711373,163.42970782375187,2.429605893428211,14.255828227522267,57.89556611896023,0,2026-08-25 06:31:47
2024-01-08 13:11:52,CNC-03,H,297.11650125538176,311.169905761817,1363.9500579039577,51.44774770299619,119.09082337768332,2.1202820261164423,13.029792197683575,58.51743023675124,0,2026-08-25 06:31:47
2024-01-08 10:25:10,CNC-02,M,296.15518405277743,310.9193157432275,1330.620877492086,54.97338180688052,166.83701504303446,2.344214941451749,13.68874528595993,59.150225843108636,0,2026-08-25 06:31:47
2024-01-08 05:21:00,CNC-03,H,301.7278173737706,309.7523860267742,2024.6052826999635,33.06814701394744,124.44950293941028,2.722272309959972,12.525946455420936,49.18310751953901,0,2026-08-25 06:31:47
2024-01-08 23:35:00,CNC-02,M,299.40657920988144,312.0348154510577,2683.2871960508724,16.644054547014488,135.52772068133163,33.30751980024751,8.321817259029165,49.76631065411494,0,2026-08-25 06:31:47
2024-01-08 14:52:00,CNC-01,L,299.3811859412234,314.98266805907656,1501.5101037394159,54.85036490284234,192.21025564436513,2.927367796875364,15.318761625466175,50.7862162865215,0,2026-08-25 06:31:47
2024-01-08 00:46:42,CNC-03,H,298.41153584651494,310.30921474869035,2673.0239801412877,16.293350187548313,58.37786523989844,3.2779796978746027,,1282.7923517850234,0,2026-08-25 06:31:47
2024-01-08 08:25:00,CNC-01,L,297.5832337137681,311.0419302618788,1485.8109078317366,45.327489784565984,20.783082563607437,2.171871499594411,12.46461842969141,56.62109611393257,0,2026-08-25 06:31:47
2024-01-08 18:17:00,CNC-02,M,299.6033735419691,312.6355687732901,2065.181859074449,27.566508202284354,5.2077858658097265,2.653740395365509,10.76885096489272,49.162998712331316,0,2026-08-25 06:31:47
2024-01-08 11:43:00,CNC-02,M,296.61730708313985,310.6192072620295,1317.299534168065,50.01728402012355,66.6619648828987,1.9914282206141698,12.145493716674775,55.341388811251974,0,2026-08-25 06:31:47
2024-01-08 08:47:00,CNC-02,M,295.9199855889203,310.3880681714336,1427.9437985382576,53.7128694667586,13.459023546217011,19.654581691877063,14.528319066396401,62.90366412469175,0,2026-08-25 06:31:47
2024-01-08 12:00:00,CNC-01,L,298.3481235066834,312.7651843830737,1332.45040765643,54.45869224869419,,2.2532462539445706,13.86738236523396,55.330506527686644,0,2026-08-25 06:31:47
2024-01-08 17:46:00,CNC-01,L,300.672499999911,314.3555260925741,1923.746448618198,35.70883732784624,17.547790356803194,2.550862210505541,12.962658114325581,52.27476704581505,0,2026-08-25 06:31:47
2024-01-08 02:59:00,CNC-01,L,297.9810074511351,310.1161577501791,2408.731009699885,19.865312940338605,35.01010986139273,3.0171558909976293,9.045823921797481,54.69124599715613,0,2026-08-25 06:31:47
2024-01-08 02:39:00,CNC-01,L,298.02677207044525,310.54025015681856,2485.574483532013,21.11691274501884,12.348351738781783,3.0107332849006245,10.089317530240665,59.02474785856056,0,2026-08-25 06:31:47
2024-01-08 04:12:00,CNC-02,M,297.1049154679539,309.9700379254221,2378.0182243336553,22.75883805885551,77.9305246757205,2.930289084431039,10.291881342170573,55.278697403349234,0,2026-08-25 06:31:47
2024-01-08 08:25:00,CNC-02,M,296.20030643635255,311.0276088244631,1534.582176301777,47.33664689572093,185.59121753083738,2.6768173887069007,13.35465813718192,56.37230092966604,0,2026-08-25 06:31:47
2024-01-08 14:44:00,CNC-01,L,299.384571576824,314.57434403555385,1630.7364888814427,48.290862703535446,,2.9078395647140947,14.663356370402408,51.30331412521441,0,2026-08-25 06:31:47
2024-01-08 08:50:00,CNC-03,H,296.244353812044,310.6560833824424,1452.5559906287754,47.34289628229312,163.1527495488094,2.3287260048606164,12.806192280219225,56.84266104441137,0,2026-08-25 06:31:47
2024-01-08 00:38:00,CNC-02,M,298.591226075016,310.3197541822658,2836.3264526260627,12.985738916884321,53.20493697026227,3.44695450970088,6.915544833196711,54.45718706529404,0,2026-08-25 06:31:47
2024-01-08 12:01:00,CNC-02,M,296.62945127181877,310.6734182252402,1311.9922805786618,50.976039335749356,95.33801938132898,20.13362995082753,12.519620707476792,57.61786806969742,0,2026-08-25 06:31:47
2024-01-08 13:39:00,CNC-03,H,297.45011316555053,312.15428259542233,1541.3194090544794,47.20549643151584,160.01444843925955,2.409854700300984,13.81665651668685,52.727424564494214,0,2026-08-25 06:31:47
2024-01-08 03:01:00,CNC-02,M,297.7465971957879,312.2136612038399,2335.098494925232,28.911051702320812,210.44828778239344,3.6235658912989317,12.555706385673613,60.96572984260099,0,2026-08-25 06:31:47
2024-01-08 14:43:00,CNC-03,H,297.8289645403356,312.45486841554424,1507.4191015452852,51.96920855093423,26.323298183894938,2.158304375109196,14.599507659794865,53.702040923464644,0,2026-08-25 06:31:47
2024-01-08 20:00:00,CNC-01,L,301.68384676114005,316.13767276054887,2278.5633873568954,30.015599756044335,188.0237427333468,3.615999581464022,12.877441769084069,50.555785400258024,0,2026-08-25 06:31:47
2024-01-08 04:23:00,CNC-01,L,297.556986652426,311.48006847746467,2347.43979695204,27.598901872969336,134.12921966800454,3.177679795751922,11.954628394266656,57.87644474188116,0,2026-08-25 06:31:47
2024-01-08 10:41:52,CNC-01,L,297.69848238713007,311.30820949828313,1347.7229768059572,50.44941653744733,,2.01990064076803,12.727699557101795,51.37308069494014,0,2026-08-25 06:31:47
2024-01-08 14:03:00,CNC-01,L,299.2408503331308,313.07634706198587,1381.9263829620652,47.90256230015324,117.0130653891143,2.222095761997165,12.263730422906551,50.907706325863856,0,2026-08-25 06:31:47
2024-01-08 14:15:00,CNC-03,H,297.475802090573,312.6778749005157,1502.0021519009379,52.14603423978087,215.9694394192677,2.833890435559032,14.663248737102363,56.03431848607239,0,2026-08-25 06:31:47
2024-01-08 13:36:00,CNC-01,L,298.9828729411685,313.03274001724856,1398.4723345815976,50.22168089577106,74.5070187327313,2.120282302552124,13.483842121627648,53.53485852686165,0,2026-08-25 06:31:47
2024-01-08 11:36:00,CNC-02,M,296.59822682548133,310.94354432778823,1401.059625412288,52.38477585719566,55.579008414218016,2.1424419195227364,13.852857011211587,55.63891920674991,0,2026-08-25 06:31:47
2024-01-08 21:37:00,CNC-01,L,301.39860655190694,313.6354161130211,2576.292427433946,17.47930135789274,80.76954768352343,3.163277965574263,8.306480296659506,47.24309778164684,0,2026-08-25 06:31:47
2024-01-08 16:18:00,CNC-03,H,298.70527639721325,313.67500660081186,1726.0043003590317,43.37200187504179,168.26451557568484,2.609892037483952,14.087142973877814,50.90430660606118,0,2026-08-25 06:31:47
2024-01-08 12:39:00,CNC-02,M,296.967950193916,312.04546288235207,1462.9069810810977,51.771198530882955,155.50914509825853,2.433045949124766,14.01394082104104,58.29300630059066,0,2026-08-25 06:31:47
2024-01-08 05:30:33,CNC-01,L,297.7039219150303,310.7734883065169,2190.0001583791577,28.358719509383107,12.881529979863197,2.731163963128661,11.662271466978575,55.437697060385034,0,2026-08-25 06:31:47
2024-01-08 17:22:00,CNC-03,H,299.15677014888746,315.17624766148214,1950.8954722517058,43.8573621597156,258.2119928172726,3.7589559559669072,16.01840656768377,54.98864884100717,0,2026-08-25 06:31:47
2024-01-08 12:28:00,CNC-02,M,296.7188253980144,311.49065692689476,1492.227852399995,51.00841662814122,138.1080175839879,2.3481706165683556,14.450502761935628,56.473124404497895,0,2026-08-25 06:31:47
2024-01-08 00:58:00,CNC-02,M,298.9883359957024,310.7508878992582,2747.5134654174663,14.03159264230736,74.53497724239483,3.296161946382125,6.971727799285091,55.35582089613093,0,2026-08-25 06:31:47
2024-01-08 00:08:00,CNC-02,M,299.13676312108447,310.2848032506239,2749.702701604935,12.55794582564462,21.22818341272371,3.2982033732185747,6.346440342439269,55.48797648506651,0,2026-08-25 06:31:47
2024-01-08 12:32:00,CNC-03,H,296.63249280539344,310.7789956115287,1374.0198097465895,50.98324965055913,54.05638723304769,2.015231875624173,13.218218282690444,57.87221301114633,0,2026-08-25 06:31:47
2024-01-08 21:14:00,CNC-03,H,300.07936216044163,312.13360407690857,2550.443342235999,19.333391979430925,8.874565009191594,3.097961565977516,9.227649525402997,52.15980250814524,0,2026-08-25 06:31:47
2024-01-08 18:10:00,CNC-02,M,299.4204205202857,314.7805195858678,2166.716005589886,35.69159870348123,207.93431011960203,3.455671537721858,14.574208707229221,49.168606472035464,0,2026-08-25 06:31:47
2024-01-08 08:13:00,CNC-01,L,297.43882815331267,311.52435016858476,1708.7078103559984,43.93374006366225,2.9573868335460984,2.3233182571943765,13.99555314457593,55.75654498807084,0,2026-08-25 06:31:47
2024-01-08 20:48:00,CNC-03,H,299.9828497601759,313.80275732069344,2500.193758216072,23.429716169384672,254.56887446527122,4.125811648218332,10.824322053383254,50.77110741648649,0,2026-08-25 06:31:47
2024-01-08 11:42:00,CNC-01,L,298.23439209707703,312.6846854249871,1388.131706596174,53.10970387105729,96.92779988097539,2.2020080854776336,13.726201159061837,52.9789680838491,0,2026-08-25 06:31:47
2024-01-08 22:20:00,CNC-01,L,28.014239014970315,39.96899785648361,2607.173199111052,16.11132009611368,128.0014165116323,3.325347074662284,7.777674881291962,51.51680995664483,0,2026-08-25 06:31:47
2024-01-08 03:00:00,CNC-03,H,297.6431066989904,311.0209175530374,2452.3241145315096,22.752426580873312,204.40934940973608,35.05453190800526,10.56750980493812,55.14535286569876,0,2026-08-25 06:31:47
2024-01-08 16:27:00,CNC-02,M,298.50328550092604,312.287238150585,1873.9828812616709,34.5137497325685,65.69110297112806,2.4452707539753256,12.401377148376197,52.67072391666154,0,2026-08-25 06:31:47
2024-01-08 05:09:00,CNC-01,L,297.7558667425215,312.05150798883017,2220.788410941587,30.6042475254607,191.40218939332357,3.542830525250423,12.68633044084913,52.2569017972965,0,2026-08-25 06:31:47
2024-01-08 14:23:49,CNC-02,M,303.274590772685,311.8604645962811,1436.2400447913317,48.782743495936614,95.29371882572273,2.194297900453705,13.078470700622344,47.61263012064883,0,2026-08-25 06:31:47
2024-01-08 16:46:00,CNC-02,M,299.02431414979054,313.8890201774602,1851.5405631826982,41.41734347600131,92.8344331159692,2.531309034831874,14.201695852886445,52.54889877193562,0,2026-08-25 06:31:47
2024-01-08 02:32:00,CNC-02,M,,310.96920296879136,2517.334570514147,21.315610855668194,,3.5162825040575787,9.936382408881714,60.42704695970783,0,2026-08-25 06:31:47
2024-01-08 22:33:00,CNC-01,L,27.67925309115867,40.58171596437222,2498.3765922444495,20.311528778761414,142.03263409267737,3.3741670898778335,9.459112359589845,49.179115389715655,0,2026-08-25 06:31:47
2024-01-08 02:38:00,CNC-01,L,297.880061530212,310.1242303302686,2546.8614689756423,19.60504525299309,11.204695628663877,30.472463021638024,9.578019374321867,57.47236617566153,0,2026-08-25 06:31:47
2024-01-08 16:02:00,CNC-01,L,300.22675952429495,314.32038183712666,1694.8619145335492,43.28481609817016,75.85912276886812,2.257652104909463,13.7221883022755,55.06336291502765,0,2026-08-25 06:31:47
2024-01-08 00:40:00,CNC-02,M,298.9734362187546,310.63104010434034,2676.871289070346,14.409240538460764,55.315961418086374,3.2279265049344095,7.268216433626067,52.93174266926034,0,2026-08-25 06:31:47
2024-01-08 16:40:00,CNC-01,L,300.29506071873743,314.6951491340534,1743.2431363899063,41.465214933889094,130.45460150378352,25.793953045836002,13.553750236877736,52.81805310318989,0,2026-08-25 06:31:47
2024-01-08 20:49:00,CNC-02,M,299.7702605697413,314.2759198402644,2463.845065122135,25.61992000857109,191.38619747630668,3.57987716707686,11.885391439993064,51.578096751413035,0,2026-08-25 06:31:47
2024-01-08 04:37:00,CNC-01,L,297.62009223973706,311.6996856860315,2338.5044682614257,28.56977475723109,151.28813292528596,3.1618640742661204,12.674324980160403,53.098544815807884,0,2026-08-25 06:31:47
2024-01-08 02:02:00,CNC-01,L,298.18337590202634,310.3370401804021,2739.8630407283404,13.895347865773758,161.55822717876612,3.763147652840212,7.065954953243534,57.848178334697494,0,2026-08-25 06:31:47
2024-01-08 13:35:00,CNC-01,L,299.0515670495786,312.79230565029997,1517.9248624877202,43.64517885067368,72.9070187327313,2.0866205793736388,12.291870495216424,54.692365852113575,0,2026-08-25 06:31:47
2024-01-08 13:02:00,CNC-02,M,296.8087300180112,311.37616621451116,1295.2334434649565,52.184702080990114,192.03291207420327,24.89017672492147,12.730284541677694,58.85077344006214,0,2026-08-25 06:31:47
2024-01-08 20:24:00,CNC-03,H,300.029271242445,314.3288177860105,2516.2028904815406,25.682702484568285,226.33571856154018,3.813792752690171,12.041392619126608,57.57937318822587,0,2026-08-25 06:31:47
2024-01-08 08:02:00,CNC-03,H,295.9745375982676,310.02671694598166,1723.1243832035125,40.90638448019613,91.69873590163921,2.346939789869276,13.136858019503075,60.8132226521851,0,2026-08-25 06:31:47
2024-01-08 12:32:00,CNC-02,M,296.98337133160004,311.65616885434815,1400.713130539089,52.597458112072665,144.42447070141685,2.312335573973332,13.806650305912889,54.50341699550934,0,2026-08-25 06:31:47
2024-01-08 02:06:00,CNC-01,L,298.1812334498674,310.92418656614666,2686.0560135148176,19.229261614726056,166.03016200394734,3.6503097235156,9.822291074027804,58.010861746925144,0,2026-08-25 06:31:47
2024-01-08 08:16:00,CNC-01,L,297.51708784185894,311.2933771492959,1687.9878412707778,41.358424285810194,7.387782430754099,2.365429386940694,13.085708516438489,54.37536794132434,0,2026-08-25 06:31:47
2024-01-08 16:47:00,CNC-01,L,300.3132151993081,314.6232442448071,1780.9291609440809,39.755960856368944,140.536457138416,2.6720531915213726,13.140371365720393,47.92267179912067,0,2026-08-25 06:31:47
2024-01-08 03:19:00,CNC-03,H,297.0458899250955,310.58439059551034,2435.5029539694724,23.30901320407138,226.35500293657626,3.696797293721173,10.58437304017422,55.92211749720191,0,2026-08-25 06:31:47
2024-01-08 04:21:00,CNC-01,L,297.65699522585334,,2286.442378421539,30.471449257580545,131.6951993695976,3.007946363157506,13.127236764025136,53.190839109581795,0,2026-08-25 06:31:47
2024-01-08 00:22:00,CNC-01,L,298.65144908064127,310.9659034202654,2611.1253393325132,17.786363923020094,54.52100107838395,3.2478592383212996,8.68014372120849,53.519004777836614,0,2026-08-25 06:31:47
2024-01-08 12:36:00,CNC-02,M,296.73545527002784,311.40945036799377,1357.954250237062,50.54383813645129,,2.2832830948220573,12.898930183492675,58.06249734369978,0,2026-08-25 06:31:47
2024-01-08 10:00:00,CNC-03,H,296.36457100467703,310.46508316871586,1491.794097343589,49.81850287219404,48.337232210041684,2.089838189412955,14.008242070805576,57.91831044885729,0,2026-08-25 06:31:47
2024-01-08 06:18:00,CNC-03,H,28.82223995724388,37.834382509139516,2123.577413693831,34.44118949220905,,3.199658126220961,13.70027528857766,46.489389392825245,0,2026-08-25 06:31:47
2024-01-08 00:44:00,CNC-01,L,298.7342743278382,310.84001011839473,2775.015592874216,16.611768994047797,77.87394334380585,,8.622280853230142,55.04621430332391,0,2026-08-25 06:31:47
2024-01-08 23:04:00,CNC-02,M,299.34489455751316,312.33671289139494,2690.298380591893,18.396290902032835,102.53473061056266,3.2523766217451744,9.318284278558156,51.63345979549307,0,2026-08-25 06:31:47
2024-01-08 02:31:00,CNC-02,M,297.96208530011603,311.0973403089123,2627.106445224281,20.829922529335374,176.07605893370274,3.5936164512456257,10.158527338921791,51.97913961521685,0,2026-08-25 06:31:47
2024-01-08 22:33:00,CNC-02,M,26.29725039419924,38.223488306289994,2675.656220388781,14.56204217437267,69.19762244721703,3.226290208703453,7.091944777666148,52.47382851769212,0,2026-08-25 06:31:47
2024-01-08 18:44:00,CNC-03,H,299.45014959555687,313.3260774240173,2342.694856632473,28.30733442904561,104.16845144390263,2.9825539066574613,12.436623525247683,55.85282863329279,0,2026-08-25 06:31:47
2024-01-08 14:57:00,CNC-02,M,303.36605029523315,312.21431454319446,1575.0905781953704,46.61796673341775,146.2492520063889,2.4606399916594066,13.643493305685551,43.53052820240754,0,2026-08-25 06:31:47
2024-01-08 00:32:00,CNC-01,L,298.963973527802,311.3790998509937,2592.727754784732,19.15303408602877,65.1490279968236,3.220203336136882,9.298417328022728,54.34122175508304,0,2026-08-25 06:31:47
2024-01-08 18:01:00,CNC-02,M,299.33654468679777,313.849112840828,2102.791876210739,33.15081295584518,196.09783616517498,3.2729552506502815,12.818072510663924,50.02160156740295,0,2026-08-25 06:31:47
2024-01-08 20:16:00,CNC-03,H,299.6810554920677,313.7520097130211,2335.644645271215,26.240859006967906,216.96163040713026,3.5962414133934817,11.447151150502812,55.63438918375957,0,2026-08-25 06:31:47
2024-01-08 19:29:00,CNC-01,L,301.43198764670046,316.361899823309,2196.301999196486,34.75830132032072,150.06616325110335,3.080763832520211,14.167353323435757,46.777612719310056,0,2026-08-25 06:31:47
2024-01-08 02:23:00,CNC-01,L,298.0839387532316,310.66763081756386,2645.1482968325513,16.927535102058215,185.04682235126188,3.7635425472393154,8.829707441471058,55.10699153103727,0,2026-08-25 06:31:47
2024-01-08 23:00:00,CNC-01,L,300.50360906522366,312.6884241774815,2820.133486645678,13.986199658046768,171.026578253124,3.8354687332368735,7.24829179381813,47.30150027880916,0,2026-08-25 06:31:47
2024-01-08 17:44:00,CNC-03,H,298.8249539071601,312.74334284984394,1831.186263289309,38.389706505698975,25.692414310380986,2.451165331186558,13.023849574893868,52.74984515877504,0,2026-08-25 06:31:47
2024-01-08 22:28:00,CNC-03,H,26.826467324906275,38.68002022716314,2578.375670537723,15.97533529786381,90.37569201675488,3.1976632306525676,7.769223715674266,49.306327825385765,0,2026-08-25 06:31:47
2024-01-08 03:01:00,CNC-03,H,297.49134306287925,310.96526000268847,2813.918944994943,19.483516983620778,205.45209821410765,3.7976933324877775,10.16826175623263,60.08674351124775,0,2026-08-25 06:31:47
2024-01-08 11:33:00,CNC-01,L,298.07887078724303,312.2871354827056,1370.3950176731419,52.57558055418449,82.6137410494314,2.1147233672954644,13.377484916026757,56.267038655506184,0,2026-08-25 06:31:47
2024-01-08 00:43:00,CNC-03,H,298.62194525976616,310.6572759278252,2676.424069021819,16.53056950729575,54.083554573582504,3.2646905585434536,8.067508639790312,49.088550018117935,0,2026-08-25 06:31:47
2024-01-08 04:16:00,CNC-02,M,296.9260304939309,309.42943098071294,2437.6581018536763,20.340420097872364,82.75216030252308,3.0378765534549226,9.317036037212652,56.056063261470264,0,2026-08-25 06:31:47
2024-01-08 07:34:00,CNC-02,M,295.90184235172603,310.52497377560763,1760.5978371227247,42.07013840957736,111.15241517989334,2.546912697687077,14.011686045282763,61.57130865587267,0,2026-08-25 06:31:47
2024-01-08 18:59:00,CNC-01,L,306.68836404393187,315.2844417311531,2399.9254563329155,31.32059376363833,112.68269404926352,3.1193088142928724,14.209602872680776,39.92654230377515,0,2026-08-25 06:31:47
2024-01-08 07:08:00,CNC-01,L,,312.24221304145436,1756.0983848336546,41.002521425667275,145.68675956007863,2.750672244200308,13.353547146575776,59.096863668857296,0,2026-08-25 06:31:47
2024-01-08 10:37:00,CNC-03,H,296.26501708711226,311.0371108861962,1504.8669040185102,52.15125431717407,105.91727975404237,2.2176248929154183,14.640883276829273,57.427195533765165,0,2026-08-25 06:31:47
2024-01-08 15:17:00,CNC-02,M,303.1803232730395,312.22699029404424,1497.2891707605804,50.36086176383068,176.5041497625903,2.4176761732803955,14.096131162421363,46.62085437484875,0,2026-08-25 06:31:47
2024-01-08 06:38:00,CNC-03,H,23.126095869616165,37.94572776792336,,38.089842111476344,226.83561388316792,3.3231534681110992,13.740910802094927,55.63624088674677,0,2026-08-25 06:31:47
2024-01-08 23:06:00,CNC-01,L,300.4270357392158,313.23559160198954,2755.2686180930264,17.11048046017862,177.4408824265078,3.757499357848961,8.996584366955894,44.09591865190537,0,2026-08-25 06:31:47
2024-01-08 07:28:00,CNC-03,H,295.8218286089417,309.539421323989,1656.4036236692486,41.47684868398502,42.488004628032904,2.262136993506751,12.621445728277962,60.5201753093787,0,2026-08-25 06:31:47
2024-01-08 01:27:00,CNC-02,M,298.4368973226058,311.20079325031963,2510.1809046040894,20.81022560031145,105.67316511411148,3.1277781991561726,9.884817468879614,54.098067353069155,0,2026-08-25 06:31:47
2024-01-08 00:54:00,CNC-01,L,298.5483811232449,310.3223236593399,2827.290642962641,13.607644519023266,88.41209313083644,3.394627775812489,7.063113799516973,52.953858151791515,0,2026-08-25 06:31:47
2024-01-08 17:12:00,CNC-03,H,298.6384548884795,314.0663288237362,1811.6271965042272,41.33329449665176,244.41583438859428,3.4725101251947597,14.226769252421843,55.791491443627635,0,2026-08-25 06:31:47
2024-01-08 02:54:00,CNC-02,M,297.6092287096669,311.5042559688732,2531.2939233410916,23.660717124930297,202.4344354528349,3.7265874430963604,11.5498223374219,56.024434236017356,1,2026-08-25 06:31:47
2024-01-08 05:16:00,CNC-02,M,296.84397731076655,310.72780408501967,2082.2712086394654,29.636896355851885,157.5297261409332,2.937155453131672,11.339779323323285,59.30932664656122,0,2026-08-25 06:31:47
2024-01-08 23:01:00,CNC-01,L,300.8086836869662,314.44738326996844,2619.0905480950164,23.19573336088657,172.11705151670864,3.5737136991473384,11.307607244377403,48.60014279169041,0,2026-08-25 06:31:47
2024-01-08 11:18:00,CNC-03,H,296.79854357896505,310.913271347499,1262.9903959862118,51.65612898401375,171.08172856973803,2.2487595327709675,12.198191880413342,58.758943570474,0,2026-08-25 06:31:47
2024-01-08 08:37:00,CNC-03,H,295.94541379082165,310.4816461955258,1702.8494104033152,43.308864608259626,143.57728654865284,2.500765836161227,13.923544910442452,61.0296017267488,0,2026-08-25 06:31:47
2024-01-08 20:01:00,CNC-03,H,299.56432076620706,313.29488858147556,2479.966474222414,24.281098532244947,199.19816084847986,3.626206079380769,11.565543984915656,50.75012286813002,0,2026-08-25 06:31:47
2024-01-08 12:38:00,CNC-01,L,298.2996739386148,313.01313318160805,1336.9953414545573,55.02890246234224,185.82997794255306,2.701559299039756,13.845838923758961,54.410679298405675,0,2026-08-25 06:31:47
2024-01-08 07:04:00,CNC-03,H,22.749954642501734,36.04745870425569,1806.5214829490164,36.74841492054855,8.392288041703239,2.44018297713737,12.224166978840193,61.061992967915415,0,2026-08-25 06:31:47
2024-01-08 13:00:00,CNC-03,H,296.60620420372584,311.13738402991027,1491.2555182052865,51.59370923739645,98.50791413472857,2.1896428654002573,14.558828208209711,58.79597506745216,0,2026-08-25 06:31:47
2024-01-08 18:33:00,CNC-01,L,306.7528460811154,315.0872806978671,2216.098243594759,32.82750807109497,79.35343623133652,2.966863932786214,13.527677155177777,40.71807710636159,0,2026-08-25 06:31:47
2024-01-08 09:43:00,CNC-02,M,296.2618603355053,311.1618622623526,1528.6431407485904,51.0208854332265,99.38998131711733,2.1447049718921374,14.743526640107309,57.252107150853185,0,2026-08-25 06:31:47
2024-01-08 12:48:00,CNC-01,L,298.3474140955853,312.9897582915389,1343.2337625835032,52.139728372619615,201.7539288241306,2.8251032879576177,13.210155563366438,57.531771692847116,0,2026-08-25 06:31:47
2024-01-08 14:00:00,CNC-01,L,299.1951727555919,313.53724271511743,1483.5971230086564,49.168404835501875,112.35904330007178,2.319368828091866,13.756490576555606,55.70353787304279,0,2026-08-25 06:31:47
2024-01-08 10:49:00,CNC-03,H,296.38037214470035,0.0,1377.3568736774446,51.54043566198035,124.99331500288906,2.0675804548425845,13.242472151109979,55.62947807867506,0,2026-08-25 06:31:47
2024-01-08 08:03:00,CNC-02,M,295.4024200681519,310.0208233938,1647.0137846893354,42.96440258163376,153.11277547715025,2.5980156928016696,13.444357846510327,64.39674149821053,0,2026-08-25 06:31:47
2024-01-08 22:01:00,CNC-01,L,743.8997766164799,40.7904861802362,2813.069938502114,18.3227608414523,107.37069705876213,3.428683244700942,9.604377451655331,54.546578993608804,0,2026-08-25 06:31:47
2024-01-08 19:08:00,CNC-01,L,306.95006460845474,314.3259783429615,2280.1190446135984,25.90578604764676,123.9631687254038,3.0593521906032715,11.190387486540736,42.25482636600605,0,2026-08-25 06:31:47
2024-01-08 20:05:00,CNC-01,L,301.3780156306051,315.42405995954255,2208.006906841387,28.057879508655663,194.0178345745379,3.4720319077919695,11.548189353500318,52.154020562847364,0,2026-08-25 06:31:47
2024-01-08 03:23:00,CNC-03,H,297.3758888953403,311.7122702073591,2443.5130060267065,26.062979678669166,231.04936644072816,3.8217660895272734,11.882088163039505,58.46435347947679,0,2026-08-25 06:31:47
2024-01-08 01:39:00,CNC-01,L,298.5918982606613,311.96196679108914,2720.627420565885,20.93606690030151,136.50398334657947,34.23567278245486,10.588087283025015,54.39582953420544,0,2026-08-25 06:31:47
2024-01-08 14:48:00,CNC-03,H,297.80425160402746,311.2210765773729,1437.3989808930069,44.69822255764851,34.057125475826496,2.1264207392916123,11.94135723997392,52.41363986783061,0,2026-08-25 06:31:47
2024-01-08 23:23:00,CNC-03,H,299.821069802664,312.7616879402907,2677.705217393973,19.001604544111874,149.4877351937994,3.430059874722969,9.462649617273751,47.116654131028135,0,2026-08-25 06:31:47
2024-01-08 17:00:00,CNC-01,L,300.18921480534453,315.27824063901704,1828.739607527437,44.575641036644555,158.7861129619861,2.8085453579965374,15.419113720273689,53.35922691301162,0,2026-08-25 06:31:47
2024-01-08 02:48:00,CNC-03,H,297.794976426182,311.04964191593984,2633.1671576916247,21.117691168168847,190.79061142689164,3.606096261660163,10.281767662851681,56.54882213041817,0,2026-08-25 06:31:47
2024-01-08 05:25:00,CNC-01,L,297.43594152567374,310.8614480649863,2152.3953498001056,29.473449276755215,6.395038541542078,2.643263443753394,11.907382933606682,52.90923749318713,0,2026-08-25 06:31:47
2024-01-08 10:45:00,CNC-02,M,296.06692179142084,311.02277009016865,1328.6971299502277,55.42891353419433,196.87953635268696,2.6449292778927083,13.424599808872207,55.2698615866247,0,2026-08-25 06:31:47
2024-01-08 16:57:00,CNC-01,L,300.29224186302594,315.1414549273836,1762.5722651419026,44.290580478965865,154.5871901204204,2.770421665275331,14.663037963737732,50.538246020907614,0,2026-08-25 06:31:47
2024-01-08 11:37:00,CNC-01,L,298.2921312336462,312.13635865831606,1371.1918199497688,,88.95000520082239,2.0296009965502777,12.7373588814396,56.671893962389454,0,2026-08-25 06:31:47
2024-01-08 19:45:00,CNC-02,M,299.7943357772405,313.29454482085015,2437.790331252957,24.069244565086382,116.35042350730232,3.116199252022226,11.059285377824391,50.810122021861055,0,2026-08-25 06:31:47
2024-01-08 14:53:00,CNC-03,H,297.7001450318516,312.23643384570175,1521.958341580666,49.65883139342776,41.737438575222505,2.2352661140780845,14.25739856735161,53.19121108376597,0,2026-08-25 06:31:47
2024-01-08 03:13:00,CNC-03,H,297.2952583827137,311.0964466739501,2490.714739910895,24.13698753014982,219.4042773477242,3.780877099904139,11.335935740924434,54.617282139250506,0,2026-08-25 06:31:47
2024-01-08 15:24:00,CNC-03,H,298.1560888623803,312.12452775807355,1705.5036730874651,,88.88080427359542,2.445149482504493,13.089554785529602,53.05832533342761,0,2026-08-25 06:31:47
2024-01-08 02:12:00,CNC-03,H,297.9126330518638,310.3851160749225,2659.322592678832,16.86084762049615,150.66852831243605,3.331038679643265,8.292265037987917,55.515959530126096,0,2026-08-25 06:31:47
2024-01-08 11:04:00,CNC-02,M,296.2596889789834,309.7330720541501,1356.8222814596609,48.51442133182097,4.771752815899796,1.998481475995391,12.065942739081072,59.25271607851771,0,2026-08-25 06:31:47
2024-01-08 01:16:00,CNC-01,L,298.5607614672096,310.9565077666198,2708.7928337386197,17.95216982897346,0.0,3.4153007929707377,8.954990868433697,54.84943760374058,0,2026-08-25 06:31:47
2024-01-08 21:18:00,CNC-03,H,299.8599674571632,312.0576172355361,2585.343688755881,18.742836080126377,13.375060022979198,3.024258863745351,9.104939945237295,57.544300245122635,0,2026-08-25 06:31:47
2024-01-08 04:44:00,CNC-01,L,297.8518781600401,312.19778242000046,2301.379421431111,0.0,159.86695497265174,3.2937978337756375,13.185668275592027,53.51586577905273,0,2026-08-25 06:31:47
2024-01-08 08:53:00,CNC-01,L,297.6016527620503,312.1715372168656,1651.6272550550136,48.133945747345834,62.898004275089555,2.2973422990851646,14.971488199964115,55.29989128844975,0,2026-08-25 06:31:47
2024-01-08 12:24:00,CNC-03,H,296.8699201157445,310.7193534808924,1408.296379980632,51.69062084030107,41.31956650211208,2.1443889276250383,13.77710567823609,60.981322308830386,0,2026-08-25 06:31:47
2024-01-08 08:48:18,CNC-02,M,296.07578293377543,310.0585649835383,1492.1331499619012,47.75271402451158,16.590076056016887,,13.13295856837195,61.01262006250281,0,2026-08-25 06:31:47
2024-01-08 23:42:00,CNC-01,L,300.52665039446305,313.917847462333,2703.16995235711,19.81857393936465,216.11699011191385,4.287721358612853,10.09069193554174,51.55465861354398,0,2026-08-25 06:31:47
2024-01-08 23:29:00,CNC-03,H,299.41734171986354,312.1694759914467,2697.785201795208,17.489945142660098,155.80553094921652,3.4928184642722653,8.71077968520433,53.367574404829654,0,2026-08-25 06:31:47
2024-01-08 04:51:00,CNC-03,H,296.6941965563426,310.6069970249699,2281.627730118799,29.773411499849907,86.2915174632582,2.820230462125322,12.589778579537706,60.53722340712179,0,2026-08-25 06:31:47
2024-01-08 02:17:00,CNC-03,H,297.93769273272017,311.0774616699469,2552.87641431326,20.89580803264774,156.26593244452692,3.24938038660348,9.87380812119645,59.30373399539276,0,2026-08-25 06:31:47
2024-01-08 13:13:00,CNC-02,M,297.18597212593255,312.3243067499961,1399.2252329918426,53.32840090253764,209.30017222845785,2.8169547009349647,13.824870821372903,56.47342168453074,0,2026-08-25 06:31:47
2024-01-08 17:22:00,CNC-01,L,300.45291514241177,315.36893029839223,1908.295655561018,39.166928958971745,188.80261932168384,3.252555052464763,14.1414592263986,48.03011942315012,0,2026-08-25 06:31:47
2024-01-08 03:04:00,CNC-02,M,297.3477532261583,311.1767672328422,2607.789285876702,22.04741255092068,213.88826351350372,3.8933768160541127,10.67505604634664,57.157161808962215,0,2026-08-25 06:31:47
2024-01-08 12:09:00,CNC-02,M,296.8055461917373,311.35822281019165,1472.7238914010516,50.11221890042189,107.9667412015985,2.1861310232177993,13.755918192974885,59.03378408428357,0,2026-08-25 06:31:47
2024-01-08 15:00:00,CNC-03,H,297.9935853473133,312.2208512506775,1483.8932268054732,52.75467596816689,52.659010981215,2.1143041405302805,14.561754464106683,53.43726686283409,0,2026-08-25 06:31:47
2024-01-08 20:37:00,CNC-02,M,299.7353221318235,312.5840151917332,2589.099137693278,17.375520713678497,177.61917610113647,3.6355112459433614,8.366209030034769,51.761255031800296,0,2026-08-25 06:31:47
2024-01-08 00:35:13,CNC-01,L,298.59931548273977,310.0375383092246,2749.0643903928267,13.831356557050503,67.25243967177293,3.2245355420879855,6.938953569962428,54.073213423351305,0,2026-08-25 06:31:47
2024-01-08 15:27:00,CNC-02,M,303.57875502887526,313.4032427311386,1745.7260795910317,49.097827350929705,191.31989192943837,2.836959298273146,16.17512351581264,45.92041502424943,0,2026-08-25 06:31:47
2024-01-08 17:39:00,CNC-01,L,300.767833650085,314.5892888102838,1960.8251112411929,34.562587771098144,8.073273926211854,2.640946860787229,12.763048782488617,51.732621871554805,0,2026-08-25 06:31:47
2024-01-08 23:16:00,CNC-02,M,299.1097663837556,311.80842190569865,2862.362960194451,16.77330340995853,115.32773140099752,3.530267152363325,9.024783904365686,52.632870959306835,0,2026-08-25 06:31:47
2024-01-08 14:19:00,CNC-01,L,299.4704449982832,313.9962367867456,1602.9767141081263,45.616538534838945,141.79086312196057,2.547286881710036,13.831026460537302,54.912835236908506,0,2026-08-25 06:31:47
2024-01-08 13:51:00,CNC-01,L,299.0202207753888,313.68001133794166,1454.9333433046954,53.43912093550679,98.18378364581606,2.1893172834983847,,51.162161083850016,0,2026-08-25 06:31:47
2024-01-08 08:12:00,CNC-01,L,297.2598114897169,311.17987927111085,1628.5801545877443,45.105235404027454,1.4818388698344338,2.3226127051782677,13.741681566371925,56.399508191735706,0,2026-08-25 06:31:47
2024-01-08 03:29:00,CNC-03,H,297.26385268117156,310.8290663654922,2518.706432985557,21.91005073887175,237.96161243392098,3.8702902298877264,10.468021112522463,51.723127386627134,0,2026-08-25 06:31:47
2024-01-08 21:20:00,CNC-01,L,301.1943562948184,313.18751559737825,2668.0415504235925,16.253334115813075,61.836239421941144,3.26393365533306,8.476347718437456,48.68468353580596,0,2026-08-25 06:31:47
2024-01-08 04:13:00,CNC-01,L,297.68801532107784,311.36022905124025,2426.92730072103,25.8653716539936,122.04064437460075,3.178622173044522,11.578113008536063,55.04514867558882,0,2026-08-25 06:31:47
2024-01-08 02:26:00,CNC-01,L,298.075057416678,310.45454313973966,2586.064250857589,16.08240472556988,188.42188541495165,3.7771842452811972,7.803829984803139,54.90115175840344,0,2026-08-25 06:31:47
2024-01-08 16:43:00,CNC-03,H,298.502468492282,313.0910901053186,1720.9944069863686,41.974646293245726,203.92641034021514,2.841435770098405,13.379194792348377,56.230601258731916,0,2026-08-25 06:31:47
2024-01-08 06:40:00,CNC-01,L,24.485659555558527,39.36038033609117,1955.2340921022792,39.85933428181905,106.73245487699613,2.7133143544401275,14.59554833816723,55.05939625234755,0,2026-08-25 06:31:47
2024-01-08 21:10:00,CNC-03,H,299.8448059293809,310.94032193190435,2655.1012358477083,13.740891268693778,4.423660822349484,3.1329230791855665,6.7355654364640065,54.12926518338143,0,2026-08-25 06:31:47
2024-01-08 18:57:00,CNC-03,H,299.69944560032565,314.51843402102156,2309.3412882612574,33.29509923831718,120.88801093438592,29.658442761150827,14.318892827457018,51.47921489898413,0,2026-08-25 06:31:47
2024-01-08 13:57:14,CNC-01,L,299.2756441628047,313.46898155707186,1486.5069909563397,48.27502273765346,107.6376428388119,2.2235880772109464,13.501477944225357,48.902274286333046,0,2026-08-25 06:31:47
2024-01-08 00:17:00,CNC-02,M,298.8188914608977,309.6091684832708,2755.700393580463,11.294756711985478,30.942225043127486,3.339640149027099,5.676415408587147,54.45126830161179,1,2026-08-25 06:31:47
2024-01-08 21:04:00,CNC-01,L,301.17815978336904,313.9330718664133,2660.424585415844,20.55646176271281,44.02998819411165,3.209328153829726,10.080537877401891,47.114057751415096,0,2026-08-25 06:31:47
2024-01-08 14:12:00,CNC-02,M,297.3525180600248,311.7407147768695,1437.9650637446628,49.8799106683916,76.60956009641905,2.1354588219092254,13.487427679153392,58.91618298432745,0,2026-08-25 06:31:47
2024-01-08 01:17:00,CNC-03,H,298.1441609472051,310.965937940548,2539.7833532238205,20.379833625332115,90.6361851534696,3.2385617090948444,9.784655123005242,56.14046693077087,0,2026-08-25 06:31:47
2024-01-08 16:09:00,CNC-02,M,298.5240426993031,312.45056952790765,1626.6960325791388,40.779428852523,39.733952140058506,2.1530116476830514,12.352532605569603,57.00566148335873,0,2026-08-25 06:31:47
2024-01-08 07:29:00,CNC-03,H,296.0485646041369,310.0811210298061,1771.7375522667073,40.29814711049428,43.92845525674274,2.491154113274777,13.269792368448002,57.808121393109,0,2026-08-25 06:31:47
2024-01-08 21:43:00,CNC-01,L,301.27598843243237,313.6425584334331,2412.236960250766,20.097272471755154,87.53435936062434,2.977836458048258,8.898522747354745,48.104477276284605,0,2026-08-25 06:31:47
2024-01-08 17:11:00,CNC-02,M,298.70544933859725,313.64262373127735,1805.4723454811644,42.94952725204463,128.02980263483298,2.5810494889691333,14.631666168195897,56.56196619725336,0,2026-08-25 06:31:47
2024-01-08 20:01:00,CNC-02,M,300.0054701908844,313.0251695837284,2512.961863380349,20.26318422204029,135.52448324745146,3.328002275762202,9.5502874530725,55.470918247200736,0,2026-08-25 06:31:47
2024-01-08 05:47:00,CNC-03,H,301.98882568531536,310.878416410082,2054.3932075921275,37.71896096128163,158.18681549543658,2.8915910506027096,14.325726687482447,43.661174375498554,0,2026-08-25 06:31:47
2024-01-08 12:34:23,CNC-01,L,298.4015714415123,312.96760705694714,1473.244380795529,50.648550942457106,177.91629596666428,2.760676054431633,13.921337405293409,51.30538654843862,0,2026-08-25 06:31:47
2024-01-08 16:19:00,CNC-03,H,298.3560634049196,312.72289438451384,1738.8378964600925,40.728571213657574,169.70508876158718,2.7387620623072446,13.009066234427776,52.68264748015781,0,2026-08-25 06:31:47
2024-01-08 17:20:00,CNC-03,H,298.8500468845497,314.224457864578,2008.9164848569071,38.43578983807302,255.48241334547862,3.6869470260021,14.495197077302132,51.90696313741272,0,2026-08-25 06:31:47
2024-01-08 00:27:00,CNC-02,M,299.1766058479759,311.8876589791941,2796.268274225614,19.591264690297773,41.505199938910835,3.2056453250529464,10.283750099909463,55.66498972304192,0,2026-08-25 06:31:47
2024-01-08 17:32:00,CNC-01,L,300.5616124834947,315.5142600769595,1997.663255330318,37.76555785796408,202.5784810745033,3.3074405868771506,14.109149317067336,52.820208555903825,0,2026-08-25 06:31:47
2024-01-08 18:53:00,CNC-03,H,299.633905528343,313.9254027339655,2082.069688798516,35.11039445155421,115.75697405180031,2.8366417925354703,13.402716034344598,52.35738514151802,0,2026-08-25 06:31:47
2024-01-08 05:03:00,CNC-01,L,297.6970570194345,311.5212468396819,2191.4792932820046,,183.8615123708417,3.320898783835989,11.804602411640811,58.02347732844992,0,2026-08-25 06:31:47
2024-01-08 19:24:00,CNC-03,H,299.46507988204314,313.39155872871356,2206.4844793794164,30.1783775991,154.5426124229898,3.031246674726188,12.454523324924992,52.288674063745745,0,2026-08-25 06:31:47
2024-01-08 05:27:00,CNC-03,H,302.0264381681671,309.96477687567005,2180.695733333556,29.246725302399675,132.15822134357342,2.921437856806775,11.996755742374758,47.952866438754576,0,2026-08-25 06:31:47
2024-01-08 19:09:00,CNC-02,M,299.8587946516641,313.97267021532844,2244.1374948145412,30.709978736500805,72.00685531135885,2.8729643253423616,13.009314035481696,49.01129447149022,0,2026-08-25 06:31:47
2024-01-08 03:19:00,CNC-01,L,297.6156819545103,310.2365395917626,2443.4666071721895,20.707111250633908,58.08013152653391,2.901608073906427,9.728164072397993,52.697016888042576,0,2026-08-25 06:31:47
2024-01-08 04:42:00,CNC-01,L,297.7370510712637,312.361086301337,2279.666127044098,32.80033633249952,157.37109703495548,3.238996297409261,14.318038601474326,47.516737090329315,0,2026-08-25 06:31:47
2024-01-08 14:02:00,CNC-03,H,297.4715472236513,312.8449364992456,1600.178798513421,49.353620800915394,195.95887514384364,2.7616644261203054,15.204996189423674,57.40769503687701,0,2026-08-25 06:31:47
2024-01-08 02:12:49,CNC-02,M,297.84439769366884,311.03662971720416,2633.835450010075,21.262495765298716,154.9346516231754,3.393637042216962,10.514742934586183,1293.8946875646488,0,2026-08-25 06:31:47
2024-01-08 06:14:00,CNC-03,H,28.777006851383533,37.07136233561562,1902.6604622785787,36.611937829146626,194.16639642478737,3.024672770907769,13.023128824386207,50.468341471919594,0,2026-08-25 06:31:47
2024-01-08 16:50:00,CNC-01,L,300.39404510397054,314.95613831345685,1739.991319116916,42.7740237888012,144.83036078183346,26.306022482995644,14.25476765396397,48.98092757811277,0,2026-08-25 06:31:47
2024-01-08 17:31:00,CNC-03,H,298.7851053071798,312.01825333085384,2145.498649167613,29.056336815790054,8.107194613442383,2.783587515031618,11.885319015136089,53.20532585312791,0,2026-08-25 06:31:47
2024-01-08 05:38:00,CNC-02,M,296.54775717132,311.4557135192035,2011.715681939773,37.06486244208537,186.072454038443,3.1064275049794965,13.885094672227877,54.59587563163669,0,2026-08-25 06:31:47
2024-01-08 23:27:00,CNC-01,L,300.4474945897662,314.4427435799615,2592.4678793080866,24.56142271049948,199.9894896560239,4.068841360213707,11.794010742256782,44.5944171005538,0,2026-08-25 06:31:47
2024-01-08 13:03:00,CNC-02,M,297.07273371406313,312.29171163789084,1527.8694325015147,51.4317665389279,193.568008086438,2.6787816290662114,14.754938737553818,57.09802082377844,0,2026-08-25 06:31:47
2024-01-08 16:34:43,CNC-01,L,300.32214465316747,314.8458292970139,1549.3674345722093,46.889175419454446,121.93129769704731,2.4450599596232077,13.609968098495209,50.60343972590054,0,2026-08-25 06:31:47
2024-01-08 20:07:00,CNC-03,H,299.4776714721011,314.71940384118307,2295.695513201095,33.91763527306444,206.28991642047384,3.446214501346321,14.459203246384137,52.01475978789686,0,2026-08-25 06:31:47
2024-01-08 07:13:00,CNC-03,H,295.8944152549163,310.1154399225123,1884.3062062337742,39.277822065557665,21.052646435322004,2.6274488208682305,13.982804070807575,61.73223079138186,0,2026-08-25 06:31:47
2024-01-08 08:56:00,CNC-03,H,295.86516740627326,310.573419408871,1630.4197224228446,44.349804957595296,172.24081199686083,2.606945283992839,13.573307987645427,64.34665790101248,0,2026-08-25 06:31:47
2024-01-08 12:18:00,CNC-03,H,296.7258862512853,310.9168895901229,1396.8244700982254,54.263636888910206,31.81095377907722,2.086107450766979,14.027996758316467,55.31727587019131,0,2026-08-25 06:31:47
2024-01-08 00:16:00,CNC-01,L,298.69902760536087,309.68092660339846,2759.0162821728222,11.530319496968376,48.15393706062257,3.3613344858906125,6.106364392069341,55.227821223799275,1,2026-08-25 06:31:47
2024-01-08 06:00:00,CNC-02,M,23.162544347873904,37.78024500242071,1944.970753562773,36.535350780542004,215.2188659197255,3.3583353777995586,13.405769796689484,58.37196270370086,0,2026-08-25 06:31:47
2024-01-08 04:46:00,CNC-01,L,297.3863240567723,310.96399618255566,2163.3436925405485,27.99964879602828,162.37320048757792,3.166638242688034,11.40528355700536,57.687415518824174,0,2026-08-25 06:31:47
2024-01-08 00:42:00,CNC-01,L,298.5178392800546,311.39375350526393,2759.6832660288674,19.398182497031428,75.7823567748825,3.3446245468442566,9.858897892743963,56.21622638801867,0,2026-08-25 06:31:47
2024-01-08 02:53:00,CNC-01,L,297.6968053853519,309.59206771978046,2375.034029410925,19.062561583524715,28.075647603783047,2.86703385910765,8.171827848467164,57.455006143755135,0,2026-08-25 06:31:47
2024-01-08 11:54:00,CNC-03,H,296.82456674211267,311.90580977476236,1505.0671165520714,50.429332745315975,228.18506501982532,2.9059122760826934,13.972033546929985,56.174610843918884,0,2026-08-25 06:31:47
2024-01-08 23:01:00,CNC-02,M,299.2316107696467,311.89826138113165,2795.9638258217255,17.34781202004954,99.28380537788664,3.369789448344848,9.054347120901866,54.24618310997233,0,2026-08-25 06:31:47
2024-01-08 23:52:00,CNC-02,M,298.948120618234,312.13527657843645,2604.010337994417,18.25242480960256,153.62016231303141,3.3581861051558892,8.873097378388447,56.51053365009706,0,2026-08-25 06:31:47
2024-01-08 11:52:00,CNC-01,L,298.0026503419162,312.2791510633242,1443.2735074945067,48.819585589601374,112.82106601737242,2.3019853379059763,13.113422550557392,59.68807545239107,0,2026-08-25 06:31:47
2024-01-08 07:05:00,CNC-02,M,22.755675760402255,37.35484511846499,1966.6278437427106,40.01457543837231,70.00950543698647,2.641196352104994,15.001082868450178,60.15455009062504,0,2026-08-25 06:31:47
2024-01-08 06:45:00,CNC-01,L,24.68330519456464,38.96104235057396,1839.005419490399,37.407848444854345,113.61001739584074,2.660581431613228,12.940904922808505,53.78090377949651,0,2026-08-25 06:31:47
2024-01-08 08:43:00,CNC-01,L,297.7611137274088,311.8404634212229,1559.9178102719532,45.43227570096919,47.713782036643124,2.2937843522969215,13.342964894320765,58.29886813315784,0,2026-08-25 06:31:47
2024-01-08 06:30:00,CNC-02,M,22.549634068063654,36.54923132573413,1945.166178278677,36.11991531859592,21.580790833025365,2.65720746232465,13.084747936688165,58.22377634482751,0,2026-08-25 06:31:47
2024-01-08 08:42:00,CNC-03,H,296.0320232906376,310.640180015913,1449.7319044203884,53.19711391446078,150.989656159898,2.3501293951093567,14.441193371523244,59.61825923856933,0,2026-08-25 06:31:47
2024-01-08 02:12:00,CNC-01,L,298.2261384761544,,2412.269708238121,23.583858561777696,172.7986636937696,3.4835490927378836,10.596345845126677,49.56512692484213,0,2026-08-25 06:31:47
2024-01-08 08:07:00,CNC-01,L,297.28742729174047,312.5598583802478,1720.740629541932,44.0893024496501,230.902488177112,3.54460066221517,13.96533224796463,52.29029904562141,0,2026-08-25 06:31:47
2024-01-08 02:36:08,CNC-03,H,297.8774315341054,311.17406072813174,2562.7410493572556,21.773285223346978,178.52818317497008,3.4635768866719556,10.452310242932365,52.770084719716486,0,2026-08-25 06:31:47
2024-01-08 18:25:00,CNC-02,M,299.6270388645222,313.1786879566792,2104.7946706822136,30.03534449977924,15.729133224549809,26.54157965979171,11.845156140448779,50.327719325823175,0,2026-08-25 06:31:47
2024-01-08 04:29:00,CNC-03,H,296.914193533321,310.14323557478724,2221.962528241053,27.958443454333512,59.14385712401055,2.8507438855017515,11.492282172817434,60.00962487171225,0,2026-08-25 06:31:47
2024-01-08 10:36:00,CNC-01,L,297.71836716040366,312.6626461987308,1357.8438453618164,54.22329727776427,222.72298191228683,3.039406554583072,13.605694739260716,51.01122749506381,1,2026-08-25 06:31:47
2024-01-08 02:43:00,CNC-01,L,298.02133482437785,0.0,2505.686812519815,19.67436556681852,16.79480517229989,3.010463329653333,9.557073903300108,55.24389169914055,0,2026-08-25 06:31:47
2024-01-08 03:20:00,CNC-03,H,297.26144824253595,311.7312694104694,2376.0884655922864,28.086370645787095,227.55067581767582,3.7497906614846492,12.457432783977703,58.17590882350299,0,2026-08-25 06:31:47
2024-01-08 23:06:00,CNC-02,M,299.3763439410955,311.8291029292784,2589.2548974610977,15.921330746166033,104.75431942197537,3.3270266453313404,7.67827626012429,50.30115247134397,0,2026-08-25 06:31:47
2024-01-08 02:03:00,CNC-01,L,298.2859529082926,311.6098640120565,2393.7903917840404,23.938652718381167,162.73497511836302,33.12334279052039,10.795935395538853,58.23235982196405,0,2026-08-25 06:31:47
2024-01-08 23:12:00,CNC-03,H,299.70112733243303,312.28401239044246,2615.432287365438,18.52604655232207,137.77490004344634,3.2381064670775026,9.000920678835287,48.82117159854378,0,2026-08-25 06:31:47
2024-01-08 09:53:00,CNC-02,M,295.9666577530414,310.38818679918455,1579.545144943103,46.601606856134026,115.0080303521962,2.328704959661809,13.82694153098685,54.56924387047195,0,2026-08-25 06:31:47
2024-01-08 21:51:00,CNC-01,L,301.0228473951957,313.24968009695976,2634.528648005307,16.84112144759273,96.43814791510368,3.2913851589437346,8.399636636643054,48.62729632743435,0,2026-08-25 06:31:47
2024-01-08 08:44:00,CNC-01,L,297.5661310667767,311.7801234621083,1562.063759195203,46.66298379072969,49.249520430487536,2.2319410447207533,13.369499485954679,55.114216879515666,0,2026-08-25 06:31:47
2024-01-08 04:41:00,CNC-02,M,296.59232014800006,310.6861990386905,2192.0594564736302,30.91224498844176,113.29125300238606,3.029144170211652,12.605339130554455,60.57516144704805,0,2026-08-25 06:31:47
2024-01-08 14:34:00,CNC-03,H,297.63060866080133,311.31091725948875,1537.6935555876203,43.87411659752067,12.321692421986942,2.2527358859028035,12.512619507356103,55.80980805544064,0,2026-08-25 06:31:47
2024-01-08 18:42:00,CNC-03,H,299.7154293198534,313.7095786705522,2213.9292163592004,30.602600192566246,101.66790296075436,2.9228455791529324,12.853215394235594,47.589139722583226,0,2026-08-25 06:31:47
2024-01-08 07:35:00,CNC-01,L,297.53211231344613,312.8508395856882,1849.1997802496633,43.511277945887784,184.29431942691087,3.1176977948111677,14.8785003326458,56.06709037854944,0,2026-08-25 06:31:47
2024-01-08 19:08:00,CNC-02,M,299.88298122240826,314.2434639726659,2241.758456210308,30.781836393290448,70.74338487609594,2.8038702023849345,12.84489990320125,49.08485077767473,0,2026-08-25 06:31:47
2024-01-08 19:28:00,CNC-03,H,299.31230786154174,313.41931209968504,2361.390946992539,28.92924362820282,4811.974046827647,3.23096295220477,12.826869611510457,53.31857448092975,0,2026-08-25 06:31:47
2024-01-08 19:48:00,CNC-03,H,,314.27453427422165,2415.624557296541,29.291724433258064,183.6104145602605,3.3569132958333143,13.060248304808091,53.068339321965226,0,2026-08-25 06:31:47
2024-01-08 18:11:00,CNC-01,L,300.94215797753816,314.31001464352914,2202.9545600589836,28.76052852729122,50.65567804022705,2.7560354835897596,11.638630372319897,48.892426945855256,0,2026-08-25 06:31:47
2024-01-08 21:33:00,CNC-01,L,300.98167499186854,313.1011619253084,2569.7318926447174,17.50149874496193,76.31109009917127,3.189718885638108,8.141515219851803,47.635912998792115,0,2026-08-25 06:31:47
2024-01-08 22:56:00,CNC-03,H,,38.095457932900274,2751.230538721009,12.84116158221633,120.62889383470699,3.4357035177072386,6.550905403769937,51.455430641949896,0,2026-08-25 06:31:47
2024-01-08 03:21:00,CNC-02,M,297.37331590343535,309.9465271309751,2533.9476308404473,21.581820211254495,17.31186261476492,3.0299021751503807,10.239627259038974,59.720355595240655,0,2026-08-25 06:31:47
2024-01-08 20:02:00,CNC-03,H,299.5697609795761,312.9855373663224,2535.231977400321,21.276806167538656,,3.617674450045105,10.154325796283809,52.64088950245174,0,2026-08-25 06:31:47
2024-01-08 13:58:00,CNC-01,L,299.2496671853918,314.12698716219666,1495.6263637462741,52.23493600489817,109.1937044545682,2.2006566660623577,14.448112638483424,55.0202118693682,0,2026-08-25 06:31:47
2024-01-08 14:44:00,CNC-02,M,303.2180021459013,312.1528561338884,36592.88924574301,51.2812166265652,126.2873184537338,2.200602406580528,13.560907305700134,40.358748332773985,0,2026-08-25 06:31:47
2024-01-08 22:35:00,CNC-01,L,27.99331643519122,40.77037968751017,2736.0227818535836,18.431366639087187,144.2084226626508,3.5157155111639926,9.492052424902425,48.19615903186887,0,2026-08-25 06:31:47
2024-01-08 14:04:00,CNC-01,L,299.10864585742564,313.64755674276336,1443.7926296228902,52.44832339177571,118.57635284092872,2.2855952850842622,14.169716697721887,55.554660181362216,0,2026-08-25 06:31:47
2024-01-08 07:50:00,CNC-03,H,295.7195533125942,310.00028613087056,1616.1160738566748,45.36088699400867,74.21364379686665,2.2020678736800514,13.70188372700653,59.28469849639161,0,2026-08-25 06:31:47
2024-01-08 14:09:00,CNC-02,M,297.42106799981434,311.38283208108857,1538.3513581097172,45.536371658466074,71.92214274399531,2.2120438375141194,12.920669892261131,55.97656981559822,0,2026-08-25 06:31:47
2024-01-08 19:34:00,CNC-01,L,301.06192458223694,315.2286567503479,2283.830297885774,28.655542746828004,156.32335665774795,3.249110180342692,12.279370057749459,43.83909249957034,0,2026-08-25 06:31:47
2024-01-08 01:29:00,CNC-02,M,298.3393208769736,310.3684037646082,2638.553846367052,15.808300977139648,107.8272801517964,3.2470349240793293,7.750650828711331,49.29043253244011,0,2026-08-25 06:31:47
2024-01-08 13:32:00,CNC-02,M,297.12005661274793,311.6139807114029,1447.4228753081195,52.97275353898273,14.174931601575988,2.174065128841889,14.391977771030113,56.27372627266646,0,2026-08-25 06:31:47
2024-01-08 11:08:00,CNC-03,H,296.5499966163862,310.76783183062355,1296.126329451983,52.66103270974024,155.17789639170286,2.2191083503778075,12.837548172565866,54.92673386020101,0,2026-08-25 06:31:47
2024-01-08 04:47:00,CNC-01,L,297.5657941029559,310.8942405918594,2272.327091117948,24.996319920742863,163.59092380147175,3.289100591689743,10.67377410633036,55.30434715829396,0,2026-08-25 06:31:47
2024-01-08 12:13:00,CNC-01,L,298.3434693879516,312.9802084018425,1381.5078727249147,51.824643705044785,146.18455739469306,2.389429764329683,13.411584084538806,61.025077001764565,0,2026-08-25 06:31:47
2024-01-08 08:58:00,CNC-02,M,295.8898444885568,310.54343966274024,1709.168628315167,45.12955809145553,30.15858142235046,2.3610749744599313,14.539805398088642,59.209925274011574,0,2026-08-25 06:31:47
2024-01-08 07:00:00,CNC-03,H,23.115356980248976,36.291377985901704,1858.3287606414226,35.264718270078916,2.807944747003595,2.522334035692403,12.002325165451548,54.93872510323759,0,2026-08-25 06:31:47
2024-01-08 02:10:00,CNC-02,M,297.925669548519,310.8434010187335,2549.3555974171545,20.99379625730994,152.72518601563195,3.423307375045622,9.886045905813592,52.969073727021446,0,2026-08-25 06:31:47
2024-01-08 08:10:00,CNC-02,M,295.59883296229935,310.47812273960477,1656.1891979025895,45.06860119979358,163.33237830781945,2.6972206006624786,14.017054549277884,60.978214035682406,0,2026-08-25 06:31:47
2024-01-08 03:03:00,CNC-01,L,298.08922859577143,311.36209503927324,2405.5053968719108,25.26711791519569,39.55500240493264,2.935885418212494,11.188274075173368,48.19647829407484,0,2026-08-25 06:31:47
2024-01-08 03:05:00,CNC-03,H,297.529120277275,312.57955080387933,2325.272608464994,32.363690997172796,210.11868098521114,34.130688217080184,13.821379845610986,58.35818790863185,0,2026-08-25 06:31:47
2024-01-08 00:24:00,CNC-03,H,298.966087940345,311.16412135356137,2790.1492696553332,17.136306094678762,33.77197945231776,3.3505637170163727,9.017592988827763,55.681795218030736,0,2026-08-25 06:31:47
2024-01-08 10:31:00,CNC-02,M,295.89862109111374,310.919732719416,1450.8084193322754,51.49201138801907,174.70894134427206,2.5550328870772927,13.83126987857748,57.012766294631305,0,2026-08-25 06:31:47
2024-01-08 23:08:00,CNC-02,M,299.1736148537344,311.6478054703124,2623.3265877237927,15.681448014790544,106.90587704445915,3.2661537880445146,7.554615696644393,51.54760608377104,0,2026-08-25 06:31:47
2024-01-08 09:39:00,CNC-02,M,296.0538385181288,310.4694229336155,1401.0946887452956,49.777166170062934,93.20766140705443,2.1567401398048514,13.074017440930298,61.10404384732632,0,2026-08-25 06:31:47
2024-01-08 04:12:00,CNC-01,L,297.8540981713735,312.0787080153631,2306.4908956705435,29.738611345333,120.86567065522166,3.025950597169466,12.529073112075165,56.77367211213391,0,2026-08-25 06:31:47
2024-01-08 07:17:00,CNC-02,M,295.70812872306965,310.1010861160494,1844.9556844111592,38.50360618816612,87.01045624186837,2.5290390887952743,13.159233910332183,,0,2026-08-25 06:31:47
2024-01-08 06:52:00,CNC-03,H,22.887395613863987,38.31990918191184,1914.9482178927353,42.195545054449994,246.41395128805036,3.527723554281888,15.215283919389506,60.58771013953003,0,2026-08-25 06:31:47
2024-01-08 11:02:00,CNC-01,L,297.8637818703211,311.29052927516284,1281.783686870995,50.386336805853354,33.28699767315333,1.9384199229713515,12.115063779853534,54.038910339347474,0,2026-08-25 06:31:47
2024-01-08 07:46:00,CNC-03,H,296.0790107296621,309.71314780832455,1835.5781256964433,36.797956316112774,68.30706818046546,2.3892197127047234,12.482862751965781,61.592415831827694,0,2026-08-25 06:31:47
2024-01-08 07:59:00,CNC-03,H,295.74668059710086,309.45897195216816,1806.5265040185982,37.77339608674439,87.41108195295007,2.526547578032289,12.617288058542048,61.21277666794497,0,2026-08-25 06:31:47
2024-01-08 08:59:00,CNC-02,M,295.9771817743095,310.08285463259324,1545.3606912429016,46.2131399534877,31.679866108981294,70.21576747670164,13.46820201215508,61.93524063281131,0,2026-08-25 06:31:47
2024-01-08 18:20:00,CNC-02,M,299.7160600414023,313.1858618159457,2035.1064675639107,30.50245279261634,9.189153610817613,2.6881909367267505,11.433177646710392,51.381395501170665,0,2026-08-25 06:31:47
2024-01-08 02:08:00,CNC-03,H,297.84672911019567,,2575.1472608918866,19.388845276295818,146.3352024100826,3.3571217540442047,9.21142565667062,56.127707515738,0,2026-08-25 06:31:47
2024-01-08 04:05:00,CNC-03,H,296.98999246011226,310.11601407083486,2383.6367178810397,25.586231199474557,30.027243885381235,2.974725380305047,11.60474673613603,57.23079780216612,0,2026-08-25 06:31:47
2024-01-08 07:31:00,CNC-03,H,295.93582579894695,310.3726446444577,1766.727661539532,43.972434200719626,46.802951314480076,2.4012274352776912,14.601852181670997,57.79923318928178,0,2026-08-25 06:31:47
2024-01-08 06:17:00,CNC-03,H,28.504789465081274,37.55387662184904,1961.799636157883,38.91265364482063,198.24601074347683,2.9586642739575204,14.380867935257438,49.24192311591034,0,2026-08-25 06:31:47
2024-01-08 22:34:00,CNC-03,H,26.74689419774313,39.49140666388956,2496.320455771102,20.960863512012793,96.87761900364687,3.0257270832876477,9.786671303658437,50.94399953055127,0,2026-08-25 06:31:47
2024-01-08 22:42:00,CNC-02,M,26.567601525561145,39.66548558600175,2560.5963443438823,21.755533846060697,78.93569037127996,3.1406726981112967,10.319143749140114,52.64991733074691,0,2026-08-25 06:31:47
2024-01-08 07:20:00,CNC-01,L,297.53267446304966,312.0263295922435,1895.564020974716,37.72603970768574,162.61586713236824,2.9933169966563797,13.56452639847041,54.747880577542865,0,2026-08-25 06:31:47
2024-01-08 18:15:00,CNC-03,H,299.0980468033488,312.9878576523298,2209.4510500046827,30.624416467288533,66.96849096030233,2.777245714631044,12.607212255476721,54.98833531809174,0,2026-08-25 06:31:47
2024-01-08 20:28:00,CNC-03,H,299.9121604531645,314.7077679731678,2407.409172907063,29.475774795010828,230.96627158541062,3.721919535924921,13.066852774522383,51.663772718483806,0,2026-08-25 06:31:47
2024-01-08 22:39:00,CNC-03,H,,39.02769608558964,2736.5707634975315,16.893610710346863,102.25906027053132,3.302334279913226,8.833868477041383,51.88688471447399,0,2026-08-25 06:31:47
2024-01-08 00:11:00,CNC-02,M,299.06652663166426,311.0630165371465,2658.4318229717223,17.386813574102764,24.470457539927978,3.130456987021931,8.779372964917956,53.51911362157672,0,2026-08-25 06:31:47
2024-01-08 16:55:00,CNC-03,H,298.5072850345978,313.14222672215345,1938.9435786651031,36.00467217275916,220.80721479229035,3.2511984566054544,12.996081594019012,58.27381347018744,0,2026-08-25 06:31:47
2024-01-08 00:39:00,CNC-02,M,298.8063869712788,310.8058141398243,2715.9978318912367,16.18896161908462,54.255456548948615,3.306631245840383,8.374026868665457,54.13310910341781,0,2026-08-25 06:31:47
2024-01-08 06:32:00,CNC-01,L,24.50383088425525,38.59169301736017,1807.7736676682466,38.17328678127491,95.71387844534839,2.387927777968372,12.951872310086607,54.355877569438206,0,2026-08-25 06:31:47
2024-01-08 17:28:00,CNC-03,H,298.8153712438789,312.1940328740444,1833.855561982498,35.66373473959742,4.071387494463503,2.4374400905119407,12.022594153457675,51.846479699906126,0,2026-08-25 06:31:47
2024-01-08 12:02:00,CNC-02,M,296.74984936293237,311.03915778448993,1257.3975689836159,54.83051765370519,96.93801938132897,2.0265502077618955,13.095169699788373,58.60149126553104,0,2026-08-25 06:31:47
2024-01-08 14:11:00,CNC-01,L,299.802796386796,314.4488192990271,1464.9316298344309,51.25797710400601,129.51406855858278,2.3538512294952625,13.784189715910072,45.5190296030116,0,2026-08-25 06:31:47
2024-01-08 21:07:00,CNC-03,H,299.9658794264391,311.62075922350454,2627.658809456491,16.259969150358707,1.1083312392441762,3.213658082757446,8.149034712891133,54.02904002233623,0,2026-08-25 06:31:47
2024-01-08 06:18:00,CNC-02,M,22.83892871558845,36.715246258553236,2020.7841162950435,33.386883104468126,5.3452426922558285,2.6675608297240565,12.896291009794302,57.437758442028006,0,2026-08-25 06:31:47
2024-01-08 23:37:00,CNC-03,H,299.6216968291966,312.5264867138546,2653.6590261432743,18.97328536634829,164.32319239457516,3.4128142670166617,9.310398561932962,52.37763695892199,0,2026-08-25 06:31:47
2024-01-08 15:19:55,CNC-01,L,299.498314324212,313.0830638984962,1624.1440369095246,40.794739301368516,14.909514974521601,2.235410236358416,12.005706216442828,53.7456994998074,0,2026-08-25 06:31:47
2024-01-08 17:27:00,CNC-02,M,298.90027380565493,313.56427323159147,1909.076732951927,36.51185268001249,150.1759993023976,2.7985529568156204,12.847460182625554,50.72139080629875,0,2026-08-25 06:31:47
2024-01-08 12:43:00,CNC-02,M,297.06064973225403,311.9110942857487,1470.0035752502913,50.92652065251938,161.82970782375187,2.4698677779114457,13.988447447181521,57.669857211828074,0,2026-08-25 06:31:47
2024-01-08 03:27:00,CNC-01,L,297.86218816122323,310.7273573462078,2320.514003260123,23.481239880636,67.35986720948665,2.8502997194980493,10.201505821589363,56.23116161635467,0,2026-08-25 06:31:47
2024-01-08 16:40:00,CNC-02,M,298.55975510425867,313.37636465644124,1737.461827542963,44.28442197916415,84.26072757544938,2.40429589750633,14.58751808937691,56.94401259035534,0,2026-08-25 06:31:47
2024-01-08 20:47:00,CNC-01,L,301.5115169513013,313.7747496804988,2571.9525917813303,18.40881868786659,24.48501561335545,3.1472782823078536,8.817796259558687,46.38102563155892,0,2026-08-25 06:31:47
2024-01-08 00:17:00,CNC-01,L,298.67930029620237,310.9914421387636,2629.7729490776373,18.706229527716374,49.23418809150671,3.2312279361542395,9.460935312664967,54.196305837488836,0,2026-08-25 06:31:47
2024-01-08 05:29:00,CNC-02,M,296.2568023506145,310.3580383292037,2134.295550854865,30.466404096095594,174.19833731011042,3.2079645522731948,12.111391180581315,62.727872509057065,0,2026-08-25 06:31:47
2024-01-08 10:52:00,CNC-02,M,296.1865720590194,311.30589427593736,1323.4273418003072,54.46845915795854,207.96859469902662,2.729295824232866,13.500664444012093,58.302322907466504,0,2026-08-25 06:31:47
2024-01-08 13:52:00,CNC-02,M,297.24428949974356,311.7399829432307,1482.5977168313766,49.99303422530214,45.57696499081577,2.2099566700284865,13.77993497928833,50.44323096859643,0,2026-08-25 06:31:47
2024-01-08 03:02:00,CNC-02,M,297.5494262914254,311.7308380490713,2309.4957654465297,26.864350592805447,211.6283153737033,3.7189227878705795,11.721970144002269,56.15993444658486,0,2026-08-25 06:31:47
2024-01-08 16:52:00,CNC-02,M,298.9715437593005,314.0209829263683,1997.4173652348106,39.629099469534985,101.36618726094827,2.7016229729151355,14.712665966234281,48.74372151353383,0,2026-08-25 06:31:47
2024-01-08 10:54:00,CNC-01,L,298.02374020882064,311.814711774348,1358.4903824228668,48.77278539912082,20.524684149106914,2.052037051501059,12.400746148332601,56.68418130267984,0,2026-08-25 06:31:47
2024-01-08 19:04:00,CNC-02,M,299.9510248613046,313.5309090899255,1992.5359345229815,32.085534089495404,65.79387004795795,2.5849209524587944,12.12948010148282,53.09522230366819,0,2026-08-25 06:31:47
2024-01-08 22:10:00,CNC-01,L,27.968697237679066,40.5814045270738,2661.3112213641016,18.965960974630995,117.0518970558265,3.3670573875206924,9.574011630460697,49.39225675360837,0,2026-08-25 06:31:47
2024-01-08 14:46:00,CNC-03,H,297.71667915366885,311.61733423029,1524.3453914335576,45.19159215159434,30.97832234509553,2.1873749758748118,12.778930414591326,59.20989146530679,0,2026-08-25 06:31:47
2024-01-08 01:24:00,CNC-01,L,7892.824476455737,310.82594574083566,2726.5039260817757,16.67738952872361,120.37163749417357,3.402972000703549,8.740595472581264,54.851675194846806,0,2026-08-25 06:31:47
2024-01-08 02:35:00,CNC-02,M,,310.4015515663009,2419.020607275864,19.676208451654375,0.0,3.483896317408523,8.910887760351926,59.00371620443255,0,2026-08-25 06:31:47
2024-01-08 10:28:00,CNC-02,M,295.8939253319706,310.60603978502195,1420.5073134942127,49.21404375057922,170.01011127685928,2.553085567245807,13.015953015411789,61.14116129264529,0,2026-08-25 06:31:47
2024-01-08 18:47:30,CNC-03,H,299.6727797183022,313.713013721732,2244.3707554030257,29.728088701872547,107.9307079560613,2.8575137920599483,12.610902819600339,49.657863232761,0,2026-08-25 06:31:47
2024-01-08 10:49:00,CNC-01,L,297.8392765898452,311.04544164998106,1460.663495461295,42.103173593779665,12.597007291005681,2.1423582459141195,11.796308937230064,54.589542448743295,0,2026-08-25 06:31:47
2024-01-08 13:06:00,CNC-01,L,298.85726732682537,312.95920065489247,1393.8431734645728,52.04692126051595,26.908962175872446,2.0666138381478225,13.566081106116103,56.81724983294775,0,2026-08-25 06:31:47
2024-01-08 13:29:00,CNC-03,H,297.10716966498745,311.84817862767017,1392.6369789599978,54.66566682962149,144.46434755392832,2.3767774174698677,13.96425536044716,61.507682527760544,0,2026-08-25 06:31:47
2024-01-08 02:47:00,CNC-03,H,297.51730060911575,311.02287669216855,2550.2997807885627,22.086437527777235,189.71612172870587,3.600076959086528,10.716072274340698,56.57148003073057,0,2026-08-25 06:31:47
2024-01-08 06:37:00,CNC-01,L,24.38458656700226,38.678142370849514,1832.4673330553935,39.40313775415285,102.57217308526431,2.4937699149700845,13.36534112032711,56.27000317123271,0,2026-08-25 06:31:47
2024-01-08 13:34:00,CNC-01,L,299.0468684280331,312.93675230188813,1396.4942815828867,49.4884655675152,71.36357773706852,2.209359748092165,12.629954166420987,54.31541068685704,0,2026-08-25 06:31:47
2024-01-08 13:16:00,CNC-03,H,297.20473372330963,311.67762930553926,1404.389548466177,52.7547356333294,123.79801347247083,2.1957959137133214,13.968428762977183,58.47741606544818,0,2026-08-25 06:31:47
2024-01-08 15:16:00,CNC-01,L,299.67773481747787,313.36682728462597,1583.9190046514661,43.13367502573997,7.468388671288949,2.218968085063164,12.845635883448235,51.47500889943954,0,2026-08-25 06:31:47
2024-01-08 11:29:00,CNC-01,L,298.2267781144905,312.3378605749051,1376.5761386028373,50.4431424599037,76.27316862346673,1.996955318080469,13.055586847461692,56.05477734915426,0,2026-08-25 06:31:47
2024-01-08 12:35:00,CNC-01,L,298.5431067205347,313.1410526235243,1330.1335875019847,52.571549203836355,181.06238400770343,2.6468717894395235,13.248631270735258,53.09795181101613,0,2026-08-25 06:31:47
2024-01-08 08:15:00,CNC-02,M,295.56732301840475,310.62237462275107,1747.4311284385628,43.44498113237666,170.62759372853174,2.832164684713581,14.191097197191452,60.34729953383656,0,2026-08-25 06:31:47
2024-01-08 04:08:00,CNC-03,H,296.9324404557279,310.5077245362697,2246.670955182589,28.79315853239509,33.65644113178392,2.8393686851842967,11.940903821473453,58.651309235502175,0,2026-08-25 06:31:47
2024-01-08 01:51:00,CNC-02,M,298.3040937435729,310.9767772467538,2777.735184965116,17.263700753583066,131.85344670767503,3.4978919615529214,8.790314012303014,53.506781089722146,0,2026-08-25 06:31:47
2024-01-08 05:19:00,CNC-02,M,296.56588647669304,310.9298486812926,2166.6194575001696,31.282767683851553,161.4241087532252,3.0092929179915524,12.620638619041964,56.25559086595668,0,2026-08-25 06:31:47
2024-01-08 06:12:00,CNC-01,L,24.583153997894783,38.48790951216506,2152.4435814338544,32.71525569244839,68.3843445332523,2.710005386935894,13.155477218791866,57.13475356746889,0,2026-08-25 06:31:47
2024-01-08 18:12:00,CNC-03,H,299.1829139318788,312.39484324656735,2039.6278430477853,29.7245231924548,63.134784147991724,2.683321855130268,11.387401096965233,50.1203937619285,0,2026-08-25 06:31:47
2024-01-08 15:22:00,CNC-03,H,298.1739466175374,,0.0,46.0859151230373,85.90649680443491,2.333451703658041,13.687930052365385,51.955689733274184,0,2026-08-25 06:31:47
2024-01-08 11:01:56,CNC-01,L,298.06977672680995,311.96346383657243,1339.9969871991468,51.5548020967522,31.686997673153332,1.9156180837955856,12.848825975050051,55.787753793042235,0,2026-08-25 06:31:47
2024-01-08 01:48:00,CNC-03,H,297.9600577764329,310.83552050037116,2459.096963356102,21.55694853043152,124.37603695734346,3.180882982596968,10.104004931235323,54.25212768806223,0,2026-08-25 06:31:47
2024-01-08 06:11:00,CNC-01,L,24.60389833466286,38.44115249322067,2083.4183375612197,31.938497209519625,67.05903547290153,2.714386142002176,12.568405912472791,54.96531895260108,0,2026-08-25 06:31:47
2024-01-08 01:19:00,CNC-03,H,298.3797608282525,311.2665977064387,2677.2116350402907,19.798115823963894,92.77426334647755,3.2504712101693345,10.002976935404302,52.00007441331147,0,2026-08-25 06:31:47
2024-01-08 15:18:00,CNC-02,M,303.5963773256935,313.0201511139121,1659.6267600269143,47.2159524442146,177.99298019474944,2.6687773654253677,14.65263158011943,43.27237830175369,0,2026-08-25 06:31:47
2024-01-08 17:45:00,CNC-01,L,300.7705229376437,313.50835504212733,2060.739009933257,27.251809767737676,16.182550843763465,2.628452320056695,10.472530652365165,52.07835272606918,0,2026-08-25 06:31:47
2024-01-08 22:43:00,CNC-03,H,26.805486405861473,38.640669352485645,2613.695273395557,14.293863542224486,106.60595185234862,3.3353035337981587,7.071754679734626,52.85349233624138,0,2026-08-25 06:31:47
2024-01-08 04:38:00,CNC-03,H,296.61832351101947,309.60399249226987,2223.7531831724423,24.67438894043624,70.19522623219972,2.910007201742166,10.234102114411055,57.17458545692453,0,2026-08-25 06:31:47
2024-01-08 18:04:00,CNC-02,M,299.7316898835702,315.35544635542453,2219.4466098285957,35.699695456300184,200.02910975742054,3.3855575050113687,14.935423141501325,51.13261891259661,0,2026-08-25 06:31:47
2024-01-08 00:28:00,CNC-02,M,298.6488771134987,310.31637907278105,2727.789741377508,13.87675349052408,42.54204810885622,3.23044985799723,7.084989831885499,55.882930732477774,0,2026-08-25 06:31:47
2024-01-08 04:05:00,CNC-01,L,297.6487271462648,311.5416526652118,2377.410146224968,28.02247288315014,112.37098863707507,3.031668825045751,12.537324936138239,50.96815514815351,0,2026-08-25 06:31:47
2024-01-08 23:47:00,CNC-02,M,298.85122568171084,311.96606858972643,2588.2574369572785,19.818807489389513,148.25561189641658,3.401116465544952,9.64304616526985,52.8555208410397,0,2026-08-25 06:31:47
2024-01-08 06:22:00,CNC-01,L,24.549160695842772,38.937150284600705,1960.5524766028161,38.898935300048464,81.95847083733531,2.6642301662488674,14.12010254672137,53.45920685493626,0,2026-08-25 06:31:47
2024-01-08 12:39:00,CNC-03,H,296.98470854140965,310.4685750402563,1231.939715356602,52.32903338159257,65.19996208846885,1.8821485052692601,12.212407537193524,58.89337886000078,0,2026-08-25 06:31:47
2024-01-08 03:19:00,CNC-02,M,297.24720468965324,309.50868734980685,2628.7845416976024,18.26835100320507,15.008095475457717,3.1618094104242576,8.927109917477914,57.8766718926923,0,2026-08-25 06:31:47
2024-01-08 21:59:00,CNC-01,L,27.954942766368447,40.102548904042806,2648.726908874268,16.22829695975818,105.29472341222728,3.3130900859049124,7.96493975204312,52.70015934803559,0,2026-08-25 06:31:47
2024-01-08 13:04:00,CNC-01,L,298.88146755899623,312.37535760852984,1390.3241933769332,48.228730786631196,23.749075809021434,2.001775089025501,12.605481827819572,49.898525796574894,0,2026-08-25 06:31:47
2024-01-08 15:11:00,CNC-01,L,299.62732614633404,313.14978374517756,1640.2004243481806,42.114368582151805,0.0,2.1794398177578307,12.99802674294187,55.08664827751973,0,2026-08-25 06:31:47
2024-01-08 04:15:00,CNC-02,M,296.5709390073554,309.91910552165734,2248.8058690009684,25.837657540782303,81.58112437058767,2.8815356342989857,11.11676843853045,57.26087900457305,0,2026-08-25 06:31:47
2024-01-08 15:30:00,CNC-03,H,298.3325676627947,312.40740878333133,1450.184644925109,47.971368941808784,97.7990337755127,2.1408312666766944,13.303180809881438,56.13757220155808,0,2026-08-25 06:31:47
2024-01-08 11:50:00,CNC-02,M,296.47978085232074,310.5933824646661,1368.7224788108592,50.892016804447536,77.81667623558334,2.0405528086411153,13.131777343227213,63.16957429585606,0,2026-08-25 06:31:47
2024-01-08 10:55:00,CNC-01,L,297.8287102503284,311.6156246828615,1357.5260727230218,51.33603272814861,22.124684149106915,2.007805711082542,13.106502983133202,57.85645298618307,0,2026-08-25 06:31:47
2024-01-08 13:11:00,CNC-02,M,297.0168005566197,312.0886696119615,1390.9342497752205,53.95998128883968,206.13294944754583,2.6523198833905686,13.83259542702723,54.91962696720828,0,2026-08-25 06:31:47
2024-01-08 00:53:00,CNC-01,L,298.4007870684607,310.1481097696984,2776.6912306623826,14.372354195971312,87.37954868691722,3.424691952111156,7.613719395633389,58.500507081414185,0,2026-08-25 06:31:47
2024-01-08 04:57:00,CNC-01,L,297.74568699104253,311.5823276724318,2103.021210289477,30.931783619768527,176.27440204319993,3.160988045859099,12.507021030705213,53.64035008372017,0,2026-08-25 06:31:47
2024-01-08 14:46:00,CNC-01,L,299.54105926261633,314.06439488491463,1580.0022953238433,46.544012701643474,183.11258881678694,2.8328723368909414,13.637333151273516,52.86212067579501,0,2026-08-25 06:31:47
2024-01-08 12:43:00,CNC-03,H,296.7550239042616,310.37930911062733,1313.0465614727714,49.27609873275594,71.5838358253379,2.0017365919942285,12.068612472429187,51.489031847692495,0,2026-08-25 06:31:47
2024-01-08 21:36:00,CNC-02,M,299.62532051565796,312.95878589276435,2620.4383122867393,561.5465220731043,6.811380510170837,3.1564755150848067,11.113630613314008,49.35418033458846,0,2026-08-25 06:31:47
2024-01-08 01:55:00,CNC-02,M,298.19350186379705,311.23744654570436,2562.246217806155,21.216896932958655,136.27687908287646,3.2694350484692887,10.258425206317401,53.177081110649425,0,2026-08-25 06:31:47
2024-01-08 20:38:00,CNC-01,L,300.8436599781486,313.4103489197653,2346.7189691628823,21.654230603171,14.045079989853328,2.939746153633996,9.432889860562042,54.93004754657752,0,2026-08-25 06:31:47
2024-01-08 19:55:00,CNC-01,L,301.37929785546345,315.66331797758363,2453.6336931000333,27.455181119822992,182.03661205763106,3.625058512814949,12.628314156140357,45.735116986014866,0,2026-08-25 06:31:47
2024-01-08 08:33:00,CNC-02,M,295.7536470450986,310.9278719158655,1660.961485858027,44.96543462743049,197.61725198317203,2.880771924652627,13.891846190809504,59.24006910756303,0,2026-08-25 06:31:47
2024-01-08 04:49:00,CNC-01,L,297.72748425736944,311.6057237482629,2212.8807628148934,27.912372167773686,166.0981655473324,3.2869488076451954,11.691037137644521,53.194245508071475,0,2026-08-25 06:31:47
2024-01-08 23:28:00,CNC-03,H,299.81035325169177,312.0281853852523,2820.4918005732975,14.468700016613276,154.7419447515534,3.4802186953467555,7.4364747709743035,51.11080458247803,0,2026-08-25 06:31:47
2024-01-08 12:34:00,CNC-03,H,297.2872947954666,311.25337006095697,1359.6219612152338,51.12052274868651,57.25638723304769,2.0023336924495667,13.069243383823986,57.611436078383434,0,2026-08-25 06:31:47
2024-01-08 23:45:00,CNC-01,L,300.36669871935777,312.3402401621492,2761.76151219074,17.029626451285687,2.1537675144686457,3.2395634255065975,8.764820036818781,51.36200875243527,0,2026-08-25 06:31:47
2024-01-08 00:16:00,CNC-02,M,299.0526965548653,310.81870200251626,2664.9557064074493,15.803511910745593,29.890917747005542,3.209719756216484,7.652608965803473,48.12479504975412,0,2026-08-25 06:31:47
2024-01-08 19:47:00,CNC-03,H,299.766233670354,313.70168216900055,2267.915732460786,27.3216058406991,182.4244471560728,3.1898546383824025,11.474068602100608,52.44190339753654,0,2026-08-25 06:31:47
2024-01-08 22:29:00,CNC-01,L,27.889673563766962,40.13172850845484,2665.7384451748703,16.35691945722759,137.7500243562941,3.5201392508103413,8.066800661665447,50.33884831453848,0,2026-08-25 06:31:47
2024-01-08 07:15:41,CNC-01,L,297.3503441746279,312.0627183904533,1703.1065960738706,44.336601814600435,157.0185894231643,2.7552469629769485,14.081437189719678,56.4028215313244,0,2026-08-25 06:31:47
2024-01-08 12:59:00,CNC-02,M,296.9823346037353,311.6386844669989,1303.3477419497278,52.27064998316926,187.24428952809717,2.4684984132896757,12.830483015686443,58.244847541401654,0,2026-08-25 06:31:47
2024-01-08 23:45:00,CNC-02,M,298.90337510727875,311.07343056699597,2773.355228066545,12.762877986107043,146.11166932303175,3.4824591937630602,6.7232982866641855,53.9647863339722,0,2026-08-25 06:31:47
2024-01-08 23:56:00,CNC-02,M,298.7813527023382,311.6103347915804,2635.5911948590974,17.423989264080653,157.86097537927142,3.51626705695658,8.62076135963087,57.408202899465714,0,2026-08-25 06:31:47
2024-01-08 03:20:00,CNC-01,L,297.71929166666314,309.8934569987274,2613.503487951573,17.247268541837066,59.18299888924579,3.159391268678173,8.173676492002265,57.951808126732466,0,2026-08-25 06:31:47
2024-01-08 17:16:00,CNC-02,M,298.78182325496084,313.40997293885124,1801.8248864520046,40.15844165411522,135.0834741614375,2.5396185871082553,13.453118180796418,53.69904771996677,0,2026-08-25 06:31:47
2024-01-08 19:33:00,CNC-02,M,299.7738582537705,313.333370294066,2312.6390390840747,24.36699560862441,101.76108780553709,2.949623407110954,10.712788466031878,54.13801922045415,0,2026-08-25 06:31:47
2024-01-08 18:42:00,CNC-01,L,306.6294258754943,314.2472590418025,1993.0038013713654,,91.0693906745559,2.710335554070362,11.765268258426577,37.78285213250276,0,2026-08-25 06:31:47
2024-01-08 08:25:00,CNC-03,H,296.16897651535066,310.48661297184265,1622.8701890182733,43.746872202491005,125.58709088618912,2.3035084279380618,13.174250469023207,55.73079187641201,0,2026-08-25 06:31:47
2024-01-08 09:37:00,CNC-01,L,297.6160951484766,312.0444636601903,1423.4538046866314,50.98901223466986,130.44168411492117,2.332956108819401,13.495327617704993,57.67029806287191,0,2026-08-25 06:31:47
2024-01-08 18:58:00,CNC-02,M,299.7215700978115,313.46856210874046,2113.3817458651024,29.815720569005165,58.235985551267014,2.8009146476774602,11.92179148963077,54.46514235080998,0,2026-08-25 06:31:47
2024-01-08 18:54:00,CNC-02,M,299.7065077037852,313.92595211018084,2138.8339817988426,31.112695066946795,53.15545246499218,2.729503861405055,12.613054332568463,53.713470550184525,0,2026-08-25 06:31:47
2024-01-08 11:00:33,CNC-03,H,296.4126237902466,310.8985335976589,1374.7393383010556,52.54872043298374,144.05886792050816,21.29188695565426,13.585896903995218,56.5691532089962,0,2026-08-25 06:31:47
2024-01-07 23:59:56,CNC-02,M,298.96760585286546,310.54403854699507,2665.667917406506,13.755458030997051,12.783700008450563,3.266578916741259,7.051416850455888,58.3075098475044,0,2026-08-25 06:31:47
2024-01-08 23:18:00,CNC-03,H,299.4587130116748,311.75384700954703,0.0,15.36113892949138,144.07231281379973,3.4073922438879163,7.99849243026968,,0,2026-08-25 06:31:47
2024-01-08 06:39:00,CNC-01,L,24.47818463003864,39.03770492250692,1849.3399860132602,40.669646647885024,105.35479630894685,2.590864508330948,13.695876683075317,58.05863165993382,0,2026-08-25 06:31:47
2024-01-08 12:19:00,CNC-03,H,296.7189287328238,310.72168911400524,1506.2491114925133,47.42346897189484,33.363554404730365,2.1497134591848925,13.203125386857122,57.652408119781306,0,2026-08-25 06:31:47
2024-01-08 14:32:00,CNC-02,M,,312.04533586404483,1554.3218383492147,47.533081533855565,107.68502952783689,2.349794546250245,13.952401460079743,49.040002978945815,0,2026-08-25 06:31:47
2024-01-08 07:25:00,CNC-01,L,297.27747037367595,312.1872667256781,1719.870493929319,43.94781449582305,169.80709662857188,2.849513402902253,0.0,59.14635348453964,0,2026-08-25 06:31:47
2024-01-08 05:15:00,CNC-02,M,296.338302303392,310.56214085404383,2245.3821794256028,29.913617528736527,156.24010735149167,3.039295439738573,12.415233422124226,57.6763014004025,0,2026-08-25 06:31:47
2024-01-08 12:10:00,CNC-01,L,298.3005412175409,312.8601958650908,1361.2478393913232,55.84660610237408,141.41830451594944,2.3871722874634895,14.336460808136255,55.699699272294865,0,2026-08-25 06:31:47
2024-01-08 08:05:00,CNC-02,M,295.40680823038156,309.3825909867456,1549.3262615671256,39.975745173258616,156.03205475363916,24.06771273715839,11.679640674477117,57.789249247534606,0,2026-08-25 06:31:47
2024-01-08 21:45:00,CNC-01,L,301.1951482962446,314.62345342017466,2477.5223893841153,24.865930122307773,89.81485391923977,3.0337414628366477,11.509632992290998,50.73210858997111,0,2026-08-25 06:31:47
2024-01-08 22:21:00,CNC-03,H,26.411606847404244,38.74766049890229,2654.6965473137557,17.767883583490068,82.83265600556697,3.185663933757516,8.775804737425194,55.030775525546574,0,2026-08-25 06:31:47
2024-01-08 18:34:00,CNC-01,L,306.59722059282126,314.31836683299616,2062.511852029287,31.645424981419474,80.63404795731779,2.7054950687666,12.246932747741345,42.30433285976853,0,2026-08-25 06:31:47
2024-01-08 09:59:00,CNC-02,M,295.9903091177,311.03380837283163,1445.0897572020388,53.20770156085881,124.34729684925848,2.2783948850482507,14.421515937658544,59.92584993499238,0,2026-08-25 06:31:47
2024-01-08 08:35:00,CNC-03,H,296.5331863826866,311.4519540596056,1655.835410822825,46.741248298120965,140.60689470576256,2.6422701619752793,14.564261127377868,60.45036316879622,0,2026-08-25 06:31:47
2024-01-08 09:43:00,CNC-03,H,296.1621425416688,309.60904473117324,1336.2091123041769,47.86638237827694,21.791126291207142,1.9511829739606332,12.039612386064409,58.74245907200237,0,2026-08-25 06:31:47
2024-01-08 07:38:00,CNC-03,H,296.07613689891656,310.07938009795566,1681.0045469110617,42.25299019878208,56.77995171168982,2.317021962220653,13.062311764937501,59.57804243594078,0,2026-08-25 06:31:47
2024-01-08 07:19:00,CNC-03,H,295.89417163738636,310.03528739645174,1769.3281117174595,41.049332102850194,29.60147281208426,2.5371923805053513,13.61234660301672,59.1219098483224,0,2026-08-25 06:31:47
2024-01-08 09:01:00,CNC-02,M,296.13959881585896,310.7073426666835,1573.0388618095594,47.480000174619796,34.7356220982973,2.3075146276252574,14.04598387667231,55.10821803764583,0,2026-08-25 06:31:47
2024-01-08 17:07:00,CNC-01,L,300.373480538119,315.3864213099574,1900.3441630995635,40.44929532654616,168.45546974686087,2.9790351324725686,14.405400290529524,51.43898598933998,0,2026-08-25 06:31:47
2024-01-08 21:31:00,CNC-03,H,300.0449101860373,312.0803946896622,2656.0613886701203,17.87493726705496,27.811991643929787,3.1734936229247883,8.666165504315712,49.18347262414971,0,2026-08-25 06:31:47
2024-01-08 23:26:00,CNC-01,L,300.50807389142443,313.9642672840157,2636.882306337861,20.686496423760577,198.8923694244522,3.9924664864000023,10.666850147756502,50.76624916411708,0,2026-08-25 06:31:47
2024-01-08 08:58:00,CNC-03,H,296.463843238552,311.904363454064,1502.5573966800596,55.136665342297604,175.3139442073376,23.770243430949726,15.603640789498057,58.4831498930519,0,2026-08-25 06:31:47
2024-01-08 06:12:00,CNC-03,H,28.52129944107719,37.845537366986605,2026.142076074372,38.63587253896578,191.41110360357195,3.15311296631908,14.69083291251607,44.258205370592364,0,2026-08-25 06:31:47
2024-01-08 16:17:00,CNC-03,H,298.5958930174346,313.2808156096183,1811.486189989481,39.88980144166616,166.84023884081543,2.7700561464704467,13.63783257533196,52.06373291316773,0,2026-08-25 06:31:47
2024-01-08 21:41:00,CNC-03,H,299.9368255621282,312.01557017044183,2729.0972333180207,0.0,38.86702980345758,3.3243138564970183,7.765844001468122,56.86049145501382,0,2026-08-25 06:31:47
2024-01-08 09:55:00,CNC-01,L,297.4441405769284,311.8239485523404,1486.7742522405622,46.67264510751493,158.24917623512417,2.5207911208358063,13.092446804141733,61.18284738820377,0,2026-08-25 06:31:47
2024-01-08 22:52:00,CNC-02,M,26.305603607178057,38.74631396490656,,16.015527494364637,89.6413735522197,3.276256454411445,8.311083756013103,54.369179120236595,0,2026-08-25 06:31:47
2024-01-08 08:23:00,CNC-02,M,295.874659095393,310.88086110467356,1605.0554480357498,47.170844448791534,182.56972289577905,2.757353992481655,14.127580802464692,59.67275929024186,0,2026-08-25 06:31:47
2024-01-08 07:08:00,CNC-03,H,296.41177790225544,310.2614664704729,1836.5927671953027,36.83591577841767,14.009736718427325,2.4616390467962477,12.834439185164767,53.42823564974132,0,2026-08-25 06:31:47
2024-01-08 02:08:00,CNC-01,L,298.24359630837245,,2558.7439859594356,22.403823766191245,168.26116927396376,3.5414610609517694,10.915576737129504,53.20677748420973,0,2026-08-25 06:31:47
2024-01-08 07:29:00,CNC-02,M,295.71336148135066,310.13507681127885,1801.7488508992953,40.35612290463499,104.03214203928465,2.5604470658037704,13.63260502876426,57.68368283831973,0,2026-08-25 06:31:47
2024-01-08 19:45:00,CNC-01,L,301.2909021217178,315.7669470241492,2346.2695544594258,29.84360680185783,169.97928925767653,3.2871550820961044,13.12837582109122,43.26065119325568,0,2026-08-25 06:31:47
2024-01-08 23:03:00,CNC-02,M,299.1631697583276,311.96130833982255,2624.513312349418,18.973550916688865,101.44685133891929,3.225710956424815,9.635759278911861,50.150105282436414,0,2026-08-25 06:31:47
2024-01-08 00:42:00,CNC-03,H,298.6961472196721,310.9687617506478,2738.9748275657366,16.872854583557523,53.00508110699999,3.293087378444408,8.98562214316928,53.160032548896595,0,2026-08-25 06:31:47
2024-01-08 02:47:00,CNC-01,L,297.97068082744227,310.5199317215666,2593.1645088181062,20.116704419545325,21.312710259560816,3.0777709985276482,9.883205439950776,63.45234697248309,0,2026-08-25 06:31:47
2024-01-08 09:47:00,CNC-02,M,,309.996720661813,1451.315393982894,46.767017003908,105.62011609175515,2.206040416099386,12.899250381913163,56.12364918637034,0,2026-08-25 06:31:47
2024-01-08 16:42:00,CNC-03,H,298.88370412216807,313.7089221793537,1813.3085575440798,39.150697428131664,202.47444653008816,2.986603949857152,13.208131233492676,55.563325927382465,0,2026-08-25 06:31:47
2024-01-08 16:20:00,CNC-01,L,300.38769570242863,315.0541914911845,1817.7870959885827,41.95581224133506,101.84685014789262,78.12876056278456,14.232025485519175,48.66056046528366,0,2026-08-25 06:31:47
2024-01-08 13:33:00,CNC-02,M,297.43461770360017,311.3344302203191,1400.0661318787518,48.77651916708456,15.755852998615316,1.9650951719291778,12.50318967932737,54.759265938480695,0,2026-08-25 06:31:47
2024-01-08 07:01:00,CNC-02,M,22.513777703446635,36.5478912322352,1873.2000259272688,39.61408753715484,64.42185297190439,2.5228106176336267,13.8184993280523,58.97411208771235,0,2026-08-25 06:31:47
2024-01-08 19:38:00,CNC-02,M,299.69457281334496,313.13365109135174,2410.07417200017,23.013173719580912,107.83150778818118,3.120915393514671,10.687014874248677,51.78600999639262,0,2026-08-25 06:31:47
2024-01-08 08:12:00,CNC-03,H,296.07990286778505,310.72736831950255,1680.0687473990097,45.948031761035594,106.4271141966383,2.399695887899941,14.287824596136714,57.796392855825424,0,2026-08-25 06:31:47
2024-01-08 08:04:00,CNC-03,H,295.6543041946706,309.5951622391988,1531.7020075888886,45.92370293839109,94.59660651977437,2.277876847325459,13.164372605711975,61.81943357664153,0,2026-08-25 06:31:47
2024-01-08 21:53:01,CNC-02,M,26.347602391922806,38.16616986113735,2642.1340473845607,16.26581090300785,24.736668563932888,3.1638709002039205,7.9630566123425375,47.469284131134806,0,2026-08-25 06:31:47
2024-01-08 17:54:00,CNC-03,H,299.1784686057851,313.82975848342517,2064.1624982372846,38.77378033475745,39.15710801755898,2.6898511559394307,14.959869038338734,55.91462572445609,0,2026-08-25 06:31:47
2024-01-08 00:08:00,CNC-01,L,298.7868072258822,311.1436962046714,2696.31185029293,18.010812734047747,39.72822386662495,3.2336242819117826,9.065050689680453,55.21795347762401,0,2026-08-25 06:31:47
2024-01-08 00:07:00,CNC-03,H,298.533670621465,310.9908501856069,2718.787320044968,17.749757441355985,15.654707977862337,3.1263916511937992,318.44493841495625,48.988411754170286,0,2026-08-25 06:31:47
2024-01-08 08:19:00,CNC-03,H,295.8688543392259,310.00603004321175,1736.4730131951644,39.71279913947002,116.64681308420957,2.340812756521403,13.305834057021348,59.05289967073792,0,2026-08-25 06:31:47
2024-01-08 20:11:00,CNC-01,L,301.47862094846033,316.0396496400794,2373.697434940224,30.26809476484473,201.16003374058434,3.6273101579111033,13.569742725049428,48.69739107510978,0,2026-08-25 06:31:47
2024-01-08 18:02:00,CNC-03,H,299.12711071802914,312.7697001447774,1962.3466756935707,33.322462736839505,49.82196535320509,2.4856667123674763,12.064480289733742,51.01082495067682,0,2026-08-25 06:31:47
2024-01-08 00:38:00,CNC-03,H,298.56079213842264,311.0973814875039,2579.919875890803,19.556327929655236,48.711221059134374,3.151294784667607,9.62585233962233,51.89377661563812,0,2026-08-25 06:31:47
2024-01-08 07:40:00,CNC-03,H,296.20209778318514,310.01459886077834,1693.1346356482281,40.92708071465873,59.67817583808683,2.2316491640405847,13.11775508778399,58.92458130844603,0,2026-08-25 06:31:47
2024-01-08 08:56:00,CNC-01,L,297.4189900725975,311.7338942170184,1542.2685556078754,48.073737332918185,67.40573842816613,2.24647692341305,13.668748427088909,57.958954860041686,0,2026-08-25 06:31:47
2024-01-08 18:37:00,CNC-01,L,306.96924538567947,314.0987990469159,2071.2271384868595,27.919278543321674,84.52421567558685,2.682180931998955,11.044288766574637,38.48245507298806,0,2026-08-25 06:31:47
2024-01-08 13:50:00,CNC-03,H,297.3804155263481,312.1396223850731,1439.417588567878,51.063618005175755,177.24275285621135,2.5580685861072845,13.485768308182603,60.42845967618045,0,2026-08-25 06:31:47
2024-01-08 02:42:00,CNC-03,H,297.6426508097165,311.10127659164914,2505.235857011843,23.31739240354005,184.14229074688666,3.4075695949954268,10.831952117651763,54.08283703067301,0,2026-08-25 06:31:47
2024-01-08 02:11:00,CNC-02,M,297.96228362212787,311.1399537423442,2641.7521157953065,21.663245872285145,153.84241892468148,3.5994504162353587,10.754627904476358,58.52554908331175,0,2026-08-25 06:31:47
2024-01-08 16:47:00,CNC-03,H,298.54212928331,313.2867532952882,1632.8782638453074,43.241354069652346,209.59191446976195,2.7669496822643125,12.968258441723533,53.14548700627092,0,2026-08-25 06:31:47
2024-01-08 18:31:00,CNC-01,L,306.8263434342114,313.6992613353214,2109.6636395578716,25.745556393703183,76.8001678028239,2.7686809917218485,10.162593393547136,35.20219143073894,0,2026-08-25 06:31:47
2024-01-08 05:35:00,CNC-02,M,295.977961101238,310.256285630188,2107.2581136668236,31.78276158976282,182.0539953628299,3.221202591564253,12.930303707908578,55.253129045287295,0,2026-08-25 06:31:47
2024-01-08 18:36:00,CNC-02,M,299.57048599796394,313.2417011769774,2001.3498567417769,32.300989711791914,30.047977551869096,2.6289575831904513,11.959041008570379,55.014886192823255,0,2026-08-25 06:31:47
2024-01-08 22:15:00,CNC-03,H,26.862854287852542,37.84282666515867,2656.257901940521,11.557902479546131,76.28031757945772,3.211905597760353,5.850810484013923,49.18178304452871,1,2026-08-25 06:31:47
2024-01-08 17:25:00,CNC-03,H,298.7398019958528,312.3694294593015,2023.429386893236,32.7787422334082,0.0,2.605146423651968,12.41216315687157,57.59360218789744,0,2026-08-25 06:31:47
2024-01-08 00:05:00,CNC-03,H,298.71308043873404,309.54351706750964,2685.8270792533085,10.604869687655034,13.511539625030617,3.2131469807113335,5.470212783941996,54.405337969363664,1,2026-08-25 06:31:47
2024-01-08 06:05:00,CNC-02,M,23.18407981636875,38.097580511792785,2116.333350076005,35.12376084252086,221.78677636518114,3.4204408382400686,14.00140889520285,62.82265071805513,0,2026-08-25 06:31:47
2024-01-08 08:22:00,CNC-02,M,296.1746751892933,311.3310850460654,1837.975781197771,41.22677452801737,181.04979397168634,2.9429978345852215,14.353133140834807,57.678963155252426,0,2026-08-25 06:31:47
2024-01-08 14:37:00,CNC-01,L,299.23855078762523,314.38500203354914,1567.3971154922683,49.70375085746798,169.64869629281432,2.6456098175972036,14.598007896638443,50.10000754123006,0,2026-08-25 06:31:47
2024-01-08 16:15:00,CNC-01,L,300.27726102008637,314.7501493733723,1676.4766373936468,45.37008622624538,94.59131416788092,2.358609011286607,14.437518272937062,48.64277880030394,0,2026-08-25 06:31:47
2024-01-08 19:37:00,CNC-03,H,299.81620774887034,313.4226004437919,2475.334918452492,24.290823639689503,170.30098708529877,3.3621232707869857,11.326275132392208,50.79094017159772,0,2026-08-25 06:31:47
2024-01-08 19:26:28,CNC-03,H,299.62798757902596,313.3859898941499,2239.2531704948456,28.438938024989778,155.76302793020807,3.006200870910594,12.059533005591359,50.22959995446551,0,2026-08-25 06:31:47
2024-01-08 18:56:00,CNC-01,L,307.1922255689087,315.57980329928057,2146.225725714077,33.369818645521015,108.91714953015743,2.877411910215298,13.359731778278789,37.86641313433409,0,2026-08-25 06:31:47
2024-01-08 13:48:00,CNC-03,H,297.3765309487255,312.384083082844,1489.5321178800623,50.64236947873089,174.07744602549099,2.408495551195549,14.15832756312681,59.314952011705444,0,2026-08-25 06:31:47
2024-01-08 22:39:00,CNC-02,M,26.237677212290293,38.317137638951976,2617.6924191649055,14.851898617171852,75.61054991210877,3.13323520977633,7.411607397520527,56.61353287443754,0,2026-08-25 06:31:47
2024-01-08 23:02:00,CNC-03,H,299.4684836241984,312.30062493660836,2536.7927404688958,20.072919943680347,127.01540954744026,3.1844886050038395,9.254601048531912,52.01295608455581,0,2026-08-25 06:31:47
2024-01-08 03:22:00,CNC-03,H,297.1905628395845,311.4175287919742,2490.5508938938115,25.31242149824125,229.86946095782852,37.60237195064007,11.693762583396529,54.937454559038684,0,2026-08-25 06:31:47
2024-01-08 04:34:00,CNC-01,L,297.8434402616481,312.0511353950241,2234.758829989718,30.372814586735444,147.57051160937704,3.1350923913116397,12.712972411697587,55.21363596981282,0,2026-08-25 06:31:47
2024-01-08 20:45:00,CNC-03,H,299.7767261832046,314.4538494275084,2412.9137146261105,28.055818187561403,251.11055720784813,4.010343655790705,12.671840513973324,52.55736601183124,0,2026-08-25 06:31:47
2024-01-08 13:00:00,CNC-01,L,298.6467289511962,312.04168981385095,1332.6394706287542,48.72949875303129,17.3646154102191,2.0723482485121174,12.328094691890776,50.24011511814036,0,2026-08-25 06:31:47
2024-01-08 16:25:00,CNC-03,H,298.60022029074975,313.30886830811033,1692.4569357147534,44.405945715472825,178.35145321407808,2.614712303730809,14.429665081956669,55.49506492154902,0,2026-08-25 06:31:47
2024-01-08 19:51:00,CNC-01,L,301.42566738245654,315.13200632432864,2547.1734668021677,23.33308276149524,177.19304161775514,3.632444382283567,11.00392968891314,46.2101864723403,0,2026-08-25 06:31:47
2024-01-08 02:44:00,CNC-02,M,297.7981818054007,311.2875050838552,2508.7538975830894,22.127132676112016,190.9190795914836,3.717250418976144,10.622592880056912,49.666156615020945,0,2026-08-25 06:31:47
2024-01-08 23:25:00,CNC-01,L,300.87666545558386,313.488164917179,2827.026013452307,16.019489037278422,197.80786228943964,4.107264444826647,8.215569288702639,48.23780274952876,0,2026-08-25 06:31:47
2024-01-08 07:52:00,CNC-01,L,297.8473577017046,312.5154166263869,1602.8518403785463,46.2876448494661,208.81131754091896,3.1026052511228857,13.955276483602573,57.58117925917177,0,2026-08-25 06:31:47
2024-01-08 05:15:00,CNC-03,H,302.1467219183212,310.3223339613373,2151.7566029251434,32.4738289454296,116.82448056125388,2.8651240681669483,13.027590002738135,,0,2026-08-25 06:31:47
2024-01-08 02:13:00,CNC-02,M,297.8757595076345,310.8699399745681,2630.233587497884,19.566059485303725,156.03185549955128,3.506363135856873,9.64515092118361,54.75962653404197,0,2026-08-25 06:31:47
2024-01-08 17:35:38,CNC-01,L,300.7837308522945,313.7947517395719,1944.0097714458902,29.713788977568584,2.682617316053932,2.5034884821190113,10.664758367913429,49.9374329398014,0,2026-08-25 06:31:47
2024-01-08 01:16:00,CNC-03,H,298.3978275809292,311.039851226218,2652.024801336788,19.295714284988506,89.5149198845252,3.2060766133982495,9.431870961128356,53.79059648156019,0,2026-08-25 06:31:47
2024-01-08 18:52:00,CNC-02,M,299.6484101360291,313.8153585463542,2137.5667803238325,31.11587510092435,50.60492241879694,2.646988143481772,12.513300552461786,52.484834466592964,0,2026-08-25 06:31:47
2024-01-08 02:51:00,CNC-03,H,297.4602229479656,310.2244789552646,2576.63722276717,18.84839535633454,194.15458607470964,3.592690326570725,8.898590386914158,57.7535242023827,0,2026-08-25 06:31:47
2024-01-08 02:56:00,CNC-01,L,298.15789555272687,310.77893132850454,2425.3875884371228,21.501416866432955,31.51423617116656,3.0012588255040584,9.48316518994701,55.716399997731564,0,2026-08-25 06:31:47
2024-01-08 18:57:00,CNC-01,L,306.75760817372174,314.35520511058326,2207.4598383051825,28.62519550291705,110.16652269227323,2.9282713647656218,11.719608854791906,39.53709630091405,0,2026-08-25 06:31:47
2024-01-08 15:12:00,CNC-03,H,298.0037084417589,312.47108350060245,1450.6720930114197,49.50406287041954,70.85676136799981,2.1246977247629677,13.63366018387519,59.99762879261967,0,2026-08-25 06:31:47
2024-01-08 13:37:00,CNC-03,H,297.40142329819855,312.1510855472749,1604.0777642044548,47.61090469435471,156.9155478017821,2.488970703145939,14.163598987121855,56.14483416609503,0,2026-08-25 06:31:47
2024-01-08 11:10:00,CNC-01,L,298.10613235328486,312.1544282332744,1384.7828349486351,52.38848380173698,46.0306346910791,2.0116818741770683,13.430929049773177,55.52218036472285,0,2026-08-25 06:31:47
2024-01-08 06:59:00,CNC-03,H,23.15727115664538,36.640558211512655,1873.354577942949,36.97790828865862,1.40760142940425,2.52232628484327,12.85250547463568,60.03581988596997,0,2026-08-25 06:31:47
2024-01-08 12:52:00,CNC-02,M,297.1822784022483,312.42205098617467,1421.9014082450437,52.54992359493681,176.1349293288863,2.534608384974833,13.803497137416501,57.167377084679224,0,2026-08-25 06:31:47
2024-01-08 13:09:00,CNC-02,M,297.1078538779585,311.9505995916794,1559.8818062094633,45.821536064886125,202.95126852886267,2.9622489698108803,13.339835920111767,55.792811978863064,0,2026-08-25 06:31:47
2024-01-08 15:29:00,CNC-01,L,299.72811268777025,313.6818598922397,1601.6823452915357,45.317546266117446,26.898232991779302,2.1158352992013385,13.408000633238316,50.54761470891232,0,2026-08-25 06:31:47
2024-01-08 19:34:00,CNC-03,H,299.6537991940943,314.0485385316971,2348.5165835404155,29.101610434857964,166.66320922641154,3.2335643760367607,12.800724866973445,55.830674711153,0,2026-08-25 06:31:47
2024-01-08 18:53:00,CNC-02,M,299.92733717303753,313.58982769865025,2135.077496652321,29.49246607109811,51.89340277636874,2.754735296673832,11.833174916531513,51.82182679447365,0,2026-08-25 06:31:47
2024-01-08 19:58:00,CNC-01,L,301.3467560267292,315.18440111036404,2272.7667599725755,25.325069114867038,185.59221239187315,3.388071466180852,10.637714194833425,46.63359793270898,0,2026-08-25 06:31:47
2024-01-08 18:35:00,CNC-03,H,299.37219302595076,311.9961982575285,2214.2139465759183,22.90302050497526,92.74115450845541,2.7842610400441408,9.535404680768163,57.337127874332054,0,2026-08-25 06:31:47
2024-01-08 08:20:00,CNC-03,H,296.0212318726842,310.2145617555937,1772.2406764567986,40.171392188089335,118.08731086091402,2.52523616120292,13.55739072209182,63.39445436911971,0,2026-08-25 06:31:47
2024-01-08 10:51:00,CNC-01,L,297.72037132071927,311.6046847960875,1338.6463615455482,52.30746016538693,15.745408790075219,2.0136530094881393,13.02222994588166,55.2985670700033,0,2026-08-25 06:31:47
2024-01-08 21:48:00,CNC-02,M,299.9092111204991,312.7492430020518,2559.936342965434,19.18660563245334,20.269098077623855,3.1246021400646184,9.199363084362854,48.37067014879863,0,2026-08-25 06:31:47
2024-01-08 17:50:00,CNC-02,M,299.537857999934,314.2219332232629,2001.049811028992,35.346365764705475,181.39925284893826,3.073404110901533,13.226522595922996,54.913692302778095,0,2026-08-25 06:31:47
2024-01-08 12:15:00,CNC-01,L,298.2404384857784,312.3255366537152,1408.0379798227,47.74816382991388,149.34278311394564,2.4238882325269984,12.561722697310204,57.199537767098,0,2026-08-25 06:31:47
2024-01-08 11:57:00,CNC-01,L,298.1640842835701,312.545002623547,1359.3723331724523,52.74299039275795,120.71568881353154,2.1791165408149427,13.289583003110739,51.70812766456052,0,2026-08-25 06:31:47
2024-01-08 12:34:00,CNC-02,M,297.08617851633494,311.1070101616747,1307.322658731113,50.10455009346143,147.62447070141684,2.291764700650496,12.1262886847738,58.87516514000598,0,2026-08-25 06:31:47
2024-01-08 02:40:00,CNC-03,H,297.70083758216623,311.3317519719418,2589.0905629025974,21.737655728030415,181.85731366167755,3.494430865829272,10.61922077043558,53.41914820363973,0,2026-08-25 06:31:47
2024-01-08 07:16:59,CNC-01,L,297.51637160037023,,1854.6608627641633,38.23020024599662,159.78483879704493,2.8358149288586674,13.141325966058785,57.42033305549886,0,2026-08-25 06:31:47
2024-01-08 10:20:00,CNC-03,H,296.4406126445812,311.27733603334616,1430.1452689437638,54.40656062382474,79.30943754119373,2.164309620990891,14.734225688783201,57.73664320035656,0,2026-08-25 06:31:47
2024-01-08 18:46:00,CNC-02,M,299.60177774264645,,2244.282931110729,27.043429712568877,42.887272977494376,2.7163923180742042,11.253223093361518,48.007009185257296,0,2026-08-25 06:31:47
2024-01-08 21:25:00,CNC-03,H,299.9953197374224,312.4709299682745,2632.368714350146,18.883363495379133,21.22410843302729,3.1776282510597236,9.276198968934489,50.45077858941794,0,2026-08-25 06:31:47
2024-01-08 17:15:00,CNC-02,M,299.1614152420524,314.1215345673973,1759.1737038514893,45.17468201302181,133.68682951915216,2.6914076800716478,14.86390648541577,52.266783205735706,0,2026-08-25 06:31:47
2024-01-08 06:08:00,CNC-02,M,23.30445000638605,38.208447973383045,2024.4173619033338,36.54505984189575,225.76447378696187,3.5826210288784437,13.979811322906667,,0,2026-08-25 06:31:47
2024-01-08 06:36:00,CNC-02,M,22.84844382386251,36.77834651709577,1866.1011899694033,37.160769300199775,29.813150582950296,2.46985863437053,13.168095863708556,60.55233789303097,0,2026-08-25 06:31:47
2024-01-08 14:29:00,CNC-03,H,297.71245254984274,311.8902748746851,1586.9748278493903,47.48762646883593,4.637755451770006,2.2017406239703132,14.016597524641153,50.94604371006878,0,2026-08-25 06:31:47
2024-01-08 12:44:00,CNC-01,L,298.81771899640705,313.96523208753683,1399.2372477281774,56.941962366307344,195.3968628429359,2.8173090183286824,14.781210574216203,49.40040394728965,1,2026-08-25 06:31:47
2024-01-08 17:48:00,CNC-02,M,299.0059333267061,314.0196354479124,1937.7823369778262,37.953786231968124,178.74009825613962,2.9242780812460545,13.635255453905414,55.598627399580835,0,2026-08-25 06:31:47
2024-01-08 22:52:00,CNC-03,H,26.80494271254514,39.30379324858109,2825.964035678023,16.107909075495353,116.28438485339424,3.3091301357069294,8.65924718625617,52.978201442876774,0,2026-08-25 06:31:47
2024-01-08 19:41:00,CNC-01,L,301.42580638204674,315.49690473947135,2204.0137246070963,28.97850209731218,165.01670019959715,3.227590702725129,11.951432745686041,48.26351283364088,0,2026-08-25 06:31:47
2024-01-08 12:05:00,CNC-01,L,298.10453966479605,313.2598371802645,1563.5979502722969,50.128817404516916,133.41830451594947,2.4703405604789577,14.618603260203516,57.92740277624358,0,2026-08-25 06:31:47
2024-01-08 14:27:00,CNC-01,L,299.20352255356283,313.89054074448364,1525.4540092854181,48.35272642060771,154.23850126557497,2.478571898568206,13.709061280155318,50.437996698914404,0,2026-08-25 06:31:47
2024-01-08 16:56:00,CNC-01,L,300.3133480765142,314.76618289400176,1848.09233011949,40.94076181552633,153.163073322365,2.859612267183789,14.415043953597378,50.72924223726029,0,2026-08-25 06:31:47
2024-01-08 19:48:00,CNC-02,M,299.79108304136463,313.5556303783246,2311.9499520546906,26.559534805088767,120.03910592019066,3.087929352674248,11.621770977401168,51.09901435439929,0,2026-08-25 06:31:47
2024-01-08 22:16:00,CNC-02,M,26.297735743754686,38.82629061557725,2617.7053062012246,17.713760384593577,50.89807841870263,3.1499870152431124,8.634473217540567,53.692316909329584,0,2026-08-25 06:31:47
2024-01-08 22:37:00,CNC-02,M,26.213155336543366,38.579174960542446,2665.0438981791076,15.721976567223143,73.47894466075994,3.225649371456172,7.673688974135992,51.476241955292984,0,2026-08-25 06:31:47
2024-01-08 16:54:00,CNC-01,L,300.52326108146025,314.8764072983376,1870.2977304170333,37.4355001625549,150.4312475033643,2.864703299011705,12.867256079901995,50.676267426293,0,2026-08-25 06:31:47
2024-01-08 22:36:00,CNC-03,H,26.676928716062378,39.635309369498316,2650.652384762815,20.985697007594858,99.04931999537042,3.2306076392577454,10.166956379343498,55.50799663683123,0,2026-08-25 06:31:47
2024-01-08 21:12:00,CNC-02,M,299.98594960678196,314.1801397992994,2681.6108219384355,22.549292560814436,217.5137515410238,4.136098331722685,11.410731034199157,52.65477456840649,0,2026-08-25 06:31:47
2024-01-08 20:10:00,CNC-02,M,299.746831897288,313.70497842325204,2490.152891015959,24.03429764810926,146.13935540907704,3.263099395251809,11.226857184071596,50.76725882855251,0,2026-08-25 06:31:47
2024-01-08 18:27:10,CNC-02,M,299.4352030132738,313.11633873732995,1962.3963163801982,33.78787060894379,18.337732110057292,2.535499236707978,12.390495901946425,49.39307217813111,0,2026-08-25 06:31:47
2024-01-08 17:26:19,CNC-03,H,298.81198554147414,311.78514941092266,1846.2162289242403,31.33169540350496,2.67766220538648,2.4545431593755493,10.794355867508223,49.90740782350083,0,2026-08-25 06:31:47
2024-01-08 09:52:00,CNC-03,H,296.2248796762641,310.0689737054264,1459.7801426856865,47.90980132030323,35.812685185724725,2.13845940858877,12.864286436627069,56.34364149792887,0,2026-08-25 06:31:47
2024-01-08 07:11:44,CNC-02,M,295.5948578012648,309.2965048424367,1902.4955526544761,34.06089063436688,78.42243183630318,2.4867026165387465,12.19405180906235,57.38427256603917,0,2026-08-25 06:31:47
2024-01-08 12:21:22,CNC-02,M,296.4086759188525,310.8951389165611,1400.5253634778412,51.16113144673576,127.03241905917292,2.15486822736978,13.526464703869289,58.90041614182584,0,2026-08-25 06:31:47
2024-01-08 19:32:00,CNC-03,H,299.4556162927716,312.93691114638403,2338.48982646209,24.67378326974742,164.21019357562182,3.101237218809078,10.73892764914618,54.41862233980054,0,2026-08-25 06:31:47
2024-01-08 02:28:00,CNC-02,M,298.2721591479986,311.7637587256855,2419.3008446465733,23.148211593860143,172.77269343669215,3.489203341809808,10.497995602104014,50.76998031075997,0,2026-08-25 06:31:47
2024-01-08 05:07:00,CNC-02,M,296.5375353441177,311.1790870645119,2232.899983811419,31.240180065611366,146.0576567714641,3.1231452601597436,13.195523903607778,51.929818743258835,0,2026-08-25 06:31:47
2024-01-08 12:36:00,CNC-03,H,296.96306645640084,311.5883622304213,1562.0252628638275,50.394142106977796,60.42693016209495,2.1731616419883113,14.600445340589172,56.0621968010513,0,2026-08-25 06:31:47
2024-01-08 03:03:00,CNC-03,H,297.3415651914939,310.8914383447954,2535.9332778701505,21.735670285788903,207.76352677978645,3.7891071233563203,10.436036884148644,54.72252644579954,0,2026-08-25 06:31:47
2024-01-08 02:38:00,CNC-03,H,297.6679190803235,311.11149316692547,2559.4965545163473,21.215390237552967,179.65012857528967,3.379694496834783,10.230070435645708,56.59790233603535,0,2026-08-25 06:31:47
2024-01-08 08:09:00,CNC-02,M,295.5112618614905,310.4009314003297,1621.0818412943952,45.821769104840044,161.82845066048452,2.546881391913227,,59.849483879506735,0,2026-08-25 06:31:47
2024-01-08 19:07:00,CNC-02,M,299.6754001775277,313.07280535076507,2235.173328017244,26.858570100634775,69.46529890622888,2.835431787352755,10.751450254611356,53.262220557215116,0,2026-08-25 06:31:47
2024-01-08 04:11:00,CNC-01,L,297.72615305628153,310.7439129440441,2443.4779653309624,21.84334243086871,119.62891061045079,3.150415323408475,9.94017372571306,55.34821881463329,0,2026-08-25 06:31:47
2024-01-08 16:24:00,CNC-02,M,298.3690183571549,311.96228162354487,1589.6631817433176,41.41089443777325,61.37470721237402,2.2546236356481817,12.114683103652697,56.053642611892364,0,2026-08-25 06:31:47
2024-01-08 01:57:00,CNC-01,L,298.1689933319888,310.99673605290786,2564.1167616066577,19.23946052224625,156.09305950434367,3.4824853712599326,9.236525286579054,56.977973745662794,0,2026-08-25 06:31:47
2024-01-08 19:57:00,CNC-03,H,299.64062300030514,313.6149724863837,2398.667304138013,26.97500108279509,194.44751316999094,3.3833328922565165,12.099298992733745,52.33111977715164,0,2026-08-25 06:31:47
2024-01-08 19:43:00,CNC-02,M,299.8769866045706,314.10239822905925,2253.057503524004,30.906526602048064,113.92844004843447,2.955957244178202,13.227802645259537,50.662430647627545,0,2026-08-25 06:31:47
2024-01-08 18:41:00,CNC-01,L,306.8644804277031,315.5631700030669,2161.328125611163,35.73468102607368,89.72187060981494,2.808833409503091,14.348540767761277,40.635896860577546,0,2026-08-25 06:31:47
2024-01-08 02:35:00,CNC-03,H,297.9236493228403,311.70413148220075,2508.13890101142,23.170879774490114,176.32728219385868,3.4517095597201863,11.10194640891563,57.264086469942974,0,2026-08-25 06:31:47
2024-01-08 03:07:00,CNC-01,L,297.98285116609276,311.2224825425704,2411.0640932718056,26.26803450363487,44.19368784220662,2.9670189943312066,11.860619640088414,55.225567937019065,0,2026-08-25 06:31:47
2024-01-08 07:34:00,CNC-01,L,297.45974367477083,312.0766020299758,1847.3535538406254,38.713302236700216,182.8424938792615,2.982227910332966,13.456527711204558,54.56648556714229,0,2026-08-25 06:31:47
2024-01-08 12:45:00,CNC-02,M,296.8657686944645,311.6620714726814,1386.4211114282805,53.00160363170826,165.02970782375186,2.4401972949810298,13.65269416865879,54.56656921097466,0,2026-08-25 06:31:47
2024-01-08 07:10:00,CNC-03,H,295.76508267227234,308.63643039065,1968.8579874574841,28.271736680219206,16.809438180825595,2.595366323901219,10.42606341160934,60.29898292587957,0,2026-08-25 06:31:47
2024-01-08 23:06:00,CNC-03,H,299.6105885997335,312.23390042493935,2568.0877748597613,19.622743745381968,131.3897288012971,32.330287687263045,9.204031930303186,56.766795376398626,0,2026-08-25 06:31:47
2024-01-08 08:39:00,CNC-03,H,296.21335184005903,310.81379295209376,1794.6894478122067,41.15288670451233,146.4961268197097,2.652221200748641,13.719418555411394,58.945632949961244,0,2026-08-25 06:31:47
2024-01-08 15:31:11,CNC-03,H,298.2363692571973,0.0,1593.341773835518,42.542135436517626,99.32296105734838,2.3011478814393826,12.61637505038669,60.52393846015002,0,2026-08-25 06:31:47
2024-01-08 13:33:00,CNC-01,L,299.1469608281635,313.1521187990405,1451.6640241480013,49.612985297370436,69.76357773706853,2.1894569482333615,13.399042766210593,56.2198400152961,0,2026-08-25 06:31:47
2024-01-08 08:30:00,CNC-02,M,296.1991370722889,310.8717474291304,1593.3484396889437,43.70318444941227,193.06253522385822,2.7613882753751766,13.004239681412223,58.0182997100196,0,2026-08-25 06:31:47
2024-01-08 19:06:00,CNC-01,L,306.8784226254127,315.6618409798714,2192.9786576995575,34.91085152783837,121.50589683348713,3.045039602572157,14.38138370045184,42.96389917056134,0,2026-08-25 06:31:47
2024-01-08 20:13:00,CNC-01,L,301.40786618521093,314.82218387510216,2397.2876998635707,23.226236406240382,203.50816671322116,3.634961858620911,10.66042626091832,52.10733615472725,0,2026-08-25 06:31:47
2024-01-08 18:30:00,CNC-03,H,299.3702631466544,313.4706416508683,2158.0355921350583,31.88171034902901,86.35437914480862,2.819217192034554,12.916575586572495,52.82565353311008,0,2026-08-25 06:31:47
2024-01-08 07:22:00,CNC-03,H,296.34237418377086,310.76192205412434,1806.6569750038034,42.28454399239667,33.8801223308705,2.435899825504506,14.21839574532169,52.947015251945416,0,2026-08-25 06:31:47
2024-01-08 11:59:00,CNC-01,L,298.26997869518374,312.8028526004559,1365.5375564544097,53.13566786969311,123.91362410522348,2.1563989816259634,13.313546446097765,53.92716475517943,0,2026-08-25 06:31:47
2024-01-08 14:27:00,CNC-02,M,303.04583644977,311.0905484497638,1357.4938272643521,48.993552341113215,99.92178451644995,2.07811726317671,12.590203642784571,47.64964765181263,1,2026-08-25 06:31:47
2024-01-08 21:28:00,CNC-02,M,299.5042531614252,313.4697892055328,2524.2764307637785,21.945320807378014,235.58802178356433,4.021194499106166,10.253170368203001,49.066143011441774,0,2026-08-25 06:31:47
2024-01-08 00:03:00,CNC-01,L,298.8502190553914,310.96106303010237,2696.418045709637,16.726053464603904,34.4132083714276,3.226352086706971,8.210337330323554,52.95528246615161,0,2026-08-25 06:31:47
2024-01-08 14:53:18,CNC-02,M,303.45340398917676,311.63978700317915,1523.3277157216487,43.26633098389088,138.56462547069108,2.346478104004089,12.075705846385953,44.28573903304683,0,2026-08-25 06:31:47
2024-01-08 15:32:00,CNC-03,H,298.3625093878541,311.9162241196747,1714.0354890886633,37.082211234903724,100.77352141247242,2.4081555949410713,12.013598576896898,52.35600242931805,0,2026-08-25 06:31:47
2024-01-08 14:39:00,CNC-02,M,302.9714113118386,311.24204498011926,1416.0449918547317,47.76040232632753,118.56969949041718,2.2565124545084947,12.801876208499598,47.15347385318322,0,2026-08-25 06:31:47
2024-01-08 20:32:00,CNC-03,H,299.8155925911291,313.5761881857948,2401.198157897999,24.32499744184663,235.74688806683758,3.849424715196233,10.789889444441918,52.60831950640079,0,2026-08-25 06:31:47
2024-01-08 20:12:00,CNC-02,M,300.30232434524197,314.1920308137304,2375.729213559184,24.92759612397903,148.48840222777946,3.1995123466311455,11.109599042196498,48.701479185886775,0,2026-08-25 06:31:47
2024-01-08 01:15:00,CNC-03,H,298.44910938944105,311.6137985774518,2707.7713547208596,21.44665132900841,88.43237868819722,3.205016756557162,11.011378424795252,58.9042897759608,0,2026-08-25 06:31:47
2024-01-08 11:38:00,CNC-02,M,296.83799716480667,311.2996643326543,1380.7504102991247,54.34864125301347,58.76102313832688,2.0251723542204787,14.209940087634608,,0,2026-08-25 06:31:47
2024-01-08 23:24:00,CNC-02,M,299.19961306744113,312.25627347336325,2755.139267292693,16.481468114900327,123.79685605039059,3.5109459955198887,8.271420539019202,55.842315884441014,0,2026-08-25 06:31:47
2024-01-08 02:50:00,CNC-03,H,297.5217301603547,311.81210535760766,2569.3967925020374,25.681196109846667,193.0569560323671,3.556121754667129,12.334174389371215,57.64459965929993,0,2026-08-25 06:31:47
2024-01-08 17:58:00,CNC-03,H,299.26047035628795,312.8343064043241,2066.3766463854804,30.841008059756067,44.5119645103004,2.7373274262912592,11.86344626691623,53.80401637258567,0,2026-08-25 06:31:47
2024-01-08 06:27:00,CNC-02,M,22.815154011696393,36.43229187797135,1956.3476951577586,34.77563307096524,17.47981733127584,2.560208133065797,12.744819294300626,60.22457216018253,0,2026-08-25 06:31:47
2024-01-08 10:32:00,CNC-03,H,296.25431079502886,310.2976450501845,1531.5202465454788,45.28075117236463,98.1816086531758,,13.331602714558123,63.36115610538305,0,2026-08-25 06:31:47
2024-01-08 11:08:00,CNC-01,L,297.9445880424822,311.8555227604872,1361.3958098247526,51.324744924026504,42.85500477276129,2.093835012780886,13.250238667328167,53.622322807525165,0,2026-08-25 06:31:47
2024-01-08 20:20:00,CNC-03,H,299.7303950655539,314.07345921472364,2353.817679455255,28.97473040072556,221.7390740270387,3.66237541174029,12.59373316526151,48.432698717026526,0,2026-08-25 06:31:47
2024-01-08 19:24:34,CNC-02,M,299.7903208131456,313.5460891978378,2234.984675201021,26.404765161134456,91.84714629895818,27.61848996686535,11.002220302799467,52.96935167818118,0,2026-08-25 06:31:47
2024-01-08 12:52:00,CNC-01,L,298.5626900722733,312.26852095068824,1395.017411072988,48.40128707792084,4.687393136000567,2.1344205450268245,12.55833211288483,54.40401825826906,0,2026-08-25 06:31:47
2024-01-08 23:58:00,CNC-02,M,298.8901146473245,312.14223751946525,2633.818615207432,18.91631556960419,159.96888886926794,3.663752635066386,9.211697586027592,53.77920748896287,0,2026-08-25 06:31:47
2024-01-08 20:14:00,CNC-03,H,299.7163048778554,314.5767553291931,2407.408495214564,29.794515434801404,214.6158023546252,3.7528295134449703,13.506393781041156,52.5821331711353,0,2026-08-25 06:31:47
2024-01-08 16:56:00,CNC-02,M,298.7541340691656,313.1941849975991,1859.0878738497431,38.88171889147847,107.07646073475154,2.6300836024020566,13.575865035515271,51.4275766683354,0,2026-08-25 06:31:47
2024-01-08 17:43:00,CNC-02,M,299.2077964609153,314.08021779809826,1984.1818788171033,35.857459129641654,171.93745625821302,3.009232565376432,13.305518235591132,54.40011967775299,0,2026-08-25 06:31:47
2024-01-08 08:45:00,CNC-03,H,296.1324415998124,309.9721782064778,1340.7560149350381,49.44188123139862,155.6354724545766,2.1979551416314247,12.378713556925334,60.26367529015446,0,2026-08-25 06:31:47
2024-01-08 10:32:00,CNC-02,M,295.90078904690455,310.38476489031154,1393.703332890166,49.69995795913289,176.27308244422207,2.474619182175454,12.726156271144234,59.17684066957389,0,2026-08-25 06:31:47
2024-01-08 13:47:00,CNC-02,M,297.56453542064276,311.62042593672595,1335.5843392863856,50.482627314076254,37.8370273468333,1.988713603063328,12.52723878344457,59.5975648417513,0,2026-08-25 06:31:47
2024-01-08 22:47:00,CNC-03,H,26.360164909415744,38.642651323980544,2622.4349824835376,17.225815602735526,110.92979067412317,31.379764339763422,8.614532578002235,55.65643250063016,0,2026-08-25 06:31:47
2024-01-08 02:31:00,CNC-01,L,298.12349475818775,310.4350376025798,2451.0567152554054,21.197442458215107,3.462954843873142,3.1453401982836273,9.553803100899575,53.08955189065785,0,2026-08-25 06:31:47
2024-01-08 05:05:00,CNC-01,L,297.7397137590069,311.55257025628987,2178.194788434884,29.59208186866831,186.36864150845622,33.63711345381887,11.977490973897016,55.4445586019922,0,2026-08-25 06:31:47
2024-01-08 13:30:00,CNC-01,L,298.9547500075072,312.8118643028568,1456.9157937623813,45.96499946155308,65.05052863985375,2.252877975531854,12.663343060599209,53.90830556947596,0,2026-08-25 06:31:47
2024-01-08 05:59:00,CNC-03,H,302.0569864834642,310.4904415458633,1920.5407502834344,36.974814717071304,173.9834519966724,2.961912608617862,13.357497654266497,52.15464079628295,0,2026-08-25 06:31:47
2024-01-08 13:11:00,CNC-01,L,298.81736993429695,312.1296325376342,1359.6943548102593,47.26141765078417,34.908415722549705,2.152993373726756,12.173838072322075,47.887422919022185,0,2026-08-25 06:31:47
2024-01-08 16:03:00,CNC-01,L,300.14126522551396,314.38299535838354,1798.860908457745,39.94310407863042,77.30354259462842,2.4810990750851563,13.518027161614855,53.40989514526867,0,2026-08-25 06:31:47
2024-01-08 02:36:00,CNC-01,L,298.1302057955902,310.4810508209387,2628.10251174938,19.75760784791424,8.969923872936324,3.225883027175911,9.36115810264594,54.43972329988258,0,2026-08-25 06:31:47
2024-01-08 20:51:00,CNC-02,M,299.7342608420537,313.7376393150511,2504.863363168338,24.51819396149733,193.70764338750405,3.655371464361804,11.495611514672168,,0,2026-08-25 06:31:47
2024-01-08 11:55:00,CNC-03,H,297.05054920164736,311.8274809631606,1321.2684347231348,55.55671910158241,229.7850650198253,2.799151201086174,13.700042241440688,61.439012704911804,0,2026-08-25 06:31:47
2024-01-08 13:45:00,CNC-01,L,299.28652649841507,313.35076752435276,1331.4740609074604,52.49304082945733,88.79723246864171,2.193790064514247,13.069765413399573,50.77519832772739,0,2026-08-25 06:31:47
2024-01-08 17:58:00,CNC-02,M,299.336831799256,314.25407429328703,2036.443574995468,37.414159552504955,192.1417059398882,3.242786972942971,14.382602797882395,56.58594822616148,0,2026-08-25 06:31:47
2024-01-08 16:29:00,CNC-03,H,0.0,313.7632517633742,1989.6900245919844,40.069152721774536,183.99272731380273,2.968832383236737,14.792796006361183,54.7204112017271,0,2026-08-25 06:31:47
2024-01-08 17:39:00,CNC-03,H,298.8988435743106,312.29576816145783,2020.0956379473268,31.473036224032395,18.95757380819124,25.228519590736678,11.95749352008118,48.89565141929903,0,2026-08-25 06:31:47
2024-01-08 16:13:00,CNC-03,H,298.61842448052283,313.2022968678793,1693.9517690226846,44.0493302014306,161.07420240422724,2.4690290048330334,13.884478231448997,47.513669160579646,0,2026-08-25 06:31:47
2024-01-08 19:40:00,CNC-01,L,301.14835699438913,315.5204771068881,2181.656194601784,31.692392827409588,163.76155101455115,3.140021116935311,12.94915394188339,46.0107985858438,0,2026-08-25 06:31:47
2024-01-08 19:54:00,CNC-01,L,301.42989536600527,315.81511338703154,2369.181693936765,28.62822010703862,180.85845590280735,3.5154420836434053,12.752764820328286,49.10575553313297,0,2026-08-25 06:31:47
2024-01-08 17:24:00,CNC-01,L,300.5410585581905,315.1259440854887,1841.451665268916,39.26824750221882,191.58057675099093,3.144888243018901,13.816236451361096,48.89489920540437,0,2026-08-25 06:31:47
2024-01-08 05:22:00,CNC-02,M,296.386568034267,310.9225561133444,2180.998286206161,32.90509854304478,165.2168628683666,3.1570917743847042,13.269458075386257,60.81499415595424,0,2026-08-25 06:31:47
2024-01-08 21:21:00,CNC-01,L,301.2355088112008,313.4022444011914,2668.331842373149,17.56258363717101,62.95053289704896,3.242212535345387,9.143253423890695,46.377738523538916,0,2026-08-25 06:31:47
2024-01-08 11:39:00,CNC-02,M,296.561871830908,310.8304667729248,1437.1619986136564,49.318758932573964,60.336971695757725,2.0323490198343106,13.072576243818148,57.81429646990499,0,2026-08-25 06:31:47
2024-01-08 16:17:00,CNC-02,M,298.3703362762985,312.32298280166344,1733.1349215941957,39.17723312198093,51.32770409764516,2.429011638121673,12.576699853599099,52.96779677924084,0,2026-08-25 06:31:47
2024-01-08 05:12:00,CNC-02,M,296.8825829146755,311.8503225644601,2263.2787665085034,33.806256209551904,152.4860486657724,3.186608157183209,14.453353495555762,54.82305444985581,0,2026-08-25 06:31:47
2024-01-08 07:06:00,CNC-01,L,24.608239624149405,38.5389934747123,1908.3331823680785,34.83521913028114,142.84333758619456,2.7548169556890962,12.567045461204795,53.09149969373219,0,2026-08-25 06:31:47
2024-01-08 17:44:47,CNC-02,M,299.1256671831995,314.05554832940794,2014.3782326231446,36.04650433884411,176.04738451731725,29.603863311001497,13.65019261919192,55.51976149152456,0,2026-08-25 06:31:47
2024-01-08 21:55:00,CNC-01,L,28.08761685688762,40.51819250004223,2712.965674209629,16.982052861879275,100.94456757842539,3.369923846019167,8.591663743361988,49.57756520901983,0,2026-08-25 06:31:47
2024-01-08 06:13:00,CNC-01,L,24.779256898023164,38.812781173450276,2060.2988838855167,33.95676916027116,69.71475601122108,2.515352069227463,12.835736225314596,61.03813128724247,0,2026-08-25 06:31:47
2024-01-08 04:56:00,CNC-03,H,301.99895675413916,309.63818558334975,2095.188540835809,30.380757657978666,92.57810687255792,2.821097090094982,12.171653794692503,50.813953707673996,0,2026-08-25 06:31:47
2024-01-08 06:27:00,CNC-01,L,24.385591050343066,38.45498838520723,1834.627193393455,37.79746936456577,88.81208939618114,2.6447736489179596,12.928162766362636,60.2261005613773,0,2026-08-25 06:31:47
2024-01-08 03:31:00,CNC-02,M,297.27631918496485,310.7482340714636,2376.151538601243,27.572050762925024,29.03967464540361,3.010236824639497,11.945805314741355,51.676306999830075,0,2026-08-25 06:31:47
2024-01-08 14:56:00,CNC-03,H,297.6720246960212,311.81823418011595,1486.5102578067576,49.245305134406685,46.3990233287696,2.10587397366388,13.55481681964092,57.73972802223731,0,2026-08-25 06:31:47
2024-01-08 21:27:00,CNC-02,M,299.7365794416977,313.2323867359936,2541.0404186167616,20.4391945301217,234.46480705750207,4.08130644796054,9.709826094645358,52.36404904771367,0,2026-08-25 06:31:47
2024-01-08 07:39:00,CNC-01,L,297.4013367645816,311.7059264855953,1711.08802794451,40.333420823218134,190.0811615230114,3.009961826558136,12.837019811635072,53.08175535093511,0,2026-08-25 06:31:47
2024-01-08 04:17:30,CNC-01,L,297.6745895434525,311.3493295842982,2248.195285037572,28.471141154748185,129.31794810069482,2.973755932188179,12.323323182768545,55.922421330308964,0,2026-08-25 06:31:47
2024-01-08 05:17:00,CNC-02,M,296.5828135313886,310.6110316552733,2213.0161757175833,29.72128207884981,158.79758774996526,3.1295403997047666,12.413696469053493,56.844888325267945,0,2026-08-25 06:31:47
2024-01-08 01:44:00,CNC-01,L,298.4429160695343,310.7338808809462,2749.867139661519,15.884405165964129,141.88720605545439,3.653556528318476,8.047731392316653,58.7754164679538,0,2026-08-25 06:31:47
2024-01-08 00:41:00,CNC-03,H,298.70189281591865,310.8496465924564,2588.8720677989904,17.06631670826747,51.952830301405115,3.177635089021512,8.289301052972906,51.371457150405234,0,2026-08-25 06:31:47
2024-01-08 11:44:00,CNC-01,L,298.1069550839453,312.78365468979797,1429.2266148241736,54.956088277891475,100.12779988097537,2.2359458774648813,14.812360542290222,53.885343188382315,0,2026-08-25 06:31:47
2024-01-08 17:44:00,CNC-01,L,300.72109488432073,313.9217601148761,1901.5089952829294,32.445108999030055,14.857666419226222,2.539386927010924,11.399653819121028,47.82684352614489,0,2026-08-25 06:31:47
2024-01-08 14:06:00,CNC-03,H,297.41838386652853,312.3825978141038,1492.3422193683325,50.15592441073538,202.23200227482374,2.6714062909631147,14.15374634607582,56.286699313758575,0,2026-08-25 06:31:47
2024-01-08 23:18:00,CNC-01,L,300.7948621550645,313.31683372154816,2681.4521271469443,17.422458101316337,190.40303626065324,3.9181440147818307,8.722711285724964,48.919739092542386,0,2026-08-25 06:31:47
2024-01-08 16:27:00,CNC-01,L,300.12146938907586,314.41646257074535,1671.01870027134,42.62397807521569,111.92399171787591,2.4544739903499964,13.528102694270586,49.63171680966344,0,2026-08-25 06:31:47
2024-01-08 18:30:00,CNC-01,L,306.87255700947014,,2109.164809434771,27.79661029964992,75.53519193663156,27.658035014075303,11.078520956980181,0.0,0,2026-08-25 06:31:47
2024-01-08 20:21:00,CNC-03,H,299.6642932136379,313.03212719448686,2404.630954254867,21.600583923362276,222.87657491027073,3.728579591820368,9.797231859007583,53.899652475237424,0,2026-08-25 06:31:47
2024-01-08 23:47:00,CNC-01,L,300.2543693454488,311.19451836491766,2717.775124532188,11.34682919193327,4.2724507733704495,3.3263919942912357,5.624907509551066,53.027364410392344,1,2026-08-25 06:31:47
2024-01-08 12:13:00,CNC-02,M,296.38144593022815,310.5232922894171,,51.58368532660066,114.34409579283054,2.0513768541612913,12.5671419097463,57.90405852678301,0,2026-08-25 06:31:47
2024-01-08 12:49:00,CNC-01,L,298.73130491630855,312.4681746399674,1453.4125564416593,47.26105242291035,0.0,2.0528258510098465,12.784765373260432,53.393227864177014,0,2026-08-25 06:31:47
2024-01-08 13:23:00,CNC-02,M,297.1339042142086,310.9747044866657,1366.0214084021275,50.119711436594045,0.0,2.1179276607432036,12.66695924720057,55.49677842804065,0,2026-08-25 06:31:47
2024-01-08 20:41:00,CNC-01,L,301.252567187998,313.28826917555523,2499.4225742708227,18.210929309841507,17.460025725052525,3.0295029827092614,8.355569162176714,50.39672014909807,0,2026-08-25 06:31:47
2024-01-08 07:45:59,CNC-01,L,297.57144422470117,312.4351316439617,1768.2584999641836,41.78075957765733,198.6665840146272,3.0777135984439496,13.69583760147716,57.59805205062744,0,2026-08-25 06:31:47
2024-01-08 23:26:00,CNC-02,M,299.4501658689671,,2618.647645057617,17.676630476583995,125.94234967079568,3.3358369242774937,8.821768805242314,52.96193347452209,0,2026-08-25 06:31:47
2024-01-08 04:22:00,CNC-02,M,296.77750377467896,309.53085156893746,2223.6583553820296,23.51797819143498,89.99516722527655,2.771073198894905,9.5013577979769,60.79293176748808,0,2026-08-25 06:31:47
2024-01-08 02:22:00,CNC-01,L,298.14267502276056,310.8991608144072,2516.8828947837424,19.569274215985686,183.96549975717292,3.703131002212677,9.233181913568346,51.978562592745234,0,2026-08-25 06:31:47
2024-01-08 10:18:00,CNC-02,M,295.83117656892546,310.9633527087731,1476.202627537446,53.93919163493959,154.19101048615138,2.3786122977127313,14.801390990708828,56.67774160523151,0,2026-08-25 06:31:47
2024-01-08 04:25:10,CNC-02,M,296.71338646554057,310.3550471902127,2294.110027985036,27.921925258398065,93.68645394988386,2.974756339072776,11.898860004091643,57.776410204691445,0,2026-08-25 06:31:47
2024-01-08 21:19:00,CNC-01,L,300.9437200603835,313.07208637617157,2552.5740755512866,19.05961835434454,60.761041759047615,3.158828850658562,8.932238988564194,47.76095584364687,0,2026-08-25 06:31:47
2024-01-08 12:30:00,CNC-02,M,296.9678281182196,310.8674387808722,1235.773190429805,50.88940580995961,141.3080175839879,2.148923341178072,11.92459157839067,57.570233844774855,0,2026-08-25 06:31:47
2024-01-08 07:15:00,CNC-03,H,296.19188335971734,310.30218375771796,1866.7753972160792,39.971051350861394,23.950408451693043,2.627116466809452,14.156702169690305,54.26603662974963,0,2026-08-25 06:31:47
2024-01-08 05:38:43,CNC-02,M,296.2850598177661,310.78639215737024,2189.5580385926014,32.04257316453932,187.33014193457052,3.2802635600756638,12.979462153885105,58.467940954814736,0,2026-08-25 06:31:47
2024-01-08 04:23:00,CNC-03,H,296.37926171755504,309.54254112254176,2266.3733869843263,26.822081213148717,51.86510082616245,28.856804419441733,11.421570339809723,58.52121743407915,0,2026-08-25 06:31:47
2024-01-08 23:50:00,CNC-03,H,299.40706452874304,312.1223013854464,2748.082081634765,17.022261649114228,178.07563886902352,3.685194781488668,8.51249438133902,49.84703127077771,0,2026-08-25 06:31:47
2024-01-08 21:00:00,CNC-02,M,299.7450109323272,314.3529796573009,2562.7202728293705,25.660068145833858,204.07593058215355,3.7678322344132993,12.355174380587945,51.62181334349411,0,2026-08-25 06:31:47
2024-01-08 00:49:00,CNC-02,M,298.5175797288251,310.26453186753326,2813.752895369871,15.719055288294651,64.93764979622556,32.42840294849838,8.494724468416145,51.370455625316524,0,2026-08-25 06:31:47
2024-01-08 20:21:00,CNC-01,L,301.4193200594232,315.1028058404339,2600.7381550357063,22.567433595005717,212.7853964958676,4.107245482510997,11.018899482312982,45.73997723382387,0,2026-08-25 06:31:47
2024-01-08 04:09:00,CNC-01,L,297.5435871022156,311.06896172375843,2252.2261542575984,27.628135977724167,117.26953009985726,3.0976985026325914,11.59890927233103,62.88608788327998,0,2026-08-25 06:31:47
2024-01-08 05:21:00,CNC-01,L,297.61579229526404,,2208.580075858056,30.354041567013468,1.2824692334929375,2.8055411981256038,12.450718355994788,52.28097738061216,0,2026-08-25 06:31:47
2024-01-08 22:49:00,CNC-01,L,27.398669693645218,40.09220014121439,2602.6936064017946,18.59626159138535,159.27634022396853,3.5821096166943382,9.316304145168672,52.549753437139,0,2026-08-25 06:31:47
2024-01-08 08:06:00,CNC-02,M,295.9405058381529,310.88908738730527,1773.285002070342,,157.4734182117377,2.6926786776728266,14.193283875776489,58.486433033337015,0,2026-08-25 06:31:47
2024-01-08 06:31:00,CNC-01,L,24.515106585760748,38.5182372766991,1935.495306573848,35.9752761909566,94.29827435826599,2.662233744377841,13.156826610964343,54.5008779977224,0,2026-08-25 06:31:47
2024-01-08 18:39:00,CNC-03,H,299.54600495895323,313.2255461246005,2071.8114249764762,31.81045210567759,97.86894878690848,2.7744246962669994,12.397536576870493,54.338908018230136,0,2026-08-25 06:31:47
2024-01-08 21:46:00,CNC-01,L,301.04513191548716,314.2048842992,2609.1389124186385,21.30459551536225,90.89181374682016,3.2352433313169238,10.551487251122678,50.37714623122674,0,2026-08-25 06:31:47
2024-01-08 16:07:00,CNC-01,L,300.08691984877055,314.2679169157556,1809.7167723996192,,83.0371129385142,2.4201001156146926,12.99074867149344,54.43113016937956,0,2026-08-25 06:31:47
2024-01-08 19:04:00,CNC-03,H,299.575972896974,314.1441124615353,2133.0803589866664,34.81763175674687,129.6205020556048,2.7943593963750137,13.727217647073536,53.04989176293754,0,2026-08-25 06:31:47
2024-01-08 06:18:00,CNC-01,L,24.56226195057451,38.973262573735894,2129.8121964174343,34.95028476346543,76.5450522520789,2.8192307954421914,14.026165632553745,57.464852060242386,0,2026-08-25 06:31:47
2024-01-08 23:19:00,CNC-03,H,299.97157903940996,311.8000652807362,71217.74502220016,12.67612563297444,145.10231281379973,3.4495041699843476,6.778575230786636,49.86336613239583,0,2026-08-25 06:31:47
2024-01-08 18:08:00,CNC-02,M,299.5854119897143,314.1988380616094,2073.6886639835207,33.400022669795874,205.27724180367156,3.493236461657072,12.76009234440787,51.06076232835165,0,2026-08-25 06:31:47
2024-01-08 10:26:00,CNC-03,H,296.41109521627646,311.06949220808633,1554.015500083435,49.09783053597526,88.73735689222396,2.2724119719085802,14.300011000920984,55.81260347708164,0,2026-08-25 06:31:47
2024-01-08 05:36:00,CNC-02,M,296.24174901503113,310.621219770299,1976.6550499191396,33.42922267946721,183.40059893038722,3.1095603559864045,12.101900843009304,59.02079533542126,0,2026-08-25 06:31:47
2024-01-08 10:27:00,CNC-03,H,296.4281648726865,310.94405937193454,1406.2497799471162,52.17581282904934,90.31476928135059,2.166443459567491,13.684508974143572,60.04524317448571,0,2026-08-25 06:31:47
2024-01-08 09:54:00,CNC-03,H,296.2478504855719,310.1085095161676,1415.8507363251836,49.43665034105108,38.94225343605953,2.0500483264526825,12.968128780184982,60.52402193507403,0,2026-08-25 06:31:47
2024-01-08 14:26:00,CNC-03,H,297.8732012623085,311.57619584806656,1514.6086092987086,44.78502469327491,0.0,2.2306394374558125,12.757319622847456,58.136213013897596,0,2026-08-25 06:31:47
2024-01-08 13:12:00,CNC-03,H,297.1503125576045,311.73893164235494,1394.4528703452695,53.45537935889172,117.50745590132469,2.1543503193325853,14.05321078712876,57.381229507507285,0,2026-08-25 06:31:47
2024-01-08 08:08:00,CNC-01,L,297.64542315379634,312.95453454735156,1682.3058343681025,45.89199507440638,232.3786002314757,3.5758347355456164,14.37126325412161,56.53164562619467,0,2026-08-25 06:31:47
2024-01-08 02:57:00,CNC-01,L,298.1066931764712,311.1196434107502,2446.2874224856505,23.269663156626947,32.67137408192042,3.0741807200035463,10.742974581464306,57.54864887020868,0,2026-08-25 06:31:47
2024-01-08 16:10:00,CNC-03,H,298.5454629952456,313.33231934341785,1720.02920632374,44.29695618381679,156.69228616124974,2.621587729890498,,53.39928510616133,0,2026-08-25 06:31:47
2024-01-08 17:23:00,CNC-03,H,298.5638753114704,313.91566282269065,1981.7414866748263,39.43973064982028,259.55157282578506,,14.466462345181242,53.04313562875643,0,2026-08-25 06:31:47
2024-01-08 15:32:00,CNC-01,L,299.8911009672734,314.0714971531971,1625.0120819501851,45.46175954171163,31.348142331298256,21.290439422394392,13.619324487441416,49.27966947580068,0,2026-08-25 06:31:47
2024-01-08 09:39:00,CNC-03,H,296.52372988105225,310.16501503960365,1425.1636825949524,49.386467826489096,15.519278675306651,2.1240629427594766,13.200490850658982,56.20087269926264,0,2026-08-25 06:31:47
2024-01-08 08:00:04,CNC-02,M,295.82049715042535,310.73179477769395,1816.5361436344044,43.368658858452534,150.1523793991162,2.679776017359426,14.7528298792697,64.6584964729125,0,2026-08-25 06:31:47
2024-01-08 14:36:00,CNC-01,L,299.26861868527726,313.82881307113,1445.0576592173784,51.92979988646713,168.12495566741867,2.6012712674103917,14.208662146799126,54.671514386331914,0,2026-08-25 06:31:47
2024-01-08 04:59:00,CNC-02,M,296.4739023457227,310.32914975601557,2257.2718141510804,28.285235577100572,135.85843805460973,3.013326739458585,11.91470290616729,60.406158094545674,0,2026-08-25 06:31:47
2024-01-08 15:15:00,CNC-01,L,299.52748314133,313.57436267150405,1730.1075036634597,41.06996926456196,5.9615636739006534,2.3226864805435996,13.698507571269756,53.549351390534916,0,2026-08-25 06:31:47
2024-01-08 12:29:00,CNC-03,H,296.8620335154815,310.82640153024374,1350.4299836723078,51.78332057094551,49.30454454351434,2.066961100307226,13.055235694722855,56.6902722723165,0,2026-08-25 06:31:47
2024-01-08 14:53:00,CNC-01,L,299.62733667819913,314.29896257366136,1584.4764617054961,45.75867878183442,193.70450233359273,2.96610238068141,13.265207729045198,47.517385437613605,0,2026-08-25 06:31:47
2024-01-08 12:37:00,CNC-03,H,296.99414548963966,310.6510453631711,1434.134058278281,47.72980546016666,61.99996208846885,2.154793732638406,12.762598539238954,55.25719305952366,0,2026-08-25 06:31:47
2024-01-08 01:24:00,CNC-02,M,298.64902358411246,311.4766438553864,2667.4297659699455,19.493197475386722,102.37746680180254,3.275248031242691,9.575561099580414,50.30038455761047,0,2026-08-25 06:31:47
2024-01-08 02:17:00,CNC-02,M,298.13684899138406,311.14825573100455,2648.5598087696317,18.75478410000066,160.4130553276642,3.4995882724778493,9.612605749796002,58.60879916332946,0,2026-08-25 06:31:47
2024-01-08 18:28:00,CNC-03,H,299.40127107250373,312.64029003353056,2149.5941092130906,28.577750963870834,83.75646356861785,2.79329837800693,11.465342480906262,51.79126220208951,0,2026-08-25 06:31:47
2024-01-08 12:26:00,CNC-02,M,296.92599599896073,312.1249490335349,1443.9842063173094,54.06887718072576,135.0324190591729,2.2201675487196724,14.769928428964743,55.08952312772404,0,2026-08-25 06:31:47
2024-01-08 14:16:00,CNC-01,L,299.42491687737555,313.66482728288236,1478.828014744548,47.720237035131916,137.18128411682554,2.4142004598173803,13.204307000117039,53.976729864610974,0,2026-08-25 06:31:47
2024-01-08 19:36:00,CNC-03,H,299.6601466971109,313.28284986306005,2214.304654322237,26.379076672069328,169.12654625623642,3.0913074940362124,10.699503943864002,50.632142399535724,0,2026-08-25 06:31:47
2024-01-08 12:21:00,CNC-01,L,298.21593870447947,313.10423136709124,1409.1137912970653,54.58983259340962,158.87292715471543,2.415162070531248,14.232126026926203,53.55713494560177,0,2026-08-25 06:31:47
2024-01-08 17:44:00,CNC-02,M,299.1379238701922,314.4260450986857,1849.2359759036012,41.77514655068462,173.34103937481737,27.949319350870475,14.524268639412727,53.96921582647708,0,2026-08-25 06:31:47
2024-01-08 16:02:00,CNC-03,H,298.3692525646058,312.78782416306905,1551.3516632427459,44.79273561837817,145.05441562592569,2.3998461602717627,13.11153354360717,54.48052127912582,0,2026-08-25 06:31:47
2024-01-08 13:53:00,CNC-03,H,297.26977234916535,312.3331445945004,1462.8995881299375,53.27529943772226,181.97772424343293,2.4869774313333406,14.611329901494956,53.64381294661145,0,2026-08-25 06:31:47
2024-01-08 00:46:00,CNC-01,L,298.3733442512109,310.03257623489577,2641.817395624946,14.017474557474985,79.97174938005782,,6.903756926264971,60.124356889338,0,2026-08-25 06:31:47
2024-01-08 18:34:00,CNC-02,M,299.57650582057266,312.71294106455804,2223.0961450095992,25.656605986079942,27.41326145818842,2.7312201620705263,10.784476706675104,49.19748704106675,0,2026-08-25 06:31:47
2024-01-08 06:31:00,CNC-03,H,28.829679579629726,37.25345631898995,1950.802663473618,34.696348100649146,217.2608436268869,3.281862653503548,12.581672882079447,46.946803891010006,0,2026-08-25 06:31:47
2024-01-08 01:35:00,CNC-01,L,298.4609985052685,310.5725147446146,2771.5863069702023,14.53299879200112,132.14805586826301,3.5170569249880037,7.394486144236086,55.03970062782921,0,2026-08-25 06:31:47
2024-01-08 16:48:00,CNC-03,H,298.8606415031657,314.72573465035407,1862.7000431898575,46.35891300406424,,3.1169502602282995,16.056640862715557,52.49649337499151,1,2026-08-25 06:31:47
2024-01-08 21:19:00,CNC-03,H,299.9318783897758,312.2529243118921,2545.7795130149234,20.318545764442863,14.507269881869396,3.124303413582251,10.06344736034889,55.067796116004764,0,2026-08-25 06:31:47
2024-01-08 12:47:00,CNC-03,H,296.9886232700791,311.35762695780335,1355.5963893705516,54.023361364903145,77.952793385235,2.039971968409298,13.862040944666024,57.43851238190434,0,2026-08-25 06:31:47
2024-01-08 07:16:00,CNC-02,M,295.73569690593405,310.42512472528665,1874.9272154851728,40.993907024577624,85.59009680155326,2.476567925910541,14.317186967325435,54.322999779896456,0,2026-08-25 06:31:47
2024-01-08 05:05:00,CNC-03,H,301.8736940133821,309.1946747912915,2262.0854612326725,27.38949614282395,104.04844358770829,2.9201863165142097,11.177831521986496,51.03667924454279,0,2026-08-25 06:31:47
2024-01-08 12:00:00,CNC-03,H,296.6451147715695,309.9534955044658,1320.5292862788006,49.10948233329525,3.2,,12.141454747195962,54.25652180174182,0,2026-08-25 06:31:47
2024-01-08 22:02:00,CNC-02,M,26.13983830886025,39.58591426767731,2547.842923863158,23.469542870389372,35.61736426713419,3.0953735960026503,11.267814175508565,51.28153460742802,0,2026-08-25 06:31:47
2024-01-08 10:40:00,CNC-03,H,296.3410453582028,310.5167923535071,1380.0232671111837,50.150995000242965,110.69580419493424,2.0687583297143894,13.175552931025509,55.34767871546985,0,2026-08-25 06:31:47
2024-01-08 14:35:00,CNC-01,L,299.41828716551987,314.36313653020295,1501.077524896889,52.2202341490179,166.5784283696945,2.610187198032531,14.645056839146443,49.74969725790452,0,2026-08-25 06:31:47
2024-01-08 14:24:00,CNC-01,L,299.09960600394845,313.7302439743602,1489.4293381568154,49.0067275114936,149.55058131728782,2.331657721771818,13.8411058943726,54.82383167702954,0,2026-08-25 06:31:47
2024-01-08 21:46:00,CNC-02,M,299.7874736892395,312.5757381558485,2492.6675709112783,21.212646064631237,18.013025976853935,3.1006021356207794,9.99540052974238,49.71585922615329,0,2026-08-25 06:31:47
2024-01-08 04:49:00,CNC-02,M,296.5731811863654,310.6631307045496,2280.778519040996,29.124454616604407,123.28854633596946,31.13215613036077,12.303286815551257,58.97377746143349,0,2026-08-25 06:31:47
2024-01-08 06:56:00,CNC-03,H,23.176629973394995,38.64938151305353,1952.6333071910212,39.425665473270385,251.92110538283572,3.5921116123078063,14.389756020711078,55.16834938491231,0,2026-08-25 06:31:47
2024-01-08 20:25:05,CNC-02,M,299.8999314483676,314.04602814601907,2409.441760722472,26.358047870490346,163.79997365474023,3.3782314384073286,11.962639576058685,54.072172364295206,0,2026-08-25 06:31:47
2024-01-08 21:14:00,CNC-01,L,301.08334773612677,313.76445858718546,2477.2941927021343,21.11789389334237,55.24511931163905,3.0836299868943016,9.851957328163643,49.17042201777418,0,2026-08-25 06:31:47
2024-01-08 06:48:00,CNC-01,L,24.622579427637277,38.92429782258233,1880.2374700434482,941.8971817967468,117.81152982267851,2.6154521673048765,13.122126665819533,56.011147324802145,0,2026-08-25 06:31:47
2024-01-08 03:30:00,CNC-01,L,297.6190175021988,310.09128814180326,2492.922193258008,20.262935219755256,70.81035993992718,3.1053097620942123,9.62580281896968,57.50619597762716,0,2026-08-25 06:31:47
2024-01-08 18:13:00,CNC-02,M,299.5678820854045,312.70753033338065,2078.5960813851043,28.69363871290702,0.0,2.6957822873506725,11.295809768033012,51.06258692808061,0,2026-08-25 06:31:47
2024-01-08 19:01:00,CNC-03,H,299.46113968201166,313.8776424846988,2244.204569502102,30.92346139354173,125.86212398317274,2.9255920704121348,13.113625678298046,53.78147950163432,0,2026-08-25 06:31:47
2024-01-08 14:35:00,CNC-02,M,303.03675005275727,312.0828266211254,1444.5851207289418,55.04748778729654,112.30738991815495,2.244468173690793,14.967466339409839,42.898555807986014,0,2026-08-25 06:31:47
2024-01-08 21:13:00,CNC-01,L,301.17764012148314,313.7377760748079,2530.9269450656775,20.99203180904424,54.09451230559174,3.1152546092393543,10.010190490838166,48.852414917837415,0,2026-08-25 06:31:47
2024-01-08 02:07:00,CNC-02,M,298.0361068278473,311.5003510480884,2639.755086922372,22.2216974351305,149.44169023876287,3.323940860463719,11.269057206160193,54.91221207849067,0,2026-08-25 06:31:47
2024-01-08 12:10:00,CNC-02,M,296.7583238536716,310.84805439058476,1383.5255724357235,49.59462958620121,109.56674120159849,2.0265304438587894,13.051660521066955,60.314853654755986,0,2026-08-25 06:31:47
2024-01-08 20:17:00,CNC-01,L,301.40882324757644,314.6492015588438,2505.0040255063013,20.82402605734167,208.19164375017218,3.9447537203061365,9.749043689002278,52.80785082982965,0,2026-08-25 06:31:47
2024-01-08 06:58:00,CNC-01,L,24.47978271761218,39.339216104210834,2032.670588205413,39.157122932473904,131.72225014938508,2.8971967833071215,14.941075987303112,57.143689628050225,0,2026-08-25 06:31:47
2024-01-08 20:16:00,CNC-02,M,299.6052604920861,313.63888744633596,2527.7650493405827,24.446907592078027,153.16731256251128,3.3602739024235473,11.602014070777662,53.157184881391366,0,2026-08-25 06:31:47
2024-01-08 05:50:00,CNC-03,H,302.0169850189368,310.23563176864786,49102.4085098959,35.95580319979799,162.12824381267174,2.7858318625810266,12.692062513362458,44.771308308494895,0,2026-08-25 06:31:47
2024-01-08 02:29:00,CNC-02,M,297.8561818541436,311.21637225484494,2683.580086413636,20.256510539018628,173.87081765142437,3.6794358012800252,10.232920801734927,55.15981551978723,0,2026-08-25 06:31:47
2024-01-08 02:07:00,CNC-01,L,298.22178021702655,311.61703750664674,2534.3742853341128,22.730775882605677,167.1419268874498,3.5879374464316234,10.727437930183385,51.477002116629464,0,2026-08-25 06:31:47
2024-01-08 14:31:00,CNC-03,H,297.87128392898353,311.73304250405215,1468.4824914478356,47.97185366402003,7.753534753237609,2.112636017828017,13.076794570921118,53.184009807614665,0,2026-08-25 06:31:47
2024-01-08 12:46:00,CNC-03,H,297.05960475011796,311.2311858184304,1428.9066560588635,50.00976862139643,76.352793385235,2.0606991103628376,13.489651130019856,54.80211965505494,0,2026-08-25 06:31:47
2024-01-08 11:01:00,CNC-02,M,296.2546388621008,310.15142727765794,1455.8767520434994,47.27936908343057,0.0,2.1089752150177286,12.849571861622662,56.44907802536447,0,2026-08-25 06:31:47
2024-01-08 18:12:00,CNC-01,L,301.3640933991681,315.09473979743075,2135.6463781707716,31.69911314520661,51.96840081385588,2.6638769193161758,12.653090129752318,51.06811214576901,0,2026-08-25 06:31:47
2024-01-08 07:11:00,CNC-03,H,296.42390233858504,309.66501615143494,1846.279011238691,35.315774172634214,18.221779661728018,2.443775636416659,12.368590646980099,56.141887552696375,0,2026-08-25 06:31:47
2024-01-08 23:44:00,CNC-03,H,299.67012933671265,311.9753272001386,2818.4540825819986,15.232607888775917,171.72078824663535,3.740423332440394,8.126244518121089,52.39410569009279,0,2026-08-25 06:31:47
2024-01-08 05:45:00,CNC-03,H,301.8767938394518,310.3870295413786,1986.4186487614702,35.28643538148241,155.51140522244333,2.8148717447790403,12.78286454689721,46.81661390290889,0,2026-08-25 06:31:47
2024-01-08 08:42:00,CNC-02,M,296.04816391932485,309.908866641479,1618.5692870779922,43.95950618490514,5.867857986392655,2.119818019947571,13.48256635697108,63.3548651125938,0,2026-08-25 06:31:47
2024-01-08 18:09:00,CNC-01,L,301.3015846552648,315.3833884460425,2023.941879971009,35.941661745579275,48.08535863941314,2.644013691399274,13.45987539008691,50.99906094691811,0,2026-08-25 06:31:47
2024-01-08 01:59:00,CNC-03,H,298.0299763428101,310.7793850445887,2727.637230901541,17.42026408397509,136.57084732242268,3.3687962701363237,9.0468631919679,54.81253988022545,0,2026-08-25 06:31:47
2024-01-08 00:21:00,CNC-01,L,298.714813912235,310.08670390869855,2636.178042418679,13.064128732733698,53.43954656990287,3.098841318888272,6.678301516225469,50.10218346056086,0,2026-08-25 06:31:47
2024-01-08 19:41:00,CNC-02,M,299.7211901713344,313.09978863197534,2414.9308394516634,23.28932023249486,111.44444738126673,3.182546660638216,10.72752172450018,55.15997539886126,0,2026-08-25 06:31:47
2024-01-08 23:34:00,CNC-02,M,299.49354182854637,312.8096459056938,2830.7984288104185,18.60740667039492,134.4769039911745,3.482379966405965,9.906919418305284,53.529081286455764,0,2026-08-25 06:31:47
2024-01-08 04:22:00,CNC-01,L,298.0093032811124,312.00955426101393,2286.215051120247,29.37927333304701,132.92962630503047,3.1064879623042243,448.9202801426759,51.607622017483735,0,2026-08-25 06:31:47
2024-01-08 01:22:00,CNC-02,M,298.41181594577534,311.2956442566085,2684.7599059390327,19.398521370424977,100.20452188588717,3.3762445785495157,9.687665598667886,56.06198120783792,0,2026-08-25 06:31:47
2024-01-08 04:58:00,CNC-03,H,301.80293079118195,309.5244345013008,2138.6546094930495,29.430293594202055,95.11785898144485,2.750622600702255,11.9389335060947,48.94913785709256,0,2026-08-25 06:31:47
2024-01-08 22:08:00,CNC-01,L,27.946103325451247,40.23681890581025,2709.0259344674323,16.492221545339234,114.8506425849273,3.469577664179834,8.59837444241881,48.80921552356944,0,2026-08-25 06:31:47
2024-01-08 17:19:00,CNC-02,M,298.8574819189405,313.8113075378185,1928.202308802694,39.07007012376305,139.2173490538959,27.482043290845564,13.987035970239363,51.758307274646626,0,2026-08-25 06:31:47
2024-01-08 03:27:00,CNC-02,M,297.1779068784864,309.1005512844903,2469.404135238339,18.448216287023083,24.358667125726523,3.0095824168812078,8.453463421628388,60.76579247272513,0,2026-08-25 06:31:47
2024-01-08 16:58:00,CNC-01,L,300.4063613187014,315.44160751387375,1864.8642787579251,40.4333423793704,155.9728171413094,2.7643505938921167,14.112444007430819,47.197137792613155,0,2026-08-25 06:31:47
2024-01-08 20:25:00,CNC-03,H,299.71446073547156,313.80068054797505,2381.8479520806445,26.381659295452256,227.50735369376514,3.795213628000505,11.676556770068505,52.54944888167407,0,2026-08-25 06:31:47
2024-01-08 12:22:00,CNC-01,L,298.3971441624249,312.90526134061486,1442.5089289990492,48.49136404488808,160.47292715471542,2.4884888427077274,13.137544506905902,52.52543394254206,0,2026-08-25 06:31:47
2024-01-08 12:37:00,CNC-02,M,297.1322614274988,311.4176024661477,1315.2673345719602,50.73958486833289,152.38859052938736,2.262863814170305,12.483089569385553,56.07172906161659,0,2026-08-25 06:31:47
2024-01-08 00:20:00,CNC-03,H,299.06934241665186,310.39597312807314,2690.3516243709582,13.2742111508307,29.455393034704542,3.3025944156376714,6.7598509730322,52.86110283696448,0,2026-08-25 06:31:47
2024-01-08 18:44:00,CNC-02,M,299.6878825881197,313.25640448873736,2215.867082278278,28.674336347929362,40.40656441914806,2.6096797917862524,11.616487668080234,47.573815263747235,0,2026-08-25 06:31:47
2024-01-08 13:46:26,CNC-03,H,297.34602532095977,312.38929861922304,1616.168381890694,48.66521520773784,169.38841805419273,2.564717773009777,14.763819805256476,57.302195617441505,0,2026-08-25 06:31:47
2024-01-08 23:27:06,CNC-03,H,299.74514706458655,313.3862811704784,2842.625157413675,20.423487269046745,152.67783362322947,3.569908247204496,11.225442832057245,50.05148073562593,0,2026-08-25 06:31:47
2024-01-08 07:32:00,CNC-01,L,297.3556877964531,311.8463652050756,1538.1167069335763,46.43259294322239,179.9853972854463,2.720074574704246,13.4543371610317,55.30306451080901,0,2026-08-25 06:31:47
2024-01-08 22:02:00,CNC-01,L,27.93251254266147,40.211895852103225,2615.4579436190625,17.064062649777288,108.45372952333295,3.3312525121109027,8.204272083921593,54.323331633945195,0,2026-08-25 06:31:47
2024-01-08 09:40:00,CNC-02,M,296.08660795977255,310.2386013470082,1415.0983137480257,48.32128104043942,94.76694471804704,2.2049326819078896,12.528187357837508,57.26380050732758,0,2026-08-25 06:31:47
2024-01-08 14:23:00,CNC-01,L,299.46203989304433,313.89496722359166,1429.3854817976744,49.91149726738611,148.01794657629807,2.323528784041199,13.613190560341343,53.179711793418214,0,2026-08-25 06:31:47
2024-01-08 16:26:00,CNC-02,M,298.6611405466518,312.57321930485375,1758.4050382666862,39.29715126718008,64.30556770473315,2.4357229176842936,12.979451420341023,54.16544742289112,0,2026-08-25 06:31:47
2024-01-08 20:03:00,CNC-03,H,299.67742131468356,314.1952014948741,2451.1330923680603,28.434686041002273,201.53526695002782,3.614182403732418,12.965217125094998,50.26313699219155,0,2026-08-25 06:31:47
2024-01-08 13:47:00,CNC-03,H,297.4569440042252,312.4591461198644,1668.4819104340384,47.10461431856163,172.50206365669786,26.778015596645577,14.71540741711099,53.21338034794889,0,2026-08-25 06:31:47
2024-01-08 18:04:00,CNC-03,H,299.0984668528976,313.41418268870825,,38.55178153907176,52.47303535699196,2.486146598693215,14.013245965733976,51.08272941940781,0,2026-08-25 06:31:47
2024-01-08 01:00:00,CNC-01,L,298.592140345051,311.44921177715514,2785.2185113646483,18.547321233686475,94.85611791292389,3.332189705033974,9.736632228752361,50.25146774013066,0,2026-08-25 06:31:47
2024-01-08 00:57:00,CNC-03,H,298.4207599853904,310.60176618369866,2477.754868591496,18.208603229443963,69.12658716271942,3.0398745839418835,8.27024203487654,54.91096666172782,0,2026-08-25 06:31:47
2024-01-08 02:32:00,CNC-03,H,297.81629128336493,311.7377479678331,2581.821999192264,24.679295247573574,172.96037879069243,3.512513647194509,12.103656587138968,53.92498096056037,0,2026-08-25 06:31:47
2024-01-08 22:26:00,CNC-03,H,26.77271196354758,38.4198091869298,2606.1156878393554,14.136606722946922,88.25538942276727,3.191694524789329,6.683294759753951,49.73163388920315,0,2026-08-25 06:31:47
2024-01-08 17:13:00,CNC-02,M,298.8410442359313,314.0063342682499,1767.3458162654713,44.230903876458356,130.90310946413533,2.601839872349981,14.836359938456953,52.81947094101231,0,2026-08-25 06:31:47
2024-01-08 06:04:00,CNC-01,L,24.6359949003849,38.56843442384297,2068.2331040029185,33.81282726622836,57.67956285639288,2.6561675047646816,13.120883283165282,54.41404796057179,0,2026-08-25 06:31:47
2024-01-08 23:05:00,CNC-01,L,301.0166371252067,314.3737822433485,2750.956555450257,20.226504411814,176.41084878189315,3.7587497178449776,10.309601807297149,53.919186677763825,0,2026-08-25 06:31:47
2024-01-08 11:50:00,CNC-03,H,296.85178639149274,311.50975666190624,1344.0063474260678,52.02467897791749,221.84412340283836,26.75403559133132,13.128404308063251,58.18709097015991,0,2026-08-25 06:31:47
2024-01-08 02:00:00,CNC-01,L,298.1067250288604,310.5859193723774,2542.321486422711,18.453516844789764,159.41528276382348,3.548597527629381,8.908782653011885,54.54686755121025,0,2026-08-25 06:31:47
2024-01-08 22:18:00,CNC-02,M,26.394497121739846,38.625486939889925,2683.188921420228,15.99198945184543,53.083860852454976,3.223498500130852,8.332846990887237,52.6889872839644,0,2026-08-25 06:31:47
2024-01-08 02:27:00,CNC-01,L,297.92244249829116,311.69943584577317,2499.4065509661323,23.953546437006533,189.5434339047173,3.724353966930908,11.203715246440384,55.29948881407049,0,2026-08-25 06:31:47
2024-01-08 04:44:00,CNC-02,M,296.7987834807846,311.1681356786939,2262.6667799786537,31.659058039206442,117.02650280555548,2.9179592673775354,13.410262561837818,55.09772634104804,0,2026-08-25 06:31:47
2024-01-08 05:40:00,CNC-01,L,297.6970435319309,311.5318962632707,2069.0105929252622,32.479082960874976,25.941560214452334,2.5821687202368033,12.563363208397554,54.96543355215037,0,2026-08-25 06:31:47
2024-01-08 14:09:00,CNC-03,H,297.5848348226606,312.2963183726901,1533.581855594089,47.131830106964074,206.74995166393416,2.709031978048428,13.446934580638235,53.39475587459764,0,2026-08-25 06:31:47
2024-01-08 18:18:00,CNC-02,M,299.7909782776327,313.9520565655604,2041.9946014478678,35.92495149480305,6.550447410660416,2.6612352729486233,13.794466083465851,51.28473912391146,0,2026-08-25 06:31:47
2024-01-08 18:23:00,CNC-02,M,299.71471105009437,313.6074691781247,2107.284408271543,32.25398118768744,13.122854045100304,2.653053915445114,12.560840534617794,49.28127100874859,0,2026-08-25 06:31:47
2024-01-08 00:29:00,CNC-03,H,298.9220110152576,310.4272408571035,2682.725407451475,14.801243001083707,39.16367573171042,3.3280509233670585,7.462336329268795,53.181460755867974,0,2026-08-25 06:31:47
2024-01-08 03:03:00,CNC-02,M,297.4973509236941,311.9498402888242,2549.1853355760986,26.324923362542343,212.77724901301124,3.8175412252009866,12.220986918566576,55.256743503332956,0,2026-08-25 06:31:47
2024-01-08 11:33:00,CNC-02,M,296.3338027888286,310.6548166001705,1313.4233020612908,54.44351139850024,50.8725172509781,2.096544127712611,13.278367949807638,54.57126886456146,0,2026-08-25 06:31:47
2024-01-08 21:33:00,CNC-02,M,299.69332163478134,311.10502645726507,2642.9075909833887,13.309850531235298,3.3478873822668227,3.2118294939788563,6.3535051135412,53.18230646973426,0,2026-08-25 06:31:47
2024-01-08 19:50:00,CNC-02,M,299.9962317661948,313.5290117613336,2309.2842733142393,25.279844848591317,122.43838938967494,3.0458167994232457,11.158347769012904,54.040782009965575,0,2026-08-25 06:31:47
2024-01-08 20:46:00,CNC-03,H,299.6525303841906,313.446644409106,2591.3072185517094,22.034201670009534,252.2430119019796,4.166386634788379,10.5523478325228,54.644374812995885,0,2026-08-25 06:31:47
2024-01-08 08:43:00,CNC-02,M,295.8601179593473,309.22515025163136,1621.7877850788814,40.27932570505951,7.361591005244512,2.206698524035942,12.20276633370285,61.513641944994326,0,2026-08-25 06:31:47
2024-01-08 21:44:00,CNC-02,M,299.8011304304438,311.0131138982893,2627.9152002553396,10.960186028724767,15.794761329734852,3.1699859522160545,5.387723931207075,48.497832223411294,1,2026-08-25 06:31:47
2024-01-08 08:02:00,CNC-02,M,295.88150597564925,311.09741625378877,1703.5685984670656,46.30971656836351,151.6229703612595,2.699453557369422,14.787702664739456,57.087429056583325,0,2026-08-25 06:31:47
2024-01-08 01:31:00,CNC-03,H,298.2265103062471,312.23068175476794,2671.365108525441,25.22187457667718,105.78298515845178,3.343196623996819,12.574840289941166,54.59416587156769,0,2026-08-25 06:31:47
2024-01-08 10:23:00,CNC-02,M,296.0589148568266,310.82961098762644,1441.8142129332684,50.57967390140379,162.06814025806275,2.416208127516838,13.752780095109872,53.223940931834655,0,2026-08-25 06:31:47
2024-01-08 14:39:00,CNC-03,H,297.74693660022245,312.26472304374045,1573.161811091113,49.20975165985559,20.077164153639412,2.3175361363759275,14.374102386212405,55.312113824347854,0,2026-08-25 06:31:47
2024-01-08 05:06:00,CNC-01,L,298.0616674559397,311.76621623891725,2169.7469323305286,28.12242841347895,187.65061154467904,3.4545625367857555,11.5169548488662,54.342320239115,0,2026-08-25 06:31:47
2024-01-08 18:25:00,CNC-01,L,301.30498893603874,315.0457389916504,2140.103073678473,30.281054233014405,69.05038906091949,2.8147530155604366,12.247279720492866,49.59337567035572,0,2026-08-25 06:31:47
2024-01-08 11:10:00,CNC-02,M,296.5406821945166,310.73176134962046,1432.6305077776776,49.810603491651925,14.337464305223305,2.034673794431761,13.218998015564154,56.75402387086707,0,2026-08-25 06:31:47
2024-01-08 07:12:00,CNC-03,H,295.81301902528435,309.5942837111334,1943.781134841714,36.08208157347367,19.63896333512359,2.5229489909184557,13.012788232298949,59.549100857006486,0,2026-08-25 06:31:47
2024-01-08 00:02:00,CNC-03,H,298.7559328963224,310.5018764738433,2689.0318551628607,15.070561915705637,10.3525757425089,3.164906536962195,7.752815907064831,50.23279035471229,0,2026-08-25 06:31:47
2024-01-08 06:39:00,CNC-03,H,22.95104940630506,37.92181693466807,1835.884144550868,40.45394494301857,228.22866748739088,3.3145672321147233,14.049398158396539,60.00616892904129,0,2026-08-25 06:31:47
2024-01-08 22:45:00,CNC-01,L,27.91561304102754,39.73088886536823,2735.736051495823,11.968378342822609,154.97972197110525,3.551046974069257,6.177346172298064,47.53494677942966,1,2026-08-25 06:31:47
2024-01-08 03:06:00,CNC-02,M,297.18103362856544,309.31613837104885,2441.161256308912,20.125353020062736,0.0,2.9674438197596666,9.039364555663896,58.14688350758634,0,2026-08-25 06:31:47
2024-01-08 15:07:00,CNC-02,M,303.450994990683,312.3265750275619,1671.7136259167394,44.350799683042574,161.37879349587945,2.684073915330444,13.959791303249855,44.55100306919769,0,2026-08-25 06:31:47
2024-01-08 10:30:00,CNC-01,L,297.8542240780307,312.8069927032296,1306.2920292461113,55.631861340196416,213.13496428717764,2.970101074749946,13.631685116899511,54.46569308695069,1,2026-08-25 06:31:47
2024-01-08 14:17:00,CNC-02,M,297.4036839887338,311.6809010188731,1450.143046362896,48.16615847571334,84.3924567404528,21.85292044555424,13.08614151343062,55.37711398434547,0,2026-08-25 06:31:47
2024-01-08 05:57:00,CNC-01,L,298.03825072689136,311.91186546574045,1926.1608384940278,35.42803830437859,48.3388203347256,2.4677666338747453,12.94808754415405,57.31321627969139,0,2026-08-25 06:31:47
2024-01-08 08:20:15,CNC-01,L,297.2921876361562,310.9894299679935,1710.9696230793293,41.35104786487922,13.330479770611761,23.26796859436683,13.266334617946894,55.00378169448764,0,2026-08-25 06:31:47
