ts,machine_id,type,air_temp_k,process_temp_k,rot_speed_rpm,torque_nm,tool_wear_min,vibration_mms,current_a,humidity_pct,machine_failure,collected_at
2024-01-10 01:54:00,CNC-01,L,297.9614379924217,310.60890984029,2621.8051123086107,17.792721121293354,163.06206999161452,3.636683339295611,8.7359823086929,57.09646178462262,0,2026-08-25 06:31:48
2024-01-10 08:54:00,CNC-01,L,296.2124289504404,310.1008591122018,1408.5913426312216,49.358187694367444,55.26615227151816,2.0240299798758667,13.20289921598873,61.77541827366496,0,2026-08-25 06:31:48
2024-01-10 02:27:00,CNC-02,M,297.4016032197741,312.1273065094634,2556.109922617266,28.119322291915623,214.47419158914755,3.827504917074379,13.476083132434523,52.95624069603471,0,2026-08-25 06:31:48
2024-01-10 13:10:00,CNC-02,M,296.26634077170473,311.5707317034868,1355.0390774728723,56.584830805870354,212.40983373119946,2.8129938704397452,14.370532568630965,56.934997567208136,1,2026-08-25 06:31:48
2024-01-10 21:13:00,CNC-01,L,26.798388461019044,39.94559077601417,2379.2350260436683,21.779023218114876,212.46575094601104,3.844023895099826,9.76800566010322,56.86733602259036,0,2026-08-25 06:31:48
2024-01-10 21:40:00,CNC-02,M,298.54697069645505,312.78292037450683,2551.0782883342663,25.331097154602233,142.8904662423967,3.258991818508796,12.036919297532004,55.104884094638,0,2026-08-25 06:31:48
2024-01-10 11:44:00,CNC-02,M,301.8511379203181,310.41730588739114,1438.095863780402,52.60954396268275,75.92593010266926,2.069309051309373,14.406314565242395,46.1338859152056,0,2026-08-25 06:31:48
2024-01-10 12:42:00,CNC-01,L,296.7752284569887,311.56958844929574,1414.8022814301844,52.404144214416654,190.5033728924609,2.7635855312919455,13.985297038501422,53.499154456488995,0,2026-08-25 06:31:48
2024-01-10 14:53:00,CNC-01,L,297.95701872500456,312.57730548794694,1342.8809121934573,54.226079055207904,181.24812915828943,2.55185198852854,13.547109110797845,56.782686516125054,0,2026-08-25 06:31:48
2024-01-10 09:24:00,CNC-03,H,296.2093612041588,309.9306919447223,1483.8412248981945,46.737740292384174,3.064530539882942,2.1068100034898922,13.004305917225494,58.33644435778057,0,2026-08-25 06:31:48
2024-01-10 14:02:00,CNC-03,H,298.335031857738,312.8088074177358,1416.0918385256891,50.54072218565553,0.0,2.2789981999927433,13.200352226975268,52.71527216918024,0,2026-08-25 06:31:48
2024-01-10 00:03:00,CNC-03,H,299.0253869890327,310.8572487047881,2649.58489800762,15.816252515387951,11.606387171580428,3.1866084304768014,8.007253897923883,54.666291530630836,0,2026-08-25 06:31:48
2024-01-10 04:50:00,CNC-02,M,296.751281065769,310.8767663425363,2286.345816117857,28.750396341629358,157.85930574474853,3.1315238839558917,12.294883647303807,55.35398620607792,0,2026-08-25 06:31:48
2024-01-10 14:46:00,CNC-03,H,298.7002144481638,313.67599487716836,1449.9155714791157,52.05243890138203,235.44502048116388,2.9488882644693226,14.10070852561424,56.184382702078636,0,2026-08-25 06:31:48
2024-01-10 23:45:00,CNC-02,M,298.3268543543867,311.7217069261614,2559.519927127348,20.909070811111476,62.93179914580025,3.128219753912291,10.30503228504299,52.68745657880248,0,2026-08-25 06:31:48
2024-01-10 03:10:00,CNC-01,L,297.5817708570244,309.8008612962209,2552.517976651567,19.480677550168846,46.57596512510934,3.089146137561897,9.191181795558917,57.26194142731501,0,2026-08-25 06:31:48
2024-01-10 19:57:00,CNC-02,M,25.790953271494743,38.5357718782563,2446.9727782330965,21.093968821953943,24.10748861886302,3.0899940339685514,9.769191180740721,52.538035396891914,0,2026-08-25 06:31:48
2024-01-10 16:51:00,CNC-01,L,299.41337544759415,313.7242006309804,1748.0305818912889,41.643730217261265,115.81279398236354,2.5822930940186257,13.995536335054283,53.05004321182704,0,2026-08-25 06:31:48
2024-01-10 17:24:00,CNC-01,L,299.4761276115767,313.7325176521805,1876.9144857917397,36.130921714368824,161.74947240630834,2.9049951670344756,12.70358079669821,51.83397575066805,0,2026-08-25 06:31:48
2024-01-10 13:21:00,CNC-03,H,298.1732963181467,312.381417709928,1412.3840780965647,50.5845377434288,103.05839460013065,2.101493891350102,13.372755305649514,55.28512505874861,0,2026-08-25 06:31:48
2024-01-10 14:58:00,CNC-03,H,298.9751853194085,314.4707535788001,1778.3995565320533,45.207985691667346,253.59144864802934,3.4668770191661857,15.072468089922317,54.61281147473821,0,2026-08-25 06:31:48
2024-01-10 07:09:00,CNC-02,M,296.03082350554917,310.68287911840224,1778.7360251444386,41.88723119748907,117.33534342031903,2.558217107788617,,58.009071750623754,0,2026-08-25 06:31:48
2024-01-10 14:50:00,CNC-01,L,297.9400183560517,312.52859642824694,1378.0169897547753,52.031137487155064,176.60203390847911,2.534677567476159,13.449519310938205,52.19008999832027,0,2026-08-25 06:31:48
2024-01-10 05:41:00,CNC-03,H,295.9166426490511,311.00426316523766,2089.862328266872,36.93607186874705,170.02953870904096,2.9774552990647756,14.501211177290946,59.36164598827707,0,2026-08-25 06:31:48
2024-01-10 01:14:03,CNC-03,H,303.8226926264292,310.012021892518,2609.435747169961,16.657107982686995,88.54917101564293,3.232567767616477,8.087307958561272,46.02411384157732,0,2026-08-25 06:31:48
2024-01-10 21:09:00,CNC-02,M,25.964673662365215,39.43200501102808,2469.486391748491,22.007331675897227,108.00431364910706,3.1748661308972728,10.088699430843551,53.507377989037906,0,2026-08-25 06:31:48
2024-01-10 04:05:06,CNC-01,L,296.7977109700926,310.5336975104697,2339.2449693067497,26.375555528025718,112.31932092324553,3.0002571694927505,11.476643234683072,55.45837580667359,0,2026-08-25 06:31:48
2024-01-10 02:22:00,CNC-03,H,297.95743356707345,310.7520920909121,2605.0225394992744,20.273081656508865,161.73455038864668,3.2918242337312824,9.99280428786787,55.995354646496935,0,2026-08-25 06:31:48
2024-01-10 07:07:00,CNC-02,M,295.6968722887528,309.88183003604286,1870.6721015817725,37.36959248520708,114.43318321635564,2.6003396788934334,12.993239762417062,59.80744671762516,0,2026-08-25 06:31:48
2024-01-10 19:30:00,CNC-03,H,300.1926565571964,314.0952934820327,2477.3884150378867,27.076594410080418,136.42419802274196,3.0982753818185182,12.398000673357114,50.12126538376602,0,2026-08-25 06:31:48
2024-01-10 15:03:00,CNC-01,L,298.4324723731433,313.48069920108117,1585.4591816967243,47.54140554214591,196.41884901904714,2.8550105256524896,14.405989315203975,50.67461471255647,0,2026-08-25 06:31:48
2024-01-10 21:23:00,CNC-02,M,25.772176767957433,39.77521340443775,2576.381084755757,25.2253440738857,123.84185526872547,3.301167904330354,12.27023807752396,55.741495601359055,0,2026-08-25 06:31:48
2024-01-10 12:47:00,CNC-02,M,296.1996644575644,310.67564468405686,1331.6211591760787,51.09473540504113,176.03735697928502,2.4888428509419995,12.84417418905438,58.42890862066257,0,2026-08-25 06:31:48
2024-01-10 18:30:00,CNC-02,M,298.96704292443206,314.1097833768871,2043.8503541958437,37.26795417587756,163.82412701220483,2.9096772895217455,14.410555604848811,52.27097953520289,0,2026-08-25 06:31:48
2024-01-10 15:27:00,CNC-03,H,298.8496287844467,312.4673337306533,1601.2195305006633,42.349655535006875,28.640759495913237,2.2279012209398497,12.840407488617533,51.73736857401368,0,2026-08-25 06:31:48
2024-01-10 23:19:00,CNC-03,H,299.63495666229494,312.8886332273231,2719.5811753478956,20.764588615773395,150.41001697598819,3.4621392360267125,10.597266201825816,49.26152681178115,0,2026-08-25 06:31:48
2024-01-10 06:19:00,CNC-03,H,296.15902373054274,310.9012910810445,1999.6845555596035,35.959899977567,220.55474035909245,3.3172560349667566,13.575738456789239,53.34988637124029,0,2026-08-25 06:31:48
2024-01-10 02:39:00,CNC-02,M,297.63951165385623,310.05272161829987,2466.7878375256473,20.00545993963406,3.393341894507043,3.09716642670147,9.433626373048059,56.75070658319901,0,2026-08-25 06:31:48
2024-01-10 00:25:00,CNC-01,L,298.7180840600974,,2651.758376819185,16.2528711513855,67.3188118925756,3.2728373971152576,8.21876621605224,51.06311350179043,0,2026-08-25 06:31:48
2024-01-10 18:15:00,CNC-03,H,299.9864809279459,313.00373080466716,2109.7817655683693,29.207118086464135,41.20563371032693,2.680318046708676,11.40284636282901,54.669567367457475,0,2026-08-25 06:31:48
2024-01-10 02:20:00,CNC-03,H,298.0019599444848,310.7257006074556,2561.956595123604,19.25423325432312,159.50857223642043,3.2585700787013763,9.104308614878727,55.6455611220106,0,2026-08-25 06:31:48
2024-01-10 04:26:00,CNC-01,L,296.51494097943333,309.8843763585829,2370.2373642694197,23.682964154270838,136.40452599956456,3.0644404495497715,10.263771178022456,58.80100864319772,0,2026-08-25 06:31:48
2024-01-10 21:34:00,CNC-03,H,300.1138655172236,311.46772170954904,2673.5243884389956,13.527052486084727,36.2805603088007,3.151768442706717,6.663685757211876,54.39522372979059,0,2026-08-25 06:31:48
2024-01-10 07:08:00,CNC-01,L,295.86226555452697,310.286244338336,2002.8120402652414,37.21758462646894,110.6593216584124,2.7478016946144566,13.766207184093547,59.32167810758647,0,2026-08-25 06:31:48
2024-01-10 15:41:00,CNC-02,M,297.78925444985674,312.9192154436263,1835.6219552872105,41.908879333316506,187.2485618638895,3.0177189170538266,14.41152362250061,53.84433751717731,0,2026-08-25 06:31:48
2024-01-10 04:19:00,CNC-02,M,296.7883787223083,311.0954582133765,2301.0443264383894,30.105611167044454,119.71873695852024,2.8608802588822133,13.084599608054065,56.42020123152923,0,2026-08-25 06:31:48
2024-01-10 01:14:00,CNC-03,H,303.45098922720405,309.5222617019028,2696.454027105322,14.441576919741062,87.46580946809044,3.2626232740109127,7.034182349313597,47.30756577846466,0,2026-08-25 06:31:48
2024-01-10 18:32:00,CNC-03,H,299.77861571499153,313.5096317605529,2293.070585675747,28.884945892223918,63.31032879380091,2.7775307103981715,12.354802447241951,52.41730096714054,0,2026-08-25 06:31:48
2024-01-10 19:12:00,CNC-03,H,300.3780786122283,314.38728944030277,2257.6316282526514,29.404725248396854,114.02102353119842,33.40062091952709,12.74476120792082,49.16569592053403,0,2026-08-25 06:31:48
2024-01-10 04:43:00,CNC-01,L,296.4350994277682,310.2946493364629,2398.638930679994,26.414901039422958,157.24342596368982,3.4014206068857935,11.946054132495476,56.0267558804296,0,2026-08-25 06:31:48
2024-01-10 19:46:00,CNC-03,H,300.2361609982838,314.4535860766102,2388.0385409094742,28.442425762592748,155.73010592218654,3.264650546877188,12.661339172766008,48.949246167936074,0,2026-08-25 06:31:48
2024-01-10 02:57:00,CNC-03,H,297.75878532792024,311.8303870913611,2385.7221968949225,27.294826213652094,200.903690775757,3.5345117047344075,11.896608978788807,54.216119939287346,0,2026-08-25 06:31:48
2024-01-10 10:49:00,CNC-03,H,296.7616809750329,311.0639105826863,1345.510623514281,51.2606401758734,135.6666661788063,2.217706850528515,12.96147936265541,57.6154856373019,0,2026-08-25 06:31:48
2024-01-10 21:14:00,CNC-01,L,26.843871428039847,40.50776910637626,2602.5559998317294,21.96057593486847,213.61073321765485,4.06827082113858,10.352698364813016,55.71275316146256,0,2026-08-25 06:31:48
2024-01-10 09:06:00,CNC-03,H,296.13341748894794,311.081574805603,1440.2906505608253,52.03255892054262,206.8039105133951,2.752141992296842,14.065143218553283,54.74691228748554,0,2026-08-25 06:31:48
2024-01-10 15:00:00,CNC-01,L,298.18174733268484,312.8684475572463,1494.965510582672,48.15957662726381,191.92014170367918,2.914832918950168,13.29889376046762,59.50053632062496,0,2026-08-25 06:31:48
2024-01-10 11:26:00,CNC-01,L,296.7680715245638,310.87461633399744,1508.406419315829,47.6871530723522,69.819588358725,2.193612160892647,13.5125444744923,55.0848504902672,0,2026-08-25 06:31:48
2024-01-10 15:20:00,CNC-02,M,297.6811898644268,312.8058345298622,1474.3015589337808,51.53969326999599,155.86853654378018,2.434581529274722,14.270735531510816,52.16667876996116,0,2026-08-25 06:31:48
2024-01-10 01:54:00,CNC-03,H,298.0194951097093,311.33751675596017,2588.40745727879,374.86969566495475,130.7431383531134,3.207923542519698,11.559642113016642,52.01325897332591,0,2026-08-25 06:31:48
2024-01-10 03:15:00,CNC-01,L,297.33448135888193,309.40430535469636,2529.0187888010923,18.797128377739483,52.29339223128266,3.1959518454672198,8.933084961736416,59.29686046692462,0,2026-08-25 06:31:48
2024-01-10 14:03:00,CNC-02,M,297.35508706630094,311.0897121385622,1284.6568809747382,52.210894342962824,37.49881810018694,2.0170091908950543,12.423495104084255,55.06403068630891,0,2026-08-25 06:31:48
2024-01-10 14:32:00,CNC-01,L,303.3037558447081,311.7909908985691,1469.7418367570485,48.354892970740195,148.74918403804026,2.513782550437701,13.45035027155901,46.404664018621915,0,2026-08-25 06:31:48
2024-01-10 14:25:00,CNC-01,L,303.3798088809674,311.82301508919414,1573.8351858335493,47.25815814965696,137.87374673085188,2.4082460218932367,13.923943721854371,49.35725274083738,0,2026-08-25 06:31:48
2024-01-10 01:19:00,CNC-03,H,303.8578798223531,309.37355077834945,2658.773992803488,14.13369175758724,92.91542513900743,3.2913338759978297,7.268847221045519,42.00873339034638,0,2026-08-25 06:31:48
2024-01-10 18:51:00,CNC-03,H,300.146948108397,314.05835087957036,2092.353981688062,31.893704723605172,87.77323107580804,2.795318332426014,12.715091109035983,54.17240236165531,0,2026-08-25 06:31:48
2024-01-10 23:22:00,CNC-01,L,298.9877587317061,312.04753510661584,2585.134667732288,20.996641677939692,0.0,3.3269487871986607,10.233452468992716,51.98383493065018,0,2026-08-25 06:31:48
2024-01-10 13:01:00,CNC-01,L,297.2859825504277,310.6852649351404,1386.777453256449,47.94287309673162,6.320933872079248,2.0641575984181384,12.510125896007285,57.35049435210172,0,2026-08-25 06:31:48
2024-01-10 08:34:00,CNC-03,H,295.6528838621844,310.5285823050216,1676.4463402845931,47.135311472586594,158.64160617360983,2.6043825861760816,14.68880332568769,62.85912141151798,0,2026-08-25 06:31:48
2024-01-10 10:36:00,CNC-03,H,296.4841730636269,311.02767974306255,1439.1999637892825,50.88631633724934,115.25332932110972,2.080962338519534,13.698862174707473,57.14180377581654,0,2026-08-25 06:31:48
2024-01-10 15:31:00,CNC-01,L,298.4784447661206,311.94258234092393,1767.1425229874872,37.645713471153925,0.0,2.33598796385423,12.498792077250167,54.62094236518888,0,2026-08-25 06:31:48
2024-01-10 03:40:00,CNC-03,H,296.7222339237667,309.2708761553306,2463.7808099226245,22.226935845326,19.882779959043198,2.9028062451667975,10.184193958065196,58.05245088441199,0,2026-08-25 06:31:48
2024-01-10 06:14:00,CNC-01,L,296.17643817992354,309.2540896216086,1952.88824237582,31.42948504156829,35.992632419971386,2.4849104131412214,11.66439803183573,56.81056305559427,0,2026-08-25 06:31:48
2024-01-10 10:29:00,CNC-03,H,296.7524140348183,310.9626144835475,1357.321321832859,52.57144836154251,104.27120589420839,2.131629343621209,13.335581640026989,55.397563889110955,0,2026-08-25 06:31:48
2024-01-10 13:48:00,CNC-01,L,303.08121035495,311.16580246760515,1430.0404750431899,48.69922325449581,80.34457894754854,2.0737562426901235,13.08366803690642,47.94821871337811,0,2026-08-25 06:31:48
2024-01-10 09:10:00,CNC-03,H,295.86309711034846,310.7430549381945,1510.205387877411,48.95704028325744,212.87828895264465,2.8197095610801517,13.912321285097747,64.19118318462478,0,2026-08-25 06:31:48
2024-01-10 07:09:00,CNC-01,L,296.0007209332576,310.2074746221433,1772.009698819344,40.654575638555905,112.08368158627597,2.559293459586271,13.707496663655142,,0,2026-08-25 06:31:48
2024-01-10 15:38:00,CNC-03,H,298.8502777049003,312.9082548552107,1678.2954287748196,42.17237543114044,45.009240475779166,2.2853300500770115,13.155584727730503,50.55236474007243,0,2026-08-25 06:31:48
2024-01-10 23:27:00,CNC-02,M,298.1108440933038,310.8965772760102,2654.012116459352,18.79998462464124,43.75728081965303,3.16417578143415,9.120189340451763,53.22056803560601,0,2026-08-25 06:31:48
2024-01-10 16:51:00,CNC-03,H,299.780325188512,313.9682669956756,1703.6131098128149,41.221571398316634,150.80361164285662,2.536106221516035,13.282894592953935,51.25730668045373,0,2026-08-25 06:31:48
2024-01-10 13:45:00,CNC-03,H,298.0568765028409,312.13793858846844,1436.949428981621,48.195872811246424,,2.333908841442608,13.199616442665011,54.83259636862396,0,2026-08-25 06:31:48
2024-01-10 18:30:00,CNC-01,L,299.94982435927744,313.22143480121196,2140.5966734678736,29.938304403332186,15.768195499299692,2.6186607392959447,12.099038397870926,52.96448150147402,0,2026-08-25 06:31:48
2024-01-10 14:02:00,CNC-01,L,303.01928279550805,311.1366550517153,1470.2888246698271,47.76250292395627,102.12773132484584,2.221123414335089,13.124298611670454,50.549124372863695,0,2026-08-25 06:31:48
2024-01-10 14:01:00,CNC-01,L,303.07727815859823,311.3922898898114,1436.9361526440987,48.76567436919985,100.57944559124206,2.111198861496814,13.076619079490591,44.63536841674044,0,2026-08-25 06:31:48
2024-01-10 13:51:00,CNC-03,H,298.23224742538457,312.5548500745284,1358.7776781549344,53.228849799066076,150.35703011768942,2.1836978924810384,13.7330227401927,54.38903098391176,0,2026-08-25 06:31:48
2024-01-10 05:58:00,CNC-03,H,295.78181049146855,310.42852856800755,1826.417850573731,41.61795306275422,192.36703319472602,2.9958554174533774,14.37356369160125,64.10484216023298,0,2026-08-25 06:31:48
2024-01-10 09:12:00,CNC-01,L,296.2151658524904,310.60823509955463,1573.2458973922296,47.85950114958986,82.81438197491586,2.366130310491952,13.972544723250433,61.384119088310705,0,2026-08-25 06:31:48
2024-01-10 17:05:00,CNC-03,H,299.5347397410755,314.22126393432217,1710.1029279678414,43.47199536607169,170.5838426796572,2.660748294502755,13.878870075740396,53.793212593779074,0,2026-08-25 06:31:48
2024-01-10 21:55:00,CNC-01,L,299.68092895440986,310.75956795134357,2690.100308998458,11.514961251690982,41.06148645589373,3.18681424791515,5.800553810792876,52.241707786722046,1,2026-08-25 06:31:48
2024-01-10 09:10:00,CNC-01,L,296.41015240046113,310.43041322927985,1502.5798225531269,46.162762056296344,79.75056628367538,2.2245049037676563,,59.17886632666152,0,2026-08-25 06:31:48
2024-01-10 07:04:00,CNC-03,H,295.8300648471212,309.85495147158565,1855.8831445768144,38.913023281195386,27.67680585373122,2.553231285160421,13.530498496693404,58.27196386481611,0,2026-08-25 06:31:48
2024-01-10 11:32:00,CNC-01,L,296.6172179953075,311.5520666845283,1586.8927318338647,51.30313500739478,79.25470018346722,2.352041124006023,15.403353418271267,62.308313210995635,0,2026-08-25 06:31:48
2024-01-10 18:46:00,CNC-02,M,298.9299242799151,313.587462775204,2255.8675236265985,31.50485773146985,184.15516516976064,3.4356177215382147,13.417743016880104,51.86741962807368,0,2026-08-25 06:31:48
2024-01-10 18:56:00,CNC-01,L,299.88846269232835,313.2255627173596,2244.979004796479,28.100863359177417,49.0009234759166,2.8164271170003867,11.967256167658313,51.12394326095088,0,2026-08-25 06:31:48
2024-01-10 13:24:00,CNC-01,L,297.399361068301,310.97895718304227,1469.8579433927218,45.3353556654778,42.65026111472279,2.1210167284733856,12.577844201032791,55.36772611864583,0,2026-08-25 06:31:48
2024-01-10 02:30:00,CNC-01,L,297.6160472388009,310.3635818848117,2457.17900027123,23.08698611041962,1.1624685838363795,3.007301500361122,10.662079983296584,58.57921435322087,0,2026-08-25 06:31:48
2024-01-10 16:36:00,CNC-01,L,299.2198403275258,313.82152555163833,1808.8890217933476,42.0181581438762,94.71188285043955,2.4876642531316784,14.542224217117784,55.762125310178114,0,2026-08-25 06:31:48
2024-01-10 10:37:00,CNC-03,H,296.60469792808044,310.4211439250059,1371.0258283686942,47.834693276351715,116.80034252977592,2.200973982884712,12.128130413307533,55.34850922134757,0,2026-08-25 06:31:48
2024-01-10 13:07:00,CNC-02,M,296.3623024521048,311.3184952601065,1304.9850478026076,54.420696551445566,207.63825890099744,2.6679764853758434,13.399561528627938,53.36467927716458,0,2026-08-25 06:31:48
2024-01-10 01:19:51,CNC-02,M,298.365140462867,311.19327785974025,2646.1519394339953,19.37487824777871,141.30214543485536,3.3955114540220386,9.506412192457358,53.45235408585251,0,2026-08-25 06:31:48
2024-01-10 02:18:00,CNC-01,L,297.8580030220392,311.5620777648434,2590.4231022645577,373.2163937958475,189.7151492603894,3.7363696284226022,11.042797289317221,53.977979628866144,0,2026-08-25 06:31:48
2024-01-10 13:07:00,CNC-03,H,298.0645908970394,312.20013148512965,1393.630245505545,53.258898080241714,80.87929951508944,2.161297944546829,14.033181751174725,57.68166409949461,0,2026-08-25 06:31:48
2024-01-10 06:11:00,CNC-02,M,296.1822547154814,310.07465243990805,,35.24302079367594,37.284223418095394,2.5519630203998935,13.17576006148332,61.713253100532526,0,2026-08-25 06:31:48
2024-01-10 13:12:00,CNC-02,M,296.55327520258845,311.25426919183684,1459.2415440741684,48.93320939308581,215.54596616498822,29.25910645251767,13.230260994797517,57.4663502343277,0,2026-08-25 06:31:48
2024-01-10 07:06:00,CNC-03,H,295.55228349804764,309.5207913964772,1916.3774754094666,39.639448289236455,30.438806131565055,2.51752087314141,14.34386487681802,62.029611229591474,0,2026-08-25 06:31:48
2024-01-10 03:38:00,CNC-02,M,296.96097944534057,310.07526852368613,2501.2320284494217,21.745946363716744,70.9405575238874,3.140666491883034,10.254376638827011,53.70709938468537,0,2026-08-25 06:31:48
2024-01-10 06:55:00,CNC-02,M,295.78093633954524,310.2642058349359,1778.6822152226894,41.42070359705881,97.44485990653438,2.5801745822589526,13.799098988376047,54.17901435989784,0,2026-08-25 06:31:48
2024-01-10 22:10:22,CNC-03,H,299.8904573130846,312.1585042745718,2703.4102376178334,17.463343910411297,76.98671516077698,3.120418022279489,8.813833177514656,43.99792133558252,0,2026-08-25 06:31:48
2024-01-10 20:15:00,CNC-02,M,26.104865265722538,39.574174936166514,2335.730958393987,25.835961927427302,45.374910618813715,2.8353963346730713,11.195555756424728,50.92377779261845,0,2026-08-25 06:31:48
2024-01-10 02:13:00,CNC-01,L,297.5093014341258,310.4281976417179,2530.4964632532015,18.744185236201332,184.06365054471084,3.6452044602050466,9.088555175358975,,0,2026-08-25 06:31:48
2024-01-10 16:27:15,CNC-03,H,299.3374424272297,313.7285918725133,1762.7854977455988,42.28568403347359,116.63865755885752,2.567565164149654,14.15793557938641,53.74778504590704,0,2026-08-25 06:31:48
2024-01-10 19:33:00,CNC-03,H,300.1319605721576,314.2974333289986,2288.858778508156,29.39448243711796,140.12328917023353,3.128087764172822,12.543166473119483,52.30278409886344,0,2026-08-25 06:31:48
2024-01-10 21:09:00,CNC-01,L,26.852451171958535,40.55683719013069,2585.99990454466,23.364444490428852,207.83193222532663,4.010586440929672,11.163714915392593,51.403622621651344,0,2026-08-25 06:31:48
2024-01-10 06:42:00,CNC-02,M,295.7474924075006,309.9201685874647,1905.801897425723,36.68735555676727,79.4471600836868,25.686116281988824,13.124251915664773,59.76321350590208,0,2026-08-25 06:31:48
2024-01-10 11:31:00,CNC-02,M,301.4641675726107,309.20426090260156,1334.773250893832,50.696889483993715,55.3274929058341,2.0202910795966975,12.909038380937957,48.87033441653712,1,2026-08-25 06:31:48
2024-01-10 21:39:26,CNC-01,L,299.68156011500895,312.0094657313605,2612.999071323356,19.825421649078976,24.544912935477285,3.1334571621484177,9.728867415080467,44.65981347377241,0,2026-08-25 06:31:48
2024-01-10 17:28:00,CNC-03,H,299.9059909932274,315.02061858990845,1891.134477643267,39.56036684452578,202.2733549393399,31.21556200447744,14.260759666298213,52.61161611214898,0,2026-08-25 06:31:48
2024-01-10 13:44:00,CNC-02,M,296.7308131083833,310.963360872418,1563.268031703426,46.84962956134644,7.838504800720509,2.17555904589404,13.543010199225174,55.64074326270779,0,2026-08-25 06:31:48
2024-01-10 10:38:00,CNC-02,M,301.18562289358863,310.67866825333743,1390.4290172407486,55.82216549192655,220.47706614531126,2.8181218361039555,14.379789178234267,48.1097107476999,1,2026-08-25 06:31:48
2024-01-10 15:39:00,CNC-03,H,299.03128493640503,312.9204505091074,1641.498886610324,42.80401602889639,46.48639748682687,2.3188957039438374,13.237989002194759,57.76865779496936,0,2026-08-25 06:31:48
2024-01-10 08:40:00,CNC-02,M,295.83009848110714,309.87282248456546,1466.2186227064412,47.377853366307306,37.39205440643404,2.0982998528042662,13.539137541603807,58.3689141866704,0,2026-08-25 06:31:48
2024-01-10 12:05:00,CNC-02,M,301.53970431320744,310.29341222398193,1424.1255249897893,53.59221257059905,109.35456488652089,2.125576265916135,14.496539730450467,48.857914783051896,0,2026-08-25 06:31:48
2024-01-10 21:45:00,CNC-02,M,298.7902579666936,310.6278850304215,2764.874848059403,11.674194802298292,148.35555692893573,3.524944999400663,6.089544779864301,56.95287237047969,1,2026-08-25 06:31:48
2024-01-10 22:48:00,CNC-02,M,298.32227725612154,310.25776475572195,2633.4548461682302,14.967927054096153,2.151097372103563,2.9982211754558,7.30781713019148,51.37172122743291,0,2026-08-25 06:31:48
2024-01-10 01:46:00,CNC-03,H,298.3726110192857,313.05346701388305,2545.3170312571456,29.3820285158211,122.00458959368011,3.086698536569785,14.074339112577185,50.153784415976155,0,2026-08-25 06:31:48
2024-01-10 01:36:00,CNC-03,H,298.2224421484253,311.6874350045939,2569.057053322269,23.6929320100308,111.16067107358418,3.246012028624509,11.242235797877216,56.56816677162372,0,2026-08-25 06:31:48
2024-01-10 00:23:00,CNC-03,H,298.5261945165463,309.90214370642667,2644.9553074255964,13.824187846658164,32.78174100093987,3.2040674954999315,6.940871615127161,54.686224513863415,0,2026-08-25 06:31:48
2024-01-10 04:28:00,CNC-01,L,296.5156610216588,311.06574421747996,2145.6722511795338,32.94727765737215,138.91141080270074,3.0391988259939673,13.340705581258712,58.436368086132546,0,2026-08-25 06:31:48
2024-01-10 17:26:00,CNC-02,M,298.8246576168181,313.0181933918261,1977.1988272775955,35.17492026202164,78.6535755263565,2.5983437351775174,13.140952062260656,51.9346177263015,0,2026-08-25 06:31:48
2024-01-10 19:40:00,CNC-03,H,300.3062962000966,314.1601177044095,2181.1075889024514,29.099036096282063,148.63052351820912,3.0942462707329326,11.89266399487676,51.486839461940676,0,2026-08-25 06:31:48
2024-01-10 10:34:00,CNC-03,H,296.3509692665922,310.3823569993845,1408.9792273424205,50.54237629435814,112.10849463170062,2.102330935490903,13.202521595086543,60.988610508551254,0,2026-08-25 06:31:48
2024-01-10 13:39:00,CNC-01,L,302.7492215965033,311.2911897320618,1578.5436772450603,47.27185505467387,66.20299290600984,2.259280592780887,13.983038576448225,46.31052423350454,0,2026-08-25 06:31:48
2024-01-10 03:51:00,CNC-03,H,297.0976123865504,309.64381544777797,2391.267330019271,21.373807611776282,32.62362347796341,2.977306561041622,9.559816766589526,54.589137831189575,0,2026-08-25 06:31:48
2024-01-10 15:34:00,CNC-03,H,299.1662137694464,313.18099231182,1680.1012846108774,43.506197420795615,39.06146674522075,2.4011103237960634,13.637609284827684,49.052144839633,0,2026-08-25 06:31:48
2024-01-10 21:52:00,CNC-02,M,298.97518503563776,312.24709797926806,2610.633291043782,19.586799590175723,155.94529348451636,3.515051080722729,9.538463314390373,52.25511018333632,0,2026-08-25 06:31:48
2024-01-10 07:13:00,CNC-02,M,295.5983473338103,310.3768289703198,1844.3096856323427,40.585572059575085,122.97482354194992,2.480671925416799,,56.67258104741346,0,2026-08-25 06:31:48
2024-01-10 17:32:24,CNC-01,L,299.3051112763553,313.88383744669875,1964.8245461141796,35.74148087084075,172.49676777544278,2.9433634036395873,13.246774477773336,51.95101839349674,0,2026-08-25 06:31:48
2024-01-10 01:51:00,CNC-01,L,298.04879509877463,311.62314792874173,2656.5392207072846,22.288219219939588,159.77715521763204,3.562887046720215,10.97218088821731,58.551431577516404,0,2026-08-25 06:31:48
2024-01-10 19:56:00,CNC-01,L,27.115215556408828,40.04812102165539,2414.5542415491145,23.097956291918486,123.00526893425675,3.1424801559518096,10.34316402695084,53.15962257320272,0,2026-08-25 06:31:48
2024-01-10 16:23:00,CNC-02,M,298.4877483925374,313.5636857356304,1766.9147536493672,40.128393546944764,248.56139146079653,3.643630654617881,13.226444139235271,54.977238819910845,0,2026-08-25 06:31:48
2024-01-10 22:19:00,CNC-03,H,299.56160250170814,313.1992698880013,0.0,25.686843083022925,85.72656051023891,3.0616845812625266,12.080326200325377,53.457364777457116,0,2026-08-25 06:31:48
2024-01-10 07:58:00,CNC-02,M,295.7071772030152,310.31780846353485,1665.0739648507445,41.95045086200014,187.720173770687,2.7279601263390196,13.08477285605283,58.65033059123025,0,2026-08-25 06:31:48
2024-01-10 05:44:00,CNC-03,H,296.02850752042264,310.3904543022191,2126.8915067641497,32.80884707534086,173.93124982330175,3.072394092884957,13.019107843250543,61.28940273921484,0,2026-08-25 06:31:48
2024-01-10 15:11:00,CNC-03,H,298.8998246437565,312.1877764340537,41629.67638414985,40.942131501379514,4.524524960424505,2.2081608566613253,12.441553828065446,52.728796897961,0,2026-08-25 06:31:48
2024-01-10 04:26:00,CNC-02,M,296.4525417709041,309.4868970128781,2315.831980272631,24.930859569361225,128.24017062498854,3.0580053951155315,10.98084642114622,62.06605829519707,0,2026-08-25 06:31:48
2024-01-10 20:33:00,CNC-02,M,25.90964528934171,39.774484216623705,2491.141663659413,24.863189445275825,66.63335528555916,2.986046104062825,11.823289490545204,53.8018830899797,0,2026-08-25 06:31:48
2024-01-10 18:10:00,CNC-03,H,300.08582626242685,313.6165086823471,1972.4900249335803,33.146820684220295,34.72186019663416,2.561371019332502,12.279431975948194,50.054928789075376,0,2026-08-25 06:31:48
2024-01-10 21:53:00,CNC-02,M,298.6442775528737,311.50527881752186,2647.0376861996047,17.989817091032968,157.03404057133784,3.45303426449749,8.78426272167562,55.83427786660171,0,2026-08-25 06:31:48
2024-01-10 05:58:00,CNC-02,M,296.1016522098771,309.4028211302497,2026.4120118014364,30.676071678402337,19.94367046951427,2.6206265273561447,11.637519279531197,62.66427202282462,0,2026-08-25 06:31:48
2024-01-10 23:23:00,CNC-01,L,299.17990637732487,311.6298436227512,2674.983955784976,16.18833128087168,136.22456984215265,3.390128829105279,8.116554049591926,55.127345055555296,0,2026-08-25 06:31:48
2024-01-10 15:51:00,CNC-02,M,298.14272896595435,313.57657559914804,1808.6344310550578,42.06150023983812,202.0676731661612,3.092384854949419,14.32807451881712,54.47374619527775,0,2026-08-25 06:31:48
2024-01-10 12:08:00,CNC-02,M,301.7472438705091,310.61123114493626,1418.4391252896487,53.97363645117707,114.1392418684374,2.2483017878807643,14.238328840168855,51.41871070508726,0,2026-08-25 06:31:48
2024-01-10 12:58:00,CNC-01,L,297.0168157244047,310.497708490847,1518.8810902868972,45.543885634383564,1.5554816488461385,2.1984829133898405,13.043609778545683,58.27132021401758,0,2026-08-25 06:31:48
2024-01-10 15:19:00,CNC-01,L,298.29485798299896,313.5564125059632,1766.2486873823784,45.63259724060744,220.60112304062264,3.4369122342485996,15.155147508635167,53.508319854891994,0,2026-08-25 06:31:48
2024-01-10 16:38:00,CNC-03,H,299.3828429082714,314.0769528528347,1793.9110106536841,41.46137396503212,132.28517682250805,2.5379842668769865,13.772212065832148,49.92050673086287,0,2026-08-25 06:31:48
2024-01-10 23:53:00,CNC-02,M,297.84841930607286,310.6018430333736,2589.0395765767853,18.082846190925558,71.48353146573986,3.1740489636380533,8.936422787171567,53.81696258012421,0,2026-08-25 06:31:48
2024-01-10 06:11:00,CNC-01,L,296.13178352649925,309.63687216797786,2294.848234776177,27.531707853995183,31.908405034885263,2.8774698689130838,11.665641673010322,57.97836113544587,0,2026-08-25 06:31:48
2024-01-10 01:21:00,CNC-02,M,298.1303485945534,310.6136789501134,2708.379022740878,16.90160805074748,142.36789487230354,3.446645773696485,8.440480549156105,51.587640938509885,0,2026-08-25 06:31:48
2024-01-10 02:51:00,CNC-02,M,297.44697573196066,308.8142107554898,2671.82053663164,14.349152254599554,16.83198899643917,3.1818652313090277,7.384706707409476,56.785714204599195,0,2026-08-25 06:31:48
2024-01-10 07:58:00,CNC-01,L,296.30647129567063,310.6950113938118,1621.6574714465605,42.68356991125668,182.65087939125766,2.7683487640201894,13.150089979921104,60.7845615348538,0,2026-08-25 06:31:48
2024-01-10 03:13:00,CNC-03,H,297.09293569070417,311.7617420734029,2282.5883585147376,30.049553335342402,219.31826506407324,3.477688466906459,12.984738894789766,58.239845827288654,0,2026-08-25 06:31:48
2024-01-10 23:14:00,CNC-02,M,298.2672172822402,310.5866656544167,2689.299290481867,15.974866190706694,29.779158846070803,3.210100240642537,7.9192829127842845,55.314983849141115,0,2026-08-25 06:31:48
2024-01-10 20:42:00,CNC-03,H,26.81159591613647,40.58751846154928,2602.693897729503,22.517751392314654,222.0185391103359,3.8547647465424997,11.091100134511684,52.087091464294154,0,2026-08-25 06:31:48
2024-01-10 16:02:00,CNC-03,H,299.19742988611944,313.29650106292104,1892.6226909998127,603.9630188775523,80.20570500518765,2.581614680958463,13.289239442684538,52.50383459886606,0,2026-08-25 06:31:48
2024-01-10 20:12:00,CNC-01,L,27.117834288979964,41.32026737168718,2459.7140810537257,26.973493433794236,141.81217391670316,3.2845371883003716,12.480334001341326,53.77843392202956,0,2026-08-25 06:31:48
2024-01-10 16:30:00,CNC-03,H,299.4698400355602,313.5837796304485,1721.957995184439,38.73528103713615,120.89892130021306,2.4110919110606774,12.342178513375496,54.069443523309644,0,2026-08-25 06:31:48
2024-01-10 19:18:00,CNC-02,M,298.92275443375684,313.9199648197162,2219.6403100516277,32.48228905277204,224.46486508634393,3.723283783568711,13.653504590456022,54.3614502867647,0,2026-08-25 06:31:48
2024-01-10 19:06:00,CNC-02,M,299.25846622963365,313.7372720978948,2235.389211295639,28.787600245390387,209.30364214980798,3.523918686755552,11.976602439519109,51.22484724021646,0,2026-08-25 06:31:48
2024-01-10 07:59:00,CNC-03,H,295.7261948883098,310.1071843523513,1599.7356380751087,,106.59897842904213,2.443008058034002,13.497197188029526,62.69659124004241,0,2026-08-25 06:31:48
2024-01-10 15:56:00,CNC-02,M,298.35460914600264,313.54445386109177,1753.2615000045234,42.32324669921668,209.43817184324635,3.086549511144978,13.93526674544473,53.929693574991305,0,2026-08-25 06:31:48
2024-01-10 22:52:00,CNC-02,M,298.0361608089661,310.23213220792326,2705.517092055325,17.05909464332805,6.338070429533231,3.258092277583222,8.911207136426619,51.072495875348814,0,2026-08-25 06:31:48
2024-01-10 10:17:00,CNC-03,H,296.5392988358946,310.68349510907814,1389.5880498790211,51.07234260397035,85.3631057974473,2.0743459029537847,13.184788910322712,55.18889168770948,0,2026-08-25 06:31:48
2024-01-10 16:55:00,CNC-03,H,299.8889334564707,314.205131325301,1780.3412282588918,40.294337766563096,156.52032386427413,2.653420318716578,13.402653627506515,51.81443877727219,0,2026-08-25 06:31:48
2024-01-10 16:22:00,CNC-01,L,299.3753692032956,313.82071494860753,1741.3666265534234,43.109188958454425,74.76176329506666,2.3583217906092124,14.11094051955586,50.350854361679225,0,2026-08-25 06:31:48
2024-01-10 02:53:00,CNC-01,L,297.4408953910421,309.1144876290538,2527.1234567429774,15.332530616270727,27.14569894707289,3.0965862375032605,7.280540075221091,52.334182449789864,0,2026-08-25 06:31:48
2024-01-10 20:57:00,CNC-01,L,26.793221544910352,39.383454510192394,2533.49360091774,18.766387057928373,194.04643165706844,3.754001618269047,8.97904241268062,50.38649946162464,0,2026-08-25 06:31:48
2024-01-10 07:10:00,CNC-02,M,295.8366668796875,310.1175221009615,1774.2649871846772,40.26480127772672,118.75753565144937,2.5698116526029415,13.323480268716017,57.681622745744015,0,2026-08-25 06:31:48
2024-01-10 22:18:00,CNC-02,M,298.3121668074128,311.44554843595444,2640.6572982788,18.527230158164322,184.49461308265134,3.588934063810072,9.351215101034548,55.61152579511044,0,2026-08-25 06:31:48
2024-01-10 03:43:00,CNC-01,L,297.2568345294851,309.4080752208416,2504.5593399288286,18.10487099279242,84.86157752488006,3.0403758338769804,8.697753062508074,57.2587547581454,0,2026-08-25 06:31:48
2024-01-10 20:37:00,CNC-01,L,26.643459003601834,39.11808801528059,2526.0819040264864,17.861124064661535,171.14166095818464,3.4868193187394483,8.340769273115649,54.41406777288143,0,2026-08-25 06:31:48
2024-01-10 12:44:00,CNC-02,M,296.1294981950159,310.6800176839056,1375.8510588352956,49.3192186352298,171.28063721799447,2.4520455034586006,12.576011082412897,56.34117441797587,0,2026-08-25 06:31:48
2024-01-10 09:21:00,CNC-02,M,296.02096391980757,310.627085666084,1594.4867197673973,46.29402913039702,99.86571372507208,2.25770112732582,13.498462239098025,61.353700585664924,0,2026-08-25 06:31:48
2024-01-10 17:15:00,CNC-02,M,299.0765337322829,313.8477467834718,1991.4797251352945,36.857664497502455,63.446266292690886,2.574038457858504,13.265209307248451,53.09817809200476,0,2026-08-25 06:31:48
2024-01-10 20:35:00,CNC-03,H,27.06300388411006,40.888320200241765,2477.7672333419778,24.186089652068688,213.88343780972951,3.6695012419541153,11.185859219136951,49.49602676076134,0,2026-08-25 06:31:48
2024-01-10 06:20:00,CNC-02,M,295.95485266128856,309.7567361217622,1993.5970078169494,33.75700716955247,49.34133306026618,26.048138433380107,12.417387202839391,54.20570059236814,0,2026-08-25 06:31:48
2024-01-10 01:36:00,CNC-02,M,297.9507736067851,311.57558240234744,2436.7794882289472,23.08767582237351,158.75034147046702,3.3360315083241825,10.40095611254859,57.06911408766454,0,2026-08-25 06:31:48
2024-01-10 10:57:00,CNC-02,M,301.28614286900006,308.94961513600185,1389.2726290839132,46.77973770493565,1.572925857337188,2.080383282684102,12.43642756455733,46.07350797020231,0,2026-08-25 06:31:48
2024-01-10 21:48:00,CNC-03,H,300.2737187236771,312.05761385668967,2649.3852412586157,15.508835541116618,51.845901497517495,3.0521650340085085,7.839123193603443,51.53336858548246,0,2026-08-25 06:31:48
2024-01-10 12:09:00,CNC-03,H,297.4198508803852,312.7035522859464,1390.8921117802095,54.639145828040974,262.7598777602127,3.2062227219446906,14.112908366700836,56.21840453148325,1,2026-08-25 06:31:48
2024-01-10 14:29:00,CNC-03,H,298.6077078941397,313.42780128515665,1409.8815514550308,52.16680427247558,209.2949494941188,2.657460042332494,13.813575774367907,56.59485271000518,0,2026-08-25 06:31:48
2024-01-10 15:44:00,CNC-02,M,297.97157030971215,313.2831972092987,1858.856791068742,41.62912402402155,191.68308808848306,3.071199533185771,14.422512321089949,56.78427553615669,0,2026-08-25 06:31:48
2024-01-10 10:24:00,CNC-03,H,296.3441966654663,310.36283135432444,1470.9795230326456,45.63718628902787,96.433186204667,2.1595517604312597,,56.01324331021838,0,2026-08-25 06:31:48
2024-01-10 10:38:00,CNC-03,H,296.81853417232367,311.0613074998594,1326.1431240255938,51.17038379170083,118.40034252977591,2.186223648776892,12.827811583533425,54.663287071819454,0,2026-08-25 06:31:48
2024-01-10 14:46:00,CNC-02,M,297.3229652398873,312.14252574513085,1605.3733997427273,48.423873015726905,104.20285423508965,2.2591610745309345,14.57495486946493,59.06349666605895,0,2026-08-25 06:31:48
2024-01-10 22:01:24,CNC-03,H,299.9289342629891,310.7723253674411,2599.6667392587906,11.513903900772007,66.0472618094088,3.185909482645214,5.632847530625146,50.169514617630476,1,2026-08-25 06:31:48
2024-01-10 11:04:00,CNC-01,L,296.673218218773,7090.745878637985,1375.3256555458781,50.45765385388961,34.90721010535785,1.9760040723318526,13.307339678547606,56.94662311453094,0,2026-08-25 06:31:48
2024-01-10 04:09:00,CNC-02,M,296.82976988880165,310.2492960049109,2329.0644756098914,24.846847298424404,107.66226370181421,,10.767179241606964,59.542769909970325,0,2026-08-25 06:31:48
2024-01-10 14:38:00,CNC-03,H,298.7500597560591,313.76303638312385,1508.7228990745891,51.9362858360779,223.12515199472338,27.579927671252488,14.63701030210314,55.663494907755485,0,2026-08-25 06:31:48
2024-01-10 11:53:00,CNC-02,M,301.3911931203467,309.7193687827863,1406.0219834829636,49.66443061596356,90.20868951921979,2.1335468319010538,13.166524778480209,47.647865743362864,0,2026-08-25 06:31:48
2024-01-10 21:42:00,CNC-03,H,300.25592396831064,312.61395110607725,2623.848028007728,19.80308095017941,45.218511205226704,3.1719257958448352,9.912599632992526,48.514636459380036,0,2026-08-25 06:31:48
2024-01-10 23:02:00,CNC-03,H,299.74603065655657,312.14823758666296,2624.223816635716,17.03890287320047,132.19914027622525,31.736915529138553,8.221363800566351,49.82898932035758,0,2026-08-25 06:31:48
2024-01-10 08:54:39,CNC-02,M,295.8652324550975,309.79383672513444,1729.9763474387692,40.0421202860081,61.71696242369811,23.645870374480264,13.033961604058392,58.88758032991006,0,2026-08-25 06:31:48
2024-01-10 03:47:00,CNC-02,M,296.9585065727208,310.0458105545833,2388.5012727569265,24.035686340679575,81.50276527954996,3.0637811077614145,10.671900401805186,58.44877557792449,0,2026-08-25 06:31:48
2024-01-10 17:11:00,CNC-01,L,299.26571271615484,314.0439671583507,1815.645419114538,41.69150260686386,143.8632626362563,2.7386472632060452,13.968753411945661,55.4155219948432,0,2026-08-25 06:31:48
2024-01-10 13:05:00,CNC-02,M,296.3084256434969,311.4062587515979,1430.9546333750586,52.256018374011035,204.45958210454418,2.8256004764555698,13.826968289789944,58.943795301104444,0,2026-08-25 06:31:48
2024-01-10 03:33:00,CNC-02,M,296.7888893806184,309.2114771131586,2506.5559534765034,19.317715172621604,65.14679030387937,3.0769343536576512,8.875200413484256,56.71189025780727,0,2026-08-25 06:31:48
2024-01-10 22:34:00,CNC-02,M,298.5680524969111,311.7749825593949,2682.520365099162,17.421522242723732,201.97589525213047,3.7871407887866737,8.467765466533343,49.49133705645641,0,2026-08-25 06:31:48
2024-01-10 16:40:00,CNC-02,M,298.7635728279765,312.85609117945785,2009.0593448637096,35.95377785757105,14.385985093073344,2.600605672402294,13.449211218054169,53.880416903094364,0,2026-08-25 06:31:48
2024-01-10 05:02:00,CNC-01,L,296.3275722762057,310.73050456203254,2281.7836809718688,31.090551045345762,181.2977259182192,3.3621557528605797,13.171314226651063,58.92739583214337,0,2026-08-25 06:31:48
2024-01-10 05:43:00,CNC-01,L,296.2642140508758,311.5470060749318,2175.2394370633338,36.048789859943945,233.95034642149938,4.011500433446682,14.739687371181125,57.757670005396704,0,2026-08-25 06:31:48
2024-01-10 15:15:00,CNC-01,L,298.0692031009191,313.4035212983717,0.0,55.22514633716151,214.62994990197268,3.0985676536392277,15.279171970893561,56.01179178279399,1,2026-08-25 06:31:48
2024-01-10 15:13:00,CNC-01,L,298.13946039817785,312.91309860539053,1529.8540364652263,47.97961821990167,211.58735755608308,3.0265535540529402,13.82430521255204,54.342977558758534,0,2026-08-25 06:31:48
2024-01-10 21:01:00,CNC-02,M,25.76061015297273,39.31957741096778,2436.555151277871,24.604963282416637,98.93158515445339,3.060356413973674,11.277371991755746,55.07549845324422,0,2026-08-25 06:31:48
2024-01-10 00:22:00,CNC-01,L,,310.96327258566214,2808.99019907915,15.504158459470986,64.14289857090806,3.3542869737956,8.41039698033326,54.10981275220473,0,2026-08-25 06:31:48
2024-01-10 06:48:00,CNC-03,H,295.77272655892864,310.13419110201,1947.2811170338452,40.60241288708492,5.53431783303797,2.5960510964209926,14.846079349808912,56.441058145157356,0,2026-08-25 06:31:48
2024-01-10 13:19:00,CNC-03,H,298.0855908847559,312.18129405679565,1452.284894737078,48.51967839369644,99.85839460013067,2.150323612040018,13.268032641452342,55.01463929219616,0,2026-08-25 06:31:48
2024-01-10 14:51:00,CNC-02,M,297.40843055120365,311.7297623505773,1494.444980792092,46.14412449414859,111.88020742884696,2.190676416127567,12.944255294822934,58.473894303840964,0,2026-08-25 06:31:48
2024-01-10 03:28:00,CNC-02,M,296.7375058766713,308.42620261203393,2484.840771055178,16.21703499916611,59.37088578673145,3.21216021186779,7.5661346324473175,52.478671054517946,0,2026-08-25 06:31:48
2024-01-10 02:50:00,CNC-01,L,297.5962441549983,309.89076823329896,2436.3901866782994,18.85656298799958,23.678320159954108,3.0066707913070974,8.430623110323191,53.50243388758125,0,2026-08-25 06:31:48
2024-01-10 02:14:00,CNC-03,H,297.8404204856834,310.19015711141594,2591.475232879222,16.586388376033796,152.85112226664026,3.3046792642345366,8.03396221954658,54.09984819135861,0,2026-08-25 06:31:48
2024-01-10 16:58:00,CNC-02,M,298.87307720259884,313.21383246302815,1850.940607688912,39.62940317243678,40.00738592798235,2.448977073680807,13.941199009967317,52.78777243353133,0,2026-08-25 06:31:48
2024-01-10 18:20:00,CNC-03,H,,313.55924059254744,2090.912648597662,30.879389161126955,47.7930004800013,2.689201225608388,12.190516707269401,51.140572247713855,0,2026-08-25 06:31:48
2024-01-10 06:37:00,CNC-01,L,296.0177191452491,309.5359494561572,1789.321311586403,35.752938817213874,67.26737548847827,2.497346382783703,11.845068132821828,58.915972307976034,0,2026-08-25 06:31:48
2024-01-10 17:35:00,CNC-02,M,298.67301531904104,313.0132087158587,2004.383359300459,33.643414538135794,90.83704429149941,2.6702997075876356,12.719190390375958,55.8446213489533,0,2026-08-25 06:31:48
2024-01-10 14:02:00,CNC-02,M,297.0833381139446,311.65262201671686,1531.9782148508884,48.27921672194044,35.898818100186936,2.223746503734263,13.958716422232735,53.80622799052685,0,2026-08-25 06:31:48
2024-01-10 14:05:38,CNC-02,M,297.39818033364446,311.6012179818452,1371.1016944031119,52.473690869730575,40.66041028610589,2.062903687242672,13.589032017153617,56.03030554697365,0,2026-08-25 06:31:48
2024-01-10 19:59:00,CNC-01,L,27.090199318018392,40.66288381873392,2369.905676750273,25.543732140868634,126.53089628101006,3.103583956303734,11.409159870686048,51.72463658354037,0,2026-08-25 06:31:48
2024-01-10 18:33:00,CNC-01,L,299.8908791987695,313.1267028183903,2044.8351188328024,30.6698294587687,19.688780869884148,2.6853476574490336,11.523254714111957,54.71714495288908,0,2026-08-25 06:31:48
2024-01-10 11:33:00,CNC-02,M,301.7211016986767,309.80494045741625,1388.217194862653,49.055926758162805,58.5274929058341,2.1326093769653998,12.675941330808465,45.6615022802988,0,2026-08-25 06:31:48
2024-01-10 10:08:00,CNC-02,M,296.1664423522063,310.68512272277707,1443.7956032904424,49.68497084794809,173.24307696294787,2.518357607653801,13.249417350862581,63.410094519210624,0,2026-08-25 06:31:48
2024-01-10 21:58:00,CNC-03,H,300.1850539955864,312.13706760986554,2694.463276126402,15.493735979031438,62.78104880762106,3.267205613700944,7.7065355759616345,55.95659529015388,0,2026-08-25 06:31:48
2024-01-10 00:15:00,CNC-02,M,298.96891687033747,310.60597143719406,2761.9509030783806,14.121972229939653,72.01795538155173,3.376442126686271,7.3171554703460915,51.7110326006747,0,2026-08-25 06:31:48
2024-01-10 02:26:00,CNC-03,H,297.76464884030554,310.28795343175307,2452.188368498725,18.539892447769333,166.16609582414773,3.2442875571861682,8.521005299838105,56.5929593564537,0,2026-08-25 06:31:48
2024-01-10 12:49:00,CNC-02,M,296.2233466141397,311.3357454398817,1344.7120789486917,54.94876372658035,179.237356979285,2.479930171759389,13.711965097179604,56.354071695662455,0,2026-08-25 06:31:48
2024-01-10 17:08:00,CNC-02,M,298.87741345624113,312.76722691720414,1895.629764180364,36.28431347152602,53.82639092913534,2.56303867304863,12.57464442578962,46.40959971453839,0,2026-08-25 06:31:48
2024-01-10 22:53:00,CNC-03,H,299.620805900764,310.85332618058993,2786.213099788625,10.88865790975351,122.51342124059835,3.371902610240152,5.6946224896118975,51.69856442184292,1,2026-08-25 06:31:48
2024-01-10 19:23:12,CNC-02,M,299.2685796848472,313.7057884847836,2207.6568469664708,29.44472415345443,231.96950525190564,3.8191475721162296,12.008076536517967,53.66136663473067,0,2026-08-25 06:31:48
2024-01-10 03:23:00,CNC-03,H,297.04997918577806,309.3137557235375,2436.3417382842545,21.07301236423606,0.0,2.9980107679366634,9.759964389312682,60.88471288137458,0,2026-08-25 06:31:48
2024-01-10 00:44:00,CNC-03,H,304.1943122993598,310.3111830617791,2656.0852960879456,16.743253421056654,55.23601056144602,3.2545011061347204,8.615245059645687,45.38236918743276,0,2026-08-25 06:31:48
2024-01-10 03:07:00,CNC-03,H,297.5874870619518,311.68226037290685,2422.972825506179,27.459797596715873,212.28947667363593,3.6042523329875356,12.389513463418304,52.93756993629717,0,2026-08-25 06:31:48
2024-01-10 15:46:00,CNC-03,H,299.1754393571365,313.29853532905764,1551.238895355754,45.807071384260595,56.82649457715222,2.1157819149926813,13.350573045863193,51.052053341738564,0,2026-08-25 06:31:48
2024-01-10 00:37:00,CNC-01,L,298.77283200456344,311.4587931517885,2621.1381866598254,19.495884452553334,80.20317638707934,3.2574744336973316,9.690376099571013,52.340900787666854,0,2026-08-25 06:31:48
2024-01-10 20:17:00,CNC-02,M,25.88310340774302,,2512.6827717017927,23.398644155592674,47.70532333305597,3.0194168922285574,11.095098099156871,50.622825277049174,0,2026-08-25 06:31:48
2024-01-10 08:26:00,CNC-01,L,296.30426668724573,310.5099405337167,1567.1646134222433,48.42970792128653,13.321353183097298,2.307932096854217,14.13350226882437,61.62334475259133,0,2026-08-25 06:31:48
2024-01-10 16:10:00,CNC-02,M,298.6951485045744,314.4483253789147,1651.4718892713452,48.16477254179825,229.805690446347,31.936629771609322,14.82094955862968,53.54169200841618,0,2026-08-25 06:31:48
2024-01-10 19:27:00,CNC-02,M,299.0529480377224,314.2352187099604,2293.2070429527885,32.13006846029399,235.76809847931958,,14.046993099554495,57.77371175813805,0,2026-08-25 06:31:48
2024-01-10 14:26:00,CNC-02,M,297.4290269932793,311.62410166389776,1457.1478324987208,48.317977803926155,73.33647798055279,2.090526353381435,13.184969899203182,55.32391742151266,0,2026-08-25 06:31:48
2024-01-10 04:20:00,CNC-03,H,,309.41709041636096,2316.5019395757445,24.424023307087452,67.54575054325684,2.898373073516547,10.496876856678139,59.56282472706354,0,2026-08-25 06:31:48
2024-01-10 23:56:00,CNC-01,L,298.7888343579537,310.6468771757023,2692.5237999708884,13.522430214422542,171.16704471131405,3.6787485005308613,6.848358762002045,58.361724720268676,0,2026-08-25 06:31:48
2024-01-10 15:09:00,CNC-02,M,297.63398579923063,312.54153881191286,1529.3250147048373,48.22155471544164,139.2332739886846,2.3941619293678467,13.643061902845217,55.78110849951866,0,2026-08-25 06:31:48
2024-01-10 08:01:00,CNC-01,L,296.1709251567901,311.58433119294483,1719.1070747982155,47.90659956160694,186.98686094665698,2.907750304755068,15.124052649427657,60.81653763160382,0,2026-08-25 06:31:48
2024-01-10 10:46:00,CNC-02,M,301.3204893482944,310.6351189929474,1368.506186671165,56.57426476525727,233.13516309352914,3.0252307890380514,14.629425981657548,49.687298689623255,1,2026-08-25 06:31:48
2024-01-10 12:39:00,CNC-03,H,297.52733309000905,311.48415769851294,1394.566113763566,49.70613300368137,36.308088415510596,2.04496984933172,13.097794391600369,54.36486408120359,0,2026-08-25 06:31:48
2024-01-10 01:21:00,CNC-01,L,298.07828941101366,310.75111828006607,2723.989209025362,17.304414749481438,127.21483172220198,3.3962280863983385,9.00469035162939,59.102655280132524,0,2026-08-25 06:31:48
2024-01-10 16:47:00,CNC-02,M,298.6690591993692,312.58437968591585,1875.83813535788,36.151594708599966,24.360559713284488,2.438256103792158,12.50240759355955,48.745314023247225,0,2026-08-25 06:31:48
2024-01-10 14:03:00,CNC-01,L,302.9826096393483,311.61514579132995,1358.1973121951169,56.29084980490328,103.71971885606361,2.1231127720527216,14.336803916458024,47.87346863514421,0,2026-08-25 06:31:48
2024-01-10 23:14:00,CNC-01,L,299.16077610770037,310.92749522817746,2634.1884950723816,14.446334072984051,126.58528491859565,3.4205489623676413,6.9449576836029285,48.691858185546415,0,2026-08-25 06:31:48
2024-01-10 15:30:00,CNC-02,M,297.653698997966,313.3024383040238,1777.6129492008674,46.57858562450604,170.89713448460716,2.8458800455115933,15.504471669300692,54.02199307305649,0,2026-08-25 06:31:48
2024-01-10 03:58:00,CNC-02,M,0.0,309.8254367760755,2458.805433128268,23.21387645483868,94.46429010444072,3.0768888664576335,10.673022833746773,57.78309759987421,0,2026-08-25 06:31:48
2024-01-10 02:37:00,CNC-03,H,297.5520446747945,311.31257498003737,2598.4993416288444,23.222351081206554,178.28450760922104,3.487678393735667,10.986720397961617,61.23142886687262,0,2026-08-25 06:31:48
2024-01-10 06:59:00,CNC-01,L,296.109048606476,310.25576132243924,1837.7348784335038,38.16934445342993,98.0803536748312,2.459904013106765,13.226062466161823,60.37889409367419,0,2026-08-25 06:31:48
2024-01-10 16:27:00,CNC-02,M,298.42610377595156,313.7818085873467,1766.8305948208545,41.722657992317224,254.2558734064687,3.7382128064855675,13.517620197302753,51.31854111101095,0,2026-08-25 06:31:48
2024-01-10 00:06:00,CNC-03,H,298.9468123660113,0.0,2562.4459361411236,14.339683683994926,14.845285839971416,3.133909467997033,6.989105414279521,53.03056800484024,0,2026-08-25 06:31:48
2024-01-10 22:12:00,CNC-02,M,298.63520896038233,312.0983161442139,2701.9475507814627,20.062679296403257,177.9259563070235,3.669175131456308,9.70254334527425,53.24986970993286,0,2026-08-25 06:31:48
2024-01-10 05:54:00,CNC-02,M,295.97319532099414,309.3243790851595,1945.380389845622,31.994367376476703,14.55642339258403,2.4749242576400663,11.35418010965132,60.204684738280605,0,2026-08-25 06:31:48
2024-01-10 20:41:00,CNC-02,M,25.96524971767701,39.84338730590656,2364.254229049746,26.486989341848282,75.99401215468572,2.9549947412171016,11.745960327582461,53.23424221111321,0,2026-08-25 06:31:48
2024-01-10 02:58:00,CNC-01,L,297.3205664107487,310.0480096297237,2329.312435802566,23.54234861733411,32.9441940628381,2.8996809781550903,10.036305737968116,55.00314824797478,0,2026-08-25 06:31:48
2024-01-10 03:47:00,CNC-03,H,296.8183789666031,308.6485839893745,2545.307369806379,17.163196750617487,28.05110611288171,3.1875878558396935,8.31316279463059,51.104184266858326,0,2026-08-25 06:31:48
2024-01-10 12:29:00,CNC-02,M,296.3188892742127,310.62913167446953,1458.099461814794,47.03835532190514,147.46796898934429,2.380455040400645,12.680291144881561,52.431872196296304,0,2026-08-25 06:31:48
2024-01-10 01:04:00,CNC-02,M,298.5325752736589,310.6310817099396,2728.9885181364243,14.877039980710796,124.25996476956225,3.448500914182612,7.773436613428124,51.33944909882183,0,2026-08-25 06:31:48
2024-01-10 06:32:00,CNC-03,H,295.5682442167025,310.4173377642929,1961.762899893668,36.7268159465561,238.08584739436986,3.453757995527186,13.43318589389948,59.632810166694526,0,2026-08-25 06:31:48
2024-01-10 16:06:00,CNC-03,H,299.0155173594549,313.4727050450477,1722.6343764990588,44.25099639589508,86.0862375675955,24.51070905149186,14.296105559180626,59.19601591580174,0,2026-08-25 06:31:48
2024-01-10 02:16:33,CNC-02,M,297.71830006287036,310.8293922342416,2531.5902974011133,19.897198213456758,202.23257351577533,3.656353878240369,9.718253924140019,59.16127982102832,0,2026-08-25 06:31:48
2024-01-10 22:55:00,CNC-01,L,299.4781103718853,311.5692359746322,2631.703664792373,16.06866253509587,106.15112880786782,3.363231351967651,7.7140604710164045,49.23090315874537,0,2026-08-25 06:31:48
2024-01-10 17:31:00,CNC-03,H,299.62718000395313,314.81847294572793,1854.1665379118558,41.545656741888955,206.4002857630829,3.069797087681054,14.448877419038192,52.1444796715976,0,2026-08-25 06:31:48
2024-01-10 06:15:00,CNC-02,M,295.9480935770281,309.7710861876438,2099.2847995050965,31.46857421249911,42.622931980286154,2.6907451713363657,11.98837716442625,60.106323454275056,0,2026-08-25 06:31:48
2024-01-10 03:05:00,CNC-02,M,296.9063134661687,309.2706454625188,2471.873794398321,19.696100202246107,32.803837351528756,29.117333407895398,8.877974357686467,55.65888301315112,0,2026-08-25 06:31:48
2024-01-10 21:05:00,CNC-01,L,26.822859423471073,40.43395176636267,2511.14364497408,24.378219772677927,203.30082949311333,3.881357656600912,11.232294834783374,49.46998809815619,0,2026-08-25 06:31:48
2024-01-10 00:16:00,CNC-03,H,298.4350784870198,309.4739882001604,2747.15186978731,11.065899516372278,25.328479671183203,3.218505458181456,5.789997361791466,52.80384720161912,1,2026-08-25 06:31:48
2024-01-10 15:28:00,CNC-02,M,297.91283836754445,312.5782402485103,1676.2762006774756,41.71068447647768,167.94645281190068,2.5827003429112896,13.137374567727058,55.25809130535358,0,2026-08-25 06:31:48
2024-01-10 09:32:00,CNC-01,L,296.2844614807198,310.65393780536425,1552.3042871441335,46.28852531824418,113.61651236379886,2.2962013000729327,13.1162475415394,61.13304885478856,0,2026-08-25 06:31:48
2024-01-10 13:25:00,CNC-01,L,297.2285611297348,310.7777835817734,1337.9100644786135,48.57596009317588,44.25026111472279,2.0553725252939175,12.169311209808725,52.99024717708112,0,2026-08-25 06:31:48
2024-01-10 17:03:00,CNC-01,L,299.43542633921703,313.1420715120498,1978.158357868422,32.371367387645385,132.57481179338515,2.7405799497250154,11.865645749861235,50.27122729902197,0,2026-08-25 06:31:48
2024-01-10 14:08:00,CNC-03,H,298.7590339117086,313.2721168521673,1357.7813339228398,51.43285883757933,176.77281358035057,2.3817604820345863,12.908633906863324,53.42287335733106,0,2026-08-25 06:31:48
2024-01-10 21:04:19,CNC-02,M,25.761005348198125,38.60444970911334,2466.794612609337,20.083540101916043,103.4604169427501,3.163728259363806,9.210475357207693,51.573064381313664,0,2026-08-25 06:31:48
2024-01-10 00:54:00,CNC-03,H,303.9408217425161,309.6790522460331,2718.332735174243,14.530742543764253,65.84994607029867,3.305915223903726,168.115350743716,46.12001528943005,0,2026-08-25 06:31:48
2024-01-10 11:44:00,CNC-03,H,296.76137556197887,311.77269723468066,1393.155714859701,53.95150777084539,223.07909689438694,2.7490123741336028,14.111694792637687,61.41856073966979,0,2026-08-25 06:31:48
2024-01-10 10:52:00,CNC-01,L,296.7949880726374,310.47525495946695,1439.3240817786768,47.82001273314688,15.897906570352562,2.0509808291593803,12.596408820834663,61.611726070937195,0,2026-08-25 06:31:48
2024-01-10 21:03:00,CNC-02,M,25.503742821320316,38.65310679545286,2551.564116110239,19.47389733200798,101.21766991338042,3.12123753415687,9.198595636771602,55.22180437275742,0,2026-08-25 06:31:48
2024-01-10 03:22:00,CNC-03,H,297.07469721752733,311.72254168506595,2407.929268951956,28.081890921062016,229.70721746027436,,12.724623385737253,54.107791042176295,0,2026-08-25 06:31:48
2024-01-10 06:01:00,CNC-03,H,296.18266074985263,310.89968518965634,2101.7640051394455,32.96793570365603,196.26557134832126,3.070647510994599,12.83618136644683,49.65002954773655,0,2026-08-25 06:31:48
2024-01-10 17:20:00,CNC-02,M,298.74604327751086,313.1564509860918,1740.198068222282,41.16708491359028,70.44488468010923,2.302120721019162,13.528944807501032,53.19566643494635,0,2026-08-25 06:31:48
2024-01-10 21:50:00,CNC-01,L,299.7237022990993,311.3080757029601,2521.194106082115,15.790202444218854,35.5575325714703,3.1566290779197415,7.192791994463991,48.32360854074287,0,2026-08-25 06:31:48
2024-01-10 03:46:00,CNC-02,M,296.8212050283887,310.6874936909498,2446.265086654808,26.608641830747555,80.29789454766033,3.0858384027439825,12.284700147632053,59.417972417682066,0,2026-08-25 06:31:48
2024-01-10 00:08:00,CNC-01,L,298.91744596216796,310.7297966355283,2746.769821821885,15.762163300856562,49.299644763041435,3.3040991845944,7.950113552582846,53.949886863962575,0,2026-08-25 06:31:48
2024-01-10 21:58:00,CNC-01,L,299.8712353736511,311.56814136929626,2763.133275043342,14.562606001583237,44.279249625631415,3.327731256029653,7.57667020853028,53.53884801490996,0,2026-08-25 06:31:48
2024-01-10 23:40:00,CNC-02,M,298.3578991957815,311.3779437844933,2688.2755893310687,20.043482915851282,57.58133659707282,3.265320095592466,10.245319025283738,55.943771619628805,0,2026-08-25 06:31:48
2024-01-10 04:05:00,CNC-03,H,296.8153737490164,309.95442085521506,2368.9933631326617,24.679226907676203,49.405733283559755,2.9756236691962434,10.908463796126346,56.41618301640158,0,2026-08-25 06:31:48
2024-01-10 20:26:00,CNC-01,L,26.770479729448653,40.464123812022024,2413.5677603426875,24.99285642606384,158.3545141424149,3.414058325324722,11.310929608163551,51.075606636364284,0,2026-08-25 06:31:48
2024-01-10 18:46:00,CNC-03,H,299.80035883512033,313.93180846338817,2208.718851634397,31.94888939682678,81.4469070129152,2.7617852330798516,13.126317260265898,54.1057204242431,0,2026-08-25 06:31:48
2024-01-10 14:45:00,CNC-02,M,297.5114178618963,311.6061636882058,1308.2783199706516,51.852483094476284,102.69233077488559,1.9961358720912852,12.568883123356786,56.32497240824075,0,2026-08-25 06:31:48
2024-01-10 19:22:00,CNC-02,M,299.2779908670476,313.78361995274815,2159.2800673238385,29.960263341913212,229.47382820130457,3.5978844686736142,11.92275534466089,49.54670271523971,0,2026-08-25 06:31:48
2024-01-10 03:00:00,CNC-03,H,297.3539764453371,310.4379837004462,2660.185915318367,20.62144709676888,204.20939408501744,3.758907452324282,10.500179091896369,59.17682321735938,0,2026-08-25 06:31:48
2024-01-10 19:15:00,CNC-01,L,300.05779293228227,313.72112842823265,2133.992747668706,31.202378596289392,72.83165204436324,2.74400266530461,12.602614762900991,53.48977255125965,0,2026-08-25 06:31:48
2024-01-10 11:35:00,CNC-01,L,296.77141254743697,310.75919418024904,1313.5620489476985,50.9328387436622,84.01176299202815,2.08191717793593,12.504092308788334,56.222184328788806,0,2026-08-25 06:31:48
2024-01-10 11:09:00,CNC-02,M,301.22747919387086,309.2892598322565,1361.7200277878258,52.252507098423735,20.589879195800705,2.104598145712819,13.142019043198145,46.983363718185345,1,2026-08-25 06:31:48
2024-01-10 06:10:00,CNC-02,M,296.05507911533704,309.8944293069275,2051.1299812891652,32.88504709064499,35.919348724224655,2.675382258095392,12.712279283473805,57.98708238253807,0,2026-08-25 06:31:48
2024-01-10 03:15:00,CNC-03,H,297.454523937934,312.4618878699909,2605.9649152005513,27.56303516965112,221.59779119928297,3.9651932582807916,13.41582782884838,54.0124513699251,0,2026-08-25 06:31:48
2024-01-10 02:01:00,CNC-02,M,297.7210928521621,310.34095002157903,2762.4426066506153,15.976630723156118,185.8048584734847,3.8247488531450244,8.546256886776376,59.832775131744725,0,2026-08-25 06:31:48
2024-01-10 20:54:00,CNC-01,L,26.738276406238185,39.99222157746317,2552.67460076672,20.603728040343597,190.6672264093822,3.8290415983650044,9.384931945295325,51.85682145970434,0,2026-08-25 06:31:48
2024-01-10 13:17:00,CNC-03,H,297.9492744742396,311.7382173231616,1338.8039313010297,46.424674453777826,96.70000446339876,2.0612269672848926,11.758973022329435,55.20280783340532,0,2026-08-25 06:31:48
2024-01-10 16:35:00,CNC-02,M,298.5880336629425,312.5500907205219,1838.49448284303,37.9337577076984,7.194044252273492,2.4085988730328505,13.122866880180952,55.70662089927554,0,2026-08-25 06:31:48
2024-01-10 17:27:00,CNC-01,L,299.49650218527904,314.16206150934653,1905.0820961750997,,165.84042680784952,0.0,13.652653532523344,52.5641918310318,0,2026-08-25 06:31:48
2024-01-10 13:26:00,CNC-03,H,298.0116265109995,312.6400179150351,1473.314058544833,49.93407175103492,110.92728061876726,2.1280450025149706,13.70910657562573,55.39205683938784,0,2026-08-25 06:31:48
2024-01-10 14:34:00,CNC-01,L,303.3506049155622,312.15415695495295,1660.9994026736952,45.95245587365083,151.82486830226807,2.6122784460951665,14.249606456360977,40.66184363653977,0,2026-08-25 06:31:48
2024-01-10 16:51:28,CNC-01,L,299.6259800623484,314.54452537727263,1893.5191027883268,41.40993231135167,114.37799110062782,2.6966706780008325,14.741115905754024,56.507965056839595,0,2026-08-25 06:31:48
2024-01-10 21:27:00,CNC-02,M,25.82867330193403,38.85917675324532,2646.2914803910726,18.645988713867716,128.2513425907291,3.42193774745559,9.056164535669577,56.476291789529405,0,2026-08-25 06:31:48
2024-01-10 10:40:00,CNC-01,L,296.7625914822575,311.1772563395552,1295.423698642031,53.05867552366326,219.94157354105266,2.9660008562890567,12.99717644275898,59.74334196854569,1,2026-08-25 06:31:48
2024-01-10 05:56:00,CNC-01,L,296.37558312406566,309.68817118696205,1998.6728239706338,31.89483760777991,11.94846875074531,2.6138038666865473,11.969066231864238,56.698054775780705,0,2026-08-25 06:31:48
2024-01-10 22:47:00,CNC-03,H,299.65061461153897,312.3686618117847,2632.2190995388814,19.398739799096322,115.92472957519492,3.1834296015288785,9.839181691904477,53.75323823196716,0,2026-08-25 06:31:48
2024-01-10 05:42:00,CNC-01,L,296.31497357775294,311.4537834373227,2058.376319615732,36.87646278384765,232.6691008601831,3.925411751971312,14.148849953559367,58.973668269158296,0,2026-08-25 06:31:48
2024-01-10 03:27:00,CNC-02,M,296.97127799915756,310.09682304792165,2434.156946908379,23.03432005142251,58.250396658645265,28.895861158416814,10.489046581634813,54.45714221013714,0,2026-08-25 06:31:48
2024-01-10 16:12:00,CNC-01,L,298.88095170003487,312.82750335645335,1771.6274481188468,39.11591753493668,60.44024548468619,2.4397790169969586,13.118206958198543,49.477968400578625,0,2026-08-25 06:31:48
2024-01-10 00:41:00,CNC-02,M,298.62971761383386,310.39882308594815,2487.6313056580416,15.605027632265461,99.85877686817733,3.049108316868211,7.376885642972372,51.75444228610211,0,2026-08-25 06:31:48
2024-01-10 19:23:00,CNC-01,L,299.88674358881974,313.0853990862583,2250.231889794986,26.56326200513575,82.64013329212216,27.640996144390602,11.171375049860812,51.956049346407745,0,2026-08-25 06:31:48
2024-01-10 08:13:00,CNC-01,L,295.97351497201555,310.79678485689703,1594.9614268394512,44.018991058281095,204.61324739143728,3.085078388626118,13.32814334857296,59.1601032226008,0,2026-08-25 06:31:48
2024-01-10 18:13:00,CNC-02,M,299.0708435532795,313.7851992796792,2038.0946534612037,35.517979707891456,141.59727618658437,2.832827515898232,13.410312542282252,52.05015179126157,0,2026-08-25 06:31:48
2024-01-10 11:00:00,CNC-03,H,296.795957444699,311.57617060683583,1434.055442749139,54.130720014679554,153.15908555588547,2.364195844697278,14.41579500850714,56.14839808588932,0,2026-08-25 06:31:48
2024-01-10 08:52:00,CNC-03,H,295.7583577207754,310.64113451413243,1548.0627926029583,48.830042474610465,185.69952432611416,2.5974217666938224,13.945169768917712,55.46340688751421,0,2026-08-25 06:31:48
2024-01-10 03:23:00,CNC-01,L,297.30831295457716,309.5297283878194,2388.610455911467,20.08394736173277,61.64944123295207,2.8629317828099037,9.087564135816908,61.70175640894942,0,2026-08-25 06:31:48
2024-01-10 00:34:00,CNC-03,H,298.70650508262156,310.46384899443154,2719.589780445029,14.633996578022535,44.45498067688789,3.2828181847369757,7.537912325460271,57.264679083772926,0,2026-08-25 06:31:48
2024-01-10 17:35:00,CNC-03,H,299.8785476473486,314.82024748853945,1968.6863005951905,36.91376178704813,211.8289223046552,3.2676669253247534,13.709883564110111,49.704167102081946,0,2026-08-25 06:31:48
2024-01-10 12:20:00,CNC-02,M,301.90556223379997,310.8740940983519,1429.8581035267189,52.965492677794174,133.15825435573427,2.2388281899586158,14.36919110556808,45.48848710422914,0,2026-08-25 06:31:48
2024-01-10 08:36:00,CNC-02,M,295.88525406684914,310.16554185830813,1523.1921620244746,47.71340392301284,31.348383520475604,2.1734468698871785,13.525233965308322,58.412466009093386,0,2026-08-25 06:31:48
2024-01-10 09:20:00,CNC-03,H,296.2073386926138,311.5061602222415,1517.833302531469,51.01559382042855,228.1620832055775,2.974981717273272,14.570312309726926,59.75195911421527,1,2026-08-25 06:31:48
2024-01-10 21:29:00,CNC-01,L,299.9571533398607,312.0741492671212,2633.3847515619254,18.437279376597154,12.298450500047478,3.162778897662294,9.215271745355563,54.01873143118148,0,2026-08-25 06:31:48
2024-01-10 11:41:00,CNC-01,L,296.8867084726491,310.1313760420995,1266.5275941085229,47.27902082627503,93.48643654854381,2.0369918566539034,11.226343313252238,58.795884850153584,0,2026-08-25 06:31:48
2024-01-10 05:07:00,CNC-03,H,296.19086366421413,310.39506708867384,2110.1222774185,33.833402456749866,126.31043054519377,0.0,13.351995364373915,57.83058073107177,0,2026-08-25 06:31:48
2024-01-10 02:40:00,CNC-03,H,297.70653217430265,311.79906597465003,2547.627854280328,25.30118018715769,181.71552632085314,3.503047520388862,12.20059166183267,57.74896026957495,0,2026-08-25 06:31:48
2024-01-10 13:11:00,CNC-01,L,297.1910503149588,311.2209642905096,1435.4328005139273,51.877206399979784,22.112489031419486,2.106238342191198,13.841365697277542,56.66694607419749,0,2026-08-25 06:31:48
2024-01-10 02:55:00,CNC-03,H,297.44844834430637,311.12652674457706,2459.6832759581807,24.191260584294433,198.61152654651065,3.666732359799588,11.268485695873112,54.79679916665806,0,2026-08-25 06:31:48
2024-01-10 11:02:00,CNC-03,H,296.92004915594504,311.386064138001,1364.1740319595574,53.028836579965855,156.3270983785907,22.854535658931514,13.592242092993462,54.65609051154828,0,2026-08-25 06:31:48
2024-01-10 16:17:00,CNC-02,M,298.44949679531624,314.13241636113355,1625.068239413379,48.351569003811754,239.90719951695138,3.3809609526127202,14.846854455577269,50.99969455953605,0,2026-08-25 06:31:48
2024-01-10 15:55:00,CNC-01,L,298.6025505910189,312.48363943312944,1647.828557556371,42.619022265482066,35.51369000050794,2.257278383956741,13.37644661287586,51.71448576627898,0,2026-08-25 06:31:48
2024-01-10 04:38:00,CNC-01,L,296.41760205076935,310.47597196219465,2302.4835420307622,29.374939099640628,151.21862195604044,3.236331917254315,12.607966188356674,58.81072730532979,0,2026-08-25 06:31:48
2024-01-10 07:00:00,CNC-03,H,295.6257321902765,308.8963612475909,1911.7516579330688,32.463169707054675,22.040763996079022,2.567893330142046,11.644279053814094,58.072794553971576,0,2026-08-25 06:31:48
2024-01-10 12:19:00,CNC-01,L,296.808183281627,311.1340815255758,1389.8562282333226,,153.8631701773192,2.4375570013966286,12.98060908066196,58.11676655489003,0,2026-08-25 06:31:48
2024-01-10 19:49:00,CNC-01,L,26.519112208341426,40.895004927308264,2414.473337818224,30.390300035567858,114.46069224457425,30.600054913105723,13.654954102872935,51.44565769848758,0,2026-08-25 06:31:48
2024-01-10 01:11:00,CNC-02,M,298.4163099425203,311.54790196063556,2734.5919672295004,19.045336114125828,131.74771812696147,3.380927638317212,9.833593849029684,53.83984201750006,0,2026-08-25 06:31:48
2024-01-10 04:59:00,CNC-01,L,296.46853681135565,310.61682014515065,2213.2706735590295,29.484395302729382,177.52420271739348,32.37993265905224,12.086967585986667,57.36795280653612,0,2026-08-25 06:31:48
2024-01-10 04:42:00,CNC-01,L,296.67664681463236,310.1530058092373,2435.766136430686,23.276853775822346,156.0361298403934,3.346318471368408,10.353367644175796,58.43681841070913,0,2026-08-25 06:31:48
2024-01-10 13:50:00,CNC-02,M,296.7556977351924,310.74543670024815,1438.6589274861315,47.49462468211054,17.2380582326825,2.134854481145544,12.831930450687308,55.25057125824148,0,2026-08-25 06:31:48
2024-01-10 06:39:00,CNC-02,M,295.81794636420534,309.74908439076273,2008.1096307830187,33.07558681517377,75.25592597173905,2.59858210329131,12.508076960950685,56.66072647766224,0,2026-08-25 06:31:48
2024-01-10 05:05:00,CNC-01,L,296.4054309252339,310.4659123482145,2264.14553336886,27.53104107156442,185.06578581116642,3.471616617085861,11.69266712515306,57.667810300562714,0,2026-08-25 06:31:48
2024-01-10 17:09:00,CNC-01,L,299.5307485550187,314.300465343491,1787.039175798578,42.479747188031794,141.06922715762062,2.655885135476008,14.254465449418504,49.70399150375697,0,2026-08-25 06:31:48
2024-01-10 19:54:00,CNC-03,H,27.226918159845752,40.80992838702082,2232.6959311443143,26.78735691933595,165.3145255623198,3.1389819195145408,11.177526440990055,42.81975042747128,0,2026-08-25 06:31:48
2024-01-10 08:27:00,CNC-03,H,296.24630581222965,311.4975566492796,1614.064551817644,51.94820698475187,148.08057943123154,2.517031689630353,15.597298495122581,58.4466734214679,0,2026-08-25 06:31:48
2024-01-10 06:45:00,CNC-01,L,296.0505482952854,309.8352339454251,1879.4632174155665,35.490233964555145,78.40238010253591,2.4264310010910606,12.467321921408612,57.37533119259447,0,2026-08-25 06:31:48
2024-01-10 01:34:00,CNC-03,H,298.23792731997116,310.1931924608497,2746.3548853863226,15.200790103323865,108.94214998063043,3.324918138270313,7.807413446111544,54.96439644759408,0,2026-08-25 06:31:48
2024-01-10 18:48:14,CNC-01,L,299.8848744888662,312.99335585729796,2200.818683161693,27.1740119515422,40.15921593093463,2.774375922610015,11.405550044959142,52.8298650913395,0,2026-08-25 06:31:48
2024-01-10 22:59:00,CNC-02,M,298.4469545848308,310.4879084807135,2572.539717216431,17.513520678062918,13.825347853202793,3.0360240980396473,8.407463258693044,54.03002380422788,0,2026-08-25 06:31:48
2024-01-10 15:17:00,CNC-03,H,298.9757714250947,312.94014246050233,1518.6851093360494,46.07569589671352,13.611246798133124,2.026237509485764,13.069965198844573,53.804335947356535,0,2026-08-25 06:31:48
2024-01-10 11:08:00,CNC-03,H,296.7079670146149,311.6274509524757,1430.9940580960708,54.159748031777426,165.79027770465154,2.4032949408441944,14.718901529019307,56.85512141134848,0,2026-08-25 06:31:48
2024-01-10 20:06:00,CNC-02,M,26.136139676883943,38.46906938993908,2325.623444935387,20.1020582571593,34.79879244207201,2.895713609972213,8.913753642251868,54.19754046961571,0,2026-08-25 06:31:48
2024-01-10 03:12:00,CNC-03,H,297.574885411998,311.17923476148553,2553.6701426419754,21.867306382094494,218.07975976098376,3.7319094606276413,10.52484117919399,54.41533103268906,0,2026-08-25 06:31:48
2024-01-10 12:58:00,CNC-03,H,297.85679856841614,312.06354661006674,1492.111232886504,47.571949454356734,66.5250154337958,2.16053599404678,13.379633028290462,51.595882406340955,0,2026-08-25 06:31:48
2024-01-10 13:08:00,CNC-01,L,296.92158099713726,310.6036804939188,1356.557313923792,49.79447812417439,17.33536759456347,1.9457485691382976,12.77259320393933,58.214953966000635,0,2026-08-25 06:31:48
2024-01-10 17:17:00,CNC-03,H,299.7960004895134,314.8228357632928,1795.8975027977021,43.9864280980003,187.19482383619405,27.896024139243256,14.601042296865028,,0,2026-08-25 06:31:48
2024-01-10 23:58:00,CNC-02,M,298.061560374879,310.94454775685585,2542.5167162412477,19.064188458385253,76.82613250720077,3.058331160033859,8.99473672527473,57.47119919191493,0,2026-08-25 06:31:48
2024-01-10 02:58:00,CNC-02,M,297.3492670395693,308.8084211892426,2580.0883980678295,14.091398646710925,24.784368080461853,3.1200969028325045,6.537427931556882,55.71233881384359,0,2026-08-25 06:31:48
2024-01-10 18:38:00,CNC-03,H,299.9903838973975,313.98127259422006,2041.3754147640632,33.99145467287697,71.15083836957007,2.590307656469971,12.623952385560179,52.06740640491788,0,2026-08-25 06:31:48
2024-01-10 01:02:00,CNC-01,L,298.46388931100176,310.8673988449464,2811.105795230352,16.44674060209394,106.851477230442,3.4849725160041487,8.742624957493353,53.65823237227485,0,2026-08-25 06:31:48
2024-01-10 20:39:00,CNC-01,L,26.589971100069647,40.43522482416387,2624.9616372313653,22.461529551233046,173.4763933236831,3.568606446732116,10.986153710328104,49.24607132399378,0,2026-08-25 06:31:48
2024-01-10 13:40:00,CNC-01,L,302.89500595018205,311.2932789027311,1384.0744049141067,53.304782840367054,67.80299290600983,2.137018608049102,14.09666027516882,47.370074881175356,0,2026-08-25 06:31:48
2024-01-10 06:13:00,CNC-01,L,296.55246134667055,309.83702241202246,1808.8580490091097,35.94991737961782,34.657491051956804,2.569149996350547,11.887952155838788,62.27783137683399,0,2026-08-25 06:31:48
2024-01-10 22:13:00,CNC-02,M,298.50049523893273,311.9038239946663,2497.208316873346,20.597701949241937,179.06092609765005,34.37649132257533,9.796206858981092,54.387526732935996,0,2026-08-25 06:31:48
2024-01-10 20:46:00,CNC-02,M,25.912121381995064,39.42700572236356,2440.032587312744,23.089081443515177,81.82896450000155,3.059880148167073,10.453679940343745,51.08430687009777,0,2026-08-25 06:31:48
2024-01-10 05:41:00,CNC-02,M,296.23667209885207,311.35185013216227,,35.70648932596919,223.02484626677278,3.5088206996692626,14.117047773858113,57.536272912910206,0,2026-08-25 06:31:48
2024-01-10 14:18:00,CNC-03,H,298.82061573666414,313.51261644464375,1534.4654453325843,47.592721187770614,192.14490209617114,2.6490180159428913,13.898840666153685,47.149217618971115,0,2026-08-25 06:31:48
2024-01-10 14:59:00,CNC-03,H,298.5745797516243,313.8503761259665,1388.5595609922264,55.66372755251595,255.16272543763844,3.1640191939035573,14.694170908310642,54.40542460610812,1,2026-08-25 06:31:48
2024-01-10 08:05:27,CNC-03,H,296.18522866881494,310.62335878106353,1695.729780209211,43.02457580296231,116.9367608667405,2.341994286249309,13.41463233345699,57.39666390017366,0,2026-08-25 06:31:48
2024-01-10 02:45:00,CNC-03,H,297.88958270791056,311.13105671215544,2458.8129898494662,21.76053317487216,187.33232745922362,3.5333690262751807,10.160888952927964,56.10340179127904,0,2026-08-25 06:31:48
2024-01-10 21:25:00,CNC-01,L,26.71932655109083,37.83661459244007,2633.852238714064,14.448870499514772,7.818986997496966,3.227589114052308,7.029584112344057,49.840650391278885,0,2026-08-25 06:31:48
2024-01-10 16:49:00,CNC-02,M,298.49644022525416,312.3248909454665,1859.7311890553667,36.09827903868631,27.171367773396508,2.6078694782230123,12.477857747072548,51.115709525763336,0,2026-08-25 06:31:48
2024-01-10 02:31:00,CNC-01,L,297.44612804659624,309.00461923329925,2596.859768165079,16.400383361040078,2.2484219712733093,3.1984158532988554,8.013117019620198,54.42205046973627,0,2026-08-25 06:31:48
2024-01-10 01:57:00,CNC-01,L,298.2325526559924,311.67920359734796,2596.0211711972943,22.505166218192187,166.36491615794614,3.505257488535886,10.836010188133821,52.33063987807237,0,2026-08-25 06:31:48
2024-01-10 22:51:00,CNC-02,M,298.35757943831123,308.84488249000515,2715.1584375187394,8.014607075533474,5.302751554213779,3.203235791463555,4.211817880193697,52.700015862510696,1,2026-08-25 06:31:48
2024-01-10 14:40:00,CNC-01,L,297.53702550319434,312.36067445928427,1536.8125221637279,50.91931616697366,161.16891463851243,2.5953303662470724,14.953635959640499,58.641672209887865,0,2026-08-25 06:31:48
2024-01-10 14:25:00,CNC-03,H,298.3552716208698,313.3961103795724,1385.7969458356374,57.163363610347396,203.11676757743925,2.565966965644954,15.031517456473964,61.88807539806964,0,2026-08-25 06:31:48
2024-01-10 03:03:00,CNC-01,L,297.4648332936663,309.5168576786501,2608.5844986418883,17.541019013832877,38.59406086238581,3.111837324348212,8.835424567342397,57.74281991013115,0,2026-08-25 06:31:48
2024-01-10 19:43:00,CNC-02,M,299.203264048471,311.8470739680476,2317.4446636310568,23.055281798198415,7.303044822361192,2.896434220088264,9.954326010693862,49.23334246684788,0,2026-08-25 06:31:48
2024-01-10 10:34:00,CNC-02,M,301.2049019131326,311.0579431943913,1570.4845872271185,53.384128671718784,214.11952852423119,2.883962496668435,15.590294801940647,46.629010722734385,0,2026-08-25 06:31:48
2024-01-10 19:07:00,CNC-01,L,300.02715705622313,313.12802071427626,2247.442457738942,26.767817054993643,62.81538644559492,2.8365924941169265,11.531487131701448,49.84374195207139,0,2026-08-25 06:31:48
2024-01-10 20:31:00,CNC-02,M,25.983515573869738,38.85031894289864,2372.5918170174778,22.025127988109634,64.26945967350572,2.8797718443389497,9.694240022289977,52.56604956710303,0,2026-08-25 06:31:48
2024-01-10 05:53:00,CNC-01,L,296.3991878525944,309.92348539613823,2034.2540041295435,33.001424034524796,7.956187062732665,2.6497541801809925,12.436720658819784,53.26082107704909,0,2026-08-25 06:31:48
2024-01-10 04:27:00,CNC-03,H,296.47953486095236,310.04994022359216,60068.510622380796,26.439392883319403,76.10614035303716,2.9219930152797864,11.40165386276518,57.09052692323916,0,2026-08-25 06:31:48
2024-01-10 12:06:00,CNC-03,H,297.4343934430053,312.05728985353005,1278.4324681130297,52.12147065476308,257.99354237620577,3.0525336953583206,12.506451617599222,60.06712965776274,1,2026-08-25 06:31:48
2024-01-10 16:13:00,CNC-03,H,299.4923497714117,313.8872744472047,1804.6609694732213,41.620728837610784,96.42177322172402,2.4729283371979864,14.212169799692887,57.97530603918374,0,2026-08-25 06:31:48
2024-01-10 15:31:00,CNC-03,H,298.91377877632635,312.7654540713463,1594.0744319528037,43.113835163061374,34.59905207895647,2.2076520489338267,12.74761801725869,52.23419661597739,0,2026-08-25 06:31:48
2024-01-10 07:12:04,CNC-03,H,295.57527913532505,309.4680465220957,1816.3265775772957,38.26845370005105,38.91178919490526,24.003403938794285,12.880912460607636,60.32682553509674,0,2026-08-25 06:31:48
2024-01-10 02:47:00,CNC-01,L,297.4695096932544,309.6767300696678,2664.391101743017,18.011919850023123,20.28908884607305,3.1214243559599075,9.010015709287444,60.59066613457157,0,2026-08-25 06:31:48
2024-01-10 22:00:00,CNC-02,M,298.7615334543862,312.3491895349152,2624.27578582444,20.809765545020344,164.72595595186462,3.535266215775077,10.135381880620134,55.14540148598159,0,2026-08-25 06:31:48
2024-01-10 23:55:00,CNC-02,M,298.27041001723916,310.42848296722235,2723.5867440730503,14.577681564276174,73.57203121832703,3.21929311961246,7.323997777442869,55.43248124535027,0,2026-08-25 06:31:48
2024-01-10 02:44:00,CNC-01,L,297.27597078528976,308.90610140361485,2727.5724016591744,15.638870496656345,16.970744088426823,3.27876311660388,8.472830336751668,56.9996365146249,0,2026-08-25 06:31:48
2024-01-10 02:25:00,CNC-03,H,297.78412573683767,310.66670747562387,2584.75844384127,18.847599911619287,165.03561828801426,3.3374564402319793,9.303943720619271,55.56856975580591,0,2026-08-25 06:31:48
2024-01-10 09:08:00,CNC-02,M,295.88882146284,309.87700236092684,1349.7303681505018,50.29250581757401,80.03539854164676,2.0262067583991143,12.803451517447643,55.61922816818017,0,2026-08-25 06:31:48
2024-01-10 16:45:00,CNC-03,H,299.56463634961494,314.1924795335778,1765.573486697427,43.18859671695647,142.2835936202201,2.658815650833378,14.462076349467774,51.04202754552088,0,2026-08-25 06:31:48
2024-01-10 15:13:00,CNC-03,H,298.781471842542,312.7511974452051,1520.6793567435807,45.35726116741051,7.540837581720297,2.216723153077339,12.86810557025565,57.04589042927642,0,2026-08-25 06:31:48
2024-01-10 16:24:00,CNC-03,H,299.600667313534,314.5161756840682,1757.6013247110343,45.0129307265145,112.3210818798896,2.37891394055081,15.06490774312294,55.10254657514101,0,2026-08-25 06:31:48
2024-01-10 00:07:00,CNC-03,H,298.9077249289937,309.97724047836437,2685.0144450030903,11.861590495998797,15.904158910426714,3.1952719885276193,6.010954903088315,50.58310059760748,1,2026-08-25 06:31:48
2024-01-10 22:23:00,CNC-02,M,298.58972266853635,313.18811305156163,2629.0218752161595,25.228658890927505,189.98869374607276,3.7707328494993284,12.684153777162019,53.02630691790812,0,2026-08-25 06:31:48
2024-01-10 16:39:00,CNC-03,H,299.6404655262852,314.13583366844944,1602.0683398074298,46.23603092742349,133.76679317962513,2.4690135453413125,13.805910429156722,50.59055287826014,0,2026-08-25 06:31:48
2024-01-10 22:58:00,CNC-03,H,299.5922596344964,311.58297222327803,2678.870635636019,14.881177247384837,127.92912754966031,3.381111906570025,7.363991354232916,55.82539263412034,0,2026-08-25 06:31:48
2024-01-10 03:57:00,CNC-03,H,296.9778862841544,310.0502518147771,2156.652847228529,26.485516557381004,39.88196578450942,2.7025422271362185,0.0,54.05425227782211,0,2026-08-25 06:31:48
2024-01-10 06:38:00,CNC-03,H,295.69987971366584,310.87546853684756,1972.7401458144402,38.480658957176445,246.3298471171905,3.5458132836061527,14.269068815000198,55.45357919993148,0,2026-08-25 06:31:48
2024-01-10 08:39:00,CNC-02,M,295.75282463214444,309.9811819528652,1679.2232957440929,42.72161839569008,35.843037609183504,2.3591349535633013,13.434372648043608,57.85177089237635,0,2026-08-25 06:31:48
2024-01-10 22:11:00,CNC-01,L,299.51187621516124,312.1853883822144,2518.089532826591,19.995038988415644,58.673159408909,3.0381076598042185,9.458087797592261,53.84355182128506,0,2026-08-25 06:31:48
2024-01-10 06:12:00,CNC-02,M,295.994659779611,309.27751112515915,1939.3510585670856,31.330752785376816,38.64751721791538,2.5723339087905823,11.185752685910177,60.97039125609079,0,2026-08-25 06:31:48
2024-01-10 11:13:00,CNC-03,H,,312.2359452938099,1441.1744948796854,54.7076211629698,173.7619050455857,2.4518554048560235,14.688759106972762,55.719675372513755,0,2026-08-25 06:31:48
2024-01-10 08:14:00,CNC-02,M,295.705962565231,311.1435989909139,1609.9578881735592,48.080532305780224,211.32518117837313,3.0653248389129337,14.534776382075586,60.837033199785466,0,2026-08-25 06:31:48
2024-01-10 19:36:00,CNC-03,H,300.403305909057,314.43864340706034,2314.093303119128,28.79340285100877,143.72666799992533,3.112401552421529,12.3161167039522,51.0491144817398,0,2026-08-25 06:31:48
2024-01-10 01:09:00,CNC-03,H,303.81043474221894,309.88174551713934,2685.0804344050866,16.099764937163652,82.14768460724181,3.2515988771184574,8.136686233600578,41.092478477277666,0,2026-08-25 06:31:48
2024-01-10 12:37:00,CNC-02,M,296.063766088674,311.1632100567337,1399.6462282394307,55.902407184927874,160.15236468543347,2.370420290029223,14.688477079627072,58.59809482976313,0,2026-08-25 06:31:48
2024-01-10 15:35:00,CNC-01,L,298.5431280628022,312.5126884067689,1791.4100456038893,40.52056397794752,5.954910607583537,2.4715210950457194,13.635252400176652,55.69395294444531,0,2026-08-25 06:31:48
2024-01-10 03:56:00,CNC-01,L,296.49918912362614,309.7502853901611,2384.675642383188,24.25476976796531,100.30921716256331,30.252476866575936,10.913586104496197,61.60686875192402,0,2026-08-25 06:31:48
2024-01-10 15:30:00,CNC-03,H,299.18764143577226,313.0136123383851,1552.5752878545197,44.66550273028836,33.097403864475794,2.238618692429601,12.891650435158752,51.156703723653344,0,2026-08-25 06:31:48
2024-01-10 16:51:00,CNC-02,M,298.5950011996936,313.3970175243294,1850.80113741509,41.75202797234618,30.077188060011828,2.4238768201166163,14.629174364164093,50.97123637643078,0,2026-08-25 06:31:48
2024-01-10 04:54:00,CNC-01,L,296.4837500066152,310.62576258071334,2104.6106096035587,31.448906088340078,171.15907598441353,3.1822748961542824,12.387997323541503,60.209660639980605,0,2026-08-25 06:31:48
2024-01-10 13:35:00,CNC-03,H,298.1286708762692,312.4207796366616,1344.8141426075344,52.61771471049527,125.1068345327604,2.226446313329719,13.17812465468166,52.567421238496586,0,2026-08-25 06:31:48
2024-01-10 02:06:00,CNC-01,L,297.50318600612974,310.9355319317321,2576.6383858944864,22.024669220301917,176.31547206590463,3.7272739471641008,10.351065902703846,55.39640492541716,0,2026-08-25 06:31:48
2024-01-10 11:02:00,CNC-01,L,296.6465743424972,310.60084033846346,1388.0613020877113,49.86348410404914,31.70721010535785,2.0231887384647727,13.061583088951542,58.584946093901905,0,2026-08-25 06:31:48
2024-01-10 17:10:00,CNC-03,H,299.94196354459166,315.05020998291036,1784.063781085607,42.92787710451148,177.51338638503842,2.7549406969267975,14.60110785785502,52.799058607794414,0,2026-08-25 06:31:48
2024-01-10 20:49:00,CNC-03,H,26.8745193238787,40.459447680887706,2560.637212220759,21.698141574550753,230.01252014202714,,10.400582771597984,53.59402804738295,0,2026-08-25 06:31:48
2024-01-10 21:18:00,CNC-01,L,26.6431971199587,38.147161495023,,13.921143643888712,0.0,3.2024535785301484,6.866080869725372,49.87789259044696,0,2026-08-25 06:31:48
2024-01-10 11:56:00,CNC-03,H,297.31537173200337,312.6376287682566,1407.044581891722,53.984332705625924,242.0676186896163,3.0021815763852557,14.37502604172558,54.9180745031541,1,2026-08-25 06:31:48
2024-01-10 00:14:00,CNC-01,L,298.91841128245767,309.34874084121964,2769.261241914174,8.445583624719186,55.582041130661345,3.283210635020694,4.571159930857561,54.753877774943135,1,2026-08-25 06:31:48
2024-01-10 21:49:00,CNC-02,M,298.7645970191439,311.81634472829893,2649.4949686595482,18.327798983804314,152.7058277733967,3.5184427805462515,9.206420248530932,48.97067064811116,0,2026-08-25 06:31:48
2024-01-10 00:53:00,CNC-03,H,303.7766198244933,309.9587462614922,2629.9605383458684,17.600177358317477,64.80656706737817,3.1250192663081906,8.610081742878885,46.82981789647203,0,2026-08-25 06:31:48
2024-01-10 19:05:00,CNC-01,L,299.794825587622,312.3665737695873,2256.615010806848,24.400200314395533,60.34335538226313,2.902570637564724,10.449561317897412,50.597061428147384,0,2026-08-25 06:31:48
2024-01-10 01:49:00,CNC-02,M,297.4871577995645,310.2542645645986,2608.3782923156355,286.3594664987427,172.86465202494804,3.541360415119064,8.869938158901777,56.251715022218455,0,2026-08-25 06:31:48
2024-01-10 12:59:00,CNC-03,H,297.6688738127038,311.3835755920524,1335.0292032645705,50.19547662568459,68.12384426446758,2.1593348760307443,12.58545474602118,57.7942004996446,0,2026-08-25 06:31:48
2024-01-10 15:40:00,CNC-03,H,299.17534351179137,313.2318106157543,1702.6237340432508,43.28372353728339,,2.2621427369821485,13.765615502537,51.509977973131626,0,2026-08-25 06:31:48
2024-01-10 00:36:00,CNC-02,M,298.9972115504853,311.5222861514698,2783.5191979735023,17.065880864781924,94.45234215374983,3.422153240550136,8.959133923998195,52.76863988852842,0,2026-08-25 06:31:48
2024-01-10 04:50:00,CNC-01,L,296.44236396035325,310.21594747895267,2134.6927908562775,27.68368288237083,166.12999670177538,3.152751480371681,10.991779248042054,57.28158723159189,0,2026-08-25 06:31:48
2024-01-10 21:03:00,CNC-01,L,26.95211600743056,39.85970626738043,2366.818447640702,21.0204339756363,200.93869233091166,3.7430092069797083,9.662220183760352,45.479680119638665,0,2026-08-25 06:31:48
2024-01-10 00:06:00,CNC-02,M,298.83246922104536,311.4379409181884,2550.217769113747,19.596955054897325,62.61103396727931,3.1374768218923816,9.260776633544374,48.16993281184418,0,2026-08-25 06:31:48
2024-01-10 00:26:00,CNC-01,L,298.93284584245055,311.2967491165768,2576.5620309874957,18.71354757785628,68.43625552748792,30.626720977200335,9.10569014639788,54.248370456022805,0,2026-08-25 06:31:48
2024-01-10 15:03:00,CNC-02,M,297.61748984252085,311.91192570166135,1604.449264899953,43.05140443707047,130.16726994924463,2.4424425385593347,12.704467625427366,54.597824214974196,0,2026-08-25 06:31:48
2024-01-10 21:07:00,CNC-03,H,27.09627385688151,39.737599382915505,2544.9933841300276,20.8102281684457,5.848630935840854,3.0542057766807784,9.917760956677188,44.58932029538714,0,2026-08-25 06:31:48
2024-01-10 17:02:00,CNC-03,H,299.9579487693267,314.28861462848926,1875.4710106783857,37.10832154435475,166.32074265496286,2.822683676341828,12.887849435478495,46.950477938677,0,2026-08-25 06:31:48
2024-01-10 18:11:00,CNC-02,M,299.0466526227732,313.63869794685695,2012.85830669262,35.2427335004442,138.96400312519495,2.8787325978494125,13.407144086271174,51.92463174474136,0,2026-08-25 06:31:48
2024-01-10 01:43:00,CNC-02,M,298.00522361304985,310.71299448763386,2783.2518320395106,16.809414610823524,166.2719496550204,3.704476376434117,8.848763396171986,53.87435188222739,0,2026-08-25 06:31:48
2024-01-10 04:47:00,CNC-03,H,296.4643322803303,310.2026280175639,2090.792574620692,30.799491858659025,101.12766965016347,2.7734479712986135,12.196064143122666,54.38972304386695,0,2026-08-25 06:31:48
2024-01-10 08:47:00,CNC-01,L,296.16267640345467,310.16631288631993,1541.437670976492,44.97232562717494,44.62857232479921,2.0901912215310867,12.858584518364761,59.0770482984924,0,2026-08-25 06:31:48
2024-01-10 22:05:00,CNC-01,L,299.7251588085423,312.1990234700299,2552.829046518956,18.778579746624523,52.085519918869366,3.056639428354879,9.000277215666706,50.47997540667735,0,2026-08-25 06:31:48
2024-01-10 20:10:00,CNC-01,L,27.28996927262176,39.99976104997177,2579.804797270522,19.29839120069039,139.4892982954493,3.3852527168266344,9.603291544181763,50.527376466890445,0,2026-08-25 06:31:48
2024-01-10 08:12:00,CNC-02,M,295.5491258952884,311.0871368766482,1649.173842960795,49.60220715882907,208.38041621170646,2.9921891186811336,15.176974836788393,65.21010682913708,0,2026-08-25 06:31:48
2024-01-10 18:13:00,CNC-03,H,300.0350287696866,312.95689683695997,2163.824166961076,27.496437911408346,38.62167262320174,2.7280449873758004,11.135609409872444,50.08654301403418,0,2026-08-25 06:31:48
2024-01-10 17:04:00,CNC-02,M,299.1232845900208,313.9718158489658,1911.5062492964353,41.58103870441991,48.35850886299886,2.461652727582342,15.042253485704876,55.38504321320126,0,2026-08-25 06:31:48
2024-01-10 20:53:00,CNC-02,M,25.70887114972743,39.026277136094905,2522.1879140786473,22.17142290870994,89.72152078019842,2.9864677145747844,10.461560538098379,52.65239243030484,0,2026-08-25 06:31:48
2024-01-10 17:22:00,CNC-02,M,298.68470768966085,313.3420073281188,2239.2620700374905,32.98105256504026,73.11628803484844,2.841680286488001,13.56163338407804,47.180697408783146,0,2026-08-25 06:31:48
2024-01-10 02:02:00,CNC-03,H,298.1793752463815,311.0014998730499,2696.0260113098993,18.752651754097243,139.58917547334474,3.386814908337913,9.268834934670465,54.17459628032807,0,2026-08-25 06:31:48
2024-01-10 01:16:00,CNC-02,M,298.0930142272317,310.6640570360828,2700.8894041198637,16.76787891620997,137.06978223298424,3.4363523072498525,8.626971688733377,54.278518026367465,0,2026-08-25 06:31:48
2024-01-10 12:23:00,CNC-02,M,296.2226820664031,310.74421757779464,1406.6835480769184,49.8138440564617,137.94279859526733,2.233105091051947,13.009235467095627,57.6462518910067,0,2026-08-25 06:31:48
2024-01-10 06:10:00,CNC-01,L,295.950011264668,309.8850653913876,2022.528714672746,34.60842477936257,30.662618066658982,2.593701574225086,13.071981984276903,59.32402522831599,0,2026-08-25 06:31:48
2024-01-10 15:58:00,CNC-02,M,298.40136963116936,313.3576052486426,1677.1973358309815,43.59370570208786,212.3027883708264,3.0195586439065902,13.45160378815129,50.98056027421086,0,2026-08-25 06:31:48
2024-01-10 19:54:00,CNC-01,L,26.81499632566846,40.08194694679764,2254.6624661820974,24.941774176746797,120.57623669525628,3.032793005724456,0.0,55.844003991717145,0,2026-08-25 06:31:48
2024-01-10 03:17:00,CNC-03,H,297.10019342483827,311.21089053065435,,26.231910389404266,223.95994734059346,3.9031417771895294,12.401403794509674,58.26548934204414,0,2026-08-25 06:31:48
2024-01-10 07:53:00,CNC-02,M,295.45148863261926,310.9307694931271,1581.193389254929,50.3437742224015,180.39322541447189,2.7128284259838353,14.988090663640316,58.56017352129804,0,2026-08-25 06:31:48
2024-01-10 22:08:00,CNC-02,M,298.54719296563917,311.4146008403439,2617.978840998215,16.93478998032014,173.58337634431047,3.5881452308070165,8.454166057840833,51.96939268213578,0,2026-08-25 06:31:48
2024-01-10 16:14:00,CNC-02,M,298.5614054888041,313.80460768523324,1775.873320670694,42.47148089239514,235.58630908593688,3.52598213248751,13.959748834186831,52.883138625727675,0,2026-08-25 06:31:48
2024-01-10 10:35:00,CNC-01,L,296.4406055056395,310.96230315264467,1414.7298499289338,48.3325763916254,212.03875575464423,2.9773625358103866,12.790598814747822,60.25932887366355,0,2026-08-25 06:31:48
2024-01-10 00:38:00,CNC-02,M,298.6041879810003,310.8451609906383,2609.083082327829,17.196035797686744,96.60283792317773,3.146379555093562,8.294518240998443,57.7526734912112,0,2026-08-25 06:31:48
2024-01-10 11:06:00,CNC-02,M,301.41157434755945,309.0813380769408,1356.6428745802634,49.03327007973006,15.808726154514378,1.9944383149459723,12.535752968046605,51.69011528875352,1,2026-08-25 06:31:48
2024-01-10 02:52:00,CNC-02,M,297.53301849571704,310.7560066804347,2383.8556953284005,25.797124098486197,18.013755312449355,2.910797562764333,11.607497975408375,53.775677943743474,0,2026-08-25 06:31:48
2024-01-10 14:43:00,CNC-02,M,297.5059324601035,311.7633988608275,1592.9055724340708,43.04250402972001,99.57158068886716,2.381978786564442,12.58462670888343,54.57460883581539,0,2026-08-25 06:31:48
2024-01-10 16:32:00,CNC-03,H,299.50411753058626,314.2801534457392,1711.1201310677802,43.450715698224045,123.73752641860393,2.4884699065455322,13.860484338228538,51.19507622333281,0,2026-08-25 06:31:48
2024-01-10 23:42:00,CNC-01,L,298.9529724047584,311.30804993406497,68217.09151829542,16.036987964792935,156.350904812264,3.535730543085899,7.930841610654383,55.31129616220425,0,2026-08-25 06:31:48
2024-01-10 06:23:00,CNC-03,H,295.6198989842614,310.3913111973531,1906.3074363285432,38.17158395625878,225.9624138562528,3.3377412161543942,13.685199398382363,59.22727997179605,0,2026-08-25 06:31:48
2024-01-10 08:28:00,CNC-02,M,295.9506411730645,310.18709514405816,1646.0536704796486,44.27516298277461,19.327655813017916,2.28541683367896,13.80585122194128,62.09162886764521,0,2026-08-25 06:31:48
2024-01-10 04:02:00,CNC-01,L,296.6585990127107,309.6951111540722,2491.753295045688,21.535773746803624,107.37997908979011,3.171579616198799,9.97858046071096,57.36259342195675,0,2026-08-25 06:31:48
2024-01-10 06:08:00,CNC-03,H,295.61186443716633,311.39205207622604,1965.3361024596934,41.85398091350142,205.7594426655247,3.1461072962064405,15.535519426833977,59.45180119162576,0,2026-08-25 06:31:48
2024-01-10 19:47:00,CNC-02,M,299.29614896403575,311.65711763104724,2289.04725003072,21.747896143873774,12.154710651503535,2.866631149318309,9.244327179076985,51.47348737546304,0,2026-08-25 06:31:48
2024-01-10 18:58:00,CNC-01,L,300.0773256075806,313.3623478474436,2131.4153532327614,29.579566844929012,51.51493091732499,2.7365586212660107,11.792603922862492,49.79898778169301,0,2026-08-25 06:31:48
2024-01-10 01:57:00,CNC-03,H,298.2946339424911,311.35609065601,2541.741160369938,,134.129181799554,3.2134640864683113,10.163725068504935,52.46969118510048,0,2026-08-25 06:31:48
2024-01-10 09:12:00,CNC-02,M,295.9692080787813,310.3868559718757,1476.2575048340327,48.547031688479706,86.11239874229183,2.1649344385829283,13.422977287666399,58.65680500212543,0,2026-08-25 06:31:48
2024-01-10 06:15:00,CNC-01,L,295.9176224814674,309.08654460776444,2063.0684675973944,29.53772734889144,37.30627277575191,2.6297299691555986,11.466240425523045,57.302110213550456,0,2026-08-25 06:31:48
2024-01-10 14:44:00,CNC-01,L,297.8818681437221,312.2572187350968,1418.559346813556,49.6861582165612,167.30583754892928,2.460833595176774,13.154057907884079,56.299706423053685,0,2026-08-25 06:31:48
2024-01-10 19:26:00,CNC-03,H,300.1926094568021,314.1057685538169,2238.371175009875,29.827976239588892,131.4725992222502,2.9154074169313566,12.409182864119101,51.35799734897247,0,2026-08-25 06:31:48
2024-01-10 15:21:00,CNC-03,H,299.1396216699289,312.7422077256626,1623.6806876727928,41.84342539602718,19.614043992155157,2.1509482676115455,12.730771813414853,53.69408062396206,0,2026-08-25 06:31:48
2024-01-10 11:57:00,CNC-03,H,296.9038162336156,311.8418208607164,1311.2421585051031,54.474568818558545,243.6676186896163,2.966827292007598,,58.04925639929564,1,2026-08-25 06:31:48
2024-01-10 14:49:00,CNC-02,M,297.6621063661186,312.0677971639067,1480.3363237357328,48.1807678899886,108.80470672313658,2.243526266831158,13.427135481305465,53.2033136234209,0,2026-08-25 06:31:48
2024-01-10 16:30:00,CNC-01,L,299.17788157747236,313.38169919526484,2014.9541062127687,35.600808577943724,86.22797615503772,2.6597813591946506,13.332209756960555,51.28327047356302,0,2026-08-25 06:31:48
2024-01-10 20:17:00,CNC-01,L,26.671232460656995,40.15058988245028,2639.4281787907908,21.699900704164914,147.71503997968586,3.4990931521437076,10.815902727959852,52.92008743724528,0,2026-08-25 06:31:48
2024-01-10 17:23:14,CNC-03,H,299.9306643306515,314.40425533612483,1950.3617285245466,36.559212451459786,196.77353493314143,2.9675496001921546,13.365418356466945,49.99214438153613,0,2026-08-25 06:31:48
2024-01-10 00:44:00,CNC-01,L,298.8218652117561,310.8007202301921,2637.0055985558297,15.439438007476607,87.69026830505358,3.2970461979700243,7.5547158466935285,54.56346044304512,0,2026-08-25 06:31:48
2024-01-10 16:11:00,CNC-02,M,298.49033156631515,314.07866949044165,1641.6088283849697,46.91585396780042,231.27879450067476,3.2235253600883222,14.387540317850117,55.256252506516205,0,2026-08-25 06:31:48
2024-01-10 21:59:00,CNC-01,L,299.7716007467893,311.8059608645257,2610.2146280859047,17.84080578537459,45.368519346950336,3.1550857416776656,8.928696048636413,50.41727401223301,0,2026-08-25 06:31:48
2024-01-10 16:42:26,CNC-02,M,298.647804206707,312.6413295431053,1895.8303613777189,36.63543797382719,18.682313774919823,2.5061612072941952,13.026670739114588,52.81398811462833,0,2026-08-25 06:31:48
2024-01-10 11:22:00,CNC-03,H,296.9184636560687,311.8253306876858,1347.0401780594898,55.96804237327654,188.09634539347897,2.3276629523093146,14.005287511363479,53.59131807198625,0,2026-08-25 06:31:48
2024-01-10 00:17:00,CNC-03,H,299.02909014883915,310.698770801792,2720.0204037850126,14.39091054483303,26.395031597698843,3.2276612138951757,7.562553512359403,51.47502443549682,0,2026-08-25 06:31:48
2024-01-10 18:53:00,CNC-01,L,299.9909654930973,313.03228088487367,2303.414088853405,25.798790540587135,45.258664088544734,28.10238604670925,11.097400981506919,56.33228491716363,0,2026-08-25 06:31:48
2024-01-10 06:37:00,CNC-02,M,295.8759633330802,309.5513511413825,2055.9491240616503,31.853959223744305,72.5534827229937,2.6434746543934713,12.273850705570688,61.13689780242184,0,2026-08-25 06:31:48
2024-01-10 06:32:00,CNC-02,M,295.8096867982023,310.13237527944364,2046.9357117067825,36.67288802988074,65.66219866554106,2.6255810093401424,14.059991025639427,56.24394527544036,0,2026-08-25 06:31:48
2024-01-10 06:50:00,CNC-03,H,295.5297611255908,309.0304228999517,1972.9270707942844,33.212343184631216,8.224912724536253,2.6190959434759895,12.304142868709302,62.61627523737799,0,2026-08-25 06:31:48
2024-01-10 10:14:00,CNC-01,L,296.43645356960553,311.03015975260735,1313.6399952544973,55.59909159575108,179.00042924243235,2.5357568239255133,13.918487917290529,61.535996486041725,0,2026-08-25 06:31:48
2024-01-10 05:53:00,CNC-03,H,295.9564197044237,310.39106582966406,2036.9007209637057,33.62782200403817,185.69206997754668,2.979476854344635,12.791102488612225,,0,2026-08-25 06:31:48
2024-01-10 15:54:00,CNC-01,L,298.7541181893557,312.418539127784,1657.3078290827398,41.14884335069989,34.02150233408281,2.280456129572604,12.70910012611782,51.47586597502596,0,2026-08-25 06:31:48
2024-01-10 16:22:00,CNC-03,H,299.39903685386287,313.39504441938726,1683.3865638653697,40.67048722939917,109.46642425517078,2.426120993510464,12.73970195088442,55.619312631192486,0,2026-08-25 06:31:48
2024-01-10 16:55:00,CNC-01,L,299.4903871551772,314.7103285441093,1904.5304177285223,44.01386772199674,121.42334899516794,2.754853750066513,15.600285909009965,50.770417680606386,0,2026-08-25 06:31:48
2024-01-10 19:15:00,CNC-03,H,300.37205126481257,314.62235711595025,2138.519287829145,33.53284812641867,117.75438913625912,2.7572440636763638,13.350521132170993,52.33886483124111,0,2026-08-25 06:31:48
2024-01-10 12:48:00,CNC-01,L,297.1542604067308,312.1505267671102,1493.32339252078,50.315670387937274,199.9914652603878,2.906107041353918,14.042226316954178,56.87434198887395,0,2026-08-25 06:31:48
2024-01-10 11:38:00,CNC-02,M,301.5608011555909,309.7776958273717,1401.7164985778547,50.15767674371486,66.39887760024122,2.0414578218138906,13.19739126391317,46.54980096625026,0,2026-08-25 06:31:48
2024-01-10 01:14:00,CNC-02,M,298.1451248904618,310.6603682930801,2782.7314594564186,16.17016240071797,134.8770817173249,3.5043064009483302,8.527212335846016,57.641700442184614,0,2026-08-25 06:31:48
2024-01-10 12:17:00,CNC-01,L,296.9360975008824,311.8761701139483,1474.3594096639993,53.8897761661337,150.66317017731922,2.4682506551507637,14.861900007416128,57.02705895403783,0,2026-08-25 06:31:48
2024-01-10 17:21:00,CNC-02,M,298.96434214271727,312.8916072130184,1924.4464376121743,33.56308293609693,71.82116702869777,2.574517093486718,12.005865800514028,54.36716549348489,0,2026-08-25 06:31:48
2024-01-10 22:36:00,CNC-02,M,298.59504829219384,312.2863125728653,2599.490166197011,20.911395986847438,204.17712009761365,3.6953497325724762,10.139376171295359,50.93893262358842,0,2026-08-25 06:31:48
2024-01-10 12:02:00,CNC-01,L,297.0384179235462,311.0796634016775,1315.4072432285443,51.20101995275956,126.83300545281466,2.2749474563798135,12.553387391988968,60.0863651195051,0,2026-08-25 06:31:48
2024-01-10 16:18:00,CNC-01,L,299.11794111105837,313.7279277894013,1814.8170528266194,42.01326787411565,68.99342698861899,2.5215400316059005,14.044518010184209,56.25691263136303,0,2026-08-25 06:31:48
2024-01-10 23:13:00,CNC-03,H,299.72092598178875,311.97924807946094,2735.8524716715992,16.15723789943915,143.9586306255868,3.4516257902102043,8.121958381558663,49.17381417227156,0,2026-08-25 06:31:48
2024-01-10 08:21:00,CNC-02,M,295.7140966540085,309.53948505459806,1756.8474165298824,38.95257796840122,8.898079673316577,2.354118936923595,12.885005620441445,58.70351725077672,0,2026-08-25 06:31:48
2024-01-10 22:50:00,CNC-02,M,298.5043134030473,310.36373265272175,2659.167829671394,14.636996090442583,4.272751554213778,3.1785688844046938,7.432673258902948,58.96441611341747,0,2026-08-25 06:31:48
2024-01-10 22:24:00,CNC-01,L,299.7020770415036,312.7944398756008,2492.931564668014,22.908138680047763,72.88928400426992,3.118815076924995,10.681398919889252,53.38547998881185,0,2026-08-25 06:31:48
2024-01-10 01:09:00,CNC-01,L,298.23454811852554,310.3489152401194,2598.827767370279,16.443547043890334,114.40034777656798,32.41303491818751,8.06351805605085,56.26890767662201,0,2026-08-25 06:31:48
2024-01-10 01:38:32,CNC-03,H,298.08405555293194,311.5719151449837,2675.629471617566,22.322672868036648,115.51280453345181,3.3649215295099038,11.251584124381957,53.82482980857549,0,2026-08-25 06:31:48
2024-01-10 11:44:00,CNC-01,L,296.7389755324598,310.76921968673815,1311.413544213402,52.38270666956639,98.27411814791921,2.0606764479005837,12.715661248075037,55.52129898992296,0,2026-08-25 06:31:48
2024-01-10 21:26:00,CNC-02,M,25.61134779466846,38.56735031142597,2626.160450264556,18.563936749734445,127.14727669342807,3.3673945301564796,9.111610579656816,56.728213779142045,0,2026-08-25 06:31:48
2024-01-10 14:59:00,CNC-01,L,297.87290433277417,312.62660501207887,1578.4001622796363,46.804804216893345,190.36837304893055,2.888965352552214,13.445576324930979,52.04474541722245,0,2026-08-25 06:31:48
2024-01-10 23:58:00,CNC-01,L,298.7096857232201,311.5774431050862,2746.920021165869,18.20775768985957,173.26032693061455,3.793363559053617,9.483339702812366,54.21239135375748,0,2026-08-25 06:31:48
2024-01-10 02:15:00,CNC-01,L,297.63243248187337,311.1314791628303,2613.5955934630238,22.00442403949332,186.34373101573428,38.02641963221634,11.064267538480877,55.88301277366804,0,2026-08-25 06:31:48
2024-01-10 15:19:00,CNC-03,H,298.798340421617,312.51905210768285,1541.906207758346,45.12507601248213,16.638978368922835,2.0678007967832577,12.97822192553768,50.85894906707055,0,2026-08-25 06:31:48
2024-01-10 04:41:00,CNC-03,H,296.41902281750373,310.2637324150295,2317.805216521406,28.11970121037194,93.57200770806902,2.9534124709614766,12.231611879293197,56.909105318999686,0,2026-08-25 06:31:48
2024-01-10 04:39:00,CNC-03,H,296.64135716517427,310.5235913943684,,29.867726896173842,91.08599940038268,2.9268858515710328,,57.67286038359322,0,2026-08-25 06:31:48
2024-01-10 19:58:00,CNC-02,M,25.612446196363123,38.726628129178266,2298.372672453642,25.694325554966813,25.33089096989824,2.8597871451357686,11.287829397360037,54.05814455280339,0,2026-08-25 06:31:48
2024-01-10 00:35:00,CNC-02,M,298.66772037409606,311.74786628101987,2731.148680411196,20.401046715493397,93.38298995217751,3.3779349620069508,10.54814050956248,52.46274059382754,0,2026-08-25 06:31:48
2024-01-10 13:32:00,CNC-02,M,296.7060557556491,312.4784074721723,1524.4678023466647,52.9396311592416,247.04166727940708,3.380166322304288,15.213727619895609,59.43977373899809,1,2026-08-25 06:31:48
2024-01-10 22:42:00,CNC-01,L,299.24271914269843,311.4762588670128,2756.534817131987,16.232163623494717,92.35104739035984,3.313441743560573,8.360007325067059,51.12720580543661,0,2026-08-25 06:31:48
2024-01-10 19:20:00,CNC-03,H,300.2183817902626,313.9401291653724,2181.0045372421105,29.03996248874782,124.00135006527992,2.850274995842567,11.853368876524168,51.61779283734062,0,2026-08-25 06:31:48
2024-01-10 16:04:00,CNC-03,H,299.1490118225139,313.4199643067671,1760.063034773818,42.20074204109032,83.1403290301777,2.4492985399132174,14.181765831780762,50.29394153274785,0,2026-08-25 06:31:48
2024-01-10 06:02:00,CNC-02,M,295.9643086951005,309.5126201034608,2059.969766330037,31.19766270859641,25.27392749271524,2.5698078661598656,12.042970269030585,60.3227989925942,0,2026-08-25 06:31:48
2024-01-10 18:52:00,CNC-01,L,300.0467793797694,313.34367771871575,2051.2163592244788,29.332143329533828,44.03593035336522,2.6603327742112497,11.344010834785383,53.3319267291528,0,2026-08-25 06:31:48
2024-01-10 01:03:00,CNC-02,M,298.0696717986889,310.0612215880517,2844.901644358069,14.196367579710863,123.22180383307645,3.578991796176143,7.5110086901998105,52.9608068281711,0,2026-08-25 06:31:48
2024-01-10 03:17:00,CNC-01,L,297.1041191236718,309.2331634203819,2589.6228729294353,17.270883490234194,54.60188888306881,30.915920536813456,8.272955277408064,56.811134917637375,0,2026-08-25 06:31:48
2024-01-10 04:10:00,CNC-01,L,296.45085103494654,309.8981940552323,2444.0329969265244,25.941368461416033,117.07000857990624,3.150520165442998,11.981155716950896,58.59529760727114,0,2026-08-25 06:31:48
2024-01-10 16:58:00,CNC-01,L,299.40736469300356,313.7630561700003,1943.5250166542444,35.84465838540577,125.57011291645698,2.669525666131243,13.175359354814887,49.850492468568035,0,2026-08-25 06:31:48
2024-01-10 09:31:00,CNC-02,M,296.13605970435015,310.60680746490965,1560.654282388745,46.791390657203664,115.35016189808222,2.288938666226359,13.521640396517922,62.889465668208146,0,2026-08-25 06:31:48
2024-01-10 16:25:00,CNC-01,L,299.2654143267174,313.5018566951348,1811.0968545537457,40.08414531702905,79.05197636409918,23.93520627138568,13.645918041853113,48.99785745942763,0,2026-08-25 06:31:48
2024-01-10 12:19:00,CNC-02,M,301.5207458286287,310.11359294365013,1464.2694311085831,50.288005734998265,131.55825435573428,2.217763720917885,,49.93322470486108,0,2026-08-25 06:31:48
2024-01-10 19:34:00,CNC-01,L,300.3019661412143,313.2891485173537,2423.5435273505395,23.131267188618214,96.19269180435624,3.07477139661025,10.390494593027379,48.89522191158733,0,2026-08-25 06:31:48
2024-01-10 15:11:00,CNC-01,L,298.0534762788667,313.0740523169424,1530.990837409634,50.037869148217965,208.54709284482843,3.1509858502566592,14.36058506720066,53.34774253461974,0,2026-08-25 06:31:48
2024-01-10 19:32:00,CNC-03,H,300.43556957508554,314.2719836143189,2315.60591216023,27.92615008650133,138.8840471942435,3.067180889757563,11.757266410015157,50.42398470362293,0,2026-08-25 06:31:48
2024-01-10 16:05:00,CNC-01,L,299.0247071090439,312.332812189397,1537.1787566123348,40.86273314402986,50.25330176254408,2.1813035201064004,11.64597846789439,54.6771578472463,0,2026-08-25 06:31:48
2024-01-10 18:34:00,CNC-02,M,299.0421538249248,313.9730132145869,2151.7218528681065,34.201729203746254,168.98947668292527,3.156074714670464,13.642739062758512,55.737660545896595,0,2026-08-25 06:31:48
2024-01-10 10:14:00,CNC-02,M,295.9191814226094,309.9887312256622,1375.9866084351538,46.29748009473541,182.58714439989865,2.5378376613843727,11.89263494020582,59.06105614029551,0,2026-08-25 06:31:48
2024-01-10 18:58:00,CNC-03,H,300.08938909583316,313.301566535412,2176.8565398823866,27.88401652962727,96.56481706449931,2.8660881031461236,11.270468689184733,53.04059347335699,0,2026-08-25 06:31:48
2024-01-10 11:14:00,CNC-01,L,296.8215162352491,310.89013933035494,1439.3896378285976,49.98055457145402,50.80086178871288,2.211973559351989,13.337212086490467,61.03409010108181,0,2026-08-25 06:31:48
2024-01-10 08:32:00,CNC-02,M,295.6490737057753,309.53156878346954,1663.801239279702,42.637172881862924,25.31700925059185,2.2658127819913036,13.276543182534178,62.50903134805897,0,2026-08-25 06:31:48
2024-01-10 11:15:38,CNC-02,M,301.53519487248616,309.61204887617816,1500.0812322993042,48.269132645672094,33.22894858951152,2.173208661481506,13.778107334407533,47.875589272769176,0,2026-08-25 06:31:48
2024-01-10 06:06:00,CNC-03,H,295.6628589167638,310.44450894994026,1925.8259033957831,39.16242742777239,203.05230005964083,3.098352728065819,14.021912692191211,58.89623020861314,0,2026-08-25 06:31:48
2024-01-10 18:48:00,CNC-03,H,299.8944357447641,0.0,2183.9453933782115,30.721328446370347,83.94788725162178,2.864874281479027,12.43734710984755,48.66968506038862,0,2026-08-25 06:31:48
2024-01-10 08:43:00,CNC-02,M,295.7945058137376,309.7808362357306,1407.8511972029328,48.11427051114537,41.94741716111574,1.9856948927314064,12.812569720284023,55.976433520197055,0,2026-08-25 06:31:48
2024-01-10 21:56:00,CNC-01,L,299.8810944421364,311.5006321400165,2689.8011763357727,14.35425695084117,42.13548372062819,3.2652720626361336,7.063493249732337,53.79450900316698,0,2026-08-25 06:31:48
2024-01-10 14:06:00,CNC-01,L,302.9382902737279,310.990207049624,1495.2804690079436,46.4250277037446,108.33087264479536,2.2127371219502816,13.099634813662927,39.81561522067964,0,2026-08-25 06:31:48
2024-01-10 13:19:00,CNC-02,M,296.3778048545576,311.3377011199186,1387.0791348256844,51.74574140061335,226.73006593375007,2.8926896933534136,13.574952686602174,55.952509582740475,0,2026-08-25 06:31:48
2024-01-10 08:47:00,CNC-03,H,295.99058522052866,310.72532080751125,1706.569956995759,44.86195610811476,178.15706255684412,2.668239269860824,14.22884405987882,1880.3485975441913,0,2026-08-25 06:31:48
2024-01-10 12:07:00,CNC-02,M,301.8104718412834,310.30739494759274,1417.31248788922,51.666798953217935,112.5392418684374,2.1560948130577464,13.794784378071306,44.35509973843537,0,2026-08-25 06:31:48
2024-01-10 04:29:00,CNC-03,H,296.8516811283089,311.12769083383114,2311.0805426697143,31.57642162095254,78.62715344035375,2.94291323128922,13.757806896215788,56.82660498322874,0,2026-08-25 06:31:48
2024-01-10 10:10:00,CNC-01,L,296.54335721458625,311.22497147878295,1640.011771639171,45.86365679027708,172.65420582428195,2.7620280694512713,14.11820052318232,60.67205764785523,0,2026-08-25 06:31:48
2024-01-10 06:05:00,CNC-03,H,296.10685936830816,310.21092845352814,2097.1921190195926,30.34686913818956,201.68866159319288,3.0991330339722896,11.985377580739938,62.91177070408055,0,2026-08-25 06:31:48
2024-01-10 01:43:07,CNC-01,L,297.9120929343895,309.3847348003523,2684.8680177666765,11.59276336773,149.86188081853652,34.99572271691193,5.7251808496563585,54.36859334288091,1,2026-08-25 06:31:48
2024-01-10 21:31:17,CNC-01,L,299.6916914066273,311.93006490086094,2496.40655693446,18.86091516590281,15.664941649440134,3.066574734983008,8.916380586118553,53.04921274714291,0,2026-08-25 06:31:48
2024-01-10 20:39:00,CNC-03,H,26.951804144484072,41.19609996243838,2297.1976848560794,27.88815680962658,218.56980290582837,3.6548535733421357,11.740799710365616,50.78425568045802,0,2026-08-25 06:31:48
2024-01-10 16:20:00,CNC-03,H,299.24501537597973,,1722.9151884733903,42.89937517685947,,2.460762582882874,13.771222936299269,56.52334406051632,0,2026-08-25 06:31:48
2024-01-10 21:43:00,CNC-02,M,298.889392705485,312.27757915576154,2594.9127009507897,19.595535435209303,146.23779736111635,3.502496426464926,9.423057367062423,53.457656287421415,0,2026-08-25 06:31:48
2024-01-10 17:08:00,CNC-01,L,299.6059960461908,313.9650909740372,1858.3115559697749,39.16462215671375,139.65246925799966,2.68879862904665,13.519015127821387,48.257615006984196,0,2026-08-25 06:31:48
2024-01-10 01:00:00,CNC-02,M,298.45197657986404,310.8837152157363,2791.1160118835173,15.626973274375871,120.03616269630386,3.4882702090119637,8.136575136538692,54.96107627467091,0,2026-08-25 06:31:48
2024-01-10 08:59:00,CNC-01,L,296.28660686731433,310.28330342158426,1543.6314046921264,46.906661933901084,62.88338065691663,,13.482685808960191,61.096610991602184,0,2026-08-25 06:31:48
2024-01-10 02:32:00,CNC-03,H,297.92152122699196,311.040303155928,2731.7232104179175,19.87003047802319,172.78831230718552,3.6395804671349703,10.103777625032178,53.745461345231334,0,2026-08-25 06:31:48
2024-01-10 04:33:00,CNC-01,L,296.2708631503771,310.15940788959983,2222.350943713077,30.001868119720744,145.09079758829066,3.1249473984380574,12.284170620938639,60.953800590321585,0,2026-08-25 06:31:48
2024-01-10 04:52:00,CNC-01,L,,310.40437897329844,2220.6633479677025,30.607087823939725,168.64805377265589,3.167932414280844,12.809822461464345,56.89453562653564,0,2026-08-25 06:31:48
2024-01-10 13:51:00,CNC-02,M,296.9924639831762,311.03141894547025,1436.512849895948,50.21110604316763,18.838058232682503,2.0578586547171582,13.304142113694267,58.87153294369739,0,2026-08-25 06:31:48
2024-01-10 21:13:00,CNC-03,H,27.067245951798668,39.00488145147568,2633.2468248569394,17.749961355094246,12.67431828139036,3.150159655492585,8.793637840355316,49.252631336417366,0,2026-08-25 06:31:48
2024-01-10 03:11:00,CNC-02,M,297.1591968254767,309.2147769786373,2506.2223990369553,17.59622032884115,39.63928720001477,3.021771051893136,8.124283537322311,56.839509694248434,0,2026-08-25 06:31:48
2024-01-10 23:53:00,CNC-01,L,298.87202086504135,311.5157077366492,2592.1081732563575,17.25695616904058,168.02446114534777,3.6460448728482944,8.543238572113314,50.69550680036869,0,2026-08-25 06:31:48
2024-01-10 23:54:00,CNC-02,M,298.3533948950594,310.4383053124959,2781.0585571385136,14.12474381217199,72.52278631036043,3.337168244985937,7.286405752191767,55.86425576922624,0,2026-08-25 06:31:48
2024-01-10 03:31:00,CNC-02,M,296.7209628798997,309.35830541381046,2384.2464978549488,21.256823843128696,62.85083968587441,2.915617346816745,9.497333090214052,55.39955621892228,0,2026-08-25 06:31:48
2024-01-10 22:49:00,CNC-02,M,298.3834604045949,309.82440449024455,2636.6341935045657,13.284098529167375,3.2049680138870222,3.220907554217133,6.865630549371198,59.45794502643906,0,2026-08-25 06:31:48
2024-01-10 17:22:06,CNC-01,L,299.6102249756534,313.75649612397467,1938.3871969913707,35.32027149719567,157.66772583357755,2.9180837734637435,12.808098868371905,55.28497437498416,0,2026-08-25 06:31:48
2024-01-10 03:55:00,CNC-03,H,296.7356123450088,309.73375841352185,2281.4834125766306,25.400614871333904,37.43528908339051,2.8156193068604876,10.998976896556803,56.52863419478107,0,2026-08-25 06:31:48
2024-01-10 04:54:00,CNC-03,H,296.42351313444647,310.4301100846164,2238.3235602803866,29.68783088455706,109.86447283223022,2.8830652153654848,12.448790240145204,58.14176244553493,0,2026-08-25 06:31:48
2024-01-10 12:37:00,CNC-01,L,296.9413568024131,312.6102144948303,1392.5299329671257,59.58171389696151,182.59258516420277,0.0,15.481161143802645,52.08719215046475,0,2026-08-25 06:31:48
2024-01-10 11:50:00,CNC-01,L,296.8141854557604,311.0106362909987,1396.5833388590752,50.897924381716074,107.76043757046868,2.2224070421126934,13.620181476391785,54.723811399807325,0,2026-08-25 06:31:48
2024-01-10 11:34:00,CNC-02,M,301.657678705794,309.99545359131247,1559.806204950907,47.35607436850467,60.05461516403229,2.1218018405114254,13.785080527556135,48.665212493876176,0,2026-08-25 06:31:48
2024-01-10 12:28:00,CNC-01,L,296.70441471891843,311.6845821476096,1382.7082621849297,54.75278905221478,168.23907617634927,2.434013522174883,13.999015474844024,53.36502397167629,0,2026-08-25 06:31:48
2024-01-10 20:03:00,CNC-03,H,27.24155159683903,41.14182730861046,2347.047020446638,27.062484533820232,176.09215658654298,3.2788481094743434,11.772432288889867,51.91028872296311,0,2026-08-25 06:31:48
2024-01-10 01:10:00,CNC-02,M,298.17829310929625,310.4330374679351,2733.657001616164,14.994501359987725,130.68725131008955,3.3969069221160755,7.5937337798970574,56.74771326304918,0,2026-08-25 06:31:48
2024-01-10 05:05:00,CNC-02,M,295.966346435711,310.4423710741335,2279.7235380213415,29.802745202640846,176.80318462964817,3.2278208046576427,12.84724110145169,56.63272614059792,0,2026-08-25 06:31:48
2024-01-10 03:25:00,CNC-03,H,297.2859887866405,309.54791730729,2462.403453467844,20.888992400921417,2.317614948436766,2.969168499535435,9.65177759707637,,0,2026-08-25 06:31:48
2024-01-10 18:24:00,CNC-03,H,299.86689560173943,312.730498835215,2123.051104910956,26.265880639067817,52.91337016904295,2.625672035288669,10.31806179028674,50.61718194139893,0,2026-08-25 06:31:48
2024-01-10 05:52:00,CNC-02,M,296.0135778773789,310.0079901303541,2117.5142308736076,33.95657480397965,11.90313617943989,2.760202175185883,13.331480182098435,61.69064995052625,0,2026-08-25 06:31:48
2024-01-10 12:28:00,CNC-03,H,297.4784819311955,311.6047216955693,1406.3786559176103,51.173967290985054,18.935129576625087,2.042974957481286,13.376024513420479,60.01900759863829,0,2026-08-25 06:31:48
2024-01-10 04:39:00,CNC-01,L,296.2424639061238,308.93254995285616,2465.9070986333354,19.235667185610726,152.3702779224043,3.3626467488465788,8.583328735658663,63.123619876784,0,2026-08-25 06:31:48
2024-01-10 14:45:00,CNC-01,L,297.74651383803354,312.3976010636435,1422.139500539336,51.169618793044975,168.8651750995148,2.6129993107059084,13.720006854839284,57.50701454816593,0,2026-08-25 06:31:48
2024-01-10 06:19:00,CNC-01,L,296.3384564685935,309.6437051035231,2081.8137700068196,29.2973537759704,42.67146185242539,2.7111185351273774,11.659226545226227,60.24042460769932,0,2026-08-25 06:31:48
2024-01-10 01:22:00,CNC-03,H,303.87047288378926,310.2597111737277,2676.2635367816447,16.37255297647316,96.14440332732408,3.285550123833737,8.36731698291083,45.84562667073569,0,2026-08-25 06:31:48
2024-01-10 02:46:00,CNC-01,L,297.38605331273345,308.741978687212,2586.1910672818226,14.034804702733108,19.203093290121856,3.066254620804627,7.039706944079894,55.748933354874204,0,2026-08-25 06:31:48
2024-01-10 16:25:00,CNC-02,M,298.53571826425406,314.0351699624633,1791.6849557158027,41.049383744106045,251.41358019601978,3.6755137509186437,13.890566468020213,57.48511594002234,0,2026-08-25 06:31:48
2024-01-10 21:11:00,CNC-03,H,26.84503774668974,38.622045493344444,2491.704132670352,18.279251654675125,10.413818103065243,3.0625507274737975,8.369216886046718,50.42481785298397,0,2026-08-25 06:31:48
2024-01-10 01:31:00,CNC-01,L,298.12474416345907,311.2117132199728,2614.8050155493697,20.978437307296588,137.986171718691,3.353828848646119,10.265581683940926,52.403592572021,0,2026-08-25 06:31:48
2024-01-10 12:50:00,CNC-01,L,296.88023163224335,311.81012962695684,1471.061534125018,51.350356966363506,203.13522920815345,2.8756983607207998,13.908862953859476,54.982540791108185,0,2026-08-25 06:31:48
2024-01-10 18:24:00,CNC-01,L,300.0985817797777,313.78623033833406,2054.063543921299,33.414679571520466,7.934309066539457,2.73447219784538,12.878947130724471,50.28459976425038,0,2026-08-25 06:31:48
2024-01-10 00:04:00,CNC-03,H,299.0407487525651,309.97181728893895,2664.5921380880573,12.180235103648297,12.64543228557246,3.219755324086986,6.151625065042146,51.39547651897385,1,2026-08-25 06:31:48
2024-01-10 18:21:00,CNC-03,H,300.07396234844106,313.23685906783203,2075.449791694845,28.75609485205895,49.0910257660433,2.7171281412608757,11.187933387608602,50.326397959842275,0,2026-08-25 06:31:48
2024-01-10 21:45:00,CNC-01,L,300.048889403329,312.1635577774883,2657.0085776586634,17.63968960882588,30.116187114898853,3.238850728268003,8.656215783208443,55.15451983271645,0,2026-08-25 06:31:48
2024-01-10 10:23:00,CNC-02,M,295.44027020592387,309.9242160078885,1233.9653775732165,55.548281396064596,196.76085687433712,2.428364444230499,13.09713595407318,63.06920558628896,0,2026-08-25 06:31:48
2024-01-10 19:15:00,CNC-02,M,299.2948963415667,314.6845372031667,2253.3109690114493,33.92295158477836,220.70353523097629,3.8046718369042525,14.40882908482418,49.74891323603994,0,2026-08-25 06:31:48
2024-01-10 08:56:00,CNC-01,L,296.24545938663294,310.56612982614945,1597.9374097127031,47.67354057092755,58.313187118131864,2.29388647221318,14.134019737904582,59.61661515518221,0,2026-08-25 06:31:48
2024-01-10 03:52:23,CNC-02,M,296.9437680687974,310.6039608698986,2385.29254243926,27.592936325853486,88.58500663184824,2.9766635798478083,12.367403836184007,54.954715187290844,0,2026-08-25 06:31:48
2024-01-10 11:46:00,CNC-03,H,297.43152592042355,312.58640176804454,1388.6308176334232,54.549985775374466,226.17764070565988,2.752213195863092,14.255789216040647,55.84551851355517,0,2026-08-25 06:31:48
2024-01-10 22:34:00,CNC-03,H,299.7081059759308,311.8465885130478,2674.5543337138756,17.069799081980793,101.95394231406789,3.250636700029823,8.54235645240771,50.67623304779307,0,2026-08-25 06:31:48
2024-01-10 21:06:00,CNC-01,L,26.603018353710297,41.35797002701935,2558.441369793018,27.58361326248962,204.4374818040479,3.9712813902317525,13.297688692887498,52.71167932999723,0,2026-08-25 06:31:48
2024-01-10 12:26:00,CNC-03,H,297.5364310324802,311.76200391767225,1567.832772352429,48.33364641913051,15.771696434112755,2.2314135462224596,14.211257418814231,54.865762402782934,0,2026-08-25 06:31:48
2024-01-10 10:47:00,CNC-01,L,296.5516673714812,309.983629836533,1403.2090052912865,47.59451550886838,7.999032134827754,2.0781696798590876,12.52912399246178,59.80270098042856,0,2026-08-25 06:31:48
2024-01-10 11:52:00,CNC-03,H,297.1202394229868,312.14928910906355,1477.416949819473,50.750111351401365,235.68343070188206,3.011629081676223,13.69195150511524,55.3639079531637,0,2026-08-25 06:31:48
2024-01-10 04:31:00,CNC-03,H,296.80053735638813,309.58678433395,2292.010451179848,22.547102923854908,81.11739929042525,2.887197312644176,9.519637625763337,56.72719069892127,0,2026-08-25 06:31:48
2024-01-10 14:54:00,CNC-02,M,297.3864222301858,312.3138641332818,1621.5411174746807,47.14072519192716,116.46821519165955,2.4624045959620604,14.285236049616941,57.56480718354785,0,2026-08-25 06:31:48
2024-01-10 00:01:00,CNC-01,L,298.9290489868694,310.9005269307394,2655.701880403007,16.65431134968712,41.89989664704364,3.2331899032381997,8.091371839471286,50.82765121337546,0,2026-08-25 06:31:48
2024-01-10 01:40:00,CNC-01,L,297.965423763166,311.15123056850604,2715.930691256084,18.98626785105968,147.68354910457177,3.6549105140465956,9.530909805556675,53.27280007302897,0,2026-08-25 06:31:48
2024-01-10 13:34:00,CNC-02,M,297.03555930943133,312.65855197756247,,52.98415721554356,250.17909854191237,32.35530738090799,14.819220118395569,57.13733102056667,1,2026-08-25 06:31:48
2024-01-10 12:09:00,CNC-02,M,301.77311317899944,309.7608330074326,1329.89879726305,49.19637983833838,115.7043093174143,2.1371745636876294,12.386535261374028,49.056033187164616,1,2026-08-25 06:31:48
2024-01-10 11:19:00,CNC-01,L,296.85196809005237,310.9066862528741,1428.4410787300844,50.028508314468674,58.72934130791399,2.062802698311122,13.418534036630238,56.294231403045615,0,2026-08-25 06:31:48
2024-01-10 22:24:00,CNC-02,M,298.76306956991857,311.6544114879884,2594.597625607479,18.151791635551735,191.07174012215225,3.7676794817248607,8.836778169388081,53.77760020759833,0,2026-08-25 06:31:48
2024-01-10 16:49:00,CNC-01,L,299.46188120785064,313.43962274566184,1901.761674882999,35.97634641967212,113.00613357486742,2.7397009469926195,12.692650453990801,51.16196574731858,0,2026-08-25 06:31:48
2024-01-10 15:14:00,CNC-03,H,298.75860211540794,312.7241530637628,1549.557269895203,46.64309679035013,9.066771822545046,2.220782268650447,,51.411921318766375,0,2026-08-25 06:31:48
2024-01-10 11:19:00,CNC-02,M,301.33172886731256,309.27505371809906,1474.4382486820537,46.173550195428156,36.36237178550454,2.1915135046798846,,47.82496308830757,0,2026-08-25 06:31:48
2024-01-10 22:50:00,CNC-01,L,299.34670897534687,310.91165816286434,2735.9823347486877,12.822313591360139,100.83661322626453,3.303196282248419,6.558851957034013,48.67231922693574,0,2026-08-25 06:31:48
2024-01-10 23:21:00,CNC-02,M,297.93436369527205,310.5079214347921,2689.4991830713407,18.366758067952674,37.32378361592318,3.231454846216509,9.221528704867808,52.59443882337221,0,2026-08-25 06:31:48
2024-01-10 18:35:00,CNC-01,L,299.9644510561418,313.5288400465541,2153.561929709339,30.999874348574814,22.272957650292895,2.8176210679024978,12.502316323150641,53.553213134140215,0,2026-08-25 06:31:48
2024-01-10 18:18:00,CNC-02,M,299.2431875542788,313.7618842025968,2024.4762925011257,34.469399551932455,148.11550638530304,2.777404732680134,13.07748167743375,49.863427745236606,0,2026-08-25 06:31:48
2024-01-10 11:46:42,CNC-01,L,296.50686630055077,310.87443747953847,1490.9732855275101,48.799416803131116,104.60812860267708,2.1772679153692343,13.779401352047486,57.43027724900077,0,2026-08-25 06:31:48
2024-01-10 17:20:38,CNC-01,L,299.2942897045395,313.51058705454926,,34.436007184256304,156.31380276304625,2.9750254198564416,12.778425761773526,55.312908597158035,0,2026-08-25 06:31:48
2024-01-10 12:28:00,CNC-02,M,296.00267684038613,310.4402879098438,1277.5674311558814,52.40099743465826,145.89979424675548,20.98623149649385,12.41338661303759,59.41213196205913,0,2026-08-25 06:31:48
2024-01-10 22:32:09,CNC-01,L,299.38915691787895,311.6118282240578,2588.5494129952317,17.641193562626754,82.6402252667238,3.1096988410303603,8.696927186596026,52.644448382645606,0,2026-08-25 06:31:48
2024-01-10 07:54:00,CNC-02,M,295.6748360540367,311.27825586936797,1598.7338399860582,50.713884398947584,181.91333121833566,2.6961895155674473,15.00191094866792,57.33602698394992,0,2026-08-25 06:31:48
2024-01-10 22:53:00,CNC-01,L,299.1611165469045,311.196538353709,2710.0100696425675,15.171842667006604,104.00261103861718,3.399313195466444,7.330918740287839,56.89463144537786,0,2026-08-25 06:31:48
2024-01-10 01:55:00,CNC-01,L,298.1101939406883,311.4869485985497,2553.422588909648,21.560167475978407,164.18990552154364,3.60549528472657,10.125936707290348,52.55437559143024,0,2026-08-25 06:31:48
2024-01-10 18:09:00,CNC-03,H,300.01852079473935,313.5441562174523,2159.9119082637617,29.823705878751646,33.36966656886542,2.7390703196843353,12.089251336771033,50.956888350598376,0,2026-08-25 06:31:48
2024-01-10 13:50:00,CNC-03,H,298.35876647431434,312.8590101312953,1454.3799686675918,49.94638929484023,148.75703011768942,2.3295879090526554,13.595402137158905,56.92220782581339,0,2026-08-25 06:31:48
2024-01-10 08:35:00,CNC-02,M,295.7879574348601,309.84146056840876,1580.0370506456509,42.07762143036273,29.824733557940533,2.3672673811691203,12.54697593027012,59.16434557092118,0,2026-08-25 06:31:48
2024-01-10 00:21:00,CNC-03,H,298.6685592531026,310.4043591569325,2736.07471921719,15.67630578342644,30.651950501896597,3.289242668779582,8.193173684201497,51.54893854498091,0,2026-08-25 06:31:48
2024-01-10 20:19:26,CNC-01,L,26.72313401927488,40.718287416987835,2444.199602781452,26.12445150481302,150.0627843161382,3.2817191718728655,12.114237260014166,52.40358729644097,0,2026-08-25 06:31:48
2024-01-10 19:55:00,CNC-03,H,27.280200024636315,41.48447606204587,2297.4392139772654,29.65565805048772,166.5568081239135,3.116666139353593,12.869754160246487,58.14525133766207,0,2026-08-25 06:31:48
2024-01-10 19:23:59,CNC-03,H,300.3247338526117,313.8003028561399,2205.8096078291965,426.0246206323344,127.71166758416278,2.9608021874367734,10.992971267539147,49.798482771489496,0,2026-08-25 06:31:48
2024-01-10 09:07:00,CNC-02,M,295.72667921380184,309.97836513315536,1618.527766136491,44.94485791203048,78.46794163421866,2.167307019132596,13.757137630300633,63.6852201740161,0,2026-08-25 06:31:48
2024-01-10 19:13:00,CNC-02,M,,313.633219545181,2335.103452062377,27.92258370545244,218.1692450869889,3.7668074272425054,12.14904369177739,54.548604073347406,0,2026-08-25 06:31:48
2024-01-10 01:17:00,CNC-01,L,298.44497147793,310.31029869788415,2814.700277934745,13.325898430086117,122.89719057840034,3.5135851447816897,7.056558134607665,50.84034917067237,0,2026-08-25 06:31:48
2024-01-10 12:43:00,CNC-01,L,296.87116942748503,311.8305243936076,1416.6340442539101,53.02838069735942,192.1033728924609,2.7467885281282967,14.17304034222388,55.8377151311416,0,2026-08-25 06:31:48
2024-01-10 15:29:00,CNC-02,M,297.727398085554,313.30098021886823,1641.5447130811408,49.610326070759726,169.44924930729798,2.6425369314579243,15.253459787179589,54.75530793792804,0,2026-08-25 06:31:48
2024-01-10 02:18:00,CNC-03,H,297.8791515754919,310.44776162573004,2635.6442162572744,17.43720301663386,157.2919578829333,3.4294473139193737,8.666941677651177,53.16507046097664,0,2026-08-25 06:31:48
2024-01-10 23:09:00,CNC-03,H,299.7102080507313,312.5266210267704,2766.5897227209384,17.810533224703278,139.79966149649516,3.5059573821238996,9.049960702369054,55.15295018526274,0,2026-08-25 06:31:48
2024-01-10 10:07:00,CNC-03,H,296.46664196094423,310.1731832523482,1324.624377693046,48.51520089459544,69.61747017478689,2.0453512572639814,11.723927194595342,56.24361772880204,0,2026-08-25 06:31:48
2024-01-10 21:46:00,CNC-02,M,298.7195107213744,0.0,2449.890968599535,24.267517169253285,149.5000222846384,3.273734293225274,11.017646021403607,57.226005757132164,0,2026-08-25 06:31:48
2024-01-10 17:11:00,CNC-02,M,299.04330174113704,312.849808209901,1890.4995553212063,32.70329062079885,57.97105784262266,25.431130457191834,11.40298269378734,51.51271062743175,0,2026-08-25 06:31:48
2024-01-10 04:34:00,CNC-03,H,296.6028626446627,310.6711759316083,2266.3339442358483,30.904492636196263,84.84935849403985,2.921920917886058,13.137346102497746,53.61226968018583,0,2026-08-25 06:31:48
2024-01-10 19:17:00,CNC-01,L,299.9577952091084,313.1017819579218,2390.8973808554056,23.174025608560573,75.22611492585887,2.9561719986379655,10.362689775373868,51.82321472189266,0,2026-08-25 06:31:48
2024-01-10 21:14:00,CNC-02,M,25.683615067503865,39.11316193977285,2558.723808425776,20.64924105060574,113.71887087829674,3.1651691585433883,9.87750690551196,58.582820376961614,0,2026-08-25 06:31:48
2024-01-10 17:04:00,CNC-03,H,299.6623434092183,314.30032065576324,1770.5244551662447,42.21756784610759,169.13929653707098,2.670962583457669,14.247190305777954,53.40024542052602,0,2026-08-25 06:31:48
2024-01-10 17:36:00,CNC-01,L,299.56528378859105,314.3357679518319,1782.9146887390361,41.97705851105318,177.98468390712983,2.8880674921641805,13.919003996275826,51.66397422597971,0,2026-08-25 06:31:48
2024-01-10 21:25:04,CNC-02,M,25.715667845587063,37.97125194072618,2679.3208543983183,14.581407895103965,124.9287525980291,3.2219844095720815,7.352041769716913,55.946398107659284,0,2026-08-25 06:31:48
2024-01-10 21:41:00,CNC-01,L,299.73712461495063,312.1299220369946,2581.3758939618515,18.839094336190495,25.67722364045286,3.1906542111561906,9.235039856946795,52.84198279276016,0,2026-08-25 06:31:48
2024-01-10 19:12:00,CNC-02,M,298.9376783173792,314.1157935362737,2247.4034916946102,32.60192634842342,216.94448246789938,3.639877372466695,13.941594279702585,52.98655047619691,0,2026-08-25 06:31:48
2024-01-10 20:55:00,CNC-02,M,25.830411530890387,39.57394332716024,2377.601832221872,24.664900121719825,92.02918108721344,3.0714160433054025,10.825484120372037,50.48284800071613,0,2026-08-25 06:31:48
2024-01-10 11:41:00,CNC-02,M,301.5363486989894,309.7243739758856,1421.4480922254284,48.75285547772906,71.16456455506821,21.180383453159592,12.848503267526604,48.88619419872351,0,2026-08-25 06:31:48
2024-01-10 19:56:00,CNC-02,M,25.81752061850733,38.427238702193165,2426.5598408668857,21.915295896853912,22.946107739308413,2.9693390232266945,9.982767549830317,56.27494337981671,0,2026-08-25 06:31:48
2024-01-10 01:38:51,CNC-03,H,297.86396687606555,310.48872651910636,2695.442889273114,18.42852756001305,114.38699807696584,3.184993100373992,9.143082416925951,50.438824396531615,0,2026-08-25 06:31:48
2024-01-10 04:09:00,CNC-01,L,297.06056767497023,310.3698729024463,2287.817144587452,24.771506969926556,115.90076529981063,3.1302360178678765,10.379171545139096,55.77533831864728,0,2026-08-25 06:31:48
2024-01-10 08:37:00,CNC-01,L,296.35362020070556,310.81505953276235,1635.5255888507268,46.09529444795341,29.725234648881024,2.286171171146229,14.110566371998168,56.91144740007251,0,2026-08-25 06:31:48
2024-01-10 12:30:00,CNC-03,H,297.534549321889,310.44087069022567,1347.623642646096,42.69615405432435,22.058829363286673,1.994381093048781,10.781042681583541,54.54190396519699,0,2026-08-25 06:31:48
2024-01-10 19:13:00,CNC-03,H,300.34932388710064,313.94574459180166,2338.9478450154397,26.543717372355506,115.23215492460496,3.013563628910104,11.86191541416102,51.01089359987979,0,2026-08-25 06:31:48
2024-01-10 22:27:00,CNC-02,M,298.6711670536512,311.4680355740322,2715.42511732539,15.880776446375908,194.35906714225905,3.8218614711915273,8.184469080758461,54.81520009053868,0,2026-08-25 06:31:48
2024-01-10 03:44:00,CNC-02,M,296.58795738040624,309.69799840226017,2439.4516519052536,23.97165129505327,77.95252728436039,3.1364872072872947,10.834331412502706,54.17830373909442,0,2026-08-25 06:31:48
2024-01-10 15:12:00,CNC-02,M,297.8907538911119,312.846404890262,1585.9673214911224,48.200904419911225,143.75041575712837,2.512607718738365,14.160779365103748,55.586900464547234,0,2026-08-25 06:31:48
2024-01-10 01:29:00,CNC-03,H,303.5151442244928,310.19485104961757,2618.985588824309,18.740672986028653,103.63459372017347,3.27874194387555,9.076309123561172,43.69936574308982,0,2026-08-25 06:31:48
2024-01-10 04:03:00,CNC-02,M,296.8910622328833,309.7521126601518,2228.6512438655814,24.183741249792057,100.41625852251362,2.7901697599386055,10.054068289759053,57.457370562570404,0,2026-08-25 06:31:48
2024-01-10 16:21:00,CNC-02,M,298.362469595393,314.2292786458054,1818.620168579236,44.08089693290257,245.66798418180466,3.700705490628401,14.927037843819766,56.11650566939177,0,2026-08-25 06:31:48
2024-01-10 23:36:00,CNC-02,M,298.1673848342185,310.6815108960725,2704.996680498239,16.78888180608059,53.32614662679041,3.253616929557008,8.577241845361232,51.36715212889543,0,2026-08-25 06:31:48
2024-01-10 01:04:00,CNC-03,H,304.0731093230498,311.2886038348978,2651.055074771476,21.10599531344394,76.7001242957659,3.1750523565115047,10.319408378385665,42.20264938500692,0,2026-08-25 06:31:48
2024-01-10 20:09:00,CNC-02,M,26.10716139190839,38.418275780019826,2437.622194743627,18.467843919030294,38.331605439980095,2.9655293811405117,8.478493604695162,48.954116697276696,0,2026-08-25 06:31:48
2024-01-10 16:05:00,CNC-03,H,299.41065680373396,313.6529794938826,1711.7154553558303,42.056218252967774,84.61175434527827,2.3543833617808385,13.543783910476856,48.182132051484416,0,2026-08-25 06:31:48
2024-01-10 00:45:00,CNC-01,L,298.6740483010286,310.72022337635553,2784.3687053409863,15.252727299108292,88.73042337951829,3.316910706063301,8.028619687388503,55.10157905190175,0,2026-08-25 06:31:48
2024-01-10 18:11:00,CNC-03,H,299.85564286432475,313.4237977001248,1992.4627614301298,32.25339627623628,36.03450431460129,2.474249146717617,12.179718712430406,50.083194746827374,0,2026-08-25 06:31:48
2024-01-10 03:21:00,CNC-01,L,297.41791455197887,309.9140045206924,2486.320993972578,19.933246902649863,59.274746953445714,3.160967911551982,9.323814752262273,56.77557005915175,0,2026-08-25 06:31:48
2024-01-10 01:43:00,CNC-03,H,298.4962495432521,310.7746355904587,2728.0769218314467,14.797899319805152,118.68013114828732,3.4878820462994953,7.681732414939886,52.391031778963665,0,2026-08-25 06:31:48
2024-01-10 23:02:00,CNC-01,L,299.2399952651776,310.7981925725438,2711.885950217056,12.269642563261462,113.72804068776037,3.401264370709068,6.231752880440117,51.88323321570803,1,2026-08-25 06:31:48
2024-01-10 05:00:00,CNC-02,M,296.0022350787263,311.04684603498566,2367.996944257798,33.22261329179961,170.40404752063478,3.362663220633878,14.593265495142997,57.76250412230981,0,2026-08-25 06:31:48
2024-01-10 03:29:00,CNC-02,M,296.985265038815,309.64234307022707,2510.4780243729056,21.199635105376345,60.50317437597457,3.122377219521554,9.872574310493745,56.74477149783782,0,2026-08-25 06:31:48
2024-01-10 02:41:00,CNC-03,H,297.57606496521856,311.0876690971941,2602.956832310328,21.812183807990415,182.8326192387317,3.4572152634579654,10.574519329866236,53.51070265821434,0,2026-08-25 06:31:48
2024-01-10 16:15:00,CNC-03,H,299.66186760449017,314.75402070019464,1597.4261506602952,50.44227149472907,99.36615144929758,22.433266764757995,15.220938306362749,50.77985124645816,0,2026-08-25 06:31:48
2024-01-10 05:51:00,CNC-03,H,296.094763612992,310.8554854562065,2103.6204428493625,35.65096839846002,183.08687700885673,3.1938094150967924,14.123870680346768,58.72976188625038,0,2026-08-25 06:31:48
2024-01-10 21:38:00,CNC-01,L,299.7034443954149,311.59964856284273,2577.6716928510464,17.147799540266973,22.29837824643976,3.1608495215643564,8.448318780362863,52.62029656478071,0,2026-08-25 06:31:48
2024-01-10 06:46:00,CNC-03,H,296.0839609584419,310.00273101042575,2012.8356775135067,34.579868784809875,2.725742858853366,2.4799568365202616,13.139206613007778,57.128422081352795,0,2026-08-25 06:31:48
2024-01-10 09:16:00,CNC-01,L,296.4120077835444,310.3244167553664,1448.4670193285501,48.12690716246952,88.96563626216559,2.187779194245047,13.15159844884103,56.55962032440626,0,2026-08-25 06:31:48
2024-01-10 12:40:00,CNC-01,L,296.9819904078745,311.86701260656025,1430.3019011163303,51.80540249460084,187.32811226992388,2.7547482225626743,13.930113809386109,55.601372865024175,0,2026-08-25 06:31:48
2024-01-10 08:31:00,CNC-01,L,296.2300324342531,310.2807093270473,1515.8183312073957,48.83978688200055,20.781728758496836,2.1338281611261283,13.944599736242619,56.06630946023152,0,2026-08-25 06:31:48
2024-01-10 02:27:00,CNC-03,H,297.8385105877448,310.8264863614582,0.0,20.8971846478329,167.2860858954425,3.3738066661530746,9.953230990828368,53.110398033855134,0,2026-08-25 06:31:48
2024-01-10 19:33:00,CNC-01,L,300.15402129210986,313.6630964775376,2226.385422383445,27.861827896523586,94.97951246920164,2.861324389959084,11.601535799624605,49.9582210344727,0,2026-08-25 06:31:48
2024-01-10 12:41:00,CNC-02,M,296.25586321527703,311.1408042713561,1387.851281282276,54.66714805148701,166.52104303909042,24.484172244393186,14.062855274262184,58.50817255388166,0,2026-08-25 06:31:48
2024-01-10 21:30:00,CNC-03,H,300.3597450462772,312.0430018994641,2530.8015432185116,16.56844206742927,31.787245271924494,3.083152275291238,7.99787758520123,50.50522194487669,0,2026-08-25 06:31:48
2024-01-10 15:29:00,CNC-03,H,298.9705940682427,313.2604721195857,1694.4104804591625,44.55219201086066,31.60225257127166,2.445084030489399,14.24154560358383,53.57597753211119,0,2026-08-25 06:31:48
2024-01-10 17:30:00,CNC-03,H,,315.2537989882285,1987.1854606073148,39.010531737503435,205.0027829050803,3.0868780934971882,14.536727387781818,53.593616977661505,0,2026-08-25 06:31:48
2024-01-10 09:29:00,CNC-02,M,296.3593872725774,311.0282077265417,1453.9889919554023,49.38656029871037,112.27747842588539,2.1425452861245313,13.298063217752647,57.447369544933125,0,2026-08-25 06:31:48
2024-01-10 12:16:00,CNC-02,M,301.6147272178137,309.7420632863874,1321.4685558139988,51.79772684815377,126.77841835872991,2.2042117173405766,12.90674830631039,,1,2026-08-25 06:31:48
2024-01-10 06:03:00,CNC-02,M,295.91250477855505,309.446189730765,2011.0304333474778,33.26333135179462,26.607186059402675,2.567741279831898,12.59940758697462,55.83531076208353,0,2026-08-25 06:31:48
2024-01-10 12:13:00,CNC-03,H,297.48891437531677,313.0634987768128,1507.6851908032902,53.16062064186263,269.0961641195178,3.450338472267381,15.102250196492621,56.85192880850576,1,2026-08-25 06:31:48
2024-01-10 19:10:00,CNC-02,M,299.09843077302935,313.5187477313976,2366.1655900376095,27.308721648422086,214.40467637001677,3.7017538437013666,12.346367565933523,53.47255785485579,0,2026-08-25 06:31:48
2024-01-10 01:45:55,CNC-02,M,297.79061742808386,310.8596860864085,2681.1874903225143,18.79777459748651,168.44311625838384,3.5799205809632992,9.646995150653359,59.03677209638601,0,2026-08-25 06:31:48
2024-01-10 05:08:00,CNC-02,M,296.3569325835525,310.6318626576112,2309.057286179862,28.08631775883097,180.52610053756075,3.3490072218172,12.05166667246689,59.886096431271625,0,2026-08-25 06:31:48
2024-01-10 03:08:30,CNC-02,M,297.3914757081383,310.3349524089987,2467.2139629931944,22.444127358483165,36.23486286985544,3.111088738583877,10.29604934736806,57.174916781466855,0,2026-08-25 06:31:48
2024-01-10 00:09:00,CNC-03,H,298.9087678087489,310.0003069290717,2863.598812161447,12.109222794609211,18.01667055759587,3.4073736461302446,6.571287850831859,53.06212447729871,0,2026-08-25 06:31:48
2024-01-10 14:30:00,CNC-02,M,297.22393116168,311.36419236469544,1349.9133880562144,51.066930619134595,79.66672150593385,1.978749365748645,12.846827022012251,57.172178219394894,0,2026-08-25 06:31:48
2024-01-10 02:52:00,CNC-01,L,297.3213887431739,309.28278672722985,2480.8015262958893,17.691177716392158,26.015779682070434,3.0410539469585025,8.393331116070863,52.49842183007813,0,2026-08-25 06:31:48
2024-01-10 12:21:00,CNC-02,M,301.5120902232891,309.75711492225525,1434.610220685855,45.45098986887113,134.75825435573427,2.214791999539962,12.102819208892486,51.36850285437493,0,2026-08-25 06:31:48
2024-01-10 15:02:00,CNC-01,L,298.18436941789,312.7618703441553,1625.4840423799064,43.42661646023231,194.9055689340915,,13.205697466270184,52.09354222311817,0,2026-08-25 06:31:48
2024-01-10 11:16:00,CNC-01,L,296.64804635394285,310.6272926434492,1382.6708613114693,51.56381464014446,53.99081882212726,2.02678947130303,13.117501038781283,54.915734680605645,0,2026-08-25 06:31:48
2024-01-10 20:13:00,CNC-01,L,26.736060226566394,40.61102490193218,2351.8742374748476,26.308840548273132,143.0242196893123,3.1841550499326607,11.620569359936514,47.314653988443126,0,2026-08-25 06:31:48
2024-01-10 12:15:00,CNC-02,M,301.80665563015185,310.47270732653726,1353.231452372635,53.180819713662046,125.17841835872991,2.2194739273608266,,45.32209929793586,1,2026-08-25 06:31:48
2024-01-10 00:59:28,CNC-02,M,298.3209961150774,310.3164197235372,2812.6061869416003,14.448582474858291,117.95270537294105,3.5313931126511067,7.620597131327306,57.18324369638085,0,2026-08-25 06:31:48
2024-01-10 15:25:00,CNC-02,M,297.5965240320745,312.2051575797635,1688.9699232108578,42.0686002635685,163.43148141370386,2.717632213082704,13.076427803257063,60.22442013794536,0,2026-08-25 06:31:48
2024-01-10 12:15:00,CNC-01,L,297.12933723548235,311.66433515253624,1413.099808049339,50.86954126859394,147.46952661539478,2.346450377262942,13.44937458163824,54.02324727459157,0,2026-08-25 06:31:48
2024-01-10 15:37:00,CNC-03,H,299.0084003320436,312.9104763867434,1712.7891737285108,41.557482129648236,43.54937529256597,2.3361070837893383,13.272707316579355,54.94861887582968,0,2026-08-25 06:31:48
2024-01-10 01:52:00,CNC-02,M,297.7353126668485,311.10747244725854,2715.3921290977737,20.196581115752444,176.13061820247623,3.741963459873575,10.408765540854256,57.57200463044009,0,2026-08-25 06:31:48
2024-01-10 12:10:00,CNC-02,M,301.67468222742946,310.0393538905436,1326.232372050328,52.05340930938422,117.29029218860437,1.9815290606033815,12.989359078894013,52.234353009676376,1,2026-08-25 06:31:48
2024-01-10 20:05:00,CNC-01,L,26.802762133511862,40.751963803086596,2438.188925822446,27.3302076093993,133.62608971438232,3.3245488758988557,12.46187433930154,48.459400026887764,0,2026-08-25 06:31:48
2024-01-10 18:38:55,CNC-02,M,299.13720205191856,314.34531221810244,2054.774279787346,36.57944275494226,175.35116146758398,3.0952315199330447,14.297133543670457,52.732568229101595,0,2026-08-25 06:31:48
2024-01-10 14:43:00,CNC-03,H,298.9924530196532,314.59860567764036,1555.016177773639,54.89011863714391,230.82510592929884,2.9678780288649085,16.123716104332665,55.172780861664165,0,2026-08-25 06:31:48
2024-01-10 17:23:00,CNC-03,H,299.9234919881895,314.44775402900456,1974.0484524609467,36.90410800736452,195.39689423088564,3.0877810061831945,13.660878483259523,52.973530137368186,0,2026-08-25 06:31:48
2024-01-10 02:16:00,CNC-01,L,297.7896217092264,311.2631548482471,2529.046782383673,22.165186445900126,187.49148755754575,3.7858022410773255,10.374699683757925,56.911203936095134,0,2026-08-25 06:31:48
2024-01-10 22:43:05,CNC-02,M,298.32042408487575,311.5194292527235,2517.5203023402496,18.367634550418348,212.77427461101703,3.8629724842511686,8.434797774746066,59.22648991840908,0,2026-08-25 06:31:48
2024-01-10 06:41:00,CNC-02,M,295.95810779672064,309.9206504207859,1869.5989465839475,36.644301282240924,78.05830016458745,2.435758726886853,12.61805253549851,61.4737299922757,0,2026-08-25 06:31:48
2024-01-10 22:06:00,CNC-03,H,299.92919357216067,313.4942220879024,2611.667976869424,23.88737824197753,71.51306698503355,3.18868741825062,11.749995999197228,49.10454936144976,0,2026-08-25 06:31:48
2024-01-10 00:53:25,CNC-02,M,298.531036961349,311.21263308453865,2734.3500563287284,19.24180512010536,112.64020995094585,3.364282207445926,9.839627051143173,51.53378730586283,0,2026-08-25 06:31:48
2024-01-10 19:53:00,CNC-01,L,26.917770989198345,40.767969185482684,2267.645095333324,29.845963858106902,119.38187572904904,3.06816929979918,12.611036794970055,48.61816527519351,0,2026-08-25 06:31:48
2024-01-10 07:11:00,CNC-02,M,295.9937366529823,310.3235986240692,1808.64557271128,37.192060383839774,120.1592079821722,2.6239946967448966,12.495534152894052,59.25635534956897,0,2026-08-25 06:31:48
2024-01-10 20:40:00,CNC-02,M,25.574721257123258,38.62544176054382,2538.8484794487304,20.794035083123106,74.7904515206753,2.971002967551412,9.770115231514259,51.47063570964243,0,2026-08-25 06:31:48
2024-01-10 06:51:00,CNC-02,M,295.9061415584755,310.28587381202937,1917.5243787083555,37.23889931634379,91.81852460169011,31.3563769527849,13.135787015943514,58.13423588225232,0,2026-08-25 06:31:48
2024-01-10 23:35:00,CNC-01,L,298.4469848114048,309.94853304347794,2591.604720831463,12.157889388941683,148.96568088015454,3.5404568538231427,5.856174901213122,53.910365747799666,1,2026-08-25 06:31:48
2024-01-10 20:40:34,CNC-01,L,26.568215284159635,39.60378016863507,2629.210895223027,19.421833842556282,176.90745017859436,3.775211801966872,9.481852347177183,53.6810410939215,0,2026-08-25 06:31:48
2024-01-10 14:32:00,CNC-03,H,298.5807187767651,313.53444586561113,1432.9873682592586,53.49959655127259,213.97841128469832,2.6703023628285836,14.1034860442595,58.398594837104355,0,2026-08-25 06:31:48
2024-01-10 00:48:00,CNC-03,H,303.82679984691504,309.1859111887119,2807.460609490848,12.003359751151784,59.45477521873319,3.254896083746046,6.220943171623404,46.37764465402455,0,2026-08-25 06:31:48
2024-01-10 17:03:00,CNC-03,H,299.3491333696968,313.5509039291599,1887.7901393200414,37.46358343475144,167.70896442690253,2.879599009079541,13.298301410298086,54.963152477085664,0,2026-08-25 06:31:48
2024-01-10 18:35:00,CNC-03,H,299.9307698190284,313.7775264699239,1891.7499551243432,35.070381888872916,67.23994099690267,24.878623518758026,12.51672904199022,51.59191489214387,0,2026-08-25 06:31:48
2024-01-10 02:19:00,CNC-02,M,297.64275472930154,311.32003313983137,2508.705435408163,24.038696100126465,205.61685843780882,3.7680407783714225,11.366736463477723,53.736931415669034,0,2026-08-25 06:31:48
2024-01-10 02:56:00,CNC-02,M,297.23459674183846,309.2935166596148,2458.1454218403355,18.945596145395378,22.516107277022808,3.112825803984701,8.502213892545518,52.38014457170304,0,2026-08-25 06:31:48
2024-01-10 02:11:00,CNC-03,H,298.05701563964146,311.05112097101204,2708.831227666031,20.31310190748588,149.52322865608923,3.4228820411694407,10.101379866665745,56.842644804698836,0,2026-08-25 06:31:48
2024-01-10 15:44:00,CNC-03,H,299.18436536683544,313.32228785512956,1659.1539625466226,43.685166455031315,53.85956105901494,2.381534535812969,13.35066797074828,50.67714913926253,0,2026-08-25 06:31:48
2024-01-10 06:46:00,CNC-01,L,295.9985352394307,310.1402548394093,1802.025989059283,38.83307273637297,79.82121768065045,2.547714537836394,12.965858267896676,59.73729517557979,0,2026-08-25 06:31:48
2024-01-10 12:11:00,CNC-02,M,301.8444244277418,310.18045472845455,1337.2390122026056,49.93107461588508,118.89029218860436,2.097182707896517,12.113514488119534,43.28450609499127,1,2026-08-25 06:31:48
2024-01-10 13:23:00,CNC-01,L,297.29510772439,311.0794625221919,1383.6431530053067,51.29698565504336,41.11035899567884,2.091580568019298,12.985635616768642,57.79520021715769,0,2026-08-25 06:31:48
2024-01-10 14:32:00,CNC-02,M,297.56758282982287,312.47674064317,1539.9130761966871,49.42499869994418,82.74499884802295,2.342088566230732,14.060976714405774,55.23667046316572,0,2026-08-25 06:31:48
2024-01-10 19:08:00,CNC-02,M,299.0804248869602,313.46911955536956,2216.2775315237927,28.802127881466507,211.88869781976928,3.5531978941219053,12.107496478559613,55.210530115431396,0,2026-08-25 06:31:48
2024-01-10 16:50:00,CNC-02,M,298.74120253792785,312.8842894850922,1631.7082919319112,42.593317566019344,28.63714100242103,2.2545435957969002,13.067784699909573,52.53791123321549,0,2026-08-25 06:31:48
2024-01-10 01:15:00,CNC-02,M,298.1451474525893,310.7152375298115,2613.131701734831,19.626743953217282,135.97570043538238,32.18380038409599,9.56712644770873,52.41907307025981,0,2026-08-25 06:31:48
2024-01-10 00:28:00,CNC-02,M,298.5922801661147,311.64414602743875,2677.340272529599,20.834464993608226,85.85302391804028,3.322083030296858,10.576041924337819,57.545704785536955,0,2026-08-25 06:31:48
2024-01-10 16:32:00,CNC-01,L,299.33179251835884,313.48665947110476,1718.8113701451473,42.1963787007709,89.04397426408755,2.408531974533923,13.594151720609231,52.99573954585188,0,2026-08-25 06:31:48
2024-01-10 14:15:00,CNC-03,H,298.637739973305,313.12234392135923,1522.4870182524878,46.88703921070234,187.48445939110476,2.618311201356569,13.444445073970105,54.61972845270933,0,2026-08-25 06:31:48
2024-01-10 04:15:41,CNC-01,L,296.91046566431913,311.16781060031855,,31.17420766918449,123.16033954043006,3.080790319337158,13.190592089831739,59.38143958645386,0,2026-08-25 06:31:48
2024-01-10 14:35:00,CNC-03,H,298.73627120822533,313.58536425271865,1582.5819446366565,45.45468522969702,218.51082994966103,28.15654936786138,13.704824822867257,59.512961205412736,0,2026-08-25 06:31:48
2024-01-10 09:02:00,CNC-01,L,296.2997147473543,310.27494794796365,1477.3491139650434,47.60549217990742,67.48171788636688,2.1512788069994664,13.23489316483595,52.75570853003156,0,2026-08-25 06:31:48
2024-01-10 14:53:00,CNC-03,H,298.7602255640541,314.1992550372674,1577.1948220610611,50.709338784346656,,3.262127161980606,14.86586087300456,50.32592211383522,0,2026-08-25 06:31:48
2024-01-10 17:13:00,CNC-01,L,299.28231694280896,313.8812901553235,1816.8501988271505,39.57312265761897,146.68156238761995,2.73995946070148,13.4789860030859,56.402038233904584,0,2026-08-25 06:31:48
2024-01-10 08:58:00,CNC-03,H,296.2383270717204,310.90413576375806,1622.9576825141442,44.37247455039904,194.6885353738279,2.72982353577872,13.448975779436978,59.056156293401,0,2026-08-25 06:31:48
2024-01-10 11:59:00,CNC-01,L,296.9682486829292,311.18952385939104,1315.501642975327,54.32126362074973,122.05587029245419,2.2183565807211765,13.376038434160007,57.721114808845954,0,2026-08-25 06:31:48
2024-01-10 07:01:00,CNC-02,M,295.7719207519845,309.63596315389435,1785.6738813574527,37.650156877536574,105.91709424130546,2.3660270610789067,12.844331132553812,55.54128131670977,0,2026-08-25 06:31:48
2024-01-10 00:59:00,CNC-03,H,303.94706783002084,310.30801990840297,2522.790167523952,18.582506994949032,71.26493088742718,3.1275453720133157,8.62746824167071,46.85784130283984,0,2026-08-25 06:31:48
2024-01-10 03:36:00,CNC-01,L,297.09868473802226,310.36365993048577,2407.1101444044907,23.69926222011782,76.75968847883658,2.987618755385012,10.322911398322129,57.594313729076184,0,2026-08-25 06:31:48
2024-01-10 16:33:00,CNC-02,M,298.502584252336,312.80846937516867,1891.3542403099557,39.81989968276484,4.307098141544779,2.5289592961485208,13.988925445286267,58.575109727618454,0,2026-08-25 06:31:48
2024-01-10 14:17:00,CNC-02,M,297.2006353338493,311.2461924681422,1362.836929798502,50.91716066781264,59.38180763067105,2.0624189681219542,13.030789822496578,57.09412817615736,0,2026-08-25 06:31:48
2024-01-10 01:13:00,CNC-03,H,303.7638674727028,309.85235650373664,2755.972035561169,16.61118029610271,86.39051338893009,3.3390801106087586,8.601432046389192,45.486071561215404,0,2026-08-25 06:31:48
2024-01-10 17:16:00,CNC-02,M,298.8102054654029,312.928665805268,1895.2496452961625,36.83516372622832,64.82525707355617,2.610891892822978,12.895832620503194,50.158157663334926,0,2026-08-25 06:31:48
2024-01-10 02:38:00,CNC-01,L,297.4640392035556,309.72985475271366,2534.835215693858,18.994394935675484,10.238710926033688,3.049692790827362,9.124887746841294,60.387402124126936,0,2026-08-25 06:31:48
2024-01-10 16:01:00,CNC-02,M,298.2836545051428,313.6068426321184,1695.6903831379125,44.83591508519903,216.68279681859704,3.1421990980254613,14.361567073093521,51.91328242729957,0,2026-08-25 06:31:48
2024-01-10 10:53:00,CNC-03,H,296.89824976129097,311.6551872617461,1409.4951192277551,52.176654680812476,142.04898414124148,2.3494154730038757,13.86717299271797,58.08709444618204,0,2026-08-25 06:31:48
2024-01-10 20:21:00,CNC-01,L,26.807041713657327,40.0436097659923,2506.8633886269067,22.454911104431243,152.39982766555326,3.46235667729286,10.601456487473085,50.962285791395686,0,2026-08-25 06:31:48
2024-01-10 16:37:00,CNC-01,L,299.19705949761425,313.36918464611983,1814.971186732928,39.795488456193226,96.13013695878661,2.4432653798829715,13.584556164823649,52.465169514544385,0,2026-08-25 06:31:48
2024-01-10 19:35:00,CNC-01,L,300.0509564153097,313.63308388678325,2352.126212085122,27.021714916309687,97.39800483951078,3.062031576047104,11.69619711220789,51.653159337316566,0,2026-08-25 06:31:48
2024-01-10 08:08:00,CNC-02,M,295.7233494700169,310.55082558347857,1643.4934366309406,44.790640472218975,202.49044820562446,2.9681756943219493,13.657053814895857,59.627281173082835,0,2026-08-25 06:31:48
2024-01-10 23:28:00,CNC-02,M,298.35765142686745,311.0840956882178,2849.3873923490114,16.900715792647606,44.806659375903656,3.3820416914190243,9.009206457860587,52.924215834137485,0,2026-08-25 06:31:48
2024-01-10 11:35:00,CNC-02,M,301.5693932477609,309.70861772172674,1455.0029176939026,47.38520585452227,61.61191683501964,2.0768631280269245,12.95969494625866,50.42440430737823,0,2026-08-25 06:31:48
2024-01-10 15:35:00,CNC-03,H,298.87636699558993,312.9861001647159,1692.3439800812623,42.573790398485585,40.536347207557334,2.238041167233514,13.516621814833245,54.1900933021143,0,2026-08-25 06:31:48
2024-01-10 08:28:29,CNC-01,L,295.7496987431489,309.43279383515795,1808.4357495403779,37.060024981017605,16.282454124856418,2.4643289725473325,12.414696394560647,55.86937034542887,0,2026-08-25 06:31:48
2024-01-10 03:29:00,CNC-03,H,297.14010240926314,309.619196202202,2419.2682785992897,21.07990861259745,6.995049255460162,3.0258410396920996,9.575077123453879,60.710475997763716,0,2026-08-25 06:31:48
2024-01-10 06:47:00,CNC-02,M,295.86300782626233,310.4176183866343,1940.2634164307017,38.53257945675225,86.32662440042937,2.659404385243783,13.814161270264322,58.30961656931131,0,2026-08-25 06:31:48
2024-01-10 08:11:00,CNC-02,M,295.57320497816573,310.6066371071608,1704.146248118423,43.93951868935197,206.87997783765545,2.944103644606874,14.021190680296149,61.138825973433136,0,2026-08-25 06:31:48
2024-01-10 14:36:00,CNC-02,M,297.58178239701454,311.91855142655777,1552.5125366909233,47.52228109802748,88.90030587363951,2.169890952931768,14.045305642357249,56.505412127264115,0,2026-08-25 06:31:48
2024-01-10 04:37:00,CNC-01,L,296.6215995212082,310.4102941640272,2267.554796624326,27.783493450590605,149.9723492967457,3.2089814881400414,11.529003979914867,57.59815478729978,0,2026-08-25 06:31:48
2024-01-10 23:34:00,CNC-02,M,298.31647134832724,310.94920395400067,2712.083835946605,18.022583960478563,51.2111238786197,3.2796630687658954,9.167306647311609,55.24908635715964,0,2026-08-25 06:31:48
2024-01-10 20:42:00,CNC-02,M,25.907482040452635,39.49656693056903,2370.123286964295,25.43583282814085,77.17685685577241,2.947822085206254,,54.38417723397126,0,2026-08-25 06:31:48
2024-01-10 00:13:00,CNC-01,L,298.80321176652217,311.27953313902566,2748.398447437327,17.204252629908503,54.552041130661344,3.3692824958708387,9.029963010750475,53.56211274273658,0,2026-08-25 06:31:48
2024-01-10 23:18:00,CNC-03,H,299.60727700940396,312.5848435341667,2639.324590868949,20.892513164555147,149.33037894976263,3.5070578997747943,10.254456085534295,53.26479944545534,0,2026-08-25 06:31:48
2024-01-10 08:17:00,CNC-02,M,295.55007314692165,309.2375450383792,1660.4522720703756,40.283908167326544,2.933762854652408,2.317834542043676,12.54610076288687,60.3681097473936,0,2026-08-25 06:31:48
2024-01-10 00:46:00,CNC-02,M,298.2637590454373,309.8221325159217,2852.9709352829595,12.186071548291629,105.1223715063601,3.4272469400967966,6.380417392786774,56.73936871740878,0,2026-08-25 06:31:48
2024-01-10 17:23:00,CNC-01,L,299.4278046289831,314.2645710968878,2085.015994376648,34.86398549183117,160.36494228542207,3.1997374323623338,13.743513499020429,53.77396442048328,0,2026-08-25 06:31:48
2024-01-10 06:23:00,CNC-01,L,296.10151271009374,310.34034752488753,2088.156983697442,34.854636861447716,48.0746839872462,2.55227799135561,13.549388009509212,58.68521437783691,0,2026-08-25 06:31:48
2024-01-10 08:39:00,CNC-03,H,296.2092467787274,311.0905851109957,1598.6040865473294,49.1342466259329,166.0943222547375,2.60268424957949,14.755549941401034,58.39767256092481,0,2026-08-25 06:31:48
2024-01-10 20:43:00,CNC-03,H,26.77233979337899,41.00639633744777,2555.0992685848573,24.815737384342334,223.15518435535458,3.8798816296715777,12.18271182147732,50.88450677924848,0,2026-08-25 06:31:48
2024-01-10 01:57:00,CNC-02,M,297.8736080476863,310.9816408411504,2760.8730524476164,,181.51156682410922,3.74086135791277,9.004955480626924,55.8894807894571,0,2026-08-25 06:31:48
2024-01-10 21:32:00,CNC-02,M,298.9488946539416,311.2497934333368,2601.6082447685394,14.304062216589902,133.88933739973868,3.3216282083536885,0.0,51.64890761417991,0,2026-08-25 06:31:48
2024-01-10 15:58:59,CNC-01,L,298.6326437602712,312.3585993688841,1659.3317330887587,,41.43273454647043,2.2178926658409703,13.437481969743185,57.269658484666515,0,2026-08-25 06:31:48
2024-01-10 21:00:00,CNC-02,M,25.862791781602823,40.12457444063898,2409.866543940563,28.079441686302204,97.76052870158281,3.0474741920085444,12.838722894635541,49.70060478642515,0,2026-08-25 06:31:48
2024-01-10 20:29:03,CNC-02,M,25.86839157169652,39.20008718486548,2289.1767190687788,25.723611740272972,60.70839848987881,2.859313139726582,11.169517099785049,50.0479452716679,0,2026-08-25 06:31:48
2024-01-10 11:42:00,CNC-02,M,301.56396713477994,309.7338369429641,1424.5596057661512,51.06196116489234,72.74327161805684,2.1115664466472692,13.602923854578668,50.99801213170009,0,2026-08-25 06:31:48
2024-01-10 11:20:00,CNC-03,H,297.1530967515288,311.9284097787883,1337.6143913325825,55.42357267221425,184.89634539347898,2.367225549596921,13.98937412815993,55.2545542779978,0,2026-08-25 06:31:48
2024-01-10 12:53:00,CNC-03,H,297.540187558718,311.5483625282149,1354.1897941976456,51.78169815727613,58.559815206574164,2.034602630984382,13.254848303331302,59.03600254864176,0,2026-08-25 06:31:48
2024-01-10 18:53:00,CNC-03,H,300.2789196661289,313.79856286458215,2167.133984672701,29.221365024127508,90.30658506114466,2.845411910877859,12.063195236512014,48.894728372306375,0,2026-08-25 06:31:48
2024-01-10 12:24:00,CNC-02,M,296.0807197554688,310.4905748166406,1309.97663523089,52.52646584176684,139.54279859526733,2.0818191649599793,12.976777191364675,58.415777782389384,0,2026-08-25 06:31:48
2024-01-10 03:22:00,CNC-02,M,297.23742458699024,309.70198628113,2475.019957992641,19.610105042813988,52.38429018356161,3.154779117131044,8.891414703825493,53.20521914393074,0,2026-08-25 06:31:48
2024-01-10 08:35:00,CNC-01,L,296.0174727198021,310.03130260140546,1547.8822458565533,45.94034499320728,26.695513789322945,2.2143775256650664,13.11873318163489,61.89913811894012,0,2026-08-25 06:31:48
2024-01-10 15:42:00,CNC-02,M,298.1034299172415,313.4707615440491,1572.269890325328,49.62340050110756,188.77348009349,2.7073916257823396,14.57686549481344,55.30615673500675,0,2026-08-25 06:31:48
2024-01-10 08:02:00,CNC-03,H,295.7376436354555,310.06876979102793,1641.934481001944,43.196507097922,110.98543387451824,2.3599244451603125,13.232639691142513,59.61341823774653,0,2026-08-25 06:31:48
2024-01-10 08:40:00,CNC-03,H,296.0521577863946,310.47653153179306,1510.2441275535825,46.98356305166486,167.61367029672778,2.3971718217971154,13.298880701360101,59.23973692976196,0,2026-08-25 06:31:48
2024-01-10 22:10:00,CNC-03,H,299.9464343187533,312.080215988586,2694.62478230604,17.554668310752103,75.91223756919445,3.2131357776368956,8.826257013420902,50.797396339667486,0,2026-08-25 06:31:48
2024-01-10 09:23:00,CNC-03,H,295.82801536514626,309.5690167247181,1518.1508851150838,46.25299598388315,1.5179794983470623,2.0720362487454196,13.37670341849249,60.636727648425854,0,2026-08-25 06:31:48
2024-01-10 14:01:00,CNC-03,H,298.35072928991076,312.6392562270823,1383.5725889264763,50.1392642615368,165.944662490715,2.3472985044312096,12.907652572481396,55.816851367513046,0,2026-08-25 06:31:48
2024-01-10 16:46:00,CNC-02,M,298.599986634356,312.5834582421412,1726.9865883186783,39.617144849299265,22.961432467760563,2.361089075702903,12.775143957921747,54.212721307503905,0,2026-08-25 06:31:48
2024-01-10 01:50:00,CNC-01,L,298.1211994689918,309.97988639767203,2582.430257870947,13.948900284963557,158.6713254373007,3.6790897118796155,6.6888563421181795,52.69792605823597,0,2026-08-25 06:31:48
2024-01-10 02:03:00,CNC-03,H,297.88125733497753,310.0886402020373,2656.0997547751585,16.478426835699068,140.65600118152486,3.3187687026920645,8.199372317719318,56.15312424233081,0,2026-08-25 06:31:48
2024-01-10 12:01:56,CNC-01,L,296.77136850992923,311.302203070881,1395.874114908291,52.94065519310257,125.23941235476255,2.246467756033589,13.87248011242605,57.070261655439786,0,2026-08-25 06:31:48
2024-01-10 00:22:23,CNC-02,M,298.9932431233284,310.8688556811542,2782.1522732045246,14.798259580867219,79.47318701565379,3.420959015438648,7.715217475322,50.725058973537706,0,2026-08-25 06:31:48
2024-01-10 20:29:00,CNC-03,H,27.00420158184079,41.48435108542725,2414.699683567312,27.272573701535265,206.90840100430708,3.5361648968240504,12.273845653438404,54.62271949182039,0,2026-08-25 06:31:48
2024-01-10 15:43:00,CNC-03,H,299.2321204147883,313.2456784061593,1641.589481069148,43.21169561985785,52.384827064332924,2.358876398299721,13.144712074905065,56.65436870230665,0,2026-08-25 06:31:48
2024-01-10 21:21:00,CNC-01,L,26.86538548869879,39.545481719248755,2528.657110795412,21.097992270152336,3.441377763007302,3.0356423739430047,10.035023771358574,47.86139257829733,0,2026-08-25 06:31:48
2024-01-10 13:40:00,CNC-03,H,297.8244728591017,312.6305380028263,1434.13786435504,55.02747695009748,132.9874689828845,2.289263895618004,15.213641948794926,53.15831139635941,0,2026-08-25 06:31:48
2024-01-10 00:10:00,CNC-02,M,,309.795559177155,2824.4692708049874,11.368621140718037,66.80644225343147,3.348844274584005,6.41340854082483,50.75325712149803,1,2026-08-25 06:31:48
2024-01-10 12:01:00,CNC-03,H,297.4337417330493,312.2921731848152,1401.891218113359,51.41167608285572,250.03637415163317,3.254478213867427,13.374914666795743,58.640297814658354,0,2026-08-25 06:31:48
2024-01-10 23:28:00,CNC-03,H,299.5308389971421,311.2296029257534,2755.225806051036,12.309218489318736,159.83483257885734,3.5660683810757017,6.269734230127539,49.088026902122856,0,2026-08-25 06:31:48
2024-01-10 15:40:00,CNC-01,L,298.8458297716927,312.4621784501824,1607.7063992221326,41.47556954061517,13.339031878035565,2.187756375880105,12.532485149985092,57.85562411940097,0,2026-08-25 06:31:48
2024-01-10 09:33:00,CNC-01,L,296.1961355752732,310.15046251240364,1435.096436195542,48.72494626659725,115.18469300584194,2.178496834276853,12.945337769600382,57.47926487294057,0,2026-08-25 06:31:48
2024-01-10 13:37:00,CNC-03,H,298.033502807066,312.5131341098586,1438.2476809430289,50.47498545933469,128.26691355766485,2.106885636199227,13.651668270735968,54.403413963117174,0,2026-08-25 06:31:48
2024-01-10 23:07:00,CNC-01,L,299.2401394152847,312.2559340344448,2720.563240494572,20.541109106805784,119.16630662433775,3.4188211558580175,10.607790940204021,53.133396884923556,0,2026-08-25 06:31:48
2024-01-10 10:28:00,CNC-02,M,301.0548733648605,7091.284381030897,1425.2950262503432,55.87963559973262,204.7467961433881,2.654900406128785,14.885541477138254,46.87162121881004,0,2026-08-25 06:31:48
2024-01-10 00:57:00,CNC-01,L,298.51496490220376,311.08035246847766,2682.567379041499,18.255931610295814,101.48311082951498,3.2362360444069895,9.062632651963522,54.26676641257452,0,2026-08-25 06:31:48
2024-01-10 18:17:00,CNC-03,H,300.1063497491736,313.93566019076735,2065.756901511492,32.847541349142034,43.80134180187752,2.7446851725221943,12.783609288072611,49.80591801722358,0,2026-08-25 06:31:48
2024-01-10 20:15:00,CNC-01,L,26.84552849797467,40.60130677260884,2253.3078378280875,27.637606876089542,145.44957552967486,3.1933855229127466,11.77361882197214,52.52646895169272,0,2026-08-25 06:31:48
2024-01-10 11:10:00,CNC-01,L,296.58040315714135,310.672182497201,1404.0105351880622,52.4307798130041,44.455215414695274,1.9968842063697072,13.538256833262265,58.0364099539768,0,2026-08-25 06:31:48
2024-01-10 16:26:00,CNC-02,M,,314.10578518119394,1827.164584067574,43.70418512934204,252.8408340819123,3.680451238953463,14.787608513448376,53.46042214810293,0,2026-08-25 06:31:48
2024-01-10 14:13:00,CNC-03,H,298.4618215857858,313.1414363335564,1520.8536071250148,48.175298165158765,184.39484161736797,2.500735397104952,13.83038631786553,51.99715597260336,0,2026-08-25 06:31:48
2024-01-10 01:42:00,CNC-02,M,297.99206005865045,310.9300774456651,2675.982580818294,18.179263016291277,165.23304358776232,3.4340911607301328,9.021928880059031,57.38461611773446,0,2026-08-25 06:31:48
2024-01-10 19:37:00,CNC-03,H,300.6068229787374,314.3926004111878,2241.48031355481,27.412489813110977,144.94754578485015,2.874731815336238,11.436985877970411,49.87597129516939,0,2026-08-25 06:31:48
2024-01-10 21:11:00,CNC-01,L,26.81741355088468,40.704823496734775,2444.923140243621,25.502186507598758,210.20610709737466,3.8677891877999855,11.723358121913936,47.8855308686703,0,2026-08-25 06:31:48
2024-01-10 07:55:00,CNC-03,H,295.67219296299226,309.5374036497627,1754.0133860892429,38.41636237522171,100.64868985699908,2.5274076422121405,12.569019528016991,59.69341428222521,0,2026-08-25 06:31:48
2024-01-10 10:40:00,CNC-02,M,300.96524637472413,309.7740974437219,1387.232478949547,52.009995051811664,223.67465866229097,2.908304542917309,13.36191324199311,48.06946242018085,0,2026-08-25 06:31:48
2024-01-10 19:11:00,CNC-02,M,299.25607853803314,313.6609924510792,2077.6415199347166,30.357633204259805,215.6843635028018,3.511201366335059,11.753327186037755,53.29671856703049,0,2026-08-25 06:31:48
2024-01-10 17:29:00,CNC-01,L,299.54584588425854,314.30201428520985,2109.6058082978525,34.28239722935401,168.49333539203403,3.1579427207413406,13.557710599765787,49.57030069954664,0,2026-08-25 06:31:48
2024-01-10 20:48:00,CNC-02,M,25.87564727962632,39.03244775083061,2580.9539904510843,20.44063677274106,84.12151381737375,3.1344531389946972,10.305056155604877,56.81054957222577,0,2026-08-25 06:31:48
2024-01-10 09:04:00,CNC-03,H,296.2328209671923,311.7221723915055,1685.5490946435302,47.815834744772715,203.75621675473823,28.492604375565207,15.167042418630052,63.100854824473046,0,2026-08-25 06:31:48
2024-01-10 22:28:00,CNC-01,L,299.6086060017662,311.33342589599914,2716.7371429345835,14.712791902828984,77.19445482198911,3.366010642780342,7.556108868242143,53.85416438929574,0,2026-08-25 06:31:48
2024-01-10 21:31:00,CNC-01,L,300.00377443653707,311.90142373601,2527.707394810573,17.6541769525445,14.553125828705458,3.2027041085244172,8.501952739748488,52.783997360472085,0,2026-08-25 06:31:48
2024-01-10 21:39:00,CNC-01,L,299.7994300317651,311.98472717701725,2520.905385696162,18.814682120153808,23.439035333832102,3.1573246563407333,8.72468863330413,52.98021608264763,0,2026-08-25 06:31:48
2024-01-10 20:01:00,CNC-03,H,27.02386484008656,40.77342412209356,2339.3791131381327,26.353667483919782,173.67889352625338,3.1319975738880355,11.44819182664347,53.49275032024573,0,2026-08-25 06:31:48
2024-01-10 15:07:00,CNC-03,H,298.3591743848155,313.68196494226294,1542.759257163682,49.75581465836392,267.1505787064499,3.4321941448085003,14.60368567642482,47.670433434845215,1,2026-08-25 06:31:48
2024-01-10 12:00:00,CNC-01,L,297.1011484051748,311.3576088496299,1403.4149607893808,49.68001653565378,123.63941235476256,2.2582269552855334,13.172263362503301,54.1941945954243,0,2026-08-25 06:31:48
2024-01-10 08:01:16,CNC-02,M,295.6787765174125,310.5092574893222,1513.0790000138124,48.565998442098646,193.64055962139707,2.7787260527234383,13.515192660281095,62.99215208562223,0,2026-08-25 06:31:48
2024-01-10 01:59:00,CNC-01,L,298.0958352544112,311.039524716725,,19.386473997310716,168.5341227908675,3.575726193199639,9.483599890704268,55.05888633321003,0,2026-08-25 06:31:48
2024-01-10 03:30:00,CNC-02,M,296.57241664513384,309.14872150787556,2410.484374403629,22.574599173245307,61.67636478185006,2.9911143683690575,9.92742549868204,55.25930710295383,0,2026-08-25 06:31:48
2024-01-10 01:35:52,CNC-01,L,298.3547260149578,311.4251754614351,2614.410165353432,19.169107701576763,144.50723181658353,3.451766520123115,9.294146231664767,56.5497035722331,0,2026-08-25 06:31:48
2024-01-10 11:49:00,CNC-03,H,297.1005144525986,312.111227958852,1364.7422825256835,54.60201602097377,230.9507837091981,2.920556757735982,13.79858632503036,60.3667266990119,0,2026-08-25 06:31:48
2024-01-10 00:18:00,CNC-03,H,298.71762315852163,310.0014443448563,2700.291883086364,13.621438178952767,27.446736822286415,3.1201926269063947,6.87719637414137,55.036156757518995,0,2026-08-25 06:31:48
2024-01-10 02:55:00,CNC-02,M,297.07843734961216,307.8575202253813,2870.6339151352295,9.230845060440982,21.34170692345517,3.2670341396980866,4.756226347893127,56.08747369394916,1,2026-08-25 06:31:48
2024-01-10 14:28:00,CNC-01,L,303.3503000716785,312.3354944348148,1610.385674022747,48.286882597874154,142.51861602882443,2.565835686527763,14.73464884627741,47.969135346038215,0,2026-08-25 06:31:48
2024-01-10 09:11:00,CNC-02,M,295.74367399994185,310.1146922546685,1581.0428190605032,45.220754813859934,84.56648358859464,2.3579383713653717,13.275588123349532,59.41756034720395,0,2026-08-25 06:31:48
2024-01-10 14:15:00,CNC-02,M,297.012951577191,311.5362426891013,1478.0046860188236,51.036404914245544,56.232405750106324,2.157320988691207,14.281232738119618,52.03924019894922,0,2026-08-25 06:31:48
2024-01-10 03:16:00,CNC-01,L,297.55506824498195,310.09907457839734,2392.3485792733536,22.581183197929118,53.45986117943047,2.987774045449188,9.843498690751208,53.436485123658244,0,2026-08-25 06:31:48
2024-01-10 02:08:00,CNC-01,L,297.92117567586564,310.87004864836365,2658.005222788751,18.013105589532756,178.49754196183363,3.655021248576196,9.035483882829546,53.14096422185143,0,2026-08-25 06:31:48
2024-01-10 03:17:00,CNC-02,M,297.0997266071108,310.59881512461646,2351.2366780444795,26.69621519076087,46.602043200899026,2.9668642235335083,11.50968755953444,56.206954201486056,0,2026-08-25 06:31:48
2024-01-10 16:45:54,CNC-03,H,299.49707527558496,313.88029237595157,1851.2214180930043,38.509189193974656,143.68998544415743,2.5672783605644844,13.408721394469431,56.54553876673972,0,2026-08-25 06:31:48
2024-01-10 20:05:00,CNC-03,H,27.155551865254324,41.27654223186181,2371.84067427881,28.09434703058684,178.4545174158328,3.341209954391962,12.418968731246611,52.88794933039762,0,2026-08-25 06:31:48
2024-01-10 03:43:00,CNC-02,M,296.6698662756884,310.51131617185587,2420.0552120158945,27.738706652448595,76.77988344135191,3.0520100431528197,,58.46377615945037,0,2026-08-25 06:31:48
2024-01-10 02:33:00,CNC-01,L,297.70948585667514,310.5614908502186,2468.0777821595375,24.357393988872627,4.5360789496769005,3.0550627829239283,11.373855516817741,54.29091549595608,0,2026-08-25 06:31:48
2024-01-10 06:35:00,CNC-02,M,295.82061796277094,310.18242948356135,1874.3504352018008,40.66400359996093,69.83529754162778,2.591937117213926,14.373569032351513,60.73263952700473,0,2026-08-25 06:31:48
2024-01-10 19:25:56,CNC-01,L,300.20545770417414,314.3902844335646,2385.873332093298,29.648427672659153,86.4148763765354,3.0646086628969136,13.255984601194067,52.816670007722756,0,2026-08-25 06:31:48
2024-01-10 09:00:00,CNC-02,M,295.8603126649546,309.5889669501199,1505.874347585859,43.63679784340847,67.7501211544275,2.3135883964614785,12.473986739311801,55.991214330140714,0,2026-08-25 06:31:48
2024-01-10 03:42:00,CNC-01,L,296.9469527182659,309.8509734844123,2334.622046762536,23.57918617815447,83.74505308333654,2.991154459248018,10.326123064847728,57.42529779271209,0,2026-08-25 06:31:48
2024-01-10 21:14:00,CNC-03,H,26.91324883999505,37.915827580008965,2622.582527549076,12.992535551824824,13.765087030592195,3.124819040464065,6.250729580000581,49.85289252748975,0,2026-08-25 06:31:48
2024-01-10 05:59:00,CNC-01,L,295.9412577366247,309.2315243629117,2065.077545402525,30.46252596312856,15.958531365475029,2.54652658777575,11.797641320216364,57.83666758516493,0,2026-08-25 06:31:48
2024-01-10 02:24:00,CNC-02,M,297.19784614308503,310.96221261476126,2539.9306712654898,23.241477071568227,211.14855709407726,3.8810017423534555,11.11483249078529,56.272432400222634,0,2026-08-25 06:31:48
2024-01-10 04:16:00,CNC-01,L,296.76170615279074,310.8587906663078,2298.639556494919,28.880208556931176,124.38225719272715,3.094722071536443,12.250736709367926,58.11275828523353,0,2026-08-25 06:31:48
2024-01-10 08:05:00,CNC-03,H,295.77022609740436,310.1595780302063,1665.2584567671988,43.1249402045961,115.47207027415827,2.341480786343944,13.1372412460292,60.28171553415563,0,2026-08-25 06:31:48
2024-01-10 02:48:00,CNC-03,H,297.6244106256152,310.70575857487495,2596.213279537722,20.25294869211114,190.65493621785862,3.5214946264138947,9.897302082361948,60.24593554814201,0,2026-08-25 06:31:48
2024-01-10 02:40:00,CNC-01,L,297.6961840845266,310.42473351814476,2598.038628610243,21.768645596319573,12.485136214952908,3.1086076503001685,10.610973640733611,56.2536419756623,0,2026-08-25 06:31:48
2024-01-10 23:30:00,CNC-02,M,298.11913565192367,309.43600059577835,2821.747237509585,10.524888272238993,46.89295045666009,3.369233195543166,5.912468742282075,54.7643053606587,1,2026-08-25 06:31:48
2024-01-10 18:41:00,CNC-02,M,299.0828472381239,313.86325664124064,2370.499949090548,29.896035747642184,177.85120222873138,3.4007275165359103,13.2806983643137,51.60645083761787,0,2026-08-25 06:31:48
2024-01-10 12:50:00,CNC-02,M,296.40140143317535,311.0804908483314,1391.7659876051061,51.415588424269146,180.7965889966704,2.4640881690675305,13.295777788984266,53.88652097689327,0,2026-08-25 06:31:48
2024-01-10 23:33:00,CNC-01,L,299.02353844993934,312.1632435006246,2706.328861340551,19.46605860085278,146.8101904824274,3.4323323123821523,9.996397551351615,54.82450857854122,0,2026-08-25 06:31:48
2024-01-10 22:14:00,CNC-01,L,299.8622399008417,311.8432719097218,2535.808259358539,17.224452029612458,61.98085599529039,3.054077792816059,8.037509597880897,51.55122982543338,0,2026-08-25 06:31:48
2024-01-10 07:12:00,CNC-02,M,295.8830476821162,310.03839118371883,1888.6091361256988,35.617991010006676,121.55385892644705,2.686880602015573,12.622101923499784,55.97465043858615,0,2026-08-25 06:31:48
2024-01-10 04:58:00,CNC-02,M,296.3565690947093,311.09039304628124,2239.3489378698446,32.44009432820106,167.88127157136512,3.1199913445837963,13.623906046350216,54.386654752273316,0,2026-08-25 06:31:48
2024-01-10 11:24:00,CNC-03,H,297.098679409286,311.656786497715,1387.031326076973,52.08630120606484,191.29439543073408,2.4480853869072834,13.403008735662747,59.37659934236595,0,2026-08-25 06:31:48
2024-01-10 16:56:00,CNC-02,M,298.80313011645256,313.17738595291735,1763.9232301398,41.74722208526281,37.207506525118966,2.224942588022006,13.663412636313867,56.966489959470984,0,2026-08-25 06:31:48
2024-01-10 06:39:00,CNC-01,L,296.0825068477543,310.02576224194854,1812.7651551060264,38.31167477137399,70.0775086738423,2.5138696891428207,12.873795882689368,61.364836981876174,0,2026-08-25 06:31:48
2024-01-10 06:17:00,CNC-03,H,295.96323921662434,311.1994269795568,2042.7955582507404,38.36095542353043,217.9157300445875,3.3118523144635175,14.783206134996298,63.21368175205373,0,2026-08-25 06:31:48
2024-01-10 04:42:00,CNC-03,H,296.4833593862574,309.54940037267716,2216.787002949482,24.51755776182092,94.79347664107758,3.0131956558449424,10.39190028519113,59.48404549907958,0,2026-08-25 06:31:48
2024-01-10 08:04:00,CNC-01,L,295.9151528911207,310.8494856809467,1788.0940669501206,42.72639791916288,191.4150358848438,2.932708368003607,14.350710521273323,64.07320290631067,0,2026-08-25 06:31:48
2024-01-10 14:37:00,CNC-02,M,297.47933554397116,312.1174869881517,1631.4355211499849,45.32159403982493,90.40432382682856,2.3195493921161896,13.822439471789764,57.86457776723937,0,2026-08-25 06:31:48
2024-01-10 20:51:00,CNC-03,H,26.90207003461245,41.0281742167557,2400.2039574236505,26.16032724486554,232.33495410472185,3.6371897624960363,11.88611840809731,49.55375711417577,0,2026-08-25 06:31:48
2024-01-10 02:42:00,CNC-01,L,297.40540529250507,309.1942021915285,2666.465180985009,16.733689674415075,14.771284494913818,3.2334434292031897,8.231736176304581,54.818416365889455,0,2026-08-25 06:31:48
2024-01-10 23:45:00,CNC-01,L,298.7668549928654,311.8186784960972,2837.0235098804033,19.150209092771288,159.48822130989257,3.7253181436083675,10.27096750770511,54.88678485108686,0,2026-08-25 06:31:48
2024-01-10 15:47:00,CNC-03,H,298.9418275142842,312.5295840941825,1629.180662446168,40.05964327892568,58.30653437158197,2.279564045490709,12.082193435274647,52.94409025643018,0,2026-08-25 06:31:48
2024-01-10 12:38:00,CNC-01,L,296.80603826135393,312.2950129277897,1582.8842928816182,52.46808037866228,184.12941092423878,2.729968412425384,15.66210919764836,53.8391984957328,0,2026-08-25 06:31:48
2024-01-10 11:20:00,CNC-02,M,301.6318602744832,310.26431264947763,1384.651885497022,52.93738681656097,37.962371785504544,2.116568046731027,13.642492031274202,51.88728800084375,0,2026-08-25 06:31:48
2024-01-10 15:21:00,CNC-02,M,297.9286245767754,312.9080741156216,1439.8171318404645,52.363774214431984,157.42683372194367,2.372638204145446,14.22085695379503,52.06722803839002,0,2026-08-25 06:31:48
2024-01-10 16:17:00,CNC-01,L,298.8840767184107,312.43051888775454,1821.9833699128942,35.94372037782495,67.5553137569644,2.445862865881995,12.176911270140103,55.08187568305131,0,2026-08-25 06:31:48
2024-01-10 22:42:00,CNC-03,H,299.6432448437957,312.40999238196497,2606.147721449088,19.53060743390306,110.5788676661801,3.315588604769183,9.653238982195145,51.56883971741702,0,2026-08-25 06:31:48
2024-01-10 01:46:00,CNC-02,M,297.79630015339984,311.5071493544686,2591.597295768604,23.273830525747588,169.56221374319898,3.5140784936474594,10.921926518767254,55.26971981048439,0,2026-08-25 06:31:48
2024-01-10 15:58:00,CNC-03,H,299.13978234412133,312.96486109415184,1631.4030915342148,42.30871623532656,74.4747841354571,2.2630242465475074,12.958126046859125,54.12621174604353,0,2026-08-25 06:31:48
2024-01-10 11:03:00,CNC-03,H,296.71413247499333,311.34224566232416,1416.7403607358472,53.33645270358726,157.9270983785907,2.3494271765875543,14.225270784776866,57.988075210566116,0,2026-08-25 06:31:48
2024-01-10 01:34:00,CNC-01,L,298.3127264787059,309.9959152532966,2662.1304353634227,13.608134917867055,141.2912752122465,3.3983228467471576,6.643198203010013,58.53321035367084,0,2026-08-25 06:31:48
2024-01-10 03:01:00,CNC-02,M,297.0866126458264,310.20770693100366,2415.4035120896015,24.26749337738462,28.248101710535746,3.0186846106607885,11.151181339984396,59.18725827338993,0,2026-08-25 06:31:48
2024-01-10 19:21:00,CNC-03,H,300.124622921818,313.47573542031745,2226.0189529756763,25.286920693396343,125.2341722905428,3.068159819440822,10.483435528134814,51.36342626294625,0,2026-08-25 06:31:48
2024-01-10 14:12:00,CNC-01,L,303.3552063216306,311.8282036201076,1479.0815909474375,50.21886363391067,117.74009686909864,2.2732176332827354,14.030794608009925,48.36522263325309,0,2026-08-25 06:31:48
2024-01-10 21:12:00,CNC-03,H,27.131767710564134,39.214616656927774,2524.050377208302,17.64779204182394,11.56467752611929,3.0263515441150717,8.419794773932114,51.102875879737034,0,2026-08-25 06:31:48
2024-01-10 13:26:00,CNC-02,M,296.85166350616424,311.7994379037042,1470.5802475997134,47.2232145004725,237.60835344679805,3.130682284465594,12.855113678008154,53.95337499030312,0,2026-08-25 06:31:48
2024-01-10 06:04:00,CNC-01,L,296.0469322860296,309.3660541577725,1931.550500727838,32.51487712718012,22.683458492463423,24.783021471138365,11.765701010784063,61.34849351050141,0,2026-08-25 06:31:48
2024-01-10 19:17:00,CNC-03,H,300.33626562410325,313.4294210155524,2220.3577203937975,24.50108258779895,120.20632029650763,2.89432822141348,10.136273085741303,45.52676560775472,0,2026-08-25 06:31:48
2024-01-10 09:18:00,CNC-02,M,295.95829676073254,309.95543909789643,1546.3062547148438,43.10396421835111,95.29846309743077,2.2381278041639163,12.440859670845303,61.67860794250861,0,2026-08-25 06:31:48
2024-01-10 13:36:00,CNC-03,H,297.8549044872963,312.35710723985807,1397.2911930588045,52.06909490400091,126.69105188781764,2.148172224775897,,50.916860968080485,0,2026-08-25 06:31:48
2024-01-10 05:46:00,CNC-02,M,296.3036495049465,309.4229275504104,2226.3665043137985,26.414568272379903,3.9941759797021597,2.677237549540096,10.65025886827779,55.651500009194024,0,2026-08-25 06:31:48
2024-01-10 16:08:00,CNC-03,H,299.518951988669,313.6352291250894,1659.7546960727623,43.48588228819515,89.03256493622062,2.30970944887388,13.189964880786038,52.001704949542145,0,2026-08-25 06:31:48
2024-01-10 10:31:00,CNC-03,H,296.6885250475014,311.53647812620835,1549.4147848518337,51.20970867515654,107.36150262945169,2.336889505860779,14.734783277387285,59.33046505328262,0,2026-08-25 06:31:48
2024-01-10 14:33:00,CNC-02,M,297.29973184665187,311.3482730256359,1478.5064149494015,45.378549680742886,84.2910635730878,2.142581383572969,12.515597983728922,56.91921239682384,0,2026-08-25 06:31:48
2024-01-10 00:35:00,CNC-01,L,298.93558866503014,310.85992955716506,2732.24076712338,15.429109202375507,78.04421251978508,3.274766752719819,7.681959243921251,51.54221945939173,0,2026-08-25 06:31:48
2024-01-10 18:25:00,CNC-02,M,299.00807766418774,313.55527343529315,2226.974315236042,31.66212211715751,157.25655584151193,3.080160136175943,12.99434044481455,56.82980494620431,0,2026-08-25 06:31:48
2024-01-10 19:05:00,CNC-03,H,300.13546060454735,313.5831390656443,2207.945349778116,26.9777233270441,105.28717157337472,2.8097995105391,11.295454493735512,57.20636159997202,0,2026-08-25 06:31:48
2024-01-10 22:57:00,CNC-02,M,298.5377678756563,310.5369045438618,2762.6626789645684,14.374364901219552,11.61910946552524,3.304330768552812,7.1318902386547895,47.80674254574524,0,2026-08-25 06:31:48
2024-01-10 04:41:00,CNC-01,L,296.52741610601964,311.0233224568403,2272.6000291989567,30.06271514294755,154.83210562705167,3.22567032522136,12.95017851386677,59.34424776913172,0,2026-08-25 06:31:48
2024-01-10 09:26:00,CNC-03,H,296.095918760991,309.4600798073625,1570.6194593757707,42.538835126613115,6.153837087872186,2.1614573020118626,12.36845723056264,60.001310092438914,0,2026-08-25 06:31:48
2024-01-10 01:44:00,CNC-01,L,298.1116213201389,311.2307834185088,2586.0821876371597,21.369570509410387,152.03708145999403,3.387529195498911,10.282615474330514,64.48092892808067,0,2026-08-25 06:31:48
2024-01-10 08:16:00,CNC-03,H,295.9006508927404,310.5716368595763,1665.823016511662,45.163050924379824,131.77539780805117,2.4766872039426,14.131665943281668,57.60093534523233,0,2026-08-25 06:31:48
2024-01-10 13:57:00,CNC-03,H,298.2297229150186,313.2016459940307,1560.0305465167428,48.856888085082694,159.69812284708934,2.502055391015092,14.196359209759256,52.94889453720693,0,2026-08-25 06:31:48
2024-01-10 16:44:00,CNC-01,L,299.21518671129036,313.6259225557575,1816.22755815848,39.211545019374434,106.10675738673577,2.655746741932583,13.221962782028585,51.20283231891033,0,2026-08-25 06:31:48
2024-01-10 16:42:00,CNC-02,M,298.61314537274006,313.1004012698247,1616.470713762729,46.5910284030387,17.302890448007904,2.2950676703075277,13.966192799969365,48.8238299772657,0,2026-08-25 06:31:48
2024-01-10 13:52:00,CNC-03,H,298.23791795233683,312.4282497646907,1494.854770435516,46.55083966684585,151.8951246033513,2.2533935972629853,13.109096526348553,53.843682557673645,0,2026-08-25 06:31:48
2024-01-10 08:30:00,CNC-03,H,296.03750510923555,310.96622470493475,1601.7825264386017,49.41811563307937,152.62001764010026,2.388006651680427,14.817451936383224,55.18792728923615,0,2026-08-25 06:31:48
2024-01-10 15:38:00,CNC-01,L,298.4808911537539,312.13917198079827,0.0,39.944494282118846,10.343514524686158,2.363900248780638,13.069374491691846,53.62879305858946,0,2026-08-25 06:31:48
2024-01-10 12:36:00,CNC-03,H,297.5438157347696,311.2969002095831,1424.3391668728466,48.33632941983408,31.580317247233232,2.0790300011992486,13.05374532050284,55.68829927468198,0,2026-08-25 06:31:48
2024-01-10 08:29:00,CNC-02,M,295.8542989115819,309.5767405128637,1456.4146658679585,45.6816954671055,20.873934710939206,2.105308500432176,12.572710571634664,56.976823505258636,0,2026-08-25 06:31:48
2024-01-10 22:28:00,CNC-02,M,298.5793149580459,312.4741034711064,2692.2843335820958,22.247075427461223,195.4165315771581,3.866472014477874,11.228625087853448,49.39518086812322,0,2026-08-25 06:31:48
2024-01-10 04:22:00,CNC-02,M,296.57919185477846,311.4818805873442,2286.4691129828357,33.27222887675314,123.38605914307556,2.964910557961275,14.44458992176936,54.415134096103856,0,2026-08-25 06:31:48
2024-01-10 15:10:55,CNC-01,L,298.2920217983825,312.9953008315298,1614.6109100983927,45.619585946262745,210.0365711132903,3.2189288916120464,13.851843805322403,53.17819612512771,0,2026-08-25 06:31:48
2024-01-10 10:06:00,CNC-03,H,296.4112405549889,310.4611165664639,1382.230066246442,50.78043033141546,68.02283782616264,2.040256670949196,13.12580518254225,56.67809631094643,0,2026-08-25 06:31:48
2024-01-10 06:27:00,CNC-01,L,296.14445910235224,310.3736191927949,1891.7534022595057,37.98886416820458,53.53404392678705,2.4621855156306656,13.82549646499165,55.047345046492715,0,2026-08-25 06:31:48
2024-01-10 17:00:00,CNC-01,L,299.14156126347734,313.6747352170007,1846.7510653851048,40.50198789330955,128.37857931385622,2.697958909925087,14.063508249287514,53.78148034341784,0,2026-08-25 06:31:48
2024-01-10 01:28:00,CNC-02,M,298.12301686157053,310.8752815619009,2561.307111379422,19.733154610724345,149.9965086257728,3.3804910317370522,9.701942549964384,56.25667049807358,0,2026-08-25 06:31:48
2024-01-10 03:02:00,CNC-02,M,297.1775411549759,309.7166526158522,2559.75476748176,19.90425031135513,29.364086758612014,3.1208398496759124,9.693525222330809,53.42577692845413,0,2026-08-25 06:31:48
2024-01-10 16:36:00,CNC-02,M,298.88399219916937,312.61221759556366,1713.6971859909054,39.23409988130093,8.651246525459143,2.2887795476145123,12.530923882507425,48.032119288689216,0,2026-08-25 06:31:48
2024-01-10 02:07:00,CNC-01,L,297.7480861227758,310.9676577395513,2588.4864774911052,19.485637082007557,177.42361164834938,3.7470137692758234,9.445180047750936,52.43665978945441,0,2026-08-25 06:31:48
2024-01-10 00:29:00,CNC-03,H,298.54285623876865,310.7073943187762,2767.48172092814,16.17831146738657,39.10552690100177,3.23376025918026,8.305810969303048,56.15614323212713,0,2026-08-25 06:31:48
2024-01-10 20:05:00,CNC-02,M,25.662222814043105,39.67999429090071,2257.38410129966,29.304110815858785,33.623930995048475,2.9155172280973214,12.267307455430656,51.13502841364847,0,2026-08-25 06:31:48
2024-01-10 23:24:00,CNC-03,H,299.5866469092619,312.26075547800923,2806.745128362865,17.124925686535246,155.6422624209394,3.587918097129354,8.95539940238182,47.97959560725288,0,2026-08-25 06:31:48
2024-01-10 15:55:00,CNC-03,H,299.3519008100382,313.3878848591067,1641.4611103184272,42.947420959577705,70.11469673039058,2.208937552196782,13.231928882245542,53.60470942180181,0,2026-08-25 06:31:48
2024-01-10 09:25:00,CNC-02,M,295.79285121084786,310.47970264112706,1440.712366334207,51.19960130720767,106.07408613263075,2.255673249400696,14.02168993146036,58.0538981339599,0,2026-08-25 06:31:48
2024-01-10 12:16:00,CNC-01,L,296.7272876002587,311.1046214059407,1360.1318188298994,53.966212501005636,149.06952661539478,2.2149877896948564,13.759733250452056,61.60663370020882,0,2026-08-25 06:31:48
2024-01-10 08:38:00,CNC-02,M,295.8386741436104,309.60522923911486,1626.625974912254,42.86338027780304,34.34311321977913,2.1992424366089205,13.251297718208672,62.69664542954283,0,2026-08-25 06:31:48
2024-01-10 20:23:00,CNC-02,M,25.82935945941523,38.78654844404326,2418.5995451897597,22.66860777148675,54.865460233697554,2.9627177950106187,10.53999073458818,52.329575643540096,0,2026-08-25 06:31:48
2024-01-10 00:38:00,CNC-03,H,298.8571961763385,311.36452223363165,,18.40342361869718,48.81125183595047,3.2944649021053505,9.44550462757069,50.66818032129956,0,2026-08-25 06:31:48
2024-01-10 14:09:00,CNC-03,H,298.46733589137506,313.53321923926734,1619.2086782158394,48.78863748571345,178.29763232110216,2.531319727962082,15.025212592327312,53.95815541214704,0,2026-08-25 06:31:48
2024-01-10 20:58:00,CNC-02,M,25.574082129745364,38.1874032813696,2486.3159609987492,19.487448081485873,95.49644014644974,3.029433507054177,9.090839534522695,52.91457497015748,0,2026-08-25 06:31:48
2024-01-10 13:45:00,CNC-02,M,296.5958078197536,310.16746491490693,1326.0750608424514,49.871962443281156,9.423333643890627,2.0345777528472206,12.411387527878732,59.13386753215108,0,2026-08-25 06:31:48
2024-01-10 04:44:00,CNC-02,M,296.3211560568728,310.1156425669385,2243.5851710277166,27.839573875023547,150.42408422392862,3.0914525097080623,11.632085454607287,58.77307198118497,0,2026-08-25 06:31:48
2024-01-10 09:28:00,CNC-03,H,296.2651140561329,310.02011350594927,1658.100571276409,43.52077282621936,9.158437737290814,2.4383138288561974,13.218122622577539,61.12233593241592,0,2026-08-25 06:31:48
2024-01-10 10:18:00,CNC-03,H,296.4446791194695,310.45330615485307,1386.3994815079152,49.869249159298974,86.9631057974473,2.1407176023451333,12.743824256478703,58.60824636083398,0,2026-08-25 06:31:48
2024-01-10 02:37:00,CNC-02,M,297.8431280290046,309.8352476538488,2529.6606148606506,17.27830230764803,1.1112319698576858,3.009558500573502,8.15907268987329,55.97115637405377,0,2026-08-25 06:31:48
2024-01-10 23:57:00,CNC-01,L,298.26807800582264,310.48355711869755,2780.3018155793857,15.515137130905636,172.19788894320982,3.823060005201995,8.010474239566141,52.909098307556995,0,2026-08-25 06:31:48
2024-01-10 20:04:00,CNC-02,M,25.91077986311825,39.11253480902701,2340.532900399825,23.87669396572926,32.384650238766746,2.8592152955913455,10.196481752778263,53.568204987400314,0,2026-08-25 06:31:48
2024-01-10 01:00:00,CNC-01,L,298.5560741057673,311.8050076089385,2564.084986287306,22.205554548181453,104.77162146037436,3.0888410184365345,10.633354553010617,57.27357586766755,0,2026-08-25 06:31:48
2024-01-10 12:00:00,CNC-02,M,301.7427659528832,310.2230894909225,1411.0539043200802,49.3050178928115,101.39393270207854,2.1311896884421735,13.158464890369128,45.003645636241906,0,2026-08-25 06:31:48
2024-01-10 21:19:00,CNC-03,H,27.130583424211636,39.52622685908307,2437.131958514604,20.988000323391773,19.448295167487025,3.119254742805592,9.880509775084843,51.817352571960086,0,2026-08-25 06:31:48
2024-01-10 06:46:00,CNC-02,M,295.5735730545548,310.3243889765336,1945.9801270752967,39.74243078611475,84.94343550759976,2.6244736363174295,14.491363328144862,57.307830159382604,0,2026-08-25 06:31:48
2024-01-10 05:52:00,CNC-01,L,296.0446649030895,309.0033333158006,2052.3369321779373,29.894929636831854,6.628012142191887,2.575675135547752,11.109400335289209,59.182409747525945,0,2026-08-25 06:31:48
2024-01-10 12:33:00,CNC-01,L,296.87925527198274,311.71238159851293,1405.4150037094723,55.08762882534336,176.23907617634924,2.557254841487491,14.311273660462815,54.70052937974997,0,2026-08-25 06:31:48
2024-01-10 15:14:00,CNC-02,M,297.5463428622561,312.98362303254225,1664.2414554812292,48.39570549395197,146.79686256479812,2.585870389646134,15.020641877265556,58.28928120292391,0,2026-08-25 06:31:48
2024-01-10 22:32:00,CNC-03,H,299.6620328040571,312.4109261966019,2710.58909086092,19.60696630059999,99.77499112388082,3.440277027308269,9.916873212936828,52.78093437785813,0,2026-08-25 06:31:48
2024-01-10 12:17:00,CNC-03,H,297.30728472186,310.5170082462894,1317.9908643323265,49.58878979169348,1.6,1.9973070040987153,12.035293912056337,54.91682722403968,0,2026-08-25 06:31:48
2024-01-10 22:22:00,CNC-02,M,298.6121981642865,312.91078479861665,2532.1576880922166,24.427726365646457,188.86135845557106,3.5893857921407686,11.478826247167039,57.68366954030072,0,2026-08-25 06:31:48
2024-01-10 22:00:00,CNC-03,H,299.9717752437222,311.3498154317357,2694.1932839588703,13.115409731121346,64.95917071975536,3.232693359117509,6.718136727635265,49.50867966683993,0,2026-08-25 06:31:48
2024-01-10 08:25:00,CNC-02,M,295.76415819386364,309.51177350963064,1570.031707450999,44.12270275787395,14.8312946967727,2.2084213550462546,12.94107015116182,58.41932647714827,0,2026-08-25 06:31:48
2024-01-10 22:59:00,CNC-03,H,299.61609084072944,311.6140818505419,2797.9876102899902,14.529927423976533,128.96186322811582,3.4091480145966364,7.64928968391941,53.07009649820803,0,2026-08-25 06:31:48
2024-01-10 09:28:00,CNC-02,M,295.97692565130956,310.3411362769739,1500.4110022985421,46.90644978223273,110.7267046894933,2.200804383317483,13.193949536725938,58.730078509364915,0,2026-08-25 06:31:48
2024-01-10 08:17:00,CNC-03,H,296.1581905138783,310.4643963758821,1554.262615939154,46.466611990158135,133.2932172367899,2.3303981027461496,13.624862625952108,59.751468154777776,0,2026-08-25 06:31:48
2024-01-10 06:18:00,CNC-03,H,296.0467163518449,310.27551817078665,2037.9124307331303,32.975806960077705,219.22503837423577,3.268562959541494,12.645967287818884,55.01881734829804,0,2026-08-25 06:31:48
2024-01-10 01:33:00,CNC-01,L,298.0806318284701,310.5300957630228,2671.431389098269,16.662078888779053,140.202954539042,3.2825619768239207,8.365764575675223,56.12669310993756,0,2026-08-25 06:31:48
2024-01-10 09:18:00,CNC-01,L,296.5390234618501,310.7708839446711,1515.0344891259058,48.514658445413566,92.05496087060973,2.262709985637195,13.868781805978193,58.15613948663956,0,2026-08-25 06:31:48
2024-01-10 10:43:00,CNC-01,L,2774.4672859748594,310.90491636348634,1352.6680800271008,52.18591291178202,1.6,1.8955834332984811,12.91308110085251,57.79964356339851,0,2026-08-25 06:31:48
2024-01-10 03:20:00,CNC-02,M,297.0366991919604,310.3455177212739,2442.1904919371113,24.860764645452143,50.068234678515914,3.102045871727715,11.461340801110643,52.736173237005595,0,2026-08-25 06:31:48
2024-01-10 13:16:00,CNC-03,H,297.7823970840729,311.92120938483043,1354.906804307222,51.98768162817374,95.14171954904445,1.9968743830602982,12.998897643069855,57.73190645597165,0,2026-08-25 06:31:48
2024-01-10 13:44:00,CNC-01,L,303.01838919100743,311.55082645825854,1526.848173494775,48.78171985162578,74.04823178282301,2.2846154818702953,13.825918031555105,43.90118577002037,0,2026-08-25 06:31:48
2024-01-10 04:19:00,CNC-03,H,296.66191138871926,310.16826944972235,2309.718608430315,25.896790666058813,66.31584007472085,2.810158439217869,11.04254712600905,56.219663922542665,0,2026-08-25 06:31:48
2024-01-10 07:53:00,CNC-03,H,295.9356650631824,310.6031427887121,1685.6949009858129,44.912353303134346,,27.85896156183616,14.359164902519442,60.500112153432234,0,2026-08-25 06:31:48
2024-01-10 04:17:00,CNC-03,H,296.8672738254629,309.09324570061744,2412.6437702381527,19.08370044365612,63.892324664951516,0.0,8.646302227733612,52.14415503329185,0,2026-08-25 06:31:48
2024-01-10 10:53:00,CNC-01,L,296.6977808114476,310.40472667823894,1417.9774402090143,49.54550151629157,17.49257320232115,2.0557815860324538,13.226096243635228,60.227236967092225,0,2026-08-25 06:31:48
2024-01-10 04:23:00,CNC-02,M,296.6448006273496,309.82689480941997,2355.344286195757,23.51731228006809,124.57564647682166,3.089749908252393,10.491574094102122,56.347454855053826,0,2026-08-25 06:31:48
2024-01-10 20:12:00,CNC-02,M,25.942630725459935,38.69532115283937,2473.8088446053707,19.42774415522977,41.81427533189811,2.9327869592252815,8.952287241129891,55.68904113843697,0,2026-08-25 06:31:48
2024-01-10 07:01:00,CNC-03,H,295.9668135933536,309.9025029881646,1770.3781425097038,39.90891525162357,23.506638076468676,2.4365467097494267,13.011453775413575,59.94120369559406,0,2026-08-25 06:31:48
2024-01-10 13:36:00,CNC-01,L,303.0043528974777,311.4004268214643,1525.2154575147151,48.23598451152854,61.51041888690635,2.2917320755764545,13.459113545798143,41.77274461080597,0,2026-08-25 06:31:48
2024-01-10 05:44:00,CNC-01,L,296.1629339721103,311.2977080962306,2104.2798129573252,34.25903521056166,235.267400711383,3.9081379448105382,13.708064207779612,54.297215361540395,0,2026-08-25 06:31:48
2024-01-10 16:11:00,CNC-03,H,299.3321067519128,313.76710566059097,1686.5136139554522,42.975234177643436,93.48517547122195,2.480037670572538,13.672277263201913,51.30547189314268,0,2026-08-25 06:31:48
2024-01-10 12:03:00,CNC-03,H,297.3492758412916,312.00144124383985,1284.7522751352965,53.29647118683855,253.19354237620576,3.0364251467364047,12.804205537378397,58.81556862434111,1,2026-08-25 06:31:48
2024-01-10 16:42:27,CNC-02,M,298.7441267217735,313.0456263118668,1760.2435475799932,41.89274747157769,15.828748027203819,2.4595887466798847,13.911964434744025,56.30820239797408,0,2026-08-25 06:31:48
2024-01-10 12:35:00,CNC-02,M,296.35011875740713,311.1413422820713,1456.8313810973111,49.76229336314414,156.95744609665908,2.432450977846209,13.453177795296423,58.156493900729345,0,2026-08-25 06:31:48
2024-01-10 15:34:00,CNC-02,M,297.96562846803783,313.07852791973966,1639.690684868069,46.343044257337475,176.86183281874563,2.7657693826727594,13.985275430652102,53.96326542523393,0,2026-08-25 06:31:48
2024-01-10 18:42:00,CNC-01,L,300.0928227963408,313.58706565345847,2106.301783920852,30.897079094351916,31.286295963884317,2.7438162338688206,12.403912534707455,49.53343121273268,0,2026-08-25 06:31:48
2024-01-10 11:30:00,CNC-01,L,296.8015368072394,311.6828819509089,1436.9497200705855,55.70560988040835,76.1454814516586,2.127795625118395,15.116582390516246,57.223198975341056,0,2026-08-25 06:31:48
2024-01-10 18:16:00,CNC-02,M,299.1424026533731,313.83776162500703,2089.099700245524,35.20712796980613,145.50670364746387,2.9447074356932204,14.09959468226874,51.14402627637987,0,2026-08-25 06:31:48
2024-01-10 15:49:00,CNC-02,M,298.1839061498171,313.06700853873605,1704.4290453226015,41.99019665330174,199.1336582652774,3.0308938252645476,,53.86593389829067,0,2026-08-25 06:31:48
2024-01-10 00:12:00,CNC-03,H,298.7750871214072,309.80090629509533,2854.388199317952,11.867902735902268,21.176713683654853,3.4641790907979937,6.324332932447677,54.31408505755249,0,2026-08-25 06:31:48
2024-01-10 15:48:27,CNC-03,H,299.2270180838329,313.46500303600334,1632.3211505374882,44.22691483877778,61.32197996360079,2.257594400440947,13.621543986273103,52.622501133260144,0,2026-08-25 06:31:48
2024-01-10 08:17:00,CNC-01,L,296.16353351853286,309.5932461994894,,37.068553163320374,0.0,2.4349456190246683,12.65757776822194,59.1441176710136,0,2026-08-25 06:31:48
2024-01-10 21:45:00,CNC-03,H,300.1069647505665,313.2559059339014,2576.6810962281984,23.552412884842536,48.54408876452082,3.241936492834777,11.213040096425196,56.83131607202712,0,2026-08-25 06:31:48
2024-01-10 01:08:00,CNC-01,L,,310.7262638266822,2650.790557218486,17.057432846993763,113.2922961785644,3.3495207293925953,8.425823735280332,59.17224294856722,0,2026-08-25 06:31:48
2024-01-10 08:42:00,CNC-02,M,295.67178610910827,309.4953566904855,1524.95307804067,44.23878388781332,40.399975602730386,2.1728403570928547,12.848102509942223,55.311691388298584,0,2026-08-25 06:31:48
2024-01-10 23:40:00,CNC-03,H,299.7554923128978,313.06145432183695,2669.59231836352,20.771187003815292,172.7300532737211,3.4340250156650907,10.289574641863597,51.34563821054912,0,2026-08-25 06:31:48
2024-01-10 12:21:00,CNC-01,L,297.0810817356844,311.2208638475291,1327.180554925443,49.86850967061268,157.0631701773192,2.389726866070319,12.38458838975102,57.830933272030265,0,2026-08-25 06:31:48
2024-01-10 01:03:00,CNC-01,L,298.63023514478107,310.6290322651302,2683.20584352913,14.291268520315612,107.90475447897597,3.2688232994057818,7.0885798675378675,52.89639631039476,0,2026-08-25 06:31:48
2024-01-10 08:49:00,CNC-03,H,296.1990489991767,311.13398474264693,1601.7064363761565,48.56795050242787,181.15326285672813,2.56442182841818,14.42094869132118,54.26345490011326,0,2026-08-25 06:31:48
2024-01-10 07:07:00,CNC-03,H,295.6695348883401,309.2035076121063,1957.1881515501043,34.54710656596034,31.812110909159593,2.6252980271345074,12.643387937049136,58.328461478112715,0,2026-08-25 06:31:48
2024-01-10 04:10:00,CNC-02,M,296.426671187509,309.1280376476038,2302.7266377989217,22.12277254954742,108.84221372480728,3.0231341335542,9.60829204155457,56.94149523341989,0,2026-08-25 06:31:48
2024-01-10 11:55:00,CNC-02,M,301.739881436576,310.17894420173235,1368.280532620633,53.71963512285368,93.4068995698212,2.0423075746903456,13.778519169298491,47.65944615875423,1,2026-08-25 06:31:48
2024-01-10 12:40:00,CNC-03,H,297.53964354634775,311.8895463369128,1387.2759310921676,53.53908959425232,37.90343801716492,2.021469173857937,13.513323441464586,58.558384404904054,0,2026-08-25 06:31:48
2024-01-10 18:26:00,CNC-03,H,299.98941302786034,312.8719420513869,2216.616945773221,26.62279565340296,55.4942214826543,2.827218661752786,11.076471085253708,50.19314410860231,0,2026-08-25 06:31:48
2024-01-10 12:57:00,CNC-03,H,297.6784644913255,311.7105622039916,1404.4632253739549,51.913096609499526,64.9478264136472,2.044660575450251,13.869310719502245,54.00226084227914,0,2026-08-25 06:31:48
2024-01-10 11:52:00,CNC-01,L,296.8223168081603,310.90044079945955,1362.3351737416458,50.10482866476879,,2.160984036043577,12.986350355198933,59.46487040333225,0,2026-08-25 06:31:48
2024-01-10 16:09:00,CNC-02,M,298.52478844161374,314.2915571857166,1679.6059264590547,48.53911155831745,228.31524010376097,3.341433064560274,,52.771058990569934,0,2026-08-25 06:31:48
2024-01-10 02:54:00,CNC-02,M,297.0130856251541,309.32114558224237,2629.4242693541905,18.362426304329855,20.304673382426568,3.2151596651672265,9.023205462018746,56.67044121817193,0,2026-08-25 06:31:48
2024-01-10 21:12:00,CNC-01,L,26.94701824070188,40.128804376503695,2649.393620723476,19.915631390721824,,4.13232990788042,10.109813785828536,50.15388093375191,0,2026-08-25 06:31:48
2024-01-10 04:38:00,CNC-02,M,296.5349792528033,310.36274578557993,2182.877537004794,28.702246397269647,142.95445655160736,2.9516107234596687,11.861671136851278,60.21865115861799,0,2026-08-25 06:31:48
2024-01-10 19:47:00,CNC-01,L,300.12090494589785,314.64299480445,2124.5675423114985,35.26155347289983,112.02805013356829,28.193447251345212,14.076960681504255,51.66449920566221,0,2026-08-25 06:31:48
2024-01-10 20:06:00,CNC-01,L,26.857938007763835,40.764208450054525,2315.2470013723077,28.186453011629528,134.82084797759813,3.134927470927758,12.284916330723584,52.43620162632966,0,2026-08-25 06:31:48
2024-01-10 08:12:00,CNC-01,L,296.1102316582001,311.6381681842684,1609.408213892939,51.52686170891245,203.12624190377133,3.1824697759349077,15.464678072151816,53.4111479216695,0,2026-08-25 06:31:48
2024-01-10 16:41:00,CNC-01,L,299.22756652289223,313.2513762011993,1733.2577918597467,40.69030049911169,101.90007116517867,2.3582856302002053,13.277590736115334,53.039950219053274,0,2026-08-25 06:31:48
2024-01-10 11:45:00,CNC-03,H,297.1832670625537,312.160973586888,,48.25642941128686,224.60110696015724,2.9102375453978335,14.339077058529043,54.70752717230066,0,2026-08-25 06:31:48
2024-01-10 22:43:00,CNC-02,M,298.4506763480498,312.19128405574264,2686.7557405173807,20.217356603207556,211.68320590941505,4.019585930290905,10.139187925324997,52.146790223299504,0,2026-08-25 06:31:48
2024-01-10 10:41:00,CNC-03,H,296.38833414146694,310.86477299304045,1444.4174438152675,49.57122981984603,123.15811130381462,2.117550384411038,13.133943122304256,,0,2026-08-25 06:31:48
2024-01-10 01:55:00,CNC-02,M,297.6860621473302,309.71833430858504,2620.007404418624,14.580678880851353,179.37007562695985,3.6688506212022802,7.253903447616479,58.37601910402767,0,2026-08-25 06:31:48
2024-01-10 03:01:00,CNC-01,L,297.4254714110279,309.37187709637396,2466.8455250596244,18.45343746048431,36.324308825709004,3.1770058614139693,8.501475529224388,56.84282970549929,0,2026-08-25 06:31:48
2024-01-10 15:37:00,CNC-01,L,298.78028778351177,312.85382457593533,1580.9768997729484,47.08189992966779,8.92145615715841,2.178512552849824,13.954717576352618,57.60927179040513,0,2026-08-25 06:31:48
2024-01-10 02:34:00,CNC-02,M,297.72924475559046,311.02245763714296,2563.3837271892826,20.250273109606663,222.35412814792312,3.971135810672326,9.513804968270732,58.774928156276374,0,2026-08-25 06:31:48
2024-01-10 06:12:00,CNC-01,L,296.25388999297144,309.96070312427037,2022.0685983352662,33.92838919949633,33.253341226720174,2.646231478236851,12.81685744536634,58.23399886506734,0,2026-08-25 06:31:48
2024-01-10 08:08:00,CNC-03,H,295.85072554707386,310.05337268562903,1702.124586627969,41.45595425208376,119.87105425346347,2.4760896721661525,13.1173522985458,55.63515765164158,0,2026-08-25 06:31:48
2024-01-10 14:09:33,CNC-02,M,297.1338919841937,311.24397940112834,1492.3806149299362,46.85043035137424,50.01732381881635,2.1532200425321286,13.086740678969276,60.30828351873046,0,2026-08-25 06:31:48
2024-01-10 13:01:53,CNC-02,M,296.45734196297417,311.12454295651526,1346.9804081855907,50.83903117153834,201.31933597808407,2.7364437896285643,12.935715247917251,58.951966625116704,0,2026-08-25 06:31:48
2024-01-10 13:29:00,CNC-01,L,297.5810812384907,310.9383005217158,1352.8574904413163,46.02427670034462,50.460704239138515,2.062592058831805,11.626686116347676,54.66110454632775,0,2026-08-25 06:31:48
2024-01-10 20:34:00,CNC-01,L,26.742229721505225,40.28863655926244,2629.282018611789,21.78332862653265,167.76397382105569,3.666201644096888,10.566216773887582,54.457426737251964,0,2026-08-25 06:31:48
2024-01-10 16:06:00,CNC-02,M,298.1701905211645,313.3661986672703,1679.9224179159105,46.36046809913869,223.95118053005075,3.178266301307782,14.438899327345638,55.265755881636416,0,2026-08-25 06:31:48
2024-01-10 18:28:00,CNC-02,M,298.96874358490425,314.19573024288934,2034.2531335562353,38.413087442748136,161.20804887934293,3.0558603920075567,14.835537665901661,47.16233906049945,0,2026-08-25 06:31:48
2024-01-10 15:49:00,CNC-01,L,298.6477867330668,312.76190442472557,,46.15460943197387,26.592799930403842,2.2538892327303612,13.237581502797452,51.81316836951411,0,2026-08-25 06:31:48
2024-01-10 22:31:00,CNC-03,H,299.8219079017009,311.7739752344458,2625.926598012892,16.034739246423484,98.695853472941,3.224087309688193,8.125926061829297,56.43836053246625,0,2026-08-25 06:31:48
2024-01-10 22:11:00,CNC-02,M,298.6371842019584,312.52626436743026,2639.021652399258,21.55633342920713,176.87178349987457,3.610772031391815,10.400881656005863,55.34950425173936,0,2026-08-25 06:31:48
2024-01-10 12:12:00,CNC-03,H,297.294612452532,312.44959309823685,1356.9014215272612,54.83536063600876,267.54000526042137,3.2962637796907015,14.013755505171323,53.22639936232315,1,2026-08-25 06:31:48
2024-01-10 15:08:00,CNC-01,L,297.87821145586787,313.3096384318061,1655.1024613148834,49.371141939478356,204.0184907501513,3.11993227644369,15.285601243867637,52.84565970869819,0,2026-08-25 06:31:48
2024-01-10 19:52:00,CNC-02,M,25.918443363605945,38.091528470093806,2484.2242176166865,16.978668382832165,18.20419473688615,3.1175404782246456,7.9007722231021145,57.5754154424128,0,2026-08-25 06:31:48
2024-01-10 16:37:00,CNC-03,H,299.4690412832321,313.92364232076295,1914.8984414231875,38.652483199016764,130.83403174693044,2.6877058254430803,13.714235003214464,51.20869791584294,0,2026-08-25 06:31:48
2024-01-10 23:35:00,CNC-02,M,298.32552728736556,309.39322107438204,,10.469763979712903,52.2411238786197,3.4031216092318326,5.3997188114974985,52.55096663848694,1,2026-08-25 06:31:48
2024-01-10 02:57:00,CNC-02,M,297.184716023417,310.2888380223572,2505.5474662706865,23.165782961474832,23.689278532502584,3.0092026878504696,10.990223278962338,57.038490759349266,0,2026-08-25 06:31:48
2024-01-10 11:03:00,CNC-01,L,296.87632391751265,310.8702479557923,1307.4138240414056,54.76570171607493,33.307210105357846,2.0475120147565042,13.536791203759694,57.424458658241825,0,2026-08-25 06:31:48
2024-01-10 05:08:00,CNC-01,L,296.59811199472966,311.26091362117927,2240.09040810649,32.39304965998408,188.90940408842104,3.4103249899658055,13.621345123617767,57.417204514028974,0,2026-08-25 06:31:48
2024-01-10 04:43:00,CNC-03,H,296.59724987872056,310.4106670501244,2140.2198391301254,30.33880146417032,96.08229791456932,2.7494082928994557,12.212341990332826,57.52220897963262,0,2026-08-25 06:31:48
2024-01-10 19:18:00,CNC-03,H,300.0722984017057,314.6621264020737,2326.2823913053917,32.64381202423609,121.45996018024526,3.017334323657745,14.375820589366597,45.95477887315964,0,2026-08-25 06:31:48
2024-01-10 16:40:00,CNC-03,H,299.40596902122036,313.6632143700655,1693.777553962834,41.594985429390555,135.21619913424914,2.4752590910194066,13.290441676144956,49.077019176462876,0,2026-08-25 06:31:48
2024-01-10 15:32:00,CNC-03,H,299.0104458077234,312.88667799809167,1704.5546366633253,42.674728623711076,36.07613552923196,2.2890773640304305,13.602433659068696,54.38433650503721,0,2026-08-25 06:31:48
2024-01-10 21:41:00,CNC-02,M,298.65381667795685,312.0879312813129,2537.6384364416126,20.40728900751404,0.0,3.308193244543262,9.692798165616434,56.99515527412454,0,2026-08-25 06:31:48
2024-01-10 12:25:00,CNC-03,H,297.39209830328326,310.9142827860972,1330.31721088413,48.02806713133932,14.228252056062434,1.9662236468944756,12.142704619869708,56.121551848575464,0,2026-08-25 06:31:48
2024-01-10 04:46:00,CNC-03,H,296.6667953666699,309.99660988670655,2155.4373551469903,27.454762410098162,99.84948082609385,2.913792211994037,11.184408702091716,59.08580685607747,0,2026-08-25 06:31:48
2024-01-10 08:20:00,CNC-03,H,295.9903434656078,310.79465755035574,1639.6092639433884,47.52595132609597,137.69852223647814,2.443358309305454,14.486332680272413,59.769191628154424,0,2026-08-25 06:31:48
2024-01-10 01:32:00,CNC-02,M,297.98793484309766,311.53661854641064,2414.071620394102,24.793960533970143,154.41272983315807,3.2686463197265723,,53.20368182039906,0,2026-08-25 06:31:48
2024-01-10 10:26:00,CNC-02,M,301.12703746056707,309.7848373904843,1286.5395131296775,54.28335604679423,201.55128533246784,2.6613989792232173,13.138577651857048,48.944136036533756,1,2026-08-25 06:31:48
2024-01-10 14:45:00,CNC-03,H,298.5720225012097,313.9563361654121,1551.8597225116328,51.83974361529889,233.88665763028706,2.954168339316449,15.228643198441107,54.519663853658365,0,2026-08-25 06:31:48
2024-01-10 21:20:00,CNC-02,M,25.933843340299234,39.20534794209664,2339.47834544891,22.87373001966365,120.5147751710281,3.0589503042404065,9.8367982177437,53.73788782180258,0,2026-08-25 06:31:48
2024-01-10 20:46:00,CNC-01,L,26.590064668137586,40.588273128766275,2242.1925777977376,28.93737981589426,181.5845739717371,3.398292080074818,12.129745391058398,55.6774431407526,0,2026-08-25 06:31:48
2024-01-10 04:55:00,CNC-03,H,296.42955773946187,310.0154448920611,2124.2399494066467,29.53129400036441,111.1545627993988,2.6842905806020103,11.691266329296496,58.09153086612474,0,2026-08-25 06:31:48
2024-01-10 06:29:00,CNC-02,M,295.8997373800089,310.0739106396436,1898.5009818500655,38.27535630561233,61.5868176931787,2.4975424087702742,13.630406622501459,57.428204347741634,0,2026-08-25 06:31:48
2024-01-10 13:33:00,CNC-02,M,296.6164303679283,312.2520929543338,1492.9277889351838,53.290442558310744,248.6191913471842,3.3803486132111145,15.06997188538321,57.11409232463942,1,2026-08-25 06:31:48
2024-01-10 23:15:00,CNC-01,L,299.36156681655825,311.77943015221797,2643.0768128940076,16.93866981355829,127.65875491805157,3.4927593791696245,8.297553393788766,56.35701010639149,0,2026-08-25 06:31:48
2024-01-10 20:19:00,CNC-02,M,26.08632938617137,38.93088416309297,2381.6226872693123,21.43815559080183,50.03632381557189,30.127237475182977,9.504776781729667,54.88749968374229,0,2026-08-25 06:31:48
2024-01-10 12:32:00,CNC-02,M,296.3211381391733,311.0346254623673,1452.7494354386072,50.71118863553855,152.2008839576931,2.445196422527249,13.690736342267881,60.91325294869727,0,2026-08-25 06:31:48
2024-01-10 01:07:00,CNC-02,M,298.2182742162492,311.32630492614265,2580.997553664518,20.91271085190541,127.48837066787243,3.31826881599813,10.370935921920944,55.49899495588413,0,2026-08-25 06:31:48
2024-01-10 14:39:00,CNC-01,L,297.7832401658374,312.95194996130573,1463.9849443753033,53.912866230713114,159.6242778599869,2.5325562041015144,14.547495536266839,51.0936679775207,0,2026-08-25 06:31:48
2024-01-10 00:18:00,CNC-01,L,299.07108519984774,311.0546689637752,2619.4834964393913,15.585952924743737,59.91469407670665,3.064605681580009,7.7118053545439915,53.001478859760134,0,2026-08-25 06:31:48
2024-01-10 09:21:00,CNC-01,L,296.4140338396484,311.0214576893028,1460.1315772200428,51.38745042893179,96.74433309737513,2.0964208111820613,14.024208775545825,57.65628650108001,0,2026-08-25 06:31:48
2024-01-10 00:32:00,CNC-03,H,298.6049718689295,310.28074460082973,2593.5552090346323,15.58947813083142,42.349018801319055,3.171029877772522,7.563266899857755,54.523377436041926,0,2026-08-25 06:31:48
2024-01-10 01:44:33,CNC-03,H,298.331570929431,311.1478116472983,2488.3067280745895,20.50358064189519,119.77760856035373,3.1294613264465942,9.84199549092802,57.854029202384744,0,2026-08-25 06:31:48
2024-01-10 09:11:00,CNC-01,L,296.2027881951336,310.3821207492021,1506.2834317513434,47.025216308881994,81.27887284618073,2.159756161941797,13.23777270776703,58.336963357881665,0,2026-08-25 06:31:48
2024-01-10 01:39:00,CNC-03,H,297.86396687606555,310.48872651910636,2695.442889273114,18.42852756001305,114.38699807696584,3.184993100373992,9.143082416925951,50.438824396531615,0,2026-08-25 06:31:48
2024-01-10 13:30:00,CNC-03,H,298.0835497075917,312.1968771963722,1447.805125085008,47.68125468460557,117.2511600581798,2.258731293965629,13.269716510408594,53.90233200302253,0,2026-08-25 06:31:48
2024-01-10 02:35:00,CNC-03,H,297.7818700088805,311.2839043288552,2511.651034117176,23.264783108021298,176.08246324927367,3.3962605174978435,10.771835113397307,54.50708200751508,0,2026-08-25 06:31:48
2024-01-10 03:16:00,CNC-02,M,296.94229922221973,309.9456474965972,2453.2527881195083,22.535735212308175,45.403062982726475,2.9270662586619176,10.330707501853507,56.301603947727536,0,2026-08-25 06:31:48
2024-01-10 00:24:00,CNC-01,L,298.6474613405178,310.4005411001419,2646.1037743468487,14.571857220560442,66.24568744206299,3.242794991027577,7.387070978425758,54.57827526741775,0,2026-08-25 06:31:48
2024-01-10 08:45:00,CNC-02,M,295.7522383347121,309.67072242465775,1596.045302896112,43.322450891365456,44.990348379369,2.2544274913301314,12.952174861179454,58.21995388401852,0,2026-08-25 06:31:48
2024-01-10 04:46:00,CNC-02,M,296.51571889777847,310.45996325263303,2221.039690604563,29.558033089819226,152.92635867366198,3.0619655591071804,12.219161811580022,58.2410988936443,0,2026-08-25 06:31:48
2024-01-10 18:34:00,CNC-01,L,299.9679430088783,313.75062055650244,2007.9382303553102,33.9821223070353,21.00454006401314,2.600955131677648,12.630943035969096,47.71219908571218,0,2026-08-25 06:31:48
2024-01-10 18:51:00,CNC-01,L,300.1331776143625,313.7876208675749,2165.441677608076,29.908569003933373,42.7311968992022,2.81169246942196,12.241851502430885,52.633446975400496,0,2026-08-25 06:31:48
2024-01-10 03:05:00,CNC-01,L,297.53431070097537,309.5845415911405,2448.559491241722,19.208081833297094,40.84080239471461,3.069764309134619,8.812365774681059,54.59658158383512,0,2026-08-25 06:31:48
2024-01-10 15:39:00,CNC-02,M,297.75105895357285,312.96700605681093,1637.7349826274833,46.283730588788146,184.31461346121156,2.7029286306263898,14.114378058796147,53.47623030732645,0,2026-08-25 06:31:48
2024-01-10 01:41:00,CNC-01,L,298.0998933977992,310.6168835981109,2494.1384801580093,18.697847068077742,148.81438342646965,3.390308348987359,8.700246329858269,55.04663372488724,0,2026-08-25 06:31:48
2024-01-10 22:39:00,CNC-01,L,299.47398201321846,311.06264591377,2745.2244004505565,14.644423470117957,89.17471334177068,3.2570699016485296,7.489823391929217,52.82375751148426,0,2026-08-25 06:31:48
2024-01-10 09:04:00,CNC-01,L,296.32763297186864,310.41769671554374,1537.120719688414,46.606658975640556,70.50866581505237,2.263208415954548,13.40138947909112,59.401362171237196,0,2026-08-25 06:31:48
2024-01-10 19:01:27,CNC-01,L,299.8691111841403,313.24641701057385,2143.6448829517844,29.701781788267105,54.066609279351134,2.730609113312668,12.023552256159226,54.85421759532132,0,2026-08-25 06:31:48
2024-01-10 13:15:00,CNC-03,H,298.0824970416542,312.1393610786797,1364.1381035775187,51.665463171032684,93.56032786570218,19.619501771804085,13.251326279056487,58.25519742785465,0,2026-08-25 06:31:48
2024-01-10 13:23:00,CNC-02,M,296.6163266519864,312.4497970031173,1565.6496645794846,52.56521410335034,232.94182401604218,3.257220789381742,15.438637876017664,57.51713000684807,1,2026-08-25 06:31:48
2024-01-10 06:04:00,CNC-03,H,295.6151268152709,310.8122023494386,1944.5503843400193,39.73807966066857,200.3890465803583,3.170793960644412,14.767715309698685,62.685521813616106,0,2026-08-25 06:31:48
2024-01-10 12:25:00,CNC-02,M,296.1343553344354,310.44339179884213,1413.6309188779776,50.06692521196826,141.12530116415547,2.3526016025627343,13.005699508396313,60.66889840473574,0,2026-08-25 06:31:48
2024-01-10 10:26:00,CNC-03,H,296.67605272279764,310.8233630860901,1528.6507163204935,45.801607349925945,99.54835677440926,2.1761995589613243,13.02958762114757,57.3234431909441,0,2026-08-25 06:31:48
2024-01-10 02:35:00,CNC-01,L,297.65056375666506,309.62346894429703,2551.1815277901183,18.27502385723592,6.818067133833736,3.104083256784199,8.709796323300383,57.48295195741106,0,2026-08-25 06:31:48
2024-01-10 13:38:00,CNC-02,M,296.60231041254474,312.5072768855864,1405.8072713721622,57.22198532279839,256.5343601539348,3.289410959712477,15.009777420648636,57.40516640439718,1,2026-08-25 06:31:48
2024-01-10 12:11:00,CNC-03,H,297.3876667938429,312.6631128593351,1438.86750163937,54.48839928858752,265.94000526042134,3.4011906172276243,14.885025018692986,56.33942134977629,1,2026-08-25 06:31:48
2024-01-10 13:00:00,CNC-01,L,297.17449675524597,311.14795831346504,1495.6084639936869,49.66314797859723,4.720933872079248,2.125333588118419,13.825670734542925,59.305481373615045,0,2026-08-25 06:31:48
2024-01-10 00:46:00,CNC-01,L,298.7955834094558,310.6846176158974,2761.420154025318,14.335251281140028,89.79911884432703,3.4245194814807465,7.399123424431933,50.1421406120013,0,2026-08-25 06:31:48
2024-01-10 00:42:00,CNC-01,L,298.78482952333746,310.81432328022873,2669.6900831362777,,85.53568314758652,3.2639838338211424,7.957571426762952,56.75342741657599,0,2026-08-25 06:31:48
2024-01-10 04:22:00,CNC-03,H,296.77736223068143,310.14462449698635,2184.3012153615205,28.1000224965,70.06417418922999,2.716019612954209,11.629458327555593,58.526065390254566,0,2026-08-25 06:31:48
2024-01-10 21:20:00,CNC-01,L,26.498469934206184,38.943650118800576,2397.1784026403634,21.68104465724413,2.3151746639535427,2.959968886349141,9.837553705195171,52.95293491015692,0,2026-08-25 06:31:48
2024-01-10 13:00:00,CNC-03,H,297.9188624936775,312.2369702313145,1380.5391669310939,51.91031880810923,69.72384426446757,2.1555233216570464,13.400942453892132,54.853542380216936,0,2026-08-25 06:31:48
2024-01-10 00:43:00,CNC-03,H,304.2683376662334,310.3579928589321,2838.271164835681,14.670335139730572,54.157398526186164,3.4608208698266134,8.004824562410363,46.32684248121834,0,2026-08-25 06:31:48
2024-01-10 16:29:23,CNC-03,H,299.24763380268706,314.2132870080072,1864.3376300190148,42.55018292811214,118.05614160038746,25.68077227922885,14.97131653201056,53.438904251075435,0,2026-08-25 06:31:48
2024-01-10 09:05:00,CNC-03,H,295.87501353857846,310.29145807967654,1552.2421848962479,43.2039045676631,205.26049222873118,2.655893710038505,12.51446347734421,58.78209155834738,0,2026-08-25 06:31:48
2024-01-10 09:04:00,CNC-02,M,,310.6970145275367,1588.2731309642675,50.31043928420563,73.8654818499429,2.282023473171302,15.126414021084985,,0,2026-08-25 06:31:48
2024-01-10 00:46:00,CNC-03,H,304.2208461077678,311.0134685687992,2775.943898438944,18.857967903127268,57.35385088022672,3.379018953525355,9.591849103182932,40.02820103442814,0,2026-08-25 06:31:48
2024-01-10 05:42:00,CNC-03,H,296.1181953153641,310.9102365189493,2120.566885211295,35.05142649018097,171.34215659766988,2.949167995306583,13.58337342065698,58.87017018059256,0,2026-08-25 06:31:48
2024-01-10 12:52:00,CNC-03,H,297.69839225714617,311.6182712330522,1307.5786025525567,53.153554504146605,56.95981520657416,1.9170684037073003,13.081549989954038,52.374995577685,0,2026-08-25 06:31:48
2024-01-10 08:59:00,CNC-03,H,296.0026689703731,310.9618242933562,1592.8330445833587,46.83900365876797,196.18318908380414,2.7321323740831285,14.29960533123907,57.48195966051493,0,2026-08-25 06:31:48
2024-01-10 14:36:00,CNC-03,H,,314.15496434390235,1533.7131793887697,52.12608796480708,220.04525672847797,2.7537622551238963,14.899086810245233,54.706915514339364,0,2026-08-25 06:31:48
2024-01-10 09:03:00,CNC-01,L,296.4264091717001,310.4954180699418,1559.6269164692246,44.77441129988776,68.99557369902347,22.209982478541473,13.173500723097337,56.51688921435064,0,2026-08-25 06:31:48
2024-01-10 16:26:00,CNC-01,L,299.3789865242117,313.693094323185,1732.3184149964259,42.065180435396236,80.50864536821369,2.427729196319762,13.91025085978142,48.76901437470002,0,2026-08-25 06:31:48
2024-01-10 23:10:00,CNC-01,L,299.50940975228815,311.54309231736113,2709.2738392705223,15.659469434112408,122.40307588563496,,8.211279453826629,52.06199287162195,0,2026-08-25 06:31:48
2024-01-10 10:29:00,CNC-02,M,301.3071628827805,310.3348609401327,1342.6810499653836,54.126765622421225,206.3467961433881,2.766769511346999,13.376307691937567,,0,2026-08-25 06:31:48
2024-01-10 00:53:57,CNC-02,M,298.3618194899109,311.029431386861,2519.9066129489584,18.997466582310967,114.79672139650651,3.0861049179598887,9.212055372829537,58.01608789166413,0,2026-08-25 06:31:48
2024-01-10 03:41:00,CNC-03,H,296.9091072226959,309.709706045988,2376.0096276795234,23.08420386894256,21.062457296330933,3.044867182151961,10.271156841563052,51.14192700974988,0,2026-08-25 06:31:48
2024-01-10 13:27:00,CNC-03,H,298.0935364505671,312.3480856929919,1379.6995314748704,0.0,112.52728061876725,2.107631012414802,13.629037897742737,51.28095299092288,0,2026-08-25 06:31:48
2024-01-10 17:05:00,CNC-02,M,298.8625661676772,313.1237710520991,2103.1674556350285,33.722724513513334,49.6922142111644,27.209073632372874,13.166375655188014,53.79099444839593,0,2026-08-25 06:31:48
2024-01-10 02:44:00,CNC-02,M,297.4164233689512,310.4058292035661,2583.6047032438582,21.590019416525006,8.922833067046819,3.137837710884428,10.434881445496082,54.74700651931969,0,2026-08-25 06:31:48
2024-01-10 07:09:00,CNC-03,H,295.76637287976024,309.71403979035546,1825.2460450145704,39.69795072240598,34.68057126147155,2.488030905576584,13.341842594635079,61.02332944764679,0,2026-08-25 06:31:48
2024-01-10 04:12:00,CNC-02,M,296.5274753988376,309.5028882136178,,23.967450435763983,111.21428036518128,3.0024169114180497,10.814563340912716,57.1261212581337,0,2026-08-25 06:31:48
2024-01-10 12:29:00,CNC-01,L,296.88300471370627,311.6334903947218,1439.6761897503654,52.82522032953015,169.83907617634927,2.5985040795684755,14.311264829965648,61.12439130392031,0,2026-08-25 06:31:48
2024-01-10 23:20:00,CNC-01,L,298.96959396601613,311.553029515478,2799.5713407798776,17.186396183282834,133.01414085951657,3.613950356708344,8.71809554432558,51.36116105007994,0,2026-08-25 06:31:48
2024-01-10 18:45:00,CNC-03,H,300.1168365696085,314.2678071435067,2137.4269364999345,33.77370841284708,80.152165951396,2.8553178394911214,13.410922788865935,54.006291707894654,0,2026-08-25 06:31:48
2024-01-10 02:09:00,CNC-01,L,297.8406319777492,311.63227069409436,2528.8330129202313,24.052947920462596,179.6225063460398,3.685157461750176,11.257255771753332,53.113589070992234,0,2026-08-25 06:31:48
2024-01-10 15:05:00,CNC-02,M,297.470611236438,312.36540759980755,1583.3069020843966,47.696558428072464,133.21210923941365,2.3279754664064223,14.073726998106219,56.340567309344046,0,2026-08-25 06:31:48
2024-01-10 22:50:17,CNC-03,H,299.939272825298,313.54692417480584,2545.873257307063,24.589943890775416,119.2492784011088,3.2030355048189154,11.799868642986706,49.398766722969796,0,2026-08-25 06:31:48
2024-01-10 21:51:00,CNC-01,L,300.21759661671234,312.87565333372174,2547.1536732294094,21.310926776850586,36.68256419456863,3.0852059990948004,9.828068451632797,51.7516529022897,0,2026-08-25 06:31:48
2024-01-10 18:41:16,CNC-02,M,299.125289467207,313.47359739982215,2350.3554707610288,27.7205527471793,179.0577329025102,3.479405680604273,12.10590520255116,56.39105548916705,0,2026-08-25 06:31:48
2024-01-10 23:13:00,CNC-02,M,298.4276445088528,310.47203022406995,2561.4943389201017,16.439955397342803,28.73352460834087,3.103873832917363,7.748825077552379,53.28605272585978,0,2026-08-25 06:31:48
2024-01-10 10:54:00,CNC-03,H,296.5399067588968,311.2375864587598,1403.769919681683,53.182208013412925,143.64898414124147,2.249428189865485,14.34166591272284,57.47965052222945,0,2026-08-25 06:31:48
2024-01-10 06:38:00,CNC-01,L,296.1361042079275,310.01717542436705,1877.221506270378,36.9276666876745,68.67335651777833,2.5770744605667955,12.876716280501705,57.19194840660994,0,2026-08-25 06:31:48
2024-01-10 04:48:00,CNC-02,M,296.40179311507086,310.7872475666543,2232.8360678663075,31.38829278099097,155.41136048564346,3.0954838687560255,13.197193332088869,55.41553704061359,0,2026-08-25 06:31:48
2024-01-10 06:18:00,CNC-02,M,296.25871145553185,310.26205273903554,2037.9361729245977,33.874752599785815,46.67771023681603,2.638706321947942,12.96096657241089,56.77703458253372,0,2026-08-25 06:31:48
2024-01-10 19:59:00,CNC-02,M,25.73521798831206,38.29999983527506,2357.357713350649,20.36306753961254,26.495558632752168,2.915298123816917,9.05798398445528,53.94411299819701,0,2026-08-25 06:31:48
2024-01-10 22:34:00,CNC-01,L,299.44046365716133,311.36157939310147,2670.0873032305326,15.852327104127358,83.73163346283641,3.27393884628455,8.059921691986593,55.27061243188243,0,2026-08-25 06:31:48
2024-01-10 12:14:00,CNC-01,L,297.0181773606047,310.91367720256443,1264.0810316794614,49.35663945845269,145.88897127651612,2.216284270731672,11.696949507550856,55.85214936077463,0,2026-08-25 06:31:48
2024-01-10 04:13:00,CNC-01,L,296.7986323054473,310.8892065959621,2112.298769854953,31.60186818833827,120.71884950662987,2.8712636263473037,12.459980444275152,51.761282621657585,0,2026-08-25 06:31:48
2024-01-10 00:35:00,CNC-03,H,298.947465465922,311.1225516355212,2460.3869014630054,19.914670159363588,45.58103706273239,2.967974716924325,9.42266175188868,54.050316758241976,0,2026-08-25 06:31:48
2024-01-10 01:08:00,CNC-02,M,298.49038450438354,311.32449276365423,2716.2502195593443,18.943522653943777,128.56724540866432,3.4023580108006373,9.604946812109691,52.05120331078247,0,2026-08-25 06:31:48
2024-01-10 15:10:00,CNC-02,M,297.82042775276733,312.34795583052994,1523.1178072424043,46.42518091320831,140.75946037247195,2.3309192233823697,13.215001260113477,54.74554110697921,0,2026-08-25 06:31:48
2024-01-10 11:29:00,CNC-01,L,296.8467360123286,310.44835726063707,1319.5596936177258,49.55375497302083,74.5613580877702,2.0216122092280213,12.325358329436622,58.8459787444824,0,2026-08-25 06:31:48
2024-01-10 12:34:00,CNC-02,M,296.21232109646934,311.1785932473515,1423.6944717370875,54.169650075491845,155.37566273698215,2.376709031866493,14.319025911781607,53.502793066697066,0,2026-08-25 06:31:48
2024-01-10 00:43:00,CNC-02,M,298.4840702054419,310.75413222082733,2763.602387728722,16.453435050702424,101.96493491184093,3.4009183617685106,8.391752169194481,52.18555496667836,0,2026-08-25 06:31:48
2024-01-10 10:46:00,CNC-03,H,296.4960287916738,311.2171362925544,1601.7986488854226,47.96523247428335,130.98099251723804,2.3267113599087823,14.506866860258707,57.920247015302124,0,2026-08-25 06:31:48
2024-01-10 03:50:00,CNC-02,M,296.6525649611754,310.11055537357686,2428.341459255928,25.370908021913884,85.01855584541126,3.0742066266939587,11.532713224212461,57.51650910473394,0,2026-08-25 06:31:48
2024-01-10 03:14:00,CNC-02,M,297.0793459418053,308.8816442830801,2568.191088429247,16.475496785175995,43.0719403035146,3.14859472067474,8.245403630520897,58.727881921577215,0,2026-08-25 06:31:48
2024-01-10 01:27:00,CNC-02,M,298.0720509051095,310.8652319817514,2695.774448839171,17.843372587199937,148.87761104703756,3.4410998589797197,9.073343938637171,52.57323337284722,0,2026-08-25 06:31:48
2024-01-10 16:25:00,CNC-03,H,299.3241463135612,313.8905266186394,1732.643395832842,42.27524216519724,113.75795297336039,2.448726365864752,13.852455995884636,55.22928366801524,0,2026-08-25 06:31:48
2024-01-10 16:57:00,CNC-02,M,298.7822986169198,312.7264962238935,1885.9044725859087,36.3493895540063,38.603843724067886,2.3682330265557128,,53.35300060141587,0,2026-08-25 06:31:48
2024-01-10 03:48:00,CNC-03,H,296.76769222008835,,2438.0975349705463,19.92364365588901,29.217761752274942,3.0681680953516617,9.27487895863154,59.24825271144383,0,2026-08-25 06:31:48
2024-01-10 18:59:00,CNC-03,H,300.2866207847669,313.9046508159072,57370.953258273454,28.27063159960134,97.79214560685475,2.863024461355343,12.083513643645421,50.2198479074347,0,2026-08-25 06:31:48
2024-01-10 01:33:00,CNC-03,H,303.77533761545175,310.5706654122207,2690.2788730693883,17.999823940737343,107.88797586532753,3.27330222531221,9.173010847071074,43.737508902753476,0,2026-08-25 06:31:48
2024-01-10 01:40:00,CNC-02,M,297.9541320748291,311.1185617221697,2697.792175151909,19.240388365997806,163.10163630659224,3.542485104972837,9.885659705198961,55.54656233774578,0,2026-08-25 06:31:48
2024-01-10 07:52:00,CNC-03,H,295.8774409406358,310.16490066298394,1800.3962657017191,41.52138344050771,96.22965798381783,2.4698499343989235,14.255335898193152,58.103215024838704,0,2026-08-25 06:31:48
2024-01-10 16:40:00,CNC-01,L,299.0993266204984,313.6210794049781,1810.7250150345258,40.47454411852851,100.46479652829674,2.5035222724836657,13.543641091856559,52.62711073493735,0,2026-08-25 06:31:48
2024-01-10 03:19:00,CNC-02,M,296.9720478293444,309.3699468718579,2473.378137403698,20.330959739370524,48.930868895748326,30.376068310016038,9.689701953523619,56.92157111206585,0,2026-08-25 06:31:48
2024-01-10 03:00:00,CNC-02,M,297.30786493301275,309.759890094794,2540.249110512801,19.70104163550108,27.06934209076651,3.010072136322355,9.493341029211447,54.99921899587832,0,2026-08-25 06:31:48
2024-01-10 01:54:31,CNC-03,H,298.13777651097547,311.1506671449805,2541.916471585656,20.40181351913904,133.0119029249625,3.2030541138711794,9.535991972715758,55.03398825871655,0,2026-08-25 06:31:48
2024-01-10 01:37:00,CNC-03,H,298.05798409591165,310.79806078943176,2659.890563731584,18.822410409055642,112.23674396480558,3.3274048540071837,9.27440677865538,52.36854717781221,0,2026-08-25 06:31:48
2024-01-10 23:49:00,CNC-02,M,2786.7097217042383,310.7960613921691,2706.222905546226,16.07130772867148,67.18873022570845,3.258758214169318,8.04490174044582,52.96442127501589,0,2026-08-25 06:31:48
2024-01-10 04:12:00,CNC-03,H,296.7499938643193,309.8170834557867,2263.967821556047,25.255801275449215,57.82269590826309,2.9032983273833044,10.724846245166416,58.45300442269351,0,2026-08-25 06:31:48
2024-01-10 00:57:00,CNC-02,M,298.69565610322985,311.3714748104619,2744.2172732847284,18.563011944922618,116.92270537294105,3.336525190525451,9.566578202445395,53.66316989985838,0,2026-08-25 06:31:48
2024-01-10 01:34:00,CNC-02,M,297.81339335640666,310.8968974377979,2756.74945923933,20.521436304538557,156.56629864084718,3.6228948035921538,10.467267003807189,52.198503508418916,0,2026-08-25 06:31:48
2024-01-10 19:57:14,CNC-01,L,26.864910506650403,40.6935203762456,2356.231201716174,26.90728984280478,125.35494675277674,3.1713617995537327,12.029966545902877,50.44169946639049,0,2026-08-25 06:31:48
2024-01-10 00:41:00,CNC-01,L,298.77505023654703,310.26429699328787,2640.2252048951464,13.411290406483998,84.47016649680226,3.1881836635901615,6.647870699223204,53.208908901346064,0,2026-08-25 06:31:48
2024-01-10 19:45:00,CNC-01,L,300.0065267527276,313.30064465271954,2235.4572229645787,27.152980141649724,109.52292648231685,2.861879355628946,11.512308338080087,53.51363303596525,0,2026-08-25 06:31:48
2024-01-10 19:49:00,CNC-03,H,26.907970828222346,41.1604337942768,2243.037343045236,30.506259339807293,159.34411364118893,3.0176826559344305,12.809533089121645,51.13480428245683,0,2026-08-25 06:31:48
2024-01-10 02:42:00,CNC-02,M,297.36512572131863,308.9806455793783,,15.728179176844202,6.6490929048094145,3.1186699188337963,7.70969103570831,58.735078871958564,0,2026-08-25 06:31:48
2024-01-10 04:35:00,CNC-03,H,296.6099723134793,310.1546533844819,2294.106796495768,26.969665624205657,86.06375855249614,2.8419280198057573,11.66769681089461,57.50763351986412,0,2026-08-25 06:31:48
2024-01-10 21:02:00,CNC-03,H,26.777227342625565,39.037336476947246,2514.4653653066894,19.986505119024226,0.0,3.0355394813435574,9.60361273172666,52.18448123647027,0,2026-08-25 06:31:48
2024-01-10 03:38:00,CNC-03,H,297.15340718175463,309.58000867841037,2388.7741511071167,22.781878153900447,17.51295839045496,2.866722783634077,10.354555396171579,53.33599148045623,0,2026-08-25 06:31:48
2024-01-10 10:56:00,CNC-02,M,301.206794057325,309.05992942357705,1351.9881056493364,49.592560509783645,0.0,2.0161407346184386,12.459951680048107,48.56803694963842,1,2026-08-25 06:31:48
2024-01-10 00:30:00,CNC-01,L,298.7323140235396,310.7113222091525,2728.7014255078902,16.369352479026823,72.74451203352648,3.302428238519456,8.24949749593079,51.95529181303072,0,2026-08-25 06:31:48
2024-01-10 09:23:00,CNC-01,L,296.488576025193,310.5521323033768,1453.441749404271,48.12844657557371,99.87061414735396,2.2683875041058967,13.005273211821645,55.9492409064042,0,2026-08-25 06:31:48
2024-01-10 13:44:13,CNC-03,H,297.8412121530091,312.5504360750959,1371.4309924640756,53.48713695712242,139.28886752629336,2.3364550965058593,13.922513264662411,53.352169651114124,0,2026-08-25 06:31:48
2024-01-10 01:37:00,CNC-02,M,297.9279298691876,310.6946286497096,2711.6608451173706,18.48564806767919,159.80167809624757,3.6249395359035104,9.321326590720906,57.68096186046341,0,2026-08-25 06:31:48
2024-01-10 02:10:00,CNC-02,M,297.7237040856238,310.70831128511304,2750.128549142047,17.47765028926207,195.5867760904229,3.840407761069639,8.902372986889203,57.61573179939417,0,2026-08-25 06:31:48
2024-01-10 08:46:00,CNC-03,H,295.95316993192756,310.5170114989179,1540.6199640497675,45.99168250739311,176.69603729621332,2.503701424044879,13.273607235460092,58.41355007378091,0,2026-08-25 06:31:48
2024-01-10 04:10:00,CNC-03,H,296.83783411834844,309.4096162843365,2490.8234944460296,20.451477552355005,55.346489342379,3.101527920379782,9.421024107662921,58.1129452213503,0,2026-08-25 06:31:48
2024-01-10 09:02:00,CNC-02,M,295.8220760913088,309.5655541104245,1554.2250801907278,43.52637837897007,70.77682700043063,2.300749299267895,12.871369974006369,60.399409155734276,0,2026-08-25 06:31:48
2024-01-10 13:15:00,CNC-02,M,296.4429300046848,311.57224724571284,1373.4642725597726,55.45689414089906,220.3459661649882,2.8534530341926674,14.075569646054696,57.734676614857264,1,2026-08-25 06:31:48
2024-01-10 19:38:00,CNC-02,M,299.27257476287633,311.227910788826,2325.799837379458,18.224890189454037,1.2054667443949767,2.9126661123477136,7.660737339343054,51.959040502703175,0,2026-08-25 06:31:48
2024-01-10 11:29:00,CNC-02,M,301.61232062828054,309.5615302065986,1358.904917823742,50.75426294131399,52.167143603121716,2.0074307432389644,13.096925509130946,43.45686093794028,1,2026-08-25 06:31:48
2024-01-10 04:30:00,CNC-02,M,296.475034943204,310.0887032607906,2256.13050838002,27.423004773331755,133.07080036081018,2.904788172917979,11.592167161984882,62.73286719094829,0,2026-08-25 06:31:48
2024-01-10 04:58:00,CNC-03,H,296.2849572675783,309.53503493393345,2352.1866658128974,25.334516640134623,114.91796524486628,3.053956072814758,11.310985986251575,61.83458619092894,0,2026-08-25 06:31:48
2024-01-10 03:56:00,CNC-02,M,296.91337413648955,310.2263375972412,2431.805507004241,23.288370328220626,92.13259138980584,3.1170328614153666,10.288534312842774,56.693925107032754,0,2026-08-25 06:31:48
2024-01-10 12:42:00,CNC-03,H,297.8371332704501,311.2979735343954,1341.8207715653998,48.649963347154724,41.07259303327776,1.949090170364047,12.243035638677863,51.513247894060186,0,2026-08-25 06:31:48
2024-01-10 06:58:00,CNC-03,H,295.6238436039403,309.40978486451166,1726.7935908837846,39.70304984715441,19.26864014706944,2.337833794368991,12.676746429812635,61.034489232789475,0,2026-08-25 06:31:48
2024-01-10 15:50:00,CNC-03,H,299.10525111200803,313.0530760227223,1818.319512686105,39.43679877974009,62.74951691772949,2.4263857413781067,13.432347067406866,58.477687077524514,0,2026-08-25 06:31:48
2024-01-10 11:28:00,CNC-01,L,296.8456812508475,310.92149835877404,1357.732645511508,50.14048561975743,72.96135808777021,2.0467968366694262,12.647745223294852,59.10400287948632,0,2026-08-25 06:31:48
2024-01-10 02:47:00,CNC-02,M,297.4826355807791,309.77456667322,2577.8853970509576,19.09857005482641,12.349676537909232,3.152588085198197,9.062022899520858,56.82646968212379,0,2026-08-25 06:31:48
2024-01-10 18:21:00,CNC-01,L,299.72491946082334,313.1383457924804,2137.7110379392,30.636340678744855,3.96139474828638,2.663934859610347,12.247497401453941,49.83183864475837,0,2026-08-25 06:31:48
2024-01-10 07:02:00,CNC-02,M,295.83273605668467,310.20227439119145,1836.013041939171,39.52466006212978,107.31413785760898,2.6233149543817027,13.648180455877041,57.208473998112495,0,2026-08-25 06:31:48
2024-01-10 11:57:00,CNC-02,M,301.68857751708515,310.10658741335624,1339.602394396512,50.58703372362048,96.6065904527766,2.0393320941835054,12.913923238545046,45.51560677737406,1,2026-08-25 06:31:48
2024-01-10 23:21:00,CNC-01,L,299.11724494788893,311.80004842589085,2778.8695878449334,17.71525002333169,134.04414085951657,3.631505912801547,9.206323550995016,55.18950332766268,0,2026-08-25 06:31:48
2024-01-10 00:16:00,CNC-02,M,298.9641068614242,311.1491834653055,2680.663075656782,16.777217621069205,73.08802656917057,32.20331955717845,8.222220813493482,52.16619898121618,0,2026-08-25 06:31:48
2024-01-10 02:01:00,CNC-03,H,298.2920931707554,311.97496849848005,2616.6097183841284,22.640659057881017,138.5036994812251,3.313407832336797,11.065664576395042,52.43857842861954,0,2026-08-25 06:31:48
2024-01-10 08:24:00,CNC-02,M,295.6055955530512,309.6968335090645,1781.521140784418,42.75117053216182,13.343011615168374,2.4467442592868673,14.132767295128064,61.2874814238687,0,2026-08-25 06:31:48
2024-01-10 21:57:00,CNC-01,L,300.08951455866196,312.30779850636327,2623.817292165957,17.596358118327583,43.24120910743964,3.1815697600739936,8.741248643936943,48.254207186956585,0,2026-08-25 06:31:48
2024-01-10 19:51:00,CNC-03,H,27.064135896439268,40.587271305095555,2417.1573018339095,24.826204847880575,161.7167807961218,3.3300259487481654,11.389916788461587,53.584145591691815,0,2026-08-25 06:31:48
2024-01-10 17:30:00,CNC-02,M,298.94241825332625,313.40557961607306,1985.2649621893727,35.3039851386505,84.07004699988653,2.7026736047258955,12.971322447039773,54.014692101847736,0,2026-08-25 06:31:48
2024-01-10 11:05:00,CNC-03,H,296.7191499588253,311.3834770969453,1431.7803670089186,49.290463761545645,161.02619200954737,2.37573862613402,13.224355826078492,55.77209782696342,0,2026-08-25 06:31:48
2024-01-10 09:15:00,CNC-01,L,296.3949119350478,310.6593826407568,1528.9599012901308,49.13412748218335,87.40631129255858,2.2098459370441708,14.053401794931487,58.907695146275834,0,2026-08-25 06:31:48
2024-01-10 08:09:00,CNC-02,M,295.55772867051036,310.873009377364,1806.7528168704293,43.19171518166795,203.9103363933762,3.121206973199536,14.419159189527125,58.95322252384531,0,2026-08-25 06:31:48
2024-01-10 04:28:00,CNC-02,M,296.827953022193,310.1476867471111,2404.750700883533,24.026391694386778,130.5789550823752,3.0967070419268103,11.021863085941789,55.10765179213689,0,2026-08-25 06:31:48
2024-01-10 18:43:00,CNC-01,L,300.06889377101726,312.886299023294,2180.3782677578156,26.65476315350926,32.544480923996694,2.7012912606370527,10.807169599471715,52.65778808388319,0,2026-08-25 06:31:48
2024-01-10 04:28:00,CNC-03,H,296.73196540266173,310.2512788743071,2206.827602831639,28.027471238375025,77.364471757435,2.805913640456303,11.559534258293315,55.088140463299474,0,2026-08-25 06:31:48
2024-01-10 17:34:00,CNC-03,H,299.8625785250107,314.7732340755476,1990.6885255968111,37.783626572467455,210.4695223763507,3.2204628912213535,14.083207202331305,,0,2026-08-25 06:31:48
2024-01-10 11:53:00,CNC-03,H,297.33855796972193,312.39732291278324,1360.6794362294409,55.64212486800585,237.28343070188205,2.889665116575389,14.26047887792731,55.46260447675858,1,2026-08-25 06:31:48
2024-01-10 11:32:00,CNC-03,H,297.0503446620298,312.1285171140475,1313.764124576791,56.60948567220233,204.04372984861382,2.604340885196778,13.926717490620025,58.44359446783904,0,2026-08-25 06:31:48
2024-01-10 05:45:00,CNC-02,M,296.1427618396519,309.6556202002498,1907.9849772749242,34.870720309317235,2.725957006874949,2.4619219495844957,12.737709149596768,57.43559169589776,0,2026-08-25 06:31:48
2024-01-10 02:17:00,CNC-01,L,297.70523313817233,310.6258506821491,2600.5689837311265,18.855935681261776,188.59855195721136,3.77184002500373,9.487572263770655,54.43454928469548,0,2026-08-25 06:31:48
2024-01-10 20:57:00,CNC-03,H,26.805027115552264,40.20760747815888,2444.9527013394286,22.131741996306992,239.1511929061965,3.8538209401666115,10.27226891950981,50.35941090025859,0,2026-08-25 06:31:48
2024-01-10 21:22:00,CNC-03,H,26.99297165395552,39.10787842403522,2554.209529396853,19.01862959695465,22.856982574609184,3.123524486580097,9.490623646884373,49.178296225017235,0,2026-08-25 06:31:48
2024-01-10 10:31:00,CNC-01,L,296.7941990625843,311.480359392276,1403.9284997632874,52.953097248356165,205.66672916877098,2.817477839926896,14.182052605989256,54.92654206369558,0,2026-08-25 06:31:48
2024-01-10 22:07:00,CNC-03,H,299.94867862833667,312.9293152830203,2569.205685873216,21.921861179015462,72.63036572650805,3.153647030612647,10.501192162722713,55.94569331436899,0,2026-08-25 06:31:48
2024-01-10 11:34:00,CNC-01,L,296.9154141282862,310.8296320221893,1427.2496187299628,46.563594939358595,82.41176299202816,2.1544202911569204,12.265110217033763,59.444308120505035,0,2026-08-25 06:31:48
2024-01-10 13:18:00,CNC-01,L,297.3719761567676,311.1875561037142,1274.5201081237321,53.44744355872167,33.14413834357057,1.9443818455989068,12.744630093556752,53.037004439262965,0,2026-08-25 06:31:48
2024-01-10 18:15:00,CNC-01,L,300.0633104839027,314.33539459981637,2093.0753101468417,32.169452375454114,230.21127809777232,3.8610680161942557,12.86292358206035,51.37375472051727,0,2026-08-25 06:31:48
2024-01-10 09:26:00,CNC-01,L,296.465441128397,310.65469197761234,1521.1549972722944,44.51279540802877,104.53438111413115,2.3094217060169075,12.445242555848505,54.87019029489729,0,2026-08-25 06:31:48
2024-01-10 18:37:00,CNC-03,H,300.12629752186984,313.9687288673413,2119.146000979507,33.20498927438559,69.84908966964896,2.6898231542737006,13.183490610331603,53.218782974657344,0,2026-08-25 06:31:48
2024-01-10 22:54:00,CNC-02,M,298.28489883249506,309.4015668896697,2735.7673533771417,12.23071440644583,8.448001082711993,3.3030294995895164,6.5061651362577075,52.50754352894303,0,2026-08-25 06:31:48
2024-01-10 23:27:00,CNC-01,L,299.17510719307955,312.07871317423405,2795.918904749218,17.107174091074832,140.419184223145,3.63857997706379,9.028197977188857,53.461772899554774,0,2026-08-25 06:31:48
2024-01-10 21:33:00,CNC-03,H,300.0061892904138,312.69559688182505,2477.085371196908,21.59110490805282,35.20127996093892,3.1275119841586307,10.210528392534123,53.15295827754254,0,2026-08-25 06:31:48
2024-01-10 03:49:00,CNC-03,H,297.17464502941186,309.63514975004074,2422.24409859387,21.253635781580332,30.394615161975846,2.9701199175294697,9.70712035912335,54.667507879285104,0,2026-08-25 06:31:48
2024-01-10 11:27:00,CNC-03,H,297.1616465570004,311.9979078516199,1374.659303318342,52.70878426261901,196.06484791206256,2.4496057341692175,13.428896038977783,52.372090125957286,0,2026-08-25 06:31:48
2024-01-10 23:07:00,CNC-02,M,298.3399684508115,309.97178412111947,2675.791990939621,14.343996721025507,22.328081978014552,3.2842175988775684,7.201703367156627,52.88416562913027,0,2026-08-25 06:31:48
2024-01-10 19:13:00,CNC-01,L,300.1344986058059,315.1112756541862,2280.8026239834285,35.8561881810915,70.34278895703746,2.8568320781628276,15.441916447639905,49.18856479635357,0,2026-08-25 06:31:48
2024-01-10 20:14:00,CNC-02,M,25.7803325008054,38.28423605033203,2446.7552200010737,19.803119938009193,44.16770152418797,2.9766909836599806,9.000903445892563,55.62576684653479,0,2026-08-25 06:31:48
2024-01-10 07:58:00,CNC-03,H,295.7784532895212,,1679.385679262122,46.6804387549033,105.0870371577649,2.414996382770701,14.717726953644114,58.028795225582094,0,2026-08-25 06:31:48
2024-01-10 02:36:00,CNC-02,M,297.63066606907915,309.7385928101326,2415.4522630913552,19.22200276353407,0.0,2.9827474849013247,8.754353185714532,59.25202596674478,0,2026-08-25 06:31:48
2024-01-10 02:30:00,CNC-02,M,297.5916749969913,311.3294303399412,2486.076142296744,23.414931868439968,217.831379551743,3.873176643340334,10.808211525220523,61.216672247549056,0,2026-08-25 06:31:48
2024-01-10 18:52:00,CNC-02,M,299.1848950567972,314.3475697553429,2164.5615309789173,34.496744876939445,191.7045027285144,3.378375476004352,13.954789672234835,55.78062422495225,0,2026-08-25 06:31:48
2024-01-10 15:07:00,CNC-01,L,298.3331076893169,313.1586113353347,1484.896900891402,50.80277586903942,202.5257890841967,2.9215385086552077,14.10523400174902,55.88809941398963,0,2026-08-25 06:31:48
2024-01-10 00:39:00,CNC-01,L,298.8362458082997,,2811.752287879869,13.267513924961046,82.31428002148274,3.2838145438685657,7.066591628671767,53.672088060015405,0,2026-08-25 06:31:48
2024-01-10 02:16:00,CNC-03,H,297.93262014466546,311.09304144203395,2606.383860744957,20.15165903706027,155.0852030136533,3.406637153920131,9.655711229140476,53.56790026197051,0,2026-08-25 06:31:48
2024-01-10 12:15:00,CNC-03,H,297.31221008861905,312.6658081328443,1418.2982339435962,55.355434686646674,272.185210914981,3.33315079598372,14.60007760508456,52.59252268278898,1,2026-08-25 06:31:48
2024-01-10 22:33:00,CNC-02,M,298.48946994287536,313.1620874727591,2617.885846452792,25.674681716759764,200.90444842341597,3.8505501155428123,12.518612100959318,52.940287633435496,0,2026-08-25 06:31:48
2024-01-10 08:43:00,CNC-01,L,296.1237883131241,310.4868695812458,1790.6723468896898,,38.56894403621397,2.4644348313528606,14.463028039750315,56.37272064175038,0,2026-08-25 06:31:48
2024-01-10 02:56:00,CNC-03,H,297.66928587647385,311.2283232415769,2607.9069316448454,22.075027911476493,199.73021107645278,35.65632093225219,10.946245365882719,53.16295796324316,0,2026-08-25 06:31:48
2024-01-10 04:08:00,CNC-01,L,297.00919534170066,,2510.4162377505672,24.191317047152985,114.69078961604437,3.157897900293452,11.287911309180005,61.01222935590539,0,2026-08-25 06:31:48
2024-01-10 11:33:00,CNC-03,H,296.97521808355384,311.62304707747535,1371.1232576536918,51.8209469101712,205.63271716325977,2.6559790053264223,13.299048690636008,51.246978289366105,0,2026-08-25 06:31:48
2024-01-10 04:48:00,CNC-01,L,296.25822053458967,310.0726976763976,2148.7749794083475,28.86558666472986,163.6210775114395,3.080529808687265,11.519448430455089,62.04424563360399,0,2026-08-25 06:31:48
2024-01-10 23:17:00,CNC-02,M,298.39269387479493,309.8150318673239,2779.4039107895064,11.466245374151221,33.00462903249199,3.1997820453434445,5.997229932223818,53.06549725294877,1,2026-08-25 06:31:48
2024-01-10 10:59:00,CNC-02,M,301.3548778698202,309.4078223163222,1421.6667044725348,49.49046857067217,4.772925857337189,1.9465889294559648,13.164377749956506,48.30959044269679,0,2026-08-25 06:31:48
2024-01-10 14:50:00,CNC-02,M,297.4497625029907,311.3156335610215,1459.3700669281657,42.68382357510956,110.33558082450958,2.227858194614025,11.716544790406221,61.464268719266464,0,2026-08-25 06:31:48
2024-01-10 21:49:00,CNC-01,L,299.6362390263846,310.94099050638926,2583.2789556338976,13.553878004306105,34.43479882645209,3.0703433072027964,6.660808050419051,48.21660085974981,0,2026-08-25 06:31:48
2024-01-10 23:59:00,CNC-02,M,297.88192755830306,310.3706739033375,2707.979686354598,16.26059715416816,77.90059876728414,3.2507466203295965,8.240556887216131,56.81442906261288,0,2026-08-25 06:31:48
2024-01-10 16:34:00,CNC-03,H,299.3630412537276,313.9833779265595,1835.0468945088542,41.32042232095746,126.53775265532906,2.594399130970381,14.004035353519182,52.69589634531209,0,2026-08-25 06:31:48
2024-01-10 00:40:00,CNC-02,M,298.64881858082595,310.58450582466827,2674.996074170077,14.499313663661423,98.76532425847694,3.2808168017157273,7.281814813481473,52.217518806437845,0,2026-08-25 06:31:48
2024-01-10 18:52:00,CNC-03,H,300.0276459815857,313.4784437016028,2141.960570925999,28.35243300979177,89.03788033997849,2.852665997362479,11.588261240370505,52.36854091855612,0,2026-08-25 06:31:48
2024-01-10 15:27:00,CNC-02,M,298.09602322702466,313.04916690175173,1535.1723254678216,46.4939809028594,166.47233643116977,2.530954909289928,13.115670992921276,56.31634878119726,0,2026-08-25 06:31:48
2024-01-10 04:25:00,CNC-01,L,296.72475006712244,310.3156871539763,2287.5617480421315,26.139343811001645,135.21578325341434,3.0705257649213773,11.261782753200695,58.222135215919636,0,2026-08-25 06:31:48
2024-01-10 12:00:00,CNC-03,H,297.3745583899877,312.7158708518511,1399.7037294994814,55.247649939954634,248.45176998559296,30.32608586107683,14.686902892902276,56.48938370182595,1,2026-08-25 06:31:48
2024-01-10 00:42:00,CNC-03,H,304.25422104272894,310.00229022977356,2657.8741736633615,14.120219261669316,53.12739852618616,3.244666667560055,7.276787973493834,42.76355877764415,0,2026-08-25 06:31:48
2024-01-10 04:30:00,CNC-03,H,296.75864275872306,310.25546545960316,2142.5473253789733,30.51088563792463,79.9004653712844,2.741884710156714,12.208472863809064,58.537547000088004,0,2026-08-25 06:31:48
2024-01-10 03:10:00,CNC-02,M,297.33392364205304,311.07382404180015,2618.2389551188317,25.55464135496764,38.50738648008191,3.079921906854589,12.810886492846913,56.442662857773776,0,2026-08-25 06:31:48
2024-01-10 11:49:00,CNC-02,M,301.6744764015192,310.16370559119355,1374.8322098390229,53.37335519769643,2470.0570641998474,2.088072968719228,13.894376103495281,47.17223061784553,1,2026-08-25 06:31:48
2024-01-10 23:57:00,CNC-03,H,299.5730729360358,313.047691676213,2690.983958840004,20.901061167637916,190.70800810528544,3.6492130248260097,10.474162421493686,52.26772938627901,0,2026-08-25 06:31:48
2024-01-10 14:28:00,CNC-02,M,297.29239154975596,311.9279187003241,1524.9325967604711,48.81747974118788,76.51048271410973,2.1807895802376827,13.799332499976042,59.34105760052182,0,2026-08-25 06:31:48
2024-01-10 22:48:00,CNC-01,L,299.41587134736955,312.25403077378684,2679.215927265145,19.4713996888054,98.73546249309398,3.28572757561435,9.718637383894638,51.516056829500386,0,2026-08-25 06:31:48
2024-01-10 22:35:00,CNC-02,M,298.5047622524287,312.07031606874085,2649.7963040471286,19.29607541955864,203.07799770051352,3.7794520327964953,9.669509145513452,57.21439274442294,0,2026-08-25 06:31:48
2024-01-10 14:05:01,CNC-02,M,297.4623288930324,311.85456290648705,1507.6463528669979,48.5803532958216,42.21883500050048,21.097296812619764,13.584310246117212,56.91674200508989,0,2026-08-25 06:31:48
2024-01-10 19:09:00,CNC-01,L,299.9006764701489,312.77295981894963,2207.7312286121187,26.57632033417825,65.31161178617663,2.783650659700743,10.898663954916252,50.21937933895333,0,2026-08-25 06:31:48
2024-01-10 20:56:00,CNC-03,H,26.711928936154436,40.476090780906475,2668.339827743898,22.058314682509156,238.0184860175861,4.261287304950604,11.08093368389624,55.074962305972406,0,2026-08-25 06:31:48
2024-01-10 10:57:00,CNC-01,L,296.6351610505778,310.2985888432604,1515.7885643456889,44.537709915629264,23.81255741017993,2.1965284600588393,12.571740845490758,57.376441316385,0,2026-08-25 06:31:48
2024-01-10 00:13:00,CNC-03,H,298.7051029345697,310.053945892828,2769.0472939988663,13.241275186157607,22.206713683654854,3.2413491343366423,6.776382719407386,49.48297539284771,0,2026-08-25 06:31:48
2024-01-10 07:12:00,CNC-01,L,296.2319180521753,310.68610246309714,1921.1245207825439,37.1576933341972,116.31358622688442,2.60652313347287,13.440242447700028,57.245222729220586,0,2026-08-25 06:31:48
2024-01-10 04:40:00,CNC-01,L,296.5504777635841,311.00287745315904,2297.9908678519364,30.77191289769638,153.5994087071049,3.29976203272809,13.248647296609189,52.443549967061294,0,2026-08-25 06:31:48
2024-01-10 06:21:00,CNC-01,L,296.1504843208525,309.6646465411365,1951.998537162115,33.4101273912884,45.37511452772871,2.569554676319505,12.408185947329503,57.47704235370842,0,2026-08-25 06:31:48
2024-01-10 08:55:00,CNC-01,L,296.1301693563583,310.43556534432054,1610.1263901807529,45.906816199738195,56.788069781356185,2.402146615279892,13.831066164852917,52.90959279982337,0,2026-08-25 06:31:48
2024-01-10 03:26:00,CNC-01,L,297.16135080314336,310.3683055782663,2449.9341669827368,23.438286708584883,65.1117882120618,3.0004348831854744,10.791560878545564,59.74969538498783,0,2026-08-25 06:31:48
2024-01-10 13:33:51,CNC-03,H,297.705103769839,311.8677655410228,1462.4180770189307,45.797531399823704,121.96839794608996,2.249890387775555,12.702892054422266,53.83716241622108,0,2026-08-25 06:31:48
2024-01-10 13:55:00,CNC-03,H,298.2709875980203,312.9327228516962,1396.3618241467636,53.44736089145594,156.62094264713323,2.269236007726938,13.8288721157306,54.94322161427225,0,2026-08-25 06:31:48
2024-01-10 18:28:00,CNC-03,H,300.01781867096065,314.2061603207956,2168.142965998157,32.50638960031723,58.118113565493644,2.8400643062372284,13.422314104821789,52.40352832650353,0,2026-08-25 06:31:48
2024-01-10 19:46:00,CNC-01,L,300.1098937009183,313.3238873428512,2244.8282510253975,25.28535775771071,110.74674179946261,2.9135228918930896,10.879836952211976,45.654652569526235,0,2026-08-25 06:31:48
2024-01-10 06:39:00,CNC-03,H,295.8257530415878,311.3024403384094,1982.7056070124775,40.52514795205591,247.71576189369654,3.4947531665121985,15.24573564395758,57.802541380469066,0,2026-08-25 06:31:48
2024-01-10 06:24:00,CNC-02,M,295.95419797404026,310.27932350340967,1808.961563566083,41.447679492437935,54.86078896095376,2.5118539336464214,14.371526897802847,61.40048440500387,0,2026-08-25 06:31:48
2024-01-10 11:17:00,CNC-03,H,296.73392225416666,311.3136486853797,1394.4259173320638,53.02119340013699,180.12409654378567,2.5805106349447753,13.780858177491542,59.50966304873448,0,2026-08-25 06:31:48
2024-01-10 06:52:43,CNC-02,M,295.8292505699493,310.1474701558586,1807.31163521348,39.19024172637619,93.23984452649935,2.5855187022143635,13.292465466643675,59.3194052847539,0,2026-08-25 06:31:48
2024-01-10 06:44:00,CNC-01,L,295.91058103415855,310.13197604117585,1926.7402359564187,37.40079730632661,77.00925466135924,2.6512090415827223,13.47802744125177,57.33416298235191,0,2026-08-25 06:31:48
2024-01-10 15:50:00,CNC-01,L,298.74251843048546,313.1014169635463,1724.4272092793326,45.978980295708396,28.07360222628491,2.378240641235523,14.744620879017695,59.91606383420165,0,2026-08-25 06:31:48
2024-01-10 13:38:00,CNC-01,L,303.00401834864175,311.7270073767017,1405.7997840257922,55.869534299662654,64.66976209787632,2.1422773475599897,14.50387488004774,46.758463129098025,0,2026-08-25 06:31:48
2024-01-10 13:55:00,CNC-01,L,302.90164468449854,311.0884801822791,1456.7028521086745,48.81664915496593,91.26358692021107,2.2067041077034317,13.389078011896688,49.270832071825836,0,2026-08-25 06:31:48
2024-01-10 08:13:00,CNC-03,H,296.0090778942364,310.8875710559105,1564.730534150292,50.6591082119138,127.3859629533984,2.302475331378934,14.61192370796706,62.44245407743945,0,2026-08-25 06:31:48
2024-01-10 03:58:00,CNC-01,L,296.65343618957155,310.2083945729942,2281.591960750276,26.966069895368403,102.70759540844061,2.972905725948725,11.63236982545699,54.89644177977043,0,2026-08-25 06:31:48
2024-01-10 20:34:00,CNC-03,H,27.07003692953782,41.39585738078483,2500.973993245683,26.655909520652628,212.72264195602864,3.7187358402660577,12.694260541107512,52.87459986457371,0,2026-08-25 06:31:48
2024-01-10 14:01:00,CNC-02,M,296.9540571852427,311.546850454208,1571.7253119858417,48.5171866758373,34.35109061406653,,14.368036266993917,55.671415826781974,0,2026-08-25 06:31:48
2024-01-10 01:16:00,CNC-01,L,298.1969659020721,311.03699386648464,2714.089470189941,19.434099346090054,121.86719057840034,3.361966807941101,9.707021452522818,54.39174551332272,0,2026-08-25 06:31:48
2024-01-10 22:17:37,CNC-01,L,299.7867064605983,312.1741942101057,2607.2551808822946,19.01277894304089,66.32846156949249,3.2261217528330315,9.176131076229005,50.377274238078634,0,2026-08-25 06:31:48
2024-01-10 04:55:00,CNC-01,L,296.45654215370007,310.3859074301855,2240.5116342956376,29.84373621047449,172.40624850144832,3.3583322343567703,12.175519518679765,55.65184856108828,0,2026-08-25 06:31:48
2024-01-10 14:35:00,CNC-02,M,297.63996794083414,312.1253787700687,1465.513464364799,47.928319220967076,87.36357427930065,2.0655774355734056,13.084277549808046,60.13357426617297,0,2026-08-25 06:31:48
2024-01-10 17:09:00,CNC-02,M,298.83794357246217,312.6076048797513,1909.9974825440763,33.837686375491636,55.19895073903328,2.46392252981005,12.25726575919479,56.555447453455386,0,2026-08-25 06:31:48
2024-01-10 18:45:00,CNC-01,L,299.94295450250485,312.8228227282312,2108.940409244589,27.132662984579593,35.14567765232794,2.8361200160877162,10.86008933969729,47.34524912910645,0,2026-08-25 06:31:48
2024-01-10 17:08:00,CNC-03,H,299.71130758781356,314.7451690561905,1948.239147877589,40.03666846774544,174.70224037670593,3.011795213026307,14.73704656076838,53.57871878955569,0,2026-08-25 06:31:48
2024-01-10 05:06:00,CNC-01,L,296.55971797604843,311.7505820076604,2101.6842598247385,37.26988821037255,186.3603785566506,3.4025602482382142,14.81931685260919,62.11860727564469,0,2026-08-25 06:31:48
2024-01-10 15:42:00,CNC-01,L,298.60149054917036,312.3484774126906,1639.671299011441,42.54163869037044,16.232063027157963,2.2443082767799374,13.03366344054067,55.32617846857458,0,2026-08-25 06:31:48
2024-01-10 11:07:00,CNC-02,M,301.6275998863077,309.34137422345,1333.1343344074905,49.56230879791794,17.40872615451438,2.0056226363237406,12.010260554551834,44.50537883053707,1,2026-08-25 06:31:48
2024-01-10 11:35:00,CNC-03,H,297.0950280853767,311.8522169285143,1424.6512713943528,51.75443460156694,208.80412698947814,2.627588910178193,13.738058796084886,58.56240884241338,0,2026-08-25 06:31:48
2024-01-10 10:13:00,CNC-03,H,296.6007386041062,310.6284854625666,1387.0512980306007,49.897308978835,79.049140133072,1.9563085349588931,12.558379183879126,58.983292056575834,0,2026-08-25 06:31:48
2024-01-10 00:40:00,CNC-03,H,298.5908886178866,309.462124021168,2662.2950982222455,11.364761597938296,50.96564714153771,3.180583468827515,5.829912771146159,49.30832412363212,1,2026-08-25 06:31:48
2024-01-10 15:04:00,CNC-01,L,298.1474721833968,312.7231067145285,1432.8160659655923,50.42600349082342,197.9737980703424,2.847371692787513,13.423254058594903,58.664471721300984,0,2026-08-25 06:31:48
2024-01-10 13:41:00,CNC-03,H,297.9957069055743,312.70894804111015,1470.3819629626316,51.062732952546405,134.56082124053898,2.2707669754115454,,58.37918077833195,0,2026-08-25 06:31:48
2024-01-10 12:43:00,CNC-02,M,296.6341074173835,311.02410052462324,1388.8716801679805,48.9186378498017,169.68063721799447,2.472598697003311,12.620144815901252,56.83575852386527,0,2026-08-25 06:31:48
2024-01-10 00:12:00,CNC-02,M,298.7111131437432,310.4155247800109,2754.909439080316,13.884321237774177,68.89906486415876,3.288886024706139,7.057982339576472,54.292886306380545,0,2026-08-25 06:31:48
2024-01-10 20:48:00,CNC-03,H,26.893811525313254,39.97747938889046,2385.511249364872,21.471654561285842,228.90742728402304,3.729936957681613,9.714264437274522,54.195869017146585,0,2026-08-25 06:31:48
2024-01-10 11:03:00,CNC-02,M,301.6069022197941,309.6557238799699,1425.5018606090382,50.32265955724952,11.068631315899143,2.0683283999237716,13.715443655017271,46.461978228813244,0,2026-08-25 06:31:48
2024-01-10 19:25:00,CNC-03,H,300.5443830009267,314.46752919320085,,30.33421093207854,130.2218389058532,2.931813164643401,12.423098104241388,49.113318856930064,0,2026-08-25 06:31:48
2024-01-10 11:53:00,CNC-01,L,296.90535519467437,310.8352932171406,1256.7346730441295,53.023093349170836,112.5449637309883,2.080027136913827,12.522029766823144,57.35377837993166,0,2026-08-25 06:31:48
2024-01-10 15:46:00,CNC-01,L,298.92648798566233,312.8340158083724,1727.4602147997273,41.413107993828326,22.133544277108744,2.397753617384578,12.8970540482951,57.6797536158663,0,2026-08-25 06:31:48
2024-01-10 13:31:00,CNC-01,L,302.8371947062247,310.76990226975374,1409.4307245994353,49.86409583730386,53.64122890833941,2.163892835843371,13.221573887647693,50.109440401873165,0,2026-08-25 06:31:48
2024-01-10 13:16:00,CNC-02,M,296.37981816745287,311.96156951280625,1425.144623326332,55.92771540445205,221.93821566342567,2.94578169810574,14.967198807200468,59.55062464616743,1,2026-08-25 06:31:48
2024-01-10 12:30:00,CNC-01,L,296.9933986915746,311.61997218159695,1359.7557389183999,53.37582655196588,171.43907617634926,2.3878075234759017,13.553060591484375,57.038056315624786,0,2026-08-25 06:31:48
2024-01-10 10:48:00,CNC-03,H,296.75731077099897,311.54871658638046,1486.165999456961,52.380931629241175,134.07637955447962,21.585919686795926,14.494903485108312,55.87094871571929,0,2026-08-25 06:31:48
2024-01-10 13:04:00,CNC-01,L,296.93084947946073,310.24856449916706,1498.1095565688806,44.07103649437797,11.045153812877572,2.2149653173559822,12.329787410333017,56.20744565130766,0,2026-08-25 06:31:48
2024-01-10 18:43:00,CNC-03,H,299.89480785085277,313.12751675025225,2210.3337949527286,26.838280030304027,77.58174412981977,2.612369662543504,11.195131822902969,52.88047590324809,0,2026-08-25 06:31:48
2024-01-10 22:20:00,CNC-02,M,298.52594920175346,311.68003948748367,2599.608980394768,19.383087121728924,186.67937706867357,3.6117189474802016,9.114396938228849,56.483513299105525,0,2026-08-25 06:31:48
2024-01-10 09:15:00,CNC-02,M,296.0569641124709,,1432.8813620475607,50.07066370843089,90.69988406768935,2.1046932178317794,13.362296391360038,62.095987893152795,0,2026-08-25 06:31:48
2024-01-10 16:27:00,CNC-01,L,299.14993179891565,313.9309241308788,1815.850057798512,44.754094888804325,81.95187438076522,2.483064756391451,14.904134279738203,0.0,0,2026-08-25 06:31:48
2024-01-10 04:20:00,CNC-01,L,296.62203095337645,,2268.492561281383,27.880041663571873,129.22991012368416,3.135243999617474,11.801877342765561,56.87612659162302,0,2026-08-25 06:31:48
2024-01-10 08:10:00,CNC-03,H,295.8789325270992,310.07174051309266,1473.0928172360846,47.47174887284895,122.95131244555884,2.305579708063551,12.988642527903208,62.76202878823233,0,2026-08-25 06:31:48
2024-01-10 08:03:00,CNC-03,H,295.7369017007923,310.17503078187843,1624.847538988894,47.24567262371748,112.48179266512093,2.3787970024465,14.317147900588594,55.51035659352398,0,2026-08-25 06:31:48
2024-01-10 23:59:00,CNC-01,L,298.8130363498121,312.07561154976236,2428.6458416511614,22.23300719619459,174.4057551278238,3.5289689083097624,9.83120802111728,58.23483734238144,0,2026-08-25 06:31:48
2024-01-10 20:44:00,CNC-03,H,26.73058658266814,40.009491285603985,2585.642352627838,20.150812123403448,224.2729507923113,3.829278571046936,9.88726013941843,53.07111095050116,0,2026-08-25 06:31:48
2024-01-10 13:25:00,CNC-02,M,296.5309601011242,311.7738303312192,1378.2087113997195,54.463383893918056,236.07093744465328,3.105195008887219,13.907703945952596,54.380085593877595,1,2026-08-25 06:31:48
2024-01-10 11:40:00,CNC-03,H,297.0654011779434,312.0609382402538,1479.6770692679424,50.95729767400568,216.7577571810359,2.85695268867321,13.875533293338414,59.29300382578356,0,2026-08-25 06:31:48
2024-01-10 10:57:00,CNC-03,H,296.9386934225941,310.903063595771,1274.419297841942,49.39748950948092,148.44898414124145,2.134152716739096,11.81022406381652,57.78159213029859,0,2026-08-25 06:31:48
2024-01-10 19:09:00,CNC-03,H,300.1268413217744,313.5285400295802,2185.739681352704,27.24058918540501,110.33767935652665,2.9337105274611757,11.060107976567604,48.09461493817786,0,2026-08-25 06:31:48
2024-01-10 20:55:00,CNC-03,H,27.075543989822904,40.99125787518557,2468.9792007130736,24.186931827135496,236.91356042593713,3.768510778989623,11.14653221650078,52.76822082230727,0,2026-08-25 06:31:48
2024-01-10 16:59:00,CNC-01,L,299.2821202099497,313.8866960635082,1946.1366591059825,37.20431882438063,126.9627143273455,2.7874368207973492,13.41762607846131,55.1735644839284,0,2026-08-25 06:31:48
2024-01-10 22:55:46,CNC-03,H,299.58220358955043,312.75809491240176,2601.831223673376,22.06256629202492,125.77880993975467,3.2611745879427305,10.783686941776887,50.04221158649782,0,2026-08-25 06:31:48
2024-01-10 04:57:00,CNC-03,H,296.1755100095389,310.11729818323204,2096.441443845401,31.46013627262471,113.69832271141885,2.741639650758436,12.253237247037587,60.871911016279206,0,2026-08-25 06:31:48
2024-01-10 16:20:00,CNC-02,M,298.5825386242784,313.74353901385194,1808.0892704632647,40.88707972185742,244.23963201999408,3.5628216380798508,14.090906829294683,54.64528395938585,0,2026-08-25 06:31:48
2024-01-10 08:32:00,CNC-01,L,296.2162409542495,309.7547304774553,1709.2678036822647,39.496390180298015,22.25487625372118,2.3823860842799727,12.6372063533485,56.889642870895216,0,2026-08-25 06:31:48
2024-01-10 01:41:00,CNC-02,M,297.87090058274094,311.3867255038614,2742.703717613991,19.761132242412273,164.15035971956752,3.6695122500717394,10.215388594217707,58.96295231352454,0,2026-08-25 06:31:48
2024-01-10 10:20:00,CNC-02,M,295.69628662282986,310.1799710621958,1465.971462190908,47.86750930179499,192.01547934479058,2.7099242121311313,13.107040529331027,61.318733848322516,0,2026-08-25 06:31:48
2024-01-10 07:05:00,CNC-01,L,296.0752488471746,310.26294049956414,1814.2719632665282,38.387243750954475,106.50719214428153,2.6004376646109946,12.961907903829509,59.60789113267331,0,2026-08-25 06:31:48
2024-01-10 13:24:00,CNC-02,M,296.9465041106296,312.7279883220048,1568.9245206449912,51.99874524353317,234.4709374446533,3.2435959131891487,15.635889937475744,54.8908331515743,1,2026-08-25 06:31:48
2024-01-10 20:41:00,CNC-03,H,26.74917224421489,40.93057986147676,2541.7585010761104,25.989144630388697,220.90092063015516,3.798537631736561,12.263513139906506,60.96027011220255,0,2026-08-25 06:31:48
2024-01-10 09:27:00,CNC-02,M,296.182416836608,310.3921343039795,1339.5944059608964,50.97693253634973,109.20612153504595,2.0398473592832302,13.075292417141473,62.307786027991845,0,2026-08-25 06:31:48
2024-01-10 11:06:00,CNC-01,L,296.5756508617212,310.9460715511279,1381.3190959280232,52.51536855321546,38.087852985992356,1.9929933437472849,13.542102991194865,59.86407448054969,0,2026-08-25 06:31:48
2024-01-10 00:39:00,CNC-02,M,298.5430154215501,311.08019731600643,2599.381813749726,18.339868016021562,97.71476978681692,3.233940587436658,8.892373303857498,47.19038589307522,0,2026-08-25 06:31:48
2024-01-10 09:25:00,CNC-03,H,296.16763028508404,310.69373275924687,1588.1522623617225,50.82658688248485,4.621104157960827,2.1323051375090336,15.153138652713233,62.228758631653044,0,2026-08-25 06:31:48
2024-01-10 08:06:00,CNC-01,L,296.2095931485266,310.5623521081893,1645.0511280218402,41.77917305265251,194.34271215874438,3.0770392814499234,12.977984236654535,57.20245348044402,0,2026-08-25 06:31:48
2024-01-10 17:32:00,CNC-02,M,299.1299924310859,313.1316900795948,2021.1755191236107,32.006609878629135,86.7774614557929,2.5514085591848237,12.214757727824145,51.43403417345483,0,2026-08-25 06:31:48
2024-01-10 11:50:00,CNC-02,M,301.8738095557223,309.8712229404686,1330.2650592766993,50.66368942463266,85.476065619285,1.994702724601742,12.668995161272157,49.2168534224862,1,2026-08-25 06:31:48
2024-01-10 20:36:00,CNC-02,M,25.688790076904354,38.86573916122853,2274.3306316413928,24.53057968691107,70.17457742693357,2.9140566982562546,10.200956740857055,54.26912936542642,0,2026-08-25 06:31:48
2024-01-10 02:42:00,CNC-03,H,297.67397670972053,310.85611917089886,2630.7303860426377,19.76864140227901,183.89964329098262,3.6707974470285145,10.079012590353841,56.998041250379686,0,2026-08-25 06:31:48
2024-01-10 08:03:00,CNC-01,L,296.10481495653084,7094.903305552867,1735.557772490169,40.70752742361963,189.9726487998586,3.063949579211771,13.496258415094838,57.70827353724318,0,2026-08-25 06:31:48
2024-01-10 11:37:00,CNC-03,H,297.24129009599636,312.1388744166182,1387.324489203974,52.68763163500821,212.00412698947812,2.621070078713381,13.630245512173408,,0,2026-08-25 06:31:48
2024-01-10 19:04:00,CNC-02,M,299.15843561821464,314.06091243483826,2313.0445061850014,30.752637672585795,206.79131621363894,3.616470401524668,13.320291657932165,50.50226384363434,0,2026-08-25 06:31:48
2024-01-10 10:50:00,CNC-01,L,296.5998596061763,310.46077640113396,1345.7068989018753,52.57791297011449,12.775683525561917,1.9630705783568758,13.090498934352455,57.37360896576306,0,2026-08-25 06:31:48
2024-01-10 06:33:00,CNC-03,H,295.89725904747905,310.9977717610185,1924.0708494356134,38.73837303155126,239.44522218855604,3.471187257884792,14.065961223273634,58.41208556337767,0,2026-08-25 06:31:48
2024-01-10 19:28:00,CNC-02,M,299.12150439342867,314.08090391556277,2332.6664859988773,30.309008070497626,236.99394370649776,3.851105465007181,13.009497857227151,52.32363912877406,0,2026-08-25 06:31:48
2024-01-10 20:29:00,CNC-01,L,26.643408621762887,40.751383607369576,2433.034646291155,28.194866846021846,161.91313360870575,3.4254656182113816,13.007684616938722,51.71517507774823,0,2026-08-25 06:31:48
2024-01-10 02:14:00,CNC-01,L,297.6935579151069,311.88080628917186,2421.1797288669436,27.134940998760985,185.2298789434281,3.5203994542213963,12.311348086252568,58.62712711583482,0,2026-08-25 06:31:48
2024-01-10 02:17:00,CNC-02,M,297.8690126526559,311.11971904032964,2616.881202634447,21.305010224248665,203.3339558843779,3.846729354391574,10.180549989663728,54.4405672454361,0,2026-08-25 06:31:48
2024-01-10 22:36:00,CNC-01,L,299.70769127631513,311.6713960218718,2600.2172739717016,16.54838418130359,85.95220760563747,3.1647281761909802,7.71883611572566,51.37661441453972,0,2026-08-25 06:31:48
2024-01-10 10:40:00,CNC-03,H,296.80541151701505,310.91457451009643,1373.0630550149049,49.75424296665583,121.59711795465807,2.133151383011392,12.884124002088281,53.21940532663848,0,2026-08-25 06:31:48
2024-01-10 00:05:00,CNC-02,M,298.8836391396153,310.3750562821705,2782.609752986459,13.854407681158545,61.505209669602934,3.3148138677632617,7.1583441947527655,50.65360117807603,0,2026-08-25 06:31:48
2024-01-10 04:13:00,CNC-02,M,296.68815594993254,310.4023893727117,2304.2794545178153,26.776280212022247,112.40865280454193,3.017931723123726,11.532417537267152,58.3426073395747,0,2026-08-25 06:31:48
2024-01-10 09:08:00,CNC-03,H,295.9584058398472,311.480663908091,1635.1694663498386,50.2193249004619,209.85930173939383,2.922211555371485,15.658268452687697,60.239050169421084,0,2026-08-25 06:31:48
2024-01-10 19:25:00,CNC-02,M,299.19105890037827,314.0969853047781,2307.0120952021516,29.373679327702522,233.1915260788787,3.856875267293173,12.785969617144353,53.092141125270636,0,2026-08-25 06:31:48
2024-01-10 04:23:00,CNC-01,L,296.57478879058846,309.60782244174976,2430.5674132449667,22.924251241802445,132.74845962314853,3.2567777519268413,10.375172682391316,54.99854673504089,0,2026-08-25 06:31:48
2024-01-10 08:30:00,CNC-02,M,295.9545986792096,309.7679407617234,1617.3793725347932,41.82826728404656,22.378508990873648,2.2552547868961472,13.067973848727778,53.93977438680684,0,2026-08-25 06:31:48
2024-01-10 04:04:00,CNC-02,M,296.72161666818926,310.85284882584045,2214.652975716158,30.581219181911607,101.65396025530549,2.922588609841439,12.727501027666316,54.19389695364574,0,2026-08-25 06:31:48
2024-01-10 22:35:00,CNC-03,H,299.5978641490269,312.3962130474433,2647.3447686494897,19.5430190989861,103.01572581000539,3.2780785989472605,9.686790503669847,50.34557661400827,0,2026-08-25 06:31:48
2024-01-10 14:22:18,CNC-02,M,297.1349459481518,311.45879792523994,1341.8295976803379,53.14265383438671,65.58706870127504,2.007884676251411,13.581785125008615,60.53523810989925,0,2026-08-25 06:31:48
2024-01-10 01:54:10,CNC-02,M,298.0142501106294,310.2650675908241,2714.0157023692323,14.887304613571242,178.2981005359889,3.692848863997568,7.407513383811032,55.62055062543567,0,2026-08-25 06:31:48
2024-01-10 05:48:00,CNC-03,H,295.920809830785,309.9409896425462,2117.3371411925586,31.698706467727042,179.11820976416607,30.759635971907624,12.364305179057455,59.94266193448156,0,2026-08-25 06:31:48
2024-01-10 00:21:00,CNC-02,M,298.5965585633211,310.3613078543193,2658.2398664727593,14.282983548829094,78.42427198052616,3.1816612573512475,7.063224668269359,55.90775465207913,0,2026-08-25 06:31:48
2024-01-10 20:49:00,CNC-01,L,26.96492679157609,40.38845179580221,2538.7541880107074,21.484856132931785,184.92907943196104,3.675866658863702,10.46876536244528,52.804967030278874,0,2026-08-25 06:31:48
2024-01-10 02:38:00,CNC-03,H,298.14368822177886,311.63141752888663,2514.453401746788,23.14666191955757,179.43148680039184,3.402971078366434,10.844696096105178,58.89023607575943,0,2026-08-25 06:31:48
2024-01-10 06:04:00,CNC-02,M,296.008811039795,310.1752829354467,2022.897765683304,34.8547185906205,27.95679681181948,2.7322026098128798,13.30413674274182,61.725145646339854,0,2026-08-25 06:31:48
2024-01-10 23:29:00,CNC-01,L,299.0933922437445,311.92226257877735,2646.68824918719,17.48968476790084,142.57352316244905,3.4393684048383406,8.548028044505383,54.85916064156156,0,2026-08-25 06:31:48
2024-01-10 22:38:00,CNC-03,H,299.7071852664035,312.3269753098725,2645.252567923196,18.425458814663006,106.20011036577074,3.244540029777809,9.189372906217066,51.80692136556402,0,2026-08-25 06:31:48
2024-01-10 18:12:00,CNC-03,H,299.94529214323217,313.2160111861829,2118.8817260085534,27.99576848014652,37.33436188188665,2.7829455329172728,11.136477434125887,50.65992846831898,0,2026-08-25 06:31:48
2024-01-10 20:31:15,CNC-01,L,26.90379722033117,40.86620070880491,2418.9545321690075,26.208895703409425,164.2789551262533,3.384627505208873,11.980464141460116,54.70127324266835,0,2026-08-25 06:31:48
2024-01-10 05:54:00,CNC-03,H,296.0714523576959,311.2148077208921,2193.850483634295,35.01855357925544,186.97790801158382,3.166420796968959,14.340971129547913,57.60368919667457,0,2026-08-25 06:31:48
2024-01-10 23:04:00,CNC-03,H,299.5935178650436,312.02693807331957,2571.6074943546346,18.838761426446034,134.43515005643957,3.1785247008140884,9.002605776868208,53.37514404141879,0,2026-08-25 06:31:48
2024-01-10 12:37:00,CNC-03,H,297.6797205948626,,1405.840078792631,50.120965378675116,33.14968308426912,1.9343390551978183,13.191253893319454,56.1736906270115,0,2026-08-25 06:31:48
2024-01-10 18:14:00,CNC-02,M,298.82896291380786,313.0864495918421,2045.4522614559164,33.175388587238196,142.90130459564432,2.8386833080887475,12.953325306501679,56.7231291527381,0,2026-08-25 06:31:48
2024-01-10 06:01:00,CNC-01,L,295.81340527326927,309.1548531486898,2027.3298536893606,31.341430800837085,18.581287480903878,2.6524049725306997,11.808990901397907,60.568923668058126,0,2026-08-25 06:31:48
2024-01-10 21:27:00,CNC-03,H,27.081215437568005,39.709996875190996,2569.9176844004364,20.312655909798313,28.497234332866224,3.269364323852754,9.998811486507364,52.14225693164978,0,2026-08-25 06:31:48
2024-01-10 06:50:00,CNC-01,L,295.97595609256024,310.2403471759799,1879.7026861593274,37.60843444096485,85.42353558885394,2.592758579904994,13.441475441418273,57.28323435484201,0,2026-08-25 06:31:48
2024-01-10 15:19:00,CNC-02,M,297.84543016675474,312.4733455834216,1465.361875695436,49.515958574112,154.30879522137266,2.432797180390084,13.32885447304149,54.77482958616053,0,2026-08-25 06:31:48
2024-01-10 17:30:21,CNC-01,L,299.7380957984077,314.36502570186053,2007.4105874506656,36.74532625121325,171.13458813291288,3.1240361551769658,13.64196240849101,52.53685499870393,0,2026-08-25 06:31:48
2024-01-10 11:22:00,CNC-01,L,296.93617174161506,311.1495529015863,1318.1997560056354,54.0819285905172,63.495031320426804,2.0191535400889458,13.297363885149005,52.0850392627208,0,2026-08-25 06:31:48
2024-01-10 17:15:00,CNC-01,L,299.586136728395,314.43309587466734,1848.069862159509,40.51878688305151,149.4838925319179,2.7758288868105154,13.715762344267457,51.04938378530605,0,2026-08-25 06:31:48
2024-01-10 06:53:00,CNC-03,H,295.83374623321725,310.3921123922485,2044.4235626456145,38.21124947544941,12.270631903033417,2.638468028478576,14.579297539511602,58.187519326359606,0,2026-08-25 06:31:48
2024-01-10 03:42:00,CNC-03,H,297.1090282447358,309.7430249049084,2518.535192215393,21.473529434229842,22.21562024101034,3.0669347062505103,10.063723285604809,54.427613332358106,0,2026-08-25 06:31:48
2024-01-10 12:20:00,CNC-03,H,297.4352234135493,311.30839233960086,1508.1919245697238,47.263276539625096,6.284541481716859,2.251356470113003,13.24855570978199,51.951334398541654,0,2026-08-25 06:31:48
2024-01-10 15:09:00,CNC-03,H,298.7082361591502,312.5328951065144,1656.9764917133887,44.68856246219446,1.5126633545903667,2.278241518322654,14.280056519928651,51.0839825495544,0,2026-08-25 06:31:48
2024-01-10 08:22:00,CNC-01,L,296.4525325832322,309.6248454481175,1641.438363200933,38.52500888424761,7.477204075356414,2.263850823067397,11.897341585837973,57.42996691084905,0,2026-08-25 06:31:48
2024-01-10 03:27:00,CNC-01,L,297.21516118045497,309.8645413023497,2463.1683317321867,22.527561797928836,66.28430851486279,3.018003356031706,10.478869771451508,57.37447992790899,0,2026-08-25 06:31:48
2024-01-10 02:46:00,CNC-02,M,297.6219976515453,309.4611667790517,2575.3019958363475,18.27643634134509,11.218110889432653,3.1610657854773603,8.930849232571923,51.783085840729335,0,2026-08-25 06:31:48
2024-01-10 01:03:00,CNC-03,H,303.9634463135683,309.62160587198076,2731.2672105942297,13.792334333039614,75.62467155669782,3.2747478587740306,7.061956040772487,47.29903824628594,0,2026-08-25 06:31:48
2024-01-10 08:14:00,CNC-01,L,296.37121578984517,310.70859076013033,1616.8706259089965,42.29981984891391,206.09932427300816,30.790064042531544,12.574473446589556,60.5190752808555,0,2026-08-25 06:31:48
2024-01-10 00:01:00,CNC-02,M,299.1263773580786,311.41964500730916,2681.4413013471726,17.630485177062738,57.31608865870284,3.2431819016258414,8.954228225165599,52.11295359742298,0,2026-08-25 06:31:48
2024-01-10 16:00:00,CNC-02,M,298.2223179720102,313.42648802970643,1740.517187012425,43.869609632052146,215.20108183258003,3.309267903268702,14.084388009241318,55.5036349207324,0,2026-08-25 06:31:48
2024-01-10 10:11:00,CNC-01,L,296.4847986911843,311.3317060324846,1493.7399930848994,51.72200284470648,174.21262390905028,2.711793401038922,14.71191557392143,60.17911694873547,0,2026-08-25 06:31:48
2024-01-10 08:12:00,CNC-03,H,295.79378103881913,310.0304910475348,1771.2986563500876,40.277087688707915,125.87167658600526,2.4412959846628177,13.01753892463774,58.00744905372412,0,2026-08-25 06:31:48
2024-01-10 00:11:00,CNC-02,M,298.73528969317516,310.30603091455885,2658.739058797096,13.485709690347074,67.86906486415876,3.280583081603154,6.842278076405481,54.661428922394116,0,2026-08-25 06:31:48
2024-01-10 21:17:00,CNC-01,L,26.620523839878842,40.09451049892266,2576.995646772178,20.77394638361678,216.98197243617506,4.1998787784068865,10.30167281634967,50.38880724873976,0,2026-08-25 06:31:48
2024-01-10 13:58:00,CNC-02,M,296.9224456699966,310.723451490354,1441.7552970004974,46.744476475327076,29.74687811632228,2.0848053103339947,12.36063674702116,57.4308403337477,0,2026-08-25 06:31:48
2024-01-10 16:24:00,CNC-02,M,298.8278412886983,313.9772584434644,1745.6340650696645,42.48677660818006,,3.76073224978467,13.812009059217457,50.03272146613469,0,2026-08-25 06:31:48
2024-01-10 17:33:00,CNC-01,L,299.56445799832926,313.61821427614876,1933.7954984908363,34.15894650281207,5119.902188317931,3.0858006444094466,,48.18731952909278,0,2026-08-25 06:31:48
2024-01-10 20:11:30,CNC-02,M,25.87492049971428,38.12566401275575,2432.864204031108,18.295415208239937,40.67357266181716,2.9179597387275193,8.389352673575617,52.48450037837798,0,2026-08-25 06:31:48
2024-01-10 15:45:00,CNC-01,L,298.58705885866317,312.4690767618715,1705.3370394916092,42.83532156415908,20.678335441338636,2.258344092961658,13.626824980176261,50.93283785942029,0,2026-08-25 06:31:48
2024-01-10 19:31:00,CNC-01,L,300.15714173474765,313.41574664992356,2247.923610658228,26.488134901624345,92.52391824830447,2.871300626287568,11.20978970767537,53.67445822003274,0,2026-08-25 06:31:48
2024-01-10 09:07:00,CNC-03,H,296.2407749565959,311.2555286033732,1524.3960754214922,49.62162949138437,208.34430819619504,2.665051960916988,14.243233432573167,55.460236166172045,0,2026-08-25 06:31:48
2024-01-10 06:58:00,CNC-02,M,295.63617992222055,309.7668310251287,1843.717494150351,36.26632735557627,101.59216486228802,2.5687697061699644,12.666585852634647,56.153659757230635,0,2026-08-25 06:31:48
2024-01-10 21:35:00,CNC-02,M,298.7843716221085,311.5731476817322,2548.176573398817,18.636104760808635,137.23421910929216,3.3259122874137894,9.014323155356115,56.000864227239134,0,2026-08-25 06:31:48
2024-01-10 18:54:00,CNC-01,L,299.8750679938368,313.30550153267916,2279.999840696842,26.665889645641354,46.506116777520944,2.8888204917018996,11.383678000171528,51.46960159818046,0,2026-08-25 06:31:48
2024-01-10 21:23:00,CNC-03,H,26.850593785044282,37.752050005850776,2592.528834717919,12.028733730073277,23.96625823549533,3.194377183181189,6.070554310727374,49.151054129904374,1,2026-08-25 06:31:48
2024-01-10 19:39:00,CNC-03,H,300.0515315608083,314.0045981725227,2249.7739957622002,28.402769329595042,147.3658482358553,3.0007574112680584,11.790633113117073,51.16111597438167,0,2026-08-25 06:31:48
2024-01-10 12:39:00,CNC-02,M,296.48827508101454,311.28381131188206,1364.4941576657682,54.75739750057728,163.3453919402355,2.4380651619871316,14.255184603028386,64.47737066848391,0,2026-08-25 06:31:48
2024-01-10 18:41:00,CNC-03,H,299.92605948091034,313.5810020581585,2082.5216726247745,31.020632981407154,75.04958209592539,2.6861580503081917,12.327931447796537,51.77524410579563,0,2026-08-25 06:31:48
2024-01-10 13:59:00,CNC-02,M,297.0237520466925,310.6829122619121,1385.804934434211,46.32440366054337,31.319424274447844,2.1041231518680297,12.061683198806396,55.218007223139374,0,2026-08-25 06:31:48
2024-01-10 10:27:00,CNC-01,L,296.59420691335913,311.19845844911333,1589.75111015062,44.64407246274781,199.33880387864195,3.10720744036424,13.513961313117777,59.65122093340014,0,2026-08-25 06:31:48
2024-01-10 16:53:00,CNC-03,H,299.7404687242526,314.64919853350676,1874.9745484433297,40.76662875196271,153.62564843502295,2.7484142927753297,14.302384487563506,49.648438567636745,0,2026-08-25 06:31:48
2024-01-10 18:41:00,CNC-01,L,299.96129591233995,313.76541021870827,2129.927174953535,32.26559165536302,30.003849427135304,2.7181700998716,13.186661640894819,51.80562414568381,0,2026-08-25 06:31:48
2024-01-10 22:23:00,CNC-03,H,299.915505079242,311.8076046319671,2735.8164359311036,,90.03457267996785,3.266152404076795,7.382626479566769,56.19098890800631,0,2026-08-25 06:31:48
2024-01-10 20:23:00,CNC-01,L,27.055382184796315,40.68997583017051,2408.226957593648,24.77778884308079,154.78388273567595,3.4915693940472856,11.133691342455004,49.65225186143127,0,2026-08-25 06:31:48
2024-01-10 15:33:00,CNC-01,L,298.6914175473174,312.45957559701486,1538.782359197688,45.97849921458601,3.0243024263947333,2.2984233249003516,12.978110872471825,55.09040691561911,0,2026-08-25 06:31:48
2024-01-10 04:33:00,CNC-03,H,296.54449484528493,309.14714310198036,2273.628902366427,21.58287846586101,83.58999169311451,2.950479533859938,9.36770828894859,60.24347923632943,0,2026-08-25 06:31:48
2024-01-10 16:48:00,CNC-01,L,299.308001231539,313.76034401724723,1856.965697232317,39.04816669765801,111.64789203324985,2.5247119878814273,13.49667015828091,51.05697718101427,0,2026-08-25 06:31:48
2024-01-10 11:23:00,CNC-01,L,296.8484233449396,311.2456355528718,1393.7755765186619,53.94209974263044,65.0950313204268,2.032021209921532,14.225219257948291,55.248812776919735,0,2026-08-25 06:31:48
2024-01-10 10:56:00,CNC-03,H,296.7491974844229,311.01306701315514,1344.2212892315754,51.49437253420944,146.84898414124146,2.162334483899649,13.286896569816209,55.28750515762349,0,2026-08-25 06:31:48
2024-01-10 00:17:00,CNC-01,L,298.95381661495503,310.0130035250797,2728.566074300266,11.734962038606394,58.83308299828271,3.3000912327491503,5.9391181999621585,53.09044360519017,1,2026-08-25 06:31:48
2024-01-10 18:50:00,CNC-02,M,299.141905740627,313.645875459073,2176.6577836111132,31.801163892526766,189.17760934680976,3.3147123319801226,12.898002984034903,51.35820666654324,0,2026-08-25 06:31:48
2024-01-10 02:10:00,CNC-03,H,298.094033585135,310.60408217239745,2544.884210552467,18.530669924473965,148.4529397477621,32.57657937602412,9.022865271410847,,0,2026-08-25 06:31:48
2024-01-10 21:10:00,CNC-02,M,25.660101007028686,38.45989866565111,2568.9086550786665,19.275483470720935,109.1413390163302,3.2377840127387265,9.391634065067983,51.14955527729673,0,2026-08-25 06:31:48
2024-01-10 13:02:00,CNC-03,H,297.82910435648165,311.75113843128344,1320.6333911016095,53.2028731197517,72.881536600358,2.09386548232088,13.09411644374881,54.1950040375239,0,2026-08-25 06:31:48
2024-01-10 20:33:00,CNC-01,L,26.717991931405038,40.37876879090095,2454.1723670365614,24.732065165747763,166.64434881551693,3.475078311189766,11.400303229612774,51.50420354963556,0,2026-08-25 06:31:48
2024-01-10 00:08:00,CNC-03,H,298.74594163207223,309.5966217029328,2624.534128468491,11.907054899153778,16.98667055759587,3.2226491901162255,6.0122948929556825,57.86569601319218,1,2026-08-25 06:31:48
2024-01-10 14:52:00,CNC-02,M,297.35656059069146,312.3258943944585,1626.2030917805553,47.408231669526266,113.36745874585317,2.3210753284143197,14.532121085711747,51.66689772883994,0,2026-08-25 06:31:48
2024-01-10 07:01:00,CNC-01,L,295.9613756139677,310.8358668949889,1901.2910984232053,42.42118276061811,100.88559484797001,2.696739785707801,15.071301558698442,59.53819291866568,0,2026-08-25 06:31:48
2024-01-10 04:55:02,CNC-03,H,296.47296058051734,310.4992462525643,2140.860927296642,30.99631936915256,112.42726056296057,2.7574390383828637,12.419796739213737,55.87456321815862,0,2026-08-25 06:31:48
2024-01-10 08:57:00,CNC-02,M,295.6268867819387,309.6563580620238,1504.2736313146506,45.58042789905986,63.24881044823873,2.2556293867209893,12.720151202149909,61.207655205330184,0,2026-08-25 06:31:48
2024-01-10 08:16:00,CNC-02,M,295.6942646474934,309.6059385107164,1691.9230749076908,41.09872089982568,1.473711107310592,2.233284854432982,12.98242485986529,60.99091639194374,0,2026-08-25 06:31:48
2024-01-10 05:47:00,CNC-02,M,296.3752289638576,310.314436464909,2002.8182241323345,34.572586293494155,5.3360393228439875,2.6702563243376964,13.154589304837392,61.14073821916511,0,2026-08-25 06:31:48
2024-01-10 02:27:00,CNC-01,L,297.87536513541863,311.3401118678144,2586.1904005824695,22.40187847068926,199.76735661095378,3.9283844664225307,10.928622595459553,52.45598717227334,0,2026-08-25 06:31:48
2024-01-10 11:52:00,CNC-02,M,301.7276190906472,309.528532492787,1416.7184601624297,45.937856315150846,0.0,2.043612391375537,12.253891598024149,49.865479755988765,0,2026-08-25 06:31:48
2024-01-10 10:20:42,CNC-01,L,296.58043760103845,310.82410048554095,1347.5658845530834,50.89297817917163,188.3888554278128,2.741986382311738,12.744516986042134,57.44746031398783,0,2026-08-25 06:31:48
2024-01-10 14:33:15,CNC-03,H,298.6135556888287,314.2549389534487,1631.163125934926,51.00111592110341,215.4988550173541,2.9455918744890828,15.3807637357723,53.899473607500774,0,2026-08-25 06:31:48
2024-01-10 06:53:00,CNC-01,L,296.2282487795755,310.47320283708353,1924.0049689473663,38.87750801425221,89.64454041398675,2.532407999199446,14.140050953335694,58.789179396717515,0,2026-08-25 06:31:48
2024-01-10 23:09:00,CNC-01,L,299.3555299879377,312.26092643156704,2627.2456240429187,19.224436112987142,121.34355027568377,3.3108352239918464,9.590489349465528,51.665573002628385,0,2026-08-25 06:31:48
2024-01-10 18:39:00,CNC-01,L,299.9375553642647,313.265122862275,2044.135312075395,30.78677007454581,27.474303759752967,2.7060920571866176,11.790752263826143,52.84658419709615,0,2026-08-25 06:31:48
2024-01-10 22:14:00,CNC-02,M,298.5193463953439,311.39700314287177,2744.2628508431053,16.405452498236286,180.13915323994445,3.7326429273412347,8.20581880213771,55.224084164731245,0,2026-08-25 06:31:48
2024-01-10 11:25:00,CNC-02,M,301.333294498673,309.40493991749656,1495.9330906395458,48.541467202219444,45.776216747471324,2.1388493883166437,13.729230642650045,50.4810985559466,0,2026-08-25 06:31:48
2024-01-10 16:42:00,CNC-01,L,299.2568359079615,313.89021038556143,1908.9666387976838,39.85747019310136,103.28817876422728,2.7167514807650406,14.294668065884512,54.0289174054908,0,2026-08-25 06:31:48
2024-01-10 02:28:00,CNC-01,L,297.50625300448183,0.0,2728.508932316163,20.934095806406447,200.83130251088443,0.0,10.568194516350177,57.739104120650985,0,2026-08-25 06:31:48
2024-01-10 10:55:00,CNC-01,L,296.5310636015542,309.7898679552327,1317.5546319066627,47.62861395912936,20.681126662990902,2.0790482900510847,11.976398618879506,62.27918123669937,0,2026-08-25 06:31:48
2024-01-10 00:48:00,CNC-02,M,298.7246679983069,311.19403199101686,2645.139394652216,17.277026475267895,107.29108221107894,3.474093416435829,8.549806763525329,53.95611227678716,0,2026-08-25 06:31:48
2024-01-10 05:58:00,CNC-01,L,296.22725818260415,310.1624725854133,1978.8605965650052,36.713630281085116,14.656786780308233,2.6120812221620744,13.494798455660613,56.77322897684022,0,2026-08-25 06:31:48
2024-01-10 12:04:00,CNC-02,M,301.823100576868,310.60164301138275,1401.7430997923645,54.43978919372165,107.76592801794642,2.153287608586472,14.437306630133339,48.42204336988726,0,2026-08-25 06:31:48
2024-01-10 01:48:00,CNC-03,H,298.1632217541397,310.5516181745238,2664.7788085407683,17.14314630862594,124.12273527330653,3.257490005118331,8.566011706555189,56.47993360770699,0,2026-08-25 06:31:48
2024-01-10 19:52:00,CNC-03,H,27.23846743968022,41.61038929366248,2424.078139388008,28.42959207706335,162.9179654424591,3.215342015966891,12.92961928274476,50.82277088532612,0,2026-08-25 06:31:48
2024-01-10 10:48:00,CNC-02,M,301.1249275171896,310.5081326358705,1489.4259840459617,51.631425639671356,236.21064397590132,3.1862153897030256,14.373806201576452,46.2500380098807,1,2026-08-25 06:31:48
2024-01-10 02:56:00,CNC-01,L,297.32435612139267,310.28494781387485,2533.5221551946966,23.07098982229109,30.56467494629409,3.0664434231179354,10.980975805891273,55.15307893711553,0,2026-08-25 06:31:48
2024-01-10 17:00:00,CNC-03,H,299.6754899614034,314.4771729958422,1772.7050974691242,42.32372999698445,163.5732594568701,2.661227864921529,13.788314813174308,48.60903066560829,0,2026-08-25 06:31:48
2024-01-10 14:16:00,CNC-02,M,297.19760759898634,311.36335037673655,1457.76034873129,47.97246638359827,57.78545740203121,2.255518172518578,13.04071632193465,59.02993809079193,0,2026-08-25 06:31:48
2024-01-10 02:06:00,CNC-02,M,297.5969476367466,311.2005358450625,,22.02243558013843,191.22208359052576,3.765787166135281,11.11575922668104,54.68964308122162,0,2026-08-25 06:31:48
2024-01-10 14:58:00,CNC-02,M,297.6409286670957,312.74040807803425,1686.886722223379,45.8156271164398,122.58264243758981,2.5411402416063904,14.443278364177397,56.095974518615456,0,2026-08-25 06:31:48
2024-01-10 11:43:00,CNC-01,L,296.63471174214897,310.8562868579335,1314.6386549604672,51.386256128446185,96.67411814791922,1.981983360471369,12.545570927606516,54.12758789916295,0,2026-08-25 06:31:48
2024-01-10 09:30:00,CNC-03,H,296.2394547643799,310.51602029420485,1416.311675197062,52.2727980187072,12.322820080918685,2.033312163119413,13.773550364349832,56.45137773650546,0,2026-08-25 06:31:48
2024-01-10 17:00:00,CNC-02,M,298.9576043811833,312.8510454010512,1738.573929998837,38.80161913577966,42.79916562738626,2.337710006886195,12.836931562307061,56.50376642902106,0,2026-08-25 06:31:48
2024-01-10 19:45:00,CNC-03,H,300.2077312273406,313.88276677745074,2300.3947251987115,27.526642627695065,154.545264793903,3.0769645273073625,11.808139182043625,52.31982889188961,0,2026-08-25 06:31:48
2024-01-10 13:05:12,CNC-03,H,297.7622865692931,312.08253889458126,1401.9566050350345,52.598282692367285,76.08153660035799,2.0491316909958486,13.71772830635651,54.90593702962132,0,2026-08-25 06:31:48
2024-01-10 06:56:00,CNC-02,M,295.724120944882,310.3024353915528,1909.748632536039,38.71963970560729,98.8122505745533,2.5234195359870726,13.569781156232148,60.2967982106844,0,2026-08-25 06:31:48
2024-01-10 13:35:00,CNC-02,M,296.6503825228474,312.1709720524125,1414.0826380037731,53.167948731767744,251.7406658832809,3.3691042895489782,13.931619923645455,57.64177811049617,1,2026-08-25 06:31:48
2024-01-10 16:00:00,CNC-01,L,298.8359313036125,312.47869358248784,1649.7664546290837,40.4695212180586,42.890105443908496,2.3075177365348094,12.322892170339962,50.33975133480474,0,2026-08-25 06:31:48
2024-01-10 04:43:00,CNC-02,M,296.6843394851496,311.1260037370055,2395.9649174462115,27.954355658695462,149.1976958808182,3.272538020895372,12.811170792745045,57.47281386232455,0,2026-08-25 06:31:48
2024-01-10 00:58:00,CNC-03,H,303.5904251355853,309.7353597406781,2637.0511796348515,16.298755306465058,70.12507034687518,3.2037164755136716,8.248676506680688,41.50321216120438,0,2026-08-25 06:31:48
2024-01-10 21:51:00,CNC-03,H,300.1296396268073,312.49553563636294,2635.1913219952035,18.20556433317739,55.15725713008709,3.1807435820124264,9.070440006845242,48.94084138760977,0,2026-08-25 06:31:48
2024-01-10 06:00:00,CNC-03,H,295.65561551266563,310.5854469417214,2102.8179185962167,35.06895133678461,194.97594504190272,3.339638076804384,13.811482448236019,62.33329529567362,0,2026-08-25 06:31:48
2024-01-10 06:14:00,CNC-02,M,296.1064600824873,309.6858118224118,1945.6481506689277,33.75852537328035,41.323330268760714,2.5896065314580663,12.062275000155848,53.25313310119419,0,2026-08-25 06:31:48
2024-01-10 21:12:00,CNC-02,M,25.62508298270086,38.9821407568009,2391.7699307204616,22.47441323272372,111.44864053142462,3.086474026415018,10.074142297663943,53.136369881002075,0,2026-08-25 06:31:48
2024-01-10 17:16:00,CNC-01,L,299.4757815243606,314.2576326789874,1898.569041681933,39.44057242483886,150.86207207838493,2.8121203895510583,13.957735382362866,51.31779508140685,0,2026-08-25 06:31:48
2024-01-10 10:10:00,CNC-02,M,295.71706294141666,310.47678096012567,1445.010482505175,51.04971800769534,176.36678679872705,2.4600093274019086,13.965181773349272,60.23747588131903,0,2026-08-25 06:31:48
2024-01-10 03:32:00,CNC-02,M,297.1233123313538,310.60496657694875,2538.274627412563,23.881685206031598,64.00297529650767,3.1635055139864554,11.385647181874983,58.84965228046946,0,2026-08-25 06:31:48
2024-01-10 10:21:00,CNC-03,H,296.31587354693664,310.44446453286696,1374.1086712405734,49.505668316956964,91.67944023599696,2.0967829498000117,12.801436709286028,57.41298649015748,0,2026-08-25 06:31:48
2024-01-10 18:59:00,CNC-02,M,298.9808007673131,313.6110504598469,2227.9484963471045,30.3966212209598,200.4864972525241,3.37159616668173,12.643377999402146,57.90908031649348,0,2026-08-25 06:31:48
2024-01-10 15:22:00,CNC-01,L,298.32979128546344,313.54881063216664,1536.281650107376,50.60006236883584,225.17149274062226,3.370226394695599,14.275580215162256,54.191667851969484,1,2026-08-25 06:31:48
2024-01-10 20:35:00,CNC-01,L,26.71872096567705,40.02844745039448,2546.371347122271,21.40082868102553,168.9014717881641,3.460371676454541,9.95639900213715,51.82683976684865,0,2026-08-25 06:31:48
2024-01-10 22:45:00,CNC-03,H,299.6869327496146,312.4988872647636,2689.421537777558,18.48330585891903,113.78201706244504,3.3134220532347998,9.110983864067085,51.96877283024062,0,2026-08-25 06:31:48
2024-01-10 13:59:00,CNC-01,L,302.9887806495563,311.2316598757664,1484.199428511681,50.46479834911458,97.4191622080213,2.26831865634815,14.188923966496823,47.640301802428624,0,2026-08-25 06:31:48
2024-01-10 04:04:00,CNC-01,L,296.83969989621465,310.8826956027005,2234.209512462282,30.558542108197198,109.87005493541271,2.812563677266432,12.588767720786016,58.82592560759729,0,2026-08-25 06:31:48
2024-01-10 23:26:00,CNC-01,L,299.02473226170906,311.5236712889871,2672.969185158183,16.87031282515234,139.3600573423164,3.3706004476543416,8.641431645063449,52.60267066782742,0,2026-08-25 06:31:48
2024-01-10 08:23:00,CNC-03,H,296.0349896834941,310.7471871887104,1607.20318906389,46.28652668245867,142.18535914495428,2.4043554643453633,13.810327582502618,61.08002243422457,0,2026-08-25 06:31:48
2024-01-10 23:20:00,CNC-03,H,299.54549641744654,311.3047144028959,2759.911007395693,12.510614823462225,151.4400169759882,3.4791547969098042,6.280399710947468,50.31883821060569,0,2026-08-25 06:31:48
2024-01-10 02:46:00,CNC-03,H,297.8200141479416,311.0142864114851,2724.6498682821248,18.796852566526756,188.41853826991772,3.6233585630663967,9.572995795399784,52.76004723756383,0,2026-08-25 06:31:48
2024-01-10 09:18:00,CNC-03,H,296.2060673446996,310.90984618311063,1471.468132374562,47.695747736752246,225.10755381215398,2.906515507542994,12.949064042316907,58.71022570736067,0,2026-08-25 06:31:48
2024-01-10 19:41:00,CNC-03,H,300.1268326890679,313.8162929099028,2464.839526336809,24.161963119373702,149.79202317619695,3.206936873107032,10.947395933613983,52.65838875281077,0,2026-08-25 06:31:48
2024-01-10 22:46:00,CNC-01,L,299.3822451721262,311.2080883913094,2599.392955733766,15.852138364237774,96.57485277096416,3.271409600390452,7.909075832126299,50.802498566912405,0,2026-08-25 06:31:48
2024-01-10 08:07:00,CNC-03,H,295.920120875323,310.66557602147043,1712.2129570011664,44.6361444995761,118.37772179094813,2.3633104355950163,14.415383189504514,57.26174692485424,0,2026-08-25 06:31:48
2024-01-10 10:33:00,CNC-01,L,296.90602353866745,312.1803998889814,1404.3838628257813,57.28022452456587,208.86672916877097,2.9534181838989704,15.17908384204111,54.7394829211424,1,2026-08-25 06:31:48
2024-01-10 20:54:18,CNC-03,H,26.813162884095732,41.276030052993974,2567.101484573736,26.656436613150813,234.61225794061394,4.013992377310277,13.066265212306263,51.13469868046934,0,2026-08-25 06:31:48
2024-01-10 06:24:00,CNC-01,L,296.07277994816553,309.80965451459787,1949.4933879603336,34.381648096997836,49.43709264564157,2.532993268584159,12.465943223742169,57.79140517813983,0,2026-08-25 06:31:48
2024-01-10 08:24:00,CNC-01,L,0.0,310.0565127325314,44250.69603349509,42.255004019669094,10.371051046791678,2.2926645016222564,13.534434854385365,56.17133781149715,0,2026-08-25 06:31:48
2024-01-10 15:10:00,CNC-03,H,298.5042323134936,312.8171584184597,1605.588284914723,0.0,3.0407334289974313,2.2498518389620523,14.33525920381913,58.4655070098029,0,2026-08-25 06:31:48
2024-01-10 22:00:00,CNC-01,L,299.72062273145906,312.1690864560622,2408.8600600221425,21.578155803927924,46.52969094703815,3.043035267301989,9.80866292258849,52.09718408493683,0,2026-08-25 06:31:48
2024-01-10 23:34:00,CNC-03,H,299.83740280689807,312.4585831584949,2742.6729809006615,16.287843515102917,166.31311969388932,3.571818499328879,8.340742350781525,54.07190732462032,0,2026-08-25 06:31:48
2024-01-10 01:11:00,CNC-01,L,298.2261108025378,310.1808355402299,2683.7140993204575,15.172576188954114,116.54537983152048,3.485769696094317,7.305898989128208,55.2974918096604,0,2026-08-25 06:31:48
2024-01-10 10:34:36,CNC-03,H,296.4704781537455,310.7769292372491,1398.483618169856,51.280107430721635,113.67735764743746,20.236631763937375,13.439969393069743,60.610517354150566,0,2026-08-25 06:31:48
2024-01-10 08:49:00,CNC-01,L,296.3757990116106,310.21932036178566,1528.3357101470785,45.696480404529304,47.671191569057534,2.1019111748237362,12.933807403484368,58.708220030881705,0,2026-08-25 06:31:48
2024-01-10 08:04:00,CNC-02,M,295.77304046187237,310.5018404675541,1704.9209651430067,42.35506020747894,196.57090319117884,2.9167136374032054,13.450609290404287,60.71348793287825,0,2026-08-25 06:31:48
2024-01-10 14:24:00,CNC-02,M,297.04566543792157,311.3040918824723,1370.6434765578022,51.31375004819289,70.28839970796128,19.34212822724842,13.122287270397404,59.90242837884164,0,2026-08-25 06:31:48
2024-01-10 18:09:00,CNC-02,M,299.2002782024049,313.92052501079115,2020.4230763604214,36.89825249515691,136.28296173296488,2.824839716868311,,54.74761572861832,0,2026-08-25 06:31:48
2024-01-10 03:42:00,CNC-02,M,296.8112641297308,309.2825898234363,2446.0734418588418,20.151436489674655,75.57272700900423,3.0850824297027057,9.33931469550663,60.386527523303236,0,2026-08-25 06:31:48
2024-01-10 08:55:00,CNC-03,H,296.11584192376984,311.3938564435129,1536.1419020364133,51.48248756863148,190.212870292848,2.6940310932562035,14.79521440491763,56.00822139676748,0,2026-08-25 06:31:48
2024-01-10 10:12:00,CNC-03,H,296.7164460652672,311.1913211616541,1441.7343217772595,52.490782641867455,77.46976691364141,2.0950596148154603,14.42273402225997,57.567133975381715,0,2026-08-25 06:31:48
2024-01-10 00:55:00,CNC-03,H,303.6551603754606,309.58828081561614,2668.515671845372,15.16136353675922,66.93828452513596,3.1594910838439247,7.579285356807916,43.02554216371519,0,2026-08-25 06:31:48
2024-01-10 03:45:00,CNC-03,H,297.1260297898771,310.08006947043157,2346.1951428763496,23.698727539427427,25.775382067005346,2.871140567340486,10.522295153958071,54.72841497287466,0,2026-08-25 06:31:48
2024-01-10 19:28:00,CNC-03,H,300.22985117361884,314.66845989212885,2097.985100846659,34.05569876855173,134.0038951577443,2.8333388273087405,13.016055424112716,52.025689232315514,0,2026-08-25 06:31:48
2024-01-10 08:23:00,CNC-02,M,295.49256435031106,309.4807140124975,1701.6908122399395,40.976014559639964,11.878351595731125,2.3851344083958037,13.004777591868633,57.568340595216625,0,2026-08-25 06:31:48
2024-01-10 19:54:00,CNC-02,M,25.97131475995377,39.37427973443238,2199.5476234836797,27.691660763136547,20.585268334531133,2.7691629046648027,11.446383379057588,51.42883092508067,0,2026-08-25 06:31:48
2024-01-10 20:09:00,CNC-03,H,26.833121415807682,41.35057931950968,2411.078770872882,29.015785706735215,183.2082969608008,3.32274455304979,13.00632194661227,49.48438321796508,0,2026-08-25 06:31:48
2024-01-10 04:40:00,CNC-03,H,296.4628229009921,310.1248210852722,2249.780763348779,29.388236414256877,92.34352691413217,2.8679045836758617,12.240913659258714,54.37824948958773,0,2026-08-25 06:31:48
2024-01-10 18:47:00,CNC-03,H,300.08838477876185,313.49001458539135,2269.3552981371877,28.26855381207999,82.6585835812203,2.9646922270112426,12.059249451065623,52.21119467201155,0,2026-08-25 06:31:48
2024-01-10 21:08:00,CNC-01,L,26.80625438733108,40.26967238276484,2551.5336349080553,21.276700663327453,206.7026364712079,4.020455004233855,10.468033398900808,53.352170897933306,0,2026-08-25 06:31:48
2024-01-10 00:52:00,CNC-01,L,298.5670958970287,310.8704082989405,2811.823398239389,16.19535046620102,96.16485493516896,3.35080489432281,8.483891762871911,52.87767481706034,0,2026-08-25 06:31:48
2024-01-10 13:28:00,CNC-01,L,297.413934713219,311.2153698094207,1469.6748943450787,47.04865627244244,48.89586390407761,2.0870262010691967,13.136341083224837,53.329487198962894,0,2026-08-25 06:31:48
2024-01-10 02:35:00,CNC-02,M,297.76328256850064,311.6379700950837,2538.7539450498343,23.1185077774161,223.49311020604284,3.949573120665211,11.132839715442605,56.72817437637274,0,2026-08-25 06:31:48
2024-01-10 23:00:00,CNC-03,H,299.7934167328526,312.77544960904845,2585.299334479238,20.493289647671066,130.04256920754946,3.2146012478530595,10.043503561033464,50.80583108505067,0,2026-08-25 06:31:48
2024-01-10 00:53:00,CNC-01,L,298.7686506133233,310.0612746539457,2721.541502490924,11.75768932805466,97.21774178853649,3.3160898385271715,5.8028563180949915,57.40322357615442,1,2026-08-25 06:31:48
2024-01-10 06:25:00,CNC-02,M,296.0631201006082,310.0510753088845,1963.494045927486,35.02474032540094,56.2358879538958,2.5479752607281734,13.112365332758003,56.97362637701249,0,2026-08-25 06:31:48
2024-01-10 07:04:00,CNC-02,M,295.6236896743918,310.14697053609575,1899.0636931778997,39.87103692682267,110.17656588517178,2.641427916127387,14.023614516596172,58.14711543686822,0,2026-08-25 06:31:48
2024-01-10 10:32:00,CNC-01,L,296.7469808013724,311.5903862320091,1366.5648365086724,52.97709985486954,207.26672916877098,2.774043352466148,13.628760894981934,56.52680895478984,0,2026-08-25 06:31:48
2024-01-10 04:32:00,CNC-01,L,296.3751152889795,310.14871227637167,2136.6508743706313,29.356076492473917,143.82192758907308,3.0887531197751343,11.529738536412278,57.6402080985479,0,2026-08-25 06:31:48
2024-01-10 22:32:05,CNC-03,H,299.6858479991257,312.4848681880261,2593.177913008801,19.614775324447397,100.88419180903924,3.1736377112216743,9.5946357291148,44.60632954053167,0,2026-08-25 06:31:48
2024-01-10 22:57:00,CNC-01,L,299.4934737982425,312.69204083671326,2473.869361461798,24.09118095763921,108.4047454762608,3.235322266208756,11.23650840123258,49.258386171262465,0,2026-08-25 06:31:48
2024-01-10 14:28:00,CNC-03,H,298.6980024930322,313.8620438606333,,52.795279559024735,207.72074068807618,2.659061797627396,14.292875031022811,51.784999456582504,0,2026-08-25 06:31:48
2024-01-10 10:54:00,CNC-02,M,301.29269990987075,310.51572768130995,1341.3541145431736,55.132392712500796,245.66843394551415,3.1007249330884172,13.792779146225945,49.179979771711416,1,2026-08-25 06:31:48
2024-01-10 01:48:00,CNC-02,M,297.799476602737,311.8790440726513,2594.7523341902074,25.387927764337526,,3.497666465206095,12.334508567020103,54.717709541626164,0,2026-08-25 06:31:48
2024-01-10 00:03:40,CNC-02,M,2792.0916616266645,310.6267366974571,2741.7802725679585,13.896269071769664,59.4122404180944,3.309386380867402,6.905394301115567,54.591071004011404,0,2026-08-25 06:31:48
2024-01-10 21:44:00,CNC-02,M,298.98735428495775,311.92385225050316,2679.6010183105145,17.335129541475666,147.3132752609585,3.41116732970483,189.62687868697012,49.114266537295556,0,2026-08-25 06:31:48
2024-01-10 20:06:00,CNC-03,H,27.11618152956862,41.5647923339543,2479.2545352537213,28.09323226358459,179.645860930298,3.4322753893130336,13.05154946996864,50.463980930709745,0,2026-08-25 06:31:48
2024-01-10 02:44:00,CNC-03,H,297.7572496461601,311.85399962009114,2526.350993508846,25.834474189991862,186.20169043609124,3.53682999012775,12.664116133680496,57.12886359854461,0,2026-08-25 06:31:48
2024-01-10 18:27:00,CNC-03,H,300.00167053336855,314.5948469502751,2091.4966847237706,37.48492273550183,56.834727714553445,25.466170947287154,14.80338604361896,50.50523116126875,0,2026-08-25 06:31:48
2024-01-10 06:17:00,CNC-02,M,295.9456713726535,309.09610891166994,2020.3844118214863,29.33857688667348,45.3340573311954,2.6011219822026934,10.924178770123435,56.928708868129206,0,2026-08-25 06:31:48
2024-01-10 12:01:00,CNC-02,M,301.5658518728477,310.0197910709983,1342.5174574178818,54.376899831651606,102.99393270207854,2.1800386260094724,13.855348265867313,47.88295576062447,1,2026-08-25 06:31:48
2024-01-10 03:54:00,CNC-01,L,297.05986264056696,310.79431082952175,2333.0734226716536,27.771581812128375,97.90472419883713,3.1148263633665527,12.04100652227651,54.81819282133259,0,2026-08-25 06:31:48
2024-01-10 21:25:00,CNC-03,H,26.744951882025873,38.25615443863484,2459.184225626306,16.91901175551943,26.22909906987684,2.9196661301134603,7.719305593586989,50.930069197589674,0,2026-08-25 06:31:48
2024-01-10 02:04:00,CNC-01,L,297.6909537831464,311.0340123353067,2632.3809242854627,20.40092472896137,174.10488171569077,3.553602119815592,10.211818528047115,53.16150655537902,0,2026-08-25 06:31:48
2024-01-10 16:41:00,CNC-03,H,299.4706856437324,314.16099799567064,1898.7483318208645,39.04078437947934,136.62177042936793,2.663468789932832,13.822196001900299,55.031139780110465,0,2026-08-25 06:31:48
2024-01-10 00:27:00,CNC-03,H,298.5961663577682,309.9017156666284,2788.900364725651,13.110760345971451,37.04156011199178,3.417624559697874,6.844568901534736,56.58146146075294,0,2026-08-25 06:31:48
2024-01-10 21:04:00,CNC-02,M,25.88039577556583,39.20786699724175,2576.0594019830146,21.811223468597625,102.3275624850135,3.157856996225895,10.556173972830205,54.29907730219268,0,2026-08-25 06:31:48
2024-01-10 01:52:00,CNC-01,L,298.2200029236923,311.0202128746434,2690.6592930694956,18.19086339045578,160.85237110332767,3.7521823945131056,9.386296931114435,54.399616559916055,0,2026-08-25 06:31:48
2024-01-10 16:21:00,CNC-01,L,299.09485623065007,312.79130773481535,1798.2580635690751,36.66518618943115,73.28016103275995,2.4737030772746635,12.524195761968686,53.2020823932579,0,2026-08-25 06:31:48
2024-01-10 05:59:00,CNC-02,M,296.2663853358474,310.2234751742518,2092.5285552419073,32.98507706909805,21.269028297399338,2.740221560465832,13.1903457311488,61.128357106360426,0,2026-08-25 06:31:48
2024-01-10 22:08:32,CNC-01,L,299.58557785570946,311.8512634015369,2395.242212833593,19.908909396627777,55.37587608797255,2.999489889578543,8.922226565743177,48.605182387859344,0,2026-08-25 06:31:48
2024-01-10 18:58:00,CNC-02,M,298.8368273014591,312.9331692041032,2308.79147626441,27.229986171471097,199.2451081700911,3.441152207514807,11.970297817548465,53.697951341818836,0,2026-08-25 06:31:48
2024-01-10 02:13:49,CNC-02,M,297.46251454445144,311.279573188026,2555.836903367739,23.380723253568966,201.10823400765437,3.637444821731907,11.106719234858321,57.317646826707076,0,2026-08-25 06:31:48
2024-01-10 10:51:00,CNC-02,M,301.3553863334677,310.30917234075,1371.6176902316408,53.582063886837325,240.91900863118497,3.1750180877683163,13.65555154689878,47.66946839487785,1,2026-08-25 06:31:48
2024-01-10 17:05:00,CNC-01,L,299.48190333583784,313.5726847874044,1600.6742235600252,42.519690338654144,135.4397182075517,24.878965524264245,12.794799910516673,54.571826605567736,0,2026-08-25 06:31:48
2024-01-10 08:45:00,CNC-01,L,296.1815363379242,310.3267664867315,1668.510306197931,41.76522040539761,41.60150371785619,2.3642391370220133,13.067573497965746,59.05690522327095,0,2026-08-25 06:31:48
2024-01-10 10:42:00,CNC-01,L,296.68215188579103,310.1397581234108,1478.7258296450655,44.996417891751335,0.0,2.154428741300707,12.217278018730383,58.45220791513905,0,2026-08-25 06:31:48
2024-01-10 02:30:00,CNC-03,H,297.94123751629274,311.5547220362703,2542.845928064157,24.109871727839142,170.63395737358462,3.4127290947415068,11.320814591018372,51.43910228315272,0,2026-08-25 06:31:48
2024-01-10 12:39:00,CNC-01,L,296.8952052818954,311.46452772317144,1302.3795380532017,54.22002682044911,185.72811226992388,2.5608964618876917,13.237959817520357,59.015409029950625,0,2026-08-25 06:31:48
2024-01-10 18:25:00,CNC-03,H,299.95590374438564,313.70282253817606,2037.6702583597444,32.665873745954286,54.229930288045175,2.619405436295907,12.301684658658763,60.01097647997776,0,2026-08-25 06:31:48
2024-01-10 02:55:00,CNC-01,L,297.51008964754146,309.6975860112202,2529.673085251366,19.034109400629333,29.39419716627154,3.0891372388597693,9.063905003396538,57.32892826569024,0,2026-08-25 06:31:48
2024-01-10 13:17:00,CNC-01,L,297.08576573763486,310.7318046109902,1428.4436776490716,49.54765428441546,31.544138343570566,2.137614792045294,13.12098939218332,59.055727357016615,0,2026-08-25 06:31:48
2024-01-10 22:25:00,CNC-03,H,299.7787110289559,312.01342274197924,2674.314275733527,17.21390524322009,92.1510737456468,3.176039392372072,8.802254426792194,50.80769442762849,0,2026-08-25 06:31:48
2024-01-10 15:57:00,CNC-02,M,298.07791804649656,313.4393375963025,1685.1478499092009,44.91831958515777,210.8746696962008,3.0334580216235887,13.980507181595852,56.55304990414628,0,2026-08-25 06:31:48
2024-01-10 23:00:00,CNC-02,M,298.3957605390708,309.8081919280453,2696.2260972616177,12.331587300855094,14.888859395371144,3.2879633614278916,6.174550121702928,56.24291488722833,1,2026-08-25 06:31:48
2024-01-10 11:43:00,CNC-02,M,301.65377746583886,309.53962612724314,1332.9720040787242,49.65231310986067,74.34327161805683,1.8798517123319498,12.387924373438455,46.77623682984616,1,2026-08-25 06:31:48
2024-01-10 17:20:00,CNC-03,H,299.7758794105862,315.14842153630246,1901.5260247574945,43.9756563471594,191.36718332682014,2.903008526192376,15.609822244502006,51.26787211036533,0,2026-08-25 06:31:48
2024-01-10 10:45:00,CNC-01,L,296.3850964056107,309.89497947218786,1360.6256358418168,48.899497668160215,4.800000000000001,1.9874866151208355,12.573671578487218,,0,2026-08-25 06:31:48
2024-01-10 03:11:00,CNC-03,H,297.3411343452809,310.9525944698587,2485.477544329475,23.602958246979338,216.96236870922232,3.788641428581131,10.927138444586571,56.08289566542289,0,2026-08-25 06:31:48
2024-01-10 07:08:00,CNC-02,M,295.8125000348992,310.6387755699101,1745.461686372864,42.99058282111944,115.89495026388299,2.507041958973601,14.083771057431912,56.79050910753015,0,2026-08-25 06:31:48
2024-01-10 07:05:00,CNC-02,M,295.9278807421396,309.96703012420306,1913.424879540767,34.24826455896738,111.53010731470036,2.5782447702692104,12.190339738452728,55.129540014287485,0,2026-08-25 06:31:48
2024-01-10 16:50:00,CNC-03,H,299.73019748800385,314.10551092889784,1771.0694835780482,39.29424570422357,149.36605934902076,2.65503161330565,13.023638503575912,52.540792819750564,0,2026-08-25 06:31:48
2024-01-10 16:26:00,CNC-03,H,299.2819621468972,313.9895433581661,1714.7909604813995,42.97685108548,,24.44084090655522,13.524358795492253,49.78358613396307,0,2026-08-25 06:31:48
2024-01-10 13:28:00,CNC-03,H,298.12799987262673,312.6676478900416,1486.2569269588607,52.00394876842756,114.09104164584492,2.139101576118212,14.589782003759534,60.956769244685944,0,2026-08-25 06:31:48
2024-01-10 20:27:00,CNC-03,H,27.1354195569088,41.096666227844366,2331.110557411803,26.137809277245136,204.55144774318367,3.3723179661864817,11.569840138976295,51.42147141590635,0,2026-08-25 06:31:48
2024-01-10 16:23:00,CNC-01,L,298.91931406668215,312.9809393726254,1771.3599735503349,39.29059056574776,76.19944979631745,2.397914331386212,13.057110886473719,50.92894854689822,0,2026-08-25 06:31:48
2024-01-10 17:06:00,CNC-02,M,298.7051280225459,312.32472282061394,1936.174464605615,33.95494056955595,51.06444123930737,2.5815462866494743,12.241817371812493,49.6720234850166,0,2026-08-25 06:31:48
2024-01-10 14:04:00,CNC-01,L,303.05851088136717,311.16120294662784,1521.3704515341806,46.07426343070939,105.27096055337223,2.2679291192056956,13.254163199693066,47.39582951659838,0,2026-08-25 06:31:48
2024-01-10 10:43:00,CNC-03,H,296.4068055486248,310.9276638631911,1504.1593973080626,49.392479792845634,126.28329031527693,2.361406428119418,13.996111572158998,58.40505822416096,0,2026-08-25 06:31:48
2024-01-10 19:51:00,CNC-02,M,26.057034928969244,39.02256889546004,2287.0756678685543,23.398437655364503,17.05202546687792,2.8505759476060684,10.132112236393034,50.4469888243278,0,2026-08-25 06:31:48
2024-01-10 14:07:00,CNC-01,L,303.14095813142796,310.7271056697202,1482.8394661791485,42.657255786309356,109.88776025603298,2.254795109023399,11.933838107604139,42.69834263521593,0,2026-08-25 06:31:48
2024-01-10 03:45:00,CNC-02,M,296.83387544479206,309.39549707564714,2499.931001656447,21.067515818826,79.12110874998343,3.1133600677723017,9.903754080043125,55.43909856417211,0,2026-08-25 06:31:48
2024-01-10 16:48:00,CNC-02,M,298.94510111606144,313.087458676077,1758.2552938197034,41.420319218785735,25.792903287895836,2.3877902282753976,13.555339626451508,55.25404054291037,0,2026-08-25 06:31:48
2024-01-10 18:22:00,CNC-02,M,298.85532641713104,312.69921119260414,2081.1488125721407,29.08119640073803,153.36122781868622,29.051349122614962,11.345404497411035,53.4769687922703,0,2026-08-25 06:31:48
2024-01-10 22:25:00,CNC-02,M,298.38923726456136,312.5590045796645,2504.9658586630007,23.829467469756498,192.1851443295001,3.5238943385218713,11.364148057845322,56.036609077506185,0,2026-08-25 06:31:48
2024-01-10 02:00:00,CNC-02,M,2781.5122850064886,310.09001982436416,2775.65372168423,15.083171190757255,184.7503303289151,3.8389434374612583,7.618489155352455,55.491743708338305,0,2026-08-25 06:31:48
2024-01-10 16:10:00,CNC-01,L,298.9867014969469,313.30380025323393,1682.6302075266394,42.939218875256735,57.505720722900335,2.3142911589899815,13.450129501416434,50.562498482830186,0,2026-08-25 06:31:48
2024-01-10 10:32:00,CNC-03,H,296.7938317041324,310.9646803403042,1372.6542833826131,50.99269450532216,108.95524525782959,2.111651184836009,12.94121147243998,56.97158449757212,0,2026-08-25 06:31:48
2024-01-10 10:30:19,CNC-02,M,301.01833625898985,309.871471220891,1444.1794496933446,49.403651198018174,209.4448908832815,2.8663501716780013,13.368659571580377,53.36302856521724,0,2026-08-25 06:31:48
2024-01-10 21:46:00,CNC-01,L,299.7683730321727,312.4204623604242,2616.4749404963386,20.486449688876167,31.243544585871156,3.0246054863604055,9.974917922631466,50.70767779805563,0,2026-08-25 06:31:48
2024-01-10 04:39:00,CNC-02,M,296.41747154022124,311.3867091370848,2261.907144251842,33.082029069002346,144.21000922653707,3.1527412646522586,13.658936149361072,57.84096770184297,0,2026-08-25 06:31:48
2024-01-10 04:58:00,CNC-01,L,296.6595725905197,311.6668977745678,2196.3870989851043,35.71281074529168,176.27617725251858,3.2788571279837364,14.719379777720436,56.228344900237325,0,2026-08-25 06:31:48
2024-01-10 00:56:00,CNC-01,L,298.22433707013977,310.95887901122757,2579.3083656958393,19.04308160080905,100.40951901199233,3.2307460070319247,9.183164793956971,53.71072929257439,0,2026-08-25 06:31:48
2024-01-10 18:29:00,CNC-02,M,298.9074415303865,313.16599733344776,2153.8146780844727,30.184026598432293,162.48349655119537,3.134958084218966,12.308904796712781,51.209841211031204,0,2026-08-25 06:31:48
2024-01-10 14:04:00,CNC-03,H,298.4610129590508,312.8254965309216,1474.2445135014452,48.28907028377316,170.6148812254075,2.479267700909972,13.46950420824903,57.52716700851537,0,2026-08-25 06:31:48
2024-01-10 18:19:00,CNC-01,L,299.7445892264163,313.1067035777058,1981.8916729928426,32.895526208657145,1.3367363375203223,2.5456792037304035,12.26363489951987,54.84863870408583,0,2026-08-25 06:31:48
2024-01-10 03:04:00,CNC-03,H,297.26942392989696,310.78396838699445,2311.2340439439995,24.09471202216663,208.83992335423773,3.5037845741608664,10.207130541358474,59.0130554185341,0,2026-08-25 06:31:48
2024-01-10 06:55:00,CNC-01,L,295.91562334296214,310.56655877436793,1830.2063558598684,42.1027194334936,92.47749308159361,2.5715709715477706,14.278650608257193,52.45104340090174,0,2026-08-25 06:31:48
2024-01-10 23:46:00,CNC-01,L,298.676845818833,311.40069330092444,2674.4700082169174,18.567538548090237,160.58511999159575,3.575880825413426,9.222091727704624,55.61990357418923,0,2026-08-25 06:31:48
2024-01-10 18:57:00,CNC-03,H,300.1369742491112,313.4460210568803,2250.000920728555,25.793384760466957,95.28257937171374,2.784441205762206,11.088082904384224,52.25682568597996,0,2026-08-25 06:31:48
2024-01-10 21:04:00,CNC-01,L,26.821588083817915,40.05001176227648,2340.0445230712776,23.0096462183308,202.16585055579938,3.6685237467711005,10.090758980498283,53.360750654445425,0,2026-08-25 06:31:48
2024-01-10 14:59:00,CNC-02,M,297.8603088535413,312.41560502087304,1666.5144439532733,42.570032756239684,124.04870738415936,2.4089545103379018,13.2721513409341,55.055177931556834,0,2026-08-25 06:31:48
2024-01-10 16:52:00,CNC-03,H,299.7034007018065,314.25584192571836,1802.6229390954993,41.4434023674244,152.21659209577084,2.751415517925221,13.75866068013893,51.02674200923217,0,2026-08-25 06:31:48
2024-01-10 03:35:00,CNC-03,H,296.93553221777734,308.8760947124295,2458.108133475635,17.69480632141314,13.972906792140593,2.982690826359503,8.098147399136247,57.44897586424803,0,2026-08-25 06:31:48
2024-01-10 21:29:00,CNC-03,H,300.1941418365802,,2590.333303247632,14.557607415199602,30.697472597400314,3.149507122156864,7.47625805157391,53.18274930952376,0,2026-08-25 06:31:48
2024-01-10 14:49:00,CNC-01,L,297.78504325503366,312.2416677023372,1433.8314235848231,50.507821873517784,175.04297880060233,2.6955598556686375,13.44780717260969,55.32823902092255,0,2026-08-25 06:31:48
2024-01-10 23:12:00,CNC-02,M,298.15417586769354,310.63132948287574,2621.4970087560164,18.25076302800589,27.624445844259554,3.2099947503128408,9.13621273626514,51.50478702694537,0,2026-08-25 06:31:48
2024-01-10 13:03:00,CNC-01,L,297.3799503569474,311.31516597721225,1432.477916514502,50.29660927955924,9.508440070874899,2.1773577385209757,13.574025156900838,56.15251787301327,0,2026-08-25 06:31:48
2024-01-10 16:45:00,CNC-02,M,298.6888833794811,312.80441954094675,1850.178482130628,38.41276325911926,21.5148390620419,2.4665263523994163,13.474680738195671,52.28296298631584,0,2026-08-25 06:31:48
2024-01-10 22:06:00,CNC-01,L,299.7715564323878,311.09155965232264,2804.8186407239527,12.625582651241059,53.11551991886937,3.2967416864857224,6.492248542157447,55.69700659798097,0,2026-08-25 06:31:48
2024-01-10 00:31:00,CNC-01,L,298.7743412882022,311.21729518092667,2640.7610395057623,18.832695047842464,73.83743128623475,3.2619898097019058,9.331613143764963,53.34014403972361,0,2026-08-25 06:31:48
2024-01-10 02:34:00,CNC-01,L,297.60398810285454,309.91384411178603,2502.312201109269,20.321891276836034,5.679499418133892,3.141858123441231,9.874041700114178,54.89558397957775,0,2026-08-25 06:31:48
2024-01-10 06:22:00,CNC-03,H,295.8186222946055,311.46751302761425,1927.8356769148315,43.19934519484958,224.57245327643497,3.2271164791647364,15.793965156230174,,0,2026-08-25 06:31:48
2024-01-10 08:30:00,CNC-01,L,296.07288821470246,310.27104634850645,1676.8694715356448,45.55138243195535,19.262580701356814,2.26753161686327,14.451701244211938,61.678203493078925,0,2026-08-25 06:31:48
2024-01-10 08:28:00,CNC-03,H,295.91198305143615,310.1705028437185,1486.6477894815437,48.62639958948425,149.61837125622287,2.314092841879661,13.537857384410302,54.76183647411653,0,2026-08-25 06:31:48
2024-01-10 10:21:00,CNC-02,M,295.73642582596636,310.5012094978325,1398.8118321310676,51.261626993753346,193.61189253489803,2.6995163343121917,13.379669568746154,61.37742770843785,0,2026-08-25 06:31:48
2024-01-10 06:38:00,CNC-02,M,295.6357820511201,309.81241680199355,2008.18253380912,35.34129404215662,73.90289145925377,2.652215903183899,13.029049429639645,60.09668087808836,0,2026-08-25 06:31:48
2024-01-10 23:09:00,CNC-02,M,298.39554835339726,310.3444381352089,2868.578662228694,14.15051512199169,24.410995171106197,3.38744764450935,7.5523609676930645,56.74422366463236,0,2026-08-25 06:31:48
2024-01-10 05:00:00,CNC-01,L,296.4959497232396,310.164343540823,2241.8287407984626,26.406868263402238,178.7611375644943,3.4133750861254106,10.889441697403882,57.68514731898894,0,2026-08-25 06:31:48
2024-01-10 15:06:59,CNC-03,H,298.980635924406,313.96727245061044,1554.4212266847535,46.90400589960813,265.63527708523094,32.29014568449731,13.36688918432422,49.305922904473356,0,2026-08-25 06:31:48
2024-01-10 10:56:00,CNC-01,L,296.4949733349768,309.9295135562151,1350.6488210880161,48.28691464936983,22.27373474378718,1.9184092406138868,11.90672740928402,60.47575691726352,0,2026-08-25 06:31:48
2024-01-10 04:00:00,CNC-01,L,296.8453740665987,310.4944156069632,2429.674758956994,25.55781618562041,105.08734513028433,3.1962729155099976,11.432329762461517,59.877401583776795,0,2026-08-25 06:31:48
2024-01-10 14:42:42,CNC-01,L,297.7817915224258,312.65885062674346,1614.0252132226717,46.949541066867035,165.74490289811376,2.761085852751818,14.229280127166122,58.88224825250127,0,2026-08-25 06:31:48
2024-01-10 21:10:00,CNC-03,H,27.181806208153034,39.26911528585373,2520.738824298637,19.427916929954005,9.268694911134919,2.999762572149458,9.078061751812028,44.91400713578686,0,2026-08-25 06:31:48
2024-01-10 18:49:00,CNC-02,M,299.1617500016986,313.5803284585243,2219.6371658147646,29.443310185961824,187.90221916281925,3.2888940970182707,12.245392579911071,51.607857382301646,0,2026-08-25 06:31:48
2024-01-10 22:09:00,CNC-03,H,299.98252175074606,312.1114373717424,2608.9281298703545,18.01258539893694,74.82000553343123,3.2294145228637245,8.861323130267401,46.83019247079697,0,2026-08-25 06:31:48
2024-01-10 06:57:00,CNC-03,H,295.7152713881695,309.61947158286506,1868.1442151067074,37.87044557288229,17.81774442800604,2.531054498471909,13.186715264065327,53.825145923788654,0,2026-08-25 06:31:48
2024-01-10 07:05:00,CNC-03,H,295.6949937317013,309.79533549741643,1990.2045610219193,36.324208408343566,29.0473805973955,2.6877645044371086,13.629261473533784,56.11113699773017,0,2026-08-25 06:31:48
2024-01-10 11:39:00,CNC-01,L,296.4656858428618,310.4573478098762,1418.4607440017487,48.52006946732938,90.33412114908465,2.096994872119776,13.03320065849084,57.583064416878955,0,2026-08-25 06:31:48
2024-01-10 15:57:00,CNC-03,H,299.04404820215325,313.046115040908,1763.7047224230957,39.12717605134381,72.99978734113294,2.4092004696279727,12.842831113827842,53.35705326338686,0,2026-08-25 06:31:48
2024-01-10 07:56:00,CNC-02,M,295.6735287871377,310.77036510695456,1842.4001597924469,41.37416997876702,184.78486905955756,2.875232520061113,14.305248343687136,57.046608733085925,0,2026-08-25 06:31:48
2024-01-10 04:25:00,CNC-03,H,296.86768468711915,310.7987631371169,2394.3967724154336,28.589138532919502,73.67527976934176,29.152062320670122,12.979364233832088,56.407238045892505,0,2026-08-25 06:31:48
2024-01-10 19:44:00,CNC-01,L,299.9276950411168,313.77824515013606,2411.901734363145,27.617655908589867,108.2804663027976,2.9912528333012025,12.351919086033167,50.19952716086907,0,2026-08-25 06:31:48
2024-01-10 19:31:00,CNC-02,M,299.06305296764197,313.54888654003094,2131.8391864389446,30.808097393766136,240.73431234870935,3.7848930128322427,12.45962556293839,50.54778573002897,0,2026-08-25 06:31:48
2024-01-10 17:27:00,CNC-03,H,299.58251919841314,314.71767531991816,1886.3544371632759,41.13427033569831,200.91290608973517,3.1580804882019873,14.551110200848342,56.03432709384669,0,2026-08-25 06:31:48
2024-01-10 19:11:00,CNC-01,L,300.09424854605584,313.4480081692286,2350.6496301446095,26.31062680633616,67.80952306822981,2.9245013294310853,11.73346972259131,50.311894960324196,0,2026-08-25 06:31:48
2024-01-10 20:04:00,CNC-03,H,27.38168691799774,41.018571226168945,2523.21474812293,23.95613452797834,177.25018916027093,3.4517626971133093,11.09578218765738,50.754735896254765,0,2026-08-25 06:31:48
2024-01-10 23:36:00,CNC-03,H,299.59337315375456,311.47436344336967,2831.6873354520753,12.24697390193337,168.42931035279827,3.654692320120808,6.717304400002902,53.366818136803474,0,2026-08-25 06:31:48
2024-01-10 02:04:00,CNC-03,H,298.1080008106516,311.5623277478987,2470.38457106671,,141.81001676787167,3.2483347747724745,10.935662819487309,51.109232112234125,0,2026-08-25 06:31:48
2024-01-10 00:09:00,CNC-01,L,298.9034587779227,310.8712804086763,2637.762242892786,16.713793423761786,50.354906378176004,3.22807458882031,7.98413928687395,51.713369740941616,0,2026-08-25 06:31:48
2024-01-10 02:29:00,CNC-02,M,297.6280211927103,311.8618473048226,2590.4956250538817,24.459577114111713,216.7216563960838,3.8653555612090806,12.163409627510415,51.97627815383121,0,2026-08-25 06:31:48
2024-01-10 20:07:00,CNC-01,L,26.96342346793466,41.18011784375523,2319.556309469082,30.44689332423523,136.02406023698848,3.165509442154796,13.11184663111884,46.66138003996605,0,2026-08-25 06:31:48
2024-01-10 21:59:07,CNC-02,M,298.63115489323206,312.898887944976,2627.147788484293,24.066039461476308,163.6211318078022,3.4779378778299486,11.753843258711045,48.1288674325141,0,2026-08-25 06:31:48
2024-01-10 11:27:00,CNC-02,M,301.38429290966934,309.84858735060413,1409.5795331424122,52.25958858543449,48.96714360312171,2.0202146048795253,13.706015899327205,51.825166747551954,0,2026-08-25 06:31:48
2024-01-10 11:37:22,CNC-03,H,297.17931957941585,312.32127710476817,1459.0169093191607,52.93613018224648,213.57659450982132,2.7228267537881163,14.304789480788605,55.34947338665224,0,2026-08-25 06:31:48
2024-01-10 11:58:00,CNC-01,L,297.0487162578169,311.55860593382886,1463.1904266940523,51.06248323392264,120.4558702924542,2.2665120054341217,14.111641470930705,59.20491833283248,0,2026-08-25 06:31:48
2024-01-10 11:15:00,CNC-01,L,296.54281975388926,310.49563611163074,1401.8010318351157,49.92038981811743,52.40086178871288,2.0960996099736624,13.449303495562658,56.70023406794944,0,2026-08-25 06:31:48
2024-01-10 07:54:00,CNC-01,L,296.19638002952985,310.8791628454515,1609.5973965672083,46.15465439321929,176.87346237277558,2.837431570024491,14.029171830091958,57.465706857431094,0,2026-08-25 06:31:48
2024-01-10 07:59:46,CNC-01,L,295.982518068132,310.2672143445396,1700.0075976153669,40.073805573597035,184.0924012587429,2.8719850537360485,12.967127122644984,57.47717088991686,0,2026-08-25 06:31:48
2024-01-10 12:35:00,CNC-01,L,297.0037794174924,311.6789660232712,1303.5248007101513,56.77983802113674,179.4124047970934,2.516730845411487,13.867216576625642,60.303916668355086,0,2026-08-25 06:31:48
2024-01-10 17:21:00,CNC-03,H,299.77876096577074,314.6390674752248,2045.1480466474377,36.70811814136573,192.69979001505067,3.1649252831446604,14.11681105892694,54.50679599610599,0,2026-08-25 06:31:48
2024-01-10 10:22:00,CNC-03,H,296.70071935509685,310.6352997917672,1375.9865893316564,49.33677369541913,93.2737543941266,2.058563534429811,12.652236763392605,58.05419678565982,0,2026-08-25 06:31:48
2024-01-10 12:24:00,CNC-03,H,297.67161007070143,311.20228064636245,1365.126956748928,47.98494142036003,12.63696142472029,2.013481047085784,12.359179881770519,58.6189520950307,0,2026-08-25 06:31:48
2024-01-10 13:24:00,CNC-03,H,298.02648406784766,312.52594004802216,1371.9368387475115,52.207067350318546,107.82378254769851,2.109605335640182,13.302337692426358,56.22651828496028,0,2026-08-25 06:31:48
2024-01-10 01:05:00,CNC-01,L,298.50392380623344,311.02671582721644,2602.6749569145404,19.74120554401228,110.07120412903453,3.3061093638173653,9.513331274908525,53.579476738302375,0,2026-08-25 06:31:48
2024-01-10 08:00:00,CNC-01,L,296.4282868894796,311.3078540314217,1759.4914067961236,43.544727085943094,185.53909861512508,3.0047391887515293,14.730413888674045,60.396960778213554,0,2026-08-25 06:31:48
2024-01-10 10:23:00,CNC-03,H,296.41659757730304,310.69152490092483,1365.1991099552495,52.089576615415396,94.87375439412659,2.113149131523638,13.224240154720887,57.75144966957946,0,2026-08-25 06:31:48
2024-01-10 12:19:38,CNC-03,H,297.324534307722,310.9660553275885,1396.0169624045336,49.188713112326475,4.766996080816458,2.0801273029691068,12.78727570201419,,0,2026-08-25 06:31:48
2024-01-10 15:24:00,CNC-03,H,299.0617448906533,312.6751217090843,1774.4298715557459,37.12670217618651,24.09408017014317,2.4887132427042595,12.245245503003593,51.70789786575097,0,2026-08-25 06:31:48
2024-01-10 22:46:00,CNC-03,H,299.6677307760848,311.58475365771807,2704.357779053441,14.129192261632102,114.82602742231039,3.3688006774970236,7.272526692729431,52.18054141013492,0,2026-08-25 06:31:48
2024-01-10 04:32:00,CNC-02,M,296.37535104576017,310.15765927453896,2377.755357960645,26.175124659123387,135.5381110038044,3.1099989953624823,11.504903206545272,59.86987749876334,0,2026-08-25 06:31:48
2024-01-10 01:06:00,CNC-03,H,303.825404448677,311.0666417649943,2709.8855103740366,21.684452391647735,78.84948844238788,3.4130131973090747,11.001496441237851,41.13708918171326,0,2026-08-25 06:31:48
2024-01-10 04:23:00,CNC-03,H,296.70937343966517,309.63571096139475,2436.775939866172,22.576831867011965,71.25078442172155,3.06574125245311,10.42424585645176,57.5397455879417,0,2026-08-25 06:31:48
2024-01-10 21:54:00,CNC-01,L,299.84310750716355,311.7898592216503,2639.425147707064,16.8150299184746,40.00863868188667,3.1486199048923975,8.383712392236246,46.383448814550974,0,2026-08-25 06:31:48
2024-01-10 03:33:00,CNC-01,L,297.2580741046951,310.31241440003083,2506.5330406409257,22.151969929245006,73.25861228884584,3.1363659043621546,10.535721197849327,54.337915613727766,0,2026-08-25 06:31:48
2024-01-10 04:24:00,CNC-01,L,296.6962652972796,310.36647231676085,2403.492760204259,26.666232094277294,133.97142420836212,3.1168614905163707,12.035963631540787,58.40079001538434,0,2026-08-25 06:31:48
2024-01-10 21:57:00,CNC-02,M,298.9123905115141,312.45392366178925,2829.0762038427183,19.191379632216734,161.39349535757714,3.681357780789391,10.186292572736285,55.906769640282334,0,2026-08-25 06:31:48
2024-01-10 15:40:00,CNC-02,M,297.7647647095387,312.65385741006327,1497.9900452853367,49.55544264556356,185.85260312530502,2.647000097414901,14.132602057957525,55.65518909349325,0,2026-08-25 06:31:48
2024-01-10 13:23:00,CNC-03,H,297.945774311294,312.29655011830397,1363.5669870924296,50.83352057353433,106.22378254769852,2.094079666420292,12.981983783877666,56.16189623098586,0,2026-08-25 06:31:48
2024-01-10 06:28:00,CNC-02,M,295.9842085637146,310.0919475551279,1964.7731159856692,34.18050800936915,60.23463894212646,2.6785349470831514,12.442725918196123,54.298596482412684,0,2026-08-25 06:31:48
2024-01-10 12:51:42,CNC-02,M,296.3177262742421,311.09017631880084,1308.635791457487,55.94848224422735,182.3965889966704,2.450373821067206,13.649655381995858,55.79957625216651,0,2026-08-25 06:31:48
2024-01-10 13:30:00,CNC-02,M,296.606923025047,311.82255332617444,1390.4862824510456,53.552203713585286,243.8982856432208,3.2091077546437448,13.942490629433742,56.07321036648757,1,2026-08-25 06:31:48
2024-01-10 20:28:00,CNC-01,L,26.866364322133393,39.930972593902766,2368.2461971965,23.02504800574399,160.75429330310968,3.273634836033843,10.322524422258265,55.76388361262892,0,2026-08-25 06:31:48
2024-01-10 18:34:00,CNC-03,H,299.9366852537235,313.6715970703206,2182.252141816302,29.021740096933968,65.87380623372441,2.7822210576868387,11.777507600233923,49.111255341824766,0,2026-08-25 06:31:48
2024-01-10 23:25:00,CNC-01,L,299.04855800986553,310.6650502642779,2705.7118980939204,13.394492851061372,138.31331105874852,3.5753898929927805,6.860747910289517,51.99731033536775,0,2026-08-25 06:31:48
2024-01-10 02:28:00,CNC-03,H,297.793895861466,310.9529791457757,2715.849559207959,19.22431804602259,168.34668103755908,3.5724109770843278,9.499121147395837,53.56257236336529,0,2026-08-25 06:31:48
2024-01-10 03:46:00,CNC-01,L,296.9940892640407,309.755411298056,2490.412396415587,20.085782313236972,88.42306960193531,3.054715597696447,9.341341331522003,61.11973491050116,0,2026-08-25 06:31:48
2024-01-10 10:09:00,CNC-03,H,296.7480334639653,310.54824316913164,1504.7917996196102,45.87240383220074,72.73643019504337,2.2648338903902068,13.097275470128269,59.10142879294301,0,2026-08-25 06:31:48
2024-01-10 20:52:00,CNC-01,L,26.402107886766885,40.31737948213612,2472.8656497014754,24.351625982785272,188.42336207789168,3.592432706799861,11.160490665253278,54.013277103044615,0,2026-08-25 06:31:48
2024-01-10 01:27:00,CNC-03,H,303.6880091431931,310.0936504221097,2626.3065036456146,17.951130497980742,101.52865241257652,3.20436524773753,8.950338592866968,41.08875987491763,0,2026-08-25 06:31:48
2024-01-10 08:57:00,CNC-03,H,296.20863181169887,310.9428222986839,1672.4095854001007,43.84112812177427,193.20024175397992,2.6276837649154725,14.136520715541359,54.83823285152163,0,2026-08-25 06:31:48
2024-01-10 05:42:00,CNC-02,M,296.15195004312113,310.8417698683139,1996.189487831291,35.762461277039726,224.3627369355933,3.505745019906941,13.330175605297399,59.29985592558799,0,2026-08-25 06:31:48
2024-01-10 13:21:00,CNC-02,M,296.47192830446437,311.582811210984,1496.56903229188,50.400420606515986,229.8623005824562,3.1608192030731863,14.139036666387211,56.441310757790596,0,2026-08-25 06:31:48
2024-01-10 09:22:00,CNC-03,H,296.16190500991127,309.44791140588586,1571.7528062454167,41.10344300596774,0.0,2.280016828471143,12.237791186614531,58.323159695795546,0,2026-08-25 06:31:48
2024-01-10 22:49:00,CNC-03,H,299.65912488063424,311.9885956283114,2609.2009072681944,17.029144478569265,118.13564794983272,3.251979253038321,8.41843335920056,51.41796356318603,0,2026-08-25 06:31:48
2024-01-10 10:57:58,CNC-01,L,296.79896801153126,310.5113767127521,1438.6371908593642,49.77385806596767,26.92457926953393,2.207577995357357,0.0,52.572544440196424,0,2026-08-25 06:31:48
2024-01-10 15:26:00,CNC-01,L,298.54954759690764,313.88348934034224,1666.3235024358469,46.977206415663744,231.13727713347384,3.4542324865311196,14.671840498625178,54.79908523510229,0,2026-08-25 06:31:48
2024-01-10 10:09:23,CNC-02,M,295.63444409749104,309.96166485561616,1443.9570802738806,47.02088977828873,174.78433956483966,2.507892816345694,13.069999513701202,61.0843227111075,0,2026-08-25 06:31:48
2024-01-10 22:38:00,CNC-02,M,298.1942309181349,312.4555871745138,2581.818170270445,23.35835909917039,206.34292514915742,37.960707876124125,11.289422781670625,57.10635024093554,0,2026-08-25 06:31:48
2024-01-10 11:39:00,CNC-03,H,297.27712535946193,312.241316112269,1355.3152982063596,55.85916108064692,215.1765945098213,2.5461185298921043,14.106306729092339,54.22846052596857,0,2026-08-25 06:31:48
2024-01-10 23:54:00,CNC-01,L,298.51738162882964,311.0096895727199,2765.4784090620296,16.334551164435748,169.08303685640888,3.822662340705107,8.426062591648757,54.31340158997121,0,2026-08-25 06:31:48
2024-01-10 14:12:00,CNC-02,M,297.1007570378279,311.6245434863385,1385.144879553775,53.04556344041528,51.58267509125933,2.127975502087509,13.541594972747731,61.50460505736452,0,2026-08-25 06:31:48
2024-01-10 19:41:00,CNC-02,M,299.07212727323076,312.4047881771823,2330.1376369494556,25.500552352693763,4.852537182043836,2.8111736622008126,11.303767162584126,51.72707182100388,0,2026-08-25 06:31:48
2024-01-10 06:23:00,CNC-02,M,296.0574848793025,310.517240900288,1944.9024916460776,38.714857724990324,53.43063046228021,2.589592962055248,14.015724243024417,57.82852604415733,0,2026-08-25 06:31:48
2024-01-10 21:01:00,CNC-03,H,26.54745401619931,40.4011518249938,2438.83027535241,24.54883318520105,243.73679007792214,37.38812510425929,11.314340130980439,48.86655912306063,0,2026-08-25 06:31:48
2024-01-10 09:05:00,CNC-02,M,295.8346518997836,310.1413322660519,1443.2110731086038,49.9232549311186,75.43340450856715,2.0484975953178846,,59.6636921971959,0,2026-08-25 06:31:48
2024-01-10 01:52:00,CNC-03,H,298.103818937481,310.96215737850457,2645.1910498359534,19.221665500788916,128.5185539072757,3.3618711659126053,9.513087071700172,55.484324886451816,0,2026-08-25 06:31:48
2024-01-10 19:53:00,CNC-03,H,27.18279125880838,40.3530932683413,2435.1656011555388,21.838298394171,164.0820806192565,3.280254167180735,10.138537862918929,,0,2026-08-25 06:31:48
2024-01-10 05:00:00,CNC-03,H,296.27806154255387,310.614583495632,2104.5404261457197,33.94688051578257,117.4925134412059,2.7863899536452443,13.370165269597596,54.46995244134055,0,2026-08-25 06:31:48
2024-01-10 15:00:00,CNC-02,M,,312.67059283338506,1581.2412910888029,47.67618096012231,125.58248545726903,2.3491918443645643,14.17680467203902,54.09574171517068,0,2026-08-25 06:31:48
2024-01-10 13:41:00,CNC-01,L,302.95334109387966,310.36380709068834,1343.0137510894838,48.67552326752669,69.38338470007172,1.9663849627705454,12.451566473964817,48.85381368570702,1,2026-08-25 06:31:48
2024-01-10 23:08:00,CNC-03,H,299.51042897512735,311.6365019607003,2816.343456577054,14.56438440308383,138.76175867235608,3.5121658355180405,7.705625320204344,55.57904488292973,0,2026-08-25 06:31:48
2024-01-10 21:30:00,CNC-01,L,299.60465307007814,311.6404980799179,2488.221386112056,19.11566068289028,13.442570090385251,3.030503019771802,8.945156807961586,53.46708988907731,0,2026-08-25 06:31:48
2024-01-10 14:40:00,CNC-02,M,297.42796379564487,312.08084431095585,1457.4397255005463,50.72867467365578,94.9755605997452,2.1520527880280054,13.742944715786846,56.047287815558036,0,2026-08-25 06:31:48
2024-01-10 18:35:00,CNC-02,M,299.09182706780695,314.06775476428805,2212.958704774278,33.76383560465706,170.27348899202988,3.274471988031866,13.91827705658682,54.74916583730871,0,2026-08-25 06:31:48
2024-01-10 23:36:00,CNC-01,L,298.94319691916985,311.15756640874537,2728.3411655762065,15.8080964902943,150.02193257904096,3.5623322253991105,8.039052919732617,55.546979576964844,0,2026-08-25 06:31:48
2024-01-10 06:53:00,CNC-02,M,295.7677619664006,310.52278549630864,1939.0821428121387,38.735026312388854,94.60676404800586,2.609507470231952,14.18446343066273,62.26449765974691,0,2026-08-25 06:31:48
2024-01-10 14:11:00,CNC-01,L,303.31751947684546,311.20471485347156,1384.8268626716797,46.645154371381544,116.18649627941049,21.909571059856415,11.9198227691871,45.473507074270614,0,2026-08-25 06:31:48
2024-01-10 07:53:00,CNC-01,L,296.09286473690236,310.51278616663745,1744.8090178655614,38.80160877439404,175.38018501862408,2.92184249884297,12.799083705353828,60.78600132961119,0,2026-08-25 06:31:48
2024-01-10 16:59:00,CNC-02,M,298.7646166047831,,1849.1929356746791,40.2925213022367,41.40100004075914,2.4642746654705414,13.691752019702275,49.67424218639236,0,2026-08-25 06:31:48
2024-01-10 06:26:00,CNC-03,H,295.6184416299451,310.5145931793418,1860.8403309545579,39.592228703763936,230.09613070409534,3.3332608036711435,13.79914659084323,56.46601293931537,0,2026-08-25 06:31:48
2024-01-10 02:49:00,CNC-01,L,297.2335527247144,308.6545864393034,2591.199521769612,14.288947350761319,22.52068186064254,3.0429455417728897,6.915084327268535,55.974806736502465,0,2026-08-25 06:31:48
2024-01-10 17:07:00,CNC-01,L,299.4824344221333,313.69787264793706,1838.7773010244337,37.88180159872259,138.274731941186,2.6451477366352236,13.041422220408373,49.46765906152585,0,2026-08-25 06:31:48
2024-01-10 01:49:00,CNC-01,L,298.16866089541236,311.1116631278073,2445.639888641963,20.726177437636256,157.59440917974558,3.4053377814654886,9.111359729565422,55.279199442770086,0,2026-08-25 06:31:48
2024-01-10 07:02:00,CNC-01,L,295.932326641944,310.21223467920163,1923.5875472009968,37.832087504065655,102.26008562275095,2.555230814272976,13.654385703810775,56.9192673972869,0,2026-08-25 06:31:48
2024-01-10 12:33:00,CNC-03,H,297.43732225721607,311.27110745534924,1435.3948329405212,46.74630833128763,26.813558422239137,2.0449186658192464,12.408407833728365,56.01469087036633,0,2026-08-25 06:31:48
2024-01-10 12:34:00,CNC-01,L,296.6848773655017,311.6367021386576,1447.103445855244,53.92709611732355,177.8124047970934,2.658942190114047,14.382994557732541,63.1170829794594,0,2026-08-25 06:31:48
2024-01-10 13:22:00,CNC-01,L,297.0724468351463,311.53526111135625,1377.9469751348581,53.89352682247656,39.510358995678835,19.47478506811869,14.123908779761019,58.608684645457515,0,2026-08-25 06:31:48
2024-01-10 05:46:00,CNC-03,H,295.79431443893526,310.1583613464208,2127.804232177744,33.125770190916036,176.54363379778664,3.02133617960792,13.278745589027045,57.57013251980835,0,2026-08-25 06:31:48
2024-01-10 01:50:00,CNC-02,M,297.88631382216346,311.07475473879816,2608.574372065688,20.663216190630017,173.98386918167282,3.698056093201351,10.127105132614046,55.14596136877909,0,2026-08-25 06:31:48
2024-01-10 20:56:00,CNC-01,L,26.978366257213793,40.50405889502787,2640.6413152989066,21.919456595883045,192.9182628010149,3.846926357300887,10.668848296831799,51.88811628472858,0,2026-08-25 06:31:48
2024-01-10 21:47:00,CNC-01,L,299.8932567857949,311.138030970191,2725.8015751580438,12.953106272349995,32.30343128569074,3.2170913339282268,6.633930876759462,54.76565585752654,0,2026-08-25 06:31:48
2024-01-10 08:05:00,CNC-01,L,296.2155323978251,311.1367122681478,1625.9526581039643,48.278773731826206,192.89396033445712,2.865440074472905,14.812173917679164,57.690204190746215,0,2026-08-25 06:31:48
2024-01-10 11:57:00,CNC-01,L,296.94221677714586,311.1906278668554,1329.4698225691104,52.177226845386905,118.8832104882218,2.1762533986945267,13.126358377421667,60.12889264962223,0,2026-08-25 06:31:48
2024-01-10 21:51:00,CNC-02,M,298.3671227855779,311.7660480330533,2617.181365831305,19.742333519481416,154.8463576841715,3.5574271007503797,9.691936999019989,49.41120244488144,0,2026-08-25 06:31:48
2024-01-10 06:36:00,CNC-03,H,295.6888469346935,310.83172376759205,1920.6006921627845,38.80489222594011,243.5827444052866,3.408452145841526,13.842691999754834,61.31375899563608,0,2026-08-25 06:31:48
2024-01-10 20:45:00,CNC-01,L,26.493904706751152,40.522748482745214,2464.3458082708125,26.004269535815514,180.38600205432664,3.671856984230674,11.841662296804317,46.688779950345406,0,2026-08-25 06:31:48
2024-01-10 02:35:10,CNC-03,H,297.63647222751194,310.70341184932823,2592.666005955992,19.901672349111603,174.95364675579623,3.5487819121164876,9.965470095292515,51.95220992554345,0,2026-08-25 06:31:48
2024-01-10 20:31:00,CNC-03,H,26.93981746002305,40.99291775132315,2482.7782521432896,25.67695810982746,209.21740988259842,3.739291394345577,,51.06764148225083,0,2026-08-25 06:31:48
2024-01-10 10:26:00,CNC-01,L,296.7364687164404,311.25760393957677,1495.584467489209,47.585442329922834,197.82637968850864,2.8766397807547,13.488291370568739,60.642336620993866,0,2026-08-25 06:31:48
2024-01-10 02:06:00,CNC-03,H,297.9274253362391,310.6659293644066,2723.8316965717127,17.18851276576961,144.01657272656388,3.51046711515776,8.821624357363412,56.00923391871976,0,2026-08-25 06:31:48
2024-01-10 23:12:00,CNC-03,H,299.67962805408575,311.7929590872457,2797.652067031616,14.184491643709428,142.9110510694139,3.513809036167174,7.219123816735259,54.202981474699946,0,2026-08-25 06:31:48
2024-01-10 23:15:00,CNC-02,M,298.43871690121995,310.0621888701619,2641.379916855815,12.908067971306219,30.83748729169826,3.2052562130416944,6.112736550746333,53.15259120407673,0,2026-08-25 06:31:48
2024-01-10 21:11:00,CNC-02,M,25.97841409816931,39.08080883466761,2479.7250574593713,20.389521879091706,110.26541816159069,3.0414851714675946,9.38666623903491,,0,2026-08-25 06:31:48
2024-01-10 23:16:00,CNC-01,L,298.93301217796596,311.77692123549684,2509.461279415406,18.37466034469325,128.75471083558244,3.290626067885358,8.62753313597262,49.20140736873171,0,2026-08-25 06:31:48
2024-01-10 11:00:00,CNC-01,L,296.85360649297576,310.5881586720408,1414.3857563758006,49.884404515670546,28.52457926953393,2.133061893743396,12.962838673141697,59.08320985635844,0,2026-08-25 06:31:48
2024-01-10 06:28:00,CNC-03,H,295.82945415100096,310.57691403378124,1885.6356037340283,37.859344958070935,232.7514612720359,3.27137386117543,13.51698601317978,61.26715530434926,0,2026-08-25 06:31:48
2024-01-10 04:25:00,CNC-02,M,296.60687057528617,311.033046210194,0.0,29.567743680226773,127.03783243839224,3.1562234402071576,13.606629873556301,57.00184488619923,0,2026-08-25 06:31:48
2024-01-10 13:52:00,CNC-01,L,302.9601565470107,311.56159721263356,1505.3869960200757,49.12249030400983,86.64514673474311,2.301050336327314,13.858012273997232,45.619639521565766,0,2026-08-25 06:31:48
2024-01-10 09:05:00,CNC-01,L,296.3936201321451,310.51830893646246,1519.3179478342129,48.11730784506812,72.05672065402175,2.2766123848173425,13.955556527753979,57.55814542296073,0,2026-08-25 06:31:48
2024-01-10 19:33:00,CNC-02,M,299.4650257495387,314.7834656589455,2310.6850503221144,31.664599700401464,243.1888826836511,4.017059106009813,13.71472043438418,46.61226355794284,0,2026-08-25 06:31:48
2024-01-10 04:57:00,CNC-02,M,296.2405682613504,310.73670715678924,2158.665147481177,31.284110000680226,166.62086972980484,3.132033309964539,12.465725934033541,59.86012784241651,0,2026-08-25 06:31:48
2024-01-10 11:13:00,CNC-02,M,301.4561502387069,308.95968729321334,1357.6005597725305,49.58542066069313,26.865244754888714,2.171265469753366,12.894014930913652,51.01920032236275,1,2026-08-25 06:31:48
2024-01-10 11:15:00,CNC-03,H,296.91479079687866,311.4480538598996,1399.6262764009084,51.45819792671509,176.9619050455857,2.448223864548298,13.449675070218206,54.59691068460954,0,2026-08-25 06:31:48
2024-01-10 19:24:00,CNC-03,H,300.24784447032283,313.5689251957797,2276.5419294124317,25.356577548365664,128.96789585519653,,10.958490299209767,51.122659447369685,0,2026-08-25 06:31:48
2024-01-10 04:18:00,CNC-03,H,296.41949912746395,310.13006784456763,2375.75568574541,27.14191697627958,65.089503686245,2.9204754748599933,11.856137429850806,57.353209816142844,0,2026-08-25 06:31:48
2024-01-10 18:15:00,CNC-02,M,299.22758071276485,313.6092027750106,2051.003058823494,33.45846047986935,144.18494397143422,2.8681026710360578,12.9718993592797,1726.1903035559599,0,2026-08-25 06:31:48
2024-01-10 20:36:00,CNC-03,H,27.094005501454774,41.496422700584844,2526.168295747342,26.59487338478182,215.05022053788733,3.6767227071244677,12.558345480649074,46.336858575545584,0,2026-08-25 06:31:48
2024-01-10 04:44:00,CNC-03,H,296.73463689380526,310.82832096943025,2152.701871092561,31.85674417060698,97.35940305083734,2.798995487501666,12.679958683047388,59.11790103217225,0,2026-08-25 06:31:48
2024-01-10 08:52:00,CNC-02,M,295.9876423563286,310.21251637855755,1595.3866679212415,43.77426683776649,55.629815309757014,2.298919983106069,13.169902998640808,58.97087215067707,0,2026-08-25 06:31:48
2024-01-10 09:17:00,CNC-03,H,296.06170510641414,311.1819817585824,1662.4652182067937,45.071254193258135,223.56883308194537,2.917537043622783,14.23487364380144,53.45498789051416,0,2026-08-25 06:31:48
2024-01-10 20:54:00,CNC-03,H,26.7489999597758,40.884348453747805,2545.4762696980865,24.016510023998773,235.75799814452145,3.925652101034259,11.559394192390064,51.636731827841274,0,2026-08-25 06:31:48
2024-01-10 06:00:00,CNC-01,L,296.0278111595813,308.81476635473314,2116.2575224768193,26.58251069324419,17.276262757358534,2.7376100834269006,10.481369322772446,56.95902757917934,0,2026-08-25 06:31:48
2024-01-10 22:27:00,CNC-03,H,299.6684716262374,312.1874408178848,2564.959831596553,19.237273762401312,94.3266915429489,3.192247010531183,9.41978380518295,52.87367948982035,0,2026-08-25 06:31:48
2024-01-10 16:01:00,CNC-01,L,298.6773390897934,312.5207330017406,1701.6391432644998,43.72208196387719,44.35144870988553,2.307881015359329,14.175701924831436,53.15116588644857,0,2026-08-25 06:31:48
2024-01-10 08:44:00,CNC-03,H,295.9847270970064,311.08411639774533,1571.5452591855653,50.39190744559538,173.689106864807,2.6213601611253985,14.828913078584149,56.16220778357629,0,2026-08-25 06:31:48
2024-01-10 07:02:00,CNC-03,H,295.45046626994446,308.9625283185121,2018.8215830139313,32.745355085977614,24.83877916631195,2.683574491067898,12.328565528446408,65.69904444894478,0,2026-08-25 06:31:48
2024-01-10 15:52:00,CNC-03,H,299.12541191487776,313.57163533316276,1626.6298665594882,46.4178127973252,65.72033186717427,2.3167612182501687,14.168808352539797,51.10218054813687,0,2026-08-25 06:31:48
2024-01-10 00:49:00,CNC-01,L,298.50472582106977,310.83645027999245,2693.8498409868644,16.104427507251543,92.98692868486926,3.254080069770522,8.065912484924713,51.2341179320015,0,2026-08-25 06:31:48
2024-01-10 14:16:00,CNC-01,L,303.30442919619935,311.44525128144164,1466.5432714509711,47.17862935222256,123.94858380539489,2.3651818367329973,12.991264317408545,45.47383313822521,0,2026-08-25 06:31:48
2024-01-10 03:13:00,CNC-02,M,297.0858168364547,309.54640288258025,2451.787704389269,20.21049339637288,41.9475011230252,3.041709809739901,9.136203014189837,59.74124659308077,0,2026-08-25 06:31:48
2024-01-10 19:44:00,CNC-02,M,299.48435089017187,313.012466368742,2222.951420693923,27.184191698338026,8.533904516964276,2.706842972922474,11.225513276967678,52.14740890197085,0,2026-08-25 06:31:48
2024-01-10 14:27:00,CNC-01,L,303.3589893614039,311.96789384853025,1318.0045845427617,57.112981187687765,140.9903362647721,2.357961307771138,14.189562985062992,44.31533357309705,0,2026-08-25 06:31:48
2024-01-10 08:19:27,CNC-01,L,296.3694828507545,310.09769338226187,1678.4803947764535,42.626033337395896,2.9883555839305913,2.39811810608301,13.374802667891272,58.04699330378675,0,2026-08-25 06:31:48
2024-01-10 23:52:00,CNC-02,M,298.0802098169577,310.46668860250514,2730.142917096637,17.010246556047353,70.37286105629286,3.269118314324133,8.561161953725264,53.49881427718109,0,2026-08-25 06:31:48
2024-01-10 19:18:00,CNC-01,L,299.99800329423704,313.24374737348995,2219.095688879603,28.130801885291387,76.48469097342897,2.812460721337972,11.798512133976557,50.56176333036141,0,2026-08-25 06:31:48
2024-01-10 16:43:00,CNC-03,H,299.39846996754085,313.91845520091033,1822.1466147308088,38.748572455518946,139.42746241448725,2.5758122544100615,13.173155008219046,58.700438827584264,0,2026-08-25 06:31:48
2024-01-10 15:06:00,CNC-02,M,297.7273096439782,312.41690177792987,1515.1095954155846,47.14793522869704,134.7501809398287,2.3311766479769123,13.508003185480899,50.900786506337006,0,2026-08-25 06:31:48
2024-01-10 08:33:00,CNC-03,H,295.80212114279306,310.4726064690065,1533.3575943324497,47.12595557032339,157.13811150405576,2.5682246820089625,13.447633698628453,63.88309097966948,0,2026-08-25 06:31:48
2024-01-10 13:01:00,CNC-03,H,297.61054166836675,311.0961652861365,1388.7365800300358,45.80471938595327,71.28153660035801,2.073984139377383,11.785308110082951,51.78558708667011,0,2026-08-25 06:31:48
2024-01-10 22:09:00,CNC-01,L,299.8175026530923,312.0208867839422,2596.588102201179,17.91777260123335,56.48443451601351,3.176144059051159,8.839768677367664,51.44411521036852,0,2026-08-25 06:31:48
2024-01-10 20:45:00,CNC-02,M,25.828371367183706,38.628486214410714,2485.834884021046,20.20697670129843,80.67203819796816,3.0249955771223065,9.473279079573864,56.07573604640523,0,2026-08-25 06:31:48
2024-01-10 13:56:00,CNC-01,L,303.1170965464542,311.7092775969394,1547.1414118609496,47.92652991345343,92.78462906093866,2.3880210256152483,14.01100115827941,45.13688092343051,0,2026-08-25 06:31:48
2024-01-10 00:32:49,CNC-03,H,298.8618042064052,311.1001701747255,2750.53981227296,16.834254849316174,43.38999195344818,3.274092280980403,8.66820345695215,59.51970796835478,0,2026-08-25 06:31:48
2024-01-10 08:51:00,CNC-03,H,296.0459682014226,310.79418567920584,1515.94036049013,49.99771189567546,184.17225457542773,2.4519905088795086,14.304967550991194,58.553545313251966,0,2026-08-25 06:31:48
2024-01-10 01:45:00,CNC-01,L,298.196372075748,310.86681430166794,2558.7296035296054,19.4745295795885,153.13915372028197,3.417253451448867,9.417897763424454,58.05477119507498,0,2026-08-25 06:31:48
2024-01-10 23:17:00,CNC-01,L,298.86701123775384,311.9297171877266,2590.0172495144993,20.434742116262438,129.88076732941718,3.3436630520816433,10.058057694163706,54.02297925235658,0,2026-08-25 06:31:48
2024-01-10 02:45:00,CNC-01,L,297.41429833791796,309.79607378472554,2492.6168978526034,19.57778551647949,18.102721797555734,3.0770049187195196,9.182619071789041,51.826546123260535,0,2026-08-25 06:31:48
2024-01-10 11:54:00,CNC-02,M,301.63989697046634,310.51031997391664,1390.7096208036994,54.559109285368535,91.80868951921978,2.0695579622756037,14.10909106389061,49.19549130689276,0,2026-08-25 06:31:48
2024-01-10 04:04:00,CNC-03,H,296.7749953037751,309.44784348101086,2399.4759094233286,22.346785576588555,48.214569666911956,3.0339977267644938,10.235562933829597,58.221132652974795,0,2026-08-25 06:31:48
2024-01-10 17:10:00,CNC-02,M,299.11636398167786,314.14752534869643,1998.5821337285909,40.111101517552136,56.579364320207766,2.5274570603740902,328.2098562528476,52.99546437507244,0,2026-08-25 06:31:48
2024-01-10 12:20:00,CNC-01,L,296.75663787535495,311.1746002042565,1346.6046496402469,52.60439321624938,155.4631701773192,2.3139830832492243,13.069339875659201,58.83485444483932,0,2026-08-25 06:31:48
2024-01-10 02:32:00,CNC-01,L,297.49598172892837,309.91357556161114,2398.4627773338148,21.317801257295077,3.399378962401032,3.012358038642428,9.80816822686162,55.796341650802816,0,2026-08-25 06:31:48
2024-01-10 02:24:00,CNC-03,H,297.84178345628345,311.66479400053936,2549.8019985881742,23.903085649868608,163.94613775086094,3.4457631303093876,11.461638186326685,50.34030597631521,0,2026-08-25 06:31:48
2024-01-10 22:52:00,CNC-03,H,299.5826686078164,312.0132795913681,2659.057482315788,17.411869433729628,121.4668966506633,3.284614647764182,8.489756838414216,52.78212198606065,0,2026-08-25 06:31:48
2024-01-10 00:36:00,CNC-01,L,298.8327492530143,310.91609481607463,2803.773591108218,15.454922970244208,79.10177555005826,3.3763689072727554,8.00458606192009,52.801433503101954,0,2026-08-25 06:31:48
2024-01-10 15:08:00,CNC-02,M,297.3843836483789,312.41884250654454,1656.6307387624454,45.89297534317929,137.72809239050852,2.51638517165323,14.068987241141995,55.544537765254184,0,2026-08-25 06:31:48
2024-01-10 00:44:00,CNC-02,M,298.3688322211802,311.02991479295434,2788.016136398066,17.771512198793534,103.00902346255516,3.324570329392213,9.263937473394149,52.718835816027756,0,2026-08-25 06:31:48
2024-01-10 16:06:00,CNC-01,L,298.59030369247864,312.5115708714812,1602.1460058680004,44.368624545861294,51.75431449232328,2.266310633730131,13.216155811391097,54.565626430075,0,2026-08-25 06:31:48
2024-01-10 11:30:00,CNC-02,M,301.42230636049953,309.3442057264115,1393.6774295966013,48.24530950768975,53.73334728310865,2.181640228433062,12.656992707290424,48.839022952227815,0,2026-08-25 06:31:48
2024-01-10 14:42:00,CNC-03,H,298.5479264247995,313.45728440796285,1471.7308844257943,50.19952059976333,229.2727435451607,2.963463029473637,13.84218718269735,50.63985239243758,0,2026-08-25 06:31:48
2024-01-10 23:40:00,CNC-01,L,298.8859806163118,311.0871815687414,2618.4888931375367,15.373248630825152,154.2502649218303,3.5717902162965003,7.684575440456162,56.012414373743056,0,2026-08-25 06:31:48
2024-01-10 22:54:32,CNC-02,M,298.5031336990818,310.71734105968727,2635.4408029111178,17.136443874670814,10.579033760425363,3.232732701145799,8.575844216183606,52.932189021017685,0,2026-08-25 06:31:48
2024-01-10 00:29:00,CNC-01,L,298.960471270994,311.20298026441594,2581.7905959399877,18.498873950581498,71.69002473354672,30.56713491400898,8.893536738499725,53.07259197629137,0,2026-08-25 06:31:48
2024-01-10 08:59:00,CNC-02,M,295.8627513905786,309.99713112136465,1794.2539426667329,39.53320550959442,66.23842935393297,2.462756547759389,13.317691508855217,56.737625508091796,0,2026-08-25 06:31:48
2024-01-10 23:26:05,CNC-02,M,298.4934818530946,311.64763215137987,2687.658747311228,20.83441475155196,41.61211529286741,3.211025694400346,10.747294818038945,53.54213179218499,0,2026-08-25 06:31:48
2024-01-10 13:22:00,CNC-02,M,296.3125003748444,311.98478832832086,1513.6306977245185,52.52697450849156,231.41744711058823,3.1033056497254385,14.967387361492884,55.40121351818121,1,2026-08-25 06:31:48
2024-01-10 06:09:00,CNC-02,M,295.84734685918835,309.707261031869,2039.573963336199,33.14835296819655,34.57929961380427,2.6120337545949974,12.814549867347946,59.823616912895545,0,2026-08-25 06:31:48
2024-01-10 18:23:00,CNC-01,L,300.12236186781183,313.6544902731729,2052.412865560854,32.057471347386574,6.599931243110723,25.22397068418327,12.210403343621413,55.338733312119146,0,2026-08-25 06:31:48
2024-01-10 02:09:00,CNC-02,M,297.7314503052422,310.79402202854567,2639.9116979961614,19.360793741338572,194.5269478600288,36.998090180175836,9.521801039951837,59.08640326554042,0,2026-08-25 06:31:48
2024-01-10 08:08:00,CNC-01,L,296.2563523240998,311.706158938294,1517.3508337215756,53.06901555838716,197.31737235799255,2.8991492505839336,14.888964442493998,58.05849464585419,0,2026-08-25 06:31:48
2024-01-10 18:26:00,CNC-02,M,298.87180056903617,313.54469734472696,2140.0057555714934,30.396685337256947,158.54462983103988,2.989930344704059,11.901491297626384,1684.6288316462483,0,2026-08-25 06:31:48
2024-01-10 20:30:00,CNC-03,H,26.953026681140727,40.6798043635049,2558.6434732216953,22.468126801218173,208.052583688482,3.639861453489248,10.706145434041773,51.1602848775279,0,2026-08-25 06:31:48
2024-01-10 00:02:00,CNC-03,H,298.9075909758578,310.7276643958101,2802.9085178822884,14.891753425403808,10.5365493228817,3.4032902140554975,7.849388633040861,57.549921191590336,0,2026-08-25 06:31:48
2024-01-10 08:46:00,CNC-01,L,296.51003917335095,310.4957019962427,1640.6741844455528,43.000075179591526,43.10856410727762,2.2838018876476815,13.297527562117883,56.80206685484684,0,2026-08-25 06:31:48
2024-01-10 11:31:00,CNC-01,L,296.8636858484459,310.28486868183325,1361.5982244391128,45.29302915292206,77.71045559364256,1.9648648975739944,11.414319160471397,55.2501474221705,0,2026-08-25 06:31:48
2024-01-10 03:36:00,CNC-02,M,296.9358672706687,309.70414246669213,2405.5639963129643,22.27362490263451,68.62918943363925,2.8852346305246312,10.030849322728194,58.53673066328002,0,2026-08-25 06:31:48
2024-01-10 04:13:00,CNC-03,H,296.8407426487101,310.2067457774524,2341.5494567589,26.081725668690563,59.027298132875536,3.014521638214094,,55.84963489725035,0,2026-08-25 06:31:48
2024-01-10 18:47:00,CNC-02,M,299.0589536218462,313.28672989179034,2099.768840874797,30.08345833826073,185.43535044252442,3.1183759718217243,11.866526960334651,49.02142486844953,0,2026-08-25 06:31:48
2024-01-10 03:04:00,CNC-02,M,297.3820389954355,309.8458760652854,2558.1939332318316,18.907847825292517,31.63560119956035,3.0384724303758746,9.188861991984966,,0,2026-08-25 06:31:48
2024-01-10 08:06:00,CNC-02,M,295.7158590508424,310.5553588637954,1614.720223351495,45.64956937363764,199.5273063591225,28.680518313567983,13.861962534104665,60.393295662051166,0,2026-08-25 06:31:48
2024-01-10 15:17:00,CNC-01,L,298.02187935993265,312.5670899019258,1580.295479055252,44.78052858119697,217.63783749104826,3.1610026632250734,13.036741396034436,56.46826307349758,0,2026-08-25 06:31:48
2024-01-10 18:56:00,CNC-03,H,300.3409003631218,313.65684552515006,2355.104481260646,25.047319889826618,94.05436001880207,2.951202319865501,11.195062945796185,52.05623344233789,0,2026-08-25 06:31:48
2024-01-10 19:22:00,CNC-03,H,300.33224281197636,314.28212225267185,2290.0527576959385,28.46064993230163,126.46450372302937,2.9868205363231555,12.266019152608408,46.46062678587544,0,2026-08-25 06:31:48
2024-01-10 00:07:00,CNC-02,M,298.7332882015806,310.6709136449986,2815.128461263964,14.989739692618716,63.64914827934212,3.4023286386648977,7.937527034322916,51.81604373838811,0,2026-08-25 06:31:48
2024-01-10 11:45:00,CNC-01,L,296.8176810519627,310.98446885008747,1371.2085679403554,51.12424073848659,,2.0066374131843494,13.140873017252087,62.13233532628425,0,2026-08-25 06:31:48
2024-01-10 03:53:00,CNC-01,L,296.85173606669554,310.1766530640419,2452.5279403524214,23.891152001131694,96.67490437204783,3.1958696165133307,10.915677143582478,58.96734366524482,0,2026-08-25 06:31:48
2024-01-10 13:19:00,CNC-01,L,297.08902299084485,310.57030879267654,1369.1665552899894,46.7384019291029,34.727840345364015,2.0769546134802903,11.99283588034518,55.90346053084096,0,2026-08-25 06:31:48
2024-01-10 03:19:00,CNC-03,H,297.37261218065214,311.1410896948272,2533.9646623403605,22.045823162058937,226.214084852112,3.913902958140059,10.19586849206495,54.79581574636515,0,2026-08-25 06:31:48
2024-01-10 12:08:00,CNC-03,H,297.5198342171145,312.5926342050158,1370.371109840817,54.25914414060489,261.1598777602127,3.257432168171545,13.929263583474565,55.72952013346996,1,2026-08-25 06:31:48
2024-01-10 12:18:00,CNC-01,L,297.0818585988231,311.8377631881822,1384.5777418313178,53.70038611132399,152.2631701773192,2.3212750379528435,13.969053798035501,58.287727637842266,0,2026-08-25 06:31:48
2024-01-10 03:07:00,CNC-02,M,296.8091904223801,308.5767157482382,2446.674956266912,16.654356352963287,35.067340965185615,2.9736816836641635,7.817789890884562,56.25009204270145,0,2026-08-25 06:31:48
2024-01-10 02:58:00,CNC-03,H,297.43153180740455,310.9462991461512,2626.4638674151515,21.448028590134427,202.01487344092627,3.855030725818876,10.275154152516485,55.56759270722031,0,2026-08-25 06:31:48
2024-01-10 04:09:00,CNC-03,H,296.70906656876707,310.12314281679267,2335.6913550779345,26.769531558634306,54.20353220323742,2.8132455161781786,11.647465037430825,62.80699622134173,0,2026-08-25 06:31:48
2024-01-10 03:40:00,CNC-02,M,296.8030476399892,309.8517679660909,2444.000996668956,22.81278256260398,73.26902598672793,2.960890188577926,10.367446297754398,54.07122587081871,0,2026-08-25 06:31:48
2024-01-10 00:33:00,CNC-01,L,298.8705069820174,310.00526407032174,2803.315092554064,11.296081305007483,75.94880608455045,3.395743209844373,6.076222204449567,52.675314293069945,1,2026-08-25 06:31:48
2024-01-10 04:03:00,CNC-03,H,296.8265898864953,310.1509606101909,2416.909316025864,25.974438877594608,47.03119660136831,3.0425960655933784,11.773813172109902,58.0695463361654,0,2026-08-25 06:31:48
2024-01-10 11:40:00,CNC-01,L,296.8255612549482,311.17469682942937,1502.0811434798427,47.617025623631946,91.88643654854381,2.2305791533260413,13.38724262888389,56.83681606881761,0,2026-08-25 06:31:48
2024-01-10 14:20:00,CNC-01,L,303.2058850093586,311.9618417235262,1524.0993790909386,49.7609107947922,130.1561681738448,2.3848930164531397,14.389142745351732,44.96531135150335,0,2026-08-25 06:31:48
2024-01-10 23:57:00,CNC-02,M,,310.60381854180815,2703.078309720109,16.03718079028821,75.71572692925542,32.03252219082612,8.152571331881779,52.13042497959426,0,2026-08-25 06:31:48
2024-01-10 11:59:00,CNC-03,H,297.0336788807951,312.23931363927744,1429.6797794474069,53.51926496190332,246.86761868961628,2.9309654553289093,14.02705620892817,53.55817396780968,1,2026-08-25 06:31:48
2024-01-10 04:15:00,CNC-02,M,296.4058079835945,310.4445976672042,2270.655899602377,28.78612702456707,114.83505965194279,2.90336600298168,12.391604760106583,54.849662468135755,0,2026-08-25 06:31:48
2024-01-10 19:28:00,CNC-01,L,299.83407041349346,313.02659802856186,2321.6835473852266,25.628067307000432,88.85971382430945,28.946007082121763,11.265121155359987,53.95769811927042,0,2026-08-25 06:31:48
2024-01-10 02:40:29,CNC-01,L,297.37166171512433,309.51911206539387,2552.3428731707227,18.52011598927928,11.354494421754453,3.1354369001064932,8.998044537625017,53.30782171153063,0,2026-08-25 06:31:48
2024-01-10 06:56:00,CNC-03,H,295.7580542083801,308.9982060629757,1826.674178602845,34.541802327316404,16.422667675094907,2.38919796759692,11.921805192123596,58.216197684829936,0,2026-08-25 06:31:48
2024-01-10 13:40:00,CNC-02,M,296.7243912434807,310.62034046061433,1334.4912377210374,51.80654470975579,1.6,1.9983202073938438,13.008363197282101,53.56574394392476,0,2026-08-25 06:31:48
2024-01-10 09:22:00,CNC-01,L,296.43354137206256,310.9928804050945,1472.7630784709932,51.210259666668364,98.30752535757622,2.1739426839656946,13.950631085019898,56.31012383236708,0,2026-08-25 06:31:48
2024-01-10 18:11:00,CNC-01,L,299.62970951851645,314.5741304871465,1843.6116518377253,39.703850180446594,224.9488684688505,34.75531845048139,13.626796639174831,56.9626733542397,0,2026-08-25 06:31:48
2024-01-10 22:30:00,CNC-01,L,299.6811843622793,312.2124529930807,2571.997438243635,18.639445128013406,79.4063743132123,3.0956548371331594,9.148672067908247,51.14778981998432,0,2026-08-25 06:31:48
2024-01-10 21:46:00,CNC-03,H,300.0585734988797,312.39998956906544,2532.958467458626,0.0,49.65376581774497,2.977262337686292,9.15983669795705,48.568442859648144,0,2026-08-25 06:31:48
2024-01-10 10:14:00,CNC-03,H,296.6603279958689,310.79340419157563,1318.3050285393588,52.888407626046266,80.62565029133604,1.875549982172013,13.034086554121014,55.10203814175432,0,2026-08-25 06:31:48
2024-01-10 10:52:00,CNC-02,M,301.3683319988261,310.17337888279366,1302.2011270733526,55.076548573789964,242.51495024310475,3.1245605199965727,13.33908738404082,51.32778220481547,1,2026-08-25 06:31:48
2024-01-10 03:08:00,CNC-01,L,297.5025112695152,310.4470686814802,2519.3575486391665,22.303473904239198,44.25227213094759,3.102303390299271,10.47815301956237,54.317494151362226,0,2026-08-25 06:31:48
2024-01-10 11:21:00,CNC-03,H,297.2339047362225,312.4578575878684,1399.8443080413076,55.83130980695227,186.49634539347898,2.520508549756417,14.575614383654322,54.133378431408445,0,2026-08-25 06:31:48
2024-01-10 12:21:00,CNC-03,H,297.49006111064614,310.8643798835405,1335.7526395194034,49.13321417061542,7.88388996594802,1.9838125155606883,12.0743464978634,54.50912788351285,0,2026-08-25 06:31:48
2024-01-10 08:01:00,CNC-02,M,295.6927521144738,310.89650403298776,1814.9916441276498,43.55748960229182,192.1205994168734,2.926026553583583,14.855956266464968,59.03998449441429,0,2026-08-25 06:31:48
2024-01-10 12:57:00,CNC-02,M,296.2791272689811,311.4293735674074,1368.1760588436614,56.65355074567729,191.86671592846903,2.577700141171417,14.589004042024463,64.8354749518094,0,2026-08-25 06:31:48
2024-01-10 10:13:00,CNC-02,M,295.8503221416092,311.0445849164863,1579.0908410799782,49.47575729631866,181.0170791959563,2.663674448361454,14.570230627379152,58.611327002437676,0,2026-08-25 06:31:48
2024-01-10 04:52:00,CNC-03,H,296.29160137618214,310.48517058632814,2165.139582115564,32.20005941151693,107.32548838238272,2.7648846032762298,12.955195167645778,57.700254511272135,0,2026-08-25 06:31:48
2024-01-10 23:44:00,CNC-03,H,299.403502374377,312.5885311223441,2667.6516352274343,19.824356017991573,176.96534088590624,3.5280144213215783,9.944553052007885,51.922559269346266,0,2026-08-25 06:31:48
2024-01-10 21:56:00,CNC-02,M,298.57821773489576,312.1462453862042,2634.2167494762684,20.240733180877395,160.36349535757714,3.5301881576645386,9.976168168710794,52.23331695911993,0,2026-08-25 06:31:48
2024-01-10 12:26:00,CNC-01,L,296.9177597760187,311.32940443495033,1367.950487506371,53.041541220051116,165.03907617634928,2.431748327168668,13.719514831518055,56.88352641546926,0,2026-08-25 06:31:48
2024-01-10 10:39:00,CNC-01,L,296.5184930332547,312.1033421667367,1517.4841539665895,53.23605268530745,218.34157354105267,3.208604842913004,15.272648351894539,57.68738464756254,1,2026-08-25 06:31:48
2024-01-10 00:43:00,CNC-01,L,,310.917458284621,2594.3877285281847,18.48127817960641,86.60776478075796,3.238605310884466,8.891108617736869,54.8508579665449,0,2026-08-25 06:31:48
2024-01-10 03:49:00,CNC-01,L,297.17306052513595,309.62134611878133,2438.2578628194547,20.236471281408516,91.90403834269075,3.0467548410420293,9.288359488074676,54.75755519913485,0,2026-08-25 06:31:48
2024-01-10 18:10:00,CNC-01,L,299.63816815428964,314.23860101421025,2131.6809988039277,33.400390843571046,223.56790581933984,3.755605339217518,13.301399216467065,50.452884403779116,0,2026-08-25 06:31:48
2024-01-10 23:10:00,CNC-03,H,299.3540831882006,310.9444631066578,2702.3836311046375,12.935880239466085,140.82966149649516,3.448660089625032,6.78552777669621,48.358170217688105,0,2026-08-25 06:31:48
2024-01-10 17:07:00,CNC-03,H,299.7699142198075,314.9906308125655,1943.0002821356604,41.36475155558014,173.32303501087495,2.889032757953961,14.755344439894241,47.61489773680741,0,2026-08-25 06:31:48
2024-01-10 11:05:00,CNC-02,M,301.35764139345224,309.8101260543357,1528.6429320624093,49.58345369269438,14.208726154514379,2.114832608986792,14.346357758144485,52.300571990542835,0,2026-08-25 06:31:48
2024-01-10 23:26:00,CNC-02,M,298.1224914400533,309.3406728032695,2832.1952090372138,10.500580732458424,42.64460153485193,3.310522578269392,5.6240177501608075,57.34929251918894,1,2026-08-25 06:31:48
2024-01-10 13:32:00,CNC-03,H,298.0851237551911,,1399.76255996841,49.622998631764354,120.42251280557593,2.2223806504285464,12.948862814990525,56.65399505648898,0,2026-08-25 06:31:48
2024-01-10 23:04:00,CNC-01,L,299.42825470845696,311.4521960858736,2732.4344498173577,14.609688222153427,115.93599008436021,3.3861906906723456,7.676322769365442,48.11323293982106,0,2026-08-25 06:31:48
2024-01-10 03:21:00,CNC-02,M,296.85361222503815,309.65080011317093,2504.6222824420065,21.528845612177207,51.22602668093915,3.0998586335930436,10.300624136401254,56.62857498758927,0,2026-08-25 06:31:48
2024-01-10 12:59:00,CNC-01,L,297.15032855693073,310.3549004861264,1357.4949328823852,46.786261562154316,3.1554816488461386,1.9545912876456477,11.981332158050183,53.49731208091499,0,2026-08-25 06:31:48
2024-01-10 11:59:00,CNC-02,M,301.86265125595213,310.48112466122313,1383.8421851451546,53.99365193352074,99.79393270207855,2.0325693505625964,14.016046725588005,45.557054770719745,0,2026-08-25 06:31:48
2024-01-10 19:24:00,CNC-01,L,300.20178048972946,314.3378895212849,2160.0948861021748,34.226641770539054,83.93383676314737,2.7365592578951254,13.660439582142331,49.70241701959818,0,2026-08-25 06:31:48
2024-01-10 10:11:00,CNC-02,M,295.6460773844241,310.7180971826361,1559.0407527686777,50.54437732403408,177.89126373112813,2.6423673962125127,14.739767877735668,58.189044486150614,0,2026-08-25 06:31:48
2024-01-10 21:25:00,CNC-02,M,25.66794628160295,38.44126016424377,2525.378700218941,19.421435278538944,126.03986681603793,3.2270870083561243,9.242843385370378,52.63212900065697,0,2026-08-25 06:31:48
2024-01-10 15:41:00,CNC-03,H,299.2164993641087,312.90677588176345,1656.1989903912481,40.49341086193605,49.441860750928164,2.433339369642568,12.831922160224783,55.35162278396532,0,2026-08-25 06:31:48
2024-01-10 03:37:00,CNC-02,M,296.6867032076551,309.9794413721267,2457.487741196104,23.295582700260027,69.78887343447609,2.9317132490119917,10.592020306253263,58.03218398323267,0,2026-08-25 06:31:48
2024-01-10 02:17:00,CNC-03,H,298.00217366991563,310.6987083218155,2596.315467186202,18.234203126254037,156.2094472237202,3.3657982312643657,8.61005801214213,56.97938065805367,0,2026-08-25 06:31:48
2024-01-10 21:40:00,CNC-03,H,300.1237310709494,312.3521353177186,2549.2745554984194,18.02555033100189,42.954460085289654,3.1368174272646194,8.680687611171544,51.357691201650695,0,2026-08-25 06:31:48
2024-01-10 06:13:00,CNC-03,H,295.9547450888635,311.10147818679815,2001.6523188258066,37.617592784160706,212.5378985181545,3.225543123325879,14.31586687516953,56.97969875165934,0,2026-08-25 06:31:48
2024-01-10 04:47:00,CNC-01,L,296.4928102447967,310.640554440077,2175.7106063941487,31.044897044722966,162.34740231882517,3.108779608998599,12.410614353418064,55.10415864598352,0,2026-08-25 06:31:48
2024-01-10 12:14:00,CNC-03,H,297.2670233805636,313.1131994963188,1626.6867405092366,51.90239768066354,270.6266989057099,3.627429580011994,15.765399645818427,57.30989733433475,1,2026-08-25 06:31:48
2024-01-10 14:08:00,CNC-02,M,297.1294092563057,311.0535868040065,1397.4183744006582,,45.363529150339,1.9742525416895658,13.04617666371723,59.29517629505897,0,2026-08-25 06:31:48
2024-01-10 06:47:52,CNC-02,M,295.6512374791417,309.88473343476954,1973.5779604539023,36.072520471816546,87.69439529224017,2.5569045748951122,13.249424022995301,61.36306742517888,0,2026-08-25 06:31:48
2024-01-10 14:25:00,CNC-02,M,297.152892042101,311.44625489033666,1642.943967292349,44.142690368386575,71.78918058461545,2.4124788101058394,13.498602955383793,56.32144334692656,0,2026-08-25 06:31:48
2024-01-10 10:19:00,CNC-01,L,296.46133773042936,311.30293099232745,1398.1337919801872,53.2854927051746,186.78885542781282,2.618459483244891,13.961835219977743,59.9522161260654,0,2026-08-25 06:31:48
2024-01-10 20:26:00,CNC-02,M,25.79866291980835,39.41759570802435,2518.2836307001344,24.35960521356772,58.357104808899706,3.0131422200537172,11.52973099095854,54.64064579761101,0,2026-08-25 06:31:48
2024-01-10 08:48:00,CNC-02,M,295.68837832638013,310.89627082821323,1523.3399369098008,53.62419458412814,49.53380487872858,2.260150133698328,15.235121377529392,61.22249017614633,0,2026-08-25 06:31:48
2024-01-10 19:42:00,CNC-03,H,300.19343225169496,313.622963198623,2507.092616770668,23.19262486923074,150.95045338934145,3.3714485012839632,10.72437422455804,50.58798667167699,0,2026-08-25 06:31:48
2024-01-10 06:36:00,CNC-02,M,295.80210024874486,309.4521589590574,1900.0338797082404,34.909902125875796,71.22127153399494,2.6392115563332794,12.227895099213844,55.26433657189354,0,2026-08-25 06:31:48
2024-01-10 08:27:00,CNC-01,L,296.38969057524326,310.3168430252367,1620.5888637066744,43.9638737176976,14.852613886432284,2.250835168648477,13.167145988550244,55.32117763989356,0,2026-08-25 06:31:48
2024-01-10 14:42:00,CNC-01,L,297.6315681499718,312.63610261418773,1468.5891003024317,51.682857719046396,164.2227468221091,2.54238746826733,14.274304459916458,53.23938920187288,0,2026-08-25 06:31:48
2024-01-10 01:36:00,CNC-01,L,298.08712364695225,311.13522857534207,2700.1220416409055,20.371690371930214,143.41589703108045,3.5711814311612105,10.092216801549242,54.79432175345652,0,2026-08-25 06:31:48
2024-01-10 21:31:00,CNC-03,H,300.27522737408896,312.81065108778006,2458.4357301544132,21.763289768839766,32.94716850180175,3.012101706354502,9.851275404651673,48.41153958666447,0,2026-08-25 06:31:48
2024-01-10 21:07:00,CNC-01,L,26.85294210263487,39.85558966154633,2440.5279751543994,20.50718390349267,205.59600107130743,3.882704432152448,9.426596828343948,47.747609056687125,0,2026-08-25 06:31:48
2024-01-10 14:50:00,CNC-03,H,298.69052027797227,314.20687248970296,1656.0717949774348,48.606680937154906,241.58161263460738,3.255049764515725,15.09835408153696,54.195186342942954,0,2026-08-25 06:31:48
2024-01-10 11:15:00,CNC-02,M,301.53437632181186,309.5243572452645,1367.1456717381816,52.23383773372299,30.034444130850908,2.117186329210299,13.60614383043601,50.02684246173387,1,2026-08-25 06:31:48
2024-01-10 06:21:00,CNC-03,H,295.7861256412818,311.13000314890843,1997.7272559947833,39.54005979656442,223.19923408395204,3.2780920424167053,14.86423911724408,60.814638167257726,0,2026-08-25 06:31:48
2024-01-10 10:47:00,CNC-02,M,301.0937313556723,309.879589152063,1486.3360870327786,46.91702334466284,234.6788654810739,3.07308873589082,12.88818119677122,47.2259777250543,0,2026-08-25 06:31:48
2024-01-10 17:25:00,CNC-02,M,298.76719504950574,313.12567731799965,1973.656535242611,36.65619959425332,77.29990722033726,2.6700476384590774,13.43195841584197,54.385497696713074,0,2026-08-25 06:31:48
2024-01-10 06:48:00,CNC-01,L,295.7780274232082,309.9767746665252,1804.8364687568135,40.65788991670265,82.63397168331991,2.4209052190219364,13.644297616186247,59.379696956642334,0,2026-08-25 06:31:48
2024-01-10 11:12:00,CNC-02,M,301.4657088796219,310.0815142403604,1588.9727915463202,48.24896461138937,25.288554520416522,2.1044167482612472,14.00381881199968,47.25530313743641,0,2026-08-25 06:31:48
2024-01-10 14:05:00,CNC-03,H,298.23381283989426,312.99746781766123,1567.640210062228,47.477281614012234,172.131440212044,2.537387895977043,13.748006682315033,53.28095021123321,0,2026-08-25 06:31:48
2024-01-10 14:03:00,CNC-03,H,298.5083194052424,313.0426703280873,1501.389255403014,48.721423471059225,169.08766361147244,2.458579009913476,13.48001894184943,54.87221348850911,0,2026-08-25 06:31:48
2024-01-10 04:53:00,CNC-01,L,296.49242826047947,310.9335946261254,2276.8924421136644,30.615461996679564,169.87064198822486,3.348162248918385,13.173128001262592,57.73338034871558,0,2026-08-25 06:31:48
2024-01-10 20:20:00,CNC-03,H,27.019431551824994,41.48834846532844,2371.8318929506786,28.101535150344674,196.28764828256487,3.456999184754373,12.137634069791943,52.536479666450326,0,2026-08-25 06:31:48
2024-01-10 06:24:00,CNC-03,H,295.71967932552576,310.893976739578,1891.8100454588339,40.647915002050105,227.33965424277167,3.3709146177270135,14.405479346128253,59.212078332321276,0,2026-08-25 06:31:48
2024-01-10 13:46:00,CNC-02,M,296.9425581865119,311.11068948024393,1478.2784679025806,48.81222519722519,10.96704363531197,2.174855984360766,13.499687420392005,57.71245804556052,0,2026-08-25 06:31:48
2024-01-10 16:20:00,CNC-01,L,298.6608056953816,312.58325473858645,1853.4878400778625,37.59768599061428,71.85726262887312,2.519522054322438,12.992179042896021,56.22588422317793,0,2026-08-25 06:31:48
2024-01-10 06:40:00,CNC-03,H,295.8743306435961,311.12310512678846,1898.0605956700404,39.4314760052039,249.0938252934563,34.5260529730187,14.071312812929444,61.97720261194448,0,2026-08-25 06:31:48
2024-01-10 01:01:00,CNC-03,H,303.67053368520953,309.9146786006525,2748.708417224389,16.892499097176582,73.40887886520326,3.2631903141250516,8.793593134841156,42.432588919085184,0,2026-08-25 06:31:48
2024-01-10 14:47:00,CNC-01,L,297.83944973028554,312.59322730045824,1519.1003288404381,48.13120816145581,171.96437064254192,2.63784857261228,13.815525889376884,58.11539093620039,0,2026-08-25 06:31:48
2024-01-10 23:16:00,CNC-02,M,298.2932959172163,310.58047574436847,2620.5306794699522,16.54795500180551,31.947877635617047,3.175377893915647,8.021944099807566,54.34951998026196,0,2026-08-25 06:31:48
2024-01-10 08:31:00,CNC-02,M,295.66459640365787,309.6401286362852,1686.346156343312,41.840746161956595,23.842394625897576,2.3141995896890433,12.937342364746334,61.50061493676979,0,2026-08-25 06:31:48
2024-01-10 11:43:00,CNC-03,H,,311.89774073044504,1349.0324915304438,54.5479348766442,221.47909689438694,2.6293121949946956,13.737558293616484,54.17874088464439,0,2026-08-25 06:31:48
2024-01-10 14:09:00,CNC-02,M,297.0977625230289,310.68328446628595,1292.9547883101695,48.95787502995112,46.956546856596574,2.0392411279690723,11.947397161659824,59.14752391069463,0,2026-08-25 06:31:48
2024-01-10 01:35:00,CNC-01,L,298.0980043259251,310.54128346653323,2697.8524698272086,17.76129318181342,142.35285235166643,3.640884190923504,8.918211476350193,56.1346612284894,0,2026-08-25 06:31:48
2024-01-10 18:14:00,CNC-01,L,299.71666196998484,313.9848818070583,2050.587965172978,32.88409037672745,228.91745414934397,3.8424297313280946,12.858948377457489,55.5219050230319,0,2026-08-25 06:31:48
2024-01-10 14:27:00,CNC-02,M,297.3527547476811,311.63911714807216,1356.4911823396583,52.20459429819396,74.93647798055278,2.1700933187026994,13.054355647683753,54.72128671557386,0,2026-08-25 06:31:48
2024-01-10 00:45:00,CNC-03,H,304.0171376548055,309.5452612842465,2751.110476786105,14.397119289200704,56.30481552647176,3.3153755610503803,7.40176656200869,46.87788007375255,0,2026-08-25 06:31:48
2024-01-10 02:48:00,CNC-01,L,297.63411306048783,309.80422374948637,2510.451342785423,18.43317781600054,21.411571549849924,2.960741688028819,8.791818322291439,52.56068911947239,0,2026-08-25 06:31:48
2024-01-10 22:19:00,CNC-01,L,299.76578820196266,311.66179614471093,2648.55004723854,15.254241280460013,67.41376283192632,3.2338424911545745,7.489860536352226,48.95531216491663,0,2026-08-25 06:31:48
2024-01-10 18:57:00,CNC-02,M,299.21397419005626,313.8211654758727,2314.159430164532,29.08461697800648,198.03380435769057,3.514487826033704,12.638524093873963,53.38844537672264,0,2026-08-25 06:31:48
2024-01-10 22:47:00,CNC-01,L,299.38227329396443,311.46323468549093,2620.4601241254736,17.164947656095755,97.65533429254013,33.190476271983954,8.314270841182257,52.65998540166003,0,2026-08-25 06:31:48
2024-01-10 10:19:00,CNC-02,M,295.651818312967,310.574952437563,1359.887156831994,53.437499874329006,190.4489163856332,2.547727594010237,13.658300187417096,62.37860617989571,0,2026-08-25 06:31:48
2024-01-10 11:58:00,CNC-02,M,301.5358515099843,309.6894488828755,,50.663052763829675,98.2065904527766,2.0754713713495287,12.37139433347448,47.26986464288054,1,2026-08-25 06:31:48
2024-01-10 05:57:00,CNC-03,H,296.0787955013525,310.90594329139833,1965.7318055455503,36.98634533523379,190.97538090509724,2.9277539282241403,13.961721016419448,56.21187168407424,0,2026-08-25 06:31:48
2024-01-10 13:47:00,CNC-02,M,296.7332937626394,310.9299083773456,1439.122974844859,48.724721341940025,12.535058990034564,2.0889928989927244,12.987831907384304,58.99436494802112,0,2026-08-25 06:31:48
2024-01-10 06:57:00,CNC-02,M,295.6747952819872,310.03677946978206,1870.0032870040927,38.47013337628732,100.2175077473292,2.6156305304675316,13.551231390918373,56.37192437488209,0,2026-08-25 06:31:48
2024-01-10 00:38:00,CNC-01,L,298.6775286041892,311.26323479466475,2619.979094577443,18.685231303437362,81.28428002148274,31.32603892739175,9.331000440204072,54.98593422741168,0,2026-08-25 06:31:48
2024-01-10 15:32:00,CNC-01,L,298.36385221911985,311.5920444042233,1553.131461791505,40.08767544086133,1.5213003663499487,2.1531601638385585,11.310372656736488,51.15231507414482,0,2026-08-25 06:31:48
2024-01-10 11:32:00,CNC-02,M,301.57143195116356,309.3925572002257,1302.6983950879085,50.60991420752142,56.9274929058341,1.8986550830572038,12.265692838186267,48.78243249334629,1,2026-08-25 06:31:48
2024-01-10 23:10:00,CNC-02,M,298.6154048245206,310.74272875262704,2759.0377125430464,14.77725105572841,25.457818132013166,32.75600864090536,7.54180371012952,52.291471886327614,0,2026-08-25 06:31:48
2024-01-10 18:19:00,CNC-03,H,300.1513573952216,314.11036800182023,1983.7211571935143,34.53653703963109,46.47474075066033,2.5858540804227146,12.5185826205311,52.608779014047045,0,2026-08-25 06:31:48
2024-01-10 18:37:00,CNC-02,M,299.2125198362959,313.14714163249533,2224.5130681002092,26.34113907941117,172.76415331616352,3.345991276934093,10.92849822505094,54.09600329622428,0,2026-08-25 06:31:48
2024-01-10 14:39:00,CNC-02,M,297.40727919029234,312.08344468253256,1548.0163218921239,46.82020528464263,93.42200482041467,2.256022583628874,13.563150948526026,58.55477073870271,0,2026-08-25 06:31:48
2024-01-10 01:15:00,CNC-01,L,298.14489564613586,310.83232005461036,2676.60218730347,18.687476506735756,120.8161973549302,3.373389178980478,9.291411167543261,57.30998069861786,0,2026-08-25 06:31:48
2024-01-10 17:33:00,CNC-03,H,300.12780963230387,315.3557693504496,1961.4846141584806,39.802664881031234,209.1124915981694,3.248464801525392,14.598960506148789,51.43077274560398,0,2026-08-25 06:31:48
2024-01-10 11:46:00,CNC-02,M,301.91900567282954,309.99862435696417,1335.9845285613771,51.885855954443485,79.08273180231642,2.115891604520121,13.067725116668255,48.62612405559363,1,2026-08-25 06:31:48
2024-01-10 06:45:00,CNC-03,H,295.61404799222146,309.53230271996904,2037.2785232793592,34.3396874629762,,2.587692505156687,12.818882993831263,58.9586425212496,0,2026-08-25 06:31:48
2024-01-10 03:35:00,CNC-01,L,297.087021694339,309.7042939942844,2476.07419407988,19.71210930674497,75.60168623894589,3.04611076678956,9.044759092175063,60.7963302737371,0,2026-08-25 06:31:48
2024-01-10 21:35:00,CNC-03,H,299.9010327951601,312.3387480303259,2681.826741938301,18.73937274225715,37.36509549040607,3.1480195836074136,9.32408069095557,49.3454709888269,0,2026-08-25 06:31:48
2024-01-10 13:41:00,CNC-02,M,296.6514695414038,310.10064776554043,1378.9975378886263,46.301325677368354,3.172894217166429,2.056022184739959,12.097391793702291,55.959797681985165,0,2026-08-25 06:31:48
2024-01-10 03:34:00,CNC-01,L,297.2923932461704,310.6108498666467,2313.0780912082505,24.97344542806907,74.46027105517517,2.883736014104538,10.632656852362302,55.13548573778273,0,2026-08-25 06:31:48
2024-01-10 00:09:00,CNC-02,M,298.6607712833049,310.39406131148684,2723.150918982516,14.429142888991429,65.7711195727892,3.1874766934613086,7.52267261118408,51.445117849311394,0,2026-08-25 06:31:48
2024-01-10 15:28:00,CNC-03,H,2789.1316493132604,312.7690626992461,1681.0617635074773,41.24607282816615,30.121437852092193,2.1959302794513915,12.935965807804255,58.14121817854159,0,2026-08-25 06:31:48
2024-01-10 21:43:00,CNC-01,L,300.26270940900736,311.6158816539883,2645.4623814980027,14.335024038743514,27.861952320219448,31.31013534897729,7.018272125168579,50.60572876843184,0,2026-08-25 06:31:48
2024-01-10 06:54:00,CNC-03,H,295.81246710519406,309.3795424231855,1828.5352093386807,37.382773164506524,13.681757063025751,2.328058632517726,12.690253351223866,65.87719786884425,0,2026-08-25 06:31:48
2024-01-10 22:04:00,CNC-01,L,299.83795167849354,312.31441493124214,2620.0314825133796,18.83083157348619,50.96174949793261,3.1475972514820567,9.253238464938097,51.774344424316176,0,2026-08-25 06:31:48
2024-01-10 13:06:00,CNC-02,M,296.23416894891784,310.7320196600813,1305.2999427834964,48.48867619976561,206.044902315332,2.6698346392787107,11.673440651428908,58.628044242521355,0,2026-08-25 06:31:48
2024-01-10 22:40:00,CNC-02,M,298.27721635512097,311.07646973041966,2756.3559632221177,15.761986099769777,208.5160260239005,4.105657804458171,8.38235070032128,56.18867930970464,0,2026-08-25 06:31:48
2024-01-10 18:54:58,CNC-03,H,300.1171350632315,313.23177320206355,2214.6455918495,26.225880521190845,92.82301340391535,2.708129305147543,10.903435403167236,50.23579710481306,0,2026-08-25 06:31:48
2024-01-10 01:59:00,CNC-03,H,298.43564782985095,310.54739304510457,2683.1889079707503,16.374243566389232,136.29076312600424,3.391117613538501,8.194939567539256,58.49118388943893,0,2026-08-25 06:31:48
2024-01-10 12:46:00,CNC-03,H,297.76455249959344,311.5843000716762,1400.5516002151105,50.63174143642272,47.37296527651477,2.066884557387631,13.362751773551135,59.93766658412647,0,2026-08-25 06:31:48
2024-01-10 17:14:00,CNC-01,L,299.4676430006776,313.6857227374088,1894.3546276040768,37.68673660459513,148.07345349222703,,13.381228671366149,56.272769751723615,0,2026-08-25 06:31:48
2024-01-10 03:44:00,CNC-01,L,297.03033161011064,309.00529134599174,2431.5227319840656,18.13943129680389,86.02883212034003,3.091289665508052,8.294488354236583,55.72431874106376,0,2026-08-25 06:31:48
2024-01-10 12:06:00,CNC-02,M,301.7563320447946,310.7177394691507,1465.210620352109,54.13150354302627,110.95007366069795,2.219847921555418,14.841816983213606,50.17961493104235,0,2026-08-25 06:31:48
2024-01-10 02:19:00,CNC-03,H,297.82934122423114,310.59992212458855,2494.87564729918,18.445055004944734,158.41342521242993,3.2008283434697553,8.608952531355389,53.05469392338611,0,2026-08-25 06:31:48
2024-01-10 14:21:00,CNC-01,L,302.92460559821757,311.2949862792543,1530.0340780162508,47.267257381201404,131.69606899218203,2.385511159741751,13.504512819089063,46.23492381355453,0,2026-08-25 06:31:48
2024-01-10 20:00:00,CNC-03,H,27.1577864505133,41.449880201189785,2277.3615950516946,29.08315616452323,172.48244325829944,3.281646608968468,12.36900597073133,49.80223535635383,0,2026-08-25 06:31:48
2024-01-10 23:31:00,CNC-03,H,299.45794983617196,312.14097807509813,2791.990545139565,16.560206387414734,163.07614163946965,3.6688286683074414,8.712894388634105,52.70483045311689,0,2026-08-25 06:31:48
2024-01-10 11:12:00,CNC-03,H,296.9942219140402,311.6419123663997,1387.8048470684219,52.07501307707717,172.1619050455857,2.371989000308856,13.446366314600512,51.27833092621788,0,2026-08-25 06:31:48
2024-01-10 10:51:00,CNC-03,H,296.87867348408315,7113.018022864527,1466.8945252269687,49.1586207720762,138.8489841412415,2.3557086496180726,13.837889444476648,58.79391160901056,0,2026-08-25 06:31:48
2024-01-10 19:21:00,CNC-02,M,298.9715239067515,314.324583858639,2223.990994001278,33.50651668467885,228.21047383946427,3.7000234268478764,13.780517901756554,52.40872993916786,0,2026-08-25 06:31:48
2024-01-10 10:11:00,CNC-03,H,296.54242033426226,310.61771978572165,1521.2857949398717,46.77032900014405,75.88104472339276,2.145254542231626,13.45580502333535,60.58872575927349,0,2026-08-25 06:31:48
2024-01-10 12:08:00,CNC-01,L,296.9686939112237,311.3142073804449,1365.6992424544949,53.95969240256746,136.40768955673158,2.294459294615415,13.874556141671885,58.52738351054972,0,2026-08-25 06:31:48
2024-01-10 22:37:00,CNC-03,H,299.75863571327596,311.44273734576154,2786.9301368359343,14.153611738353984,105.10592989567141,3.4667556547120983,7.5784709834575255,54.92990895200306,0,2026-08-25 06:31:48
2024-01-10 05:10:00,CNC-01,L,296.398119144994,311.27907214836387,2036.4381485644,35.574226317836434,191.5023970105457,3.3188619955559755,13.729256815221813,51.744705307341235,0,2026-08-25 06:31:48
2024-01-10 05:51:00,CNC-02,M,296.09724604614405,309.86153381639497,2109.7222028421993,32.582892419281066,10.589927276939086,2.6773475440322736,12.983862690119231,55.88555157862939,0,2026-08-25 06:31:48
2024-01-10 13:10:00,CNC-03,H,297.79531742755637,312.1705937617469,1433.302137824455,51.16424858502014,85.6114058011096,2.104262042451146,13.56260518634161,53.72121853866206,0,2026-08-25 06:31:48
2024-01-10 19:27:00,CNC-03,H,300.317916810429,314.1544264016476,2274.8446132816507,29.454550077228536,132.72412986406735,3.092534016480734,12.296988249493653,50.217477711561536,0,2026-08-25 06:31:48
2024-01-10 13:10:00,CNC-01,L,297.37942052859523,311.3584291784064,1335.1078853350186,51.585038190955146,20.53536759456347,1.9961284286329153,12.999414639909677,59.25663654714682,0,2026-08-25 06:31:48
2024-01-10 16:17:00,CNC-03,H,299.1098472286977,313.46713892634915,1808.0546118724346,41.656090269974456,102.24788372696247,2.4937217073422944,14.221380555550022,52.15686966732116,0,2026-08-25 06:31:48
2024-01-10 22:10:00,CNC-01,L,299.54597386896387,311.0991136626509,2573.3661182015226,15.211571502425413,57.57318822527141,3.2444056832379458,7.2868955121153745,50.856391406476185,0,2026-08-25 06:31:48
2024-01-10 16:37:00,CNC-02,M,298.6063449830754,312.00085510006676,1610.5590930483693,39.2388577793584,10.127948907179686,2.264725267620476,11.746435567703262,54.470781585794015,0,2026-08-25 06:31:48
2024-01-10 04:06:00,CNC-02,M,296.99313949254605,309.9897243988639,2411.241977237894,20.652247973661815,104.03628274855487,3.0666460066214185,9.36748145948702,54.54496365384196,0,2026-08-25 06:31:48
2024-01-10 17:10:00,CNC-01,L,299.4653995231814,313.83244699271654,1881.2951960274172,38.02949059427876,142.45205425166154,2.7913301531897976,13.501538366681308,53.65623473216914,0,2026-08-25 06:31:48
2024-01-10 21:15:00,CNC-03,H,27.131015823605935,39.92848816154253,2511.521867424278,20.933460464367105,14.927214219543394,2.946784154593176,9.727666929290555,52.54117250849459,0,2026-08-25 06:31:48
2024-01-10 20:22:00,CNC-02,M,25.685076637989482,38.99795982889782,2366.240097806091,23.006171533173752,53.68980460567904,3.0061231217458606,10.247617295987892,55.880272962215244,0,2026-08-25 06:31:48
2024-01-10 21:04:00,CNC-03,H,26.86129666386796,39.72483777777131,2402.4793773818296,23.440918263157798,2.338381662113852,2.921147432521413,10.640410694947237,50.32420181402306,0,2026-08-25 06:31:48
2024-01-10 21:17:00,CNC-03,H,27.040373924294272,38.87509778334231,2634.5331185869304,16.238504101935398,17.165529762949962,3.1088393711206144,7.9865834287012545,55.38733140023553,0,2026-08-25 06:31:48
2024-01-10 11:56:00,CNC-01,L,296.9155047223072,311.43069108193026,1442.947910425878,,117.28321048822181,2.2413513390647184,13.072917107044262,57.29099840985049,0,2026-08-25 06:31:48
2024-01-10 18:20:00,CNC-02,M,299.2183389447842,313.9221966697942,2012.4496296014436,34.00731350231406,150.7697226560637,2.885460671447137,12.758575799908012,54.72314045998393,0,2026-08-25 06:31:48
2024-01-10 10:38:00,CNC-01,L,296.56242815237454,311.66303861174805,1385.6519458348812,53.077309458559434,216.78453079172655,3.0767174478085115,13.655765766026285,57.35467307797535,1,2026-08-25 06:31:48
2024-01-10 22:42:00,CNC-02,M,298.5014876267543,311.52770235352364,2700.791935874454,16.8294761784776,210.6246339341315,4.090344512162812,8.525060244640992,55.894546386071525,0,2026-08-25 06:31:48
2024-01-10 16:31:00,CNC-03,H,299.52971416882167,313.8113588552832,1799.1240673673226,39.627054062688714,122.30699336371234,2.5510623970605564,13.505468667293009,56.24232366322478,0,2026-08-25 06:31:48
2024-01-10 14:56:00,CNC-02,M,297.6897734008221,311.9397654820689,1388.8832537589328,49.292292428468784,119.55333034702939,22.339706229067424,12.811584470422723,54.03761216928382,0,2026-08-25 06:31:48
2024-01-10 04:11:00,CNC-03,H,297.0706896265552,311.17129180530776,2360.588864061725,30.56643582072276,56.584412467481044,,13.38847525050734,54.833708489656146,0,2026-08-25 06:31:48
2024-01-10 18:44:00,CNC-03,H,299.86805893152695,313.7849505463593,2216.477710736898,29.83241970227116,78.85846056923377,2.8794584690654372,12.39975771319819,52.70700464258309,0,2026-08-25 06:31:48
2024-01-10 17:19:00,CNC-02,M,298.9987413552426,312.68485068986485,1994.9588984909592,32.70628456202066,69.01198721974578,2.7292519233611605,,50.29572829441191,0,2026-08-25 06:31:48
2024-01-10 19:32:00,CNC-01,L,299.987018216331,313.8422982879038,2322.0120148090236,28.229030864371147,93.7242027870648,2.9960822680413868,12.300444413163195,47.60557437339559,0,2026-08-25 06:31:48
2024-01-10 08:37:00,CNC-03,H,296.0957023815778,311.9244978933808,1718.9349557477765,49.85895392377998,163.15536212016352,2.640391832139837,16.13357729142728,55.37947677112184,0,2026-08-25 06:31:48
2024-01-10 00:20:00,CNC-02,M,298.5219841198675,310.50769740193596,2732.2561001993954,,77.35393784644508,3.434501809674681,8.07564824855022,49.20952731993692,0,2026-08-25 06:31:48
2024-01-10 13:34:00,CNC-03,H,298.1862013113548,312.5919510290489,1491.0469476992857,49.80924569617774,123.50683453276041,2.2245533831888897,13.970122230062534,56.45789115264376,0,2026-08-25 06:31:48
2024-01-10 12:46:00,CNC-01,L,297.04722419688426,311.5895270132372,1327.4643849552451,53.233998086469455,196.82403794140336,2.7106365358049502,13.270707183978104,52.77893758277851,0,2026-08-25 06:31:48
2024-01-10 09:10:00,CNC-02,M,295.74855248014063,309.60025048280613,1630.541217322919,41.40418551051678,83.05237281565256,2.4376005166040833,12.319571019277506,57.6718102301685,0,2026-08-25 06:31:48
2024-01-10 13:13:00,CNC-02,M,296.29139795399533,311.4295687418517,1336.4022424900165,54.469432980115414,217.1459661649882,,13.482990289191548,57.71974354979831,0,2026-08-25 06:31:48
2024-01-10 03:11:00,CNC-01,L,297.4846546522944,309.81159320606974,2522.906902376206,18.68888305491964,47.718084658482184,3.2292936444510896,9.02081279010407,57.74114416784942,0,2026-08-25 06:31:48
2024-01-10 14:30:00,CNC-01,L,303.2353302288499,311.7321279566848,1425.9624135916254,49.84926238962444,145.6464123418838,2.4943635914387996,13.349386129317528,49.22537448922068,0,2026-08-25 06:31:48
2024-01-10 09:25:00,CNC-01,L,296.52633059975926,310.52125850566193,1394.322003770983,48.94513780173348,103.01323920639922,2.062545551846232,12.708040151518253,54.72342428982699,0,2026-08-25 06:31:48
2024-01-10 16:13:00,CNC-02,M,298.29839452843873,313.94289324769335,1915.0717392664692,42.144686344929504,234.15819937252778,3.5123066865081203,15.045261575912056,51.547967861656225,0,2026-08-25 06:31:48
2024-01-10 18:36:00,CNC-01,L,299.9185113314248,313.0239335646066,2239.71829789037,26.424931588896815,23.538492954805104,2.8068171123039356,11.008905973739669,52.51841229427284,0,2026-08-25 06:31:48
2024-01-10 19:48:00,CNC-03,H,27.04262647043697,41.14313832959061,2334.7561805016576,27.189256998714576,158.1179523092777,31.099687716404873,11.816367391051838,48.70609012537666,0,2026-08-25 06:31:48
2024-01-10 13:52:00,CNC-02,M,296.80079681848014,311.4680004741103,1401.6133319014405,55.309620761979744,20.438058232682504,2.1101520392606004,14.450618959444993,57.34733430274221,0,2026-08-25 06:31:48
2024-01-10 04:15:00,CNC-03,H,296.7105121781274,309.3767899126304,2287.1847351791967,23.903512522496317,61.50580890168827,2.9574582603311748,9.965867908528699,,0,2026-08-25 06:31:48
2024-01-10 11:14:00,CNC-03,H,296.9101210789011,311.31612450952997,1285.6029349053615,54.02250968511185,175.3619050455857,2.3380740226917225,12.909189563687379,55.02288863826672,0,2026-08-25 06:31:48
2024-01-10 21:44:00,CNC-01,L,299.6050595980373,311.9621371204854,2559.7246656910074,19.563282295411867,29.015329249925,36.50819786492749,9.32951503673505,53.45160155593945,0,2026-08-25 06:31:48
2024-01-10 05:56:00,CNC-03,H,296.0837896861493,311.17834910824826,1998.3119343260628,38.72988192345226,189.6151776332706,3.0492440580810936,14.330689659242324,58.87729806497766,0,2026-08-25 06:31:48
2024-01-10 22:37:00,CNC-01,L,299.63300034094317,311.740431882806,2663.734086160412,15.677304638344339,87.01802730579496,3.4412548099639793,7.695238100338008,53.26189049385263,0,2026-08-25 06:31:48
2024-01-10 07:07:00,CNC-01,L,296.105374532838,310.5263063945529,1751.9333221421748,40.43274056324049,109.29243875958593,2.5539080401979883,13.459488054556532,59.24799929831843,0,2026-08-25 06:31:48
2024-01-10 16:18:00,CNC-03,H,299.2030454381165,313.28841762168906,1707.2933578303002,39.14679654891137,103.68510793905666,24.014373433398696,12.426891850694197,52.72484629558805,0,2026-08-25 06:31:48
2024-01-10 22:37:00,CNC-02,M,298.2627622224671,311.13241120646984,2697.345553960508,15.872741695859311,205.25149888019928,3.9651681120210513,8.172113953163235,54.724844105143916,0,2026-08-25 06:31:48
2024-01-10 00:55:00,CNC-01,L,298.52165461398107,309.4191622956526,2732.342037204464,10.108261080920464,99.3412225403582,3.3315251674071797,5.328054822603861,51.24997967407254,1,2026-08-25 06:31:48
2024-01-10 21:09:00,CNC-03,H,26.813917966130987,39.672539334750866,2345.1522949276596,23.81281645111994,8.149388605260011,2.8826321545640172,10.69600137727063,51.60008253217625,0,2026-08-25 06:31:48
2024-01-10 10:50:00,CNC-03,H,296.5199206004579,311.548553233313,1429.569335491332,54.72575492263864,137.25693745010642,2.252227604825015,14.56772190173015,55.32426764759631,0,2026-08-25 06:31:48
2024-01-10 03:49:00,CNC-02,M,296.6296249096691,309.6566545472293,2554.9204456320963,22.748285553527325,83.84174116409395,3.107633423437271,10.826111517503964,58.14788511570712,0,2026-08-25 06:31:48
2024-01-10 15:02:00,CNC-02,M,297.58619185151537,312.3179765377783,1496.7003401126815,49.41145899919834,128.64328095986258,2.2864409055773067,13.575624355952817,55.205435969991946,0,2026-08-25 06:31:48
2024-01-10 23:39:00,CNC-03,H,299.38906008915,312.34548407311325,2761.692209284774,17.583427067997203,171.63580198117214,3.6122938314283877,9.273430209817848,55.32819113610027,0,2026-08-25 06:31:48
2024-01-10 21:15:00,CNC-02,M,25.73901537613534,39.005046727608715,2568.1776885912263,20.97438029657517,114.83082167024868,3.2356658082863703,10.245894900836692,54.738936461234154,0,2026-08-25 06:31:48
2024-01-10 14:38:19,CNC-01,L,297.8253505488842,312.3026360523212,1360.7927166833686,52.30666458604994,158.06685232394884,2.3815349582075176,13.38576515144679,56.75958692477457,0,2026-08-25 06:31:48
2024-01-10 22:03:00,CNC-03,H,299.9084637090453,311.18460465556404,2487.3396263787163,14.342127913532122,68.26678048241853,2.9986433722545334,6.379577616883579,46.486631287126635,0,2026-08-25 06:31:48
2024-01-10 12:49:00,CNC-03,H,297.8655383271563,311.43519841736196,1354.5259091982537,47.55554525094078,52.16171052080365,2.087046101606343,12.033286048818884,50.9520176690998,0,2026-08-25 06:31:48
2024-01-10 02:03:00,CNC-02,M,297.86530394587794,310.85242878945587,2530.620246872875,20.466625581364582,188.0071763659021,3.502384094895268,206.69742498041714,54.42048889805747,0,2026-08-25 06:31:48
2024-01-10 02:54:00,CNC-03,H,297.58028217701565,311.5502395121076,2488.572402217651,25.12789732823011,197.46179627231666,3.601684643196299,11.535647842590638,55.4609754674764,0,2026-08-25 06:31:48
2024-01-10 20:00:00,CNC-02,M,26.274424841397604,40.0236903944716,2382.1747123006426,26.332391065355118,27.722627053296826,2.908097146817973,11.962992404745389,53.92095912033896,0,2026-08-25 06:31:48
2024-01-10 23:37:00,CNC-03,H,299.8243765324482,312.76530402212285,2640.7604976052476,19.675191985818657,169.53560784300709,3.4188554556397897,9.771622224871644,46.89569577609314,0,2026-08-25 06:31:48
2024-01-10 00:56:00,CNC-02,M,298.411895532855,311.29395177678606,2688.5373922163444,19.85731268935863,115.88640838661004,3.3757840815455573,10.076495859900513,55.72697502409694,0,2026-08-25 06:31:48
2024-01-10 08:31:00,CNC-03,H,295.9739091427766,311.10513876196313,1741.6608152919416,46.32280618822951,154.0932292581667,2.5101639926299986,15.105808302912017,60.569646838238235,0,2026-08-25 06:31:48
2024-01-10 21:35:00,CNC-01,L,300.00248569543936,312.22637212926526,2484.7988476957657,17.638663935179824,18.955575088131674,3.0023286083490213,7.954871046729547,51.47653183467198,0,2026-08-25 06:31:48
2024-01-10 10:16:00,CNC-01,L,296.7946073487363,311.2309186000701,1362.797399399739,51.14442937529841,182.11894553650512,2.6013760165672335,13.133420882185696,60.4409483568848,0,2026-08-25 06:31:48
2024-01-10 00:50:00,CNC-02,M,298.364838462373,311.1399100579365,2636.286667836503,19.36394136875941,109.40077057227641,3.2896399457893133,9.534511502746154,55.77697748646253,0,2026-08-25 06:31:48
2024-01-10 23:43:00,CNC-03,H,299.54306535646566,312.6322005310391,2664.986445716068,19.97767559354534,175.90191607197477,3.6373001236535525,9.8545997265175,52.64428357613094,0,2026-08-25 06:31:48
2024-01-10 14:16:00,CNC-03,H,298.576274817762,313.23722499072267,1357.9197312010199,54.36706999302171,189.06054823622776,2.5285208299203528,14.049539551127513,52.79936349798567,0,2026-08-25 06:31:48
2024-01-10 17:18:00,CNC-01,L,299.47982965580036,313.972289618853,1858.8466465509473,38.81783190279465,153.61020931521224,2.810538932133116,13.407432870828675,50.458901993842616,0,2026-08-25 06:31:48
2024-01-10 14:36:00,CNC-01,L,303.46429684369997,312.20774687183075,1565.003766723426,49.03842909530087,154.9038911145217,2.5286348712178772,14.51625859709684,44.53544106863904,0,2026-08-25 06:31:48
2024-01-10 20:50:28,CNC-02,M,25.734494483166543,,2412.807822983962,25.893321101168084,86.3943342349882,2.9773635237008196,11.49819817542758,54.52142908513882,0,2026-08-25 06:31:48
2024-01-10 00:15:00,CNC-03,H,298.6885369106831,309.8339880654876,2733.0892152286524,12.637931120314914,24.298479671183202,3.1975761885952565,6.303493923089359,54.05859449938613,0,2026-08-25 06:31:48
2024-01-10 05:45:00,CNC-01,L,296.1977777794541,311.1218429529442,2184.4303338151212,32.4272505646229,236.5222818328866,4.080080241993203,13.056691559501854,57.25657759606627,0,2026-08-25 06:31:48
2024-01-10 22:25:00,CNC-01,L,299.5469253048734,311.13003122312494,2581.3885831426064,14.967864812111316,73.98138934239616,3.050458181230992,7.316665397217494,57.61232815004126,0,2026-08-25 06:31:48
2024-01-10 08:52:00,CNC-01,L,296.097254932708,310.4585308874203,1757.6826170472048,43.19082815517741,52.1909197634247,2.3706063585788892,14.084547427679754,54.97715066117186,0,2026-08-25 06:31:48
2024-01-10 05:07:00,CNC-02,M,296.1687926430254,310.3594405996472,2095.8524939588647,30.564604352704116,179.31335938430678,3.1363464374202157,11.896886980706352,59.39169697920767,0,2026-08-25 06:31:48
2024-01-10 00:52:00,CNC-02,M,,310.82294766236316,2688.5241353803704,17.68185814071308,111.54158378279662,3.365257684683281,8.84621168968995,50.94707771715549,0,2026-08-25 06:31:48
2024-01-10 02:37:00,CNC-01,L,297.3843559592081,309.88603125757726,2546.98515705169,20.37120144260316,9.10148983979814,3.080695340801013,9.770876195449931,55.39352036858567,0,2026-08-25 06:31:48
2024-01-10 22:51:00,CNC-03,H,299.8627918365151,312.48091632210827,2512.0685100468963,19.545112622500177,120.38326383968078,3.3121373298149503,9.310105485655054,46.97957641486759,0,2026-08-25 06:31:48
2024-01-10 11:58:00,CNC-03,H,297.24768509552626,311.88938044702377,1313.4376941305384,53.21156038021803,245.26761868961628,3.0358246474508,13.264923719787653,54.27217956706474,1,2026-08-25 06:31:48
2024-01-10 21:30:00,CNC-02,M,298.8584009964219,312.9186681307018,2504.556105289941,25.025827363296873,131.68024561119756,3.2124943540363895,11.62145255756691,53.92092693756198,0,2026-08-25 06:31:48
2024-01-10 20:14:00,CNC-01,L,26.919805003122065,40.43051061533515,2300.283379093808,25.006611934749372,144.22698845787178,3.19086951905855,10.525020437666447,49.13333348016125,0,2026-08-25 06:31:48
2024-01-10 09:31:53,CNC-02,M,296.2170482538343,310.8880082880271,1463.284454661499,51.26226782139697,118.43244666036222,2.2896365563385372,14.339094358208932,61.01996243283304,0,2026-08-25 06:31:48
2024-01-10 19:23:00,CNC-02,M,299.51454218126753,314.6778556853665,2184.9681217881607,33.51800362198228,230.71233173458756,3.7130544793496663,13.95782424276632,51.03791035108622,0,2026-08-25 06:31:48
2024-01-10 01:35:00,CNC-02,M,297.66401153112366,310.31629062332905,2786.127022408529,16.820983205183747,157.60950782819756,3.5473085329328793,8.749138867075313,58.01447515740554,0,2026-08-25 06:31:48
2024-01-10 06:49:00,CNC-01,L,295.55994198530004,309.16875014063777,1822.017563210607,35.420849063319544,84.03232545317634,2.4252834964611623,12.060296613430602,57.05133806462657,0,2026-08-25 06:31:48
2024-01-10 16:10:00,CNC-03,H,299.38818704507975,313.66674557835444,1455.1306518084155,50.450385124114035,92.01645980469128,2.0314886118284052,13.688716193916457,54.00899117209175,0,2026-08-25 06:31:48
2024-01-10 04:51:00,CNC-02,M,296.49216389047564,310.41784149305954,2339.7988702311814,28.423957050821674,159.10833888937873,3.220912579323997,12.3676348893134,62.52460439443942,0,2026-08-25 06:31:48
2024-01-10 08:25:00,CNC-01,L,296.32487240989445,309.8751063434992,1835.6202630099917,37.49752965716114,11.790191810623153,2.5367051681503137,12.628784072878988,60.064559270447134,0,2026-08-25 06:31:48
2024-01-10 03:00:00,CNC-01,L,297.2559222998686,309.9145274497382,2507.322564595794,20.685242704867903,35.20595614966684,3.0346134007628187,9.642138920873592,54.316568920870026,0,2026-08-25 06:31:48
2024-01-10 10:47:00,CNC-03,H,296.7270671973555,311.11571512681303,1522.8094361555575,47.20512958858935,132.51802735425852,2.305046534279914,13.589111632618541,59.1489411976774,0,2026-08-25 06:31:48
2024-01-10 22:13:00,CNC-01,L,299.7006539807579,312.6619933538598,2605.7005546026066,21.605239899021107,60.85301246361466,3.280012762098139,10.922934325545299,54.73916127559124,0,2026-08-25 06:31:48
2024-01-10 06:55:00,CNC-03,H,295.99536684377597,310.41213216886234,2023.2451119170462,39.04798586515295,15.03960926150881,2.689103563529907,14.759379407121347,58.62715470709918,0,2026-08-25 06:31:48
2024-01-10 05:09:00,CNC-03,H,296.33930068489894,310.3462112990715,2127.499336104581,30.86741780516008,128.87472604779168,2.8504160722738665,12.264328474515272,62.657922303958635,0,2026-08-25 06:31:48
2024-01-10 20:40:00,CNC-01,L,26.382084814232485,39.788169883251896,2468.70360515556,23.0531333082964,174.66788955544737,3.4417450967142758,10.647303746594183,54.74163922156378,0,2026-08-25 06:31:48
2024-01-10 18:10:00,CNC-02,M,299.1595324238127,314.10131949001953,2047.0081713804984,,137.6129367728828,2.8382482453836357,13.918429550168579,54.70050580453085,0,2026-08-25 06:31:48
2024-01-10 10:12:00,CNC-02,M,295.7222401934245,310.1178326787119,,51.3195092379959,179.4836038385974,2.3275256354751144,13.019391109468508,54.902402944964145,0,2026-08-25 06:31:48
2024-01-10 04:33:00,CNC-02,M,296.7444840148882,311.339952707519,2495.5212350189076,28.088144578974557,136.70671667930378,3.2925582833881943,13.027676564809656,56.7006499539614,0,2026-08-25 06:31:48
2024-01-10 06:47:00,CNC-01,L,295.83198778156543,309.8670027201399,1851.7014074696485,37.43366343106961,81.21626462481095,2.610457641220989,13.23022151873809,62.493883516954334,0,2026-08-25 06:31:48
2024-01-10 12:54:00,CNC-02,M,296.0453626993127,311.2116491407852,1353.7499022264078,54.760414222033376,187.09735402537245,2.5214165193836973,14.035358805089707,58.86880757314257,0,2026-08-25 06:31:48
2024-01-10 22:12:00,CNC-03,H,300.167769944677,313.3506674245259,2554.5674647053024,21.94434544852834,78.12869982964376,3.198014702214768,10.602588375721025,52.516127413499156,0,2026-08-25 06:31:48
2024-01-10 09:00:00,CNC-03,H,296.15463992814335,310.906804621841,1536.4851387933213,49.518893106262134,197.73287002598133,2.6690900759471865,14.25661634411744,61.18176583269785,0,2026-08-25 06:31:48
2024-01-10 00:56:00,CNC-03,H,304.03425423696245,309.0559146404799,2604.816210801854,11.635003637602805,68.0073413494401,3.1542367590181914,5.763344821910303,42.24696686005945,1,2026-08-25 06:31:48
2024-01-10 05:50:00,CNC-01,L,296.0295653075476,309.323452773015,2101.734697662656,30.707712637389086,3.939608796188427,2.6838596416351472,11.73193524526541,59.19982019217461,0,2026-08-25 06:31:48
2024-01-10 00:29:00,CNC-02,M,298.5161607314602,310.4466794649762,2663.505226169966,15.09226539226342,86.9165448121178,3.2700776345056797,7.518834565247872,56.54638139199375,0,2026-08-25 06:31:48
2024-01-10 16:48:00,CNC-03,H,299.40304565595403,313.86719306787637,1739.93482090211,42.83315488282332,146.54646258678412,2.6507030503851228,13.83255067832976,51.06369670673537,0,2026-08-25 06:31:48
2024-01-10 11:27:00,CNC-01,L,296.7308795950479,310.46112315562095,1397.0261996037239,46.61582947891581,71.36135808777021,2.060286866632333,12.262171043227816,59.3093749686386,0,2026-08-25 06:31:48
2024-01-10 01:11:00,CNC-03,H,303.75425582565356,310.3642518986692,2643.5995876223988,19.428224007179995,84.3172782695159,3.2502690668400978,9.763364386065847,46.37563693266935,0,2026-08-25 06:31:48
2024-01-10 06:41:00,CNC-03,H,295.73638324892653,310.58647758227676,1947.4298835990096,36.462009152391154,250.46010490751817,3.5988238337275473,13.146507883121389,59.637090962905155,0,2026-08-25 06:31:48
2024-01-10 01:20:38,CNC-03,H,303.6017405894326,309.11705918998206,2704.0193722953445,13.490120080538222,93.97125687030815,3.3930797243370305,6.959844996230926,44.76587041925917,0,2026-08-25 06:31:48
2024-01-10 11:42:00,CNC-01,L,296.7026386619573,310.6905081142682,1341.0979817015668,50.74437239708572,95.0864365485438,21.245428119754735,12.82731003779751,59.002296270834094,0,2026-08-25 06:31:48
2024-01-10 22:45:00,CNC-02,M,298.49405849744124,311.6540206296106,2654.867935779102,17.197859291789054,213.84114607530455,3.9065887002108766,8.504950232522035,55.31302734623196,0,2026-08-25 06:31:48
2024-01-10 15:16:00,CNC-03,H,299.04137760460753,312.2210484673737,1549.641163498074,39.72415261638219,12.074801926002486,2.183134674897036,11.634464008185658,49.823653527726584,0,2026-08-25 06:31:48
2024-01-10 17:19:00,CNC-01,L,299.7069075499608,314.6564712257475,1937.8761715280314,39.76086071593693,154.96921346159996,2.916448953675732,14.676893439710232,51.33838679445872,0,2026-08-25 06:31:48
2024-01-10 13:14:00,CNC-01,L,296.90888337728376,310.4187223547579,1545.3072576291074,41.94334601029347,26.7848346718917,2.169736397214792,12.100530180731827,54.327883957321575,0,2026-08-25 06:31:48
2024-01-10 12:05:00,CNC-01,L,297.0602395604833,311.0361420381601,1319.0413201775277,51.18193654312665,131.61032818126955,2.2204863822311363,12.908785762240255,59.34702450096386,0,2026-08-25 06:31:48
2024-01-10 11:36:00,CNC-03,H,297.24690875860193,312.6335535410326,1340.1648388252163,58.74077419929241,210.40412698947813,2.624012999021342,14.45087972192477,53.550233921661274,0,2026-08-25 06:31:48
2024-01-10 03:15:00,CNC-02,M,297.11855031695154,309.4849810155287,2475.1273814295478,20.043250946430994,44.21089884850201,2.990857083248028,9.402183054153756,60.86981439545408,0,2026-08-25 06:31:48
2024-01-10 15:31:00,CNC-02,M,297.93461273862096,313.12371774373514,1586.594255506673,48.301857651299166,172.41395309619125,2.7095623356240406,14.401967268469104,54.10667753156308,0,2026-08-25 06:31:48
2024-01-10 10:36:00,CNC-01,L,296.585125112453,311.41361168226933,1379.2407210865294,52.130716553158024,213.63875575464422,3.01741759887043,13.331827699667034,59.95824297749701,1,2026-08-25 06:31:48
2024-01-10 16:35:00,CNC-03,H,,313.56308394494636,1590.3494701351647,44.17805392494738,128.031280283742,2.4705001901201205,13.146580629287731,56.55206460225613,0,2026-08-25 06:31:48
2024-01-10 18:51:00,CNC-02,M,299.002391309148,313.42496451475745,2232.313756402903,29.110462015919875,190.41409275361275,3.3323020382065156,11.878512122886805,54.658728393335025,0,2026-08-25 06:31:48
2024-01-10 22:45:00,CNC-01,L,299.8945620480762,311.93223730623004,2644.154043803955,16.11284064388025,95.47813160112224,3.1119846782847205,8.071663505716648,46.843748613543056,0,2026-08-25 06:31:48
2024-01-10 02:32:28,CNC-02,M,297.54140071483,311.4082076340114,2532.6806782913004,23.694169988839864,220.06415465644977,3.945152231368218,11.25953053473684,57.266002118751054,0,2026-08-25 06:31:48
2024-01-10 21:39:00,CNC-02,M,298.53273084547317,312.8117178255172,2464.6779966530307,27.335227761645953,141.75721072114686,3.251407891329825,12.899434362083019,59.357630620403285,0,2026-08-25 06:31:48
2024-01-10 17:11:00,CNC-03,H,299.65119051064886,315.11584701164816,1993.8791363613564,40.4302253834409,178.86176209476548,2.9390266798402136,15.226971255649824,57.456631268759224,0,2026-08-25 06:31:48
2024-01-10 13:49:00,CNC-03,H,298.0589216896978,312.2806752142587,1394.117219711237,50.47913402919127,147.19123649659053,2.3358834712019876,13.290586400924655,56.59460673235999,0,2026-08-25 06:31:48
2024-01-10 18:54:00,CNC-02,M,298.9834054469727,313.9455437296491,2105.1390245817024,35.065244051791,194.26729398407875,3.2408690769447928,13.996596149927711,50.80516107986377,0,2026-08-25 06:31:48
2024-01-10 06:05:00,CNC-01,L,295.99688743239886,309.6277445619794,2034.9099231921548,34.6953340366128,24.01604696068376,2.653053705533943,13.110489991526695,53.94685605754975,0,2026-08-25 06:31:48
2024-01-10 13:13:00,CNC-03,H,298.13734448408997,311.9721076253097,1329.6308816696874,50.437311429835404,90.37770238049762,1.9942627267810684,12.250728256512879,54.81910836944986,0,2026-08-25 06:31:48
2024-01-10 06:35:42,CNC-01,L,296.3004949696212,310.75387210225244,1873.615433709934,39.69578999841793,65.83695067246376,2.4905561965492713,13.63829261702875,59.59209132064556,0,2026-08-25 06:31:48
2024-01-10 01:09:00,CNC-02,M,298.2561643191888,311.20977723523293,2718.033256207922,18.962039320880766,129.63903885101084,3.4052400949896247,9.317478665931754,56.1683072475136,0,2026-08-25 06:31:48
2024-01-10 00:02:00,CNC-02,M,299.0282876529808,310.82616627580416,2666.873444887018,14.81557308163422,58.3822404180944,3.1724251375340575,7.5078432786929055,53.03035459130079,0,2026-08-25 06:31:48
2024-01-10 22:58:00,CNC-02,M,298.4836081597087,310.8713904325731,2534.8308095183393,18.269699008025384,12.741706906638477,2.992084356910234,8.46987849157469,52.32616963198976,0,2026-08-25 06:31:48
2024-01-10 22:15:00,CNC-01,L,299.6510532636228,312.07490610389203,2648.3283059092178,18.113566066827804,63.08213273903524,3.343061066116265,8.970047886623897,51.87947685856977,0,2026-08-25 06:31:48
2024-01-10 23:03:00,CNC-03,H,299.64044248931515,312.10864301853076,2686.819354091108,16.531576957441672,133.29844949820276,3.311383718228022,8.167500594255706,53.902249223280926,0,2026-08-25 06:31:48
2024-01-10 04:24:00,CNC-03,H,296.72123726719155,310.258466556228,2357.6449470848866,26.983235513299835,72.45686482867063,2.933597680764212,11.834079855593089,56.868896588433095,0,2026-08-25 06:31:48
2024-01-10 01:47:00,CNC-02,M,297.41007086266717,310.63274603074535,2681.7009690098685,19.783000602671557,170.62642578194382,3.7056303741330234,9.802617831152556,52.156825030617,0,2026-08-25 06:31:48
2024-01-10 02:50:00,CNC-02,M,297.56430094356193,309.4376264805968,2520.99639726503,16.580466450653176,15.732604947710088,3.112090275397203,7.9142659703856575,56.51576967612354,0,2026-08-25 06:31:48
2024-01-10 14:08:00,CNC-01,L,302.98177168115217,311.53721581848737,1439.4188965400022,51.506099548635504,111.48776025603297,2.368233082701714,13.738308441258946,42.911563477069606,0,2026-08-25 06:31:48
2024-01-10 13:43:00,CNC-02,M,296.4561554742674,310.71197399557644,1534.6461748570523,48.91396851973482,6.306344176849431,2.135498859098762,13.892756852659657,55.59670801647401,0,2026-08-25 06:31:48
2024-01-10 15:27:00,CNC-01,L,298.4941893308091,313.53443655441424,1523.2530491133678,49.053170012047126,232.65668227981726,3.319231689781445,14.15523695496654,52.569402728081926,1,2026-08-25 06:31:48
2024-01-10 07:55:00,CNC-02,M,295.7568321489118,310.9601591569807,1733.8907450357945,46.53863550253282,183.37210035950633,2.7812005002316442,15.130772297761679,59.83533911325309,0,2026-08-25 06:31:48
2024-01-10 20:17:00,CNC-03,H,27.18287264895639,40.95666894251332,2236.9266017942027,26.703157020420758,192.65191683220104,3.2697863455457004,11.258015234260267,55.922779657226776,0,2026-08-25 06:31:48
2024-01-10 03:39:00,CNC-02,M,296.792329152947,309.54260592310754,2402.7985501624676,21.022421848623893,72.10811852313047,2.9390726250941173,9.690341373406895,56.12591259943848,0,2026-08-25 06:31:48
2024-01-10 21:53:13,CNC-03,H,300.0927673717522,311.52972982657906,2728.32956119375,12.942018109643955,56.196706209993735,38.21945439714767,6.674537525628961,57.90652124675232,0,2026-08-25 06:31:48
2024-01-10 12:53:00,CNC-01,L,296.9328654562959,311.7626469238967,1433.551811827707,51.30023730050163,207.9054612582,28.704396455043387,13.471835626513888,57.694742199273065,0,2026-08-25 06:31:48
2024-01-10 03:25:00,CNC-02,M,296.8741856633275,309.93624273299395,2306.017482340045,24.043067820533135,55.917215284166375,2.8712381422153577,10.341924359609136,54.80947727962944,0,2026-08-25 06:31:48
2024-01-10 08:03:00,CNC-02,M,295.6418700725956,310.28160023328513,1583.4580449497603,45.265526846918604,195.1351998281673,2.7807014086342177,13.389022982136805,59.64834577618437,0,2026-08-25 06:31:48
2024-01-10 16:52:00,CNC-01,L,299.2794226450484,313.55562316804827,1763.5750473902979,39.932016412956024,117.23776618592764,2.583253611677224,,47.91731413128658,0,2026-08-25 06:31:48
2024-01-10 13:06:00,CNC-01,L,296.93525925649726,310.7934489552298,1437.9883930618769,49.08226086471217,14.175261490398583,2.1392441764772268,13.284249004216631,55.80381101350445,0,2026-08-25 06:31:48
2024-01-10 15:57:00,CNC-01,L,298.89720499733266,312.98931626838987,1604.597911824677,44.82664725154155,38.493371375005125,2.353164418582076,13.326964829234159,51.05259283579695,0,2026-08-25 06:31:48
2024-01-10 12:48:00,CNC-03,H,297.94842339759776,312.0064833291019,1356.6557478140144,52.730560790216515,50.56171052080365,1.9456609728761842,13.526364481568562,57.42284427150811,0,2026-08-25 06:31:48
2024-01-10 05:01:00,CNC-03,H,296.22285335024185,310.68157079018613,2128.5567918235565,33.084438829469875,118.76536219707899,2.7773103296161676,13.411615006801856,60.898325281656746,0,2026-08-25 06:31:48
2024-01-10 06:00:00,CNC-02,M,296.06064387641493,309.74060590483435,2038.8288682137174,32.434290119352106,22.59358998970663,2.6609969991510343,12.128884042862019,61.26296019136436,0,2026-08-25 06:31:48
2024-01-10 12:47:00,CNC-03,H,297.6706570431737,311.4026600556509,1366.2806141568321,48.931544305172466,48.96171052080365,1.9833564106881645,12.500113930925483,52.75829272514449,0,2026-08-25 06:31:48
2024-01-10 09:20:00,CNC-02,M,296.1273550929411,310.55597309789357,1610.512871357009,,98.35136955142741,2.228075902622512,13.56779686375236,55.505787655441175,0,2026-08-25 06:31:48
2024-01-10 18:24:00,CNC-02,M,299.0402249104754,313.61036561140514,2015.743214584012,34.47971022437419,155.98840426762223,2.927899065459038,13.286321936547793,51.719207676175046,0,2026-08-25 06:31:48
2024-01-10 21:28:00,CNC-02,M,298.6984693438701,311.85967353771133,2631.5765147245015,19.31901388249028,129.37376542772196,3.3476207921381547,9.48149963900943,55.35847730253908,0,2026-08-25 06:31:48
2024-01-10 13:55:00,CNC-02,M,296.9386412865737,310.6592155902848,1306.266169503469,49.48591614230177,25.0638537873675,1.9916368633761665,12.184266608320844,54.503258600542985,0,2026-08-25 06:31:48
2024-01-10 13:05:00,CNC-03,H,298.0921245939773,312.0839005505845,1329.2401343247893,53.16488809888255,77.67929951508945,2.1119297043807554,13.509452392357064,51.59518582874939,0,2026-08-25 06:31:48
2024-01-10 05:08:00,CNC-03,H,296.1995575764791,310.1562991662622,2224.1677339635207,28.96433358438369,127.56380253155865,2.9405104552695422,11.941757626320392,57.70132021527519,0,2026-08-25 06:31:48
2024-01-10 08:10:00,CNC-01,L,296.23305707921327,311.1191073032411,1709.3518239559248,44.387664330331184,200.20651564209564,3.0679290358117948,14.387478226865259,56.357939059768135,0,2026-08-25 06:31:48
2024-01-10 23:00:44,CNC-02,M,298.3548946787538,309.48882819336285,2810.5520937672336,9.63141145259151,15.94163047421479,3.3438840526938733,4.991937479826054,49.56123549717381,1,2026-08-25 06:31:48
2024-01-10 22:05:00,CNC-03,H,299.96943183664484,312.1929862510928,2745.3712634346266,16.814046935914142,70.38923517447363,3.379513535378652,8.697025522784084,50.3402404535337,0,2026-08-25 06:31:48
2024-01-10 11:16:00,CNC-03,H,296.9434193004923,311.0748951287237,1327.856652230713,50.816721241537394,178.5619050455857,2.3408823595661015,12.72054194306685,55.636704994495844,0,2026-08-25 06:31:48
2024-01-10 05:43:00,CNC-03,H,295.8611498451155,310.06301079527265,2103.654857947544,32.45600205212969,172.6434167162766,3.037223274877526,12.60148656371963,59.090934651273066,0,2026-08-25 06:31:48
2024-01-10 02:23:00,CNC-02,M,297.69494399771554,311.04840390952927,2688.710258040273,19.339669941230802,,3.991985931113558,9.845806296724662,57.65003142427474,0,2026-08-25 06:31:48
2024-01-10 03:55:00,CNC-01,L,296.68285409253394,310.4444913235115,2355.157893464792,26.232403218729658,99.13734789277835,2.930925465398851,11.609495987742859,55.274751996316915,0,2026-08-25 06:31:48
2024-01-10 19:40:00,CNC-02,M,299.311294205405,312.478784347198,2220.7752694226915,27.30230195704252,3.64277281647266,2.813654232264021,11.210773538725949,54.7511938012513,0,2026-08-25 06:31:48
2024-01-10 02:18:00,CNC-02,M,297.65118553749153,311.5038263542949,2506.8316204444272,24.054306335351395,204.47884760666597,3.7795960258824612,11.321767686072468,53.55184646978117,0,2026-08-25 06:31:48
2024-01-10 19:40:00,CNC-01,L,300.0078004821657,313.42996478929143,2419.1686786982896,25.459859165286105,103.47348742041073,3.1017681030144506,11.40368006797964,49.7924621097456,0,2026-08-25 06:31:48
2024-01-10 03:09:00,CNC-02,M,296.97417539480955,309.6756197292823,2458.944861591152,21.95530825073569,37.39223282476621,3.112702926680763,9.953569691276803,54.34474151909849,0,2026-08-25 06:31:48
2024-01-10 20:47:00,CNC-02,M,25.769086528947412,38.90615513948444,2461.0286741256987,22.852053847837844,82.9831551543048,29.01987050485129,10.575874317736355,52.24575243720992,0,2026-08-25 06:31:48
2024-01-10 11:24:00,CNC-02,M,301.7502051731111,0.0,,46.06852406538752,44.221938802512625,2.0449421795709135,12.437927996183165,47.68625336261562,0,2026-08-25 06:31:48
2024-01-10 21:34:00,CNC-02,M,299.05686152216475,312.19532777911536,2537.95231946911,19.16823002502321,136.13054924812724,3.2204298670287983,8.864152657076746,59.352872095376554,0,2026-08-25 06:31:48
2024-01-10 04:02:00,CNC-02,M,296.8072161770409,310.0142571028532,2411.6343103908744,22.200762095394147,99.19829254685814,3.139460064653559,10.08048827674002,57.92928710105765,0,2026-08-25 06:31:48
2024-01-10 06:14:00,CNC-03,H,295.6995750342499,310.93452091471585,1894.4761877647547,40.742017192281374,,3.159954803866005,14.133403853408922,57.04406798742015,0,2026-08-25 06:31:48
2024-01-10 13:49:00,CNC-02,M,296.91604177095616,310.87594783038037,1466.0102349761478,47.1068017117662,15.681570264960513,2.1296727605226313,12.792806821791164,53.697600191090594,0,2026-08-25 06:31:48
2024-01-10 02:51:00,CNC-01,L,297.5887897973463,310.30497833687446,2391.8188586703163,22.893269743422444,24.85392631550018,2.8888388831200764,10.288334580687367,54.753386041603115,0,2026-08-25 06:31:48
2024-01-10 23:03:00,CNC-01,L,299.22673054722037,312.66017490376095,2524.440900810936,22.401564974430666,114.8668786525441,3.227512743781222,10.569474248534974,54.801522126426164,0,2026-08-25 06:31:48
2024-01-10 04:11:00,CNC-02,M,296.75488756632393,309.802223637288,2404.086960560885,22.6412021081875,110.00223646805175,3.127777360525124,10.079994364500083,58.063365671575106,0,2026-08-25 06:31:48
2024-01-10 04:17:00,CNC-02,M,296.70588331544906,310.0286948838757,2261.8553013801247,25.885048736326297,117.28976920970985,2.9292120049021806,10.87224846472422,60.82551359043018,0,2026-08-25 06:31:48
2024-01-10 06:50:00,CNC-02,M,295.6872301627177,310.2600995875596,1817.5406599852554,40.84247745591077,90.44863498989984,2.476203060378398,,56.57848919894222,0,2026-08-25 06:31:48
2024-01-10 20:43:00,CNC-02,M,25.850503286268804,39.719425958188026,2460.833492855177,25.985008291089073,78.34507170179378,3.057145937612969,12.121448609295458,52.81534607088056,0,2026-08-25 06:31:48
2024-01-10 02:29:00,CNC-01,L,297.69044560840365,308.41464028832655,2672.3619880747347,12.688356787511916,0.0,32.129070608674574,6.227799760307341,57.35442559050327,0,2026-08-25 06:31:48
2024-01-10 21:33:00,CNC-02,M,298.960450102099,312.4654814246777,2538.2374860302184,22.159942654993458,134.99362731721772,3.3185964858913817,10.603158189005677,50.5252110955837,0,2026-08-25 06:31:48
2024-01-10 11:04:00,CNC-03,H,297.0617055746361,311.9982903769965,1546.521989834956,49.65048679878217,159.47254943464705,2.4177847414352787,14.360692162141117,58.47322378310204,0,2026-08-25 06:31:48
2024-01-10 14:56:00,CNC-01,L,298.1064214098361,312.8815303991532,1659.7673201002237,44.933471063606405,185.80857942595972,2.9856753367809206,13.964609567392879,53.38047160527552,0,2026-08-25 06:31:48
2024-01-10 18:32:00,CNC-01,L,299.9839758703751,313.29088928463165,2173.1680143526964,29.147245759048086,18.35537705431766,2.7833460211884886,11.913486339053907,51.447512808464126,0,2026-08-25 06:31:48
2024-01-10 23:59:00,CNC-03,H,299.2066428906556,312.4850846100992,2680.621839381042,18.534985796808435,192.81315416121552,3.6680475089254267,9.447089159657843,55.16833136424513,0,2026-08-25 06:31:48
2024-01-10 14:13:00,CNC-02,M,297.26812556140925,311.4809353301973,1689.3044588841872,41.54401929492236,53.08508898120543,2.3225969968201934,13.190251242868067,51.083927662706664,0,2026-08-25 06:31:48
2024-01-10 13:39:00,CNC-02,M,296.69112056794097,310.6006979109771,1570.2755671866867,43.97720521198376,0.0,2.3267759380803987,12.622306303776062,57.77384459200675,0,2026-08-25 06:31:48
2024-01-10 18:50:00,CNC-01,L,300.0784299999153,313.27328471495207,2170.1716121361164,28.41236386204414,41.448259823186994,2.7448297557283645,11.707868870576469,47.481596013699836,0,2026-08-25 06:31:48
2024-01-10 04:51:00,CNC-03,H,296.4556300005576,310.44828515870546,2349.3833285232968,28.435165092727686,106.03984335193056,2.960187286635891,12.519097143174365,57.52912090999216,0,2026-08-25 06:31:48
2024-01-10 01:01:00,CNC-01,L,298.3711832807269,309.57829197586204,2668.1849872239723,11.56224959513319,105.81917160469722,32.22984212015771,5.828183059745955,57.82188642498538,1,2026-08-25 06:31:48
2024-01-10 23:41:00,CNC-03,H,299.5046195893977,311.9054677096527,2684.451007334822,16.233573873767817,173.782239779575,3.6671874221231935,8.187391650301773,51.9004677176341,0,2026-08-25 06:31:48
2024-01-10 08:07:00,CNC-01,L,296.1301956707505,310.9680810233371,1710.7229981701375,43.94379837230194,195.7904504086521,3.0311584325277705,13.896438341222764,57.30060129552187,0,2026-08-25 06:31:48
2024-01-10 02:24:00,CNC-01,L,297.8234749434695,311.35156924837827,2388.717879075886,23.47881419373468,196.39449897983624,3.666596205542906,10.465289660994609,63.45997199515844,0,2026-08-25 06:31:48
2024-01-10 15:34:00,CNC-01,L,298.46785203656555,311.7773367551493,1538.86238675368,42.96876950257577,4.524600284075648,2.152314184323305,12.290030976950808,57.29136746347439,0,2026-08-25 06:31:48
2024-01-10 11:41:00,CNC-03,H,297.1112359648432,311.97580186599345,1497.5313294513178,49.0840953661249,218.30345896946008,2.933735336197971,13.596589562647384,57.8071050041468,0,2026-08-25 06:31:48
2024-01-10 00:52:00,CNC-03,H,303.8784051974808,309.445228532149,2672.8636148971364,13.886086176947517,63.73088632653975,3.1913423821142373,6.929096990803789,46.241256094702386,0,2026-08-25 06:31:48
2024-01-10 00:27:00,CNC-01,L,298.92047813263633,311.51997284132,2671.0117955601613,19.070232500342666,69.53059323687535,3.1659970780735796,9.432965475546947,54.46196459910859,0,2026-08-25 06:31:48
2024-01-10 21:57:00,CNC-03,H,299.9547347757314,311.9927852189358,2615.6596825491815,18.04099755742442,61.69014480124416,3.1478157573014727,8.681430072716617,48.959235061101104,0,2026-08-25 06:31:48
2024-01-10 06:33:00,CNC-02,M,296.06961667751307,310.2008848425294,1967.9119079956533,35.762280059752925,67.0343014429573,2.693942073630811,13.497461645897998,58.10104766680336,0,2026-08-25 06:31:48
2024-01-10 23:41:00,CNC-01,L,298.94774281215626,311.8963846868626,2695.2335861373854,18.36760814441615,155.28178804982633,3.5745719870892234,9.483138989810623,57.52702282490989,0,2026-08-25 06:31:48
2024-01-10 04:07:00,CNC-01,L,296.9506462829283,310.2717031627092,2447.1788118147474,23.577385163875388,113.52751109356987,3.1859461195459087,10.793317146713756,59.17075901585308,0,2026-08-25 06:31:48
2024-01-10 14:23:00,CNC-03,H,298.65790481358954,313.7991503470294,1382.5649460910108,55.433886802420346,199.95415849399959,2.596238211212019,14.264204975414957,50.519106201039584,0,2026-08-25 06:31:48
2024-01-10 15:43:00,CNC-02,M,298.21917134338446,313.528436351319,1590.6120707798214,49.3486550556735,190.27663605420298,2.790087460099801,14.666779835207402,53.5474740087513,0,2026-08-25 06:31:48
2024-01-10 06:30:00,CNC-02,M,296.04043645498683,309.70308162764354,1954.645731780386,33.44239980964652,62.93667744383164,2.5707046253882115,12.131323994788504,56.231718118911104,0,2026-08-25 06:31:48
2024-01-10 21:54:00,CNC-03,H,300.0538894638632,312.3502758708726,2690.3375799355913,17.34676019226074,58.376648518903494,3.2313526977663143,8.439109432624292,51.86919167629951,0,2026-08-25 06:31:48
2024-01-10 18:54:00,CNC-03,H,300.1716507897884,313.14815809154373,2251.871799573755,24.572608329147453,91.56311840042905,2.880830996157098,10.245734239956523,49.17671933640737,0,2026-08-25 06:31:48
2024-01-10 21:44:00,CNC-03,H,300.3386879154161,311.726257808348,2584.1346000573026,15.234376443876826,47.429667876073644,3.0539399333444996,7.5284356827372605,50.13754621964777,0,2026-08-25 06:31:48
2024-01-10 19:04:00,CNC-03,H,300.4094067363223,314.45019032579376,2237.5845210637845,30.078811649707244,104.02233263002432,2.8710256838472104,12.40304416556692,47.92844290740114,0,2026-08-25 06:31:48
2024-01-10 05:04:00,CNC-02,M,296.11154431818755,310.7313051139882,2169.8129206395947,34.02230901808732,175.55332825050988,3.1892611312267083,13.97892486295008,59.95166987536753,0,2026-08-25 06:31:48
2024-01-10 20:07:00,CNC-03,H,27.069475992927323,40.56732414471634,2467.231863448507,23.19611755898018,180.80008990576732,3.414713817696403,10.948393202125326,54.185943641931644,0,2026-08-25 06:31:48
2024-01-10 05:45:00,CNC-03,H,295.9053835877239,310.17367253559013,,32.778510826342185,175.24209463592533,2.9468420394066386,12.159167983266377,66.07850916856428,0,2026-08-25 06:31:48
2024-01-10 19:44:00,CNC-03,H,300.49386398497853,314.38863212556663,2373.613194267845,26.34460697772103,153.34841278839605,3.0504086873018985,11.716037298515872,51.74616336278444,0,2026-08-25 06:31:48
2024-01-10 16:33:00,CNC-01,L,299.0311057574863,313.1356161933767,1819.3306407826092,39.36460231879289,90.46793940362384,2.457906450466582,13.558880345902976,56.01845453193814,0,2026-08-25 06:31:48
2024-01-10 01:23:00,CNC-01,L,,309.8145623071723,2691.487850877115,12.731232620076444,129.31834577013714,3.307144228893017,6.3140603675794775,56.17697825811356,0,2026-08-25 06:31:48
2024-01-10 15:01:00,CNC-03,H,298.68484879468264,313.6866264516925,1503.309728124631,48.076490206247655,258.21922805886885,3.2230055725350333,13.491003430449043,52.959276084369655,0,2026-08-25 06:31:48
2024-01-10 03:18:00,CNC-03,H,297.3288862101414,311.146829159372,2472.075891603041,22.97062519176081,225.09040799939422,3.6499007522215465,10.63820640272293,60.16044690913417,0,2026-08-25 06:31:48
2024-01-10 04:30:00,CNC-01,L,296.78204331218245,310.4749546867042,2326.5581331129124,26.201697429543504,141.3473609874423,3.1849144929024606,11.470171782113551,58.80126203203205,0,2026-08-25 06:31:48
2024-01-10 20:39:00,CNC-02,M,25.77604885967935,38.9298360042103,2494.643950734165,21.678540896263534,73.6493572277795,3.0906185960509767,10.00319991600626,51.56366461533681,0,2026-08-25 06:31:48
2024-01-10 05:57:00,CNC-01,L,296.1470087600083,309.71823316591843,1966.1943773298635,35.79522098751883,13.3179105302185,25.88827857692713,13.128903555666007,54.05682427453162,0,2026-08-25 06:31:48
2024-01-10 16:15:00,CNC-01,L,298.9924584845462,312.6417438967078,1798.6558620129724,37.37574068750653,64.69391331188216,2.4398912175412755,12.603813864511649,53.34744796394583,0,2026-08-25 06:31:48
2024-01-10 15:47:00,CNC-02,M,298.29432448769865,313.9488025787347,1520.1490199995826,52.943360662040924,196.20244957007813,2.8005963746973115,15.020380003242744,56.55010489700652,0,2026-08-25 06:31:48
2024-01-10 12:12:00,CNC-02,M,301.84315179129374,310.7763366095842,1562.7772767363058,49.24096244051512,120.4057789200466,2.389968123250983,14.203001238139839,48.58060144758002,0,2026-08-25 06:31:48
2024-01-10 21:42:00,CNC-02,M,298.798068894635,311.85691129034933,2640.634390403978,19.087469842756203,145.12189808565418,3.331711851196811,9.52299883672452,49.670168210487,0,2026-08-25 06:31:48
2024-01-10 08:27:00,CNC-02,M,295.9239310767473,310.21610988117783,1764.133737201861,42.491421276307186,17.820568330828394,2.398218298925578,14.135506601515626,61.624243435578705,0,2026-08-25 06:31:48
2024-01-10 03:32:12,CNC-03,H,296.87670481895293,309.5663122784607,2473.271336672647,22.471297046151854,11.611020543726882,3.0210878552840343,10.664674301905297,57.87240946732171,0,2026-08-25 06:31:48
2024-01-10 05:09:00,CNC-02,M,296.23506247947324,311.28281215198734,2187.1538728936725,35.890917621908784,181.79936830726024,0.0,14.755391850947952,56.470407650860274,0,2026-08-25 06:31:48
2024-01-10 22:14:00,CNC-03,H,299.716012256987,311.62222600253887,2644.432951925753,16.596257830110684,80.26098078405238,32.019456844832945,7.8867990350189965,52.73265304476459,0,2026-08-25 06:31:48
2024-01-10 23:06:00,CNC-01,L,299.3133694868407,312.22315261835234,2703.930480713646,19.523595473557783,118.1000772571372,3.3680390702616854,9.977829801967998,50.002373962348955,0,2026-08-25 06:31:48
2024-01-10 09:01:00,CNC-01,L,296.50693070093706,310.3513436063224,1607.5100634879814,42.76679792784384,65.93536602593348,2.402517303690812,12.731204356363952,55.71494136198317,0,2026-08-25 06:31:48
2024-01-10 19:38:00,CNC-03,H,300.1892618446658,314.9161036802033,2353.108057541867,30.770817917094575,146.1572346101409,3.0713312707467533,13.712354048926649,49.47782117931242,0,2026-08-25 06:31:48
2024-01-10 14:48:00,CNC-01,L,297.9697726522889,312.85775935692817,1574.9491958970623,47.42520581702733,173.48959823176713,2.8246211779987274,13.927985501705804,58.425596051322756,0,2026-08-25 06:31:48
2024-01-10 18:21:00,CNC-02,M,299.1579188120491,313.3407217102721,2168.9217097123637,29.855343724797425,152.03814361882675,3.0774586871372334,12.172035989713875,52.07453403873415,0,2026-08-25 06:31:48
2024-01-10 13:57:00,CNC-02,M,296.9753242673271,311.06775812737175,1416.1633463318763,51.150045790094815,28.18570693666822,2.0376944641160266,13.499312740925136,57.89584879283027,0,2026-08-25 06:31:48
2024-01-10 19:05:00,CNC-02,M,299.07236010199,314.06488880906534,2266.388828457326,31.648203549376152,208.04247916780648,3.4885943920140354,13.198717312424378,53.26688080170913,0,2026-08-25 06:31:48
2024-01-10 04:45:00,CNC-02,M,296.36704069827937,0.0,2225.519023226187,29.17976208489548,151.66527158868467,3.034924460579911,12.182487576238483,57.30647212646919,0,2026-08-25 06:31:48
2024-01-10 23:11:00,CNC-03,H,299.67838902190744,312.54562706294865,2794.0236189253837,17.68352416145021,141.8810510694139,3.474755997194299,9.420447789199008,53.60585030341177,0,2026-08-25 06:31:48
2024-01-10 10:42:00,CNC-03,H,296.7090940690021,310.7580977389404,1428.3965546342174,48.49794040368952,124.732726523716,2.228894129149469,12.9075580682415,58.745835719895965,0,2026-08-25 06:31:48
2024-01-10 16:45:00,CNC-01,L,299.43947308160193,313.4696840167091,1940.199726991012,34.39246617246891,107.46557960807887,2.606468836244875,12.440998929776525,51.55567070358589,0,2026-08-25 06:31:48
2024-01-10 14:17:00,CNC-01,L,303.26503689982366,311.68904707670043,1473.243013324055,48.07135372660876,125.50079822040074,2.236439201219681,13.319421565703273,48.868923655817525,0,2026-08-25 06:31:48
2024-01-10 17:29:00,CNC-02,M,298.83979770588184,313.2717357723008,2048.207945590935,35.439704461561846,82.72592729981899,2.6982068124416982,13.675805562917406,50.12054982649166,0,2026-08-25 06:31:48
2024-01-10 20:59:00,CNC-03,H,26.879466262031656,41.32179141749401,2464.0496284964725,27.43399119573572,241.47898076399295,,12.704255226316327,53.97655694365361,0,2026-08-25 06:31:48
2024-01-10 02:33:00,CNC-02,M,297.79457237020966,311.5563544500013,2420.4149469356435,23.023476526462627,221.23290108395895,3.7536999519201335,10.530754192441528,56.05708721122795,0,2026-08-25 06:31:48
2024-01-10 03:07:00,CNC-01,L,297.543850676539,310.23282245817273,2419.305467681733,22.454734189767404,43.104076922965454,3.0616577310677955,10.225980686188969,53.83150678525242,0,2026-08-25 06:31:48
2024-01-10 18:55:00,CNC-02,M,299.02593910920973,313.91111230634147,2298.6141599411944,30.67101990025708,195.50990557657025,3.5323984940647932,12.953907375476346,53.54225533042783,0,2026-08-25 06:31:48
2024-01-10 20:32:00,CNC-01,L,26.727982206138336,40.92905655492342,2405.898047176912,27.377360620032775,165.4767003843698,3.34290906813543,12.307742535008867,51.19502291096395,0,2026-08-25 06:31:48
2024-01-10 23:05:00,CNC-02,M,298.43793977548165,311.21165985793186,2544.701383657251,20.10021194033034,20.213674444558233,3.049363471197392,9.36538425424228,55.995658162394434,0,2026-08-25 06:31:48
2024-01-10 10:23:00,CNC-01,L,296.69035954433866,311.1992561281489,1341.763367400623,50.39913309021614,193.17079380726014,2.664225528090913,12.617743950293281,56.33574134297932,0,2026-08-25 06:31:48
2024-01-10 14:55:00,CNC-03,H,298.6796439122817,314.19396665074663,1485.0436891364784,54.233490748389926,249.14467411128106,3.0977325358605823,15.035083437759948,55.4394889545629,1,2026-08-25 06:31:48
2024-01-10 20:22:00,CNC-01,L,26.759425820644083,40.112117043356875,2450.5698952939306,24.65669549679292,153.59474920737281,3.3808693774704413,11.346933703771109,53.770534699554325,0,2026-08-25 06:31:48
2024-01-10 08:16:00,CNC-01,L,296.31049847422076,311.25281966503695,1516.7195846645964,48.74152051757656,209.09292939569445,3.1309138432513604,13.712214243738645,57.96418992842011,0,2026-08-25 06:31:48
2024-01-10 06:21:00,CNC-02,M,295.8872807580594,309.84087888592654,1959.714346743797,34.895471359036854,50.69381487990217,2.5199726829870226,0.0,61.12519964267777,0,2026-08-25 06:31:48
2024-01-10 08:00:00,CNC-03,H,295.89894283555793,310.7537050947007,1675.1459987739136,48.470718327152504,108.08678927883761,2.403465959600133,15.223497071195611,59.26909037478697,0,2026-08-25 06:31:48
2024-01-10 13:17:00,CNC-02,M,296.5837769441287,311.6660522026308,1432.638935869004,52.780772832100176,223.53821566342566,2.8850484990746637,14.127400389841737,58.11684322720942,0,2026-08-25 06:31:48
2024-01-10 11:46:00,CNC-01,L,296.8202884471882,310.816833518568,1312.6615768804716,51.89993038648244,101.44976954539409,2.0811989522770284,12.631771192364305,56.386824395765544,0,2026-08-25 06:31:48
2024-01-10 06:30:00,CNC-03,H,295.924916224653,311.49126020048686,2161.0361095909207,37.06973270556297,235.36119579369517,3.6439481254979658,14.831179373447513,58.80366251454317,0,2026-08-25 06:31:48
2024-01-10 23:42:00,CNC-03,H,299.3967403080349,312.05903812668043,2781.95149937273,16.837771260279478,174.83024643681247,3.6084206618431667,8.708361010764591,52.24308969660534,0,2026-08-25 06:31:48
2024-01-10 08:18:00,CNC-01,L,296.10435015935604,309.7394062617756,1619.3205237894429,42.621125954177835,1.4939742376425453,2.308180791125391,12.735507455665903,54.84298380103468,0,2026-08-25 06:31:48
2024-01-10 01:27:00,CNC-01,L,297.8281909245255,7090.862769311932,2800.450260570944,17.65461128675241,133.66422118699944,3.5274243151165026,9.239044409434712,55.03980265201832,0,2026-08-25 06:31:48
2024-01-10 00:16:00,CNC-01,L,299.1647459497128,310.7541720196061,2508.063420627301,16.035908200885242,57.756960692573905,3.0864038465410664,7.530417926048694,56.17306447124131,0,2026-08-25 06:31:48
2024-01-10 10:32:00,CNC-02,M,300.960013570043,309.7730405212708,1341.3194977594746,51.98127493308157,211.04489088328148,2.7499110025643625,13.020454102488655,49.55309778980189,0,2026-08-25 06:31:48
2024-01-10 20:27:00,CNC-02,M,25.83788642885213,38.73066550518047,2411.1404946451034,21.24713284415014,59.51484730901461,2.981418880600322,9.620263323119177,52.73379885281097,0,2026-08-25 06:31:48
2024-01-10 13:18:00,CNC-02,M,296.6554430067567,311.74127446889247,1346.5132787139294,56.042509930975726,225.13006593375007,2.9728767501796503,14.201253075904733,57.132881662025085,1,2026-08-25 06:31:48
2024-01-10 01:25:00,CNC-01,L,298.0753295416477,310.61358627988875,2724.7923112721855,17.220816652931923,131.48710524773585,3.3629668435813316,8.956478522911874,53.752615010781284,0,2026-08-25 06:31:48
2024-01-10 17:28:00,CNC-02,M,298.99270518772397,313.01144385720687,1916.7630814895417,36.4963345520443,81.37121580382662,2.5616098618688703,12.953668656052916,56.69143012088151,0,2026-08-25 06:31:48
2024-01-10 13:08:00,CNC-03,H,297.7376052566284,312.0464749207194,1389.3482112135262,52.300759111665585,82.47929951508944,2.0627513770383272,13.403630530586444,60.293460681557576,0,2026-08-25 06:31:48
2024-01-10 10:09:00,CNC-01,L,296.58822635238323,311.70928395454183,1529.67353548732,51.128320689766525,171.16371597382442,2.645396602362845,14.351225008250832,,0,2026-08-25 06:31:48
2024-01-10 03:59:00,CNC-02,M,296.67912028311173,309.7034640500769,2443.897831254807,21.545728257393318,95.60691721129164,2.992748745947123,9.767869451813269,51.88403734660096,0,2026-08-25 06:31:48
2024-01-10 03:45:00,CNC-01,L,296.9958429161433,310.0945617950605,2329.4127982471273,24.01508184894116,87.24357494169718,2.9878576519472326,10.25733912847288,53.09478456790897,0,2026-08-25 06:31:48
2024-01-10 09:16:00,CNC-02,M,295.9350606829367,310.1321036299528,1339.9879858695676,51.536413733366985,92.28251810240793,2.138853895080191,13.131651279986002,56.24639067391508,0,2026-08-25 06:31:48
2024-01-10 08:11:00,CNC-01,L,296.0778378500841,311.1448908351889,1806.69180795001,40.02300461174056,201.61761355098906,3.30375374230796,13.407200604531466,61.211722870102605,0,2026-08-25 06:31:48
2024-01-10 15:39:00,CNC-01,L,298.42335641597344,312.22428665138506,1694.6180968701246,42.394849414960014,11.838943276078835,2.3196129466837343,13.477064072086277,57.54751713944427,0,2026-08-25 06:31:48
2024-01-10 10:58:00,CNC-02,M,301.3596126913273,308.8066123329242,1365.4936344335274,47.903313463953566,3.172925857337188,2.021879850852751,12.3756163958734,47.64549779376288,1,2026-08-25 06:31:48
2024-01-10 23:27:00,CNC-03,H,299.4203525040842,312.1378497778181,2762.1708107999193,17.70052111589635,158.80483257885734,3.543500900109476,9.034700558289211,57.2858788676971,0,2026-08-25 06:31:48
2024-01-10 03:23:00,CNC-02,M,297.0820948127716,309.9521320949879,2400.09536100724,22.082710632092446,53.542696729213105,2.9906936673525424,9.881363872459735,57.69647277745077,0,2026-08-25 06:31:48
2024-01-10 16:29:00,CNC-02,M,298.66069288874223,314.3081636893898,1824.0635776510378,42.90384269281783,257.10544435780133,3.8003757744065063,14.650329446304868,50.5706409195392,0,2026-08-25 06:31:48
2024-01-10 09:09:00,CNC-01,L,296.04997009993986,310.24621136157407,1396.0219916928982,50.12785010817014,78.2095517224668,2.1610112878663603,12.870101514967777,58.46347661279304,0,2026-08-25 06:31:48
2024-01-10 10:50:00,CNC-02,M,301.20854048476787,310.5376972456706,1430.9260101932673,53.51557317125949,239.31900863118497,3.2150919893737573,14.491917484167448,46.23377759278945,1,2026-08-25 06:31:48
2024-01-10 20:02:00,CNC-01,L,26.99801378721594,40.05810395372231,2315.6444420340963,22.450462477599675,130.06611531231812,3.0149965326574795,10.033267461885568,51.58605220353102,0,2026-08-25 06:31:48
2024-01-10 04:31:00,CNC-01,L,296.7931142086339,309.87140455125797,2308.029528316049,23.46400227790714,142.55311350709462,3.221152521879458,10.0617912511574,56.871513753221876,0,2026-08-25 06:31:48
2024-01-10 21:07:00,CNC-02,M,25.913751848709126,39.425188831039065,2490.2929634857433,23.280734881957788,105.71974817245385,3.263969482886263,10.883315732213989,52.37561349345323,0,2026-08-25 06:31:48
2024-01-10 01:05:00,CNC-02,M,298.1408758205765,311.2483728512469,2641.7034028546905,21.22927178301261,125.32949060331582,0.0,10.541835296883772,56.76792431224361,0,2026-08-25 06:31:48
2024-01-10 10:41:00,CNC-02,M,301.00328203737337,310.42750077416673,1502.9378033887647,50.487571197036175,225.21912369947916,3.1104874464565975,14.07598729178188,48.51245445577883,0,2026-08-25 06:31:48
2024-01-10 23:49:43,CNC-03,H,299.44029594375434,312.6610343194395,2735.370469191925,18.806813315545988,183.2961102001709,3.532087172219094,9.682400848713524,57.15113836003569,0,2026-08-25 06:31:48
2024-01-10 12:03:00,CNC-01,L,296.97870483213904,310.7142220707428,1324.3903781629297,47.995615812473275,128.43300545281465,2.1324570342537554,11.88358264229545,53.868093025809344,0,2026-08-25 06:31:48
2024-01-10 15:48:00,CNC-01,L,298.68782929669726,312.3211825311317,1693.5351361348705,39.568332299072274,25.084821805055363,2.3407423102897673,12.388459332404139,53.823586819438525,0,2026-08-25 06:31:48
2024-01-10 00:32:00,CNC-01,L,298.579086030831,310.7287217258862,2672.743693462339,17.392754074896107,74.91880608455045,3.2503735908823335,8.870235907283417,53.26875576538429,0,2026-08-25 06:31:48
2024-01-10 13:27:00,CNC-02,M,296.58306165716806,311.9517453932555,1388.1138878560937,55.69779015449217,239.17927967759343,3.0352850340090365,14.275643910556882,55.924761284927044,1,2026-08-25 06:31:48
2024-01-10 14:38:00,CNC-02,M,297.6337452989212,312.08643142083895,1514.4436632858963,46.48755221445025,91.90986082470995,2.293689229366071,13.478594195226316,52.259748894895814,0,2026-08-25 06:31:48
2024-01-10 15:46:00,CNC-02,M,297.9999327678221,314.0490250652188,1681.557520375624,52.33324904061084,194.6772694857134,2.9476375142486377,16.32104607635625,56.42133427222761,1,2026-08-25 06:31:48
2024-01-10 08:09:00,CNC-01,L,296.3988691699893,311.6335429353696,1786.056491104993,42.678855296879895,198.74246861536102,3.2399764908682784,14.166368445225903,55.93465180926188,0,2026-08-25 06:31:48
2024-01-10 00:11:00,CNC-01,L,299.1132232149236,311.30743146907827,2812.962393097704,16.230208610380295,52.427161785465024,3.4354608687720685,8.670829066510612,52.04265851762324,0,2026-08-25 06:31:48
2024-01-10 16:03:00,CNC-03,H,299.52151673337227,313.9293714821408,1666.8110780183958,44.08508249026264,81.65729773182314,2.2970617141886938,13.70506310409228,50.87224607696398,0,2026-08-25 06:31:48
2024-01-10 01:25:00,CNC-02,M,298.1220494957802,311.11745106422256,2712.213843418925,20.0300653011562,146.74372652326682,3.395679923597653,10.183372136987208,57.4010803544912,0,2026-08-25 06:31:48
2024-01-10 05:55:00,CNC-01,L,296.20108402634906,308.7754542445552,2023.5277280675177,26.749068398608998,10.604771444451151,2.637368635297621,10.067420828318411,63.22028793544965,0,2026-08-25 06:31:48
2024-01-10 01:41:00,CNC-03,H,298.16732151008057,310.0678284592831,,15.98414922606218,116.60874693935475,3.2567871330193188,7.831744124425631,53.50297499143008,0,2026-08-25 06:31:48
2024-01-10 06:06:52,CNC-01,L,296.259899885066,309.3092279834427,1908.4913176093016,32.71246709347176,26.706126293572666,2.540057610333081,11.748259946822476,60.33760036647216,0,2026-08-25 06:31:48
2024-01-10 06:29:00,CNC-03,H,295.8359362324541,311.19030564673506,2144.657426897481,37.31367579072791,234.08062180948139,3.617479531136436,15.047463179241667,59.71769734522365,0,2026-08-25 06:31:48
2024-01-10 02:20:00,CNC-02,M,297.3436661506534,310.8437291660705,2611.4719508082458,20.143655209164834,206.72862698029098,3.8284938296014794,9.900289809270218,58.57259874071951,0,2026-08-25 06:31:48
2024-01-10 21:32:00,CNC-03,H,299.9237656515797,312.0712291811256,2489.511160101785,18.993775236678736,34.07652903719205,2.947117165566305,8.883483555769173,49.9202590711701,0,2026-08-25 06:31:48
2024-01-10 13:37:00,CNC-01,L,302.66424320430576,310.5540211697597,1428.404244014543,48.41357700986566,63.080405587437596,2.166677069304124,13.086455425441546,47.86547235682783,0,2026-08-25 06:31:48
2024-01-10 09:13:00,CNC-02,M,295.7765981117684,310.413840449007,1674.4616598174543,44.474556994743864,87.61991831847891,2.256700759604342,13.826018201344425,59.78374441615388,0,2026-08-25 06:31:48
2024-01-10 22:27:00,CNC-01,L,299.78512680796206,310.73654886192327,2720.2767544829558,10.89985108399435,76.14273538601805,3.224690458912642,5.241481339388764,49.93211378727384,1,2026-08-25 06:31:48
2024-01-10 04:05:00,CNC-02,M,296.74341896989984,310.1768829313886,2407.3476456355475,24.351872104237497,102.85075668161191,3.017075766877299,11.004622005962037,58.78801023808485,0,2026-08-25 06:31:48
2024-01-10 20:24:00,CNC-03,H,26.809887709751195,40.91134179432947,,25.534001360660056,201.0145280870409,3.554995444727665,11.880966700300753,47.29849657223957,0,2026-08-25 06:31:48
2024-01-10 21:50:00,CNC-03,H,300.3151671427002,312.84709918680534,2605.268699128489,19.732312063970348,54.05191797670491,3.1116477458354246,9.604047964936683,47.05999525452808,0,2026-08-25 06:31:48
2024-01-10 22:39:00,CNC-03,H,299.38722692451455,312.14079966476754,2617.9383110363246,18.98828246055613,107.30751638444849,3.208610981101354,9.483398438145336,51.98510952499126,0,2026-08-25 06:31:48
2024-01-10 17:12:00,CNC-02,M,298.7340079936158,312.9177564735979,1906.9407699670228,36.60566173205692,59.333150720244895,2.555748260152216,12.963734590932402,48.95577271132632,0,2026-08-25 06:31:48
2024-01-10 05:09:00,CNC-01,L,296.46429662267013,310.0547184436922,2143.349898057642,26.877364974705337,190.19776411358126,3.377049708818468,10.640692189584575,58.628195047446205,0,2026-08-25 06:31:48
2024-01-10 22:53:00,CNC-02,M,298.4963936107954,310.83941939957964,2714.960004667798,16.636111570254776,7.406871531577744,3.2780839293201414,8.399928176583513,55.89544265096754,0,2026-08-25 06:31:48
2024-01-10 16:46:00,CNC-01,L,298.92158809317374,313.34488354789704,1794.894367895771,41.59141427953458,108.89087729303675,2.5630130866272056,14.23178016435757,55.22525828000999,0,2026-08-25 06:31:48
2024-01-10 11:19:54,CNC-03,H,296.9572959706789,311.75328934403814,1346.0968704521206,55.19129893871113,183.30411905358514,2.4295811141251757,13.854104118927259,61.548534435056766,0,2026-08-25 06:31:48
2024-01-10 00:10:00,CNC-01,L,298.7356207130811,309.88555793013353,2702.7104711469024,12.43803549916213,51.39716178546502,32.25422878313202,6.412473147775617,53.09608876968927,0,2026-08-25 06:31:48
2024-01-10 16:45:22,CNC-03,H,299.3047409688781,313.51294617617947,1837.2463791922935,38.68970577709377,140.83948048378497,2.6728317378807054,13.314379239058766,50.335469528429016,0,2026-08-25 06:31:48
2024-01-10 13:01:00,CNC-02,M,296.58846622011276,312.0787423518291,1478.3827696075357,54.30509638303812,198.13901643667344,2.803690014073162,14.98871717855207,55.26151988473096,0,2026-08-25 06:31:48
2024-01-10 13:57:00,CNC-01,L,303.01074809940167,311.31441266342966,1528.9689753132186,48.2691458688156,94.31215150084773,2.239718696437259,13.946777149580496,41.718767296380506,0,2026-08-25 06:31:48
2024-01-10 22:29:00,CNC-02,M,298.3163907563419,312.39585415729283,2688.136003035361,22.518477980104606,196.49455046827975,3.80325955375756,11.48102712123972,53.18617124715032,0,2026-08-25 06:31:48
2024-01-10 14:51:00,CNC-01,L,297.8685278663427,312.8084939750261,1472.1175717420683,51.441970733153155,178.12015875481748,2.6553691545636857,14.00828085175448,54.07785199429559,0,2026-08-25 06:31:48
2024-01-10 16:11:00,CNC-01,L,299.10518685775696,312.7464009770723,1638.2774542476357,40.311775582502555,58.98767660475727,2.2295320275111496,12.251971712848077,54.030353760764775,0,2026-08-25 06:31:48
2024-01-10 23:29:00,CNC-02,M,298.6086837608631,311.2918457466633,2783.600673016523,16.80674768780224,45.86295045666009,3.281326494967133,8.713359274959203,52.92164333679125,0,2026-08-25 06:31:48
2024-01-10 12:27:00,CNC-01,L,296.84889418541394,311.3586348226828,1345.8914540228513,54.02237016648728,166.63907617634928,2.4814361847343673,13.915566442078127,53.37184370064972,0,2026-08-25 06:31:48
2024-01-10 14:24:00,CNC-01,L,303.27873697916834,312.10104924071976,1618.7861679660598,,136.35596898204557,2.4929931434098647,14.050634573845384,46.7011081649178,0,2026-08-25 06:31:48
2024-01-10 00:19:00,CNC-01,L,298.9875197575935,310.4657848632152,0.0,14.73075172338344,60.9522871973175,3.28997078736495,7.404528163498898,53.12329812785377,0,2026-08-25 06:31:48
2024-01-10 14:37:00,CNC-03,H,298.7832263556364,313.51404778663704,1483.0221960329775,48.95490491832843,221.57996508368254,2.744581386411828,13.560077776508468,50.377600055682365,0,2026-08-25 06:31:48
2024-01-10 04:38:00,CNC-03,H,296.5740329881758,309.935621465021,2234.3183306483124,27.93698582638341,89.84131939979972,2.8654563727872664,11.608247929844289,55.611593666090236,0,2026-08-25 06:31:48
2024-01-10 12:12:00,CNC-01,L,297.0721254195741,311.3443109809526,1391.5344514200845,50.62852172915465,142.68897127651613,2.333367124524148,13.090572086542377,58.02416188126022,0,2026-08-25 06:31:48
2024-01-10 05:02:00,CNC-02,M,296.5073451307876,311.6993770780386,2104.7034048771775,37.03659494299796,172.9842835633869,3.074424153302246,14.502833173512348,61.69481930253578,0,2026-08-25 06:31:48
2024-01-10 16:49:00,CNC-03,H,299.6378432298164,,1825.3051593643258,39.94362409632077,147.9721908679265,25.55292542907146,13.841644190779846,47.67826956707054,0,2026-08-25 06:31:48
2024-01-10 18:33:00,CNC-02,M,299.3320801102382,313.5149838656099,2163.7191494500553,30.64305989040538,167.68398419777864,3.2532649031635845,12.509077848859606,55.09177840064149,0,2026-08-25 06:31:48
2024-01-10 22:38:00,CNC-01,L,299.4928360197865,311.5179194813909,2605.9287509989726,15.313914059577794,88.10891712141371,3.2009815547921607,7.556791911234489,51.93866114701428,0,2026-08-25 06:31:48
2024-01-10 04:08:00,CNC-03,H,296.77983001197146,309.94725216051444,2347.3232640870524,24.760591254025,53.00436908242914,2.869309888267818,10.892160009407167,56.875573051691745,0,2026-08-25 06:31:48
2024-01-10 00:11:00,CNC-03,H,298.903865050664,310.1146206342149,2691.165714853831,13.92529551460924,20.146713683654852,3.2608514902327856,7.114860674733866,54.618152924202924,0,2026-08-25 06:31:48
2024-01-10 01:01:00,CNC-02,M,298.61360051435685,311.19880101207167,2684.9612435960603,17.56155338358069,121.11748635897668,3.509750406845983,8.961306000300212,54.55115510246661,0,2026-08-25 06:31:48
2024-01-10 00:30:00,CNC-03,H,298.83514159770516,311.176874461339,2784.0909742379654,18.061520836141526,40.16909478727703,3.2664039946885093,,51.03340589728857,0,2026-08-25 06:31:48
2024-01-10 00:00:00,CNC-01,L,299.1952047174862,311.20707492786073,2674.031256035179,16.08936393664413,40.82052532043276,3.1370838993758565,7.742576746488851,53.21935757181164,0,2026-08-25 06:31:48
2024-01-10 00:12:00,CNC-01,L,299.06032106367167,310.94912760961273,2672.711019076672,15.838232171680113,53.48783689202713,3.230762752146124,,53.907567474602075,0,2026-08-25 06:31:48
2024-01-10 02:20:00,CNC-01,L,297.72489223256486,310.8234528697445,2641.549426719824,19.099401293643005,191.89203840168796,3.7684228087606417,9.330457787793579,55.51794131053397,0,2026-08-25 06:31:48
2024-01-10 18:47:00,CNC-01,L,300.08912635621385,313.82653587219636,2202.6268849257685,30.65727511608753,37.643684775125564,2.755420548623043,12.822630426252895,51.28538044523666,0,2026-08-25 06:31:48
2024-01-10 12:27:00,CNC-02,M,296.1812545897602,310.9836538759138,1454.840745532713,51.690874110604824,144.29979424675548,2.2958101621207017,13.876373260434429,60.26177203737351,0,2026-08-25 06:31:48
2024-01-10 02:38:00,CNC-02,M,297.39100750834245,309.4093508945138,2566.7172685221963,17.98860683100278,2.2308412656813417,3.120256174224974,8.793305950982822,57.27082080236648,0,2026-08-25 06:31:48
2024-01-10 01:29:13,CNC-02,M,298.0472723652514,311.2564095895008,2598.986808678556,21.336282582883307,152.17354051712795,3.4104074241529103,10.446997227960074,52.41832224294127,0,2026-08-25 06:31:48
2024-01-10 20:20:57,CNC-02,M,26.113817468218258,40.312445853063764,2294.748884065452,30.850388437439314,51.27701566266808,2.9014511483158687,13.147206713598658,55.44949472074417,0,2026-08-25 06:31:48
2024-01-10 02:33:00,CNC-03,H,297.88584057339966,310.72416630872993,2688.2386932852605,18.25153818683321,173.8664990894265,3.5807685663450304,9.301927204630097,55.8014619105268,0,2026-08-25 06:31:48
2024-01-10 20:30:00,CNC-01,L,26.662576218969434,40.87887297571507,2396.668335733359,28.144928795041004,163.09717682375384,3.4932566775790037,12.68455746360108,46.76974091443653,0,2026-08-25 06:31:48
2024-01-10 18:25:00,CNC-01,L,299.9141464653512,313.59746568160347,2136.084625103288,32.79062947360552,,2.624477553213532,12.92481941369396,45.855211522538426,0,2026-08-25 06:31:48
2024-01-10 19:20:00,CNC-01,L,300.09267109147527,312.9289306910516,2384.7199172947676,22.99852929372033,78.90655396678085,2.9789154942475027,10.156071865426139,51.0566940007728,0,2026-08-25 06:31:48
2024-01-10 11:54:00,CNC-03,H,297.3262041617914,312.1903657227838,1350.3567155101257,55.13172891410528,238.88343070188205,2.969949570655848,14.021867097692517,55.772549464608026,1,2026-08-25 06:31:48
2024-01-10 03:41:00,CNC-01,L,296.9819248069612,310.6209986838367,2354.0333137949433,27.074877595180784,82.56585373515975,3.053103478668052,11.888278812595937,56.26975619188991,0,2026-08-25 06:31:48
2024-01-10 18:17:00,CNC-01,L,299.60794485057744,314.24587493145526,2024.5515420679155,34.158359900377555,232.82277212609577,3.6985701383360756,13.167846718699822,52.533350529513,0,2026-08-25 06:31:48
2024-01-10 14:04:00,CNC-02,M,297.37437528497844,311.5688897542525,1540.2080881175464,46.67579979786605,39.06041028610589,2.0890794847103096,13.643839708634315,53.86156994409033,0,2026-08-25 06:31:48
2024-01-10 06:08:00,CNC-01,L,296.1967135449276,310.0689345886439,1993.899588331606,35.05377741502028,28.03077674113633,2.6570697343384158,12.79547402305905,60.953170549846476,0,2026-08-25 06:31:48
2024-01-10 12:33:00,CNC-02,M,296.2988906667006,310.8382837334846,1428.4466650597865,50.39652645383389,153.77566273698216,0.0,13.465535983966896,60.55497821698151,0,2026-08-25 06:31:48
2024-01-10 06:35:00,CNC-01,L,296.3601148330462,310.9106329375775,1999.0338639061736,38.65466571092266,64.42289543592605,2.5695197258370692,14.329052730618097,54.96756495146417,0,2026-08-25 06:31:48
2024-01-10 08:40:00,CNC-01,L,296.288657161038,309.87490869015903,1701.714420861408,37.613570000526025,34.12519846076106,2.2373035323177284,11.949773839999311,53.64594207670142,0,2026-08-25 06:31:48
2024-01-10 04:32:00,CNC-03,H,296.9433769050249,310.80907315166365,2285.3532309332904,29.746177751023076,82.3646062356544,2.765158877925387,12.469471514827868,58.40405956277817,0,2026-08-25 06:31:48
2024-01-10 04:06:00,CNC-03,H,296.9417914504759,310.2467791391949,2315.951847815107,25.540144425208208,50.62592619789522,2.9376648599578736,11.182560374454773,59.635471347577415,0,2026-08-25 06:31:48
2024-01-10 19:09:00,CNC-02,M,298.83141996695707,313.43377237402416,2112.4127582941287,30.988253372550147,213.1771401657523,3.5352463062981516,12.530963012817077,54.54401659367269,0,2026-08-25 06:31:48
2024-01-10 20:35:00,CNC-02,M,25.789013854633254,38.246695005932054,2532.1968005097533,17.89513947553449,68.9414139911734,3.0924991878852213,8.685817818622949,54.72581205463546,0,2026-08-25 06:31:48
2024-01-10 03:24:00,CNC-01,L,297.5721666167821,309.8191012442949,2478.478366485465,18.85106540409298,62.78801089678171,3.0963308482549414,8.653270119618517,57.173869607204864,0,2026-08-25 06:31:48
2024-01-10 22:26:12,CNC-02,M,298.657832815287,312.791200751562,2566.296314850462,22.863931355496465,193.3027446443444,3.7381848363619046,10.821522962718007,52.672343874003424,0,2026-08-25 06:31:48
2024-01-10 03:50:00,CNC-01,L,297.0439762311418,310.4173864790596,2391.1056792928052,25.703094760377866,93.10165246901772,3.0380768564959952,11.66561510680222,57.57515882480796,0,2026-08-25 06:31:48
2024-01-10 06:31:00,CNC-03,H,295.9558488480073,311.1889595567304,1939.7884615911835,40.66005945122235,236.7235016155072,3.360855859320969,14.670491257464159,59.60706290375472,0,2026-08-25 06:31:48
2024-01-10 16:19:00,CNC-03,H,299.31858116809667,313.8905250541522,1785.9070259035407,43.47102872433679,105.13325141738133,2.5206063970129597,14.588997881869288,47.833752172703186,0,2026-08-25 06:31:48
2024-01-10 15:04:00,CNC-02,M,297.5194738879024,312.5756963964736,1599.8135928118556,47.28262345710711,131.69642463111742,23.63023709252208,14.20442942783514,50.765702707034905,0,2026-08-25 06:31:48
2024-01-10 08:54:00,CNC-03,H,296.16075177634,311.52756936108284,1672.1970089794368,48.12614257056734,188.68256527340023,2.6829123948337745,14.887659235782868,62.33109892579171,0,2026-08-25 06:31:48
2024-01-10 09:17:00,CNC-02,M,296.00784642289534,310.79665025189985,1575.7461879269008,48.18139107810204,93.79406254613838,2.3664302009485274,14.040456133720053,58.50212370305646,0,2026-08-25 06:31:48
2024-01-10 13:08:00,CNC-02,M,296.32033778097986,311.79989268633994,1418.7742334561297,887.5636522439237,209.23825890099744,2.76824073177582,14.511553129190052,60.11513535508186,0,2026-08-25 06:31:48
2024-01-10 04:42:00,CNC-02,M,296.5441251530114,311.1308832756049,2244.7879802726056,31.836165777829216,147.98480323804813,3.1368008266304823,13.623006017472722,58.2366840233303,0,2026-08-25 06:31:48
2024-01-10 01:12:00,CNC-03,H,303.9986844345809,309.8940354040864,2779.2117594178353,15.174682031835456,85.3569551978086,3.32737064655135,7.848213909953615,40.152279379214725,0,2026-08-25 06:31:48
2024-01-10 10:52:00,CNC-03,H,296.8470093559524,311.3623293285904,1397.351110743706,51.08706218325639,140.44898414124148,2.336070053873431,13.632476461941312,55.89037409750708,0,2026-08-25 06:31:48
2024-01-10 20:44:00,CNC-01,L,26.714300329947548,40.70570095958186,2419.4449390290083,27.22397538489277,179.2162990163263,3.5641475678458945,12.254270341729939,47.101130084285934,0,2026-08-25 06:31:48
2024-01-10 02:41:00,CNC-01,L,297.5267605257198,310.42279973052325,2376.8743495906247,22.7539558667635,13.67279803511138,2.922234493262296,10.186613659224163,60.81476819416907,0,2026-08-25 06:31:48
2024-01-10 22:02:00,CNC-03,H,300.0263056894569,313.0069403795698,2638.26812349693,20.710603604065376,67.14219678063999,3.1521109756468935,10.023748298672853,53.56699300325639,0,2026-08-25 06:31:48
2024-01-10 06:02:00,CNC-01,L,,309.1185919363295,1987.4066994848151,30.403780997626644,19.928796848399855,2.5872915379220727,11.08413028977195,61.107357089064266,0,2026-08-25 06:31:48
2024-01-10 11:51:00,CNC-01,L,296.84998845625245,311.1649469991538,1403.065797869732,52.43511825037069,109.35464577601385,2.2058435910601624,13.94929129862089,57.04911051425425,0,2026-08-25 06:31:48
2024-01-10 16:29:00,CNC-01,L,299.14045751397987,313.8481978614915,1812.4935697589842,44.789068496912456,84.85011762301687,2.4936234665111288,15.302003357339634,52.162769072298076,0,2026-08-25 06:31:48
2024-01-10 02:49:00,CNC-03,H,297.5354250630233,312.1562610454662,2518.97738716726,28.028084934701685,191.80157200502612,3.6365210904735066,13.297961347573098,59.456031415854355,0,2026-08-25 06:31:48
2024-01-10 04:22:00,CNC-01,L,296.18576543092644,309.707218112785,2387.9502993399947,25.358446080407674,131.56949260340508,3.159739005691466,11.582699882192701,59.85903465952662,0,2026-08-25 06:31:48
2024-01-10 10:15:00,CNC-02,M,295.6696378657053,310.70072501978365,1343.8977761825493,55.65949013358853,184.18714439989864,2.5191739983120915,13.918144159651511,58.006735231828465,0,2026-08-25 06:31:48
2024-01-10 11:55:00,CNC-03,H,297.31876403542464,312.44572712609005,1286.3428195854701,58.724357284512024,240.48343070188204,2.819136692728024,14.109682848407177,53.68382437753239,1,2026-08-25 06:31:48
2024-01-10 23:02:00,CNC-02,M,298.467688818438,309.7712156497541,2755.5545370724094,12.274365419936341,16.97163047421479,3.216342511464452,6.20521192204807,53.18412039610585,0,2026-08-25 06:31:48
2024-01-10 10:44:00,CNC-03,H,296.5724697243586,311.1286904898598,1426.8499242510356,52.280825841902136,127.85975142009536,2.0902886416492352,13.824571225553452,58.804740516831465,0,2026-08-25 06:31:48
2024-01-10 09:19:00,CNC-02,M,296.06844435933726,309.69253301348743,1414.226206509589,46.02608922531339,96.84610315962416,2.176565987826881,12.172840653444677,51.841464601645455,0,2026-08-25 06:31:48
2024-01-10 23:12:00,CNC-01,L,299.0226530266612,310.4237838300563,2729.9216378907277,11.542414713261971,124.47288961595459,3.507113624977829,5.954223698110129,55.794729662075675,1,2026-08-25 06:31:48
2024-01-10 22:30:00,CNC-02,M,298.40118935457485,311.96088055277727,2558.3387327299743,20.476177715620913,197.60597163539734,3.6611126551963356,9.849702745829118,51.4999153889983,0,2026-08-25 06:31:48
2024-01-10 22:32:00,CNC-02,M,298.2110579539205,311.9870879004833,2545.743080331412,21.203369090403207,199.78103941624818,3.6802953914132464,9.781581950322714,53.593162531481006,0,2026-08-25 06:31:48
2024-01-10 03:58:44,CNC-03,H,296.7496060036417,309.8710711784135,2288.8319779188714,26.397816204234207,42.32390166109037,2.83275789817426,11.42198072700156,58.888020860856,0,2026-08-25 06:31:48
2024-01-10 10:36:00,CNC-02,M,301.19220604704697,310.30953409880146,1450.6813905937356,52.050449097233106,217.2779130714898,2.951692891698133,14.44081176434059,49.430547122452396,0,2026-08-25 06:31:48
2024-01-10 13:50:00,CNC-01,L,302.90251964010787,310.9223860423602,1427.455508521657,50.07238331454734,83.49089575841606,2.182511574306247,13.287896209260177,47.29320850771943,0,2026-08-25 06:31:48
2024-01-10 04:49:00,CNC-02,M,296.070488614732,309.84654772763423,2369.0868191344175,26.546892012026063,156.64593238698544,3.208306675476032,11.49747652079522,59.592240292373845,0,2026-08-25 06:31:48
2024-01-10 02:57:00,CNC-01,L,297.2374785369807,309.5349485108293,2339.5661340043307,20.10854267783011,31.741453719769506,2.8151952902215833,8.970674548830395,58.993417383706145,0,2026-08-25 06:31:48
2024-01-10 16:16:00,CNC-03,H,299.382421702887,313.6475257111509,1712.1253361031017,42.22686074247363,100.81691071791981,2.3754963955707367,13.638065316205381,54.63508259738001,0,2026-08-25 06:31:48
2024-01-10 09:01:00,CNC-02,M,295.9290863130067,309.74675613348506,1557.5916337345489,42.574374709091465,69.27024477141974,2.2132852010266975,12.122666030367135,59.2068793931544,0,2026-08-25 06:31:48
2024-01-10 01:21:00,CNC-03,H,303.57902641552744,309.33001867440635,2613.8255364864413,16.053976614142,95.07138465137753,3.1489714173593373,7.769007776935943,44.45373518588629,0,2026-08-25 06:31:48
2024-01-10 00:23:00,CNC-02,M,298.5983132846041,310.5201435317363,2649.986667226034,15.588783042120733,80.56813686030571,3.140050082210876,7.555701658357707,50.23014607764027,0,2026-08-25 06:31:48
2024-01-10 03:04:00,CNC-01,L,296.96717276168033,309.88287110272796,2602.600483819073,21.682819350162394,39.69977337952185,3.1612886493066292,10.482336474406752,62.094283401746836,0,2026-08-25 06:31:48
2024-01-10 15:30:00,CNC-01,L,298.6561604464739,313.9363407081895,1815.4314221325521,44.210427187862805,237.17711164518101,3.7379520144387994,15.17155637241752,54.380839590253395,0,2026-08-25 06:31:48
2024-01-10 04:07:00,CNC-03,H,296.6875467237681,308.9255996223277,2403.018582923375,20.39555005790657,51.79644994695432,2.9749941558822375,9.014631236535386,58.469891431329806,0,2026-08-25 06:31:48
2024-01-10 00:51:00,CNC-02,M,298.353979014777,310.78921542244694,2660.356186565774,17.07368614751187,110.45972748948165,3.2336502868091963,8.538306638403046,48.950817577249765,0,2026-08-25 06:31:48
2024-01-10 17:19:00,CNC-03,H,299.8774922473098,314.77988287764475,1926.4354232958858,39.81747955954692,189.96631644468036,2.9141901211305195,14.23540698638308,53.062975725215274,0,2026-08-25 06:31:48
2024-01-10 00:10:00,CNC-03,H,298.7430510814436,309.52395318748853,2689.959428689497,10.784761332730636,19.064717193630194,3.2330624278226514,5.333458533968932,54.3678861807244,1,2026-08-25 06:31:48
2024-01-10 01:18:00,CNC-01,L,298.46145297039044,310.3749993114047,2794.3011129012725,13.668427095870062,123.93742944707964,3.4375933711728592,7.177011973933072,53.686516463967294,0,2026-08-25 06:31:48
2024-01-10 07:10:00,CNC-03,H,295.7320795625282,309.25592126321084,1809.3586900844318,35.075778543433515,36.092573724897804,2.405616187355809,11.884625014610682,59.84643966075636,0,2026-08-25 06:31:48
2024-01-10 18:38:00,CNC-02,M,298.89147449599494,313.61664042534846,2183.084368601818,32.44570740063196,174.02664348049427,3.198646890920743,13.23225866892244,52.8912911680005,0,2026-08-25 06:31:48
2024-01-10 19:35:00,CNC-02,M,299.00688738296145,313.4364408503792,2315.00688666091,26.851756703522664,245.65449212652572,4.150170364684817,0.0,53.77562790646716,0,2026-08-25 06:31:48
2024-01-10 07:55:00,CNC-01,L,296.17639038153345,311.0131605211517,1818.7323741626021,41.09085383237735,178.30431630449456,3.048561454814508,14.252176564389245,55.45232619373209,0,2026-08-25 06:31:48
2024-01-10 01:12:00,CNC-01,L,298.3476628261439,311.1328109139311,2714.970831282145,18.972382987034006,117.61006076427475,3.459913390770639,9.608109289823474,50.77683882831622,0,2026-08-25 06:31:48
2024-01-10 11:36:00,CNC-01,L,296.70100973231473,310.7675488236416,1414.9127465291035,50.063569864523195,85.61176299202815,2.0944838423548138,13.061650541825868,61.22902737591963,0,2026-08-25 06:31:48
2024-01-10 22:15:00,CNC-03,H,299.9834423317116,312.3353539551199,2773.9401590148836,16.741435345015486,81.32411949656029,3.278777871607025,8.618578945015168,50.19797350397817,0,2026-08-25 06:31:48
2024-01-10 07:03:00,CNC-01,L,295.9417756876085,309.98002129945974,1788.4319899155255,39.658235524049566,103.6728857549265,2.546789617903602,13.264802902304885,57.877358992930866,0,2026-08-25 06:31:48
2024-01-10 08:22:00,CNC-03,H,295.6622849424795,310.35496628983964,1563.6398678994822,46.79748941450669,140.69346474419856,2.3645433567239986,13.5863525626374,59.469847820045985,0,2026-08-25 06:31:48
2024-01-10 03:57:00,CNC-02,M,296.9002683129912,309.7572451796228,2449.328830820772,21.36862776921245,93.29082296982624,3.0523750574709556,9.796800579727776,52.324815548038075,0,2026-08-25 06:31:48
2024-01-10 14:54:00,CNC-01,L,298.0708970043833,312.8701573935421,1445.0815307272817,52.45003735252985,182.8184222283935,2.6270911460470945,13.82461009196142,50.97703223014475,0,2026-08-25 06:31:48
2024-01-10 11:08:00,CNC-01,L,296.7883748275436,310.4516335550611,1431.3030702671106,47.38590942788554,41.25521541469527,2.1591623429423046,12.602788586431942,,0,2026-08-25 06:31:48
2024-01-10 20:38:00,CNC-01,L,26.68123121356774,41.11248308036039,2274.9399187824797,30.60330263540996,172.37606700333944,3.327188678407322,13.056153818946315,51.746962167779365,0,2026-08-25 06:31:48
2024-01-10 09:07:00,CNC-01,L,296.36122722748246,310.66084733973037,1502.7758483031296,48.39964009159648,75.12080310486245,2.2025627681997118,13.581166528817713,57.38803846657198,0,2026-08-25 06:31:48
2024-01-10 02:19:00,CNC-01,L,297.4229831199961,310.52651156847634,2593.2952045458255,19.926634325589866,190.79769175494192,3.928700679981247,9.678279314109897,56.937956424141866,0,2026-08-25 06:31:48
2024-01-10 23:06:00,CNC-03,H,299.6731469271758,312.0798998418836,2585.1702447217776,17.857580659357346,136.58497776553787,3.2657241743894923,8.675817837718515,52.86450319522099,0,2026-08-25 06:31:48
2024-01-10 14:19:00,CNC-01,L,303.0761206400155,311.79565507912525,1632.3617108515982,46.29367453555686,128.6166815083267,2.4533384740615776,14.128850621928633,48.94567560377692,0,2026-08-25 06:31:48
2024-01-10 11:20:00,CNC-01,L,296.5277033277098,310.4816286426233,1347.392174522313,51.10952486055285,60.32934130791399,2.0646210249759323,12.853911040960075,56.279183919558534,0,2026-08-25 06:31:48
2024-01-10 00:18:00,CNC-02,M,298.6453788962514,310.6846058017097,2711.407782714416,16.641969981188932,75.22736583899048,3.352469937016543,8.634620685492138,53.152478973978965,0,2026-08-25 06:31:48
2024-01-10 15:47:00,CNC-01,L,298.63146044825555,312.5070447059716,1545.6501398757493,45.307687326645045,23.621655023929133,2.197010505948621,13.216819498655394,53.023050835421394,0,2026-08-25 06:31:48
2024-01-10 13:09:00,CNC-01,L,297.14849612180006,311.24810858629155,1376.657237096939,51.42598224806168,18.93536759456347,2.1166230318906325,13.100271854326799,54.26364818953144,0,2026-08-25 06:31:48
2024-01-10 21:43:00,CNC-03,H,300.22588609399753,312.59538271123387,2483.2027491872177,19.340813131262298,46.34386853440981,3.0177149186042778,8.899695463013806,48.388813658759844,0,2026-08-25 06:31:48
2024-01-10 23:46:00,CNC-02,M,298.1522147772516,309.89670343276555,2708.8669863128216,12.60273987739359,63.994385633202924,3.237812565877577,6.3410067742887914,52.388483545373205,0,2026-08-25 06:31:48
2024-01-10 08:00:00,CNC-02,M,295.6227645311262,310.8413400863916,1615.6974994845777,47.41881719561724,190.68518106841032,2.744512142556489,14.237338435743643,56.87147791594878,0,2026-08-25 06:31:48
2024-01-10 12:32:00,CNC-01,L,297.02273999922807,311.35756111331375,1352.3629844831753,51.65918814884231,174.63907617634925,2.5660728834126614,13.134414948393635,53.851297399534005,0,2026-08-25 06:31:48
2024-01-10 04:00:00,CNC-02,M,296.8849844373195,310.20922241358187,2333.7952001163817,25.771429997345265,96.8349110754187,29.205917533185136,11.222982543427378,56.186118656943954,0,2026-08-25 06:31:48
2024-01-10 02:28:00,CNC-02,M,297.5810158770036,310.9536391730056,2444.1857735570256,21.216712250176823,215.60403338720502,3.721008107629912,9.620928192641808,55.37181442512817,0,2026-08-25 06:31:48
2024-01-10 20:40:00,CNC-03,H,26.885204860264423,40.94514146928822,2403.2004524972035,25.24163143209605,219.7481657045811,3.6181356929993282,11.160483445524987,52.17956167992233,0,2026-08-25 06:31:48
2024-01-10 22:39:00,CNC-02,M,298.3409532544698,312.18714712569204,2540.295799805564,21.569253346659977,207.47528560484955,37.000174225088415,10.32605181984832,53.77126284346116,0,2026-08-25 06:31:48
2024-01-10 11:34:00,CNC-03,H,296.93338476057136,311.9245293810822,1350.5899641750923,56.581709120163794,207.22916924819341,2.526943535355578,14.331099539224692,54.99110846257145,0,2026-08-25 06:31:48
2024-01-10 13:05:00,CNC-01,L,297.04507248955304,310.62170305494146,1346.6513153060955,49.64166404990832,12.627249040731618,2.0399603752004003,12.499672973836734,58.932233573640985,0,2026-08-25 06:31:48
2024-01-10 17:16:00,CNC-03,H,299.52382726289784,313.8314365928436,1767.7880412011853,39.1641844319239,185.78428830435354,2.8585859701577996,13.158692028635944,51.250642848508704,0,2026-08-25 06:31:48
2024-01-10 20:13:00,CNC-03,H,27.11447452584406,41.107295111788005,2283.5170695943016,27.378653767460982,187.9058026005954,3.25379749339321,11.79796247925394,53.64894841260724,0,2026-08-25 06:31:48
2024-01-10 19:08:00,CNC-01,L,300.0636368567499,313.49494361314737,2283.6861454555433,27.230945109789175,64.0424282927932,2.830622232183649,11.473630301603052,59.26866999553208,0,2026-08-25 06:31:48
2024-01-10 19:30:00,CNC-02,M,299.19848274310897,314.3657284297775,2146.660545722198,33.03668574984081,239.4807033873566,3.8537431980867765,13.314846332508145,50.74686655525598,0,2026-08-25 06:31:48
2024-01-10 20:19:00,CNC-03,H,26.817426862949844,41.132963100071606,2427.6395018551443,27.218325130793296,195.07919249943942,32.46939207909466,12.344730614928062,45.87244152968445,0,2026-08-25 06:31:48
2024-01-10 08:35:00,CNC-03,H,295.8909895798589,310.3956768255204,1603.1630334510292,45.085917034953944,160.1417901192579,25.15549161255785,13.424256267900196,59.70735724768721,0,2026-08-25 06:31:48
2024-01-10 01:02:00,CNC-02,M,298.3725040712369,311.1904529340584,2710.1239253710824,18.71068855826953,122.19180383307645,3.371614928900774,9.467554628983603,56.467024256515955,0,2026-08-25 06:31:48
2024-01-10 21:21:00,CNC-02,M,25.898189202166463,39.35534426660138,2556.2442065742816,21.833409628667987,121.60982772331582,3.1728802080010676,10.234574257640233,52.655552881930554,0,2026-08-25 06:31:48
2024-01-10 21:21:00,CNC-03,H,26.939654797952585,39.206296470676136,2516.6315259076737,18.943113980932438,21.720973162833253,3.00330087985877,8.987011754148241,55.70634114302404,0,2026-08-25 06:31:48
2024-01-10 01:29:00,CNC-02,M,297.9873581905703,310.9984038213063,2634.600813672382,19.515452031992318,151.07734924926777,3.4443955950725433,9.514924272530015,52.801689906444594,0,2026-08-25 06:31:48
2024-01-10 04:59:00,CNC-02,M,296.2516297271554,310.67714754102775,2118.588943668428,32.560936398683005,169.16913474554067,3.1495362894973544,12.800769074343783,56.852003238575854,0,2026-08-25 06:31:48
2024-01-10 01:12:00,CNC-02,M,298.1066728513205,310.088254550788,2798.296593254502,13.568196622494334,132.80757671856756,3.4773359728003754,7.246595691562635,54.528198130558685,0,2026-08-25 06:31:48
2024-01-10 15:51:00,CNC-03,H,298.9970625568435,313.066495446195,1603.5318062655292,46.02660750930382,64.24281248619235,2.253233651691684,13.75190462651987,54.885865678506114,0,2026-08-25 06:31:48
2024-01-10 23:18:00,CNC-01,L,299.0901744485444,311.2040338258366,2726.8444881267296,15.271688262063687,130.91180823810365,3.512482575048411,7.8312208818373845,56.58408442596527,0,2026-08-25 06:31:48
2024-01-10 10:33:00,CNC-02,M,301.18550020519643,310.60638027711644,1473.346666857071,52.753046254963444,212.59787119395162,2.8879923913069687,14.414597557934075,52.379014119950554,0,2026-08-25 06:31:48
2024-01-10 06:43:00,CNC-01,L,296.15390778309734,309.71698862489814,,35.77325297756492,75.6416092440905,2.4478049059874776,11.860770182275441,53.9541006725124,0,2026-08-25 06:31:48
2024-01-10 23:17:00,CNC-03,H,299.56789790327775,312.5158701788937,2632.403269941004,19.427158794947196,148.25568245024,3.358625878190293,9.554790674888672,53.848196754976485,0,2026-08-25 06:31:48
2024-01-10 04:21:00,CNC-03,H,296.4384449346043,309.5193246441928,2202.8209883323866,26.59177731780756,68.80427777610853,2.765980796438379,10.977279307169475,57.0940204289042,0,2026-08-25 06:31:48
2024-01-10 13:54:00,CNC-02,M,296.99053445297676,311.30748296810015,1491.483698005018,48.284816916857935,23.4821370790334,2.101506191465471,13.516246181363373,57.095560520381085,0,2026-08-25 06:31:48
2024-01-10 19:55:00,CNC-02,M,26.016973466254797,38.33766684792215,2301.4932221795643,20.00419395226175,21.76754326074457,2.936244383695853,8.474777567664656,52.985675645857015,0,2026-08-25 06:31:48
2024-01-10 03:39:00,CNC-01,L,296.83273073407787,309.9522052448482,2353.0475707403425,25.148005228050305,80.25152079606221,2.8820319906636365,11.166081573819774,52.167011333114715,0,2026-08-25 06:31:48
2024-01-10 23:23:00,CNC-03,H,299.5469435591268,312.02367318949865,2634.1770652501195,17.52913099432996,154.61102099432233,3.4522252146012544,8.586410838067776,53.11360999040274,0,2026-08-25 06:31:48
2024-01-10 19:32:00,CNC-02,M,298.90685759218155,313.3545019869873,2361.805270483674,26.265898173555787,241.9567526164982,4.024038571127039,11.736001389382116,53.94854035925496,0,2026-08-25 06:31:48
2024-01-10 22:32:00,CNC-01,L,299.4277163673516,312.0014626493171,2663.3865267870597,18.591039151796423,81.54606265816315,3.2483662706654863,9.186057900325672,50.98238863206675,0,2026-08-25 06:31:48
2024-01-10 18:37:00,CNC-01,L,300.08141136153887,313.4462684850377,2170.989107921348,30.616747637319673,24.81794157897835,2.7778274546480706,12.465448989697052,51.798191180367176,0,2026-08-25 06:31:48
2024-01-10 17:04:00,CNC-01,L,299.37710906902447,314.009006334261,1837.5678065881389,40.256833060066036,133.97146346627005,2.5891133767392307,13.814469769630243,46.60734582723445,0,2026-08-25 06:31:48
2024-01-10 01:31:00,CNC-02,M,297.8299233232398,310.131938323127,2584.725893322193,16.18042071609534,153.26034217390907,3.3447127380345094,7.737167100780006,54.8076808502502,0,2026-08-25 06:31:48
2024-01-10 16:08:00,CNC-02,M,298.3876053095953,314.2387433197562,1846.712871739178,44.50610005914065,226.8353726302737,3.460089866444189,15.31423258411203,53.65061225443976,0,2026-08-25 06:31:48
2024-01-10 18:56:00,CNC-02,M,299.0956498995654,314.02000704689993,2086.1449960072314,33.82910557976224,196.79835700705462,3.2863522698608074,13.348122601806132,55.45151009039474,0,2026-08-25 06:31:48
2024-01-10 14:18:00,CNC-02,M,296.8682915676486,310.8441848587074,1585.0791902954336,41.84722819300568,60.86306097809049,2.1984530649181457,12.374469359893729,58.01888480450494,0,2026-08-25 06:31:48
2024-01-10 10:30:00,CNC-03,H,296.3503576283477,310.7377938617492,1517.4813181969962,48.30686474146868,105.80853460377668,2.225910577436512,13.681814233690751,60.72353639915151,0,2026-08-25 06:31:48
2024-01-10 14:57:00,CNC-02,M,297.4754856075929,312.3443048120688,1591.6820364783089,48.267918074449824,121.06822019091818,2.4211018098327455,14.408697744629903,57.77723931888558,0,2026-08-25 06:31:48
2024-01-10 06:32:00,CNC-01,L,296.0907466732,310.3418746252747,2031.8976574515232,35.42545948192877,60.362287738826375,2.653835908669452,13.451374810053895,65.06836600326463,0,2026-08-25 06:31:48
2024-01-10 19:55:00,CNC-01,L,26.887968145610955,40.98767398218678,2243.0186080517133,30.02844269645219,121.82417715051436,3.003938742309339,12.697024991526915,54.98036640796837,0,2026-08-25 06:31:48
2024-01-10 14:12:00,CNC-03,H,298.4287231569292,313.02330028320307,1412.8007880615246,50.97866518690298,182.88890091027648,2.407702068346223,13.576333884926914,53.39731614243077,0,2026-08-25 06:31:48
2024-01-10 04:56:00,CNC-02,M,296.24451542685716,310.3236925693429,2387.446060787112,27.551772769463362,165.3690968696589,3.330762348961405,12.55021775063427,64.57987238053107,0,2026-08-25 06:31:48
2024-01-10 00:34:00,CNC-02,M,298.4594376790972,311.060375046132,2592.9097616953727,18.739931037625126,92.31581875372174,3.2425049786480833,8.938437936249368,54.57227314097275,0,2026-08-25 06:31:48
2024-01-10 09:13:00,CNC-01,L,296.2246716270477,310.8971012894976,1610.2718443256701,47.29192148618465,84.33068737350577,2.250340783822339,14.159609864334554,58.35989029823272,0,2026-08-25 06:31:48
2024-01-10 17:02:00,CNC-01,L,299.1973142910506,314.0911010442905,1773.2639695219063,43.57683189815079,131.22147326060252,2.542713029222858,14.177980996063821,49.60085412665585,0,2026-08-25 06:31:48
2024-01-10 10:55:00,CNC-02,M,301.3481044776661,310.79424315134685,1367.4823580725053,55.999113563306864,247.25323820571776,3.221957297602604,13.94082635362238,49.94924216467962,1,2026-08-25 06:31:48
2024-01-10 21:24:00,CNC-03,H,27.104496551095565,39.892530137501865,2602.555313635467,20.904846665184202,25.098742821516662,3.160703396848635,10.079542460298097,48.89020021024596,0,2026-08-25 06:31:48
2024-01-10 21:13:00,CNC-02,M,25.97814652628273,39.4254235125224,2493.1708882428848,22.393161849976085,112.58937710333707,3.2120822657330987,10.512973021747975,52.87119778918436,0,2026-08-25 06:31:48
2024-01-10 06:44:00,CNC-02,M,295.78624505472334,310.3834236396583,1958.4127464333264,38.50939123301004,2421.466019887157,2.53451271691717,14.270046270318073,,0,2026-08-25 06:31:48
2024-01-10 03:03:00,CNC-02,M,297.1035262239976,309.42886196405226,2493.3668545259557,19.50254301528257,30.506221515007176,3.0180692721000875,9.028595316620752,57.94039385430533,0,2026-08-25 06:31:48
2024-01-10 15:16:00,CNC-01,L,298.2969870185102,313.2040704175642,1578.5393509791043,47.792007858616934,216.13297297357167,3.2781823995424992,14.06756193466207,55.647675914130424,0,2026-08-25 06:31:48
2024-01-10 02:50:00,CNC-03,H,297.7868001905588,310.7174972547697,2594.022761787614,18.780956521690282,192.90189827926568,3.52290593015584,8.99321725886091,54.67653000697659,0,2026-08-25 06:31:48
2024-01-10 11:56:00,CNC-02,M,301.83694911429325,310.24230601119143,1382.9072950996806,50.677252157268256,95.0065904527766,2.053019090769996,13.044304839213224,44.41293833529899,0,2026-08-25 06:31:48
2024-01-10 02:07:00,CNC-03,H,297.8658063442049,310.51004549971225,2753.4528651878836,17.60811567936434,145.07774227210118,3.4102399716424756,9.026300203960648,50.49828684894804,0,2026-08-25 06:31:48
2024-01-10 12:48:00,CNC-02,M,296.1651924091976,311.04881751042274,1337.8218435347253,52.83621144303089,177.63735697928502,2.4197770447897162,13.032828403357477,60.63966427321188,0,2026-08-25 06:31:48
2024-01-10 07:00:00,CNC-02,M,295.783333737786,310.40329187731527,1769.7994317632435,42.96533452614169,104.48100542550588,2.4848158085736336,14.10271706383103,59.310980927704534,0,2026-08-25 06:31:48
2024-01-10 06:57:00,CNC-01,L,295.9735673565427,310.2241228739619,1900.6685764478402,37.883420325694836,95.2543395934374,2.6479492236299884,13.565958144917861,58.404279350171734,0,2026-08-25 06:31:48
2024-01-10 15:52:00,CNC-01,L,298.5896081295799,312.3259656261313,1653.6691184187382,41.556982875207986,31.078819572006577,2.209790470600272,12.916075142928099,53.81455110130069,0,2026-08-25 06:31:48
2024-01-10 11:26:00,CNC-03,H,297.1164048679999,312.241779088624,1409.348036756037,55.9524224989069,194.46484791206257,2.628167460590595,,59.609032245368155,0,2026-08-25 06:31:48
2024-01-10 00:03:29,CNC-02,M,298.91073122385484,311.379667249537,2775.2460367273916,17.644108320569806,60.47520966960293,3.4103929567265054,9.4473551211134,58.05480367345678,0,2026-08-25 06:31:48
2024-01-10 14:52:00,CNC-03,H,298.7434988569682,313.7881806026608,1570.2621018295083,47.24917370802798,244.55323601161388,3.0875959039094347,13.986079190923345,54.06517933014293,0,2026-08-25 06:31:48
2024-01-10 20:01:00,CNC-02,M,26.056056644780767,39.30506808099324,2444.7445121239152,23.082066200420602,28.912632810013424,3.0119446690404015,10.410975916254632,51.425595247056336,0,2026-08-25 06:31:48
2024-01-10 05:47:00,CNC-01,L,295.98109385575015,309.79009858266625,,33.852730955976575,0.0,2.5273241872769683,12.87231987763268,55.69510409743654,0,2026-08-25 06:31:48
2024-01-10 22:21:00,CNC-01,L,299.6635674344077,311.8315179201485,2623.2906628683877,16.624102333878383,69.61497466447078,3.323248799742924,8.543588324238915,52.878636176789016,0,2026-08-25 06:31:48
2024-01-10 20:51:00,CNC-01,L,27.158403581800428,40.28599800181706,2563.3203493891365,19.708333076398304,187.2876685023427,3.6727847960118662,9.409324073884749,52.69657191218166,0,2026-08-25 06:31:48
2024-01-10 12:49:00,CNC-01,L,296.84394204201647,311.81460388219983,1411.2903985735534,54.01989999199844,201.59075964003569,2.8795432634793996,14.267028597882492,59.66558244974811,0,2026-08-25 06:31:48
2024-01-10 23:31:00,CNC-01,L,298.8305338584055,312.37547616559925,2626.499606359564,22.91245633345584,144.7090156356103,3.3192036550553796,11.223327162770168,54.892728040262796,0,2026-08-25 06:31:48
2024-01-10 23:34:00,CNC-01,L,298.8498449629155,310.5505628765602,2671.8999188463786,13.690610951938186,147.87586246051268,3.3512856175807526,6.777808683989964,54.33567338796015,0,2026-08-25 06:31:48
2024-01-10 11:26:00,CNC-02,M,301.7774167658351,309.8081169833195,1341.2196205724397,52.09931347665241,47.376216747471325,2.1113031831156657,13.36363667774047,46.45421893892363,1,2026-08-25 06:31:48
2024-01-10 09:22:00,CNC-02,M,296.0294991254884,310.47911829837676,1608.8031351370926,44.37318730347602,101.36916869952452,2.3782171937607575,13.305322367452296,61.42837695946782,0,2026-08-25 06:31:48
2024-01-10 09:28:00,CNC-01,L,296.39002927279125,310.7459317315106,1526.8376929716696,47.98498782115717,107.59819274129214,2.2456502590735345,13.638113384066724,56.557983634327975,0,2026-08-25 06:31:48
2024-01-10 10:22:00,CNC-01,L,296.45571301534596,311.05971850634614,1464.5736652993794,48.66773552335651,191.57079380726015,2.7903782147499423,13.397577875570448,55.89311150626532,0,2026-08-25 06:31:48
2024-01-10 05:59:00,CNC-03,H,296.109692019082,311.15660222177803,2013.07492084374,38.317262026987805,193.69526408939254,3.0308332597870016,14.072891750826562,61.7588777479044,0,2026-08-25 06:31:48
2024-01-10 13:47:00,CNC-03,H,298.3736515372475,313.044080048755,1437.4476640294092,52.91740403141245,144.02386696842478,2.262418617321032,14.136898811420231,52.90364756721866,0,2026-08-25 06:31:48
2024-01-10 20:30:00,CNC-02,M,25.90038744328183,40.05189469112253,2399.732957094907,28.354401285220543,63.0847609212098,3.008678611033571,12.772713712827606,52.1497450766221,0,2026-08-25 06:31:48
2024-01-10 08:53:00,CNC-01,L,296.07841986908034,310.41284765999757,1659.625482182983,46.1365418032437,53.695972479776124,2.472024092623398,14.239481483377443,57.87472188640671,0,2026-08-25 06:31:48
2024-01-10 06:59:00,CNC-02,M,295.61739330878885,310.07480774111195,1761.6360399408843,41.55563219339742,103.03761380007792,2.3666461052069794,13.737023692252595,63.64631552939913,0,2026-08-25 06:31:48
2024-01-10 02:29:00,CNC-03,H,297.89531365962415,311.4440695200829,2441.074105201778,22.79690137431878,169.49672027779138,3.291713320302715,10.611464207089869,52.97870133848015,0,2026-08-25 06:31:48
2024-01-10 12:50:00,CNC-03,H,297.7011969064828,311.31071129549275,1344.213097928136,50.64871364238571,53.75981520657416,1.9703570301315085,13.063622579222367,56.761902162912854,0,2026-08-25 06:31:48
2024-01-10 14:49:00,CNC-03,H,298.70682659920516,313.43034822479717,1555.3837501093049,47.43369159873278,240.07794200257877,3.1056482124057627,13.663240287434483,49.544340963565645,0,2026-08-25 06:31:48
2024-01-10 11:37:00,CNC-02,M,301.65004567435545,309.7017820290111,1400.9248241263092,49.57765116711071,64.80847781601587,2.1780023862949394,13.023394059774068,49.6292988477267,0,2026-08-25 06:31:48
2024-01-10 23:30:00,CNC-01,L,298.8178985613558,312.1816567701382,2780.6928020205796,20.69239139581634,143.63045017939834,3.6444180857168553,10.76655108113034,50.742315264987575,0,2026-08-25 06:31:48
2024-01-10 20:02:00,CNC-02,M,25.76558843416717,38.83035484111247,2417.5692136742787,21.823171761180618,30.09011474829432,3.0137834949882576,9.745748619757025,52.45498058156392,0,2026-08-25 06:31:48
2024-01-10 08:39:00,CNC-01,L,296.1635029317909,310.0287090419713,1637.7392044601502,40.93808227873983,32.67662397384849,2.248845295138222,12.47448761516841,57.201089913260965,0,2026-08-25 06:31:48
2024-01-10 12:58:00,CNC-02,M,296.53449246982626,311.4197194746985,1468.144514616693,51.040738619481296,193.440934204925,2.6324023798533065,14.040196627469797,53.92663978847375,0,2026-08-25 06:31:48
2024-01-10 03:35:00,CNC-02,M,296.8478048345919,310.1641668470062,2560.1360397830454,23.750310054563567,67.46056705534227,3.254893816271537,11.208610344960912,56.78448936775696,0,2026-08-25 06:31:48
2024-01-10 02:39:00,CNC-03,H,297.69841921565745,311.1674579101364,2520.936532242667,22.747692172677066,180.574356985589,3.519160260215729,10.907457908890883,53.12703842283893,0,2026-08-25 06:31:48
2024-01-10 17:12:00,CNC-03,H,299.580497260392,314.1035945762108,1883.6542711870975,38.75456683150806,180.2522723942437,2.8612611891052273,13.627448950701957,51.09288105505244,0,2026-08-25 06:31:48
2024-01-10 16:47:00,CNC-03,H,299.66972879167287,314.4615772894723,1880.2723813806842,40.198623437588786,145.0979101095319,2.7248456074406,14.302675979899938,48.46848126651871,0,2026-08-25 06:31:48
2024-01-10 07:59:00,CNC-02,M,295.6389631424851,310.69251691615506,1685.324885194957,45.387504868370414,189.20359880952614,2.8727658217378864,14.390401076070955,58.216511674477104,0,2026-08-25 06:31:48
2024-01-10 18:27:00,CNC-02,M,298.9827108883826,314.00783680515667,2086.499035008606,36.07609847969793,159.87521549401006,2.9661810463775815,13.921486362476273,53.78803962413992,0,2026-08-25 06:31:48
2024-01-10 15:36:00,CNC-01,L,298.68782748144827,,1675.4308138325,43.520001526213306,7.433919208445106,2.3561785077020443,13.749087529539263,54.26875080015597,0,2026-08-25 06:31:48
2024-01-10 14:20:00,CNC-02,M,297.49876786209506,311.91550915619996,1520.0101616757468,47.564860261617206,63.98706870127505,2.289346958660518,13.573699413466201,53.38716624543708,0,2026-08-25 06:31:48
2024-01-10 02:01:54,CNC-02,M,297.64276109423093,309.9469454955067,2694.422280651387,14.87051537631005,186.87716191143352,3.7357886431367207,7.5438912243037155,55.476207340100835,0,2026-08-25 06:31:48
2024-01-10 16:24:00,CNC-01,L,298.87211744682645,313.0841453206883,1752.795097271164,40.51245262245575,77.63227134211196,2.4688462474047688,13.521276822473556,53.56035259611553,0,2026-08-25 06:31:48
2024-01-10 00:49:00,CNC-03,H,304.25612105796824,309.8337650513802,2690.4363623214754,13.97356161672362,,3.2332659616218202,7.116056814800038,44.58056344455079,0,2026-08-25 06:31:48
2024-01-10 01:39:00,CNC-01,L,298.0422290606457,310.80543312958383,2712.66976069834,18.737013382166523,146.6234821417334,3.555350425588453,9.294493054514096,58.427691719718084,0,2026-08-25 06:31:48
2024-01-10 00:17:32,CNC-02,M,298.6960143900613,309.70485640386465,2701.3325836684103,11.458890017244883,74.14619967928418,3.1529653312614587,6.054374103229467,47.572798929762904,1,2026-08-25 06:31:48
2024-01-10 00:59:00,CNC-01,L,298.4336281118946,309.9822802475027,2583.5760195088587,13.152704554615122,103.65507512393395,3.0890209671431164,6.423380673620689,51.859166239683105,0,2026-08-25 06:31:48
2024-01-10 20:03:00,CNC-02,M,25.847295067894095,38.65845776224131,2706.303829475442,18.97317149499373,31.185155676530357,3.175223187355102,9.583252983160744,56.17581274631281,0,2026-08-25 06:31:48
2024-01-10 00:01:00,CNC-03,H,,311.0149452029692,2630.880217073216,16.855710929011885,9.49047251874092,3.0881341199725796,8.360204068800956,53.16798583280792,0,2026-08-25 06:31:48
2024-01-10 14:51:00,CNC-03,H,298.82187277032233,313.6639946110022,1701.0443615196516,41.70918836462651,243.0349780367259,3.3783404015327774,13.351003421852289,54.59375415225784,0,2026-08-25 06:31:48
2024-01-10 22:57:00,CNC-03,H,299.6631803345157,312.3281254161627,2652.1005525397404,18.201088826608423,126.8750637724503,3.3614300644182484,8.698869677558168,49.44166980494147,0,2026-08-25 06:31:48
2024-01-10 23:45:00,CNC-03,H,299.4869506880595,311.7404277881382,2744.064195970506,15.577363240855771,178.00445453928148,3.689359091929315,7.9716756637898225,54.14411045472224,0,2026-08-25 06:31:48
2024-01-10 17:13:00,CNC-02,M,298.85817152081756,312.7661130955309,1942.379724283694,34.47548590044408,60.707437857588936,2.690849103975007,12.433220092921644,52.70289623827201,0,2026-08-25 06:31:48
2024-01-10 02:06:27,CNC-02,M,297.695580433503,311.302861587484,2640.9903633904287,21.477701324359355,190.13858874181716,3.693179089986672,10.755147054572149,52.147584917657234,0,2026-08-25 06:31:48
2024-01-10 12:31:00,CNC-03,H,297.477515566018,311.18489296892153,1293.2932258105807,52.92847405994036,23.657885801224115,1.9513344800140908,12.778228215133849,59.48663675371264,0,2026-08-25 06:31:48
2024-01-10 10:49:00,CNC-02,M,301.080446010767,310.25795049641204,1519.7066657640642,48.75967731980158,237.7472007481044,3.240520029215162,14.025377026848854,49.18111297589281,0,2026-08-25 06:31:48
2024-01-10 23:01:00,CNC-01,L,299.1195110041736,311.14869002014757,2761.696434120013,15.447151150038621,112.69804068776037,3.3560447550014887,8.063706165323598,52.73875211082338,0,2026-08-25 06:31:48
2024-01-10 21:55:00,CNC-03,H,300.1776076833705,312.6188377675373,2444.2381455145755,21.172880212156784,59.50469879507449,3.0131635648332993,9.568130164419314,48.697126276564674,0,2026-08-25 06:31:48
2024-01-10 08:53:00,CNC-02,M,295.5125888509441,309.38010111476774,1460.2164345212052,47.716216311143235,57.187071278990416,1.9742662281149446,12.842082295041875,59.86230591406081,0,2026-08-25 06:31:48
2024-01-10 21:23:00,CNC-01,L,26.678820627532048,38.44883191571245,2553.780427238033,16.669958910219883,5.672487354135241,3.1027572249762243,7.727869393524118,48.48432746926181,0,2026-08-25 06:31:48
2024-01-10 03:30:00,CNC-03,H,297.1010000743844,308.91705925422866,2424.4872361363273,18.76056680740707,8.131664262379548,3.017211277540228,8.74999833126688,57.05460293184045,0,2026-08-25 06:31:48
2024-01-10 23:55:00,CNC-03,H,299.55809383074376,311.923739641023,2739.4216879108926,16.597204859180835,188.51842564773713,3.692731655303311,8.558812062889313,53.76890000953884,0,2026-08-25 06:31:48
2024-01-10 21:22:00,CNC-02,M,25.341149402477072,37.92502231669596,2590.0302737233037,16.971767266903136,122.71124351383935,3.3876431414679877,8.07085495177759,49.98911237648273,0,2026-08-25 06:31:48
2024-01-10 10:39:00,CNC-02,M,2813.756886470472,310.2941783051291,1371.698723218342,53.155230583107084,222.07706614531125,2.813775600900528,13.44761936200994,49.71848792580867,0,2026-08-25 06:31:48
2024-01-10 10:37:00,CNC-01,L,296.2659260550175,311.8231078677887,1576.4354337191733,52.68669897328322,215.18453079172656,31.376761810813182,15.394331323217456,56.99743632029695,1,2026-08-25 06:31:48
2024-01-10 14:19:00,CNC-03,H,298.3615226848292,313.26085457013,1424.5575822054136,52.08872053830072,193.70808686548978,2.6731566880493896,13.982384119649936,57.1808259612223,0,2026-08-25 06:31:48
2024-01-10 01:53:00,CNC-02,M,297.6682068638324,310.71849734637317,2589.9235509492823,18.830194671116285,177.24894464198394,3.5916233494911762,9.28987214758078,51.91499668649306,0,2026-08-25 06:31:48
2024-01-10 18:13:00,CNC-01,L,299.8319827596411,314.3278597713695,2066.8894487945195,33.62732797028234,227.59511355293296,3.762790054794059,13.025764484946535,50.623185759269404,0,2026-08-25 06:31:48
2024-01-10 22:40:00,CNC-03,H,299.41587082117877,311.6526701109977,2675.750562964306,17.14645734310802,108.39947883269069,3.3713740315472016,8.436254901959664,48.28712141065246,0,2026-08-25 06:31:48
2024-01-10 08:11:00,CNC-03,H,295.9335425676979,310.4791534949746,1745.8674859648672,42.87806577248239,124.4072380883501,2.5471303403089927,13.97999431251213,55.338207816731064,0,2026-08-25 06:31:48
2024-01-10 20:44:00,CNC-02,M,25.860323684871275,39.17695202597264,2466.4731986460656,22.91663924695554,79.5227925713234,3.0670509491871845,10.47023752473526,54.439362164153344,0,2026-08-25 06:31:48
2024-01-10 00:25:00,CNC-02,M,298.69664217702183,310.7089164071016,2749.648063204365,14.946879657601732,82.66723151409636,3.286674559505916,7.771231425314004,50.26301101598039,0,2026-08-25 06:31:48
2024-01-10 01:00:00,CNC-03,H,303.62826112795096,309.64842912768756,2648.8556530289848,16.60281489677532,72.35006284506254,3.184926641045794,8.400220524779508,46.0120266280432,0,2026-08-25 06:31:48
2024-01-10 19:35:00,CNC-03,H,300.39950773182255,314.26691279612993,2374.496561968192,27.112622774943652,142.5230213014916,3.2230785162056717,11.898210706067175,51.272963186255474,0,2026-08-25 06:31:48
2024-01-10 01:28:00,CNC-01,L,298.14999128024687,311.36130907105587,2605.6149141111428,,134.7563255039217,3.4232402347977757,10.634819069206104,51.318864189644295,0,2026-08-25 06:31:48
2024-01-10 09:14:00,CNC-03,H,296.34103854486733,311.8733166506919,1605.5730821448208,50.90139440173735,219.00807332079174,2.923339262310662,15.349543114442882,57.54060582747969,0,2026-08-25 06:31:48
2024-01-10 03:24:00,CNC-03,H,297.0194710548906,309.3822521143545,2511.9087698121957,20.536996733850472,1.1479669902280276,3.0653309459689195,9.276567781476473,54.33166531549451,0,2026-08-25 06:31:48
2024-01-10 01:18:00,CNC-03,H,303.7155770705073,310.7030510841243,2520.4894773931546,20.721815484762555,91.84040462853483,3.205813164098882,9.673696098328199,45.047684961773136,0,2026-08-25 06:31:48
2024-01-10 14:29:00,CNC-01,L,303.50365369375925,311.8715723514717,1347.778078544242,51.33923089540063,144.07407284048608,2.3079520443443617,12.992615931342069,47.42799123811244,1,2026-08-25 06:31:48
2024-01-10 19:34:00,CNC-03,H,300.5127909281009,314.6030260244998,2365.06656022113,27.929629339780337,141.35148431166965,3.030627511110825,12.494863239134753,52.306199391394664,0,2026-08-25 06:31:48
2024-01-10 03:14:00,CNC-03,H,297.40171010346927,311.4352513686209,2445.073773820487,25.309164345322067,220.470375989122,3.6177315864116175,11.508506774344442,56.78007027002313,0,2026-08-25 06:31:48
2024-01-10 22:02:00,CNC-02,M,299.0139026644375,311.9024282093041,2498.3113123795615,19.635033611753617,166.97355356595088,3.346795083385245,9.054210618497924,52.59720674557532,0,2026-08-25 06:31:48
2024-01-10 14:00:00,CNC-03,H,298.38789406965753,313.17030761894364,1590.219356083086,45.559221245286594,164.36483626227857,2.6222384472498335,13.401108197035041,52.00171297274839,0,2026-08-25 06:31:48
2024-01-10 23:25:00,CNC-03,H,299.4728723613398,312.4766854739408,2716.5348233953696,18.462786685408407,156.71125854080734,3.482062116637381,9.136359101127757,50.68802909404128,0,2026-08-25 06:31:48
2024-01-10 21:19:00,CNC-01,L,26.79875143776178,38.86817175083553,2542.265766201759,17.642352164525743,1.139616944717866,3.0103789196140682,8.325547105934907,53.047532972108606,0,2026-08-25 06:31:48
2024-01-10 22:59:00,CNC-01,L,299.38518607128526,311.227734466873,2612.638727724968,15.070650211825573,110.54204205258945,3.2371627843379382,7.326198252967301,54.34548513481508,0,2026-08-25 06:31:48
2024-01-10 23:38:39,CNC-01,L,298.81420538492273,310.9572022092879,2848.728410034385,14.71961748782699,152.1050046230748,3.637484163675416,7.780169389758404,53.02532535096921,0,2026-08-25 06:31:48
2024-01-10 07:54:00,CNC-03,H,296.03010080605236,310.2350172178593,1730.1125464214945,40.623909252072025,99.19651872330063,2.3771969502619568,13.250853616882358,57.63055207060147,0,2026-08-25 06:31:48
2024-01-10 13:42:00,CNC-03,H,298.2174472841538,313.1061991460311,1555.405810317549,50.733159979552255,136.10901062698707,2.299226852957002,14.69118692536977,51.676071154773034,0,2026-08-25 06:31:48
2024-01-10 04:36:00,CNC-02,M,296.10157188818164,310.1067880256527,2234.353552511247,29.85445656859755,140.49101118855768,3.0153101964797715,12.764839798513279,59.271688056786196,0,2026-08-25 06:31:48
2024-01-10 01:53:00,CNC-01,L,297.6346363128255,311.3054462229229,2615.0630389786656,23.50061003978565,161.96205638722708,3.607224554636172,11.658581756681746,56.411590478325806,0,2026-08-25 06:31:48
2024-01-10 18:40:00,CNC-03,H,300.10928096298693,313.8152157764381,2160.6123594123337,31.998919820818696,73.74383873679598,2.752483354521286,12.84082898113313,50.81139541736092,0,2026-08-25 06:31:48
2024-01-10 08:33:00,CNC-01,L,296.1246872675288,310.49488695491607,1705.765079423064,43.61589895046344,23.722055259469826,2.3226340615764793,14.187497618344896,57.9706372375135,1,2026-08-25 06:31:48
2024-01-10 05:04:00,CNC-01,L,296.28365829569066,311.0807533552045,2251.6663804971504,34.01113134895893,183.84199781740574,3.4168204628069896,14.441646161512963,60.67183157703748,0,2026-08-25 06:31:48
2024-01-10 23:52:00,CNC-03,H,299.4254718445385,311.9930579284559,2565.6889465234563,17.31457521532275,185.42842564773713,3.5449516428692185,8.255423296854543,50.76224644174703,0,2026-08-25 06:31:48
2024-01-10 04:18:00,CNC-01,L,296.8411208934685,310.63963412196813,2407.077396838806,26.02139576579264,126.76156121265343,3.251048631931865,11.568280317900731,54.48758491895711,0,2026-08-25 06:31:48
2024-01-10 21:24:00,CNC-01,L,26.596331307764785,38.01263919105651,2622.9874435487886,15.719242576615793,6.748938058971305,3.229246797581446,7.6850999778427695,51.930802349321944,0,2026-08-25 06:31:48
2024-01-10 19:49:00,CNC-02,M,26.135970564462866,39.32967655480894,2427.6297750839094,24.473211615098958,14.591890435365299,3.0904627952553314,11.226673437222999,52.4907876566293,0,2026-08-25 06:31:48
2024-01-10 10:34:00,CNC-01,L,296.5761003593854,311.22572542877407,1374.2146961495855,53.31714980253398,210.45470143769356,2.937485087214806,13.650625147626563,59.3346606272977,1,2026-08-25 06:31:48
2024-01-10 11:49:00,CNC-01,L,296.84032579922734,311.05792060448476,1467.861381888914,50.06621157214475,106.1652052756839,2.3120986302595514,13.664995012715304,58.71778618856033,0,2026-08-25 06:31:48
2024-01-10 23:56:00,CNC-03,H,299.33865818587293,312.83096357076585,2644.0159873851608,21.65659271478571,189.6193779759308,3.601108638319723,10.71412616278428,51.09455468796552,0,2026-08-25 06:31:48
2024-01-10 08:37:00,CNC-02,M,295.66948654608257,309.58111157236283,1565.7466802851295,45.25385932544616,32.84982058688797,2.218137130501532,13.27540781095379,60.63978076858524,0,2026-08-25 06:31:48
2024-01-10 19:48:00,CNC-02,M,299.38146209631026,312.27092388573664,2299.118195887664,23.467545074757915,13.384987721257541,2.934757386227937,10.114356636704281,51.905337951582695,0,2026-08-25 06:31:48
2024-01-10 03:59:00,CNC-01,L,296.99066501901876,310.09642610403796,2363.397288050556,23.538679406392877,103.9052437567841,3.0714844731605973,10.40709748068364,58.341335112145515,0,2026-08-25 06:31:48
2024-01-10 21:27:00,CNC-01,L,26.376837613570103,37.62952484630665,2540.9163083317612,14.455057646311147,10.070760211997928,3.059282611607576,6.9048608139053655,49.76855851682153,0,2026-08-25 06:31:48
2024-01-10 13:51:00,CNC-01,L,303.14707508271545,311.0198641428626,1347.7508912820108,50.79576394430594,85.09089575841605,1.9942843156794172,12.761301607558805,42.71011749946149,1,2026-08-25 06:31:48
2024-01-10 23:48:00,CNC-02,M,297.8731538412525,309.49779356525363,2810.1122156832976,12.300730172142808,66.12109674023084,,6.524582976505692,53.87966871753302,0,2026-08-25 06:31:48
2024-01-10 23:43:00,CNC-01,L,298.9521254445163,311.1168328305986,2721.7691245592064,15.240577523660443,157.39497463983463,3.621152501331743,7.843513823229265,49.635679247664186,0,2026-08-25 06:31:48
2024-01-10 01:30:00,CNC-03,H,303.6124835247945,309.7118607907982,2769.9131201704913,15.752500832795821,104.69185961117529,3.3192970007750895,8.189287582267397,47.60741431985633,0,2026-08-25 06:31:48
2024-01-10 00:50:00,CNC-03,H,303.90811712201247,308.55119429854153,2781.314678605867,9.121743555081258,61.56882305944309,3.348165783659095,4.7243468294651985,41.93632618719159,1,2026-08-25 06:31:48
2024-01-10 02:45:00,CNC-02,M,297.2250513215321,310.19052472422015,2414.1529595798875,23.82099491856689,10.096071105660364,3.0061080441038635,10.577696864291156,57.985045029079096,0,2026-08-25 06:31:48
2024-01-10 01:26:00,CNC-01,L,298.1756763272298,,2510.701900291355,16.3036640889056,132.60848782888965,3.4103657873212616,7.446280782126054,55.18757604638461,0,2026-08-25 06:31:48
2024-01-10 12:22:00,CNC-02,M,301.75778002794516,309.66854995107565,1284.9533008966464,49.897818232706776,136.35825435573426,2.193144044195085,12.13784181235036,43.955947836872326,1,2026-08-25 06:31:48
2024-01-10 22:30:00,CNC-03,H,299.67055293685866,311.40974539462906,2652.4927464417046,13.142767772734945,97.5757386960519,3.351329642566534,6.487019772019413,55.59697426572968,0,2026-08-25 06:31:48
2024-01-10 06:26:00,CNC-02,M,295.9857795445385,309.14374114261597,2236.7280542902345,27.09418226533352,57.476874164379936,27.201311554355087,11.392138807595533,,0,2026-08-25 06:31:48
2024-01-10 19:25:00,CNC-01,L,300.0756970673211,313.4945804337722,2252.8616896808444,27.111614783784276,85.16595423946193,2.91974429292911,11.300642354433577,51.749901001517905,0,2026-08-25 06:31:48
2024-01-10 12:45:00,CNC-03,H,297.63523193757555,311.6169905730454,1435.6770324071233,50.666859104052065,45.77296527651477,2.0040043419770335,13.832973624563454,56.574808135130965,0,2026-08-25 06:31:48
2024-01-10 05:06:00,CNC-03,H,296.52175680786854,310.13355508284246,2083.5170342455176,30.003700595247743,125.03164375898092,2.829885628990395,11.691912457498542,59.0397658419985,0,2026-08-25 06:31:48
2024-01-10 19:37:00,CNC-02,M,299.32938931970693,312.198190571536,2140.2581648535242,24.96561530227666,0.0,2.7388288127608797,10.022438165206525,55.555327616820286,0,2026-08-25 06:31:48
2024-01-10 08:38:00,CNC-03,H,296.1711213688625,310.9659819172732,1792.3430591227834,41.51336851971724,164.58329350073086,2.7900081377000703,13.970670500750412,60.738690509275024,0,2026-08-25 06:31:48
2024-01-10 21:48:00,CNC-02,M,298.73456028453325,312.4293678328745,2621.912811344219,21.47865827837066,151.61807475725283,3.3511639974077414,10.653309224502644,55.28097897362703,0,2026-08-25 06:31:48
2024-01-10 18:22:00,CNC-03,H,300.1092705591711,313.7674181483371,2239.8210061649174,29.927542775706304,50.368876275045274,2.8873469131212346,13.017908769909942,50.292800418598404,0,2026-08-25 06:31:48
2024-01-10 17:06:00,CNC-01,L,299.4151047718986,313.8752311852886,1767.7050173224427,41.17036392966459,136.86390929724232,2.6452196212464436,13.7722029580627,56.32746548629666,0,2026-08-25 06:31:48
2024-01-10 13:58:00,CNC-01,L,302.9416050179345,311.35036044421145,1584.9217813717637,47.95931674510202,95.83379743084765,2.3650314239976216,14.259830428157489,43.515365980150506,0,2026-08-25 06:31:48
2024-01-10 01:26:00,CNC-03,H,303.4323512795992,309.86733333056685,2681.325891026119,17.114600782112877,100.44750938026478,3.174912047738359,8.385962684423829,46.05582924649429,0,2026-08-25 06:31:48
2024-01-10 00:26:00,CNC-02,M,298.5979630413846,310.7393013181464,2648.098220640976,16.207828309207084,83.73542524427182,3.251731561558444,8.041344899116833,53.58210836958489,0,2026-08-25 06:31:48
2024-01-10 15:59:00,CNC-03,H,299.3463519282045,313.7814797902079,1647.6314738399412,44.49571147677073,75.96637911253123,2.262334804956809,13.773042417578747,50.654684838920744,0,2026-08-25 06:31:48
2024-01-10 18:43:00,CNC-02,M,298.8625968184068,314.13408661920414,2116.851164196242,36.68353924997041,180.34786248369895,3.2494143619917657,14.374435999070565,55.51892790274117,0,2026-08-25 06:31:48
2024-01-10 13:35:00,CNC-01,L,302.80669846465787,310.6630175518049,1416.6462595469004,47.971114434732634,59.96551577864057,2.1752175347778184,12.500903408776994,51.85777555018643,0,2026-08-25 06:31:48
2024-01-10 00:05:00,CNC-03,H,298.7657497363305,309.8732227661077,2630.2921615526693,12.831931014532579,13.741827366304104,3.078867158739447,6.6017010090301085,56.497110337460526,0,2026-08-25 06:31:48
2024-01-10 16:54:00,CNC-02,M,298.6230073875571,312.45917382555183,,37.515027013862664,34.39850214698351,2.4011675453674908,12.291354420361706,55.15017574179876,0,2026-08-25 06:31:48
2024-01-10 13:34:00,CNC-01,L,302.94260646927154,311.09714140080837,1367.6295760830392,50.893372537088275,58.41339061345257,2.044993586461461,12.854142988154525,41.667531174002846,1,2026-08-25 06:31:48
2024-01-10 10:08:16,CNC-01,L,296.22620461168475,311.1411731197285,1498.2304144327613,49.90298698202377,169.6216450618865,2.6988108942401356,14.184335581493613,54.229064723477734,0,2026-08-25 06:31:48
2024-01-10 11:55:00,CNC-01,L,296.67603061980816,310.8421894525219,1450.2857757081917,48.439469925842204,115.70409698432199,2.285155231268822,13.188773515525343,58.23486853850388,0,2026-08-25 06:31:48
2024-01-10 14:22:00,CNC-02,M,296.98494398020637,311.23141367295926,1373.634986772028,52.450792414051556,67.17737810082754,2.102710498883949,13.651387050604601,59.40372552839639,0,2026-08-25 06:31:48
2024-01-10 11:25:00,CNC-03,H,297.0879302191993,312.2133969639818,1463.1945585183212,53.86041368897174,192.86484791206257,2.597121478591996,14.651178308810763,1805.6977504471176,0,2026-08-25 06:31:48
2024-01-10 09:32:00,CNC-02,M,296.02666898173976,310.6795368889707,1559.875374352398,48.76124616485191,116.8763842857931,2.383753209674479,14.062283534654048,58.59300681542257,0,2026-08-25 06:31:48
2024-01-10 16:15:00,CNC-02,M,298.55634874183517,314.16936037236314,1734.9907246000262,44.789673416946854,237.01255681995136,3.488491265613575,14.463723470044988,54.5554162883526,0,2026-08-25 06:31:48
2024-01-10 16:34:00,CNC-02,M,298.5706973210808,312.4490092694643,1832.7215564915232,37.80789630828091,5.745393301849212,2.5192627151108464,12.885993772411535,52.394109506823334,0,2026-08-25 06:31:48
2024-01-10 13:29:00,CNC-03,H,297.89755711309255,311.90697448725473,1390.14386081688,48.90115403906334,115.67800385174976,1.9676458897015394,12.532171937327224,56.898168266511,0,2026-08-25 06:31:48
2024-01-10 21:01:00,CNC-01,L,26.849575546305573,41.1193176868523,2538.445896033472,25.522679538319213,198.62464105909467,3.812794226751841,12.195976045057975,54.81741408863632,0,2026-08-25 06:31:48
2024-01-10 13:11:00,CNC-02,M,296.4891976849305,311.66350105626987,1434.686939442113,52.90160884881676,213.9749530241071,2.768324428223648,14.291701945104677,55.67218864100519,0,2026-08-25 06:31:48
2024-01-10 20:18:00,CNC-03,H,26.89683606228533,40.90405647762685,2179.3902992814624,28.88447371828073,193.89226730591884,3.278928539606108,11.752426490620538,54.61038961373436,0,2026-08-25 06:31:48
2024-01-10 11:06:00,CNC-03,H,296.69163533443015,312.0102162226841,1483.4104531051291,55.62543673278629,162.62382696811468,2.4690703727103718,15.308279848321156,60.91407379301622,0,2026-08-25 06:31:48
2024-01-10 00:40:00,CNC-01,L,298.5325172902212,309.93852744181186,2689.180622839277,13.676526935307065,83.38457174736699,3.3391046063325316,6.808910413460291,51.516362497276155,0,2026-08-25 06:31:48
2024-01-10 02:31:00,CNC-03,H,297.4600355451249,311.5327323738062,2606.1633161937125,24.991043282952155,171.75658828147078,3.571551303165394,12.176566064941351,54.04626806490707,0,2026-08-25 06:31:48
2024-01-10 01:08:00,CNC-03,H,303.80226600633375,309.72454695283636,2732.0022473498884,15.49776643588001,81.04896383110797,3.3858813567316095,7.786954497908376,45.5624296869028,0,2026-08-25 06:31:48
2024-01-10 13:14:00,CNC-03,H,297.9126068102133,312.02830717872905,1368.7819533762852,51.485060154435324,91.97770238049762,2.139155775672901,13.089458561121853,50.15190224285807,0,2026-08-25 06:31:48
2024-01-10 13:22:00,CNC-03,H,298.15642773258725,312.25704467980927,1438.995726130373,47.78474581096494,104.62378254769853,2.1785038073023144,12.806531378734565,54.1081825585633,0,2026-08-25 06:31:48
2024-01-10 04:54:00,CNC-02,M,296.4882646862778,311.31484808068745,2220.279992818088,33.783580017594794,162.86615348114387,3.1199461243960895,14.253685651106451,57.21317289290981,0,2026-08-25 06:31:48
2024-01-10 03:01:00,CNC-03,H,297.43402762906203,311.40684471214024,2630.4105196571345,22.920084600869856,205.34557287762013,3.7547029664290976,11.301824826137862,57.80699904939724,0,2026-08-25 06:31:48
2024-01-10 05:03:00,CNC-03,H,296.29274483071765,310.66653051375533,2181.522867029498,32.62824802074444,121.25137893856852,2.8652230718777436,13.234617058165254,54.720800888485066,0,2026-08-25 06:31:48
2024-01-10 21:06:00,CNC-02,M,25.79897831740817,38.97022039737777,2548.202590478173,21.605904721393205,104.55561757946535,3.2594733661035935,10.373119674388303,50.918223726165515,0,2026-08-25 06:31:48
2024-01-10 00:54:00,CNC-01,L,298.18970629247247,310.15809309468386,2667.5146336382236,16.111119618966296,98.30035758923447,3.46081511714082,8.142646393658712,57.33832169769327,0,2026-08-25 06:31:48
2024-01-10 23:35:00,CNC-03,H,299.7162406259949,312.49298547478395,2713.9882363911424,17.695271548739132,167.39931035279827,3.6452319391514707,9.184307699207857,50.51502879722413,0,2026-08-25 06:31:48
2024-01-10 11:50:00,CNC-03,H,297.2344786025628,312.42100637336324,1378.6675156206181,55.77584656974102,232.5507837091981,2.8737377908018984,14.146856504273188,54.69862538854143,0,2026-08-25 06:31:48
2024-01-10 19:00:00,CNC-02,M,298.96620813066124,314.42719642568727,2139.609228582457,37.87636952997162,201.79518552611268,3.3454566681166016,15.214400016586888,50.93005214515347,0,2026-08-25 06:31:48
2024-01-10 16:04:00,CNC-02,M,298.1350439493251,314.0976388421541,1881.1361123399206,45.40221795351283,221.03590394932618,3.354266734752798,15.906984973462274,52.95164742801839,0,2026-08-25 06:31:48
2024-01-10 10:59:00,CNC-03,H,296.62639767202563,311.5183956184332,1486.308221116201,51.8668450359077,151.5730569919616,2.3179741856019014,14.17989483510834,55.81301235892344,0,2026-08-25 06:31:48
2024-01-10 13:43:00,CNC-03,H,298.19248979583097,312.2964128937501,1443.236039457645,49.139062782595396,137.68886752629336,2.2499939761365058,13.049553992567597,58.26406937015741,0,2026-08-25 06:31:48
2024-01-10 11:18:00,CNC-03,H,297.0728277184738,312.01397710893417,1427.707637068835,51.90164734519181,181.70643764039758,2.482239757844382,13.930413409345592,55.834772850191335,0,2026-08-25 06:31:48
2024-01-10 17:28:00,CNC-01,L,299.5618948787279,314.7485967134285,1991.0980271360004,38.287159416713806,167.18106822275584,2.970706140956318,14.289019373513407,52.96304917965593,0,2026-08-25 06:31:48
2024-01-10 03:44:00,CNC-03,H,296.69710357951925,309.03422020267226,2299.2351871446417,21.23612477031391,24.577775021992103,2.8981062056691456,9.302201621869905,57.487250425080546,0,2026-08-25 06:31:48
2024-01-10 19:05:30,CNC-01,L,299.9834573661608,313.1351496898285,2263.9168586658475,25.58804430771303,61.58264100138259,2.8769350263479225,10.909156280585359,49.61968402245668,0,2026-08-25 06:31:48
2024-01-10 20:03:00,CNC-01,L,26.71497309639841,40.00989234970825,2474.2850481107953,23.670482076150705,131.23072288886394,3.2115090249633904,10.845009390467798,50.167082866660635,0,2026-08-25 06:31:48
2024-01-10 16:36:00,CNC-03,H,299.38147020537576,314.0716425853354,1880.1582486212992,40.56894122787534,129.45028766037206,25.570135995940447,14.20898044904725,53.80800585805927,0,2026-08-25 06:31:48
2024-01-10 14:31:00,CNC-02,M,297.20238292969435,311.4841745912066,1509.4966504054546,46.28614425294875,81.21880865049843,2.19392061242435,13.106423331640537,55.9265352091609,0,2026-08-25 06:31:48
2024-01-10 15:45:00,CNC-02,M,297.84515963968755,313.06247720874796,1601.036271762129,48.34676816023453,193.1721380959497,2.807814569885438,14.400121959824098,57.51327166799833,0,2026-08-25 06:31:48
2024-01-10 19:53:00,CNC-02,M,25.80027303831946,38.65910336602411,2450.9080972085567,21.209340784341716,19.355030650125553,2.9927694895341026,9.422639078725553,55.47917966685501,0,2026-08-25 06:31:48
2024-01-10 03:39:00,CNC-03,H,296.9983414690637,309.4080931910661,2310.083270379385,21.500102878869917,18.723635935086797,33.68003387550979,196.79603807179615,56.54272622181387,0,2026-08-25 06:31:48
2024-01-10 10:45:00,CNC-02,M,301.09356767314716,310.5401229150682,1492.2017505480044,52.04492716837086,231.53516309352915,3.0211943081184947,14.617828388079005,50.60886278640335,1,2026-08-25 06:31:48
2024-01-10 18:14:00,CNC-03,H,300.0504517990914,313.5464815863147,2081.4291823708936,31.100999712016794,39.93220636915498,2.787531757992632,12.251888150874503,50.56933630289964,0,2026-08-25 06:31:48
2024-01-10 11:10:00,CNC-03,H,297.01195170855607,311.2158618807801,1325.9283741375298,49.17532848346949,168.99027770465153,2.2618554962682134,12.165093111834333,52.872904731564,0,2026-08-25 06:31:48
2024-01-10 06:16:00,CNC-01,L,296.3030538953114,309.783473853351,1999.6165319517681,31.83876353551042,38.64966455474949,2.57656962523019,12.187767891564398,57.28238601682989,0,2026-08-25 06:31:48
2024-01-10 09:26:00,CNC-02,M,295.97936865537724,310.2246203902917,1387.3248404244123,48.91629161382016,107.6207408489731,2.052827099753934,12.988611191892993,54.588134812780716,0,2026-08-25 06:31:48
2024-01-10 06:07:00,CNC-02,M,295.807635914675,308.5638462783989,2033.1263136630437,27.111345574509738,31.991723639319385,2.642181020604572,10.494801839983738,61.980482526260495,0,2026-08-25 06:31:48
2024-01-10 03:24:00,CNC-02,M,296.767381746727,309.5426111638499,2434.330525884607,21.673055752445215,54.719862057464425,3.0999941396594455,10.126877802757292,51.692883056364025,0,2026-08-25 06:31:48
2024-01-10 22:26:00,CNC-03,H,299.56032664527334,312.12966035274206,2639.780986173019,19.859656919510595,93.22657394399995,3.22089357960669,9.838049101238509,52.17887046806585,0,2026-08-25 06:31:48
2024-01-10 20:43:00,CNC-01,L,26.85530281845371,40.39037813037845,2480.0203673018223,24.010302016287138,178.04654083565123,3.5474103243378323,11.189300673569669,46.35885481352303,0,2026-08-25 06:31:48
2024-01-10 02:00:00,CNC-01,L,298.09769073024046,311.1238760460083,2614.4175026913276,20.649379482925212,169.65991479446808,3.6539595592645417,10.00764378464142,53.01891163237346,0,2026-08-25 06:31:48
2024-01-10 10:58:00,CNC-01,L,296.7629570677971,310.49471081552446,1441.116751709491,46.26683041689388,25.366843264877318,2.0956402182972864,12.684315012004422,53.38250136184725,0,2026-08-25 06:31:48
2024-01-10 15:36:00,CNC-02,M,298.01697250203506,313.677808403875,1813.9355945059433,45.826820530186225,179.80148935243594,2.9819840858817064,15.67855721719331,55.56411905168484,0,2026-08-25 06:31:48
2024-01-10 01:23:00,CNC-03,H,303.4633767114422,309.5415906040138,2756.662170983225,14.481673039797672,97.19933091063675,3.3518775221534276,7.512448737344542,44.33922764655421,0,2026-08-25 06:31:48
2024-01-10 15:10:00,CNC-01,L,298.1535550401887,313.2921742719944,1532.1776421597713,50.842344981680284,207.00862322004866,3.11582068904615,14.700635415985097,56.293776953899375,0,2026-08-25 06:31:48
2024-01-10 11:29:00,CNC-03,H,297.0948396774986,311.9766301790764,1377.4406856186142,54.416764304494436,199.25764069433487,2.5368098240667236,14.099178546318418,55.712653717182256,0,2026-08-25 06:31:48
2024-01-10 22:21:00,CNC-02,M,298.62048190204433,311.0604835729544,2776.355744710048,13.894338962284655,187.70937706867358,3.8374707176796643,7.2356329083018185,53.011817853109214,0,2026-08-25 06:31:48
2024-01-10 17:09:00,CNC-03,H,299.9103211274233,313.921030408071,1931.5576131770538,34.147745882823735,176.0730782578593,2.8498304857797083,12.360103923976968,49.85495373265756,0,2026-08-25 06:31:48
2024-01-10 08:50:00,CNC-03,H,295.8119339696296,,1648.8229641719029,41.856424114819994,182.6257711014665,2.6792259473547855,12.78834297393338,60.53171216015913,0,2026-08-25 06:31:48
2024-01-10 11:48:00,CNC-02,M,301.94166917626455,310.10473484510396,1402.1910510756036,50.923550950966664,82.276065619285,21.082918864278845,13.397801037055547,43.67999821130236,0,2026-08-25 06:31:48
2024-01-10 03:32:00,CNC-03,H,297.18813424156343,309.458740386242,2483.51093527143,20.80607168919597,10.46011404399276,3.1152743137022902,9.621935622325035,58.95412901216857,0,2026-08-25 06:31:48
2024-01-10 12:18:00,CNC-03,H,297.45663600801964,310.9937595844244,1408.5204213711422,46.36091936206388,3.1669960808164586,2.0620996209538647,12.256439539172346,52.70055916666811,0,2026-08-25 06:31:48
2024-01-10 16:56:00,CNC-01,L,299.4962933520084,314.05696039410384,1792.9523881434,40.920992008026744,122.80869712022856,2.649223854029471,13.546464673225435,53.73539248000931,0,2026-08-25 06:31:48
2024-01-10 17:14:00,CNC-02,M,299.0980112631116,313.9066413373863,1939.997765077056,39.81527002861763,62.08888831458737,2.5745845154166287,14.704545440385631,52.12249642886363,0,2026-08-25 06:31:48
2024-01-10 19:44:41,CNC-02,M,298.8605782756685,311.8006495593123,2445.18983887096,22.223715802084772,10.923107629262518,2.997032040408345,10.102236845326246,54.128656134779604,0,2026-08-25 06:31:48
2024-01-10 00:49:00,CNC-02,M,298.6822615041308,309.9670789092451,2843.785302090482,11.135617539719274,108.32484051503153,3.4791432503382276,5.935109795742209,56.48819489565054,1,2026-08-25 06:31:48
2024-01-10 10:07:00,CNC-02,M,295.69289149479386,310.24242651261704,1325.3986252121554,53.377391809095855,171.684192129282,2.3507045733674903,13.374084613789329,61.577294357429984,0,2026-08-25 06:31:48
2024-01-10 22:31:00,CNC-02,M,298.3962632204023,312.32924635270496,2668.2753843094756,21.700566695629465,198.67824030805778,3.9140865762553476,11.104902260881223,54.478366516632505,0,2026-08-25 06:31:48
2024-01-10 05:50:00,CNC-02,M,296.2119022930474,,2128.2274349435215,30.433464702353486,9.266462585807288,2.6700443929750617,12.14013686136654,61.1886156631634,0,2026-08-25 06:31:48
2024-01-10 11:36:00,CNC-02,M,301.45443865293254,309.8083624908271,1409.6317018637308,51.522983227222106,63.20847781601587,2.069721604673214,13.59324188319839,44.88700686943377,0,2026-08-25 06:31:48
2024-01-10 13:19:07,CNC-01,L,297.19658813733093,311.05213631284465,1424.4256131434418,49.00710668174958,36.32784034536402,2.1803100924868937,12.894230328009842,52.296540139406744,0,2026-08-25 06:31:48
2024-01-10 16:02:00,CNC-02,M,298.28044356098184,313.4559897056263,1716.8620570076478,43.25541682269791,218.1516788558381,3.112437351631222,13.657630721758238,57.80092454597946,1,2026-08-25 06:31:48
2024-01-10 18:55:00,CNC-01,L,299.6786406803998,313.05488942491894,2305.232479813767,27.449869766671664,47.74688548179129,2.8919493230534163,11.903351337163999,53.221244132792826,0,2026-08-25 06:31:48
2024-01-10 18:31:00,CNC-01,L,300.0281524947482,314.00225497278564,2051.6413964551853,34.703236374285396,17.085263938301434,26.336084850083196,13.11836301775971,54.28972648183408,0,2026-08-25 06:31:48
2024-01-10 15:18:55,CNC-01,L,298.4406100430949,313.6850072031524,1659.9032223468075,47.716766275675425,222.12235072877723,3.2960941113126254,14.932243596903128,51.422142303763295,0,2026-08-25 06:31:48
2024-01-10 10:58:00,CNC-03,H,296.780445148786,312.21751828137275,1494.0259015716404,56.30234426633147,150.0150142173053,2.3753451286986307,15.598623814976893,57.55002931805292,0,2026-08-25 06:31:48
2024-01-10 08:41:00,CNC-01,L,296.2685528470323,310.3605202274914,1561.8988099323083,45.29933385573146,35.63474541456178,21.523515497526187,13.311122402908872,59.49885607075849,0,2026-08-25 06:31:48
2024-01-10 15:36:00,CNC-03,H,299.0338414838551,313.15855171375284,1469.2746497451021,47.52848866660534,42.08213326507261,2.0840897047168054,13.181569549678796,54.553854271337144,0,2026-08-25 06:31:48
2024-01-10 12:24:00,CNC-01,L,297.0389038444681,311.79811153038764,1411.9855168008457,52.68633638026142,161.8390761763493,2.5188549657759665,14.234041496443343,55.47078902083033,0,2026-08-25 06:31:48
2024-01-10 10:54:00,CNC-01,L,296.94241801272494,310.76072695319004,1438.2112878814578,50.32833650362989,19.087476977185425,2.1020755670636793,13.715743554689004,55.51389453586322,0,2026-08-25 06:31:48
2024-01-10 01:02:00,CNC-03,H,303.75553692101533,310.6479672794066,2496.72597492046,21.630802825408008,74.56173102818931,3.1507200278758334,9.830070635479222,44.9365763796803,0,2026-08-25 06:31:48
2024-01-10 23:47:00,CNC-03,H,299.39977821789046,311.942465133786,2779.1447058007643,15.797138413215068,180.07654443895547,3.611526873473525,8.024992859802413,49.356384833136296,0,2026-08-25 06:31:48
2024-01-10 12:41:00,CNC-03,H,297.5338371373776,311.13980900026036,1423.921290486326,48.37958817572009,39.47259303327776,20.392203544361813,13.002841633100479,55.93517213516983,0,2026-08-25 06:31:48
2024-01-10 21:06:00,CNC-03,H,26.878372807009725,40.00847916296823,2555.809037623332,24.567231287069262,4.6890834041064595,3.1505824415968493,11.742953650846808,54.70518784676993,0,2026-08-25 06:31:48
2024-01-10 02:12:01,CNC-03,H,297.89020112094516,311.7016051797429,2566.531270870808,24.32574191907912,151.76790074798066,3.3912236743998085,11.872572437197242,57.81311907810105,0,2026-08-25 06:31:48
2024-01-10 20:24:00,CNC-01,L,26.779023595105684,40.43713999401018,2498.4249626183528,22.98969279449585,155.9530408060312,40.572062475437235,10.724178958304753,52.57721225620197,0,2026-08-25 06:31:48
2024-01-10 00:51:00,CNC-03,H,303.9750635496055,310.25160387686554,2688.9462904157895,16.933302624243915,62.65655190356741,3.1670727760986823,8.397067374400347,42.96125720361472,0,2026-08-25 06:31:48
2024-01-10 12:14:00,CNC-02,M,301.7097217766171,310.34440627739366,1402.8075643138313,54.23178358294462,123.57937550032153,2.1830380306704975,14.114722980709029,50.26906817291199,0,2026-08-25 06:31:48
2024-01-10 10:51:00,CNC-01,L,296.7017013039152,310.2092135726452,1452.9445572384668,46.06509008559728,14.335756941923737,20.25169211383494,12.47677623646344,54.337695635170554,0,2026-08-25 06:31:48
2024-01-10 16:44:00,CNC-02,M,299.04387193121914,312.1947554015618,1707.900083171989,35.2345843821274,20.12766322821846,2.3454974914118356,11.149801368387704,54.31916984864486,0,2026-08-25 06:31:48
2024-01-10 06:42:00,CNC-01,L,295.98115380603423,310.3495666629134,1804.1162079680903,42.60676483984057,74.23836815694638,2.538580489117213,14.338919983501292,59.73588992433001,0,2026-08-25 06:31:48
2024-01-10 20:58:00,CNC-01,L,26.68625954111826,39.52404293268978,2646.6360473459968,18.324614047851263,195.13134267877862,3.898217155448063,8.968178727734639,50.16908097904986,0,2026-08-25 06:31:48
2024-01-10 03:36:00,CNC-03,H,296.87686938946763,308.996534840925,2419.0995151141974,18.241996514471847,15.124102110101157,2.9796732939911936,8.417736885683418,56.60198326635239,0,2026-08-25 06:31:48
2024-01-10 10:16:00,CNC-03,H,296.39968274923183,311.1218578741827,1401.4427433468202,55.940372284951906,83.76310579744731,2.108186998421686,14.824565213502352,55.3705439426082,0,2026-08-25 06:31:48
2024-01-10 05:03:00,CNC-01,L,296.57289211443253,310.79889663281,2188.0346211714236,30.887838635447054,182.5630522725642,3.4494340653928117,12.932321446842966,57.21299393960201,0,2026-08-25 06:31:48
2024-01-10 17:14:00,CNC-03,H,299.7003400230793,314.67456180460636,1893.7193036879144,40.8627782973165,183.0150112125475,28.966829779374976,14.355451718588343,50.891326931952946,0,2026-08-25 06:31:48
2024-01-10 05:56:00,CNC-02,M,296.2862119721618,309.966957093871,1938.5424328349502,34.95113293617545,17.226112009116264,2.4724845003500526,12.688453960109188,56.33677708620043,0,2026-08-25 06:31:48
2024-01-10 13:56:00,CNC-02,M,296.94699963617325,311.02709152663607,1506.5531451544794,44.4948818511196,26.59611426027322,2.208507393486952,12.71937074242275,54.411792471034715,0,2026-08-25 06:31:48
2024-01-10 12:07:00,CNC-01,L,297.2093910808561,311.4928713506193,1293.4212439883474,54.03020918208318,134.81032818126954,2.105310507842867,13.19097800505412,58.91832370708824,0,2026-08-25 06:31:48
2024-01-10 22:20:00,CNC-03,H,299.86208421810824,312.4314555920136,2781.750265393894,17.73353416731137,86.79135517026002,3.2700082292979062,9.26620225012826,47.25347733821978,0,2026-08-25 06:31:48
2024-01-10 23:11:00,CNC-01,L,299.0564443067782,311.2295575215934,2810.4007324953086,16.045444258575376,123.44288961595458,3.5038122583610254,8.39076311390966,55.70812962032657,0,2026-08-25 06:31:48
2024-01-10 11:40:00,CNC-02,M,301.3700120341602,309.51332736952907,1413.9311298260318,50.63664483923825,69.57590365440393,2.1405485148714574,13.794494226484309,50.263917350487866,0,2026-08-25 06:31:48
2024-01-10 06:17:00,CNC-01,L,296.1751592727588,309.79366314715384,2015.9764496380265,33.03576655208348,40.00731153668778,2.7184649389089537,12.457076295035456,57.19031739139766,0,2026-08-25 06:31:48
2024-01-10 04:16:00,CNC-02,M,296.55400777425035,310.17545297979694,2240.0986916980096,28.521425670571027,116.07695549003246,2.9781864136437304,11.825331304496773,55.18094975195805,0,2026-08-25 06:31:48
2024-01-10 11:07:00,CNC-03,H,296.8444715757425,310.96593400093417,1261.8801789371764,51.99576371505515,164.22382696811468,2.1629134308973352,12.328555398676253,54.51103629135725,0,2026-08-25 06:31:48
2024-01-10 10:35:52,CNC-02,M,301.30018276031865,310.42575886549366,1355.7316485050715,54.14496391838152,215.71952852423118,2.7955945785673717,13.656738616150895,53.829947932770665,0,2026-08-25 06:31:48
2024-01-10 21:20:00,CNC-03,H,27.138635045045703,39.59546909166204,2518.8586080658565,20.42378094325614,20.568015135012367,3.052755136664939,9.520254784566218,47.91264416464038,0,2026-08-25 06:31:48
2024-01-10 11:31:00,CNC-03,H,296.994677193716,7124.867360384915,1306.331383047509,57.09270516879648,202.44378198344305,2.4737193754159286,13.850642553160394,57.96423704766093,0,2026-08-25 06:31:48
2024-01-10 03:19:00,CNC-01,L,297.07930384824516,309.81098372256656,2312.4814264557417,22.923309542790324,56.94854867811239,2.900133132172377,9.862590632241155,54.02377734504986,0,2026-08-25 06:31:48
2024-01-10 23:24:00,CNC-02,M,298.2875731506603,310.3758663206105,2792.6049647728414,13.560282420581494,40.52467216999065,3.337811532360494,7.091055596645437,55.336879541158794,0,2026-08-25 06:31:48
2024-01-10 19:43:00,CNC-01,L,300.0647679868757,314.3634326198269,2377.936521064202,29.047145795982285,107.07309953216718,3.006572008104208,12.93716985451023,54.43105346365027,0,2026-08-25 06:31:48
2024-01-10 18:16:00,CNC-03,H,300.1308024250828,313.82962818152055,2174.2879430136513,29.653499228821627,42.494968852793896,2.815924018388204,12.175695719876716,50.25713272514922,0,2026-08-25 06:31:48
2024-01-10 05:04:00,CNC-03,H,296.12454725162917,310.12062176343915,2257.354985584676,28.413236759821302,122.4952353322121,2.9285777204651895,11.905666862128694,62.22940471410967,0,2026-08-25 06:31:48
2024-01-10 04:53:00,CNC-03,H,296.60608809734913,310.00183163950123,2097.217409350311,27.87627187065062,108.59567055824961,2.829177918822996,10.797874078005941,59.005214717910974,0,2026-08-25 06:31:48
2024-01-10 14:47:00,CNC-03,H,298.5293133239846,313.7609060053346,1444.5945022753046,53.94471833040308,237.00270268886652,3.0126021547120048,14.57356842649158,55.90933891330842,0,2026-08-25 06:31:48
2024-01-10 15:25:00,CNC-01,L,298.46459582325497,314.0188628905985,1635.4179522769025,49.25438467615845,229.65268626472593,3.5065293292243225,15.040637239663234,54.91355533574434,1,2026-08-25 06:31:48
2024-01-10 17:01:00,CNC-01,L,299.5651369885663,314.00640537399585,1855.0629797665808,39.518242707342274,129.7976478847513,2.6684085575952023,13.659180035877505,54.770891868782066,0,2026-08-25 06:31:48
2024-01-10 05:54:00,CNC-01,L,296.021199186934,309.6706136312646,2049.6501161229885,33.24502600794805,9.303734631500781,2.6555042729980585,12.865544761857397,60.3390231910788,0,2026-08-25 06:31:48
2024-01-10 10:15:05,CNC-03,H,296.3166861048366,310.23517643611996,1452.7699011777784,45.66904540067622,82.17907922400687,2.132285905467625,12.272307619469782,58.627002047285416,0,2026-08-25 06:31:48
2024-01-10 10:44:00,CNC-01,L,,310.2246702691762,1330.5334609715742,49.76653554634309,3.2,1.9556650788725727,12.415748260359575,51.52129941140386,0,2026-08-25 06:31:48
2024-01-10 06:10:00,CNC-03,H,295.6906865626992,310.2139191003303,1997.0905598688803,34.245925120547554,208.4958678549966,3.207398057937867,12.616516543929247,59.89662731747134,0,2026-08-25 06:31:48
2024-01-10 23:39:00,CNC-01,L,298.8423390129027,311.06702070542786,2679.2494043651845,16.302529217113968,153.1810512577369,3.610487873275984,8.069533970651282,59.84931820253972,0,2026-08-25 06:31:48
2024-01-10 23:49:00,CNC-03,H,299.34942225131476,313.0920435423321,2672.2398498746543,22.34571738808228,182.2294077071886,35.05533401851516,10.999723660828494,47.67082190032161,0,2026-08-25 06:31:48
2024-01-10 16:59:00,CNC-03,H,299.8023351732075,314.48256475327725,1862.3973008739279,38.77988601236226,162.13535975796327,2.706282261376163,13.514620594873485,49.44104667105728,0,2026-08-25 06:31:48
2024-01-10 08:05:00,CNC-02,M,295.65865251787534,310.5163461154097,1615.5139135891711,43.9074319197906,198.02492743078523,29.343827682701686,13.15541754623566,61.61279871714784,0,2026-08-25 06:31:48
2024-01-10 00:22:00,CNC-03,H,298.81588824065005,310.1134556306388,2761.037630605767,12.48359510301133,31.700460108995816,3.2930884738008728,6.474607942249033,50.462470690848704,0,2026-08-25 06:31:48
2024-01-10 03:52:00,CNC-03,H,296.9561572807489,310.14989632736615,2304.980785273895,26.39626787558366,33.83379926296724,2.8335590365778245,11.289751595612321,62.028418208622966,0,2026-08-25 06:31:48
2024-01-10 06:34:00,CNC-03,H,295.6738412271144,310.72365781352426,1892.4863791707555,39.65388619248825,240.83992525994088,3.303867450883793,13.93964138572146,56.391158550135444,0,2026-08-25 06:31:48
2024-01-10 04:24:00,CNC-02,M,296.5421755347857,309.9376413707778,2255.34117529094,24.72903451765297,125.83004127303903,2.9853285145937414,10.355656749778566,58.93780108415631,0,2026-08-25 06:31:48
2024-01-10 04:27:00,CNC-01,L,296.55270114366635,310.534929253558,,29.09570393530881,137.63858185927793,3.165792567146053,,57.21463213087343,0,2026-08-25 06:31:48
2024-01-10 21:58:00,CNC-02,M,298.58545852319816,311.6818802360775,2581.988619532007,19.306398619873605,162.52242740181512,3.5261278592146685,9.417514756465417,54.372800981085284,0,2026-08-25 06:31:48
2024-01-10 14:23:00,CNC-01,L,303.18235149776496,311.52907823585394,1349.8620203857151,52.19559511333909,134.839148251003,2.250543154703224,13.248484157757602,47.99710866621738,1,2026-08-25 06:31:48
2024-01-10 08:44:00,CNC-01,L,296.1139457442286,310.35911703827804,1585.437071178178,48.124224064786596,40.09756893135199,2.303188915391517,14.292389022203558,56.029373908519815,0,2026-08-25 06:31:48
2024-01-10 08:19:00,CNC-03,H,295.93481645665827,310.42741587372586,1758.6447989630822,41.78503452462055,136.22272881294265,2.6094979265032374,13.954675523549696,59.923655618600435,0,2026-08-25 06:31:48
2024-01-10 22:10:00,CNC-02,M,298.5815507637343,311.551733900666,2566.809906455513,18.5884818245228,175.7696221042274,3.560868768796462,8.963241417831059,54.08983714894618,0,2026-08-25 06:31:48
2024-01-10 10:11:36,CNC-01,L,296.5936230877572,311.13409150791074,1400.0307911695966,52.263722849189094,177.40042924243235,2.700702579890021,13.482281806193841,58.964982447059754,0,2026-08-25 06:31:48
2024-01-10 03:58:00,CNC-03,H,296.7411756049395,310.00334417103136,2323.7208465134036,26.693013964672897,41.091250529410175,2.877685438306464,11.646227370768948,57.412817045182756,0,2026-08-25 06:31:48
2024-01-10 16:12:00,CNC-03,H,299.35672192352956,313.9072090523703,1633.2342709918344,47.84946937392027,94.97317828921518,2.320502355916454,14.697822936268546,51.53346248211595,0,2026-08-25 06:31:48
2024-01-10 13:13:00,CNC-01,L,297.1661509256023,310.52255629158947,1361.2564102112958,49.63318861337639,25.268256952948008,2.0008584214348075,12.702454621744554,56.977325877354076,0,2026-08-25 06:31:48
2024-01-10 08:46:00,CNC-02,M,296.0092957243927,310.3020653149511,1641.9532026432048,44.55141078517767,46.488976416892,2.3640066098627517,13.747075683405132,61.76414340434127,0,2026-08-25 06:31:48
2024-01-10 14:47:00,CNC-02,M,297.45698429047866,312.3102337554977,1535.0083324708191,49.9620494741764,105.73061979334442,2.244506594299862,14.31549458135776,55.3469566564875,0,2026-08-25 06:31:48
2024-01-10 04:55:00,CNC-02,M,296.1025048990459,311.07880098877683,2124.85607031275,35.88333877090442,164.16921471038245,3.081976266312006,14.319812382529072,62.429173192357965,0,2026-08-25 06:31:48
2024-01-10 11:16:42,CNC-01,L,296.68458707690746,310.6108604405751,1448.8713645902517,48.71031958196428,55.56257051758554,2.291869247041702,13.160940267528485,61.87298550955738,0,2026-08-25 06:31:48
2024-01-10 11:07:00,CNC-01,L,296.9002770854063,311.32878479832766,1531.4106119802148,51.869285476686315,39.65521541469527,2.0790482507133454,15.293122438722252,59.88036963890238,0,2026-08-25 06:31:48
2024-01-10 17:26:00,CNC-01,L,299.63508773056867,314.6001146735891,1787.3801525781957,42.45609400739644,164.485755198708,2.8612453203660824,14.106586576014527,48.500860011645756,0,2026-08-25 06:31:48
2024-01-10 08:58:00,CNC-01,L,296.12615361078906,310.47079053789525,1568.507186565292,46.02688572475367,61.36262843327683,2.2628256419240858,13.55151388061552,55.03587994268531,0,2026-08-25 06:31:48
2024-01-10 10:25:00,CNC-03,H,296.4954160043404,310.82427369325245,1422.4978441657413,50.31381226131181,98.01122843562094,20.55407359478371,13.509959445881996,57.168536497857914,0,2026-08-25 06:31:48
2024-01-10 04:19:00,CNC-01,L,296.5954024307677,310.244274105381,2225.083304996945,28.151665222138554,128.01560168971804,29.683683191005578,11.647149785812381,56.408714804851044,0,2026-08-25 06:31:48
2024-01-10 14:40:00,CNC-03,H,298.64421278753133,314.0306297599285,1557.0874689260493,48.35708913261746,226.2236097087004,2.94723784504338,14.127396826009491,52.95364730648964,0,2026-08-25 06:31:48
2024-01-10 11:11:00,CNC-01,L,296.6578327040379,310.6235215835376,1457.9128591454694,48.73888884063246,46.040311560868325,2.2561177089397577,13.301670086308082,58.00881698247462,0,2026-08-25 06:31:48
2024-01-10 06:12:00,CNC-03,H,295.86042267689004,310.62708316627305,52559.78731853374,35.82757460333093,211.1915672729615,3.2476208235613195,13.79065271075684,55.904427250697246,0,2026-08-25 06:31:48
2024-01-10 22:52:00,CNC-01,L,299.2869774876092,310.9549350028263,2770.1960123776967,13.612930364423022,102.92563866162058,3.39669073241499,6.937730692206091,54.36771157613668,0,2026-08-25 06:31:48
2024-01-10 14:31:00,CNC-03,H,298.73310550737347,314.2096764431614,1414.683500565166,58.57658877383089,212.41570152057758,2.6600429661324596,15.600063254724294,56.77450710633869,0,2026-08-25 06:31:48
2024-01-10 14:56:00,CNC-03,H,298.3587107876764,313.83138479776954,1625.9785403333474,49.28625105331442,250.6288335159565,3.3425727739985347,15.045145235909649,57.14527481217899,0,2026-08-25 06:31:48
2024-01-10 20:52:00,CNC-02,M,25.576168767381432,38.678861453563115,2466.1260439425355,22.603100830248653,88.57850715320616,3.157923007524795,10.422283820929001,54.072243033830155,0,2026-08-25 06:31:48
2024-01-10 10:48:00,CNC-01,L,296.82123886488665,310.2141880839062,1327.399452163613,46.4202042364214,9.575683525561917,19.31284354677375,11.463024063701482,56.891588301870286,0,2026-08-25 06:31:48
2024-01-10 00:25:00,CNC-03,H,298.5413621833056,311.0347618684591,2735.1836001204965,18.927536534452038,34.89367545399498,3.2947055653750157,9.615057992626445,50.77299708838994,0,2026-08-25 06:31:48
2024-01-10 09:32:00,CNC-03,H,295.9731633515959,309.53007371568333,1586.300148232822,41.79331847923842,15.375429487776533,2.207579724251647,12.44912530474306,57.15809159808323,0,2026-08-25 06:31:48
2024-01-10 01:51:00,CNC-03,H,298.16855904670587,310.8766220021623,2498.4378593353053,19.249873498191626,127.41930062304894,3.15416778144922,9.169816268050777,54.49840130552728,0,2026-08-25 06:31:48
2024-01-10 13:39:00,CNC-03,H,298.05242132459165,312.6067614301498,1472.218220267443,50.75982269918632,131.3874689828845,2.234118655772326,14.161621548413976,55.9223233392874,0,2026-08-25 06:31:48
2024-01-10 12:54:00,CNC-01,L,297.0640773633916,312.0175262129766,1353.6550780867815,54.219312720927405,209.5054612582,2.9253055567447426,0.0,57.23519737595785,1,2026-08-25 06:31:48
2024-01-10 13:37:00,CNC-02,M,296.7087015162839,311.9261241740258,1349.0455402906293,55.89064095746143,254.93436015393482,3.28928460141007,13.957071976637609,58.45963070798581,1,2026-08-25 06:31:48
2024-01-10 23:43:00,CNC-02,M,298.1855571749473,311.1042114661957,2638.776061329082,19.518616107300986,60.78319312843626,3.146975430604412,9.753230103901755,59.06235471034979,0,2026-08-25 06:31:48
2024-01-10 03:34:00,CNC-02,M,296.866169238416,309.5047205580958,2527.837981258315,21.825252748267783,66.30448351025089,3.0962320281211393,10.515916590111585,51.513472383194944,0,2026-08-25 06:31:48
2024-01-10 16:28:00,CNC-01,L,299.20326384311704,313.300829588632,1697.2848882286223,42.09368428818796,83.41228968369111,2.3975171767429955,13.289868415557674,52.60447575546183,0,2026-08-25 06:31:48
2024-01-10 09:31:00,CNC-01,L,296.43030553738987,310.3119019105767,1643.0567402239417,42.40407339145217,112.09899907111274,2.411976007347425,13.07569080472023,59.54501432845549,0,2026-08-25 06:31:48
2024-01-10 14:13:00,CNC-01,L,303.1985824134714,311.9776732262604,1415.3188398967443,54.52656392820391,119.3260577588032,2.226339211916688,14.46084617176113,44.063962467503174,0,2026-08-25 06:31:48
2024-01-10 09:02:01,CNC-03,H,296.00939234405786,,1503.8436863777977,48.29416835508412,199.24042199910028,2.6645410979583044,13.375130693735036,63.46776409467328,0,2026-08-25 06:31:48
2024-01-10 08:32:00,CNC-03,H,295.83400699371305,310.9749516169928,,47.98906046882685,155.602260665916,2.4791083278546373,14.850286243373787,60.24481175981015,0,2026-08-25 06:31:48
2024-01-10 06:34:00,CNC-02,M,295.5329566462771,309.87874123506276,1871.0403126659673,38.54144008943584,68.43909782773976,2.5176770298777797,13.174263398659164,58.672252627184584,0,2026-08-25 06:31:48
2024-01-10 20:33:00,CNC-03,H,27.05244657883253,40.40685065752507,2439.5600189215243,22.640162837766635,211.57908082954572,3.6022687042392185,10.34907696356822,52.9361722959087,0,2026-08-25 06:31:48
2024-01-10 10:41:00,CNC-01,L,296.6019142638031,311.71840354778743,1424.9994406585422,53.41358468823622,221.54147468173997,,14.429008529624012,57.39991473937634,1,2026-08-25 06:31:48
2024-01-10 03:02:00,CNC-01,L,297.29336506756164,309.5466013501992,2434.0606360729257,21.050991982879594,37.4859677258955,29.991671857887518,9.451372896227621,53.75668260579735,0,2026-08-25 06:31:48
2024-01-10 06:31:00,CNC-01,L,,309.87240688852995,2020.3515800415207,35.173789033167736,58.9974365692852,2.678097708952339,13.726144038936717,61.262863023491,0,2026-08-25 06:31:48
2024-01-10 12:23:00,CNC-01,L,297.00584258007063,311.58312981953003,1290.430249334579,54.99549785833635,160.26317017731918,2.4086389100438597,13.6586588780926,56.33872841357798,0,2026-08-25 06:31:48
2024-01-10 01:55:00,CNC-03,H,298.02370428450683,311.08827823114916,2451.6570808835263,22.377596202915445,131.89784821037193,3.100729161338908,10.397462702225337,56.99127537038341,0,2026-08-25 06:31:48
2024-01-10 22:28:00,CNC-03,H,299.6879384495959,312.1495769963338,2772.677396018475,17.656134999502903,95.37071325834408,3.3229158136194292,9.095338517105386,53.79747007430281,0,2026-08-25 06:31:48
2024-01-10 19:16:52,CNC-01,L,300.0401830352439,313.6898484989656,2320.2127303775737,25.71419345322365,74.02769890756288,2.8817435878572435,11.392822290341677,52.92593448354733,0,2026-08-25 06:31:48
2024-01-10 17:02:00,CNC-02,M,299.0954518855607,313.311093002412,1832.1491031195023,39.33330554871147,45.61839452610787,2.4898517581638173,13.576385860481873,56.467185017023226,0,2026-08-25 06:31:48
2024-01-10 16:23:00,CNC-03,H,299.17118808344077,313.51392686395377,1903.5288134186173,37.68394845753051,110.8639509517121,2.6770507210004615,13.491413313822129,54.557366512530365,0,2026-08-25 06:31:48
2024-01-10 06:37:00,CNC-03,H,296.02188633832543,310.84625411811146,1977.9597693158128,35.199069056049254,244.9615545333257,3.3910398032031344,13.187231319234803,59.57815393845775,0,2026-08-25 06:31:48
2024-01-10 02:22:00,CNC-01,L,297.2105320239403,311.23776506672607,2559.4331851331613,24.978882560006692,194.0974976872503,3.8247093761366515,11.663615533681336,55.45581553989472,0,2026-08-25 06:31:48
2024-01-10 20:23:00,CNC-03,H,27.046927037779767,40.6811526083369,2323.9509074502153,24.762771128833585,199.84236591913205,3.4067782389742165,10.652609796276133,50.067067595698234,0,2026-08-25 06:31:48
2024-01-10 09:03:00,CNC-03,H,295.8584234919531,310.56815690055186,1649.5021650589013,43.82607676966935,202.26776352246128,2.8638450175938237,13.452130662028045,57.801261081100265,0,2026-08-25 06:31:48
2024-01-10 12:25:00,CNC-01,L,296.9473763238545,311.47899828272875,1370.5503058712407,51.641047634833214,163.4390761763493,2.474808587728669,13.389832327648428,54.54398666304717,0,2026-08-25 06:31:48
2024-01-10 00:58:00,CNC-01,L,298.3860474273909,310.5986956027015,2660.822348291891,16.454885075868837,102.55942957874547,3.237206062887818,7.873446125108385,51.4168728751798,0,2026-08-25 06:31:48
2024-01-10 12:42:00,CNC-02,M,296.3899925161133,310.9998949725467,1409.2448638892574,51.7504229821708,168.11044154858035,2.452042677197585,13.76664355282909,58.2712717447137,0,2026-08-25 06:31:48
2024-01-10 04:20:00,CNC-02,M,296.6129606867484,310.413953354363,2339.584171949057,25.886843935778597,120.909875642028,3.0981908948364216,11.537031865969883,61.71454764146806,0,2026-08-25 06:31:48
2024-01-10 16:42:00,CNC-03,H,299.25554613179526,314.1099921290085,1890.3887997690638,41.409738608736696,138.0073535683084,2.637494664467989,15.02525445616413,50.85461266223049,0,2026-08-25 06:31:48
2024-01-10 03:02:00,CNC-03,H,297.06895200928443,311.76634274348584,2445.74619144673,28.597156830756795,206.51076074186747,3.594273440789664,13.22391432864967,57.0108664895238,0,2026-08-25 06:31:48
2024-01-10 18:46:00,CNC-01,L,300.13669614611933,313.0795370196098,2365.506879954685,24.51683989754232,36.33698006856934,2.9539878657410417,10.755174585761816,55.272708183389746,0,2026-08-25 06:31:48
2024-01-10 04:57:00,CNC-01,L,296.2428873803539,311.20687634128865,2180.084521726177,35.054745374282774,,3.2091450515420465,14.282149451274114,58.153028623550746,0,2026-08-25 06:31:48
2024-01-10 06:44:00,CNC-03,H,295.6878702778028,309.50928307532786,1810.4713984529228,38.90440636124469,0.0,2.3765428812339864,13.311689353675646,59.445590202523924,0,2026-08-25 06:31:48
2024-01-10 10:45:00,CNC-03,H,296.61208828025536,311.31709430124795,1431.0458101352467,51.463776566603634,129.45616461818165,2.2366427605315544,13.625099370537217,56.664454110123586,0,2026-08-25 06:31:48
2024-01-10 14:54:00,CNC-03,H,298.63301774429476,313.3842176056937,1535.9291103490468,46.85297648135743,247.5827537037291,3.260884309857239,13.640811060798473,55.368560172409026,0,2026-08-25 06:31:48
2024-01-10 08:22:00,CNC-02,M,295.8210476988009,309.769150181317,1566.7521397219373,45.2925210630545,10.413084886972218,2.222424811487804,13.5355966365305,60.09201642318451,0,2026-08-25 06:31:48
2024-01-10 04:31:00,CNC-02,M,296.7030220641833,310.68619673396176,2232.4517012897304,28.879804981676028,134.33351081139992,28.647211007439708,12.01120306322816,55.47394723664135,0,2026-08-25 06:31:48
2024-01-10 22:35:00,CNC-01,L,299.3694081652029,311.9582072481311,2546.289038268591,18.94034514110492,84.83893360103974,3.158394162797912,8.745220413455897,50.38618246229616,0,2026-08-25 06:31:48
2024-01-10 20:18:00,CNC-02,M,26.005904687975203,38.55162899242566,2467.00572630325,0.0,48.84726608795966,2.9893526339101917,9.179966979280243,53.244866457543,0,2026-08-25 06:31:48
2024-01-10 00:28:00,CNC-03,H,298.70176434369995,310.1776322785536,2772.365433198329,13.251228365258962,38.075526901001766,3.3672239419763703,6.946267065074607,50.47926475563129,0,2026-08-25 06:31:48
2024-01-10 16:28:00,CNC-02,M,298.4447085858935,314.42500083120905,1825.6635860403978,45.55899226374876,255.68807145779198,3.8340407434089996,15.553441063267796,52.41904440207044,0,2026-08-25 06:31:48
2024-01-10 20:21:00,CNC-02,M,25.764020965757027,39.25019794949338,2381.3362116188287,24.955760895082033,52.468615814581796,2.83318507354036,11.373848590059916,52.53260084326673,0,2026-08-25 06:31:48
2024-01-10 19:16:00,CNC-03,H,300.17249120579004,313.5212884353438,2226.614217563968,26.14705776557867,118.96625340799231,2.905871202431331,10.783802820467093,50.79634227066185,0,2026-08-25 06:31:48
2024-01-10 14:55:00,CNC-01,L,298.17851768253473,313.1021622362934,1618.6254256789425,46.52607085774832,184.30566219579322,2.9148538371263655,13.980546677005025,55.777401879757925,0,2026-08-25 06:31:48
2024-01-10 18:12:00,CNC-02,M,299.3584833014109,313.0587123456177,2063.4439074369225,28.7421247246763,140.2557289132964,2.852658498290758,11.033962968530174,54.06125211178774,0,2026-08-25 06:31:48
2024-01-10 20:02:00,CNC-03,H,27.104621313639996,41.37524351328989,2314.627910984308,28.227099552360563,174.90049721035544,3.193653561747595,12.043415225255565,54.25466900471207,0,2026-08-25 06:31:48
2024-01-10 15:05:00,CNC-03,H,298.5280879047028,313.9187876517737,1705.290110376618,45.743773155738,264.14232719664545,3.610009677693888,14.633221819895706,54.51708509484063,0,2026-08-25 06:31:48
2024-01-10 02:08:00,CNC-02,M,297.75992489107165,311.3026037450432,2672.2434775950874,20.69744084470429,193.4467200910425,3.8881291235207884,10.244002275642766,54.903733630515674,0,2026-08-25 06:31:48
2024-01-10 05:48:00,CNC-02,M,296.1162052614398,309.4859838899989,,31.798755461117985,6.649410087317207,2.6772598258314235,12.134065371201842,60.64095313072947,0,2026-08-25 06:31:48
2024-01-10 21:48:00,CNC-01,L,299.68278708192054,311.36774905746773,2825.100749876295,14.705464804612527,33.346955076630245,3.4280662517709306,7.78223660761268,48.66051607517414,0,2026-08-25 06:31:48
2024-01-10 20:16:00,CNC-02,M,26.166717149436693,39.77296913104817,2437.576426113145,0.0,46.57316326727555,3.0200482792852315,11.379909352460654,54.958784195383785,0,2026-08-25 06:31:48
2024-01-10 17:34:00,CNC-02,M,298.69109540381174,313.53219867738,2031.6277373769133,36.8562073814164,89.4958662362864,2.716582895782148,14.123971659921514,51.95377497531481,0,2026-08-25 06:31:48
2024-01-10 04:01:00,CNC-03,H,297.06942675042234,310.1203605075478,2355.244645881306,24.113441906542754,44.677151869525844,2.9933626085243685,10.603849690517356,58.92108170824713,0,2026-08-25 06:31:48
2024-01-10 04:56:00,CNC-01,L,296.2209733095521,310.2370408198997,2050.0370664510524,31.401966589696304,173.68987405588138,3.2024658014862255,12.173898610755609,59.95954855216509,0,2026-08-25 06:31:48
2024-01-10 17:33:00,CNC-02,M,298.74143679974884,313.3908701625469,1884.1182799457445,,88.13986225612672,2.5873259908500157,14.016783306814245,52.665370794652056,0,2026-08-25 06:31:48
2024-01-10 15:20:00,CNC-03,H,298.85553393363244,312.52221164333406,1732.8708155063684,40.98340042011109,18.110010494652183,2.3186234132822787,13.212313576896596,51.14494128245829,0,2026-08-25 06:31:48
2024-01-10 06:11:00,CNC-03,H,296.04026325938264,0.0,1995.7814643218373,35.82657259358258,209.84535011553862,3.166180013787937,13.349657602909604,59.62584271211383,0,2026-08-25 06:31:48
2024-01-10 16:54:00,CNC-03,H,299.5347063549116,314.24642286882477,1682.8124025074721,44.48762685974377,155.08969740134572,2.5333452989194196,13.871452280660385,54.74217733700722,0,2026-08-25 06:31:48
2024-01-10 00:37:00,CNC-03,H,298.5320583100746,310.14865240203363,2629.1960847835353,14.162395098226694,47.75186614709311,3.202831324313504,6.840390540065093,51.24485053665263,0,2026-08-25 06:31:48
2024-01-10 03:20:00,CNC-03,H,297.26023201693323,311.93945628775253,2539.6651682520614,27.01541517095503,227.37654606585465,3.8928117989607203,12.799439254642992,51.65863556210816,0,2026-08-25 06:31:48
2024-01-10 08:41:00,CNC-02,M,295.49244030041365,309.90528952631604,1659.3280782991822,45.57483487971208,38.88756124318667,2.3194554665007443,14.08025108291709,56.6114149442434,0,2026-08-25 06:31:48
2024-01-10 16:53:00,CNC-01,L,299.7064087463261,314.49021591341096,1858.0986217210802,42.191033862671304,118.66563359004276,2.6258135977648673,14.757808627979877,50.30831164451164,0,2026-08-25 06:31:48
2024-01-10 04:17:00,CNC-01,L,296.803527808069,311.05436342292995,2351.4211220718284,29.395437405574576,125.58090857513824,3.0748728897157727,13.26515634063673,59.32193419767642,0,2026-08-25 06:31:48
2024-01-10 18:18:00,CNC-01,L,299.8592029062329,312.984583553012,2141.8301716763845,28.01359647297425,0.0,2.763504485832183,11.507280086926857,51.71360947884065,0,2026-08-25 06:31:48
2024-01-10 22:19:00,CNC-02,M,298.3043968623166,311.177190807703,2579.6449996081255,17.768559991956444,185.58454313636636,34.891262907008,8.539836557047371,54.00596568762004,0,2026-08-25 06:31:48
2024-01-10 03:31:00,CNC-01,L,297.1026954236531,309.7891904785634,2384.89338483376,21.76128795688274,70.98383974706192,3.0088773358926324,0.0,62.40616660852073,0,2026-08-25 06:31:48
2024-01-10 16:58:00,CNC-03,H,299.8500863684046,314.3613278400225,1867.2856280177327,39.75282625958361,160.74874454095496,2.980094479001033,13.77760474695162,54.028893354996335,0,2026-08-25 06:31:48
2024-01-10 20:27:00,CNC-01,L,26.908524296952976,40.85844146232063,2219.104977658681,30.00056821538548,159.58336593229922,3.198588302858478,12.319848049170433,53.27787038764121,0,2026-08-25 06:31:48
2024-01-10 12:34:00,CNC-03,H,297.7886908214217,311.7436827321998,1303.1736697966362,54.788381803357915,28.413558422239138,2.0309329429064156,13.54272956254308,54.63655945299601,0,2026-08-25 06:31:48
2024-01-10 10:30:00,CNC-02,M,301.22574482409306,310.33584998282544,1490.6680602318334,50.26829106593511,207.88585911177134,2.804611771258324,14.419800072192576,49.15875064714542,0,2026-08-25 06:31:48
2024-01-10 11:12:00,CNC-01,L,296.8104500690977,311.0160873750226,1406.2908871090995,52.222660119803734,47.64031156086833,2.0356538447557684,14.019572509461355,56.32728980643266,0,2026-08-25 06:31:48
2024-01-10 19:26:00,CNC-02,M,299.45374268922836,315.4287530887801,2120.919370896405,38.57967783173642,234.52241427147976,3.592611108072726,15.211493482714664,53.2497752695881,0,2026-08-25 06:31:48
2024-01-10 08:14:00,CNC-03,H,295.7634602337742,310.3031363962104,1682.694813849463,42.411635898705676,128.8534734915632,2.4601086937537477,,57.16138983502319,0,2026-08-25 06:31:48
2024-01-10 06:26:00,CNC-01,L,295.9543802457844,310.2359521117171,1923.1167828653388,38.06299360396234,52.14673370765501,2.575580175847502,13.381824891359399,58.345430728008466,0,2026-08-25 06:31:48
2024-01-10 16:29:00,CNC-03,H,299.1092235122231,313.7486466500734,1914.7081612229895,39.99278878445981,119.45325265716305,2.595223083858896,14.18594497276195,49.65559635176309,0,2026-08-25 06:31:48
2024-01-10 20:36:00,CNC-01,L,26.64945804811481,40.11998848893404,2556.026392252976,22.15999721665757,170.0267682737455,3.5690167135902677,10.44553447782305,52.139124749192874,0,2026-08-25 06:31:48
2024-01-10 17:15:00,CNC-03,H,299.66920334474275,313.46869499624876,1909.5509515267704,32.87798483533631,184.36462952835188,2.885912715175884,11.87575660111526,51.68643974195398,0,2026-08-25 06:31:48
2024-01-10 15:18:00,CNC-01,L,298.3274353030241,313.173005461162,1634.818179134655,44.08355548572474,219.1190635818784,3.2953235333147903,13.34167909896692,48.045503103433695,0,2026-08-25 06:31:48
2024-01-10 16:43:00,CNC-01,L,299.5122139388471,314.25067225160313,1913.7781097487082,40.0061774795575,104.68531061962452,2.761543935339491,14.433289488323195,60.507709515314886,0,2026-08-25 06:31:48
2024-01-10 08:42:00,CNC-03,H,296.1275894468297,311.26103120827827,1628.8395307933422,,170.67598408266463,2.506811669750722,14.864159599651485,54.32283047542122,0,2026-08-25 06:31:48
2024-01-10 09:30:00,CNC-01,L,296.54882513799845,310.793122010872,1533.5464269748154,46.023175560572064,110.62021748535001,2.333386490181828,13.090980477262521,52.6816904480881,0,2026-08-25 06:31:48
2024-01-10 12:55:00,CNC-02,M,296.23078776951525,311.68459531001866,1424.8565197971204,57.554946755667835,188.69735402537245,2.610136356707887,15.44458192865105,55.99467533531383,0,2026-08-25 06:31:48
2024-01-10 20:11:00,CNC-03,H,26.935276700206657,40.20671503409886,2433.927760365155,22.639005090347702,185.52003696899288,3.560468848360726,10.582690396098632,47.099530510650084,0,2026-08-25 06:31:48
2024-01-10 09:06:00,CNC-02,M,296.0008634469112,310.28883681707146,1517.2048988719666,46.906137539985345,76.95782850110682,2.155756382086871,13.05547862705784,59.301066582360335,0,2026-08-25 06:31:48
2024-01-10 06:41:00,CNC-01,L,295.9621750373356,310.33095351610217,1993.8138040257884,36.96320705781313,72.80504909019005,2.672781394816696,13.684878761633929,60.91806241868137,0,2026-08-25 06:31:48
2024-01-10 15:11:00,CNC-02,M,297.54064206331293,312.0373078444262,1730.316694338194,40.73875594350515,142.22710338659775,2.5922994638042907,13.044242340325296,53.86291822555629,0,2026-08-25 06:31:48
2024-01-10 02:11:00,CNC-02,M,297.6128093441902,311.0301016610597,2466.2473216343456,22.26709081436035,196.70166430711043,3.6055534278064045,10.566162270051688,51.69026611336645,0,2026-08-25 06:31:48
2024-01-10 02:54:00,CNC-01,L,297.26167703354713,309.31502647749033,2573.0408181862194,18.81002418077294,28.26293817714125,3.153109849906432,9.108565901135393,55.59263783628912,0,2026-08-25 06:31:48
2024-01-10 07:06:00,CNC-01,L,296.01057503881754,310.33289269680824,1922.0128381581458,,107.87442027619497,2.7121331413588097,13.750215763279828,59.217578980448536,0,2026-08-25 06:31:48
2024-01-10 13:56:00,CNC-03,H,298.10795568894815,312.6856239239326,1563.6307353637487,47.533045331703704,158.155699804037,2.5015326913991167,13.89794395177739,52.6725679503229,0,2026-08-25 06:31:48
2024-01-10 21:10:00,CNC-01,L,27.089445567656355,40.88340249172916,2286.823526367775,26.14462562848498,209.03731089304304,3.6560055733360204,11.008174562968314,53.9853719120253,0,2026-08-25 06:31:48
2024-01-10 00:03:00,CNC-01,L,299.013916729285,310.68405283710376,2523.456931325761,15.291996704634938,44.075262482561115,3.1046744553437766,7.263860265901018,53.21966393347987,0,2026-08-25 06:31:48
2024-01-10 06:09:00,CNC-01,L,296.0626843229583,309.2480015426181,2056.83168737972,29.738028056714164,29.339563612041452,2.6905574060344675,11.475610631370479,55.680025665640834,0,2026-08-25 06:31:48
2024-01-10 21:17:00,CNC-02,M,25.782251442707036,39.36219013995827,2518.4998916763216,22.718399566547443,117.15807037807218,31.047692742075423,10.73843154611997,56.45179232890263,0,2026-08-25 06:31:48
2024-01-10 13:49:00,CNC-01,L,303.090562106333,311.2298420299002,1366.6252167909613,52.49555487564018,81.94177592339535,2.0745656532583587,13.457780475689646,47.99202484010727,1,2026-08-25 06:31:48
2024-01-10 23:55:00,CNC-01,L,298.8180820229415,311.35629557442445,2790.2562969389796,15.543071169193723,170.11303685640888,3.717038242401992,7.843915991039667,53.9672968312815,0,2026-08-25 06:31:48
2024-01-10 02:13:00,CNC-02,M,297.74748008912394,311.3764957266952,2571.3216639172633,22.25483924941512,198.89379255055573,3.716093641663616,10.659540964985752,55.650270913333635,0,2026-08-25 06:31:48
2024-01-10 16:34:00,CNC-01,L,299.2457596357325,313.42939848588975,1817.6347929133042,40.191571427527535,91.8856156275704,2.5192767529238855,13.63209877062641,51.798001084177606,0,2026-08-25 06:31:48
2024-01-10 02:47:00,CNC-03,H,297.62310388279866,311.58844933413667,2492.6541009769935,24.95542758338276,189.5538171460969,3.458081413500089,11.603772703043317,54.83544759882618,0,2026-08-25 06:31:48
2024-01-10 16:39:00,CNC-01,L,299.1114539069835,313.31462580288877,1719.5953568171703,42.43665666617638,99.05505555604194,2.436839040942266,13.695414450601037,56.865167994505484,0,2026-08-25 06:31:48
2024-01-10 20:37:00,CNC-02,M,25.686512971049297,38.62477351140876,2547.554256216778,20.844854973831772,,3.110666458994557,9.704478137847852,56.217649817270775,0,2026-08-25 06:31:48
2024-01-10 14:42:00,CNC-02,M,297.68016111670914,311.72602951248433,1621.3928188528246,42.21157133732664,98.04509446401705,2.355213465778336,12.843967889780242,54.29278451696177,0,2026-08-25 06:31:48
2024-01-10 15:55:00,CNC-02,M,298.13943396638336,313.5488743003777,1592.174540682495,47.82629504872626,207.9726157735487,3.0114709832392537,14.320037117862608,55.28313386456345,0,2026-08-25 06:31:48
2024-01-10 18:40:00,CNC-01,L,300.0536277015406,313.81983796382605,2248.9512513761956,,28.719181637276193,2.9035270505038615,12.680194994924856,50.498349467012986,0,2026-08-25 06:31:48
2024-01-10 23:56:00,CNC-02,M,298.02734188155125,310.63147902581505,2732.9095297368353,16.62050027518921,74.6375274590409,3.2724219002673935,8.458934774245876,61.735368467826575,0,2026-08-25 06:31:48
2024-01-10 19:56:00,CNC-03,H,27.462143764701352,40.95047348189672,2514.2149449203753,23.198618219136243,167.71246001554252,3.3075837399934267,11.039781920029684,52.280284856416,0,2026-08-25 06:31:48
2024-01-10 10:08:00,CNC-03,H,296.7161411383142,310.9131729274199,1469.9202687329828,48.451144675427074,71.18404399580677,2.1617276554919482,13.22113797376887,57.393954942447195,0,2026-08-25 06:31:48
2024-01-10 10:15:00,CNC-01,L,296.61273764814325,311.4494441545577,1538.8175129240997,50.31821690184654,180.54494824327952,2.71919041335231,14.39685078365143,57.29344469997267,0,2026-08-25 06:31:48
2024-01-10 08:19:00,CNC-02,M,295.50891001131953,309.3609273988408,1642.7217142856848,44.135501152087734,5.90121003229979,2.3470205513068008,13.544410954699256,58.42593108679146,0,2026-08-25 06:31:48
2024-01-10 19:16:00,CNC-02,M,299.17041096547814,313.70401411960694,2145.250906072634,30.21864966870183,221.97278294192284,3.6512632142927326,11.940456022708675,52.50433865692391,0,2026-08-25 06:31:48
2024-01-10 00:31:00,CNC-02,M,298.85584784639076,310.72731933213475,2663.2045489318357,15.83910954744444,89.05458996563235,3.241955881140798,8.001952210478322,54.27991804447268,0,2026-08-25 06:31:48
2024-01-10 01:10:00,CNC-01,L,298.51810564808795,310.93286386298297,2718.5052481231223,17.635047987468546,115.49431380919214,3.421890160318385,8.900952144797476,53.12908037490236,0,2026-08-25 06:31:48
2024-01-10 01:33:00,CNC-02,M,297.9046076122859,310.9042600355475,2678.749696564238,19.914956676550243,155.5129906531599,3.5026717791454773,9.843788741714471,55.532830845267,0,2026-08-25 06:31:48
2024-01-10 02:03:00,CNC-01,L,297.9779747361043,310.3254324277942,2713.3605731452108,16.82064509245492,173.00317392076107,3.7715546905653583,8.852787409765465,53.28693971636524,0,2026-08-25 06:31:48
2024-01-10 02:21:00,CNC-03,H,297.8045176815606,311.32660570749033,2583.551757696005,23.366222880955487,160.6240624210982,3.5175356796608774,11.67442645027079,52.9504868904251,0,2026-08-25 06:31:48
2024-01-10 23:05:00,CNC-03,H,299.6393752142921,311.97178270975854,2685.6123917285845,15.226541110009533,135.51197762816574,3.3186455552751917,7.623659321328726,50.73495065020582,0,2026-08-25 06:31:48
2024-01-10 20:59:00,CNC-02,M,25.930087053093757,38.78721784571388,2626.4955312933307,18.51996738719833,96.57813516462369,32.767224496786866,9.140238320302618,55.35481477477884,0,2026-08-25 06:31:48
2024-01-10 00:00:00,CNC-02,M,299.0556308384078,311.24606429744733,2729.4009685383917,16.132760747885136,56.2440571156429,3.2463276576153883,8.175525247599788,53.41326742638704,0,2026-08-25 06:31:48
2024-01-10 13:54:00,CNC-03,H,298.2284793468914,312.8149389242389,1536.1976429852177,47.34925186730809,155.02094264713324,2.4425629710408736,13.542933489421744,57.253288143156794,0,2026-08-25 06:31:48
2024-01-10 14:07:00,CNC-03,H,298.36143150415194,313.1638300625639,1402.6123557431208,53.50666044598377,175.19264771547222,2.416380540501871,13.9842931030836,55.110118652269314,0,2026-08-25 06:31:48
2024-01-10 08:36:00,CNC-01,L,296.0746047343106,310.26121335642176,1602.5179850862928,46.65598269962776,28.19552728124105,2.3573261703976076,14.180435370540836,54.63666967199116,0,2026-08-25 06:31:48
2024-01-10 20:12:00,CNC-03,H,27.173626980246297,40.76852395849767,2487.9085507244567,23.00171481073054,186.67849055641713,3.4029352601006098,10.584030490788452,49.00358343436324,0,2026-08-25 06:31:48
2024-01-10 01:47:00,CNC-01,L,297.9354158864933,310.8294377354099,2443.9989781047316,20.00750080037144,155.38687411101535,3.396281440419219,8.972710108652636,54.503940896286316,0,2026-08-25 06:31:48
2024-01-10 15:37:00,CNC-02,M,298.03122380079145,312.7913583543025,1606.5161412784546,44.01152799749551,181.29250422476795,,13.179908487688778,52.39196722433052,0,2026-08-25 06:31:48
2024-01-10 03:28:00,CNC-01,L,297.06069484458317,309.72143682998416,2276.4770384623575,23.130079283952064,67.49298006007483,2.8922740141122434,9.948987874972502,56.95777680935802,0,2026-08-25 06:31:48
2024-01-10 08:48:00,CNC-01,L,296.2179577801558,310.66189100222846,1604.0396192368642,48.3668417186299,46.13588469083923,2.331124511030237,14.717685284498037,57.74695501384907,0,2026-08-25 06:31:48
2024-01-10 06:52:00,CNC-03,H,295.8697333378123,308.78083798224117,1959.2164860610226,30.254310554226098,10.92501963292618,2.59235899302801,10.993523331596098,64.00199201949688,0,2026-08-25 06:31:48
2024-01-10 12:38:00,CNC-02,M,296.18545246807093,311.2330082777044,1373.4282957224275,55.7103455466978,161.75236468543346,2.305046067018173,14.422925711177935,56.18515464593781,0,2026-08-25 06:31:48
2024-01-10 00:00:00,CNC-03,H,298.9103951108006,309.70973230270675,2773.1623093869684,11.100124729767385,8.39516936984789,3.259532291617748,5.658868666542355,50.943384612611325,1,2026-08-25 06:31:48
2024-01-10 14:05:00,CNC-01,L,303.1981626130642,312.2899694290175,1552.276273860424,53.158785256002446,106.80611149759987,2.3478609188561084,15.641112282055166,42.51462545593206,0,2026-08-25 06:31:48
2024-01-10 06:29:00,CNC-01,L,296.11900725476335,310.0345952102718,1940.5005562833428,35.73222714788819,56.30535485060433,2.626097847379857,12.80909809940566,57.886116298207206,0,2026-08-25 06:31:48
2024-01-10 00:50:00,CNC-01,L,298.6317407687852,310.4692321193041,2806.7109813268494,14.337737352093953,94.0284133961127,3.3887677462195143,7.713531452339934,52.37790371408124,0,2026-08-25 06:31:48
2024-01-10 23:15:00,CNC-03,H,299.6158096615262,312.7644990988138,2675.8517527952254,20.025118146527213,146.07730775961832,3.3449819397403076,10.141956412809293,54.73266803925926,0,2026-08-25 06:31:48
2024-01-10 04:16:00,CNC-03,H,296.7682845278974,310.31629326571306,2294.1717463347413,27.789438107645367,62.716489379194314,2.935979336921697,11.840085163994875,54.88472220402424,0,2026-08-25 06:31:48
2024-01-10 01:47:00,CNC-03,H,297.86592056003354,309.9420665809069,2738.985126933514,15.194962198712046,123.05167103179241,3.3060713010135157,7.656682549842696,58.29269046776186,0,2026-08-25 06:31:48
2024-01-10 15:21:00,CNC-01,L,298.3700003289797,313.38473842477663,1573.7399616406442,48.89388512073602,223.63549496768294,3.1738374709400317,14.113052281702982,52.03183813949674,0,2026-08-25 06:31:48
2024-01-10 06:27:00,CNC-03,H,295.95618361280265,310.6887355252762,2191.250340910027,32.51938689529538,231.38411740615746,3.571630104751682,13.50670131594368,58.330869753819904,0,2026-08-25 06:31:48
2024-01-10 12:59:00,CNC-02,M,296.4692029391986,311.6304947047577,1437.147458824512,53.502160757764486,195.0175477792148,2.629210445480077,14.537467247690827,60.69488516574984,0,2026-08-25 06:31:48
2024-01-10 12:22:00,CNC-03,H,297.1351412699219,310.98875807911946,1389.662201442002,51.50277342051053,9.46537862631686,2.065476630237433,13.37770466288485,51.72566406784499,0,2026-08-25 06:31:48
2024-01-10 01:06:00,CNC-02,M,298.0916981921088,310.224228307809,2788.5019435094573,14.974666008185167,126.37143556775631,3.5035124609209456,7.801179358404223,55.788694446040296,0,2026-08-25 06:31:48
2024-01-10 20:08:00,CNC-01,L,26.97248916649744,40.09841971719243,2409.1060613247932,22.06142442474183,137.2001319600409,3.1767425371707785,9.941204528174735,51.9596978668602,0,2026-08-25 06:31:48
2024-01-10 12:51:00,CNC-01,L,296.9349769359934,311.08456273462866,1358.0361727424972,49.7597837261615,204.73522920815344,2.9443009007653056,12.610373329721003,57.70720865103906,0,2026-08-25 06:31:48
2024-01-10 02:26:00,CNC-01,L,297.85362951820156,311.19825423692834,2467.8406582500043,21.73775308263551,198.6489979362297,3.758917145520822,10.203424675629734,60.795958578834615,0,2026-08-25 06:31:48
2024-01-10 04:45:00,CNC-01,L,296.4244103359742,310.8931648999596,2221.94421068934,30.81615003004607,159.8120903583054,3.11466419328001,12.716588231896493,,0,2026-08-25 06:31:48
2024-01-10 02:04:00,CNC-02,M,297.60540951943887,310.17482903868057,2713.7805220335936,16.23350716853498,189.07170578165346,3.735899525200997,8.41111296686685,53.741667056964225,0,2026-08-25 06:31:48
2024-01-10 12:54:00,CNC-03,H,297.7285739674414,312.2153537157398,1429.9809571868223,54.041234251825564,60.1478264136472,2.0978682395814645,14.63260298965159,55.80509864207377,0,2026-08-25 06:31:48
2024-01-10 00:59:00,CNC-02,M,298.36309207418935,310.9395136580294,2688.510915023877,16.987113234679743,119.00616269630386,3.399264152098787,8.584604905344616,52.85041188259497,0,2026-08-25 06:31:48
2024-01-10 08:55:00,CNC-02,M,296.0082562953951,310.64451286904506,1600.2895550320584,48.32836521706796,60.257554097151605,2.177734380209293,14.369661601603012,55.25924204765414,0,2026-08-25 06:31:48
2024-01-10 02:25:00,CNC-01,L,297.5663696416339,311.0951577758498,2633.6303928292464,21.797555522764505,197.49853979127718,3.9673149201347324,10.904417782323012,57.626611610458646,0,2026-08-25 06:31:48
2024-01-10 17:17:00,CNC-01,L,299.3183407930168,313.8959951971738,1948.9025562236725,37.81496970869496,152.2311796990022,2.876793791958846,13.783740183297263,55.1483937834835,0,2026-08-25 06:31:48
2024-01-10 04:34:00,CNC-01,L,296.45879152058836,310.46765816249166,2350.0456138710433,27.64544776430294,146.28671415345016,3.2401262411592064,12.217095997010858,54.93443311363502,0,2026-08-25 06:31:48
2024-01-10 18:27:00,CNC-01,L,300.1960023698269,313.8050725469082,1901.1223894933628,34.898201423941835,11.84271858984414,2.392111818189205,12.436076429919813,50.71885110795658,0,2026-08-25 06:31:48
2024-01-10 21:59:00,CNC-03,H,299.9793402499081,312.6946556902971,2569.058314113812,20.673903549947326,63.8974470593456,3.1233736615340297,,48.99712027310511,0,2026-08-25 06:31:48
2024-01-10 13:15:00,CNC-01,L,297.22645061184005,310.91055291868184,1377.5897876452461,48.140550719294396,28.36928002595518,2.1194264167518337,12.465324782572656,56.19742026949603,0,2026-08-25 06:31:48
2024-01-10 14:41:00,CNC-01,L,297.8839687714743,312.4979142960133,1531.6032469821346,47.4564127335335,162.6637134380812,2.6673606543751025,13.655951200903619,54.87809903553174,0,2026-08-25 06:31:48
2024-01-10 08:56:00,CNC-03,H,296.1767867217446,311.30905051970285,1615.9109181902156,48.1045420515548,191.71587487949324,2.722605271739617,14.396902087279953,60.58901932377385,0,2026-08-25 06:31:48
2024-01-10 08:13:00,CNC-02,M,295.78699126924283,310.88335894220654,1640.2298184273166,46.104357071949856,209.86826225212675,28.8971709736172,14.190520517702861,58.8230234496731,0,2026-08-25 06:31:48
2024-01-10 18:40:00,CNC-02,M,299.0860638326491,313.4395759837878,2224.298599744149,30.024687329682827,176.61404759669512,3.305968904905465,12.383044036265323,51.81128478451525,0,2026-08-25 06:31:48
2024-01-10 21:00:00,CNC-03,H,26.946180343736046,40.73274450520171,2611.1670239954205,21.587373510554386,,4.06107437332317,10.790638428803259,52.137849415567004,0,2026-08-25 06:31:48
2024-01-10 06:47:00,CNC-03,H,295.78680419425643,309.5216742753313,1802.0461225241659,37.789806311080305,4.140888232451394,2.4234384646724725,12.94409814216641,59.921790185702264,0,2026-08-25 06:31:48
2024-01-10 15:24:00,CNC-01,L,298.23308808454436,313.76533182330354,1544.4286321505183,52.38623135206865,228.15261126015022,3.358856928496167,15.086195341370544,54.695612788515035,1,2026-08-25 06:31:48
2024-01-10 16:16:00,CNC-02,M,298.60403184329834,313.5325468263941,1840.3307092811879,39.49233090682119,238.4139270252607,3.445591730555242,13.60978518540066,57.54793533069301,0,2026-08-25 06:31:48
2024-01-10 14:22:00,CNC-03,H,298.87285335278324,313.6602961495971,1408.0585461513517,51.100064687891,198.382023774367,2.553679165479904,13.482777710939374,50.05523856707035,0,2026-08-25 06:31:48
2024-01-10 14:48:00,CNC-02,M,297.3904792812749,311.9869332378582,1527.763431936582,45.6417682078653,107.2535211500274,2.284740642042964,278.60404608398164,57.407584400385936,0,2026-08-25 06:31:48
2024-01-10 13:18:00,CNC-03,H,298.03665736363115,312.0934914639609,1280.5966759713222,54.16500692697987,98.30000446339875,20.33720664323115,12.865962750877827,56.70015682257853,0,2026-08-25 06:31:48
2024-01-10 15:24:00,CNC-02,M,297.7535486099729,312.72958092862507,1497.8484578205848,50.407779344618824,161.97543727883033,2.4176207137727816,14.108173597754583,56.1069431567942,0,2026-08-25 06:31:48
2024-01-10 06:52:00,CNC-01,L,295.9848018204869,309.98034187099927,1923.4578144952934,36.10431000210886,88.23348738474942,2.741546736625084,12.803226376395777,57.33569606711637,0,2026-08-25 06:31:48
2024-01-10 18:44:00,CNC-01,L,299.87919708486237,313.92753436353297,2117.670214296725,34.09072945771828,33.86128706670385,2.720782673258283,13.550614643359918,47.64657412013747,0,2026-08-25 06:31:48
2024-01-10 02:59:00,CNC-01,L,297.2544863054299,309.20205977990753,2553.0079537700926,17.643756299086018,34.07853209693569,3.171200362511866,8.421218113370024,53.507238700605235,0,2026-08-25 06:31:48
2024-01-10 06:15:00,CNC-03,H,295.74679871269046,310.4585916278851,1967.744691849948,37.333801578546456,215.249131585056,3.1910249885707946,13.643475690945543,57.75633060477379,0,2026-08-25 06:31:48
2024-01-10 21:42:00,CNC-01,L,299.8578809758827,311.8465636340282,2667.6186545251285,16.73559779450935,26.78195630336531,3.1376726203126033,8.391934053217907,54.570553734526484,0,2026-08-25 06:31:48
2024-01-10 16:38:00,CNC-02,M,298.6397686636982,312.35398387585224,1779.4614141541842,37.30745437658527,11.551213120360337,2.4352166831372752,12.41010083527647,51.96824476669157,0,2026-08-25 06:31:48
2024-01-10 01:51:00,CNC-02,M,298.02709545688674,311.6124153442182,2609.1035800598524,21.41117889574756,175.07240383017324,3.6394792128885434,10.407250799018403,50.43967679320452,0,2026-08-25 06:31:48
2024-01-10 18:18:00,CNC-03,H,300.11138152725795,313.78576321791553,2000.06147438969,33.16647059463844,45.14099416866991,2.540440647986882,12.480182107920292,52.8934631753168,0,2026-08-25 06:31:48
2024-01-10 14:34:00,CNC-03,H,298.791201801989,0.0,1522.5842421124519,46.666284228528085,217.00630895364947,2.792098265935546,13.382337377994395,53.33068461290744,0,2026-08-25 06:31:48
2024-01-10 19:20:00,CNC-02,M,299.1243072997632,314.3116012844874,2250.6901766136343,31.960005690181777,226.94867471156687,3.644483476150193,,50.538318270639046,0,2026-08-25 06:31:48
2024-01-10 11:21:00,CNC-01,L,296.5204586411084,310.6616372134694,1408.7588498842638,49.59056361653202,61.8950313204268,2.034397075175302,12.963187543957227,55.27297505625044,0,2026-08-25 06:31:48
2024-01-10 00:20:00,CNC-01,L,298.73869037516573,310.07403570178565,2706.7256262843152,12.863721024419927,62.00424829365099,3.201554120499502,6.528932316439802,59.35487450480076,0,2026-08-25 06:31:48
2024-01-10 05:49:00,CNC-02,M,296.0938529396612,309.53548202882763,2154.20962931986,29.680144751153154,7.942668859936931,2.8047267970484784,12.356256445841709,57.21501851859041,0,2026-08-25 06:31:48
2024-01-10 18:23:00,CNC-03,H,299.8236110630885,313.6003248273803,2196.8827902146713,32.7618534491424,51.645856797364964,2.8117826414856926,13.514018446942156,50.98447797319555,0,2026-08-25 06:31:48
2024-01-10 21:16:00,CNC-02,M,25.894578638584903,39.47825960178494,2460.4086233318694,23.966925129433946,115.98691823062113,3.1306498064140413,11.002718282332182,52.07177060410805,0,2026-08-25 06:31:48
2024-01-10 16:57:00,CNC-03,H,299.7755040378506,313.9423303533988,1742.03920801744,38.77985308665848,159.34704264864916,2.5675851863830257,12.523487591663118,52.865278981709956,0,2026-08-25 06:31:48
2024-01-10 00:08:00,CNC-02,M,298.96200731004865,309.9359490946232,2813.8595867511294,10.8625921143115,64.68267868603705,33.49645634523125,5.740893906406309,52.27089609170313,1,2026-08-25 06:31:48
2024-01-10 14:14:00,CNC-02,M,297.30901016645834,311.27180438824405,1336.5084279577063,51.900310162861224,54.67209259442732,2.0351234990001896,12.960916198028166,58.18342473809573,0,2026-08-25 06:31:48
2024-01-10 23:19:00,CNC-01,L,299.05489428329184,310.9003905408106,2706.340385705026,15.139739363586289,131.96807857905472,3.49953378210632,7.5817096032761055,51.26465613213497,0,2026-08-25 06:31:48
2024-01-10 14:44:00,CNC-02,M,297.5625767605965,311.79845863399436,1471.3248669894888,46.43839010166596,101.1224289920093,2.1432403166290057,12.623059496486542,54.40076930865644,0,2026-08-25 06:31:48
2024-01-10 06:03:00,CNC-01,L,296.09227329421486,309.47811029814847,1831.3557304149729,34.67265813314715,21.332743598356757,2.4168937457299595,11.895192974122041,62.15074685713115,0,2026-08-25 06:31:48
2024-01-10 23:05:00,CNC-01,L,299.1856476218216,311.72708179297143,2508.684012094187,19.87771911576322,117.043805425774,3.193504475482985,9.750281029369875,53.23847027993775,0,2026-08-25 06:31:48
2024-01-10 04:01:00,CNC-01,L,296.8687325519158,309.84907461691864,2454.0037136170818,22.195981430555076,106.2314774805538,3.149375369868979,10.16259506226011,54.2397315465077,0,2026-08-25 06:31:48
2024-01-10 23:41:00,CNC-02,M,298.3564917785028,310.04439549702425,2571.823811387419,13.130148117704058,58.65874471314361,3.0990909202132624,6.275137778332545,56.143449127832305,0,2026-08-25 06:31:48
2024-01-10 23:04:00,CNC-02,M,298.3692979225061,309.98416059950296,2656.9057080759317,14.02844782117135,19.09176847724,3.3245505206965476,6.8185240832098195,52.07613025471656,0,2026-08-25 06:31:48
2024-01-10 12:56:00,CNC-02,M,296.54988856253993,311.47983028023657,1432.4037164172755,50.20683483826243,190.26671592846904,2.63332826365781,13.444965738148356,54.34633400976795,0,2026-08-25 06:31:48
2024-01-10 22:21:00,CNC-03,H,299.8600320821939,311.86087552679527,2655.2920347856048,15.792243114162925,0.0,3.2563767452680046,7.827970370952453,,0,2026-08-25 06:31:48
2024-01-10 00:02:00,CNC-01,L,299.0019207366395,310.1449681928054,2542.2386137777517,13.6098479586199,42.99184867581195,29.555057797270237,6.411089840058169,54.12064971150457,0,2026-08-25 06:31:48
2024-01-10 11:01:00,CNC-03,H,296.8066662884819,311.6183175421618,1444.2243224027336,52.74985987465668,154.7270983785907,2.460380015732036,14.230321330478942,61.98666039916157,0,2026-08-25 06:31:48
2024-01-10 10:20:00,CNC-03,H,296.5556284898033,310.5538346685177,1395.8534201399962,49.10809858414135,90.07944023599697,2.059496118127853,12.805984314757772,57.954044288031035,0,2026-08-25 06:31:48
2024-01-10 23:31:00,CNC-02,M,298.15843899781385,309.8001033106657,2669.2148135885227,12.893714395300604,47.966326404564356,3.2304008593523896,6.361910632815114,53.53812835183458,0,2026-08-25 06:31:48
2024-01-10 18:33:00,CNC-03,H,300.3860376438556,314.77805673934955,2230.420402274805,34.4562064375321,64.59135448545398,2.785044359916406,14.240711844541773,50.306614386491184,0,2026-08-25 06:31:48
2024-01-10 00:41:00,CNC-03,H,298.3449463185155,310.7884209080637,2714.7313565480695,18.464321718428884,52.04323359380228,3.303969474063704,9.305804225845577,53.02309289984007,0,2026-08-25 06:31:48
2024-01-10 22:54:00,CNC-01,L,299.2133080068715,311.66656599419866,2693.80293963344,17.750732276347655,105.07032421801183,3.3278518484154977,9.047262054832682,53.34891692045784,0,2026-08-25 06:31:48
2024-01-10 01:19:00,CNC-02,M,298.2701742961128,310.23188711829357,,15.643669992032514,140.21145630706044,3.4350425781444938,8.088534047445215,51.78784952895122,0,2026-08-25 06:31:48
2024-01-10 06:20:00,CNC-03,H,295.7678490937269,310.6696117739829,2161.7925275171533,34.46543949244265,221.85909681783815,3.4522722532840486,14.045112993816705,59.193707795398055,0,2026-08-25 06:31:48
2024-01-10 13:53:00,CNC-02,M,296.98354528193414,310.88137226922913,1624.553807393442,41.26406318612498,21.937798177253494,2.1464426247694424,12.4524354149726,52.70427571037463,0,2026-08-25 06:31:48
2024-01-10 22:08:00,CNC-03,H,300.05007247521223,312.51465252863784,2596.6730612808124,17.812124396865876,73.73873040036003,3.1478715148148275,8.457748670903625,,0,2026-08-25 06:31:48
2024-01-10 20:49:00,CNC-02,M,25.812531996324708,38.794063761338236,2659.897009546084,19.84921379476365,85.20925159250505,3.261390558385031,9.917655146580932,54.393976540343495,0,2026-08-25 06:31:48
2024-01-10 14:26:00,CNC-01,L,303.05195271039025,310.86530662857047,1503.8429648106878,43.68510150726126,139.39853585799122,2.3844907083869025,12.42985809681658,44.47529441546236,0,2026-08-25 06:31:48
2024-01-10 21:26:00,CNC-03,H,27.075044008364557,39.37636716800216,2464.583119511127,20.5490922831341,27.3773401088248,3.080274590068023,9.4019795443108,53.949550898732284,0,2026-08-25 06:31:48
2024-01-10 19:06:00,CNC-03,H,300.22621839812376,313.7254201439145,2131.144407780175,29.236024803961264,106.57307573462298,2.809564092772746,11.695032755069851,50.65180083642581,0,2026-08-25 06:31:48
2024-01-10 13:30:00,CNC-01,L,297.1227877861615,311.08507302725036,1326.115282581629,52.293931293669,52.060704239138516,2.011320138921916,12.80827288721696,57.59074228306784,0,2026-08-25 06:31:48
2024-01-10 20:51:00,CNC-02,M,25.82650578035708,38.036288043956574,2689.835340363445,15.267725285781474,87.44379097094279,3.2522777092221165,7.68662030744702,52.58749641314699,0,2026-08-25 06:31:48
2024-01-10 16:33:00,CNC-03,H,299.61584169795765,314.2174355046913,1885.9469637065636,40.64361293164782,125.14640800054366,25.927765744520844,14.42187006001481,50.52482773680939,0,2026-08-25 06:31:48
2024-01-10 00:33:00,CNC-02,M,298.3942242204149,310.9000257803823,2625.3382640659893,18.440401593823502,91.20265313177546,3.2347864010182317,8.992224664327695,56.056513780486874,0,2026-08-25 06:31:48
2024-01-10 00:51:00,CNC-01,L,298.6290602320954,310.3932908067833,2594.222410716658,15.178678067538543,95.13264836874218,3.3055074700548013,7.193910820334743,57.06148705824278,0,2026-08-25 06:31:48
2024-01-10 16:38:00,CNC-01,L,299.08444722088626,313.2728362530891,1660.3795556399953,42.38765556077178,97.5785332697481,2.3576288570983843,13.214494670255236,51.73328999143032,0,2026-08-25 06:31:48
2024-01-10 00:04:00,CNC-01,L,298.8726704917007,310.59613043181946,2692.2920671661545,15.70162377430205,45.120619949010674,3.228467153031308,7.884735639477317,52.70391113605141,0,2026-08-25 06:31:48
2024-01-10 15:02:00,CNC-03,H,298.7234396497436,314.2730020678461,1709.5252332535613,46.54200130212628,259.6921270115158,3.4593638377386475,14.571464504903728,56.762149639480555,0,2026-08-25 06:31:48
2024-01-10 06:01:00,CNC-02,M,296.24073283384126,309.9525691977411,1863.540175074146,36.90397850818963,23.95515653193835,2.5455830205180163,12.834747205651215,55.85225706669179,0,2026-08-25 06:31:48
2024-01-10 03:29:00,CNC-01,L,297.17074997263535,310.08029593077447,2479.4881319936135,22.277377249577587,68.63279165881671,3.0595634713963054,10.51415449721788,53.23657067972383,0,2026-08-25 06:31:48
2024-01-10 03:28:00,CNC-03,H,297.44267076257046,309.2550757062245,2652.4153270656266,16.758393981363454,5.818107658258072,3.234240367297282,8.40069155461173,56.02444115726227,0,2026-08-25 06:31:48
2024-01-10 12:10:00,CNC-01,L,296.82321683375363,311.63834076990275,1582.700625952546,48.7068964098696,139.52216457150664,2.527991598169817,14.533563686954851,57.70072936521601,0,2026-08-25 06:31:48
2024-01-10 11:33:00,CNC-01,L,296.8423377554661,310.8882969660588,1347.2677835072664,50.42111151698347,80.85470018346722,2.0284460745748425,12.779501867757212,52.875480427944254,0,2026-08-25 06:31:48
2024-01-10 13:28:00,CNC-02,M,296.57717555661696,312.51819520872704,1451.6300700082243,57.226439582121,240.74736282845618,3.200050732463,15.3820964916228,55.960180246372744,1,2026-08-25 06:31:48
2024-01-10 17:13:00,CNC-03,H,0.0,314.6517924805666,1980.6443571052632,39.4307640726687,181.63537786727213,3.03174807184123,,53.1758010421214,0,2026-08-25 06:31:48
2024-01-10 19:57:00,CNC-03,H,27.345522507617716,40.21587189512263,2463.431958057844,19.245113170022748,168.8646509581763,3.2728712754455556,9.064787169149964,55.39640569302808,0,2026-08-25 06:31:48
2024-01-10 06:06:00,CNC-02,M,296.06247172557386,310.226207981903,2018.9874127130518,35.66308968410852,30.682942868411132,2.515715687105281,13.39819625661537,55.65025410990854,0,2026-08-25 06:31:48
2024-01-10 03:22:00,CNC-01,L,297.41362465126065,310.2818761510334,2399.7109479652686,22.66316507856267,60.469334609693895,2.983082830804161,10.252179054895755,54.73269990249626,0,2026-08-25 06:31:48
2024-01-10 16:31:00,CNC-01,L,299.35665935479375,313.6066245044248,1904.0862142327678,39.303647838595424,87.60937184798445,2.625461519311543,14.243550277811613,54.08201929045609,0,2026-08-25 06:31:48
2024-01-10 22:58:00,CNC-01,L,299.331188017558,311.93594539503954,2755.165060023801,17.284841773260712,109.44441668955497,3.434773811314807,8.795982145784278,50.12190453891408,0,2026-08-25 06:31:48
2024-01-10 22:41:00,CNC-01,L,299.402625843581,311.1208561261694,2771.465154888344,13.960977048172502,91.30261434743765,3.2561305934274447,7.42446402983849,52.30447183581594,0,2026-08-25 06:31:48
2024-01-10 02:49:00,CNC-02,M,297.32413906720456,310.44071037225825,2528.319087504581,23.945240607030406,14.611871957774946,3.08599817896731,11.277237233947936,57.139578799408326,0,2026-08-25 06:31:48
2024-01-10 23:33:00,CNC-03,H,299.54687630429487,312.94223686578925,2711.29170722528,20.651372744690793,165.26274996627012,3.6185683881184394,10.48829433863959,52.91834719514667,0,2026-08-25 06:31:48
2024-01-10 17:24:00,CNC-02,M,298.82948999344757,313.11105514105805,1766.0964638197593,39.4712169164853,75.92739256860017,2.4101235586197225,12.942549785202269,55.869720757888494,0,2026-08-25 06:31:48
2024-01-10 08:18:00,CNC-03,H,295.85655644429437,310.52703028290574,1732.4766426142237,42.621593916632996,134.75382114248134,2.3985470332517362,14.016852919634932,59.85030574461543,0,2026-08-25 06:31:48
2024-01-10 19:41:00,CNC-01,L,300.29879314757113,313.2745859844241,2363.90495658741,23.069401086774636,104.67030221727116,3.108035292174453,10.356997162178528,51.327044345596626,0,2026-08-25 06:31:48
2024-01-10 13:02:00,CNC-01,L,297.14858112181946,309.9795209506206,1301.3734445590014,46.268133275367404,7.9084400708748985,1.9127107911666492,11.19818317406945,58.5820916445302,0,2026-08-25 06:31:48
2024-01-10 02:12:00,CNC-01,L,297.49783114862436,310.45384877851933,2586.3339606296868,19.371978010801023,182.93001607600354,3.650286517016271,9.473649617583463,56.541805907087095,0,2026-08-25 06:31:48
2024-01-10 04:51:50,CNC-02,M,296.5253336280099,310.41584319886,2114.6263616973374,28.850467548270096,161.6165708867387,3.0454118820248226,11.551897098852965,58.17436533998904,0,2026-08-25 06:31:48
2024-01-10 04:26:00,CNC-03,H,296.6678240966586,309.70927085624885,2356.1892617445114,24.361945448120977,74.88845394020235,2.9424369054233517,10.943458040057712,,0,2026-08-25 06:31:48
2024-01-10 19:27:00,CNC-01,L,299.9582708218891,313.13046305850963,2295.1345748528765,26.653778054681958,87.63768646508672,3.050737650518359,11.323336335346749,50.02444319743822,0,2026-08-25 06:31:48
2024-01-10 03:13:00,CNC-01,L,297.3232087379502,310.58493784819865,2546.9958129748657,22.52123487929208,50.0119900555234,3.0720981453739364,10.782161354692748,59.458125988650465,0,2026-08-25 06:31:48
2024-01-10 10:27:00,CNC-02,M,301.00042778756875,310.41042680171597,1352.7920466420453,57.28689866577761,203.15128533246784,2.622565439093041,14.726189678304284,46.42511515716596,1,2026-08-25 06:31:48
2024-01-10 23:51:00,CNC-01,L,298.7922968470997,311.3136338713306,2735.6362212998083,15.751281741041677,165.89704685363603,3.7059613632744703,7.900477649913846,55.393279387565265,0,2026-08-25 06:31:48
2024-01-10 01:17:00,CNC-03,H,304.1045669133165,310.3644109602703,2641.4745719817024,16.542350296694117,90.72243887966964,3.172611873028062,8.177040616162358,43.54198966436687,0,2026-08-25 06:31:48
2024-01-10 16:30:00,CNC-02,M,298.495962549156,312.7529689469144,1782.3795572293884,41.60315743230444,0.0,2.291973866222273,13.82185790342408,51.678547017612146,0,2026-08-25 06:31:48
2024-01-10 15:48:00,CNC-03,H,298.887030846336,,1494.7137839105017,46.40908099281699,59.83155664565154,2.1911878620194565,12.86382730342799,52.643956767571744,0,2026-08-25 06:31:48
2024-01-10 17:26:00,CNC-03,H,299.9858487814764,314.74226100161127,1917.4150464989762,39.04691577933751,199.50121700828183,3.0535836687758944,14.069807545619351,52.24718631030366,0,2026-08-25 06:31:48
2024-01-10 16:39:00,CNC-02,M,298.71588733087896,312.72278762665246,1828.932783290241,38.96571516184533,12.999397082525933,2.4538099096662886,13.429801892307342,53.27374881958579,0,2026-08-25 06:31:48
2024-01-10 05:02:00,CNC-03,H,296.2527961032147,310.18973068123313,2341.5001806098453,28.828332162159136,119.9650275113566,3.0212397493029677,12.478240395251023,65.01099084808409,0,2026-08-25 06:31:48
2024-01-10 22:26:00,CNC-01,L,299.39944117266674,312.01197137882633,2624.2002382962596,19.67150571759958,75.08216042202699,3.2438589365191377,9.795958471840477,52.96536057262626,0,2026-08-25 06:31:48
2024-01-10 00:24:00,CNC-03,H,298.5981342976937,310.5299393762794,2657.022054561986,16.820578534120003,33.86367545399498,3.1897215085883115,8.756825204677435,55.428327011901104,0,2026-08-25 06:31:48
2024-01-10 07:10:00,CNC-01,L,295.80277679188566,309.9142808326926,1793.7862280020356,36.93083622542928,113.49528970694902,2.553179851438922,12.152432141141826,58.92333356626,0,2026-08-25 06:31:48
2024-01-10 03:24:43,CNC-02,M,296.8283752941401,308.9469695671161,2436.2244795236097,19.248785098613794,57.07126414431024,3.062961650746978,8.838842613047333,58.457650876761264,0,2026-08-25 06:31:48
2024-01-10 18:22:00,CNC-01,L,299.55417545325275,313.41631604376545,2025.0107256433757,34.62797170716437,5.2963876025083305,2.628332498754239,13.025877592819825,52.723321404145224,0,2026-08-25 06:31:48
2024-01-10 01:44:00,CNC-02,M,297.85152158906044,311.3234577109379,2659.589081500862,21.461583912994303,167.3628362969201,3.6527983860057667,10.574272303185676,57.62317943743654,0,2026-08-25 06:31:48
2024-01-10 23:18:00,CNC-02,M,298.5277023445501,310.94639006396005,2673.847379720561,17.72192673795935,34.10505877499608,3.3577991837435444,8.785874349777037,55.04229375604751,0,2026-08-25 06:31:48
2024-01-10 12:11:00,CNC-01,L,297.03057764674907,311.653176049233,1436.3374695463517,50.60493799349302,141.08977183356492,2.355326732899898,13.514833954715366,62.286203483699076,0,2026-08-25 06:31:48
2024-01-10 00:39:00,CNC-03,H,298.4567898262825,310.3895658877453,2645.6739194984702,16.431789273757527,49.897712540560136,3.177736645030522,8.08543256897406,56.0735318144882,0,2026-08-25 06:31:48
2024-01-10 21:28:00,CNC-01,L,299.7787249117632,312.62635550612765,2522.31867202707,21.781284128970984,11.191154790076077,3.105177794996956,10.117758880182963,46.84516699928268,0,2026-08-25 06:31:48
2024-01-10 23:42:00,CNC-02,M,298.17953920896,310.6231172623115,2853.4912075819534,15.046665846610358,59.68874471314361,3.4306712398168737,7.951797359493037,55.753442021798925,0,2026-08-25 06:31:48
2024-01-10 02:14:00,CNC-02,M,297.8777074589884,,2637.6993225497445,20.664788279742947,199.9954565429298,3.810111487480052,10.178464436122235,58.53196313964172,0,2026-08-25 06:31:48
2024-01-10 20:08:00,CNC-02,M,25.96501011762757,38.63882321218375,2393.387318906668,21.398935385238474,37.18547322688307,2.906473480954839,9.68930944538574,55.01230197826838,0,2026-08-25 06:31:48
2024-01-10 09:16:00,CNC-03,H,296.05036226208557,311.2363416880003,1508.9302988005245,52.36235293445632,222.08383431314482,2.858099223331002,14.56343928879475,61.398712101969174,0,2026-08-25 06:31:48
2024-01-10 10:18:00,CNC-02,M,295.87199702286824,310.7803963319859,1507.6991932958167,49.47319509889923,188.8489163856332,2.6164301496108116,13.614043122212543,56.530772157324414,0,2026-08-25 06:31:48
2024-01-10 18:53:00,CNC-02,M,298.83420935839104,313.1527051174779,2201.285145076929,29.12741882654403,192.9716280606022,3.369316676854124,11.867036053182899,52.47801381522765,0,2026-08-25 06:31:48
2024-01-10 00:31:00,CNC-03,H,298.75066696498976,310.2115650123145,2653.3971983448027,13.701142614323162,41.251474215321586,3.193811886807571,6.477290070792033,51.94250350708133,0,2026-08-25 06:31:48
2024-01-10 22:13:00,CNC-03,H,300.1400629911474,312.01973744343513,2674.9437383707555,15.461186577537479,79.18991282507194,3.2111711003306738,7.811709889966834,53.11451519071919,0,2026-08-25 06:31:48
2024-01-10 01:24:00,CNC-01,L,298.30101409347844,311.17551515941943,2576.5856156660943,20.22451087782088,130.41902811266584,3.255395343581993,9.923974074195373,55.99133521375111,0,2026-08-25 06:31:48
2024-01-10 03:12:00,CNC-01,L,297.32658497353856,310.203270367191,2424.843708574466,23.21681578393519,48.882542033169905,2.986705267574408,10.540659263763109,55.230961470793204,0,2026-08-25 06:31:48
2024-01-10 15:00:00,CNC-03,H,298.94646108129757,314.33254676133043,1550.7324594001911,50.04106729609455,256.7099209906486,3.327759289096485,14.625070430973025,49.56894789948178,0,2026-08-25 06:31:48
2024-01-10 14:57:51,CNC-01,L,297.86268286443675,312.706048965835,1514.9417227937492,48.504775233652204,188.85225005360132,2.8262700663599047,13.729629322530494,53.003926550112304,0,2026-08-25 06:31:48
2024-01-10 05:51:00,CNC-01,L,296.4039794320894,309.55522901963144,1854.2119020854739,33.31926332572628,5.3023772725079725,2.495919169371542,11.615950345976026,56.91381576534147,0,2026-08-25 06:31:48
2024-01-10 21:02:00,CNC-02,M,26.04218857195309,39.39225681529507,2469.05418769361,22.90980024822933,100.09900185772787,3.1826562933171743,10.517518376264311,49.15369712141429,0,2026-08-25 06:31:48
2024-01-10 11:11:00,CNC-03,H,296.6734794900593,311.6613419329747,1490.950723706905,52.25486113037235,170.56190504558572,2.530751451376873,14.665666263914172,55.90999814285791,0,2026-08-25 06:31:48
2024-01-10 11:16:00,CNC-02,M,301.3928820653041,309.13775569727807,1336.3367058375331,49.24396672637198,31.63444413085091,2.071803519524866,12.06441277106952,52.66646322493685,1,2026-08-25 06:31:48
2024-01-10 11:18:00,CNC-02,M,301.6713317093799,309.2718702475645,1267.2655966156158,50.53193512254822,34.82894858951152,1.8934426181460775,11.999197090905058,53.14305595805574,1,2026-08-25 06:31:48
2024-01-10 04:14:00,CNC-03,H,296.69567736826906,310.24150534943016,2206.1835122781567,28.978611760760256,60.28917091244981,2.838560511143373,11.992024991396786,56.03882464399472,0,2026-08-25 06:31:48
2024-01-10 15:15:00,CNC-02,M,297.72621163771987,312.54944752141165,1479.9374536432106,50.76272084480045,148.3194617694665,2.458407237346009,13.83673207385665,57.366548850292325,0,2026-08-25 06:31:48
2024-01-10 19:39:31,CNC-01,L,299.716894033792,312.72491506588926,2268.183523013019,25.01440383366208,102.29471376237626,2.942687946116523,10.608668785748614,49.932925281972516,0,2026-08-25 06:31:48
2024-01-10 15:28:00,CNC-01,L,298.55170205360065,314.23195747023277,1489.3128327469908,54.6179506200355,234.2018649817731,3.477442026899384,15.286717820593953,54.565100697718755,1,2026-08-25 06:31:48
2024-01-10 15:50:00,CNC-02,M,298.38095527752273,313.60635754787745,1564.0511184367647,47.221560485035276,200.6276725015176,2.828480124182273,13.863235605471608,55.96069054160545,0,2026-08-25 06:31:48
2024-01-10 00:19:00,CNC-03,H,299.0982902410643,310.866384292524,2669.0686173608633,15.015456059909367,28.49934550732897,3.1594375483036528,7.5619963402267425,54.81523164394761,0,2026-08-25 06:31:48
2024-01-10 15:32:00,CNC-02,M,297.91168714518545,312.9620456301947,1611.6849410073912,44.85572662703507,173.90686297868766,2.648831076213207,13.556121023907668,58.445130794292446,0,2026-08-25 06:31:48
2024-01-10 19:48:00,CNC-01,L,300.17717117484466,313.7659402194175,2223.660005275645,28.663786726153248,113.25801016227419,2.908278812597807,11.913906352793193,51.097832908407604,0,2026-08-25 06:31:48
2024-01-10 15:15:00,CNC-03,H,298.96305575368694,312.7541396948918,1597.801076834553,44.08258194934533,10.582139032543267,2.2854728565159506,13.278517060040944,56.63665400974399,0,2026-08-25 06:31:48
2024-01-10 15:22:00,CNC-02,M,297.7867601877803,312.72346165100794,1695.6006646638295,46.158649132917056,158.89920545174277,2.6510158503257855,15.053925424749709,58.92850342997404,0,2026-08-25 06:31:48
2024-01-10 01:05:00,CNC-03,H,304.09947043959863,310.1631339262442,2714.027843777667,16.0126868820349,77.77752350886973,3.326493537719745,8.112853151056381,45.60576234261197,0,2026-08-25 06:31:48
2024-01-10 02:41:00,CNC-02,M,297.43119018200315,309.35887739808413,2623.0172236820335,16.560476079322616,5.540725158025264,3.1627676702287357,8.070989955591921,53.37179190760933,0,2026-08-25 06:31:48
2024-01-10 11:47:00,CNC-02,M,301.5908636569188,309.9578257090304,1305.4881191094305,55.28792136769401,80.67606561928501,1.9690999981133266,13.350480726297228,45.686624154511065,1,2026-08-25 06:31:48
2024-01-10 04:37:00,CNC-03,H,296.5388394599726,309.8317248162333,2114.704476576494,27.865954993307867,88.58041980371326,2.6684181887580287,11.068860027952807,52.6796118330045,0,2026-08-25 06:31:48
2024-01-10 04:40:00,CNC-02,M,296.3302418421676,310.5646951965418,2103.255536100774,31.36885307400642,145.49999017012425,2.924162674814279,12.310440760210788,58.74213308756416,0,2026-08-25 06:31:48
2024-01-10 00:30:00,CNC-02,M,298.87017682473333,311.41545248073294,2696.249653675025,18.08935181502508,87.98603505523899,3.2415652508505697,9.241200653046098,52.46702762887455,0,2026-08-25 06:31:48
2024-01-10 17:32:00,CNC-03,H,299.92189502200284,314.4407904527079,1982.2907634014641,34.85775460168354,207.75937881258142,3.1895127945239836,12.967096407096909,48.56769856609829,0,2026-08-25 06:31:48
2024-01-10 14:35:00,CNC-01,L,303.5071784515319,312.4336462737766,1430.0316104103197,53.189002742247524,153.36185211095247,2.3535979144824433,14.195433148860465,40.78904256224582,0,2026-08-25 06:31:48
2024-01-10 13:16:00,CNC-01,L,297.38993124048284,311.1788584638338,1309.711447557348,51.90249470838996,29.969280025955182,1.97376078212854,,56.9410985478941,0,2026-08-25 06:31:48
2024-01-10 10:21:00,CNC-01,L,296.47748422360957,311.7196037876275,1448.5545484306058,55.04696626380549,189.9888554278128,2.8229616769183954,14.94612410293726,57.26771258817624,0,2026-08-25 06:31:48
2024-01-10 17:17:00,CNC-02,M,299.0812383846174,312.84430302878275,1814.4767691766683,35.93176542248922,66.2570885377627,2.3074915701093603,12.488257751823367,52.52120907469944,0,2026-08-25 06:31:48
2024-01-10 08:34:00,CNC-02,M,295.739636106453,309.9720505105255,1562.3413436639348,47.1072306877917,28.322523054145545,2.2625389303446255,13.648016448901588,56.9971047527526,0,2026-08-25 06:31:48
2024-01-10 21:50:00,CNC-02,M,298.5840358423298,311.9949036975417,2753.9827430471414,19.46999933653357,153.76139700895678,34.64764986440625,9.934163994512478,52.49641142618307,0,2026-08-25 06:31:48
2024-01-10 23:13:00,CNC-01,L,299.2717400590384,311.50992319236394,2639.097301834607,15.729193003823914,125.5343837588977,3.292354976645338,7.963022782417812,53.82025695975653,0,2026-08-25 06:31:48
2024-01-10 04:00:00,CNC-03,H,297.08534328947724,310.3892113797096,2398.4972218025314,25.83019253727705,43.484741272370776,2.9505931389293885,11.488719527895258,57.85380348363913,0,2026-08-25 06:31:48
2024-01-10 06:20:00,CNC-01,L,296.3055066703235,309.9970042417352,1951.0887222716096,34.64673321159177,44.03571515782206,2.4979938191038156,12.29519353283339,58.38402745437673,0,2026-08-25 06:31:48
2024-01-10 14:14:00,CNC-03,H,298.24235190102377,312.7541243585154,1340.9600891562095,51.02439049841673,185.97159436423698,2.412751870069299,12.86172201471669,57.14256689593906,0,2026-08-25 06:31:48
2024-01-10 15:05:00,CNC-01,L,297.9146788142758,312.80020903678303,1559.54840914007,46.92226641198886,199.47179571020044,2.947489025347142,13.757896502456292,0.0,0,2026-08-25 06:31:48
2024-01-10 16:05:00,CNC-02,M,297.944299572044,313.4556492407978,1796.7724693159246,44.44640304667577,222.47520276834337,3.2803412959165783,15.07819103029621,54.47358995315682,0,2026-08-25 06:31:48
2024-01-10 20:14:00,CNC-03,H,26.98258438343896,40.45221776805221,2308.8617876386097,24.92439435792681,189.08877191503692,3.3319013895809593,10.927635751553078,50.631023823220616,0,2026-08-25 06:31:48
2024-01-10 20:50:00,CNC-03,H,26.853739440593586,40.568514191687484,2384.5778285995084,24.472484451850388,231.17142805227905,3.6928993724020693,10.975348394949716,50.97594836467644,0,2026-08-25 06:31:48
2024-01-10 17:23:00,CNC-02,M,298.63793566949687,313.1884897917507,1865.8905636369877,39.33452792699435,74.50664991165661,2.6461578729488853,14.075080517575515,48.846871812897746,0,2026-08-25 06:31:48
2024-01-10 01:25:00,CNC-03,H,303.7373815335987,310.08715817365544,2651.555178107539,17.70323276417753,99.3837809256121,32.140545518677726,8.78621007583267,43.49405623161355,0,2026-08-25 06:31:48
2024-01-10 20:59:00,CNC-01,L,,40.56377442169833,2363.679715856675,26.865614649217306,196.3303470678619,3.6290654309312753,11.857876457073564,49.4238260835759,0,2026-08-25 06:31:48
2024-01-10 19:29:00,CNC-03,H,300.17151783370036,314.1273056531495,2291.246296546883,28.88638025090274,135.24350745460887,3.025769250639672,12.570349444578525,50.433078568902694,0,2026-08-25 06:31:48
2024-01-10 22:43:00,CNC-03,H,299.7074089166501,311.67557462975657,2635.6477943908326,15.304905770250562,111.63816568479402,3.214628253226103,7.14042199765983,52.017683482628186,0,2026-08-25 06:31:48
2024-01-10 22:31:00,CNC-01,L,299.6907805260149,310.6977191308099,2734.289411292368,10.975950587414996,80.46118617782024,3.3054298556421653,5.5057520673757105,53.45264494418211,1,2026-08-25 06:31:48
2024-01-10 01:50:00,CNC-03,H,298.34199416276095,310.10399199010766,2582.1133825585357,14.154694372492882,126.28883302236052,3.1915401926531826,6.90959347138841,54.80102221961075,0,2026-08-25 06:31:48
2024-01-10 19:11:00,CNC-03,H,300.38212055520063,314.0466361293475,2341.2089662180733,27.64041189576306,112.76842300501983,3.0936077370231434,12.143985414619152,53.23905315997703,0,2026-08-25 06:31:48
2024-01-10 23:49:00,CNC-01,L,298.9272686171214,311.4442837264418,2757.5403558807607,15.605168310764688,163.74580138936145,3.6807969930471387,8.137229299199372,55.31839427770637,0,2026-08-25 06:31:48
2024-01-10 13:14:00,CNC-02,M,296.521741235908,311.53594218658964,1407.9740058088275,50.80476898773864,218.7459661649882,2.870731052138735,13.280029143699435,58.281393419614815,0,2026-08-25 06:31:48
2024-01-10 00:15:00,CNC-01,L,299.11108294065616,310.81607352288063,2629.4668574666084,15.421752822465761,56.65524135827988,3.256803849415463,7.690230871775715,,0,2026-08-25 06:31:48
2024-01-10 14:27:00,CNC-03,H,298.8501577067989,313.6744849326035,1543.6288169909146,48.29573733228013,206.1597264939914,2.689107435837575,14.294723462171588,52.00744361645496,0,2026-08-25 06:31:48
2024-01-10 21:22:00,CNC-01,L,26.855156596483937,888.4168531084113,2601.0396275604003,18.2290092880021,4.554395445606281,3.067947752982624,8.960135390959206,45.80719890465926,0,2026-08-25 06:31:48
2024-01-10 23:32:00,CNC-03,H,299.63906184534386,313.58204925653024,2680.162194205719,24.09814421435528,164.19081145771992,3.552970983787881,12.103620447353942,52.60978580129036,0,2026-08-25 06:31:48
2024-01-10 19:21:00,CNC-01,L,299.91826756788083,313.24345952524396,2251.881159337208,25.044155410713266,80.15480668018223,2.799068765159401,10.573671361418922,56.824753187460544,0,2026-08-25 06:31:48
2024-01-10 10:43:00,CNC-02,M,301.0376043512835,309.98394593534465,1297.0708523488413,57.10385581433968,228.38238980202527,2.8977388065404615,13.941741980432397,49.02871121836522,1,2026-08-25 06:31:48
2024-01-10 13:02:00,CNC-02,M,296.3575132545917,311.2858512541727,1402.1057713400448,51.46447092693929,199.73901643667344,2.539292859016028,13.325404772502935,60.463971834418764,0,2026-08-25 06:31:48
2024-01-10 17:25:00,CNC-01,L,299.46502966317956,313.8885300296439,2012.9404069751185,34.61551303998949,163.070373264589,2.9521465319263704,13.118428028127155,50.76864957541218,0,2026-08-25 06:31:48
2024-01-10 13:26:00,CNC-01,L,297.0036282457626,311.46247675748947,1572.3949954553987,51.069918676438434,45.791031152304946,2.210847480685231,15.089563115156245,57.40804548575005,0,2026-08-25 06:31:48
2024-01-10 13:53:00,CNC-01,L,302.5199879130969,310.54123737567414,1475.5738127108666,47.51979723683922,88.20216788045617,2.1792214504330496,13.267643298528837,45.60370405947163,0,2026-08-25 06:31:48
2024-01-10 10:22:00,CNC-02,M,295.6586704410265,311.0023069765491,1482.342357122915,52.59021504063248,195.16422874600156,2.6847763600328687,14.706318521342455,57.93183812506326,0,2026-08-25 06:31:48
2024-01-10 11:39:00,CNC-02,M,301.56848152984037,309.6024002117601,1362.5590197491258,49.98839823030702,67.99887760024122,2.120050330701164,12.941325594360553,49.39048369475906,1,2026-08-25 06:31:48
2024-01-10 22:36:00,CNC-03,H,299.60886856249505,311.89019418724786,2714.5558110377056,16.1241806622158,104.07592989567141,3.331085412025771,8.125254324075788,52.69949602117686,0,2026-08-25 06:31:48
2024-01-10 10:49:00,CNC-01,L,296.5485790391943,310.1679225636295,1448.268144777341,47.73445159801415,11.175683525561917,2.092186934486469,12.990381611917732,56.796560929953756,0,2026-08-25 06:31:48
2024-01-10 09:27:00,CNC-01,L,296.3837682879317,310.6513861193256,1448.85230968427,48.82384447891132,106.08436633565677,2.185386774987885,13.342082500408047,59.901820011239565,0,2026-08-25 06:31:48
2024-01-10 14:46:00,CNC-01,L,297.8450911537124,312.7674396950663,1421.5766614987942,51.77391087433604,170.42777133576504,2.59435093207108,13.674880215978314,53.43069872069588,0,2026-08-25 06:31:48
2024-01-10 19:43:00,CNC-03,H,300.529884861446,314.3195415319396,2330.0581075432265,26.937468493698606,152.1527649032032,3.072401076495603,11.54048539792576,53.586481321880676,0,2026-08-25 06:31:48
2024-01-10 20:25:00,CNC-01,L,26.72277672907461,40.41608809015446,2356.2146584117845,25.58559969105154,157.16582657065064,3.313923609070243,11.199843635593815,52.833983261565706,0,2026-08-25 06:31:48
2024-01-10 14:48:00,CNC-03,H,298.7116524723498,313.7386098934449,1504.4214885582276,48.89759206782955,238.5453136751834,3.0266362408136387,13.632729668673887,55.330697250196486,0,2026-08-25 06:31:48
2024-01-10 13:38:00,CNC-03,H,298.13969117101357,312.61370590857626,1462.2648421077774,48.322780741092416,129.8375079537285,2.2210261436427694,13.219344574916462,56.67449618833358,0,2026-08-25 06:31:48
2024-01-10 22:06:00,CNC-02,M,298.4385475961034,312.07982183960127,2403.474606481344,,171.4030975166808,3.371302053994159,10.457495649599963,56.428828268005866,0,2026-08-25 06:31:48
2024-01-10 18:31:00,CNC-02,M,299.0112024274962,313.7958582336211,2071.029537837794,34.62826895358358,165.14792988834742,3.0153425188959417,13.350809183183353,51.90642644472032,0,2026-08-25 06:31:48
2024-01-10 06:43:00,CNC-03,H,295.5432108769116,310.748652344364,1857.1426188368237,40.00937335103075,253.22538446828656,3.5184666261479762,13.85468065806333,61.42723445075574,0,2026-08-25 06:31:48
2024-01-10 20:38:00,CNC-03,H,26.98736342661533,41.34375097993046,2421.2864130603307,27.83294876017563,217.36218789148978,3.655482737103902,12.765922790738696,53.046658269646414,0,2026-08-25 06:31:48
2024-01-10 23:39:00,CNC-02,M,2781.763680062784,310.00579948153234,2531.881397173781,16.39527473360259,56.49623179204151,3.1231127924767197,7.5779082595773675,56.62247351375355,0,2026-08-25 06:31:48
2024-01-10 06:16:00,CNC-03,H,296.07029907317946,310.85488599650387,1969.9658141392138,37.87736324082239,216.58051387521087,3.1436008021810733,13.76835305415464,62.92223201916542,0,2026-08-25 06:31:48
2024-01-10 11:22:00,CNC-02,M,301.3759967821254,308.927587283478,1422.6862591458785,45.42008849358325,41.0562163142858,2.0195577938681075,11.953236343700487,48.49625331625578,0,2026-08-25 06:31:48
2024-01-10 23:07:00,CNC-03,H,299.48228222342635,312.8093059574821,2513.0582309219367,22.50053135107353,137.7232425008721,3.294447083604321,10.484036913023283,52.97349179807818,0,2026-08-25 06:31:48
2024-01-10 23:51:00,CNC-02,M,298.14255485491077,310.99764773760836,2603.1768173905834,19.158712732744295,69.32098713882934,3.165784792110942,9.377594498354343,56.13916869754564,0,2026-08-25 06:31:48
2024-01-10 14:10:00,CNC-02,M,297.15405099720937,311.3426762154777,1444.0040426727141,48.78514143264336,48.4918815736131,2.143879314413784,13.345912623631556,54.83666209174596,0,2026-08-25 06:31:48
2024-01-10 13:04:00,CNC-02,M,296.2170594329493,311.542844139845,1468.4436203601429,53.5850369023717,202.8648843582024,2.6963953987342184,14.664784344181776,63.35802000760927,0,2026-08-25 06:31:48
2024-01-10 03:06:00,CNC-03,H,297.36376990485854,310.7992796580595,2652.49151523513,21.319933777007368,211.12623948252514,3.727196923309301,10.690483750806175,58.00288549289468,0,2026-08-25 06:31:48
2024-01-10 16:02:00,CNC-01,L,298.82283428699105,312.4494324600472,1557.7542557795161,45.117065505077925,45.8807066342435,2.184255198772888,12.927344499489488,49.233452585055666,0,2026-08-25 06:31:48
2024-01-10 18:19:00,CNC-02,M,298.8900361685049,312.6205320927513,2111.3240004592462,29.250265697595253,149.42606795882304,3.018387680536122,11.56123254670707,55.48083473069915,0,2026-08-25 06:31:48
2024-01-10 21:47:00,CNC-03,H,300.19280739795914,312.59604848752656,2634.997178103242,17.767331392665206,50.76004954654079,3.190593769268159,8.830684380048972,52.095991622577664,0,2026-08-25 06:31:48
2024-01-10 20:22:00,CNC-03,H,27.105788556410346,41.090158580267826,2328.298174640644,26.294647443131655,198.65162831734477,3.329353524251351,11.41390930841628,51.54708114523232,0,2026-08-25 06:31:48
2024-01-10 11:37:00,CNC-01,L,296.7266984964383,310.4478123797066,1339.5461837915525,50.62030486875397,87.21176299202814,2.216266560795702,12.62267973506815,58.89397593806882,0,2026-08-25 06:31:48
2024-01-10 08:38:00,CNC-01,L,296.2872687295289,309.90476103384015,1650.7151179883904,40.4992297887282,31.19005803827479,2.3038324308142144,12.467236255063794,56.82374248690018,0,2026-08-25 06:31:48
2024-01-10 20:29:00,CNC-02,M,25.91231925163305,38.56961543301054,2370.2845494475264,21.731896270834834,61.87647979705862,2.870865998844522,9.668916378813577,53.54843731583071,0,2026-08-25 06:31:48
2024-01-10 08:57:00,CNC-01,L,296.16432740342,309.85591273766636,1499.8546275260358,44.05624563214161,59.830104035899865,2.1556491247630243,12.310149444012538,57.33774144035,0,2026-08-25 06:31:48
2024-01-10 10:17:00,CNC-02,M,295.58906092384296,310.52234863202943,1453.0922228031804,51.24278640278891,187.3231645486987,2.5838340623661296,13.98099538410329,,0,2026-08-25 06:31:48
2024-01-10 18:38:00,CNC-01,L,299.8980738724434,312.6885488708,2000.8021619925205,27.704077417015334,26.147451928099965,2.5666982970789465,10.373711187996898,52.68800443647756,0,2026-08-25 06:31:48
2024-01-10 21:37:00,CNC-03,H,300.2114908407234,311.8990393918986,2613.55696128437,,39.54241259918281,3.1376718565112767,7.639687150839052,52.508618134453314,0,2026-08-25 06:31:48
2024-01-10 16:09:00,CNC-03,H,299.1191184250331,313.5157551344218,1762.069881161733,41.96065191990248,90.47744054433691,2.361982060319818,13.697924129549543,53.09258663481905,0,2026-08-25 06:31:48
2024-01-10 01:07:00,CNC-01,L,298.30988680087006,310.5658692918469,2744.7805746362524,15.769105308312607,112.20374156563744,3.448156911980148,8.225521568854747,55.39878773789059,0,2026-08-25 06:31:48
2024-01-10 04:29:00,CNC-01,L,296.6331344389209,310.2075574401887,2357.3892197378013,26.216029078328734,140.10331977599427,3.135794031888992,11.841214971138607,58.52995955926502,0,2026-08-25 06:31:48
2024-01-10 13:46:00,CNC-01,L,302.78606166560394,311.0607745109836,1413.2554173001972,50.53708195633403,77.22711757259013,2.1823452683494957,13.270236661579082,43.254853734137996,0,2026-08-25 06:31:48
2024-01-10 22:04:00,CNC-02,M,298.8068731105365,310.71294565114925,2694.454968704973,11.631843971232556,169.1471042664292,3.5709883722329776,5.722910496826685,52.19628450070952,1,2026-08-25 06:31:48
2024-01-10 14:14:00,CNC-01,L,303.17288368761774,311.95889000188686,1489.9486494096648,51.39549031957299,120.89267193955493,2.3578551060524213,14.44728171824218,50.75795150453294,0,2026-08-25 06:31:48
2024-01-10 13:32:00,CNC-01,L,302.7679258748749,310.84429740374134,1470.9795802730318,49.128111591945064,55.24122890833941,2.0881946266557745,13.729061135373108,45.25731035644965,0,2026-08-25 06:31:48
2024-01-10 03:10:00,CNC-03,H,297.2871929280005,311.533129497996,2500.6418728389444,26.66620154499471,215.808693630951,3.7305568631972026,12.331435596298753,60.47407097498011,0,2026-08-25 06:31:48
2024-01-10 02:22:00,CNC-02,M,297.6491823372266,310.7773407853043,2667.631319257726,19.602523498075026,208.9240366998293,3.9110559902288276,9.993732073765207,57.60000660134764,0,2026-08-25 06:31:48
2024-01-10 17:18:00,CNC-03,H,299.9460911483494,315.0058638116411,1872.2739415851738,42.11437760308068,188.59536157669135,2.8935829239222075,14.789596454988695,53.41318921986014,0,2026-08-25 06:31:48
2024-01-10 21:38:00,CNC-03,H,300.3275524308079,313.08302577925355,2468.4897850700263,22.421985872030724,40.6989223891395,3.0676128369565236,10.358067271166892,49.49053483700561,0,2026-08-25 06:31:48
2024-01-10 03:06:00,CNC-01,L,297.47650160921825,309.445507262053,2547.464951755891,15.78841610475351,41.95893159761025,3.1539597183564396,7.8140212140853915,57.41130789624947,0,2026-08-25 06:31:48
2024-01-10 06:02:00,CNC-03,H,296.0993957134855,311.52560333538923,1963.55138517481,41.7105347302534,197.6252537524111,3.0097027130321283,15.490609259357482,58.49363917378656,0,2026-08-25 06:31:48
2024-01-10 22:03:00,CNC-02,M,298.339471199964,312.13804530613595,2619.875202087364,22.258153201651087,168.0822139912031,34.29298748675221,10.924859390568706,56.65246510978756,0,2026-08-25 06:31:48
2024-01-10 22:22:00,CNC-01,L,299.74419414519605,311.7135708885344,2663.193357124711,15.854224356006558,70.65776166943766,3.2517225867556996,7.95009324048342,51.56848957709175,0,2026-08-25 06:31:48
2024-01-10 19:50:00,CNC-01,L,26.706429965963366,40.40452377812352,2315.57419985108,28.30007756386462,115.68017084721103,30.509287668343955,12.247996608637157,50.586925322471245,0,2026-08-25 06:31:48
2024-01-10 06:33:29,CNC-01,L,296.03623279633905,309.1704864206417,2135.2547476187306,28.436298018321214,63.04705950288678,2.843356464658868,11.239627078212829,58.74076093623879,0,2026-08-25 06:31:48
2024-01-10 09:15:00,CNC-03,H,296.25048556763556,311.4290190804674,1566.382967636276,49.71153092854897,220.52173217776001,2.919124996557464,14.933043759861913,59.18118747307556,0,2026-08-25 06:31:48
2024-01-10 03:12:00,CNC-02,M,297.0366841577422,309.26716118049654,2404.4808976644013,19.129026405983637,40.81310736061629,2.924290400368627,8.667850812625701,,0,2026-08-25 06:31:48
2024-01-10 09:17:00,CNC-01,L,296.01677573200146,310.17390183493075,1436.2670291695852,49.28732641672178,90.50835970845604,2.150886916284153,13.105560729286431,58.69381525163462,0,2026-08-25 06:31:48
2024-01-10 06:06:00,CNC-01,L,295.96000333928447,309.45493434109227,1945.335667165458,31.993918508336517,25.358714952042018,2.5008853038323102,11.550908101416061,59.98302507039571,0,2026-08-25 06:31:48
2024-01-10 13:36:00,CNC-02,M,296.2814787605221,311.3307677072771,1412.8999100012823,49.92625518161549,253.33436015393482,3.3192281240343027,13.151159486654024,57.42975374585604,1,2026-08-25 06:31:48
2024-01-10 07:06:00,CNC-02,M,295.5115310090977,310.0346779955271,1656.6353528966035,45.481867376425,113.0263278295466,2.4252452080112326,14.005332287973179,55.27332742343923,0,2026-08-25 06:31:48
2024-01-10 10:29:00,CNC-01,L,296.4636870577461,311.5320138243787,1395.2749136836662,55.89325044564334,202.492750387363,2.920927089482457,14.520072806100984,60.05713965871912,1,2026-08-25 06:31:48
2024-01-10 16:16:00,CNC-01,L,298.8520044183395,312.647509800866,1776.3320792660693,39.48657928443731,66.13734802386524,2.392227023842826,13.546726487361513,54.88808153566402,0,2026-08-25 06:31:48
2024-01-10 15:03:00,CNC-03,H,298.7731359984348,313.70427002593556,1712.966705556448,43.86256852624886,261.1559191459348,34.09985316437166,13.582084423244424,50.688109316531694,0,2026-08-25 06:31:48
2024-01-10 01:10:00,CNC-03,H,303.5526913871787,310.19857738190774,2727.760829755399,17.185722541892105,83.21580004046709,3.2446243637649315,8.784604757263638,42.71668600845202,0,2026-08-25 06:31:48
2024-01-10 06:33:00,CNC-01,L,296.05466560154383,310.25941158733764,1907.2374058953767,37.507975822245925,61.74266612716288,2.5840506534729197,13.39641307150375,59.4898980505034,0,2026-08-25 06:31:48
2024-01-10 19:42:00,CNC-02,M,299.1894536013105,312.3573667955935,2322.255683666571,26.02996855340686,,2.855110828325539,11.446826815740083,51.646096507071974,0,2026-08-25 06:31:48
2024-01-10 00:47:00,CNC-02,M,298.4463398314489,310.217561534432,2648.567864335948,14.191776294557803,106.1908381490613,3.2774182123879863,6.827387668359228,54.97127840778905,0,2026-08-25 06:31:48
2024-01-10 13:53:00,CNC-03,H,298.5095483311694,313.29018404445907,1353.018881626849,56.153745651061634,153.4951246033513,2.2900592210059836,14.12099152858977,53.94019362394064,0,2026-08-25 06:31:48
2024-01-10 20:11:00,CNC-01,L,27.091774891436614,40.76508942734432,2362.406926241634,26.043934648861544,140.64923525805452,2.9851599093930528,11.403666540921389,52.581328036935716,0,2026-08-25 06:31:48
2024-01-10 12:10:00,CNC-03,H,297.4205458593833,313.3907403492511,1452.7538178794089,58.089529216559455,264.3598777602127,3.363659669045797,15.990234165022844,53.036131355693456,1,2026-08-25 06:31:48
2024-01-10 23:48:00,CNC-03,H,299.12887854090013,312.39360400305446,2692.3797497249207,19.904881817183977,181.15401411256497,3.619632379020173,9.953423387996528,57.31659646392262,0,2026-08-25 06:31:48
2024-01-10 23:22:00,CNC-02,M,,310.26406735354294,2551.963741249966,17.03538277078901,38.43243850630866,30.349549779531056,8.235356111655799,54.45109780508924,0,2026-08-25 06:31:48
2024-01-10 07:11:00,CNC-03,H,295.874753432296,309.5740476888467,1729.495854984189,39.33659001944559,37.50976106070457,23.85809088544969,12.82394328986865,62.419608988493216,0,2026-08-25 06:31:48
2024-01-10 17:22:00,CNC-01,L,299.61666411450574,314.0109814770279,1910.0017205061993,37.63539444385452,159.04891273577374,2.91939933343633,13.47596491604438,52.442580934463564,0,2026-08-25 06:31:48
2024-01-10 20:10:00,CNC-03,H,27.167994745106057,41.45264878113977,2417.5236682302952,27.19142365099413,184.37757016003061,3.3719053822184333,12.348589695144687,52.7222856020005,0,2026-08-25 06:31:48
2024-01-10 03:51:00,CNC-01,L,297.04617741608087,310.406905286872,2369.9420073172832,25.73998703055519,94.31782057019625,3.0215970849542724,11.54079476906715,62.002163888052486,0,2026-08-25 06:31:48
2024-01-10 10:16:00,CNC-02,M,295.7118756069133,310.9861356511471,1552.149598745536,51.753035564803014,185.72316454869872,2.6432320930802513,,58.4125335468449,0,2026-08-25 06:31:48
2024-01-10 22:20:00,CNC-01,L,299.6734550002018,312.41913164592273,2652.7668021938644,19.9009562978487,68.51990339260567,3.3469800933023888,9.891944544250226,48.73915362158104,0,2026-08-25 06:31:48
2024-01-10 05:44:00,CNC-02,M,296.2773727360896,310.67577475016,1988.1206819103477,38.053572100391335,1.3498023205695242,2.4798669782715934,14.305295457390855,55.38018532981731,0,2026-08-25 06:31:48
2024-01-10 13:03:00,CNC-03,H,297.7740075862499,311.76024861255297,1364.2216380167706,50.249077232719635,74.481536600358,1.8844837104774819,12.919982892156506,50.63776644641527,0,2026-08-25 06:31:48
2024-01-10 13:42:00,CNC-02,M,296.89100621394937,310.71790807972724,1429.0465665648235,47.14448714402068,4.764190709955429,2.181599622398053,12.67212170081947,58.26854918329541,0,2026-08-25 06:31:48
2024-01-10 23:46:00,CNC-03,H,299.4453949547985,312.5412123006812,2739.925346243592,19.303507393122647,179.04602144553414,3.625606935701925,9.858846949804496,50.05507636385911,0,2026-08-25 06:31:48
2024-01-10 02:51:34,CNC-02,M,297.4314303102244,310.9152676351306,2422.8585228205156,26.372641600680815,19.199991924865458,2.8939714970056505,11.831123566313492,,0,2026-08-25 06:31:48
2024-01-10 08:45:00,CNC-03,H,296.03268157322606,311.3488107722258,1618.7129994364388,49.31469018098876,175.19061157443105,2.5836665281834885,14.810536276673153,53.974440065849905,0,2026-08-25 06:31:48
2024-01-10 05:01:00,CNC-02,M,296.56640450452056,310.4800275663523,2171.046799162503,28.611721900329492,171.6692633307872,3.1223529953057048,11.789560202641338,56.8542383985451,0,2026-08-25 06:31:48
2024-01-10 02:26:00,CNC-02,M,297.59770596531666,310.51786825344556,2667.879422969868,17.978470949641615,213.33217016628655,4.062805063925828,9.085195141974573,57.9697366850855,0,2026-08-25 06:31:48
2024-01-10 11:01:00,CNC-01,L,296.6620156894062,310.2612102245791,1378.6102885245496,48.14630238698549,30.124579269533932,2.0987208594430173,12.41744499526479,64.22432749804227,0,2026-08-25 06:31:48
2024-01-10 22:47:00,CNC-02,M,298.24188093345117,309.38576683491937,2723.47056581638,11.13767057299288,1.0648480293512395,3.3447346435080623,5.423646733861125,56.77657025925412,1,2026-08-25 06:31:48
2024-01-10 23:30:00,CNC-03,H,299.45205394521474,312.62380683120557,2598.605394086137,20.38645211558354,162.02447011990023,3.402793681519713,9.828610958856464,54.46412798774557,0,2026-08-25 06:31:48
2024-01-10 14:26:00,CNC-03,H,298.15409179926246,313.75046166448624,1635.0309377860133,51.482310285264504,204.6364104973666,2.82715639240891,15.741740919388063,56.55997063287659,0,2026-08-25 06:31:48
2024-01-10 01:32:00,CNC-03,H,303.49704713390526,310.1666541379,2677.145858509529,17.734282093474636,106.82216381306728,3.3377348349265943,9.038506057788911,42.02357937734972,0,2026-08-25 06:31:48
2024-01-10 12:55:00,CNC-03,H,297.7417645812327,311.7336292177846,1379.8696272119807,50.62215105120976,61.7478264136472,2.0674669273833786,13.177965371868613,54.447442052322515,0,2026-08-25 06:31:48
2024-01-10 01:07:00,CNC-03,H,303.9211464718268,311.0014694194989,2431.5430006218335,23.128340186171755,80.00092205085903,3.0258366485292663,10.417558892370984,39.78792521239426,0,2026-08-25 06:31:48
2024-01-10 08:50:00,CNC-01,L,296.5251849404289,311.26358837230356,1609.026833754644,48.2532564414842,49.20557175333338,2.202511928029646,14.585932373892163,58.47179031713599,0,2026-08-25 06:31:48
2024-01-10 17:06:00,CNC-03,H,299.78854661701473,314.41541374204803,1963.868615283221,36.716085056573746,171.94729930780468,29.079527933036,13.270082627852545,55.13998676014357,0,2026-08-25 06:31:48
2024-01-10 19:10:54,CNC-01,L,299.9319013965065,313.8082274315647,2178.411623832812,29.95549717313792,69.08278991087352,27.515669231380837,12.1266492457228,50.08393939965575,0,2026-08-25 06:31:48
2024-01-10 02:07:00,CNC-02,M,297.8817002325263,311.15547892256234,2448.63223623063,21.734534659088716,192.36416025112806,3.6705079189599927,10.052226210478592,58.176533758688414,0,2026-08-25 06:31:48
2024-01-10 19:45:00,CNC-02,M,299.11204540489524,312.458082669405,2338.563641968628,25.28955224907117,9.743765104620987,2.8935284153517715,11.019995711977124,52.303450802290094,0,2026-08-25 06:31:48
2024-01-10 16:35:00,CNC-01,L,299.2673351249226,313.03255355181324,1910.7691100328475,35.854423491722045,93.27335797103262,2.653602355437745,12.768795506194706,49.69462046079629,0,2026-08-25 06:31:48
2024-01-10 14:33:17,CNC-01,L,303.27545233571385,311.8004915339832,1406.211162947198,51.66331287631643,150.31271852690688,2.3365670420843028,13.747445810034385,50.31435129463098,0,2026-08-25 06:31:48
2024-01-10 04:05:00,CNC-01,L,296.8738951345995,310.67393575326355,2298.4538565909206,27.438329568499185,111.08768044034863,3.1637506402500923,11.642735670452613,54.266432149291376,0,2026-08-25 06:31:48
2024-01-10 21:54:00,CNC-02,M,298.85098917703016,312.60286775247846,2554.28308591745,22.483791811702524,158.16343423142047,3.3538403537519454,10.758999140167377,54.958770297052084,0,2026-08-25 06:31:48
2024-01-10 20:52:36,CNC-02,M,25.886489110677473,38.76072357018148,2574.8809795655397,19.54348326213945,90.84732441662962,3.2925417292200465,9.332283890268522,52.978873969391834,0,2026-08-25 06:31:48
2024-01-10 19:07:00,CNC-03,H,300.1967621815048,314.0331255006184,2125.661178740919,31.181984428421522,107.85213203182552,2.8196746009562585,12.28555176799992,52.31550221322733,0,2026-08-25 06:31:48
2024-01-10 09:19:00,CNC-03,H,295.93272417066805,311.5067791008507,1569.363366436085,51.48930003422568,226.63324893529548,2.987444752737985,14.990313620873643,64.09691808222476,0,2026-08-25 06:31:48
2024-01-10 14:24:00,CNC-03,H,298.42800187651255,312.88257492220515,1459.7248473769225,49.421614112605056,201.51676757743925,27.2727859763651,13.312240852255682,53.63517120356417,0,2026-08-25 06:31:48
2024-01-10 03:52:10,CNC-02,M,296.5950748113044,310.0979114519245,2408.9136021345657,26.332030463376118,86.21319390621001,3.09894509341629,11.941646778595905,60.31278311644051,0,2026-08-25 06:31:48
2024-01-10 22:22:00,CNC-03,H,299.7875332144133,312.68905452721737,2500.082243481169,20.88267685217794,88.99643460701982,3.1307160242250855,9.811610805268012,51.218916066965505,0,2026-08-25 06:31:48
2024-01-10 15:38:00,CNC-02,M,297.7250373060734,312.48955811364436,1509.329397250193,47.30804492236783,182.82453591169485,2.620858879359126,13.209275724881598,49.656571362859886,0,2026-08-25 06:31:48
2024-01-10 20:46:00,CNC-03,H,26.799546872600388,41.145810274167104,2436.360524661469,27.35893178318842,226.60355507857696,3.779311193749012,12.567865455235635,51.27859690009052,0,2026-08-25 06:31:48
2024-01-10 11:02:00,CNC-02,M,301.1307033617978,309.22440576497195,1416.1232120663908,49.25270225863782,9.488853167182594,1.9567516279569037,12.917567820396178,49.06530532108148,0,2026-08-25 06:31:48
2024-01-10 05:46:00,CNC-01,L,296.25666409461934,311.66487889799515,2128.0297001783647,36.92160274271964,237.81645472601787,3.998937697580482,14.796636209658164,59.38938011025717,0,2026-08-25 06:31:48
2024-01-10 09:29:00,CNC-01,L,296.3761500890802,310.40076995578073,1499.7011666818378,45.7516464971694,109.11834582767173,2.2011917038326243,12.811511300793693,60.536728144542785,0,2026-08-25 06:31:48
2024-01-10 08:47:00,CNC-02,M,295.54666393376345,309.9989612644416,1571.453415267351,48.15584025344221,47.9753616255709,2.169061204483925,14.31212568343813,61.85592188934862,0,2026-08-25 06:31:48
2024-01-10 23:29:00,CNC-03,H,299.21622213242216,312.22191833796234,2655.2624530360195,19.758183263445893,160.94201292032054,3.4687490107997827,9.828930138129254,49.99816726931648,0,2026-08-25 06:31:48
2024-01-10 21:14:25,CNC-01,L,26.694663905737116,40.727173264958935,2574.0422850602527,24.312106663573612,214.72438133530983,4.038601217933484,11.708132429864483,47.826662468324635,0,2026-08-25 06:31:48
2024-01-10 03:31:00,CNC-03,H,297.1813638524918,309.61812325668126,2511.0874654380677,21.517307721292717,9.283614288615563,3.052270793973631,10.134414176793618,59.09173931668725,0,2026-08-25 06:31:48
2024-01-10 08:58:00,CNC-02,M,295.7948946158682,310.1955316173005,1632.658387675491,45.8665326326165,64.76062013116899,2.3349925156874183,14.20421429695375,60.634570614203376,0,2026-08-25 06:31:48
2024-01-10 08:18:32,CNC-02,M,295.6408147287946,309.38658610655096,1678.7870093756628,41.34762837369581,4.412807942848106,2.3784451590550724,12.80386626906885,57.22127901403343,0,2026-08-25 06:31:48
2024-01-10 16:18:00,CNC-02,M,298.42244662427873,313.943860973505,1681.756422964215,45.62075589313035,241.35819608598163,3.435846711324676,14.280624988376989,57.61151570050811,0,2026-08-25 06:31:48
2024-01-10 18:23:00,CNC-02,M,299.2385889038757,313.91761017395487,2221.9573177918555,31.81784405255787,154.64554367229155,3.0423361663322006,13.035111863331252,52.01782114675156,0,2026-08-25 06:31:48
2024-01-10 03:39:15,CNC-01,L,297.0328059748583,309.5725067129964,2504.2815754798903,20.042996768576902,,3.1442931150634865,9.211448982730209,57.358764915983144,0,2026-08-25 06:31:48
2024-01-10 22:09:00,CNC-02,M,298.25905433886476,311.4806862231932,2592.264187439969,18.915274433820993,174.69114237492533,3.6966487415754647,9.273975096139393,55.367489121271845,0,2026-08-25 06:31:48
2024-01-10 02:10:00,CNC-01,L,297.65404751991025,310.82806034351813,2421.6940076283854,22.285830980635552,180.7715112013205,3.5414115762877354,10.027840013897167,56.66588516877919,0,2026-08-25 06:31:48
2024-01-10 16:53:00,CNC-02,M,298.6158669270138,,1821.8336419229493,39.58835731862208,32.93711876902257,2.4566964430782487,13.34027056115622,52.24805519414428,0,2026-08-25 06:31:48
2024-01-10 23:20:00,CNC-02,M,298.3899872422444,310.4271580840146,2649.616631276105,15.197929802711807,,3.255871767930584,7.674992163126695,49.75725110805061,0,2026-08-25 06:31:48
2024-01-10 15:07:00,CNC-02,M,297.64740500158484,312.2188234807619,1612.767204475489,45.061446046995194,136.24549376321588,2.390723189684829,13.356712930647848,57.250989977992084,0,2026-08-25 06:31:48
2024-01-10 06:54:00,CNC-01,L,296.01483027816454,310.5540074466887,1782.599498265205,40.93328295326314,91.04705715989104,2.434868138486946,13.68754144100897,59.14251686610576,0,2026-08-25 06:31:48
2024-01-10 03:18:00,CNC-01,L,297.43955494236303,310.4343201932989,2477.1639243100694,24.570236733325807,55.774916453319406,3.0790511462395824,11.24219605414132,56.232733271857505,0,2026-08-25 06:31:48
2024-01-10 08:20:00,CNC-02,M,295.6966245813828,310.06648961054975,1563.5777317327484,48.688394744528935,7.4383730332120805,2.1845792526515333,14.23304575115462,55.483280492872844,0,2026-08-25 06:31:48
2024-01-10 14:44:00,CNC-03,H,298.8657749868704,314.0674405401887,1604.81748202022,47.14492059352449,232.3560853508314,3.1622159729731454,14.417721194844061,55.05945268351088,0,2026-08-25 06:31:48
2024-01-10 05:55:00,CNC-02,M,296.2183801085146,309.8577891401627,2053.6604233291496,33.54813495612695,15.86951303933803,2.7344336195381693,13.031136890524218,59.905247069508405,0,2026-08-25 06:31:48
2024-01-10 06:31:00,CNC-02,M,295.83763053226454,309.7686650105302,1869.3757441704886,36.954094374988856,64.32244457782873,24.738709015852958,12.80239672646795,57.17909960502426,0,2026-08-25 06:31:48
2024-01-10 22:55:00,CNC-03,H,299.4653718967289,312.0066570708291,2559.060031571945,18.540635144554603,124.69019680999054,3.1401612519881352,9.081880878313761,54.43254832596671,0,2026-08-25 06:31:48
2024-01-10 01:06:00,CNC-01,L,298.19427815392555,310.25971060719866,2617.3875194282273,15.21411165863944,111.14155644795876,3.3182663117945816,7.439078334017143,54.233438853770906,0,2026-08-25 06:31:48
2024-01-10 10:19:00,CNC-03,H,296.92502022697823,311.6296358709645,1541.0207116024562,,88.5155523445724,2.2665110979116405,14.291966811873282,57.525909082951166,0,2026-08-25 06:31:48
2024-01-10 19:31:00,CNC-03,H,300.2475221829606,,2279.3473866731997,29.468181213969252,137.66371554116034,2.9020650324948556,12.56759955874553,0.0,0,2026-08-25 06:31:48
2024-01-10 18:36:00,CNC-03,H,300.09668291668993,313.756695959026,2103.5804492329416,30.930367714983312,68.53333354273124,2.59040890765185,12.077374081950817,48.02975111364551,0,2026-08-25 06:31:48
2024-01-10 13:09:00,CNC-02,M,296.28198730633807,311.85397949766264,1459.1280290493348,56.514786062006316,210.80983373119946,2.9202255731575435,15.668831204406407,56.90190084579871,0,2026-08-25 06:31:48
2024-01-10 21:38:00,CNC-02,M,298.9157761591803,312.4983039667578,2398.27538194517,23.526561074043318,140.59263122968622,3.1350024116783066,10.52693424906389,55.50275346842323,0,2026-08-25 06:31:48
2024-01-10 03:50:00,CNC-03,H,296.8887981529281,308.52398987134285,2617.949826700392,16.009390069365292,31.486676342835562,3.0672406577195637,7.960618199326047,57.34890025922719,0,2026-08-25 06:31:48
2024-01-10 15:43:00,CNC-01,L,298.75986928637565,313.01948383778614,1721.457534854492,43.868246941201235,17.702541187351944,2.3455802844054543,13.99588276771875,53.44221360963463,0,2026-08-25 06:31:48
2024-01-10 19:59:00,CNC-03,H,27.023410312227384,41.388368667889324,2368.7476544623573,28.69558134660665,171.24592126417417,3.1978738208814947,12.722354918386381,45.59613891763717,0,2026-08-25 06:31:48
2024-01-10 22:02:00,CNC-01,L,299.9016368651093,312.6576524600764,2571.5826453505024,21.979781709423566,48.767555446817894,3.134597216443873,10.699846536138622,48.2456009247997,0,2026-08-25 06:31:48
2024-01-10 01:24:00,CNC-03,H,303.3883729614981,310.6048571019695,2688.829831629391,22.314526783446677,98.28946857070196,3.2430675655447354,11.372484669758284,47.730612039504756,0,2026-08-25 06:31:48
2024-01-10 04:36:00,CNC-01,L,296.3633315743534,310.3404275936509,2259.340337236628,28.410147051254228,148.7178582844576,3.2328054339670227,12.28013317880463,58.57954168803953,0,2026-08-25 06:31:48
2024-01-10 12:45:00,CNC-01,L,297.1170612068232,311.778451740038,1420.758260071098,49.07668025990761,195.23129499304127,2.759443714250898,13.074997135190682,54.82326427465607,0,2026-08-25 06:31:48
2024-01-10 20:41:00,CNC-01,L,26.743647512842585,40.04130922784128,2495.7258506156254,22.693109289471536,175.81474993879752,3.5699945209050394,10.602351467868917,55.62255270762469,0,2026-08-25 06:31:48
2024-01-10 12:16:00,CNC-03,H,297.6068795540133,311.2269391886413,1340.7088288938187,51.6179923238622,0.0,2.0415163859718817,12.89836670550527,55.34803357003908,0,2026-08-25 06:31:48
2024-01-10 20:47:00,CNC-01,L,26.75513611247561,39.92470097630769,2624.9129159280064,19.94187146593856,182.6933904803237,3.7611712100612693,9.823606370215304,51.57186179346763,0,2026-08-25 06:31:48
2024-01-10 15:17:00,CNC-02,M,297.76769637170736,312.60686521697284,1687.2689087329,44.8536525744227,151.25804611121936,2.561738228211907,13.942997308509888,56.22319863731714,0,2026-08-25 06:31:48
2024-01-10 11:24:32,CNC-01,L,296.8726995344071,311.2287143513013,1444.1684153292724,52.47549094946565,68.270770605083,20.588708849438913,14.050064024074612,54.39449463069759,0,2026-08-25 06:31:48
2024-01-10 02:43:00,CNC-03,H,297.7700951437506,311.5551312088191,2430.0994258899323,26.317011369865064,185.0623769889644,3.445709597403101,11.84082080247203,49.18814398649207,0,2026-08-25 06:31:48
2024-01-10 07:57:00,CNC-02,M,295.79192425028316,310.4039581813204,1590.9051747437381,43.9829776553103,186.2590403212226,2.714661901278173,13.064816901221269,60.8571772320519,0,2026-08-25 06:31:48
2024-01-10 02:08:00,CNC-03,H,298.3533712648873,311.6319610031521,2672.5142864794366,20.91209453535408,146.20680276548845,3.4557233160889345,10.506256312881439,57.09685112375079,0,2026-08-25 06:31:48
2024-01-10 18:48:00,CNC-01,L,300.0859946451961,313.63273096772576,2217.8695260134537,30.81740497620532,38.8867349383156,2.806555536371128,12.942936178685429,47.36139331540513,0,2026-08-25 06:31:48
2024-01-10 10:55:00,CNC-03,H,296.63329640515633,311.070609641576,1349.8706454183884,51.59768187512712,145.24898414124146,2.26427263665685,12.818970294888874,57.10181885114013,0,2026-08-25 06:31:48
2024-01-10 09:24:00,CNC-01,L,296.5366723127589,311.12953489006657,1532.662288733645,49.83855931225738,101.43552749660748,2.267612558257193,14.339942590095362,60.64963449194383,0,2026-08-25 06:31:48
2024-01-10 15:56:00,CNC-01,L,298.6539215656533,312.5462906412278,1631.4086002974298,43.50475874852658,36.989433510696536,2.2502065639149187,,57.24344748009101,0,2026-08-25 06:31:48
2024-01-10 02:23:00,CNC-01,L,297.7017281491999,311.4787762784238,2628.8461647661106,23.670875517160937,195.22119634887935,38.61315317060066,,59.963227831390014,0,2026-08-25 06:31:48
2024-01-10 23:14:00,CNC-03,H,299.66886351342043,312.2094463062915,2795.569746826648,15.653078151999058,144.9886306255868,3.4625402710941007,8.11403609762284,53.076984211537436,0,2026-08-25 06:31:48
2024-01-10 18:49:00,CNC-03,H,300.23494207546304,314.17467859427217,2146.9830628579675,31.407521199600964,85.23397659418801,2.8724214011543507,12.505368163373358,51.162460368378106,0,2026-08-25 06:31:48
2024-01-10 13:58:00,CNC-03,H,298.37083258335235,313.1546461301567,1370.7525363366103,54.7379470639732,161.27331026062413,2.342085021833908,14.28110772393687,56.48448967404363,0,2026-08-25 06:31:48
2024-01-10 08:26:00,CNC-02,M,296.10430219990474,310.29140113036516,1605.396632704476,44.27558244418782,16.35392955034336,2.153413860664183,13.531671944552432,58.59205454985549,0,2026-08-25 06:31:48
2024-01-10 04:52:00,CNC-02,M,296.6133890652374,310.34576112079503,2253.6367713695954,26.280893170705237,160.3484599910799,3.1642967530267145,11.110643873623054,58.67362857442587,0,2026-08-25 06:31:48
2024-01-10 00:06:00,CNC-01,L,299.1096044996778,309.8110468884058,2759.646628155911,8.82813699628693,47.20625919292495,3.41474662958542,4.499709638392074,51.38283817911904,1,2026-08-25 06:31:48
2024-01-10 15:01:00,CNC-01,L,297.9696271739523,313.31038407525756,1592.2834587851255,50.49546279345927,193.41436136574927,2.88834402787187,15.063354789098018,54.11467245779597,0,2026-08-25 06:31:48
2024-01-10 21:31:00,CNC-02,M,298.81141050445825,312.2302779958109,2562.466867714657,21.335752890423375,132.8011836632061,3.37601546430467,10.360413762666736,,0,2026-08-25 06:31:48
2024-01-10 23:52:00,CNC-01,L,298.5811774679049,311.03453279411576,2786.27761461754,15.938878982229193,166.94116510705695,3.822251100683107,8.20807197865089,57.323661870913504,0,2026-08-25 06:31:48
2024-01-10 04:29:00,CNC-02,M,296.6433696045196,310.8268965308733,2237.0251359487393,29.640179208889343,131.81990302708738,27.592282928419433,12.108983387597943,58.534403993540295,0,2026-08-25 06:31:48
2024-01-10 04:51:00,CNC-01,L,296.15316079788624,310.25040829358187,2146.1299169760055,29.668925565971893,167.3944736736686,3.228596718357032,11.791838750772047,59.13567665963117,0,2026-08-25 06:31:48
2024-01-10 04:27:00,CNC-02,M,296.69992945258406,309.83079907408745,2482.31029970316,21.572130812447842,129.39845917781523,3.1813736971632625,10.174025311912878,56.811534519483196,0,2026-08-25 06:31:48
2024-01-10 19:36:00,CNC-01,L,299.65721576829054,313.49115727623297,2363.7599115494368,27.386360510721794,98.6234396234643,3.0574823792846058,12.078438623063327,54.845827465808995,0,2026-08-25 06:31:48
2024-01-10 06:25:00,CNC-01,L,295.8978371795711,309.84897827053413,2113.648016262739,33.59650557648099,50.75704561080415,2.724568846022565,13.478115916903558,58.01941138768917,0,2026-08-25 06:31:48
2024-01-10 23:01:00,CNC-03,H,299.5662405128911,312.1768656502085,2790.0615361669993,17.095369381869936,131.1048526770276,3.4725552103074167,9.179912040071327,51.30465054758002,0,2026-08-25 06:31:48
2024-01-10 19:14:00,CNC-03,H,300.3237780190554,314.57256667490844,2273.939854061223,32.23453869700761,116.47853469561684,2.883827701146878,13.553573345624416,48.770234477002326,0,2026-08-25 06:31:48
2024-01-10 01:59:00,CNC-02,M,297.69082574026856,311.1936663319142,2582.548118404196,20.371513816731593,183.71318126416224,3.4972145596203896,9.656606572019758,50.608899079793275,0,2026-08-25 06:31:48
2024-01-10 11:23:00,CNC-02,M,301.8446460552599,309.8883293289974,1371.9034866343468,52.949485034302185,42.6562163142858,2.035956779836793,13.355055949973128,46.922560849347086,1,2026-08-25 06:31:48
2024-01-10 23:58:00,CNC-03,H,299.5919297837329,312.8749517338978,2782.6324105076287,20.102963839951492,191.74844000070803,3.7559529279482415,10.487457336337327,54.910185058998536,0,2026-08-25 06:31:48
2024-01-10 06:22:00,CNC-02,M,296.09026716992264,309.77717854522285,1963.5404124518723,32.970744080511366,52.038023562904776,2.6130962244273332,11.815906427482375,57.99730488111438,0,2026-08-25 06:31:48
2024-01-10 06:19:00,CNC-02,M,296.0024783957103,310.02250957362736,2014.2393711244697,34.90024103147292,48.00340463989141,2.6994563668364635,13.004080616262394,57.478798435875404,0,2026-08-25 06:31:48
2024-01-10 18:26:00,CNC-01,L,299.813080158019,313.2208720894315,2174.774938176812,29.72632616206218,10.520793579670505,2.8190699572218265,,56.68124912970618,0,2026-08-25 06:31:48
2024-01-10 03:05:00,CNC-03,H,297.32106856854335,311.14616301896245,2336.6689018688517,25.379129494835283,210.02864482546676,3.5283983945577666,11.13792839785954,53.615805032932684,0,2026-08-25 06:31:48
2024-01-10 16:57:00,CNC-01,L,299.4516537176314,314.41906083512475,1908.8971130512773,40.05858868389944,3657.1697830841276,2.8459460697546053,14.112775317226689,54.74691335199795,0,2026-08-25 06:31:48
2024-01-10 10:24:00,CNC-02,M,301.1599233949933,310.345726130138,1389.7824062918955,55.00152027515939,198.36085687433712,2.705641396836947,14.230505173608927,47.87715276129276,0,2026-08-25 06:31:48
2024-01-10 12:52:00,CNC-01,L,297.1248364627948,311.97283504165364,1405.4192871609764,52.1651277904483,206.33522920815344,2.9019980769558336,13.879979624950462,56.79533947321575,0,2026-08-25 06:31:48
2024-01-10 02:43:00,CNC-01,L,297.6131240606579,309.7615017006064,2579.061298841096,18.827047912048865,15.895306554903675,3.1129167170987393,8.899062751146198,54.90981775301804,0,2026-08-25 06:31:48
2024-01-10 13:43:00,CNC-01,L,302.98615067649627,310.7288002240321,1397.5887164420976,47.43402936152312,72.53529393218032,2.0907904189066384,12.397393778618857,41.48877684747112,0,2026-08-25 06:31:48
2024-01-10 04:34:00,CNC-02,M,296.20080291638845,310.30342752217695,2224.156392368091,29.229917273752054,137.96842971997253,2.96879494678738,12.290509763630274,62.46777612677102,0,2026-08-25 06:31:48
2024-01-10 13:59:00,CNC-03,H,298.3569279787285,313.09584392985715,1440.9136366415094,52.408226323462735,162.84342808869374,2.4144192758841325,13.99251191875832,59.570184825965825,0,2026-08-25 06:31:48
2024-01-10 20:21:00,CNC-03,H,27.17673336542333,41.040106686034505,2441.7781831588427,25.036425740724386,197.4547694723602,3.504216753939679,11.13453458722038,51.360290566569965,0,2026-08-25 06:31:48
2024-01-10 01:38:00,CNC-01,L,297.990469598788,310.25396423982244,2727.278036173859,16.220207441800305,145.55168542730587,3.618576837299349,8.120799269400784,58.583701110267114,0,2026-08-25 06:31:48
2024-01-10 11:42:00,CNC-03,H,296.96285158833757,311.7129870963274,1400.8071911997279,51.31899201116098,219.8875749278419,2.8106767314354015,,58.44237352171587,0,2026-08-25 06:31:48
2024-01-10 16:52:00,CNC-02,M,298.5201510020703,312.6720287663341,1914.9661976665946,37.0348128639626,31.4955701786562,2.4961937754251324,12.901431092978232,54.03709391229002,0,2026-08-25 06:31:48
2024-01-10 18:31:33,CNC-02,M,299.2813805585891,314.2740279557708,2244.0045760995545,32.86856364325615,166.39241281114397,3.233231783904698,13.632368812979175,55.269101896926706,0,2026-08-25 06:31:48
2024-01-10 13:47:00,CNC-01,L,303.02082080249056,311.0128008637032,1484.5639211573862,47.15263419211519,78.7783465509024,2.3063232865944463,13.422501989037029,45.37300088573236,0,2026-08-25 06:31:48
2024-01-10 03:25:00,CNC-01,L,297.14107105615057,310.1953388720357,2437.990810924152,23.716695783399597,63.95536422913612,2.9976686605786265,10.821215384037297,56.93265639433352,0,2026-08-25 06:31:48
2024-01-10 06:29:10,CNC-01,L,295.9031989753281,310.08526577971026,1890.3666229187884,39.097164743662496,54.94223310558786,2.405822177392685,14.099172640063072,59.779272074526986,0,2026-08-25 06:31:48
2024-01-10 09:14:00,CNC-01,L,296.56744008313484,311.1909537521256,1588.5183295222137,47.059854540235605,85.85420003731923,2.200102449680664,13.836186364429654,60.03706429155497,0,2026-08-25 06:31:48
2024-01-10 09:24:00,CNC-02,M,296.0750425346581,310.8490948117385,1427.3977876741865,51.994710881599445,,2.2073801974542615,14.05577102822349,61.06180909181718,0,2026-08-25 06:31:48
2024-01-10 00:28:00,CNC-01,L,298.8193922606768,310.7801356274346,2736.329643704328,15.706740750034918,70.58912404139507,3.387161902488869,8.231323522428424,55.23379357213748,0,2026-08-25 06:31:48
2024-01-10 02:52:00,CNC-03,H,297.54782835529505,310.7680197856311,2464.708166615061,21.94561417968493,195.15538641521124,3.5498202467013966,9.883371179009709,60.7253870314453,0,2026-08-25 06:31:48
2024-01-10 18:50:00,CNC-03,H,300.1552429558965,313.4807672286806,2186.354592377938,28.93484331846182,86.48834436412176,2.756692316912405,11.564671275812413,49.46053645347175,0,2026-08-25 06:31:48
2024-01-10 12:07:00,CNC-03,H,297.3040355386137,312.5318322970141,1426.0945060840793,53.43982975365127,259.5935423762058,3.216196243045151,14.147338942618983,59.44395178257968,1,2026-08-25 06:31:48
2024-01-10 10:17:00,CNC-01,L,2767.9590875909253,311.3361105361069,1569.5666271422638,47.06486436446716,183.62913555695332,2.8358832384799983,13.795061985157727,53.42108943623186,0,2026-08-25 06:31:48
2024-01-10 16:03:00,CNC-01,L,298.73318093936314,312.9800826142987,1734.5849994177415,43.96256381412459,47.337057162852744,2.4433842686432223,14.208526396181588,54.333736441006124,0,2026-08-25 06:31:48
2024-01-10 15:48:00,CNC-02,M,298.02024166083953,313.6107165307952,1670.4584537097387,49.24956180676057,197.67887125688353,2.891250500043853,15.11894076500133,52.593893376476984,0,2026-08-25 06:31:48
2024-01-10 11:30:00,CNC-03,H,297.0214704806411,311.9816855198853,1418.3295315240975,53.06278142708314,200.85330433258096,2.605142980773833,14.218267718242572,57.386893131104046,0,2026-08-25 06:31:48
2024-01-10 10:28:00,CNC-03,H,296.4454938808394,310.8347972066085,1454.924390134564,49.915954247393,102.67651333482195,2.12841588655309,13.828084430540924,56.69916527965943,0,2026-08-25 06:31:48
2024-01-10 08:25:00,CNC-03,H,295.8311305717554,310.51564023690815,1710.0671103674294,46.19850090622351,145.10516602365772,2.447843922906707,14.761435236706134,58.83358910609262,0,2026-08-25 06:31:48
2024-01-10 01:13:00,CNC-02,M,298.4282355034206,310.47672092908033,2781.562044596053,14.38588050369847,,3.580265037033028,7.520040026416122,51.08839889455311,0,2026-08-25 06:31:48
2024-01-10 22:03:00,CNC-01,L,299.87385025738934,311.8677237979676,2648.3472524172516,16.332119543710775,49.86291674925397,3.184357910827638,8.200925958356976,50.227375400525105,0,2026-08-25 06:31:48
2024-01-10 00:57:50,CNC-03,H,303.71092135971986,309.05054003853274,2750.087749111587,12.587803992666355,69.0373413494401,3.324227359548195,6.563896198513881,40.72624117631065,0,2026-08-25 06:31:48
2024-01-10 03:52:00,CNC-01,L,296.83168359815943,310.4276094446564,2356.287758669179,27.09640929136931,95.50993936797465,2.9613271069368188,11.968538560981845,54.64694983098427,0,2026-08-25 06:31:48
2024-01-10 13:21:00,CNC-01,L,297.22158599366225,311.4507696898403,1396.0764407914285,50.70171953447809,37.91169174185796,1.9273400618285252,13.158249409512836,56.239913125874864,0,2026-08-25 06:31:48
2024-01-10 14:37:00,CNC-01,L,297.80799036780235,312.13137743017694,1368.0574331970747,50.46685920983294,156.4840555646563,2.371101250402092,13.01117325749947,51.64804291521639,0,2026-08-25 06:31:48
2024-01-10 19:19:00,CNC-02,M,299.1970928112506,313.23427465629453,2284.4714453646084,26.19403081209701,225.6863807457893,36.42497172195424,11.419212179207527,59.094463308356346,0,2026-08-25 06:31:48
2024-01-10 12:06:00,CNC-01,L,296.83831122534474,310.92858711721703,1317.5620666135603,52.469839069525754,133.21032818126955,2.183817641693169,13.008556839402454,59.685277598456764,0,2026-08-25 06:31:48
2024-01-10 04:59:00,CNC-03,H,296.1487972507823,310.30481716453045,2254.0081595567576,28.90250684267982,116.16805219885123,3.014363811738743,12.19491868844321,60.23588173748285,0,2026-08-25 06:31:48
2024-01-10 11:09:00,CNC-01,L,296.7608454145663,310.36926281667115,1334.823392018393,49.47448251337829,42.85521541469527,19.56599083709045,12.214273549523844,54.3188534372421,0,2026-08-25 06:31:48
2024-01-10 01:56:00,CNC-02,M,298.07018546454736,311.18162185548067,,19.61586181230084,180.4585733526888,3.5618068967856935,9.612550286691542,51.87524258231012,0,2026-08-25 06:31:48
2024-01-10 20:34:00,CNC-02,M,0.0,39.39441059622226,2503.1300307292695,23.102388956263432,67.78821545912568,3.0800554283099544,10.847209940928025,54.02385487577979,0,2026-08-25 06:31:48
2024-01-10 15:59:00,CNC-02,M,298.44409915563983,313.61131306300166,1804.9849806223124,,213.74312243569153,3.1791241234170093,14.213831210998983,57.19953388498778,0,2026-08-25 06:31:48
2024-01-10 23:33:00,CNC-02,M,298.00196713598393,309.8980893513982,2610.1002348019974,14.654791807317,50.13135757374018,3.2494616123008733,7.434906776547925,53.53406974358831,0,2026-08-25 06:31:48
2024-01-10 06:59:00,CNC-03,H,295.6968016239886,309.5184034767458,1886.406579749112,38.17726706233479,20.66869875645292,2.435069214507288,13.495130084901723,55.83514793767821,0,2026-08-25 06:31:48
2024-01-10 16:47:00,CNC-01,L,299.2827403808106,313.05755716148974,1952.2629951682343,34.1872419742723,110.24953114765826,2.7273050529384184,12.58068668564104,54.25442283371259,0,2026-08-25 06:31:48
2024-01-10 07:04:00,CNC-01,L,295.95761975932317,310.07049023260856,1864.4242073142134,38.05617908055005,105.07602215499985,2.606079575276549,13.422460888337781,57.269506601000685,0,2026-08-25 06:31:48
2024-01-10 01:31:00,CNC-03,H,303.38929194493585,,2776.5554674431874,11.99573810790681,,3.4037023621379436,0.0,44.058802399272054,1,2026-08-25 06:31:48
2024-01-10 20:24:00,CNC-02,M,25.68278617424346,39.50283913747569,2353.6688850294377,26.860562740819006,56.07592112650876,2.8816790005195867,12.088966550484352,50.76041059229541,0,2026-08-25 06:31:48
2024-01-10 04:12:46,CNC-02,M,296.791628037166,310.29023363213184,2405.9064902349896,24.89897012382633,113.60471788759465,3.097661661358957,,54.74218788852264,0,2026-08-25 06:31:48
2024-01-10 11:26:35,CNC-03,H,297.0759977706523,311.86604583861026,1327.5492339047219,54.89614802239871,197.65764069433487,2.5511877960033496,13.419076793667314,55.74633928240145,0,2026-08-25 06:31:48
2024-01-10 01:14:00,CNC-01,L,298.18541757843633,309.66603814671384,2698.926143438006,12.48359578192461,119.7526446936591,3.3308380850967056,6.258844736489832,49.12407007586316,0,2026-08-25 06:31:48
2024-01-10 00:34:00,CNC-01,L,298.488219492669,310.12598134788635,2759.9404652001326,14.400685493542564,76.99162159045098,3.4083224328958526,7.366917118355272,55.39919383728607,0,2026-08-25 06:31:48
2024-01-10 21:53:00,CNC-01,L,300.0828196399798,311.8381964303932,2617.0911957403823,16.861109471512183,38.919061673043835,3.088191734666633,8.32799099100345,51.795015858867764,0,2026-08-25 06:31:48
2024-01-10 01:28:00,CNC-03,H,303.5942340758317,310.4240549007598,2794.604773897144,18.13166764472067,102.5611729681189,3.373077313578062,9.729688787439425,47.314585365830546,0,2026-08-25 06:31:48
2024-01-10 00:06:09,CNC-01,L,299.241741015526,311.94901760557116,2704.3837522719778,19.954725517649756,48.269644763041434,3.1977867309215973,10.19489988738026,50.745793422214525,0,2026-08-25 06:31:48
2024-01-10 16:13:00,CNC-01,L,298.88186274665975,313.10437390642204,1793.9779129240399,40.61544129613478,61.853559301377224,2.462272748593985,13.39136122832717,54.260937576525286,0,2026-08-25 06:31:48
2024-01-10 06:16:00,CNC-02,M,295.85070285966304,309.4854162323655,1896.5491295730837,34.29852219706663,43.99567805782793,25.165532898872403,12.306419393764003,53.744289438071334,0,2026-08-25 06:31:48
2024-01-10 01:43:00,CNC-01,L,298.20714499930335,310.8911031372679,2639.0162609924037,17.825285759334232,150.94264741595964,34.0896937179785,,54.12785942142041,0,2026-08-25 06:31:48
2024-01-10 13:46:00,CNC-03,H,298.00640368579565,312.22189145460317,1356.7761511139745,52.67185902705853,142.4529693484129,2.1468866035793304,13.300237302547764,54.801112676363466,0,2026-08-25 06:31:48
2024-01-10 22:04:00,CNC-03,H,299.9371256867197,311.7009651083013,2653.671117112938,15.141426232857254,69.33099987729956,3.279838060910395,7.462698909185713,53.058449495357046,0,2026-08-25 06:31:48
2024-01-10 21:39:00,CNC-03,H,300.12386132317073,312.15104581100405,2511.6053862195504,18.174401293692814,41.81738626436704,2.960602313678768,8.597215906410753,54.6245333731473,0,2026-08-25 06:31:48
2024-01-10 04:21:00,CNC-01,L,,309.95742300164295,2434.817489212273,24.83090308952821,130.37947271373977,3.242206121745773,11.366798413814353,58.55582595676142,0,2026-08-25 06:31:48
2024-01-10 06:51:00,CNC-03,H,295.6973117154793,309.4750383653855,2021.9769828543622,34.47547183072287,9.549042181300237,2.5914854576575626,12.778484570754873,56.62323468960932,0,2026-08-25 06:31:48
2024-01-10 22:40:00,CNC-01,L,299.6195159759579,312.1641409907339,2701.9207466659172,18.010434427834486,90.23752280740216,3.322348123209297,8.899914007076244,47.841743292170555,0,2026-08-25 06:31:48
2024-01-10 21:08:00,CNC-03,H,27.086247805030496,39.27683068064931,2568.0213377485566,19.196798193107643,6.975875246357539,3.1222586729392745,9.376483667361004,50.875243020633555,0,2026-08-25 06:31:48
2024-01-10 05:43:00,CNC-02,M,296.0873517394931,309.5765679973847,2231.499876163715,27.97022770592524,0.0,2.7589634226733044,11.645009787687115,58.69718348883966,0,2026-08-25 06:31:48
2024-01-10 15:54:00,CNC-03,H,299.3520024742233,313.0549534256444,1783.6791582536396,37.87156829548316,68.64194531778318,2.46219703618402,12.629300919098245,54.17558304188659,0,2026-08-25 06:31:48
2024-01-10 02:11:00,CNC-01,L,297.8053068144361,311.06183209669456,2654.0616619866373,19.37281953364576,181.8574077823653,3.7147976632685684,9.866611703929628,54.08285634503089,0,2026-08-25 06:31:48
2024-01-10 01:26:00,CNC-02,M,297.8681056726444,310.4365045214556,2765.650772338578,17.355537556892333,147.8102075466694,33.715076132601396,8.86038689978984,61.98217499838555,0,2026-08-25 06:31:48
2024-01-10 17:01:00,CNC-03,H,299.57518864046364,314.6663219183457,1971.0287021397253,40.30061305900294,164.9467423298168,2.8949712881151854,15.153681355796284,53.219731572172755,0,2026-08-25 06:31:48
2024-01-10 00:13:00,CNC-02,M,298.6005482628175,310.39579276382176,2764.805072473955,14.348321613766279,69.92906486415876,3.3705709955970593,7.55093539575045,56.1732206401643,0,2026-08-25 06:31:48
2024-01-10 11:13:00,CNC-01,L,296.74415558832266,310.5526579851721,1433.6982936505335,47.92388936287625,49.24031156086833,2.1662203825107316,12.79966290587164,54.362901497566796,0,2026-08-25 06:31:48
2024-01-10 18:20:00,CNC-01,L,299.9336750387605,313.7766317493608,2049.8827066687827,,2.6540106249394224,2.6123214563484933,13.064717920795205,54.49158454889257,0,2026-08-25 06:31:48
2024-01-10 07:57:00,CNC-03,H,296.09684652303656,311.0044599486332,1694.7095114918836,45.5219341401102,103.5980226061183,2.443224744851704,14.4688248558886,61.06992804371889,0,2026-08-25 06:31:48
2024-01-10 02:48:00,CNC-02,M,297.64479509923035,309.4180383960155,2610.7496801991674,,13.456030302411923,3.1055756641214933,8.16661114161373,57.96558987439919,0,2026-08-25 06:31:48
2024-01-10 03:08:00,CNC-03,H,297.2401375265291,311.2800988473018,2417.25461899008,26.227334758136855,213.47062102777164,3.56929218034903,11.799903281966126,59.19902369090214,0,2026-08-25 06:31:48
2024-01-10 15:06:00,CNC-01,L,298.17503678724677,313.09971539802495,1498.067669719884,49.591044818937334,200.9996518553166,2.90135189178433,13.774204540790755,56.03839026885504,0,2026-08-25 06:31:48
2024-01-10 14:19:00,CNC-02,M,297.2224564349403,311.72717144636295,1455.958588930754,48.97154288960573,62.441306185996034,21.119928282173735,13.46771436604646,55.351612906976094,0,2026-08-25 06:31:48
2024-01-10 04:47:00,CNC-02,M,296.72495839288825,310.25534994898373,2391.19663333879,23.983409251832285,154.1461153721544,3.3086023653220344,10.618359809676056,54.66361965645327,0,2026-08-25 06:31:48
2024-01-10 00:21:00,CNC-01,L,298.584937692959,311.01678822052077,70268.25894702469,18.80611397238606,63.080011277979665,3.174726600026153,9.439695840008557,51.057072078049224,0,2026-08-25 06:31:48
2024-01-10 08:09:00,CNC-03,H,295.68983817746897,309.7679874641687,1526.5500053056903,43.86807003277341,121.40648641549474,2.326290342275642,12.532152072429403,58.93137482075129,0,2026-08-25 06:31:48
2024-01-10 23:38:00,CNC-03,H,299.50919632941327,312.0224139344467,2681.6453316873694,16.957828708401514,170.59917423718832,3.52938930774572,8.377517594235673,53.763798196026386,0,2026-08-25 06:31:48
2024-01-10 12:41:07,CNC-01,L,296.84585962912314,311.6920166586652,1467.134572258621,49.02199201843589,188.9033728924609,2.7470135200736685,13.76077893308918,58.680720073582364,0,2026-08-25 06:31:48
2024-01-10 19:36:00,CNC-02,M,298.92373469384523,313.4367128789463,2238.6588132718566,29.293319758571002,246.8761792887697,3.93459305754741,11.918014576572524,54.205296933347256,0,2026-08-25 06:31:48
2024-01-10 08:15:00,CNC-01,L,296.1724005856379,311.38621861345837,1608.7797085177579,48.23715450113475,207.59350558568806,3.16574643912088,14.549701671897825,52.476042749424685,0,2026-08-25 06:31:48
2024-01-10 04:07:00,CNC-02,M,296.64453627436654,310.0104035954234,2315.244942953357,24.819075488353338,105.26377726736364,2.884533467022986,10.905372907501853,57.29745553482326,0,2026-08-25 06:31:48
2024-01-10 08:54:19,CNC-02,M,295.7776523223685,310.0547887352705,1480.9545108884329,47.77451772337267,58.73012156970321,2.1022987108457474,13.47877589284876,57.76260366570304,0,2026-08-25 06:31:48
2024-01-10 12:09:00,CNC-01,L,297.1338473733122,311.4360415348947,1370.9582383147372,50.82273209722569,137.98323404783235,2.317829365149078,13.171625833783516,59.1900650731329,0,2026-08-25 06:31:48
2024-01-10 04:36:00,CNC-03,H,296.7364780324792,310.5561041866236,2235.8591673242963,28.781048912415898,87.30293190464565,2.823294879881971,12.044030202272166,57.155634453761785,0,2026-08-25 06:31:48
2024-01-10 15:52:00,CNC-02,M,298.4016865457084,314.1900126344368,1733.051159677957,46.2764053847606,203.5217048618869,3.1296153039351724,15.108569942696542,51.7863984118697,0,2026-08-25 06:31:48
2024-01-10 04:37:00,CNC-02,M,296.45493600252036,310.00060142598215,2371.9593872752384,25.2876111400757,141.70394745127328,3.182789191284473,11.387914351626506,55.86009928693847,0,2026-08-25 06:31:48
2024-01-10 19:19:00,CNC-01,L,299.86609408417905,312.7817091646178,2275.73815453804,24.669205831832578,77.70761921001343,2.864385365633334,10.248669820418092,48.867428311867634,0,2026-08-25 06:31:48
2024-01-10 11:11:00,CNC-02,M,301.3306217402881,309.0060570748649,1412.238026982213,47.287580987241704,23.739783611218385,2.138239118180736,12.247793154600513,52.24889084820478,0,2026-08-25 06:31:48
2024-01-10 15:08:00,CNC-03,H,298.49109004756497,312.30369356116125,1570.459415688817,46.12925498437271,0.0,2.269842804067898,13.509383605095291,54.99496965519944,0,2026-08-25 06:31:48
2024-01-10 12:56:00,CNC-01,L,296.8283467802041,311.4666714379547,1333.301473173418,53.25666189146432,212.7054612582,2.914309649675105,13.365041179174726,54.155220703151564,1,2026-08-25 06:31:48
2024-01-10 15:23:00,CNC-03,H,299.0820149074024,312.7810024373131,1435.4431319587613,46.56247784490094,22.651635407890538,2.1417822990735047,12.764211061756983,53.13411101766197,0,2026-08-25 06:31:48
2024-01-10 11:45:00,CNC-02,M,301.9281269426834,310.1852533804516,1477.600880139803,46.42247045094346,77.48273180231642,2.1957443754669788,12.83208653271901,48.872897343350466,0,2026-08-25 06:31:48
2024-01-10 13:25:00,CNC-03,H,297.9669260113799,312.3169809684659,,51.02632113447655,109.38424599084591,2.1372948804271066,13.276576595240776,55.099644618945796,0,2026-08-25 06:31:48
2024-01-10 07:56:00,CNC-03,H,295.92200451693515,310.6412156440803,1704.8100662788293,44.056801993154224,102.11890093958831,2.350865412408897,13.92577969522103,57.788346019281995,0,2026-08-25 06:31:48
2024-01-10 09:03:00,CNC-02,M,295.70854580021245,309.80607039263685,1571.2816525924736,45.176614086240164,72.31154268418453,2.2582705220261845,13.39686304343215,62.75472878050629,0,2026-08-25 06:31:48
2024-01-10 12:13:00,CNC-01,L,297.1051139690823,311.9595335938432,1404.5795890885672,54.131584094748256,144.28897127651612,2.481742360612882,14.264993108827547,55.11831151157873,0,2026-08-25 06:31:48
2024-01-10 22:43:00,CNC-01,L,299.3137099923994,,2784.559970969988,14.029150049920563,93.3847595914094,3.2656583484040316,,54.866062419199345,0,2026-08-25 06:31:48
2024-01-10 06:40:00,CNC-01,L,296.2555857549096,311.00471902599065,2015.4610285876342,38.58316776957941,71.43542448698163,2.5618494594198196,14.708120044891524,57.988193392317655,0,2026-08-25 06:31:48
2024-01-10 03:46:56,CNC-01,L,296.94482707420184,310.11228285216333,2508.7096446674686,23.023767660401088,90.7302796393581,3.1973356663385544,10.816484170643196,60.341684624941536,0,2026-08-25 06:31:48
2024-01-10 12:55:00,CNC-01,L,296.7133922749428,311.50132775981433,1416.8775392657049,52.10507445438707,211.1054612582,2.958210480910026,13.727536631777058,61.228854794443606,0,2026-08-25 06:31:48
2024-01-10 22:54:00,CNC-03,H,299.51128940341846,312.31235810840013,2692.577687868085,17.89072630620084,123.5807130337799,3.35305532506294,8.924327453991635,49.62567990167118,0,2026-08-25 06:31:48
2024-01-10 14:34:00,CNC-02,M,297.37974517410794,312.01916118874624,1561.2114785623771,47.929441085258254,85.80156345074234,2.2902757508976683,13.980689355282708,56.551077956364445,0,2026-08-25 06:31:48
2024-01-10 05:53:00,CNC-02,M,296.07842653212447,309.2660351282599,2037.4092429383995,29.344680557459505,13.239626989927155,2.625575606179535,11.183659453534736,58.644455985183015,0,2026-08-25 06:31:48
2024-01-10 03:09:00,CNC-01,L,297.3995781664233,310.5084408105832,2410.5103910727844,24.41323650718271,45.444156653083894,2.9366865858526916,10.782500932898662,57.41719886463407,0,2026-08-25 06:31:48
2024-01-10 12:43:00,CNC-03,H,297.555100299101,311.7278557851646,1435.21729031954,49.34713322049364,42.614081712378244,2.075542074287993,13.130710651830709,53.497769060943305,0,2026-08-25 06:31:48
2024-01-10 15:29:00,CNC-01,L,298.55940525613806,313.29447727018686,1467.470710374247,49.15252077416474,235.7460237558766,3.3952113793562995,13.703889233668594,54.122746545805576,1,2026-08-25 06:31:48
2024-01-10 15:22:00,CNC-03,H,299.13474579204933,312.5326760269822,1563.081791467212,41.533595269815564,21.10285354533109,2.2229622428639453,12.657415618382439,53.17310372667815,0,2026-08-25 06:31:48
2024-01-10 20:57:00,CNC-02,M,26.018169138996427,39.18651992874874,2516.035324301287,21.669653054417676,94.35304159836754,3.038045239603729,10.359137782304325,54.80741025288501,0,2026-08-25 06:31:48
2024-01-10 02:43:00,CNC-02,M,297.6412397642936,310.0672087187915,2358.843600865222,22.28057604817534,7.813200933961179,2.9401860494885375,9.921588453414339,58.26098922099638,0,2026-08-25 06:31:48
2024-01-10 04:49:00,CNC-03,H,296.4112026932085,309.61776581314626,2434.251362649539,23.5160476838679,103.56710701184385,3.116693312537027,10.814615415563749,56.91066186975893,0,2026-08-25 06:31:48
2024-01-10 16:22:00,CNC-02,M,298.75905416437695,314.20140733486613,1708.112131015188,43.52446483569404,247.14084817469293,3.618945284834936,13.832103851727762,53.83429719715755,0,2026-08-25 06:31:48
2024-01-10 11:08:00,CNC-02,M,301.46257433391486,308.96311815089035,1359.712493721739,47.2926529804332,18.989879195800704,1.979033699667601,12.096346100826828,52.4341243553037,1,2026-08-25 06:31:48
2024-01-10 13:00:00,CNC-02,M,296.28356323879774,311.4839836644293,1481.418897444724,52.804839382440356,196.58021084251786,2.7116172599618578,14.68499121548955,57.86276553778315,0,2026-08-25 06:31:48
2024-01-10 15:23:00,CNC-02,M,297.9550337187486,312.83500319205797,1567.8710036806697,48.28095955272929,160.42170911626116,2.587035836581483,14.167388696060854,56.87705643785608,0,2026-08-25 06:31:48
2024-01-10 01:22:00,CNC-02,M,297.94225906770725,310.74783391882164,2615.467571253573,19.218440791658864,143.46290035014152,3.5056394711722128,9.397151431902321,51.75522401410654,0,2026-08-25 06:31:48
2024-01-10 00:32:00,CNC-02,M,298.7547783177507,310.9305796613042,2770.9765478679124,15.636939372205083,90.11682726136637,3.3509593308739682,8.239540383443229,51.32888747256275,0,2026-08-25 06:31:48
2024-01-10 09:06:00,CNC-01,L,296.53483410833707,310.10679879075246,1505.5984164570152,42.97153299222224,73.5854577614039,2.0349371145786375,12.176597399188735,61.337503951721686,0,2026-08-25 06:31:48
2024-01-10 14:10:00,CNC-01,L,303.13354017023556,311.39725121972464,1356.9681708075152,52.70660535271699,114.6212390511942,2.032058836225904,13.192104665743479,47.02099051622405,1,2026-08-25 06:31:48
2024-01-10 13:12:00,CNC-01,L,297.2405516169445,311.05822911102223,1329.7153105508778,51.75238057983353,23.701136374451956,1.9303580370483768,12.969827617817057,60.298869347590596,0,2026-08-25 06:31:48
2024-01-10 06:08:00,CNC-02,M,296.1189309663514,308.71335511225107,2101.023246628544,24.553208954880382,33.27547433201276,2.6398272515246486,9.707602176886514,54.1026399877496,0,2026-08-25 06:31:48
2024-01-10 22:16:24,CNC-01,L,299.74113744156136,311.7600232271072,2616.294811065902,17.69028423521669,64.16689140605459,3.1552997609979827,8.608403854258432,54.98511291337313,0,2026-08-25 06:31:48
2024-01-10 04:41:00,CNC-02,M,296.28005313271433,310.43172668177306,2166.9372998721556,31.482024363918907,146.74668246266992,3.0184948949862056,12.666036806378859,56.23915651681226,0,2026-08-25 06:31:48
2024-01-10 12:45:00,CNC-02,M,296.56853014679876,311.3527182400113,1361.697125224605,54.10864449604024,172.851961819676,2.385194909165923,13.69546651362076,55.30494237512889,0,2026-08-25 06:31:48
2024-01-10 13:27:00,CNC-01,L,297.1218227672816,310.99366601279314,1512.5899474303608,47.33161984881665,47.33972653248259,2.223429820685968,13.532998031700654,59.80161722186321,0,2026-08-25 06:31:48
2024-01-10 18:28:00,CNC-01,L,300.1161567797975,313.68585084936586,2063.2236277921993,31.861686239700955,13.151825648187515,2.605549724721161,12.064324077758014,52.10353304689977,0,2026-08-25 06:31:48
2024-01-10 15:53:00,CNC-01,L,298.86821607195174,312.76799701995805,1675.464198878736,41.91111862397124,32.54249860127112,2.3527786256458234,13.266137384891946,54.95911903996939,0,2026-08-25 06:31:48
2024-01-10 14:18:00,CNC-01,L,303.36593172284296,311.27116927216605,1361.9184825297448,47.70108912364986,127.08961238274385,2.197516814004144,12.368031539011252,45.41298694516674,1,2026-08-25 06:31:48
2024-01-10 08:36:00,CNC-03,H,295.7179299458621,310.2904584189707,1546.0695122809864,47.830861153227254,161.65445029720703,2.4591359838207567,13.697921569194467,58.87095976684808,0,2026-08-25 06:31:48
2024-01-10 14:09:00,CNC-01,L,302.84639361490497,311.2560129147004,1502.3374867617842,,113.0390524134533,2.2684436019523027,14.071728365938622,45.709095253431244,0,2026-08-25 06:31:48
2024-01-10 03:21:00,CNC-03,H,297.33053619830474,311.75964564060087,2494.315938053886,27.266325781223554,228.5238553614262,3.7603495037639196,12.894891872283996,54.6081063203564,0,2026-08-25 06:31:48
2024-01-10 18:44:00,CNC-02,M,299.20630289598046,313.857168032084,2195.6249663972394,31.979436174842338,181.62536101857822,3.1953184930650207,13.077077781661455,52.14371406205648,0,2026-08-25 06:31:48
2024-01-10 20:04:00,CNC-01,L,26.80180063404248,40.750815041345675,2369.481744056005,28.361200647213533,132.42691787563848,3.1950071047921877,12.606082320793043,53.64201598661872,0,2026-08-25 06:31:48
2024-01-10 01:17:00,CNC-02,M,298.4616336642249,311.1329417040751,2642.63471616316,17.5648705185683,138.13053332536307,3.4426993188614996,8.67004274306142,57.041181901085956,0,2026-08-25 06:31:48
2024-01-10 13:48:00,CNC-02,M,296.6273147676012,310.80433675020316,1385.4287748289362,53.22198946546457,,2.060551931072057,13.617534281387172,58.2119894123375,0,2026-08-25 06:31:48
2024-01-10 15:33:00,CNC-03,H,298.8964818154496,312.99487741820144,1566.311356306311,44.48261873161834,37.59745593570117,2.2219173837920687,13.249603085767934,50.49042023584176,0,2026-08-25 06:31:48
2024-01-10 03:16:00,CNC-03,H,297.4748599402969,311.2845381763154,2361.165078327677,24.959815009674045,222.80366105873594,3.6146740261888937,10.862987504788865,54.10002224175596,0,2026-08-25 06:31:48
2024-01-10 19:10:00,CNC-03,H,300.22419396667806,313.494182408665,2275.266550304487,24.604844255224737,111.55029117480544,3.1034909699508604,10.435465552565908,52.01759065530192,0,2026-08-25 06:31:48
2024-01-10 12:32:00,CNC-03,H,297.3190123058001,311.1480961007366,1484.4042411219318,46.8663533014054,25.230834719982013,2.2915180764893512,12.988102355607523,55.645089456137114,0,2026-08-25 06:31:48
2024-01-10 18:30:00,CNC-03,H,299.7825672559866,313.2902754976586,2053.2514797168396,32.85397462849737,,2.7577895426349697,12.54505067155796,48.51494052492639,0,2026-08-25 06:31:48
2024-01-10 15:26:00,CNC-02,M,297.9260235137522,312.9850682323191,1521.015185978063,50.44533964770831,164.96371185284698,2.5431721703342935,14.391953430133782,56.060436629826874,0,2026-08-25 06:31:48
2024-01-10 06:54:00,CNC-02,M,295.8248432315986,310.23273545304505,1891.1508864191906,38.630682167122856,96.00363234835608,2.689706026599308,13.75294419877116,54.12791599327805,0,2026-08-25 06:31:48
2024-01-10 20:00:00,CNC-01,L,26.808638116057864,40.43072410591003,2417.6967018844844,24.951076684618354,127.71344880821168,3.183958438154773,11.386233202837516,55.56441931805999,0,2026-08-25 06:31:48
2024-01-10 16:21:00,CNC-03,H,299.32010375458,314.0030731257735,1824.0064677443074,40.97612483803899,108.01470901855039,2.4328942496217416,14.0350175191939,52.95086848316505,0,2026-08-25 06:31:48
2024-01-10 19:01:00,CNC-01,L,299.90615742108054,312.8668237905997,2251.8248258063854,24.226864178067487,55.31023917476791,2.853600254716606,10.396729562776557,53.56548842365224,0,2026-08-25 06:31:48
2024-01-10 16:19:00,CNC-01,L,298.94715349179535,313.2046901496684,1781.1762034560065,41.25315148135113,70.45183359248466,2.4268175226117252,13.82719585848258,52.26974718016284,0,2026-08-25 06:31:48
2024-01-10 19:14:00,CNC-01,L,299.9038342542915,313.2449426230438,2423.4548677095786,25.732453302249326,71.54441031329618,3.00536630139334,11.85915957233895,50.38157998662487,0,2026-08-25 06:31:48
2024-01-10 12:29:00,CNC-03,H,297.5454303790638,310.97872724903345,1455.6610222709871,46.29435522758631,20.499903726339628,2.2149288685328172,12.57782506593139,51.732127243266866,0,2026-08-25 06:31:48
2024-01-10 10:24:00,CNC-01,L,296.31826930503564,311.50239322288957,1531.7454084032163,52.15747254166521,194.7095394671031,3.008940235947081,14.833610154642853,55.25525005973064,0,2026-08-25 06:31:48
2024-01-10 22:07:00,CNC-01,L,299.6098001679903,312.7225635861202,2603.8856974846562,21.63442563048689,54.216756384796724,3.085622075758163,10.59512453371117,51.57596370806253,0,2026-08-25 06:31:48
2024-01-10 13:12:00,CNC-03,H,297.804896624976,311.7729424972423,1455.5906216366836,48.48274305923175,88.77770238049763,2.205354193598182,13.28247570789858,52.86623389951071,0,2026-08-25 06:31:48
2024-01-10 22:41:00,CNC-03,H,299.6832170305201,311.9679456093611,2750.9274699833413,15.63519514131963,109.46083155462647,3.325126583299107,7.934662362659528,47.84385136492249,0,2026-08-25 06:31:48
2024-01-10 05:50:00,CNC-03,H,296.05036930933227,310.882929541432,1917.6954423642094,38.308657409943734,181.78234815993838,2.945973712299747,13.90326128290382,56.967575303570484,0,2026-08-25 06:31:48
2024-01-10 02:12:00,CNC-02,M,297.5813505460386,310.39616135735287,2645.5288025514974,17.940033344386606,197.81049397851072,3.7983348328109803,8.93680444577508,57.88200894538195,0,2026-08-25 06:31:48
2024-01-10 23:28:00,CNC-01,L,298.932405523121,311.5978424448627,2598.832048204078,19.102391157913598,141.49403793293655,3.2888168502721813,9.042943006231035,53.492101373783214,0,2026-08-25 06:31:48
2024-01-10 22:16:00,CNC-03,H,300.0464914708706,312.19151298846117,2595.9950263419696,17.804245181806593,82.41675822240907,3.1363612951110724,8.632400364297549,48.20151538887135,0,2026-08-25 06:31:48
2024-01-10 17:18:00,CNC-02,M,298.75497656264963,312.432229162955,1754.9063406102143,35.13377578100804,67.67962060710101,2.393308706389377,11.633106703880461,51.00471883453619,0,2026-08-25 06:31:48
2024-01-10 02:05:00,CNC-01,L,297.77151669145275,311.17451660075363,2741.713018328104,21.125189004889055,175.21052202274666,3.7676540937150134,11.093760287599178,54.33771876665738,0,2026-08-25 06:31:48
2024-01-10 20:32:00,CNC-03,H,26.953806972717246,41.05059377010798,2301.7003330152393,27.272303721772772,210.41480251463418,3.369302473563196,11.911261567708527,47.842025916716395,0,2026-08-25 06:31:48
2024-01-10 22:01:00,CNC-01,L,300.0179741995479,312.19040262911705,2633.089481039786,17.652753209502134,47.62684871587155,3.1331112585061316,8.673592785864617,48.42642634794051,0,2026-08-25 06:31:48
2024-01-10 12:47:00,CNC-01,L,296.9645613320126,311.97431515964803,1386.0309887997619,52.90767951632356,,2.7313589958296243,13.639927559770378,59.1040633895716,0,2026-08-25 06:31:48
2024-01-10 09:19:00,CNC-01,L,296.32544865719376,310.1819370854281,1423.1580517768655,47.20991186533105,93.62327775255386,2.1368228855359197,12.76608859875288,64.09316486198543,0,2026-08-25 06:31:48
2024-01-10 11:54:00,CNC-01,L,296.86020575151673,311.403637911106,1416.4036856070013,54.03614121450477,114.12518587164999,2.1275611076434378,14.487280329223443,55.54804821904828,0,2026-08-25 06:31:48
2024-01-10 08:33:00,CNC-02,M,295.5509910550663,0.0,1650.2947066677582,44.11275450953061,26.816728041848577,2.2787223103245715,13.68134649606702,59.52775773038616,0,2026-08-25 06:31:48
2024-01-10 01:35:00,CNC-03,H,297.85264770523884,310.4053074619242,2649.3664714417496,17.800722537656597,110.02237396044978,3.282220433899423,9.212151531408752,55.26468652207901,0,2026-08-25 06:31:48
2024-01-10 00:19:00,CNC-02,M,298.850691373287,311.1595251553653,2655.9357131752513,17.12877759332029,76.3163117670485,3.2256139004451416,8.57738380816261,57.76114952978227,0,2026-08-25 06:31:48
2024-01-10 02:15:00,CNC-03,H,297.92540582834073,311.13149546035123,2557.004311638861,21.377393432948974,153.9646030302542,3.4097488200741775,10.201752960851916,59.129611224420934,0,2026-08-25 06:31:48
2024-01-10 22:51:00,CNC-01,L,299.53902741410366,311.10727898167477,2761.333447291437,12.915537608025588,101.88597068715085,3.320959874783711,6.6813779413215855,54.35739967507508,0,2026-08-25 06:31:48
2024-01-10 18:12:00,CNC-01,L,299.7597583168292,314.8338847958539,2000.13542478188,37.27715888138706,226.28517819725883,3.7507740621280736,13.881629130511962,53.402136621613344,0,2026-08-25 06:31:48
2024-01-10 09:30:00,CNC-02,M,296.11001215818976,310.69800630159904,1503.8273265658972,47.751656427746966,113.81215424968825,2.2713968371560447,13.524355072652689,54.95965713751874,0,2026-08-25 06:31:48
2024-01-10 22:46:00,CNC-02,M,298.1348763226865,309.8280926419089,2795.606103935427,13.4566306639382,0.0,3.362027477127448,7.131723283435322,52.89634925867766,0,2026-08-25 06:31:48
2024-01-10 10:07:00,CNC-01,L,296.6258318204882,311.4117474224756,1457.2802589185262,51.75223561406523,168.0619393861457,2.566553071525779,14.071661692971444,60.537510762967386,0,2026-08-25 06:31:48
2024-01-10 19:14:00,CNC-02,M,299.1489078637799,313.884956065173,2102.4341267385057,33.26598933242158,219.45148101824736,3.6476414529696246,13.001037181656693,53.791629380512965,0,2026-08-25 06:31:48
2024-01-10 20:45:00,CNC-03,H,27.133792024181446,40.495770504321456,2494.984526105897,21.275226599395417,225.40640376862916,3.7450805177063655,9.797618183736981,51.26616798942325,0,2026-08-25 06:31:48
2024-01-10 01:32:00,CNC-01,L,298.1455035040632,310.96400040598314,2542.9761356722925,20.0238059849992,139.11844065629782,3.370799791259946,9.251267859068118,57.66152171602458,0,2026-08-25 06:31:48
2024-01-10 15:58:00,CNC-01,L,298.91946464255085,313.03018168530036,1674.9182366014613,40.03506106095759,39.959296951112634,2.28191922514063,12.666665435776958,51.93906841824652,0,2026-08-25 06:31:48
2024-01-10 17:22:00,CNC-03,H,300.03255665040695,315.2099682440099,2035.308771588625,38.12891260433333,194.0506792448289,3.042812481694046,14.809533031266435,49.33417952446665,0,2026-08-25 06:31:48
2024-01-10 03:14:00,CNC-01,L,297.52176847901967,309.91471870180277,2516.3337723862664,20.34679192552628,51.15197484050271,3.0889638181759183,9.569870012403726,52.667159463855405,0,2026-08-25 06:31:48
2024-01-10 20:26:00,CNC-03,H,27.152871660321466,41.32062673029907,60421.74277883073,26.82238585719054,203.3784211555884,3.467941911043997,11.824319592548191,53.44469834325705,0,2026-08-25 06:31:48
2024-01-10 09:27:00,CNC-03,H,296.17602515868657,309.8975685609294,1553.0729445588952,42.975673746759576,7.676024122085504,2.235111247342692,12.47864976254635,57.924607049486006,0,2026-08-25 06:31:48
2024-01-10 16:08:00,CNC-01,L,298.8187053100682,312.9012737127662,1837.2385714321072,38.95047315593309,54.648700454644285,2.4513823257588645,13.413378356433276,52.07671466588166,0,2026-08-25 06:31:48
2024-01-10 19:07:00,CNC-02,M,298.9511628382258,314.1322157850621,2101.730162777809,35.952155055837245,210.63116125170245,3.400437507645448,14.14826187950656,54.43228623723323,0,2026-08-25 06:31:48
2024-01-10 14:41:00,CNC-03,H,298.78382469943875,313.5675041151101,1490.1955878963367,48.73049065923371,227.74402684492594,2.916905428359208,13.627955927968861,49.8516757572407,0,2026-08-25 06:31:48
2024-01-10 07:07:40,CNC-03,H,295.54961108974845,309.42530753310075,1689.1274802432708,40.27229424898838,33.25693075943548,2.364801099024511,13.081892960931347,59.16953136898587,0,2026-08-25 06:31:48
2024-01-10 09:14:00,CNC-02,M,295.57973374106695,309.9378573021504,1627.6579605448474,44.42774178012335,89.13959140758536,2.293798174536624,13.411197312857421,66.48742672316762,0,2026-08-25 06:31:48
2024-01-10 20:48:00,CNC-01,L,26.58829120778546,39.49268990173351,2636.4478405313243,19.644207635307847,183.8044345289421,3.800353799388259,9.56741650321249,51.52951708930029,0,2026-08-25 06:31:48
2024-01-10 22:01:00,CNC-02,M,298.81095863473723,311.8878698906456,2687.427790636444,19.239905236124308,165.81618311541902,3.5726566627113017,9.689301452369447,54.959839500278214,0,2026-08-25 06:31:48
2024-01-10 22:41:19,CNC-02,M,298.3116454368266,310.6976685643624,2754.47894479305,13.91219561553761,209.5571576578517,4.049467115294601,7.402820772399914,53.179056595643985,0,2026-08-25 06:31:48
2024-01-10 03:26:00,CNC-03,H,297.24699146092854,310.7878380793025,2393.889528587699,26.738420132936014,3.4981826870266826,28.85861664024011,11.841081557551233,55.402106491129274,0,2026-08-25 06:31:48
2024-01-10 12:31:00,CNC-02,M,296.3114497333329,310.7217655102179,1255.0944370360617,55.342004547567356,150.62592806924883,2.2506210180582156,12.992170512643884,60.71521045086554,0,2026-08-25 06:31:48
2024-01-10 13:33:00,CNC-01,L,302.5661459501437,310.58654666656435,1411.0306681350455,49.6384243597975,56.81339061345257,2.0385791916898475,13.22932434395436,44.20861829849069,0,2026-08-25 06:31:48
2024-01-10 10:18:00,CNC-01,L,296.43925914272853,310.90675081020674,1412.0760421601558,49.50913417188999,185.20409790861908,2.6964929919983756,12.936821705882481,56.61933583531734,0,2026-08-25 06:31:48
2024-01-10 19:37:00,CNC-01,L,300.0059818050184,313.3803645993983,2488.9818850243337,24.07458771569823,99.79573828009062,3.2173097174270016,11.301587494230452,48.67249237822613,0,2026-08-25 06:31:48
2024-01-10 02:40:00,CNC-02,M,297.2085615257296,308.22061574493824,2731.897628192146,11.604229970057704,4.460073438746155,3.2423286119520127,5.914400033717937,56.273992558549445,1,2026-08-25 06:31:48
2024-01-10 14:20:00,CNC-03,H,298.56296510781135,313.5071571922356,1431.4775524999457,53.00225014922372,195.2953824873312,2.610682537828212,14.233755000390673,53.57638697501598,0,2026-08-25 06:31:48
2024-01-10 15:01:00,CNC-02,M,297.63117854039996,312.02642239256727,1507.0543581718662,45.646527268466855,127.11266513644689,2.327560268510488,12.888489074977521,58.23645193936757,0,2026-08-25 06:31:48
2024-01-10 01:53:00,CNC-03,H,,310.3079763398831,2614.022810029879,17.570582069711282,129.6264936845647,3.2559746111831362,8.52462946820198,54.44744307354062,0,2026-08-25 06:31:48
2024-01-10 12:52:00,CNC-02,M,296.35984559055674,310.9637574589254,1509.2129233868247,47.76340696754296,183.9447225122373,2.624802796579436,13.50755612847313,53.14469796101873,0,2026-08-25 06:31:48
2024-01-10 19:19:00,CNC-03,H,300.5280326604872,314.89379651895,2238.892553822796,32.219000278567265,122.73759239178554,2.96655610825163,13.78317726014542,48.2684403170852,0,2026-08-25 06:31:48
2024-01-10 08:42:00,CNC-01,L,296.228122955406,310.18845555781223,1624.7494899689318,41.70458259159366,37.122045613203774,2.2727392384286342,12.663590926001588,55.97026127362827,0,2026-08-25 06:31:48
2024-01-10 14:00:00,CNC-02,M,296.93403997208156,311.0629673526271,1597.649940099083,45.54507848727336,32.82336639335197,2.2929499580378345,13.725818800411671,60.87159598736663,0,2026-08-25 06:31:48
2024-01-10 14:07:00,CNC-02,M,297.00446566708706,311.10124687919404,1470.7890640269043,48.45560324615356,43.793744791503855,2.053477503237384,13.310951038371918,54.42090279990944,0,2026-08-25 06:31:48
2024-01-10 20:01:00,CNC-01,L,26.98703255432406,40.31690908795207,2378.891711879178,23.612570335563536,128.87933101242479,3.186597615116059,10.681704451622883,48.89131278406246,0,2026-08-25 06:31:48
2024-01-10 21:34:00,CNC-01,L,299.7458730227355,311.4242290475608,2524.7862065368577,17.111675170607917,17.82392190103569,3.1242729707386054,8.072407896087466,52.07838735907798,0,2026-08-25 06:31:48
2024-01-10 06:50:25,CNC-02,M,296.0269191931768,309.9864203363434,1946.6868849687273,34.086774148062325,89.04801452994809,2.6300281602709514,12.205623885863996,56.33452951519473,0,2026-08-25 06:31:48
2024-01-10 23:19:00,CNC-02,M,297.8314422281933,309.49714543366355,2764.216171833099,12.886362832758754,35.15254726044845,3.2605915492184443,6.693002146780287,58.92342452738582,0,2026-08-25 06:31:48
2024-01-10 18:16:00,CNC-01,L,300.07626568281495,314.68889121330164,1969.1569355618926,35.14176261573986,231.51968218982708,3.7923554150378784,12.993970586346304,49.274540945230854,0,2026-08-25 06:31:48
2024-01-10 15:16:00,CNC-02,M,297.70203217405657,312.6674055671313,1695.439038923974,45.359508074773984,149.80714533774616,2.5193916808809553,14.640541845319644,52.711412027444105,0,2026-08-25 06:31:48
2024-01-10 19:57:36,CNC-01,L,26.902553722423647,39.952963503713534,2547.7512039181333,20.388969025684553,124.13162347920797,3.325840128744866,9.615853322093583,50.50897030856909,0,2026-08-25 06:31:48
2024-01-10 00:36:00,CNC-03,H,298.9840828790756,311.48203718826517,2556.9631291169258,19.200452730472918,46.69754185340142,3.17158159126624,9.22327833056725,50.986217860339714,0,2026-08-25 06:31:48
2024-01-10 20:25:00,CNC-02,M,25.89199914322097,39.41619678085351,2497.718143224225,24.004639297301804,57.20937242863751,3.0578099581714757,11.187444942185701,54.9634667284432,0,2026-08-25 06:31:48
2024-01-10 17:01:00,CNC-02,M,298.70738533815165,312.9196438533288,1921.3582858451005,37.239326127110694,44.19974757626221,25.257309471424037,13.41036125296641,52.198058060642,0,2026-08-25 06:31:48
2024-01-10 18:29:00,CNC-03,H,299.8932677026623,313.5819797793045,2075.2837978800308,32.332402756747975,59.43374610172851,2.6714401551657305,12.604284958315825,49.40779755914905,0,2026-08-25 06:31:48
2024-01-10 21:28:00,CNC-03,H,300.1580319148226,312.5161713408033,2660.635286209218,18.686068188380105,29.591229306969804,31.57689769681119,9.197702091745253,53.3234613825169,0,2026-08-25 06:31:48
2024-01-10 06:03:00,CNC-03,H,296.10880440322995,311.7073905100346,1796.7651558311338,46.45075523683106,199.04029679635332,2.9338057285417274,15.7139863492581,59.42321282879661,0,2026-08-25 06:31:48
2024-01-10 13:31:00,CNC-03,H,298.03743365750427,312.55107609335124,1384.7287886578467,53.20099193370846,118.8511600581798,2.091696672364562,13.6657790439995,51.03396448835311,0,2026-08-25 06:31:48
2024-01-10 17:29:09,CNC-03,H,299.97546442019285,315.1628787284018,1865.7437045281595,41.80879495526761,203.65621581029848,3.0273443405327995,14.616245438620053,50.630129146626814,0,2026-08-25 06:31:48
2024-01-10 19:52:00,CNC-01,L,26.96538514284606,41.41303362862311,2287.8548780239666,30.81813777109009,118.12504664861228,3.0520329846265724,13.175354426877215,52.322552575693905,0,2026-08-25 06:31:48
2024-01-10 21:41:00,CNC-03,H,299.9339481203012,312.1171123318572,2470.5805994166662,18.433650361747503,44.112556830982165,3.0862064289978353,8.28211264225715,54.36439406097807,0,2026-08-25 06:31:48
2024-01-10 15:18:00,CNC-03,H,298.8389340244996,312.7305111136898,1563.0861778938056,44.773669455547875,15.116831470117438,2.113110061799928,13.106057806449034,50.837723182916484,0,2026-08-25 06:31:48
2024-01-10 12:02:00,CNC-02,M,301.83609841521104,309.75043610985324,1335.8370370926132,48.9701400027928,104.59393270207853,20.428367411552482,12.296921885394216,49.73941987575385,1,2026-08-25 06:31:48
2024-01-10 20:47:00,CNC-03,H,27.028335462526513,40.45073622748703,2557.174939536682,21.834549265694967,227.72876825309763,3.9493137754221266,10.630400877650418,51.01898458569685,0,2026-08-25 06:31:48
2024-01-10 21:29:00,CNC-02,M,298.9313129908545,312.98594819506656,2482.649959147533,25.624626031194644,130.5314204982344,3.150790983769982,11.817440011627745,56.22894922612688,0,2026-08-25 06:31:48
2024-01-10 21:16:00,CNC-03,H,26.79521567939247,39.80021807275921,2511.9945903908883,22.918713633443215,16.068999641303655,3.078404264501588,10.910634659952963,51.26059427463799,0,2026-08-25 06:31:48
2024-01-10 02:05:00,CNC-03,H,298.05245695467295,311.44261556326694,2630.9373158042176,23.189519887604767,142.92669066442707,3.350489832313804,11.227715315387783,53.294081204436786,0,2026-08-25 06:31:48
2024-01-10 21:37:00,CNC-01,L,299.80140826672374,312.4285627465594,2500.16303355716,20.759951359896085,21.184745564616613,2.9654384042928434,9.776381627841412,48.21152848635719,0,2026-08-25 06:31:48
2024-01-10 08:51:00,CNC-02,M,295.6184274313104,310.04049707336895,1486.093385824939,49.95706323552324,54.10466412721133,2.075884451849128,14.139341533391015,60.68975974791881,0,2026-08-25 06:31:48
2024-01-10 03:27:00,CNC-03,H,297.14517285091193,310.04681510236594,2315.011097911298,25.11148377915326,4.712658304307068,2.8410913305770427,10.676850541705882,58.464490861143354,0,2026-08-25 06:31:48
2024-01-10 23:23:00,CNC-02,M,298.0816243085777,309.51362402328596,2748.6526393167364,11.736536394282766,,3.226148246865608,6.198629172977446,59.23263930933159,1,2026-08-25 06:31:48
2024-01-10 01:58:00,CNC-01,L,298.1609546312604,311.97489949176764,2627.502314068881,22.92923428017429,167.46104913104855,3.6547459420116364,11.353033397270092,58.66180126098219,0,2026-08-25 06:31:48
2024-01-10 04:50:00,CNC-03,H,296.29719337071606,310.05238971176743,2164.234909492231,29.73054947373971,104.82492551394276,2.8073913864438107,12.204179576493887,57.77311837234606,0,2026-08-25 06:31:48
2024-01-10 04:44:00,CNC-01,L,296.37385188689973,310.51057836841375,2106.7114480285527,31.735143660675824,158.55599600653713,3.0617448746416973,12.487222202529061,60.971417326435365,0,2026-08-25 06:31:48
2024-01-10 20:50:00,CNC-01,L,26.434880706485444,40.40347420282046,2351.312848330389,,186.16433761753993,3.708758563750973,11.796154392334984,55.2426794041535,0,2026-08-25 06:31:48
2024-01-10 13:52:47,CNC-01,L,303.14317849653213,311.71071399391707,1638.1503330796722,45.65604601786241,89.69356805977984,2.31156641532754,13.781983682751816,47.10014667648453,0,2026-08-25 06:31:48
2024-01-10 00:20:00,CNC-03,H,298.59583120300476,309.9408283193015,2645.082489719618,14.737630490427355,29.58514831016698,3.1578424480229064,7.252893632717936,56.99403038586447,0,2026-08-25 06:31:48
2024-01-10 19:47:00,CNC-03,H,300.32532174785297,314.3058327151087,2414.3337814769575,27.847983120132465,156.91657371279993,3.2009507712234706,12.540342715658353,52.88955493719821,0,2026-08-25 06:31:48
2024-01-10 13:42:00,CNC-01,L,302.5780726828868,310.063859386089,1339.5631758873792,48.55846202847955,70.98338470007171,2.0585432786730875,12.258998170126109,50.04932755848869,1,2026-08-25 06:31:48
2024-01-10 22:24:00,CNC-03,H,299.74876460111307,311.69862289507995,70524.49114573593,14.70575496124946,91.08109977999679,3.3984274106753385,7.453350265285047,54.70027129567661,0,2026-08-25 06:31:48
2024-01-10 23:32:00,CNC-02,M,298.5447777299592,311.1180626648381,2706.91562372089,16.89190489801922,49.03590419386625,3.1821440801171494,8.807758381904204,56.55746553817046,0,2026-08-25 06:31:48
2024-01-10 12:56:00,CNC-03,H,297.66827737388326,311.8060869758747,1381.7484659339711,51.54711557774037,63.347826413647205,2.126510887099259,13.316643560516459,55.355071292320986,0,2026-08-25 06:31:48
2024-01-10 06:25:00,CNC-03,H,295.6248748882961,310.4476857856484,2105.233390244523,34.113780657171645,228.6698543924064,3.441345284914984,13.434675701623043,59.377728910267884,0,2026-08-25 06:31:48
2024-01-10 12:03:00,CNC-02,M,301.8186929787886,310.40037716255137,1366.9448807067183,52.39198629476344,106.16975859578262,2.176479170011871,13.26230726308622,47.246225013691614,1,2026-08-25 06:31:48
2024-01-10 13:09:00,CNC-03,H,297.7846316098165,312.4568597409329,1449.2041653890346,53.33533682523683,84.04970798161757,0.0,14.573301080846635,53.776250616307124,0,2026-08-25 06:31:48
2024-01-10 21:36:00,CNC-01,L,299.66581562447226,311.30286761085114,2646.503095113965,15.265571342823268,20.045227838484003,3.195717585929909,7.712177359127685,52.40781571329349,0,2026-08-25 06:31:48
2024-01-10 01:38:00,CNC-02,M,297.93036511032994,310.7158777114081,2617.620773536315,18.91681352979817,160.91016815419198,3.444565577840869,9.375709943156028,57.3876248856614,0,2026-08-25 06:31:48
2024-01-10 20:56:00,CNC-02,M,25.765317774006405,38.92391128328387,2482.17724513534,21.025721959863418,93.18316320527926,3.161425900689572,10.164783644594019,53.28420566703444,0,2026-08-25 06:31:48
2024-01-10 14:29:00,CNC-02,M,297.21041159581955,311.2897735654783,1421.5250816195028,47.209686077992984,78.07254019456877,2.1564349965222105,12.629964789941036,58.73798233803876,0,2026-08-25 06:31:48
2024-01-10 09:09:00,CNC-02,M,295.90871817453757,310.4313545947717,1503.970096860899,47.586428493051436,81.56257081638314,2.2598539022632536,13.325492511202677,54.98583665991818,0,2026-08-25 06:31:48
2024-01-10 00:48:00,CNC-01,L,298.4466277094999,310.4363844479902,2838.108808392417,16.544283102273305,91.92960034947103,3.4090149692897707,8.783121336015304,50.30265368817687,0,2026-08-25 06:31:48
2024-01-10 09:31:00,CNC-03,H,295.7868216502374,309.97659223338746,1536.3514267146566,49.13493732573745,13.868246339566928,2.083236952312754,14.257394572466406,54.60091017793629,0,2026-08-25 06:31:48
2024-01-10 08:51:00,CNC-01,L,296.53933107362076,310.1375565194611,1576.936239270121,42.59919636646313,50.71987729089936,2.243711953472968,12.504382345871583,56.18825727853157,0,2026-08-25 06:31:48
2024-01-10 05:49:00,CNC-01,L,296.2645690988284,310.23333982628714,2012.2720921670896,35.20600963770342,2.646226291854639,2.667003832738245,13.5688287417764,61.26540228140277,0,2026-08-25 06:31:48
2024-01-10 04:03:00,CNC-01,L,296.7531075922393,310.7437701482324,2230.205242683398,30.88409731414779,108.62136319781165,3.013339842293905,12.93359547930106,57.67330819798243,0,2026-08-25 06:31:48
2024-01-10 08:01:00,CNC-03,H,295.6218724046797,309.9424343420824,1799.1412656924426,39.282726664816,109.50785039061024,2.5116957027240763,13.037852583797598,60.38922532295781,0,2026-08-25 06:31:48
2024-01-10 06:35:00,CNC-03,H,295.85206151542377,311.39780911743503,2012.0334451996248,39.183794576608555,242.19602263792657,3.5140539263521657,14.716212342054064,57.518002058216155,0,2026-08-25 06:31:48
2024-01-10 05:01:00,CNC-01,L,296.4329064733964,311.5502854107849,2129.68046626204,37.51791457038715,180.0477775655394,3.2211879810250665,14.967107182729963,58.48442392471494,0,2026-08-25 06:31:48
2024-01-10 04:11:00,CNC-01,L,296.71241362407613,310.26334005144105,2381.7197052142465,25.065895798587277,118.27446448830527,3.0662087271564773,11.157263021861336,52.38466156637745,0,2026-08-25 06:31:48
2024-01-10 21:49:00,CNC-03,H,300.1462162606468,,2551.8494761831803,15.288648248991121,52.95531916453164,3.1164569683936763,6.943259593381768,47.47055396202469,0,2026-08-25 06:31:48
2024-01-10 05:55:00,CNC-03,H,295.58320182624084,310.51743034284283,2016.5819841717973,36.92160637642526,188.29897778258203,3.057632419855904,13.958297509537255,59.524175248678354,0,2026-08-25 06:31:48
2024-01-10 03:55:00,CNC-02,M,296.5067146124412,309.0377023959993,2379.355437343316,19.90462405176249,90.94839592729677,2.9615453570715244,8.691023330222206,56.4591180431946,0,2026-08-25 06:31:48
2024-01-10 18:29:00,CNC-01,L,299.7491556035203,313.4279539545194,2060.1321966344804,33.441980313535645,14.479928035064216,2.6834424154719447,13.03236514525954,52.520560164146616,0,2026-08-25 06:31:48
2024-01-10 19:39:00,CNC-02,M,299.18932774412957,312.07336384606515,2439.240937734002,22.216605928604427,2.3961449934893695,3.0359978559601735,10.085228778273786,47.94149807573827,0,2026-08-25 06:31:48
2024-01-10 15:41:39,CNC-01,L,298.5770255891979,312.1878037868806,1861.929330997997,37.107999829368204,14.746825123701457,2.536591967118692,13.259305765497356,57.23505536968508,0,2026-08-25 06:31:48
2024-01-10 08:43:00,CNC-03,H,295.8096540169566,310.6175871636654,1622.985456970861,46.05406193583059,172.1810106088356,2.6055512823441003,13.885812976780223,58.44435758127131,0,2026-08-25 06:31:48
2024-01-10 01:13:00,CNC-01,L,298.10266193654036,310.93713179650234,2638.1948497217,18.66276799299683,118.70487572217249,3.3249676931416867,9.12782866359414,52.44824258753142,0,2026-08-25 06:31:48
2024-01-10 16:03:00,CNC-02,M,298.1467188145221,314.0743149298447,1695.9071073854736,50.05694301378205,219.62177445930718,3.2532937079677784,16.04102073226052,54.25443575339397,0,2026-08-25 06:31:48
2024-01-10 17:35:00,CNC-01,L,299.56055692517805,314.7324074658854,1973.5942655268314,41.44374841414042,176.5492204923641,3.1097764966938004,15.344056981774225,50.45593904294562,0,2026-08-25 06:31:48
2024-01-10 09:12:00,CNC-03,H,296.09068262029655,311.279447841632,1537.765535971153,50.91444610552743,215.99940506482056,2.817100485401338,14.50386448577169,58.052983716341195,0,2026-08-25 06:31:48
2024-01-10 11:47:00,CNC-01,L,296.68683162420876,311.0324064632827,1407.5371047220453,52.74818656369817,103.04976954539408,2.2331890855022567,13.888896471739791,57.248862966189364,0,2026-08-25 06:31:48
2024-01-10 03:57:00,CNC-01,L,296.82946448465776,310.20931089806714,2438.898291865029,24.248264690497102,101.49077415696922,3.144330633382772,11.24455231132618,57.42573469675116,0,2026-08-25 06:31:48
2024-01-10 22:17:00,CNC-02,M,298.7266409556253,312.13466757756214,2580.0328535329772,20.52675775847953,183.416726651023,3.5716789848820714,9.841093690541024,52.07761591198109,0,2026-08-25 06:31:48
2024-01-10 10:25:00,CNC-02,M,301.29912479733713,310.6279436497353,1456.071834249264,54.9433022006089,199.95128533246785,2.641074009413259,14.652501469844703,46.97299146560824,0,2026-08-25 06:31:48
2024-01-10 21:26:00,CNC-01,L,26.544855879972488,39.621155740949234,2503.8414389808077,22.799489004043778,8.957319024630708,3.163669664955147,10.730203377053071,52.469432045719024,0,2026-08-25 06:31:48
2024-01-10 01:49:00,CNC-03,H,298.05636560469435,310.37663437198705,2758.4247558368947,15.70483299738041,125.17761032929619,3.3553320605666315,7.89474386082332,55.1482102885285,0,2026-08-25 06:31:48
2024-01-10 11:47:00,CNC-03,H,297.06452221709213,312.3105603367312,1444.3273765991844,54.68975933232543,227.7578479855976,2.893557405283455,14.759748250637545,54.853578451441074,0,2026-08-25 06:31:48
2024-01-10 04:08:00,CNC-02,M,296.72676342388047,309.15012492137646,2436.401300287043,18.546023488696747,106.43396997677814,29.47490508083182,8.567229734254902,58.69638376952729,0,2026-08-25 06:31:48
2024-01-10 02:25:00,CNC-02,M,297.72077766715114,310.3418810722489,2639.7340941425714,15.990228498113147,212.23829737584902,3.998858521701313,7.905856876263513,58.80286182332838,0,2026-08-25 06:31:48
2024-01-10 03:37:00,CNC-01,L,296.9116585691815,309.7970713717055,2424.262850613862,22.259321736404473,77.93175785226698,3.0594780968287236,10.206601035606754,55.92493442881316,0,2026-08-25 06:31:48
2024-01-10 11:10:00,CNC-02,M,301.3393977146895,309.406163250139,1422.7551587644823,50.31303207635886,22.16570003310514,2.157740078015095,13.247940416903612,49.19101755188328,0,2026-08-25 06:31:48
2024-01-10 23:51:00,CNC-03,H,299.4687969805454,312.27967785925387,2747.2371664476877,18.529432006933586,184.35266506414294,3.7415709121616527,9.449555446484936,49.3892642003844,0,2026-08-25 06:31:48
2024-01-10 12:13:00,CNC-02,M,301.8678973834683,310.25955574222024,1310.7843870596269,52.52532899154355,122.0057789200466,2.074597815409382,13.028830581882254,47.98590248088313,1,2026-08-25 06:31:48
2024-01-10 10:53:00,CNC-02,M,301.26026619537663,310.7598627529599,1435.0551173076014,54.3600900347129,244.08843646564677,3.137940485293162,14.486050506128002,50.2932935418217,1,2026-08-25 06:31:48
2024-01-10 18:17:00,CNC-02,M,299.11982745642644,313.37978778215637,2151.391479553831,29.656547967417012,146.79425277702865,3.087048991813596,12.238058608033104,50.114447457189065,0,2026-08-25 06:31:48
2024-01-10 14:11:00,CNC-03,H,298.3926876542593,313.0529243778491,1498.274729374308,48.605903820600425,181.32445759213596,2.5019025119476197,,56.10186210714245,0,2026-08-25 06:31:48
2024-01-10 02:53:00,CNC-03,H,297.48142905144834,310.89342730228685,2481.670140314283,22.72804996635268,196.30141169549654,3.464677366620885,10.602799951418714,55.766179834199235,0,2026-08-25 06:31:48
2024-01-10 00:37:00,CNC-02,M,298.5323674498181,310.10802418422503,2755.3258118964122,12.53954599202023,95.5110502047372,3.372242485155957,6.430432592866709,49.34618555222618,0,2026-08-25 06:31:48
2024-01-10 01:45:00,CNC-03,H,298.2483465409861,310.94572270120807,2567.160574386771,20.085518670758,120.89461425101645,3.2559976999750333,9.520477425237724,53.39641897208556,0,2026-08-25 06:31:48
2024-01-10 21:19:00,CNC-02,M,25.746392047537825,38.809823543094865,2691.62814392726,17.738400728300153,119.33421239550908,3.343560918260992,8.85295530777115,54.802934044955805,0,2026-08-25 06:31:48
2024-01-10 10:33:00,CNC-03,H,296.3601800958011,310.5614561709907,1442.0764063884064,49.11755155774786,110.5095137949887,2.1726213780625137,13.43960500783316,58.263870555731096,0,2026-08-25 06:31:48
2024-01-10 13:06:00,CNC-03,H,298.3145544416882,,1347.8364637498134,51.92659175868098,2334.6874029703863,1.9980311068345713,13.143919152839889,54.65137653809785,0,2026-08-25 06:31:48
2024-01-10 19:51:00,CNC-01,L,26.982058514277128,41.2618795982072,2347.4729353359276,30.456351613863653,116.90872511151358,3.036308695035343,13.455836511465934,50.37421499572281,0,2026-08-25 06:31:48
2024-01-10 23:38:00,CNC-02,M,298.3762697727135,310.04440465741374,2762.4774971619554,11.484527079714718,55.39754001786629,3.259184713776123,5.954911666806399,58.57611255564122,1,2026-08-25 06:31:48
2024-01-10 10:39:00,CNC-03,H,296.47231512390783,310.91078956730814,1340.682755757646,54.37159940251308,120.0003425297759,2.0817841231989145,13.756139937542228,56.8381444231353,0,2026-08-25 06:31:48
2024-01-10 05:05:00,CNC-03,H,296.37007388529895,310.53412161004167,2305.31912138096,30.2413988848532,123.7541204469455,3.0167300108297157,13.046174160340682,54.82277633260368,0,2026-08-25 06:31:48
2024-01-10 14:15:00,CNC-01,L,303.0243035117125,311.5315491421349,1710.9249785082836,43.52003231314895,122.37491177568518,2.6253666954059747,14.051956522553658,45.67701861670699,0,2026-08-25 06:31:48
2024-01-10 05:57:00,CNC-02,M,295.80816590539024,309.1047312882016,1843.8004340306952,33.91075514937379,18.617733681997034,2.4693873427265984,11.524288029378496,58.14761483800836,0,2026-08-25 06:31:48
2024-01-10 04:02:00,CNC-03,H,296.9192552857008,309.3425919581242,2434.9750365130394,21.133777116500237,45.844160834814595,2.942177732467287,9.76274610963475,56.4091741258545,0,2026-08-25 06:31:48
2024-01-10 20:38:00,CNC-02,M,25.943159520893403,38.91432054250731,2390.665300522866,22.104570492055647,72.48885935578899,2.9272691788604557,9.87274620404205,54.69833804726372,0,2026-08-25 06:31:48
2024-01-10 10:42:00,CNC-02,M,301.3329227711326,310.81672557059323,1425.6031455195505,54.76121592673774,226.78238980202528,3.033207463368011,14.648335319713334,51.01338728951727,1,2026-08-25 06:31:48
2024-01-10 07:00:00,CNC-01,L,296.0983625988884,310.59358441288606,2006.9938942867323,37.81317606453461,99.46327039389928,2.7226147774689204,14.193559835396112,55.596542724009886,0,2026-08-25 06:31:48
2024-01-10 23:08:00,CNC-02,M,298.5309822355136,310.93080814867994,2694.4777385477937,16.49737439755058,23.380995171106196,3.3865826779141646,8.089596730585814,54.026135345393705,0,2026-08-25 06:31:48
2024-01-10 12:31:00,CNC-01,L,296.7269693770173,311.2028376473939,1329.0376354063376,51.77921503455554,173.03907617634925,2.4720902346198415,13.066257008578667,58.40888035252476,0,2026-08-25 06:31:48
2024-01-10 11:00:00,CNC-02,M,301.293673560987,309.3374002977585,1356.584415971308,51.99492747411386,6.372925857337188,1.939757381012385,13.38422502019005,52.93500751047078,1,2026-08-25 06:31:48
2024-01-10 23:37:00,CNC-02,M,298.5731645626737,310.4825298113769,2827.7413333996874,13.93689590679906,54.35614662679041,3.4321922563359286,7.520047332722972,51.715335622277905,0,2026-08-25 06:31:48
2024-01-10 02:36:00,CNC-01,L,297.74951262419785,309.74199901463334,2513.7989597932224,17.53832421094574,7.970524526743334,3.058396166462525,8.231530405465145,54.40262815715874,0,2026-08-25 06:31:48
2024-01-10 11:27:15,CNC-02,M,301.56446300273296,309.3840717961453,1325.1489142752453,50.79113574944903,50.567143603121714,2.0451337471776867,12.572183912767787,49.83014336755383,1,2026-08-25 06:31:48
2024-01-10 11:48:00,CNC-03,H,297.1486897978928,311.9673085121696,1392.3346552132878,51.0066127254761,229.3578479855976,2.7962006584674013,13.564841848997817,55.07079515281527,0,2026-08-25 06:31:48
2024-01-10 12:44:00,CNC-01,L,296.95314731320013,311.1631088429884,1343.8463952893803,50.960939827325916,193.6712587966915,2.738716024596147,13.002245285625634,57.108965203831346,0,2026-08-25 06:31:48
2024-01-10 23:24:00,CNC-01,L,299.10635105484147,311.0646084967245,2736.339256067181,13.71735104936782,137.25456984215265,3.517825225542183,7.133069902297412,50.626426400590255,0,2026-08-25 06:31:48
2024-01-10 01:18:00,CNC-02,M,298.2204072715404,310.01152756695853,2764.600674317501,13.068516843123149,139.16053332536308,3.6150717562852304,7.08451027601608,55.12214346748194,0,2026-08-25 06:31:48
2024-01-10 20:09:00,CNC-01,L,27.28035054525867,41.24407467890893,2509.2092934451252,26.36534209359865,138.36687955397883,3.2407654438614606,12.199660495607267,54.71598543782635,0,2026-08-25 06:31:48
2024-01-10 16:04:00,CNC-01,L,298.97098355813057,312.7658169037452,1790.210114883762,40.52146009279461,48.76127843451245,2.400916785315062,13.58962020796945,50.6771351259024,0,2026-08-25 06:31:48
2024-01-10 04:35:00,CNC-02,M,296.45397101557336,311.11694556794293,2203.600541636447,32.92508607450721,139.23649173643074,3.005280522238111,13.794907028262962,61.16664829447021,0,2026-08-25 06:31:48
2024-01-10 00:27:00,CNC-02,M,298.8202636991336,310.5718432421879,2777.3262555036467,13.719964734852567,84.78880016957831,3.3768424722438652,,53.97369004342682,0,2026-08-25 06:31:48
2024-01-10 04:01:00,CNC-02,M,296.93915143068995,309.8983687555831,2256.441458830697,24.708287754130772,98.04022219445417,2.9660130229288817,10.463297885529855,56.62322691135204,0,2026-08-25 06:31:48
2024-01-10 01:16:00,CNC-03,H,303.6518060807977,310.4475163027501,2552.7246282518363,20.592657675642588,89.65790766400877,3.1551644733048203,9.6648510603256,44.40327282753441,0,2026-08-25 06:31:48
2024-01-10 01:38:00,CNC-03,H,298.38272249769346,310.9696496197001,2732.594335993605,17.428489610155854,113.29102519417962,3.2598806076588778,8.62796312542702,54.35980465778597,0,2026-08-25 06:31:48
2024-01-10 13:20:00,CNC-03,H,297.91328339941316,312.1042762713495,1341.513812263754,52.75368871397038,101.45839460013066,20.119700952798514,13.217132882100582,53.2538798342687,0,2026-08-25 06:31:48
2024-01-10 14:53:00,CNC-02,M,297.4385077869527,312.26387900443876,1471.9899788306743,50.29784371244222,114.93862829259128,2.2119703070963284,13.637602370471631,54.00300963344097,0,2026-08-25 06:31:48
2024-01-10 06:05:00,CNC-02,M,296.0482022498455,310.4116076140638,1971.4086989915866,37.32033450845578,29.318178840844226,2.6988073377302664,13.857504667731073,54.192648932754345,0,2026-08-25 06:31:48
2024-01-10 08:02:00,CNC-01,L,296.1036497910002,311.1275249358611,1511.2583022913705,50.51969982290367,188.53149516614747,2.8694886385203118,14.249316122322446,59.050037385070354,0,2026-08-25 06:31:48
2024-01-10 23:44:00,CNC-02,M,298.11945671777903,310.63767807655165,2788.6410773165526,16.883915092040464,61.83322089630847,3.338336967744807,8.770007471054647,52.887707213248426,0,2026-08-25 06:31:48
2024-01-10 15:13:00,CNC-02,M,297.73751222674656,312.2838654081876,1510.1106737593457,48.57328298302472,145.29431118332445,2.4192681734792094,13.528506686745956,52.60578688813585,0,2026-08-25 06:31:48
2024-01-10 08:20:00,CNC-01,L,296.24355963875024,309.9612344021898,1693.6788093683551,41.32223780077319,4.447627796772131,2.2727486272055244,12.847082684343844,59.20281359595384,0,2026-08-25 06:31:48
2024-01-10 00:23:00,CNC-01,L,298.8282296037621,310.2795203579736,2760.108120562871,13.89607133084587,65.17289857090806,3.3515848644002384,7.304318491197561,49.33160020881711,0,2026-08-25 06:31:48
2024-01-10 23:08:00,CNC-01,L,299.28115595915006,,2704.8069705250873,19.103226446667595,120.23955717669992,3.4519024476990667,9.676650993730023,51.011241043032776,0,2026-08-25 06:31:48
2024-01-10 09:23:00,CNC-02,M,296.14683035299373,310.42263237505443,1406.6215959501358,49.56054608973134,102.94471375250116,2.0294923176239306,13.039837253702718,56.226973972747686,0,2026-08-25 06:31:48
2024-01-10 20:07:00,CNC-02,M,25.891803090542908,39.03275033957431,2466.100217826759,22.79337522667317,35.98458391002747,3.0202118568846594,10.423214316856834,56.06121431830239,0,2026-08-25 06:31:48
2024-01-10 04:45:00,CNC-03,H,296.5051184001914,309.3925933619909,2260.4270225743303,23.207623397707565,98.58506090112309,2.958208645420574,9.784745891099845,59.53066209860776,0,2026-08-25 06:31:48
2024-01-10 12:17:00,CNC-02,M,301.6822629385497,310.09056347362423,1357.4932644682178,52.719359812964335,128.3784183587299,2.173880550617982,13.210001397665046,47.46121645038762,1,2026-08-25 06:31:48
2024-01-10 20:10:00,CNC-02,M,25.949338720607045,38.819363791878914,2451.1534465220316,21.77714710918865,39.48980226492782,2.9793548931422102,9.91963074492034,55.50747030545981,0,2026-08-25 06:31:48
2024-01-10 02:00:00,CNC-03,H,298.07725927290215,7106.396567929184,2607.677426990482,19.850095452367764,4046.330991781844,3.2108659554439254,9.528054316899928,59.161278641058075,0,2026-08-25 06:31:48
2024-01-10 11:04:00,CNC-02,M,301.1807775565794,309.44806465728675,1371.3165258343388,50.45225781438562,12.668631315899143,2.0814315399159424,12.927727810065043,52.00189199996375,1,2026-08-25 06:31:48
2024-01-10 03:09:00,CNC-03,H,297.18308555343623,310.9342000550899,2446.7959536978283,24.64660239360777,214.64665156073366,35.37122961353972,11.379027237976448,57.92347074188357,0,2026-08-25 06:31:48
2024-01-10 13:29:00,CNC-02,M,296.56986414939234,311.86553163689354,1409.1424443088933,53.77224148336786,242.31750818118084,3.2502715850075283,14.08337611704262,58.250225108400876,1,2026-08-25 06:31:48
2024-01-10 15:42:00,CNC-03,H,299.0016603496261,312.66890022875833,1617.0161270767871,41.39667087224345,50.91085760950554,2.3251889535413905,12.429590263781602,51.65864364211091,0,2026-08-25 06:31:48
2024-01-10 05:47:00,CNC-03,H,295.72174791382105,310.97193357024753,2182.034263816605,36.15044346557809,177.81669426701663,3.0503155316143236,14.866632970614853,58.6138652177179,0,2026-08-25 06:31:48
2024-01-10 06:58:00,CNC-01,L,296.0554132702989,310.0832177857922,1839.7168661659703,36.824293166207035,96.66938585433414,2.6070621006073296,12.703763857264573,57.852918019337125,0,2026-08-25 06:31:48
2024-01-10 07:57:00,CNC-01,L,296.25684573049733,311.129935855698,1965.3866896346346,38.145413592450545,181.16694498010747,3.1626596325099103,14.181134454746221,50.36353859841678,0,2026-08-25 06:31:48
2024-01-10 23:44:00,CNC-01,L,298.66204948782774,310.77907750476237,,15.920623067251741,158.45822130989256,3.5633612168182096,7.8358804781423705,55.48076153877915,0,2026-08-25 06:31:48
2024-01-10 16:09:00,CNC-01,L,298.64633405175226,,1901.1327228607597,38.52178424490237,56.04404704634112,2.620360538201198,13.65643135365053,56.84924583066141,0,2026-08-25 06:31:48
2024-01-10 00:14:00,CNC-03,H,298.90715488855074,310.0783246586871,2813.848631620461,11.830440401936487,23.236713683654855,32.77550912310102,6.2869972670885845,52.55681547333237,1,2026-08-25 06:31:48
2024-01-10 16:32:00,CNC-02,M,298.4820167162153,312.06842678503455,1635.5576290609242,38.92154551693576,,2.2780525723469527,12.038545621726056,53.86066146301205,0,2026-08-25 06:31:48
2024-01-10 08:49:00,CNC-02,M,295.7127499380034,310.08526224716724,1549.0968974091347,46.41553997270528,51.05454311125998,2.185991851087218,13.382733632996711,56.24047970136237,0,2026-08-25 06:31:48
2024-01-10 06:07:00,CNC-03,H,295.98031576229016,311.12117974854596,2105.5019990999076,36.313282836401086,204.37105974684124,3.3773871011395378,14.330117751463728,59.39768377507047,0,2026-08-25 06:31:48
2024-01-10 08:23:00,CNC-01,L,296.16183250332296,309.93897936237295,1879.7619041635683,37.68043774986874,8.904882410296581,2.556506502286477,13.011083447743022,56.08348126937892,0,2026-08-25 06:31:48
2024-01-10 22:23:00,CNC-01,L,299.62595590947114,312.7181535255917,2664.8941009642913,21.67098812411578,71.74343408835303,3.207260568546611,10.800682084768393,44.160010473864,0,2026-08-25 06:31:48
2024-01-10 02:01:22,CNC-01,L,297.7044700007184,311.65424249210736,2424.09788360369,25.493930256715636,170.8174549397243,3.4980581912230466,11.238172004392313,58.557067332897105,0,2026-08-25 06:31:48
2024-01-10 04:21:00,CNC-02,M,296.5927272034,310.9920321345661,2339.2840814829124,31.09418959208962,122.12954867946162,3.0989290985507445,13.682200985013298,56.07195223926299,0,2026-08-25 06:31:48
2024-01-10 12:04:00,CNC-01,L,297.147444650442,311.5886319723962,1406.6577477507992,54.25816007804469,130.0189963374058,2.264630975120906,14.3331125300837,56.981217522298905,0,2026-08-25 06:31:48
2024-01-10 22:18:00,CNC-03,H,299.81432209394916,311.670246304478,2587.5061063652,16.572030913223845,84.59233878372308,3.132561594976047,7.923283940964633,48.42855831828377,0,2026-08-25 06:31:48
2024-01-10 17:12:00,CNC-01,L,299.5999559689814,314.1402522452382,1818.098119492317,40.62571745460719,145.27449132873605,2.8099747804898136,13.934497101926992,53.22496211074297,0,2026-08-25 06:31:48
2024-01-10 15:23:00,CNC-01,L,298.24780682038886,313.2610274278752,1644.1885664993547,45.94008257374209,226.64633482755852,3.3382521587425513,14.088976029655486,55.16318811663389,0,2026-08-25 06:31:48
2024-01-10 11:01:00,CNC-02,M,301.1456472962666,309.28289132068414,1543.8443458837837,47.20363784331166,7.910120727753759,2.1990231540523024,13.726890989674365,48.32334532930942,0,2026-08-25 06:31:48
2024-01-10 16:55:00,CNC-02,M,298.95884631019527,313.2522189999294,1948.9301598306297,36.04686025422701,35.754082000769934,25.238651220747183,13.257517838874314,56.46474256458245,0,2026-08-25 06:31:48
2024-01-10 23:03:00,CNC-02,M,298.3388949120152,310.21486274655604,2727.7069123137917,15.004475479067422,18.01257532518284,3.2154410445070414,7.7116709113592234,52.507341016161874,0,2026-08-25 06:31:48
2024-01-10 11:09:00,CNC-03,H,296.91391834356125,311.63740534463693,1382.036605357809,51.985782005862255,167.39027770465154,2.2941515125023835,13.77038566303478,,0,2026-08-25 06:31:48
2024-01-10 19:30:00,CNC-01,L,299.9722191249542,313.1555915311548,2364.2164124411024,24.76146872640217,91.29318764094423,30.020752694454803,10.94456186631021,53.48489460695498,0,2026-08-25 06:31:48
2024-01-10 12:44:00,CNC-03,H,297.72801253497573,311.90000929089814,1410.7839537392692,52.59781728899186,44.172965276514766,2.0302042520226444,13.868782327346063,1717.0031424316878,0,2026-08-25 06:31:48
2024-01-10 08:44:00,CNC-02,M,295.6747684229705,309.9219478947598,1472.1795512108922,49.2519528359331,43.47916975359931,2.0817004856275023,13.483378768406503,62.042239740796674,0,2026-08-25 06:31:48
2024-01-10 17:30:00,CNC-01,L,299.7283347274538,314.71944291390304,2146.793356713746,35.83585137784553,169.805571365509,3.246658883768008,14.457747140176767,48.27739214200066,0,2026-08-25 06:31:48
2024-01-10 21:16:00,CNC-01,L,26.816350538566212,40.56921261659238,2507.871585704867,22.228545489955568,215.86284573324676,4.001998924608648,10.73582742929567,52.25590907190052,0,2026-08-25 06:31:48
2024-01-10 01:24:00,CNC-02,M,298.06722625397543,310.5915590739537,2600.7704864566454,17.451766109762854,145.6729399985822,3.3522478405814065,8.414935398624367,55.61486601918383,0,2026-08-25 06:31:48
2024-01-10 12:26:00,CNC-02,M,296.4415144800696,310.9113344629783,1360.7140199501814,51.8130812845176,142.72530116415547,,13.075560955616357,58.741026622934406,0,2026-08-25 06:31:48
2024-01-10 18:42:00,CNC-03,H,300.1791452032133,313.87338130480015,2154.5685074401913,31.5552071904413,76.31987395261227,2.582199495302997,12.795518072669955,47.81453427105989,0,2026-08-25 06:31:48
2024-01-10 22:55:00,CNC-02,M,298.4593848646198,310.90644633985175,2806.855847490113,16.743040066996205,9.478001082711993,3.405385274349544,8.896245799302546,57.35673497956882,0,2026-08-25 06:31:48
2024-01-10 09:29:00,CNC-03,H,296.4187812774025,310.0837981150767,1369.2579807154873,48.73659584843352,10.729604701226185,2.042674826232966,12.532261580229774,57.6037473771534,0,2026-08-25 06:31:48
2024-01-10 14:22:00,CNC-01,L,303.06934475620744,311.68478416216556,1489.018397915,51.88013611455484,133.2684069744078,2.34659169676203,14.511679756612505,46.325458824014014,0,2026-08-25 06:31:48
2024-01-10 05:52:00,CNC-03,H,296.0164848748189,310.67980139075024,2147.9070112986687,34.29173282966333,184.3815979932351,3.2325965965465313,13.668347482936362,57.98053481769955,0,2026-08-25 06:31:48
2024-01-10 09:13:00,CNC-03,H,296.0182208325182,311.40989273409195,1661.4195966876553,48.5477590029225,217.50183857101038,3.018515781398278,14.976856692233369,57.06836034305926,0,2026-08-25 06:31:48
2024-01-10 10:46:00,CNC-01,L,296.697449612817,310.3835347688682,1327.8160342751064,51.421515238881796,6.3990321348277535,1.8751369801951232,12.832685560739154,57.63722786864355,0,2026-08-25 06:31:48
2024-01-10 21:56:00,CNC-03,H,299.9856327927255,312.15210496859277,2616.0018057195307,19.11831669010612,60.61487568812389,3.1332520215664394,9.593777464480354,52.221349137615334,0,2026-08-25 06:31:48
2024-01-10 19:29:00,CNC-01,L,299.9536369916599,313.5972028778389,2280.534801215048,28.48484435153516,90.08931811862229,2.935360557958337,11.888418660216253,51.0960631418089,0,2026-08-25 06:31:48
2024-01-10 02:59:00,CNC-02,M,297.42474726055497,310.07859467654725,2498.242831889907,20.919525137905637,25.937596439601883,2.985849283337332,9.818529653721386,53.50165280479248,0,2026-08-25 06:31:48
2024-01-10 16:31:00,CNC-02,M,298.46390871606195,312.74254264544567,1839.9904254302248,41.56226723956672,1.4569567161497257,2.5405631138558196,14.298853610869248,54.05262749900672,0,2026-08-25 06:31:48
2024-01-10 22:12:00,CNC-01,L,299.5898914177898,311.9050849850534,2623.6755133205725,18.23605887971159,59.768813612882404,3.06089397612095,9.136786067894446,53.80496051444292,0,2026-08-25 06:31:48
2024-01-10 04:18:00,CNC-02,M,296.7203033319414,310.29660398426347,2434.0885542854207,24.594409346205182,118.48764979863073,3.1412952733919695,10.985763369042552,53.02518791385901,0,2026-08-25 06:31:48
2024-01-10 03:54:00,CNC-02,M,296.4185596968835,309.46252038635646,2295.110566420793,23.330113894204455,89.78348684854632,3.0757138836169866,9.928370878813961,59.31222474886078,0,2026-08-25 06:31:48
2024-01-10 17:31:00,CNC-02,M,298.9160889056664,313.2266361782246,1931.2435966244395,35.75845117061701,85.44520423005099,2.5181987349751744,13.161998539678102,50.3628741230442,0,2026-08-25 06:31:48
2024-01-10 17:34:00,CNC-01,L,299.6361005465484,314.4474301621768,2019.0320091779993,37.38059922176963,175.17851781939305,3.175754236735265,14.210734971573283,48.606925406182945,0,2026-08-25 06:31:48
2024-01-10 03:56:00,CNC-03,H,296.95145753734425,310.0475576095663,2435.5934848351353,24.08035851335943,38.60249382135364,2.931746295888773,11.06568453467833,58.47086244378269,0,2026-08-25 06:31:48
2024-01-10 16:07:00,CNC-01,L,298.9049871323968,312.70172830169855,1706.245935061695,40.44885224997023,53.22354834384974,2.3182712111073016,12.770610553242742,51.989838457594026,0,2026-08-25 06:31:48
2024-01-10 09:02:00,CNC-03,H,295.91854951537806,310.8093060865042,1507.7467313671336,49.291602313192755,200.78010373904075,2.713516079172427,13.783404105061642,53.978563644315535,0,2026-08-25 06:31:48
2024-01-10 01:19:00,CNC-01,L,298.2512881485179,310.35317287497577,2604.22415091394,16.49457196038775,125.03580385879908,3.3404553513887727,8.013827981099562,57.563294593604105,0,2026-08-25 06:31:48
2024-01-10 08:24:00,CNC-03,H,295.90603523400387,310.1614660226952,1783.6267974770874,40.153273927597525,143.63118317068853,2.6044421246555167,13.50024451406199,60.51881072325578,0,2026-08-25 06:31:48
2024-01-10 22:16:00,CNC-02,M,298.5153336587725,311.9529567382879,2533.2465481637087,20.260831953121155,182.30851060377762,3.5607962917756923,10.017796290088002,52.94315918515889,0,2026-08-25 06:31:48
2024-01-10 13:45:00,CNC-01,L,302.80604742352614,310.391707218298,1322.9988529032755,49.20286607981855,75.62711757259014,1.9590792964420203,12.299544636934636,45.12897696831332,1,2026-08-25 06:31:48
2024-01-10 14:52:00,CNC-01,L,298.15236816711223,313.0228478235017,1445.0539018210152,51.70344578327938,179.66975378716586,2.7508726513628616,13.815185190511668,54.68452724402782,0,2026-08-25 06:31:48
2024-01-10 08:04:00,CNC-03,H,295.856512009163,310.60238516873375,1568.1161501264553,47.43632393142389,114.00548819560237,2.275717476775715,13.865890760198793,55.73502957651943,0,2026-08-25 06:31:48
2024-01-10 23:22:00,CNC-03,H,299.4464220207265,311.40734194262683,2732.688406440611,15.1008675132322,153.5479477105729,3.488934715712616,8.027336829492073,51.69975455159459,0,2026-08-25 06:31:48
2024-01-10 15:33:00,CNC-02,M,297.94324649152435,313.0360499837328,1733.3239491252689,43.85120027691085,175.36070475355075,2.6118446319460147,13.953019098148841,56.70521261607504,0,2026-08-25 06:31:48
2024-01-10 09:09:00,CNC-03,H,296.07068835993925,311.47194228285497,1694.8960505522857,47.86716931821888,211.3280793455955,2.796945394222106,15.038919326784375,60.08232282624689,0,2026-08-25 06:31:48
2024-01-10 02:12:00,CNC-03,H,298.2300883115104,311.158243126509,2594.8531015000967,20.143087090623247,150.6381070897393,3.39553378450208,9.75604877554395,58.21669880813832,0,2026-08-25 06:31:48
2024-01-10 07:03:00,CNC-02,M,295.7709603783561,309.9294482223402,1748.9196329684264,39.438590166759234,108.75870264906156,2.525307751080984,12.911283694933257,59.45784685466329,0,2026-08-25 06:31:48
2024-01-10 03:40:00,CNC-01,L,297.0712054805659,309.04411651985447,2544.5550847534823,16.91244669295414,81.36935576538323,3.1467606133228423,7.971286187511261,54.55595763753062,0,2026-08-25 06:31:48
2024-01-10 09:11:00,CNC-03,H,296.1986245575099,311.30430028119656,1488.649924549325,52.72503064364168,214.43963731353628,2.823838677834733,14.403437181127307,62.28641420688253,0,2026-08-25 06:31:48
2024-01-10 03:47:00,CNC-01,L,296.8926624194327,309.6164126046248,2544.7264630249815,19.060413658120506,89.55655898550759,3.2453665905546423,9.06811943665563,59.3985116061537,0,2026-08-25 06:31:48
2024-01-10 00:42:00,CNC-02,M,298.8297407397332,310.6673382712263,2696.269624117648,14.459152120922695,100.92466521373423,3.226030260643828,7.289621336369639,47.84972107136701,0,2026-08-25 06:31:48
2024-01-10 23:47:00,CNC-01,L,298.92885966113255,311.55650730875897,2645.6070688035766,18.506439614470157,161.64336118481089,35.81412350648081,8.923208552526463,54.48323869690875,0,2026-08-25 06:31:48
2024-01-10 21:33:00,CNC-01,L,299.82473408200946,311.139841930612,2720.3189222929623,13.077067401243593,16.719691654526166,3.241518878148543,6.616429432803292,48.05948563320588,0,2026-08-25 06:31:48
2024-01-10 00:47:00,CNC-03,H,304.08544052391335,309.834115921411,2699.0453531741014,14.81918867276423,58.4150036472586,3.137548441480751,7.618558219958261,43.6482078736523,0,2026-08-25 06:31:48
2024-01-10 06:13:00,CNC-02,M,296.3279925958543,,2066.293351542062,34.71715339040171,39.96046667287562,2.6009704377266463,13.476389544352662,61.12562715765993,0,2026-08-25 06:31:48
2024-01-10 23:06:00,CNC-02,M,298.223544683212,310.6120334935393,2705.105731453544,16.61086996580615,21.28109972246951,3.2162701683620947,8.55991457227216,52.460010532425976,0,2026-08-25 06:31:48
2024-01-10 10:10:00,CNC-03,H,296.64228367425244,310.93986798539447,1467.9656407514244,49.417892877860716,74.3204748757769,2.2045606918342644,13.84615494042483,55.70527568276566,0,2026-08-25 06:31:48
2024-01-10 04:49:00,CNC-01,L,296.4503846415465,311.13279269221823,,33.33474121664354,164.87168466930876,3.1755991012793765,13.52857664453951,59.0246771036285,0,2026-08-25 06:31:48
2024-01-10 23:53:00,CNC-03,H,299.3947042206566,311.7987395743554,2827.886412979423,15.577409706997031,186.45842564773713,3.784729028458575,8.103877790777943,52.870215195451,0,2026-08-25 06:31:48
2024-01-10 01:42:00,CNC-03,H,298.3668533793486,310.654605524638,2804.1104664005456,16.021194715269267,117.63874693935475,3.4911996238736194,8.536677665399447,55.71161143475832,0,2026-08-25 06:31:48
2024-01-10 22:29:00,CNC-03,H,299.8137974508892,312.28596473137713,2529.0654869447635,19.210492224563133,96.49593217975159,3.075725982822293,8.845725947831303,53.90631281748638,0,2026-08-25 06:31:48
2024-01-10 20:13:00,CNC-02,M,25.885763535698857,38.753424090382396,2333.0281510524787,22.168973663806046,43.01255320422024,2.940936809291732,9.719358104050327,52.45996616271428,0,2026-08-25 06:31:48
2024-01-10 15:57:13,CNC-03,H,298.78648063477,312.9850578853066,1654.2306357010596,43.5059046002393,71.56534555248639,2.2644019564540026,13.616244688927924,49.99043736280102,0,2026-08-25 06:31:48
2024-01-10 23:37:09,CNC-01,L,298.8450581019567,311.2434394247985,2700.2195645584734,16.05086425376945,151.0750046230748,35.67368539404316,8.130690553283182,49.886738316607705,0,2026-08-25 06:31:48
2024-01-10 14:10:00,CNC-03,H,298.3111744436342,313.7521490458173,1579.2119025963175,51.49776704725639,179.7875520076568,2.6352069205566955,15.114091693645408,56.41687943089105,0,2026-08-25 06:31:48
2024-01-10 20:37:00,CNC-03,H,27.337829080552638,41.24518809151658,2420.654367648571,25.61275226064548,216.19718165526487,35.418699450511774,11.521740188757402,50.44087842616561,0,2026-08-25 06:31:48
2024-01-10 21:03:00,CNC-03,H,26.927691743613934,40.39163983996639,2420.73796917324,27.637959308932306,1.1628685271530208,2.9429613856402086,12.570571106690807,50.467206136329,0,2026-08-25 06:31:48
2024-01-10 12:57:00,CNC-01,L,297.3801957902875,310.5008590190034,1338.5746129655015,47.693491151329745,0.0,19.555351547623335,11.904302055939947,55.43704566215888,0,2026-08-25 06:31:48
2024-01-10 09:08:00,CNC-01,L,296.3367736799325,310.4344636254152,1636.1779238390884,44.014134856948885,76.63553030043813,2.223955228029469,13.315843174697497,55.36440941799864,0,2026-08-25 06:31:48
2024-01-10 03:34:00,CNC-03,H,296.97580167152955,309.92881694531627,2359.8286903565386,25.826815105066803,12.81808657488153,2.984219146786448,11.410147044937363,58.62021368271117,0,2026-08-25 06:31:48
2024-01-10 03:37:00,CNC-03,H,296.88083441695943,310.0414450697721,2338.0429311770904,26.28837759090333,16.311454351798456,2.9236855938518267,11.533603266710598,56.04440104352363,0,2026-08-25 06:31:48
2024-01-10 12:19:15,CNC-02,M,301.67637415347986,310.0746658693604,1364.6389060005736,50.79999558054126,129.97111231196047,2.1791060799072417,12.89597655098943,48.07144154990309,1,2026-08-25 06:31:48
2024-01-10 02:02:00,CNC-01,L,298.099422405893,311.7233503501894,2568.712870365828,23.374431666045176,171.94841811299816,3.5914837019015398,11.214123034932168,59.17896618661723,0,2026-08-25 06:31:48
2024-01-10 08:21:00,CNC-01,L,296.2177660568197,310.2034859368733,1521.9267203292234,46.088716818583364,6.003353961946435,2.1832443532812356,13.504197087660998,55.13676721469137,0,2026-08-25 06:31:48
2024-01-10 20:08:00,CNC-03,H,26.99404471633943,41.153086174138025,2340.780469548597,28.28951125544044,182.01182485305577,3.338885476211795,12.345984931534344,48.48700055783624,0,2026-08-25 06:31:48
2024-01-10 08:50:00,CNC-02,M,295.4902940882204,308.6787849777146,1632.993790589204,37.248668211356005,52.53869637488606,2.2738972400857174,11.046691143709111,59.98821019740581,0,2026-08-25 06:31:48
2024-01-10 08:15:00,CNC-02,M,295.4058116049078,309.404246466729,1754.7646303643237,40.990885665331156,0.0,2.310440737353283,13.724223893283423,1895.4400268641712,0,2026-08-25 06:31:48
2024-01-10 14:57:00,CNC-03,H,298.58686138580373,314.0480967738766,1573.5023433325277,49.70629184360421,252.11600272399485,3.226543465819533,14.517996375848877,57.12146131825987,0,2026-08-25 06:31:48
2024-01-10 02:31:00,CNC-02,M,297.6337555378044,310.7363856428371,2530.7449301849733,19.708367883914928,218.94627373321674,3.937731345510377,9.226366044058485,57.001516111607316,0,2026-08-25 06:31:48
2024-01-10 12:38:00,CNC-03,H,297.81344063049795,7118.0926064468495,1432.6662397529371,48.166744516305336,34.708088415510595,2.1035836957493017,12.982670863847392,54.86832227677254,0,2026-08-25 06:31:48
2024-01-10 21:52:00,CNC-01,L,299.63220777987317,311.5359211272827,2579.7389585327714,16.782841680568584,37.80079489008861,3.0920302274823728,8.307263934843883,53.610366642844795,0,2026-08-25 06:31:48
2024-01-10 03:41:00,CNC-02,M,297.0486458102772,309.7301389816076,2482.5863651986824,21.690791228098668,74.40750409144133,3.0893742118555667,10.200088571778641,59.51691857247062,0,2026-08-25 06:31:48
2024-01-10 06:45:00,CNC-02,M,295.7199366667247,309.4033862554222,1918.4956726807084,34.11895903863451,83.58356168926899,2.5092259836622404,12.116405750016403,57.70746153016689,0,2026-08-25 06:31:48
2024-01-10 10:30:00,CNC-01,L,296.82893022067435,311.67154236927246,1380.5911634370038,54.55830685629349,204.092750387363,3.015685211613804,14.079550449557125,55.53509725436218,1,2026-08-25 06:31:48
2024-01-10 09:20:00,CNC-01,L,296.32437729356917,310.1121154215611,1484.2512169743334,44.0354403833024,95.14433309737514,2.066034914224442,12.312639430041267,59.54182365252107,0,2026-08-25 06:31:48
2024-01-10 06:27:00,CNC-02,M,295.85525584898465,309.8827640801366,1889.8669095210935,38.1821045300924,58.880006021706045,2.5488598214588527,13.239581101369794,58.672247439772654,0,2026-08-25 06:31:48
2024-01-10 16:54:00,CNC-01,L,299.6840956555875,313.9425721536198,2006.3906984919859,35.78380996330738,120.03451754845734,2.7563764458581637,13.421812282497331,54.350915708361605,0,2026-08-25 06:31:48
2024-01-10 19:50:00,CNC-02,M,26.088443857246318,39.46001278447193,2281.794879242291,26.84649998463954,15.840590031759296,2.7958248393444514,11.794989322398077,60.18817838188234,0,2026-08-25 06:31:48
2024-01-10 01:56:00,CNC-01,L,297.9126839077731,310.7504270903192,2706.9298038449915,17.037244487315625,165.24772131256927,3.671985120925076,8.576154062658622,56.81813915804504,0,2026-08-25 06:31:48
2024-01-10 14:06:00,CNC-03,H,298.56658644479546,313.4522053949391,1635.7167105909116,46.372025010459225,173.62259255487422,2.6813348352089967,14.267956453596872,52.318565693026095,0,2026-08-25 06:31:48
2024-01-10 21:00:00,CNC-01,L,26.679464853519846,40.68606149957054,2451.5047373495418,25.774012207505532,197.48702753405485,3.800419712166695,11.788500623136015,49.25453470120746,0,2026-08-25 06:31:48
2024-01-10 10:28:00,CNC-01,L,296.6372436900438,311.3297623752201,1438.7351143869032,50.467773477525824,200.90768675173646,2.962145542404466,13.488324910296326,56.184570672243225,0,2026-08-25 06:31:48
2024-01-10 02:59:00,CNC-03,H,,311.1154483876049,2545.8427625438185,22.734796134869047,203.14988445618056,3.63845101420894,10.865279003095859,54.91235774301503,0,2026-08-25 06:31:48
2024-01-10 10:25:00,CNC-01,L,296.6571597530916,311.5480761504627,1496.2262864488491,51.62056289270435,196.26234443242345,2.923695665374945,14.35986503580931,55.74560913460294,0,2026-08-25 06:31:48
2024-01-10 06:43:00,CNC-02,M,295.6097312120168,309.9355104491746,1798.718582048343,40.797866987931506,80.86267769447959,2.4380872194581786,13.614525305035306,62.77668818411751,0,2026-08-25 06:31:48
2024-01-10 15:54:00,CNC-02,M,298.0674612118488,313.27455083881597,1617.7276385777304,46.83066300176158,206.48803580671208,2.9520643393356756,14.177398853481291,58.73676946955394,0,2026-08-25 06:31:48
2024-01-10 19:38:00,CNC-01,L,299.96606753554164,313.34265951544376,2065.580326125033,28.828778014360566,101.07629744454749,2.595187625867497,11.211621724703525,51.050329468807654,0,2026-08-25 06:31:48
2024-01-10 00:47:00,CNC-01,L,298.5920285266981,310.0030173012769,2663.7921450554118,12.835596623907811,90.88522263121968,3.201245386820423,6.647371847794406,52.48585513771847,0,2026-08-25 06:31:48
2024-01-10 04:46:00,CNC-01,L,296.44052542423725,310.6037390037263,2236.9186014644906,30.226354692951237,161.08215214057586,3.284137920635092,12.644862007745093,61.7306835208246,0,2026-08-25 06:31:48
2024-01-10 18:59:00,CNC-01,L,300.1010854905739,313.950198907375,2198.8698790409026,32.275475664855286,52.78471459579733,2.811145169502487,13.354760183231509,46.375082636549635,0,2026-08-25 06:31:48
2024-01-10 20:52:16,CNC-01,L,26.680336277620313,40.36866674557922,2462.5627875088644,23.66384824942646,189.57880464235419,3.6952077537330053,11.021090208335417,54.12655270904683,0,2026-08-25 06:31:48
2024-01-10 20:55:00,CNC-01,L,26.563396025863824,40.03336535009083,2568.871399580074,22.638834836116608,191.79518894324096,3.814366382710971,10.781279991365231,47.833953331992355,0,2026-08-25 06:31:48
2024-01-10 06:18:00,CNC-01,L,296.25226362239704,310.3613227774367,1988.646039732521,36.66614857484041,41.346410420837344,2.447443993820075,13.506090826597461,60.40136086630751,0,2026-08-25 06:31:48
2024-01-10 17:07:00,CNC-02,M,298.5210563420958,311.8670544044679,1854.1739090007823,31.377983744856234,52.42860202690816,2.487689572424663,10.975432525674547,52.07358336066332,0,2026-08-25 06:31:48
2024-01-10 02:36:00,CNC-03,H,297.94638322831423,312.00040935996367,2634.6743169574866,24.369251241144372,177.17688055258327,3.620487942586362,12.099117956795935,56.04553864593225,0,2026-08-25 06:31:48
2024-01-10 11:21:00,CNC-02,M,301.6671992058663,309.78515060106093,1484.1462613722094,47.01531541162227,39.508152346450615,2.1528017211237636,13.247029888625676,48.541344342682486,0,2026-08-25 06:31:48
2024-01-10 03:03:00,CNC-03,H,297.5447704712902,310.69973579226763,,21.886996778777526,207.645194891643,3.62115063118942,10.159483723510927,57.30359337588248,0,2026-08-25 06:31:48
2024-01-10 15:04:00,CNC-03,H,298.9210540523062,314.40365161145326,1538.8764393840393,52.97090643849868,262.6793140552908,3.4748661084736914,15.17827206618042,52.38811059165642,1,2026-08-25 06:31:48
2024-01-10 15:18:00,CNC-02,M,297.8474986483578,312.1646853084899,1586.6962516145188,41.6006179269692,152.76062113548141,2.55305607516431,12.449264874267683,55.754591129495374,0,2026-08-25 06:31:48
2024-01-10 04:14:00,CNC-01,L,2769.1843232521264,309.9183322669771,2327.8293193273093,25.849867843992577,121.90687078978345,3.1344432833363043,11.19897063790221,56.05361846985185,0,2026-08-25 06:31:48
2024-01-10 03:06:00,CNC-02,M,297.0369501650335,309.85345698292883,2513.4256658134955,22.164803306145547,33.93675602953376,3.1616704154050543,10.24012043510228,56.841563839421404,0,2026-08-25 06:31:48
2024-01-10 23:50:00,CNC-02,M,298.20993772962487,309.1408881507151,2769.6737443200627,9.2333759910709,68.21873022570846,3.404991209417428,4.763719838895484,57.31055271152948,1,2026-08-25 06:31:48
2024-01-10 11:38:00,CNC-01,L,296.8574847156678,310.7629851285702,1495.094784349402,44.905377004316044,88.78019315651868,2.1996780782624117,12.803551945946726,57.623030023451136,0,2026-08-25 06:31:48
2024-01-10 06:22:00,CNC-01,L,296.13587499485726,310.4594280299653,1964.3554192446338,37.744465485933965,46.73578608974378,2.530517738696635,14.019049991687933,60.03756134278412,0,2026-08-25 06:31:48
2024-01-10 12:35:00,CNC-03,H,297.41184013358946,311.23559510233275,,51.304830444364576,30.01355842223914,2.001359412014069,13.389134790426063,59.51648983943841,0,2026-08-25 06:31:48
2024-01-10 13:58:55,CNC-01,L,302.7539215335632,310.5018921778027,1312.2822853249554,49.34073982710197,99.0191622080213,20.841306510217912,12.211180769150001,41.87730221615669,1,2026-08-25 06:31:48
2024-01-10 18:48:00,CNC-02,M,298.8770295336446,313.1350015396029,2325.1650825941374,26.654284344446005,186.6530096516971,3.351736977978457,11.491041573790524,52.31360209410649,0,2026-08-25 06:31:48
2024-01-10 06:56:00,CNC-01,L,295.99416675693624,309.7375733203292,1802.1979496984063,36.18697548251121,93.86902860766385,2.438296256446633,12.192743346454286,56.01225675200987,0,2026-08-25 06:31:48
2024-01-10 13:48:00,CNC-03,H,298.15331026586364,312.8274425115443,1410.7150893348748,51.58730166823743,145.6090205844576,2.338807912175932,13.819222250697713,52.25402583716371,0,2026-08-25 06:31:48
2024-01-10 06:40:00,CNC-02,M,295.6701672226162,310.2648600633193,1911.9698813195175,39.72791416772888,76.66927418800563,2.546590260006581,14.423285511495173,56.88287079783773,0,2026-08-25 06:31:48
2024-01-10 04:48:00,CNC-03,H,296.70564235784127,310.6605540816124,2149.4800408919514,31.217750479230123,102.38058590192858,2.7204629286808975,12.505625171417833,60.31007782570077,0,2026-08-25 06:31:48
2024-01-10 05:06:00,CNC-02,M,295.9848532946389,310.0601721197875,2258.319940663983,28.270863039869287,178.02793510068472,3.3432900133803667,12.084507215587198,57.05077260184853,0,2026-08-25 06:31:48
2024-01-10 13:11:00,CNC-03,H,297.90325525744424,312.2098559036779,1376.6470597775394,53.39515122311899,87.21140580110959,1.9866770326929704,13.91137751515746,53.24180982291821,0,2026-08-25 06:31:48
2024-01-10 17:27:00,CNC-02,M,298.8985855957119,312.9543662727781,1996.6608783598365,34.86938633101578,79.99185516211229,2.5393927811331527,12.958795494361985,51.15288708320345,0,2026-08-25 06:31:48
2024-01-10 03:18:00,CNC-02,M,297.3009389729678,309.8860836276279,2460.3960832187936,22.28005022879633,47.78344564712615,3.0276182637434763,10.273871530241646,55.78740411772769,0,2026-08-25 06:31:48
2024-01-10 15:44:00,CNC-01,L,299.1218049883084,313.21641748132043,1649.0819640027034,43.5181513341791,19.199870463479822,2.328698692892492,13.444492301054565,52.99034831753465,0,2026-08-25 06:31:48
2024-01-10 19:42:00,CNC-01,L,299.9500786657052,314.12052864676826,2311.7803813892315,30.522677045753767,105.902520273368,2.989686493046001,13.081704687915664,49.58665439284403,0,2026-08-25 06:31:48
2024-01-10 14:55:00,CNC-02,M,297.6109816357866,312.4010201051601,1553.3097873585646,47.51363453564606,117.98148010717233,2.1639567799292005,13.865888788084556,59.84861742759175,0,2026-08-25 06:31:48
2024-01-10 10:37:00,CNC-02,M,301.0959732386126,310.0869571688365,1387.0467924339355,52.650030602445355,218.87706614531126,2.798908482097573,13.713148257598757,47.14484038613301,0,2026-08-25 06:31:48
2024-01-10 03:43:00,CNC-03,H,297.04885330871207,309.71981296206025,2427.9581244224064,21.999560451073933,23.37498818546232,3.0463494430085603,10.024457809372878,55.58489409156887,0,2026-08-25 06:31:48
2024-01-10 16:19:00,CNC-02,M,298.3816955235782,313.6699251022623,1766.6663556522494,42.81934951812568,242.81500783632498,3.613445382274089,13.979574584168377,57.36019098343999,0,2026-08-25 06:31:48
2024-01-10 21:53:00,CNC-03,H,300.2091808258054,312.802379012315,2659.547045149284,18.768337826787928,57.28269934692842,3.1947198214860086,9.515103670429845,50.56542127134187,0,2026-08-25 06:31:48
2024-01-10 12:36:00,CNC-01,L,296.71445726961787,311.4496387202019,1425.3709781054602,52.07420143550373,180.99258516420278,,13.833393475369888,54.152672625608226,0,2026-08-25 06:31:48
2024-01-10 07:12:57,CNC-01,L,295.9292251415269,310.0583597051895,1821.1838619650207,38.15749618652285,117.72392629524106,2.4859106472067265,13.093274553958153,56.92964996159251,0,2026-08-25 06:31:48
2024-01-10 21:37:00,CNC-02,M,298.7683789948419,311.2658868806139,2676.9215830017747,15.511252140049805,138.29093918665933,3.3619396659228276,7.775365479214867,54.842030368950994,0,2026-08-25 06:31:48
2024-01-10 12:46:00,CNC-02,M,296.67291969507494,310.85348648901095,1346.6111829730344,50.124546331072395,174.451961819676,2.500171484867433,12.832564716665486,57.84514910839585,0,2026-08-25 06:31:48
2024-01-10 14:21:39,CNC-02,M,297.3119876581314,311.75881603262667,1568.2765632658309,46.44590063198573,68.70724751096755,2.3372652698798575,13.472399513647762,57.60257545147453,0,2026-08-25 06:31:48
2024-01-10 22:44:00,CNC-01,L,299.37546717553556,311.13037627032463,2802.183275707088,14.7544790025298,94.42024702727672,3.412804195647181,7.811431696934318,48.36726248154862,0,2026-08-25 06:31:48
2024-01-10 21:18:00,CNC-02,M,25.681129302104466,38.25938204481645,2580.5197769437596,16.388953654939435,118.25986724558501,3.243711772904519,8.243275039781418,56.02206777983531,0,2026-08-25 06:31:48
2024-01-10 03:54:00,CNC-03,H,296.95070641051376,310.2678449637425,2422.698021892245,24.780492543355983,36.203890651941926,2.926206545353129,11.123784035687503,59.23361103655222,0,2026-08-25 06:31:48
2024-01-10 12:02:00,CNC-03,H,297.295872116083,312.601260784958,1460.4382553330602,51.735211076142775,251.59354237620576,3.0907152658119017,13.976702258012525,57.058392530326024,1,2026-08-25 06:31:48
2024-01-10 12:36:00,CNC-02,M,296.33533498555533,310.6475933506437,1350.5321821615025,50.309275244627926,158.55744609665908,2.2655298645445288,12.856458008454373,57.993139840964226,0,2026-08-25 06:31:48
2024-01-10 12:40:00,CNC-02,M,296.06130657552825,311.00049180378244,1404.9049123085297,51.88521221569411,164.93438913033978,2.4533939454685068,13.742093183980044,55.73803700501799,0,2026-08-25 06:31:48
2024-01-10 06:51:00,CNC-01,L,296.12677895354693,309.9564777597694,1782.2849033932807,38.160668482487225,86.84560769097484,2.4110168525501896,12.788601351011547,58.27791860895964,0,2026-08-25 06:31:48
2024-01-10 00:05:00,CNC-01,L,298.9923061206254,310.1476194465864,2747.849350283076,11.86071235824572,46.17625919292495,3.321009748255106,6.061219820955042,49.03805604137973,1,2026-08-25 06:31:48
2024-01-10 15:12:00,CNC-03,H,298.8147773882351,312.5610063366264,1587.559216226522,42.94640902230764,6.015595578945176,2.2168474118294896,12.740823466774522,51.73478846536797,0,2026-08-25 06:31:48
2024-01-10 23:16:00,CNC-03,H,299.8251978659366,312.0428111480049,2698.360868979581,15.369032668711087,147.14989985702957,3.4663130291951223,7.753575343264344,54.841150925183435,0,2026-08-25 06:31:48
2024-01-10 21:08:00,CNC-02,M,25.84237600224276,38.70130498089492,2604.258305062393,18.281575842565353,106.83465657633683,3.1820258777562245,,52.128954654455605,0,2026-08-25 06:31:48
2024-01-10 22:56:00,CNC-01,L,299.35797567598627,312.253858110409,2623.1516963970384,19.774021640214826,107.23918565148922,3.328938868584788,9.921919869696517,54.12183880476132,0,2026-08-25 06:31:48
2024-01-10 18:31:00,CNC-03,H,299.9422535658202,313.78806069551257,2128.6393582793553,30.805910017815243,62.04289913267187,2.7168369116440374,12.409506027344838,,0,2026-08-25 06:31:48
2024-01-10 21:36:00,CNC-03,H,300.1519636147205,311.736267503913,2653.8821859782747,15.592579480282582,38.439629051290865,3.2313925035980096,7.656852287352118,53.10182272902864,0,2026-08-25 06:31:48
2024-01-10 19:50:00,CNC-03,H,27.091386233655044,40.46384080752523,2475.833832284957,22.599230863541873,160.5151137272109,3.4019711805959068,10.270717385912084,50.04230245972267,0,2026-08-25 06:31:48
2024-01-10 22:44:00,CNC-03,H,299.33592184393314,312.33248213418835,2756.024452377286,19.138322481833534,112.69904130129729,3.4487763735631707,9.442898727226936,55.09166992082895,0,2026-08-25 06:31:48
2024-01-10 16:00:00,CNC-03,H,298.9847695883746,313.51056976286014,1730.3067014195155,44.86287365024742,77.42443950922542,2.484519412942566,14.307094567254326,53.44068883539117,0,2026-08-25 06:31:48
2024-01-10 12:04:00,CNC-03,H,297.13523277194963,311.77448033804427,1364.5570907552337,52.33389746098533,254.79354237620575,3.120881136948747,13.441953045752296,59.32215519091652,1,2026-08-25 06:31:48
2024-01-10 10:12:00,CNC-01,L,296.479126041251,311.4728152979262,1372.24344755612,55.63391731301459,175.81262390905027,2.517041170909292,14.162694143188178,56.475400562537914,0,2026-08-25 06:31:48
2024-01-10 13:31:00,CNC-02,M,296.89674172627235,311.8601204615203,1356.4609505048015,52.80722020340977,245.49828564322078,3.190500837211177,13.196765524434499,54.39421196072797,1,2026-08-25 06:31:48
2024-01-10 16:07:00,CNC-02,M,298.42882580238046,314.12205554414635,1755.5555484413248,46.65933338043957,225.40517100800056,3.2707343069921193,15.282310012596772,56.84717522617965,0,2026-08-25 06:31:48
2024-01-10 12:23:00,CNC-03,H,297.4335862322967,311.89039891544826,1423.6282780263427,52.359023900557375,11.045794900355576,2.062938546917286,13.973438739768525,57.4311277395047,0,2026-08-25 06:31:48
2024-01-10 08:26:00,CNC-03,H,296.135052930863,310.6594179803966,1712.8093728109181,42.895917054631695,146.5674555434267,25.150717129714458,13.81405717278843,58.66638765817554,0,2026-08-25 06:31:48
2024-01-10 01:58:00,CNC-03,H,298.3776698093731,311.14509441863635,2628.564817721678,18.81631159035402,135.22215017825488,3.2784381581271784,9.193465382117159,53.699998182741965,0,2026-08-25 06:31:48
2024-01-10 01:58:00,CNC-02,M,297.7932841608866,310.74730174307933,2605.01964489149,19.054574631100824,182.60683648151996,3.681513099893476,9.328449563651114,57.71683585886187,0,2026-08-25 06:31:48
2024-01-10 14:30:00,CNC-03,H,298.70675579526437,313.6089562901679,1502.6113077991788,49.515719825519575,210.81602550388953,2.836415536718536,13.86170880364113,56.98432852910482,0,2026-08-25 06:31:48
2024-01-10 07:56:00,CNC-01,L,296.2699681540343,311.1140878776566,,46.59684021193505,179.78257485077518,2.7655976787571976,14.338103850932658,58.50536610021504,0,2026-08-25 06:31:48
2024-01-10 21:47:00,CNC-02,M,298.58017993754345,311.0942529540272,2682.2468595308665,15.400070505249086,150.5391334604093,3.471915104856794,7.613770339610412,56.56948112305601,0,2026-08-25 06:31:48
2024-01-10 01:29:00,CNC-01,L,298.21083693864625,310.23581385759866,2685.4777680654697,14.454281510203822,135.81808107749816,3.545390833761336,7.130160659383031,57.235983001468576,0,2026-08-25 06:31:48
2024-01-10 14:41:00,CNC-02,M,297.23179113757914,311.3806185961118,1412.5892571669583,48.06410128001867,96.52873256459408,2.1624185406352168,12.779138844191618,57.11527857304936,0,2026-08-25 06:31:48
2024-01-10 22:17:00,CNC-03,H,299.62823986386405,311.8230285904087,2578.0093955325083,18.694051926086182,83.49434834169155,3.143802608568338,8.967739753106205,48.50325207107181,0,2026-08-25 06:31:48
2024-01-10 10:27:00,CNC-03,H,296.7510916590968,310.9010509397804,,47.93309018315299,101.11260390498006,2.1050064520208593,13.056286752361922,56.761460545164304,0,2026-08-25 06:31:48
2024-01-10 20:25:00,CNC-03,H,27.014002183222203,40.784440525313244,2393.756120209622,24.384408453386612,202.18810640344907,3.5181196162087973,10.73484350934425,49.508951054764026,0,2026-08-25 06:31:48
2024-01-10 11:24:00,CNC-01,L,296.73889588167634,310.9819876945164,1365.3165889455945,51.79409213981202,66.69503132042679,2.0578741943124,13.334182633437749,59.46248664540349,0,2026-08-25 06:31:48
2024-01-10 01:04:00,CNC-01,L,298.0478528703313,310.8223147171537,2605.430807302567,19.20523515721482,108.96758129170365,3.2266240681571294,9.308414292159313,52.678119766523686,0,2026-08-25 06:31:48
2024-01-10 20:52:00,CNC-03,H,26.867996467079706,41.02079330636326,2449.5094372032863,24.673202358647508,233.47504380882117,3.8328667632706246,11.414634653541285,51.6400756777963,0,2026-08-25 06:31:48
2024-01-10 19:17:00,CNC-02,M,298.95490292503376,313.63903805944665,2199.283652608559,31.05766619970325,223.21367703121354,3.7137282826175344,12.830717093262571,54.15085696888611,0,2026-08-25 06:31:48
2024-01-10 15:09:00,CNC-01,L,298.0772721878152,313.3464271612114,1697.6086791409118,47.023020503422245,205.4802204017344,3.2251792555741536,14.8379725501964,51.15832434290427,0,2026-08-25 06:31:48
2024-01-10 05:49:00,CNC-03,H,296.02598801017785,310.4287980958362,2080.9028115477477,33.19477885788205,180.43185113570803,2.9800120928752514,12.791127788607634,56.13603035846859,0,2026-08-25 06:31:48
2024-01-10 11:51:00,CNC-03,H,297.1703863823189,312.2454197302348,1351.1490813554724,54.27546289092347,234.1507837091981,2.8148674891821504,13.757179781805908,55.09321562258053,0,2026-08-25 06:31:48
2024-01-10 12:50:42,CNC-03,H,297.5888859114642,311.66423383073084,1323.523123681337,54.44352800042555,55.35981520657416,1.9319061555005197,13.470997042009627,60.86372651453616,0,2026-08-25 06:31:48
2024-01-10 12:27:00,CNC-03,H,297.6774982947388,311.21237443757224,1354.9789676311198,49.56990015520542,17.371696434112756,2.001412672458013,12.823506154496398,55.45464616485533,0,2026-08-25 06:31:48
2024-01-10 19:58:00,CNC-03,H,26.773469336256085,40.24294015554159,2407.22508592929,24.71405016376798,170.04949047226086,3.305486163337072,11.53465804467748,54.74476778647968,0,2026-08-25 06:31:48
2024-01-10 22:49:00,CNC-01,L,299.34157034581824,311.58654385120496,2720.4523729766242,15.762928270535234,99.77512444696987,33.15638805432692,8.103550945441121,55.82232790229452,0,2026-08-25 06:31:48
2024-01-10 06:30:00,CNC-01,L,296.29781341164727,309.9245300515757,2008.1082434221387,32.89321205277171,57.65077164154565,2.640059952512865,12.209314300350435,58.09684325610668,0,2026-08-25 06:31:48
2024-01-10 22:17:00,CNC-01,L,299.7379069674745,311.2781187580926,2765.649572568669,13.218745298767594,65.22069825456701,3.359690366123983,6.872205341708309,46.06000054068581,0,2026-08-25 06:31:48
2024-01-10 12:30:00,CNC-02,M,296.4964373897411,311.6777492357454,1471.7674605004288,51.71348574365249,149.02592806924883,2.3730389663234113,14.57583499171924,62.44323123861103,0,2026-08-25 06:31:48
2024-01-10 22:29:00,CNC-01,L,299.4855778178227,311.4892175423431,2683.4806776734913,16.205463470391642,78.28356083205665,3.2817085729548277,8.28901262674417,53.03732865492786,0,2026-08-25 06:31:48
2024-01-10 00:26:00,CNC-03,H,298.65879607330726,310.72156065459046,2663.5114434897005,16.78597825973332,36.01156011199178,3.2236119787560606,8.507121248138345,58.813830932267116,0,2026-08-25 06:31:48
2024-01-10 22:05:00,CNC-02,M,298.67372900841445,312.16976728715065,2653.4852799433847,19.463079219740887,170.22853720240084,3.622278946567858,9.585742811967236,55.32956405155214,0,2026-08-25 06:31:48
2024-01-10 03:20:00,CNC-01,L,297.23173958982187,309.48475956729817,2442.6612410540747,19.496693040076313,58.125521519008366,3.0286228361164875,8.998472931122329,58.890920137845356,0,2026-08-25 06:31:48
2024-01-10 22:15:00,CNC-02,M,298.37297211000197,311.7713481156876,2773.4234797223894,18.33546022638905,181.19851095486538,3.7099970027362805,9.40557508237974,59.960486587985976,0,2026-08-25 06:31:48
2024-01-10 23:00:00,CNC-01,L,299.5805537276386,312.49238069762674,2552.8905822384663,20.236825910250857,111.6469715702955,3.3286747967994255,9.667769043682387,51.8065621007277,0,2026-08-25 06:31:48
2024-01-10 08:10:00,CNC-02,M,295.77796572038426,310.9145351028266,1666.3632379169087,45.97972274576903,205.3974763847072,2.9439918245012064,14.31752406506157,54.927204206015766,0,2026-08-25 06:31:48
2024-01-10 05:03:00,CNC-02,M,296.13685635689035,310.45885429040703,2049.9534139580173,32.82620305353933,174.27704713785312,3.0730247316106305,12.654060020381708,54.6928059266254,0,2026-08-25 06:31:48
2024-01-10 06:42:00,CNC-03,H,295.8288054126367,310.9079672310988,1965.4837767294998,37.63573438105672,251.82038956893936,3.609377305091379,14.006727120664904,58.36929328372488,0,2026-08-25 06:31:48
2024-01-10 23:21:00,CNC-03,H,,312.14648153031663,2682.8809718473626,16.673423772857113,152.49614451256957,3.469364970471267,8.451483907997478,51.96683256655471,0,2026-08-25 06:31:48
2024-01-10 08:07:00,CNC-02,M,295.4015584842399,310.22155915840295,1673.8852212140348,42.897321860468494,200.99440500030147,2.991443450464004,13.73907015300139,65.00684743789321,0,2026-08-25 06:31:48
2024-01-10 00:14:00,CNC-02,M,298.7695185498429,310.8436004922078,2660.009145562642,16.058193499083867,70.98795538155173,3.2150443197793157,8.15455056065375,51.07992219346139,0,2026-08-25 06:31:48
2024-01-10 18:36:00,CNC-02,M,299.22389935368676,313.3675993575397,2213.4390776604505,29.43529522751729,171.5342397297974,3.226393506460349,12.1864022519216,56.347895885904215,0,2026-08-25 06:31:48
2024-01-10 15:35:00,CNC-02,M,297.9075131915408,312.73798061791706,1730.9098212093347,42.573097619490156,178.33412716838575,2.807386819638093,13.414690965764663,59.01647753822597,0,2026-08-25 06:31:48
2024-01-10 17:03:00,CNC-02,M,298.73924585905246,312.9856374660472,1905.2764738691174,36.51541520559724,46.96959584836458,2.5736593804970624,13.273718870436841,55.417192228335416,0,2026-08-25 06:31:48
2024-01-10 16:01:00,CNC-03,H,299.3921820940397,314.0473873140494,1980.3614117562352,38.56443081108469,78.78150313470071,2.5653819251742296,14.357076018092783,51.10755458094856,0,2026-08-25 06:31:48
2024-01-10 02:23:00,CNC-03,H,297.8770244850574,310.6723114722088,2616.776329174702,18.470966829112704,162.81991098047064,3.4008436939561837,8.724931937777567,54.48500014991651,0,2026-08-25 06:31:48
2024-01-10 00:54:00,CNC-02,M,298.39783393990166,310.50747156123117,2821.8260309745956,14.358836499290915,113.6744699909958,3.4991897908187557,7.644571335832897,59.24650382247405,0,2026-08-25 06:31:48
2024-01-10 21:05:00,CNC-03,H,26.928010724377657,39.79086375825784,2324.3012966535416,24.761733593547113,3.5468899918515557,2.898794078323182,10.76159637434208,47.0512759225605,0,2026-08-25 06:31:48
2024-01-10 19:10:00,CNC-01,L,299.8005540557722,313.31064670240926,2108.6464869495558,28.888294356817035,66.56337026636113,2.779843374311469,11.665639305749998,52.42254615053117,0,2026-08-25 06:31:48
2024-01-10 21:55:00,CNC-02,M,298.85567527653285,311.08404406019235,2626.1533679436625,13.955684131585976,159.25630854340727,3.39676036122537,6.810217978263956,55.056912066615475,0,2026-08-25 06:31:48
2024-01-10 03:48:00,CNC-02,M,296.74655086028963,310.1102875742549,2287.2487920050144,26.845914229654937,82.71528203342103,2.928569554202807,11.607909227849946,56.910322267929,0,2026-08-25 06:31:48
2024-01-10 07:03:00,CNC-03,H,295.7101210306071,309.6650783278779,1728.293903659988,40.87476392154968,26.29571193646709,2.377742706684676,13.213320155384656,60.53038210502182,0,2026-08-25 06:31:48
2024-01-10 03:46:00,CNC-03,H,297.21369516383254,309.9417167635326,2507.4490773973093,21.45948858142578,26.920676382554998,3.0763712356545296,10.225829065302143,61.55322866406523,0,2026-08-25 06:31:48
2024-01-10 02:09:00,CNC-03,H,298.48895562831126,7129.550920449125,2551.682943019901,24.106209128133628,147.3462850225508,3.2790771569155983,11.799057385081367,55.31384358754199,0,2026-08-25 06:31:48
2024-01-10 08:53:00,CNC-03,H,296.0183748683583,310.98585879719184,1564.9530244872492,47.29106934707454,187.21034478222668,2.7152508385212184,13.81982391011672,56.83847282663051,0,2026-08-25 06:31:48
2024-01-10 11:23:00,CNC-03,H,296.95929973127795,311.60066404245026,1352.4714096323353,54.86540825196284,189.6943954307341,2.503049291306225,13.76408659315439,53.891509086389995,0,2026-08-25 06:31:48
2024-01-10 23:11:00,CNC-02,M,298.1174777522355,310.06218873330016,2696.296100875616,13.880661674659216,26.51330459546517,3.256524699642241,6.912108086956161,59.4511654246283,0,2026-08-25 06:31:48
2024-01-10 16:14:42,CNC-03,H,299.29560777224214,313.5532399007366,1776.6831096680116,40.162063783548795,97.85086357094342,2.4784082361469544,13.136699707386555,51.412419669700185,0,2026-08-25 06:31:48
2024-01-10 19:08:00,CNC-03,H,300.1898831070837,313.63690795421314,2354.9161800595884,25.80931535692811,109.07595521435452,29.617687487191663,11.441285708371023,55.76809460356124,0,2026-08-25 06:31:48
2024-01-10 20:18:00,CNC-01,L,26.556144929217908,40.32264466921214,2418.3786823533783,24.58805163248742,148.88052055193123,3.2213465537046657,11.416500533912497,53.769287467032484,0,2026-08-25 06:31:48
2024-01-10 02:21:00,CNC-01,L,297.7456169758513,311.3013050368402,2800.717301326796,19.992075429962394,192.96309362729446,4.060155225698045,10.505936914994725,53.40814541221279,0,2026-08-25 06:31:48
2024-01-10 22:07:00,CNC-02,M,298.4102278532493,311.45903895724035,2762.286944017185,18.054919559627237,172.455649302858,3.7305440112958723,9.499982321670531,51.02726112684356,0,2026-08-25 06:31:48
2024-01-10 08:48:00,CNC-03,H,296.32986954337207,310.8060289193879,1537.362304844718,48.37296630705337,179.65964055709412,2.563060848335056,14.134381387606208,58.729980563886635,0,2026-08-25 06:31:48
2024-01-10 11:18:00,CNC-01,L,296.6747682711171,310.43941409041975,1333.427664158522,50.963250410358135,57.16257051758554,2.084988900128394,12.59981542605754,56.84321783356757,0,2026-08-25 06:31:48
2024-01-10 23:50:00,CNC-01,L,298.6523127402134,311.2767732049348,2663.428332546178,17.569544557099306,164.84188732582152,3.590972298775314,8.957325991344113,49.7263348010476,0,2026-08-25 06:31:48
2024-01-10 13:20:00,CNC-02,M,296.40013133246674,311.37267460881,1342.439641311962,54.3511926916256,228.31984239623398,3.022045007604849,13.8286437132634,58.087553078251574,1,2026-08-25 06:31:48
2024-01-10 18:39:00,CNC-03,H,300.0368769511922,312.995214749103,2050.0581283014267,28.704189378908325,72.44206794424608,2.6734636319621212,,51.00010922332815,0,2026-08-25 06:31:48
2024-01-10 06:09:00,CNC-03,H,295.882252600862,310.92132439355316,1860.0418499522505,41.65250976169636,207.16909788554645,3.1461033683880375,14.557606624038945,58.43447776812939,0,2026-08-25 06:31:48
2024-01-10 07:11:00,CNC-01,L,296.24186891928684,310.6649332214184,1748.3504768707235,41.604230295310664,114.92798261793764,2.4910838044875994,14.051181106736541,57.04721197442248,0,2026-08-25 06:31:48
2024-01-10 19:00:00,CNC-03,H,300.2111813460669,314.1662087593207,2296.7843335519465,28.129134358087033,99.03342406971817,2.813351510921854,11.906643443275337,53.08252945823328,0,2026-08-25 06:31:48
2024-01-10 09:00:55,CNC-01,L,296.1838075242419,310.1935178431201,1530.8225570459012,46.287609064090255,64.44737292018823,2.270636012588674,13.167383792644731,55.94991638436362,0,2026-08-25 06:31:48
2024-01-10 04:35:00,CNC-01,L,296.5123984718361,310.342279154955,2316.8768907470244,26.526566809182583,147.49516640017734,3.231496942565173,11.280640536351711,56.09948550613094,0,2026-08-25 06:31:48
2024-01-10 01:22:00,CNC-01,L,298.1033034202661,310.4819946335488,2784.961844500539,16.640086892062307,128.26507870666563,,8.523311636761404,55.24695451028323,0,2026-08-25 06:31:48
2024-01-10 15:24:40,CNC-03,H,299.02073566273293,312.7706767091764,1548.7539063673637,43.51743549384999,27.13327448652128,2.2118159093895633,12.522414807722972,56.018825782479794,0,2026-08-25 06:31:48
2024-01-10 03:32:00,CNC-01,L,297.38705043035543,310.29498793336666,2600.8742881372204,20.904927653018333,72.10564131277161,3.193731200566028,10.031252851103721,59.355990921648655,0,2026-08-25 06:31:48
2024-01-10 16:14:00,CNC-01,L,298.9239111917302,312.9847648858294,1695.8369433891874,42.63486994957712,63.291953770733784,2.3594597674236013,13.505924231597682,51.81627001385857,0,2026-08-25 06:31:48
2024-01-10 18:57:00,CNC-01,L,299.8293984640958,312.48262131173897,2238.677387555694,24.34188300895788,50.25017591495791,2.8369628543359138,10.022001735888642,45.70562937056734,0,2026-08-25 06:31:48
2024-01-10 23:32:00,CNC-01,L,298.96841484721216,310.9692101327722,2735.2237818668623,13.988717703175919,145.73901563561031,3.522725769388273,7.083973606017595,56.24708566847893,0,2026-08-25 06:31:48
2024-01-10 03:52:00,CNC-02,M,296.5824488178309,309.24025780622793,2475.4911380993767,20.414124091864135,87.38901034372162,3.0286311691124173,9.23438647571655,57.1850800438114,0,2026-08-25 06:31:48
2024-01-10 20:16:00,CNC-01,L,26.62528964241511,40.83203210315429,2500.11647137032,27.483679226334495,146.60766731319328,3.3047156403051408,12.88340301108327,54.13840671002953,0,2026-08-25 06:31:48
2024-01-10 16:07:00,CNC-03,H,299.23780197765035,313.6851267339714,1736.109847628272,42.832347788714635,87.54741869784216,2.3630820133771335,13.955963521248536,,0,2026-08-25 06:31:48
2024-01-10 20:15:00,CNC-03,H,26.543699991443816,40.69726276005787,2390.5131078571317,26.674270513481495,190.28483592198688,3.4136195787700707,11.991949385388596,54.48316782104392,0,2026-08-25 06:31:48
2024-01-10 23:54:00,CNC-03,H,299.6409006854517,311.7542264894555,2785.552717031393,15.030667008506109,187.48842564773713,3.641142104054378,7.533058316835762,57.60651870263289,0,2026-08-25 06:31:48
2024-01-10 08:29:00,CNC-03,H,295.909133375578,310.71505806472527,1627.6352151909882,46.71783127934994,151.10264100927506,2.5307488526397917,14.016833131081937,56.7210207071834,0,2026-08-25 06:31:48
2024-01-10 11:05:00,CNC-01,L,296.8081093933135,310.615340875561,1352.8979024730395,52.21365923639102,36.487852985992355,2.0927567350011334,13.326601378267549,55.050904161983745,0,2026-08-25 06:31:48
2024-01-10 08:41:00,CNC-03,H,296.0938708774813,311.0762998173221,1472.896937990087,51.148004205493486,169.16751800265024,2.432100705295938,13.828599479941984,58.61550669172554,0,2026-08-25 06:31:48
2024-01-10 06:49:00,CNC-03,H,295.87980493464414,309.3216247029567,2034.1685762642908,32.54013861513621,6.857607868097986,2.6183556011260465,12.570440223063201,57.61728181190173,0,2026-08-25 06:31:48
2024-01-10 11:51:00,CNC-02,M,301.7119439051809,310.4691942162064,1498.5609265162109,50.96917750611739,87.06613840427977,2.1854136664253008,14.196260025238306,44.25674601737581,0,2026-08-25 06:31:48
2024-01-10 22:48:00,CNC-03,H,299.6737149934219,312.41151312500125,2571.5761608833495,19.703847372361015,117.02853610823935,3.2639672256560077,9.459295172765744,50.824268865307616,0,2026-08-25 06:31:48
2024-01-10 16:12:00,CNC-02,M,298.3815738125025,313.77429102941767,1660.9020353940925,45.235750418224974,232.7520287928972,3.2450452808152677,14.299428220708226,55.26304789865882,0,2026-08-25 06:31:48
2024-01-10 14:31:00,CNC-01,L,303.48490750778166,311.93743704355757,1466.4956574725634,49.19673679176947,147.19078809895615,2.433533277970116,13.576967736799007,45.389343131051,0,2026-08-25 06:31:48
2024-01-10 19:34:00,CNC-02,M,299.0045481900568,314.2023017766798,2202.4111662488363,32.98089249234057,244.44318624642048,3.908210444781036,13.36277506868723,0.0,0,2026-08-25 06:31:48
2024-01-10 03:30:00,CNC-01,L,296.9603788658436,310.4914948608943,2466.7434732674174,25.881116690274148,69.80948753729724,3.022561791809162,11.89438864921642,63.01560205002523,0,2026-08-25 06:31:48
2024-01-10 04:12:00,CNC-01,L,296.5617917199424,309.1801304827173,2468.879625769054,20.0061358089306,119.43047933937194,3.1755024070038798,9.261374161732853,55.452590612634516,0,2026-08-25 06:31:48
2024-01-10 08:15:00,CNC-03,H,295.7576774896823,310.69556417208315,1826.9104542751265,42.25518019258418,130.30232269671535,2.6484893691539138,14.464799153250137,57.315020257349715,0,2026-08-25 06:31:48
2024-01-10 08:29:00,CNC-01,L,296.174001913391,309.93765016581483,1706.4878494913323,41.65779450805854,17.774553732374795,23.284875590506086,13.504772073773404,59.401680545714306,0,2026-08-25 06:31:48
2024-01-10 03:53:00,CNC-03,H,296.82741384555993,309.2610959317401,2401.1479101357713,20.441220075060723,35.005681869828514,2.984511844485559,9.25307672542373,58.34775855430475,0,2026-08-25 06:31:48
2024-01-10 15:44:34,CNC-03,H,299.505558385582,313.6779478476025,1826.6088900125744,39.002339671595486,55.31231166864526,2.454177983748094,13.303825565232238,52.824426731701706,0,2026-08-25 06:31:48
2024-01-10 23:26:00,CNC-03,H,299.4982552792565,312.1407323363119,2824.9066515876466,17.718888698527355,157.75248626269587,3.6177730810857147,9.413712913814342,52.165275698275906,0,2026-08-25 06:31:48
2024-01-10 01:39:00,CNC-02,M,297.9296316870687,312.2039326505065,2489.6373576833494,26.878840127214453,162.03936890428284,3.3706198690638733,12.561463159949488,56.08733105907451,0,2026-08-25 06:31:48
2024-01-10 09:21:00,CNC-03,H,296.1874991679968,311.3418390956681,1460.6708286291098,53.6157022997276,229.71931654786758,2.9448724314302774,14.693162610802343,55.35928616701744,0,2026-08-25 06:31:48
2024-01-10 14:39:00,CNC-03,H,298.67735333034904,314.12902017810757,1608.072847201499,49.84789443026984,224.67098159810513,2.9304973167697597,14.800848061032461,50.719774814290545,0,2026-08-25 06:31:48
2024-01-10 21:17:27,CNC-03,H,27.074708649660977,39.490942970746346,2572.860145922084,20.66990980091801,18.28394301891981,3.1680027224653378,9.759677022580698,49.69153103242346,0,2026-08-25 06:31:48
2024-01-10 20:58:00,CNC-03,H,27.14145520004388,41.48110423183914,2490.391324183339,0.0,240.31385458807645,3.9460366544295655,11.941076415955672,48.49408389752235,0,2026-08-25 06:31:48
2024-01-10 14:17:00,CNC-03,H,298.4183686295419,312.96000065598804,1453.5993969415272,48.09059835142954,190.6123775271714,2.5264569238354473,12.93749409957308,52.9233274113609,0,2026-08-25 06:31:48
2024-01-10 01:48:00,CNC-01,L,298.1938585349707,310.6418605785852,2688.2697872280983,15.850356710255614,156.45772776545073,3.758644021482924,7.85642545904899,56.28564855434075,0,2026-08-25 06:31:48
2024-01-10 19:22:00,CNC-01,L,300.1145030610053,312.56988200887184,2280.8678803528715,21.17226393972527,81.37996795536597,2.937790355708006,8.95061413618244,50.724908086059834,0,2026-08-25 06:31:48
2024-01-10 15:53:00,CNC-03,H,298.74787559102657,7156.0111863874345,1609.3003190499812,47.938942390861314,67.20821427128423,2.2515830166363604,14.548075722977964,54.16267940015441,0,2026-08-25 06:31:48
2024-01-10 05:07:00,CNC-01,L,296.29781342201545,310.81745122880346,2169.313821685156,32.244280888762404,187.63755553121706,3.381889804972142,13.032022167728941,58.2257903508688,0,2026-08-25 06:31:48
2024-01-10 12:22:00,CNC-01,L,296.9774465794542,311.8710214036914,1404.7234032832203,54.84042589255274,158.6631701773192,2.330707260080825,14.33391811209151,60.26935951966976,0,2026-08-25 06:31:48
2024-01-10 20:16:00,CNC-03,H,26.82681363954515,40.637667456699546,2451.563081823124,24.29351024494663,191.43736607323848,3.4368080832533234,11.226205849687318,51.13187942532583,0,2026-08-25 06:31:48
2024-01-10 18:45:00,CNC-02,M,299.0177848319895,314.220888690254,2159.2757428813056,34.52241376213107,182.919507800961,3.1701693264338204,14.030476079105762,53.004657054335006,0,2026-08-25 06:31:48
2024-01-10 15:51:00,CNC-01,L,298.6156405970017,312.1834776922495,1579.9599897253418,42.72503877678338,29.589969061938483,2.1848080909362615,12.466640521798949,53.21411411975552,0,2026-08-25 06:31:48
2024-01-10 15:14:00,CNC-01,L,298.1252786824073,313.29407969650094,1701.0977421161392,45.54150422635016,213.05544107039168,31.5059731442822,14.494939558823342,58.7845919318604,0,2026-08-25 06:31:48
2024-01-10 10:44:00,CNC-02,M,301.0587830851045,310.12086761396057,1374.7825609177253,53.574402693984105,229.98238980202527,2.971706675780213,13.762828344696155,47.29405324639343,1,2026-08-25 06:31:48
2024-01-10 23:47:00,CNC-02,M,298.13926901816603,310.80051167469986,2605.877688391454,17.5110506949893,65.08456497903416,3.160738775821303,8.562676141097592,52.846114569796974,0,2026-08-25 06:31:48
2024-01-10 12:05:00,CNC-03,H,297.1556681551189,312.37712585574,1377.79479533149,56.40912926052778,256.39354237620574,3.1749561163732025,14.705316008098396,56.52270714236324,1,2026-08-25 06:31:48
2024-01-10 02:21:00,CNC-02,M,297.4117915467068,311.0383822522105,2522.4749863146853,22.222022809614288,207.85384917233853,3.831904125745759,10.491320906072364,54.827334755126884,0,2026-08-25 06:31:48
2024-01-10 01:46:00,CNC-01,L,297.9360325962807,310.31089070419773,2679.210334636132,16.978393079623807,154.22628738425354,3.571171349936929,8.50689717889174,55.136590382549464,0,2026-08-25 06:31:48
2024-01-10 15:53:00,CNC-02,M,298.1136772609743,313.58621288599954,1704.2502590287481,46.98812949433398,204.9936710749831,3.0880650936190497,14.749656967304619,52.5852545988364,0,2026-08-25 06:31:48
2024-01-10 14:21:00,CNC-03,H,298.4415698216396,314.0420760652593,1580.8390797977208,52.81684288429023,196.82511951713101,27.127393604046556,15.557687583034,53.375760484904994,0,2026-08-25 06:31:48
2024-01-10 21:02:00,CNC-01,L,26.991223369663828,40.89735473029543,2439.2352189857993,25.594936659875227,199.8017178705935,3.748595706974696,11.433680131710462,53.79363742343958,0,2026-08-25 06:31:48
2024-01-10 23:48:00,CNC-01,L,298.7645179632445,311.4971756650736,2783.816725655257,16.774360040384604,162.68377217180551,3.680825846606893,8.596566810251412,52.13791036096033,0,2026-08-25 06:31:48
2024-01-10 01:23:00,CNC-02,M,298.10948504216555,310.8360231447981,2604.657068359564,17.744469836936887,144.57531473192168,3.2986541175194266,8.979452811615037,58.50676407653839,0,2026-08-25 06:31:48
2024-01-10 15:25:00,CNC-03,H,298.7689549998901,312.3804830125382,1559.8491092894062,42.31370153397058,25.6116304850023,2.2711306925641757,12.647899985795515,55.08014390571967,0,2026-08-25 06:31:48
2024-01-10 11:14:00,CNC-02,M,301.55742795041095,309.49244627282695,1507.3943427498152,47.100898057984786,28.434444130850906,2.2915259637173584,13.158771303341902,49.88934809030025,0,2026-08-25 06:31:48
2024-01-10 20:20:00,CNC-01,L,27.09007991692272,40.9523481278265,2341.922611181424,27.73221355808967,151.25337106877208,3.1896704667012425,12.09721946660535,45.72234603939394,0,2026-08-25 06:31:48
2024-01-10 00:45:00,CNC-02,M,298.4744511934803,310.7929542243653,2644.7999832434484,17.20354643614627,104.0923715063601,3.3603444608513002,8.405960246047734,56.76638129302772,0,2026-08-25 06:31:48
2024-01-10 20:32:00,CNC-02,M,25.849607537368854,38.45835791763187,2387.2284299127414,20.71948080785471,65.45986189385283,2.9678399498575336,9.132867974889077,52.10296763826171,0,2026-08-25 06:31:48
2024-01-10 05:48:00,CNC-01,L,296.0310530554852,309.41634137650925,2061.220016811901,31.49219557529714,1.3070510127135275,25.66918706381177,12.021252453013277,56.52968110675392,0,2026-08-25 06:31:48
2024-01-10 12:53:00,CNC-02,M,296.1248030278728,310.86189217996633,1442.1893298679456,50.2434532651226,185.49735402537246,2.574797592971579,13.279550269788658,56.9306694601541,0,2026-08-25 06:31:48
2024-01-10 19:29:00,CNC-02,M,298.9325578050924,313.9085849037704,2378.8436255349316,29.302554038243247,238.20561010791795,3.9733081419531944,12.702188927105828,54.016361461586015,0,2026-08-25 06:31:48
2024-01-10 08:21:00,CNC-03,H,295.82690436630907,310.3714854578872,1632.843340461636,44.70208021328113,139.1747816239624,2.496849662265778,13.620237232368472,62.51838282364764,0,2026-08-25 06:31:48
2024-01-10 16:56:00,CNC-03,H,299.45623844681427,314.32741330060355,1872.3244171635818,41.272288278332525,157.9338262399675,2.775708883460842,14.262957654569549,50.84773308609952,0,2026-08-25 06:31:48
2024-01-10 17:25:00,CNC-03,H,299.9076173507588,314.3480128267615,1928.5930132690653,36.35602661798435,198.13317506360286,3.0426980456447827,13.141501468569032,48.55014255905822,0,2026-08-25 06:31:48
2024-01-10 02:51:00,CNC-03,H,297.4666397657437,311.13242084827976,2510.617205666429,22.082837920941376,194.0344536703398,3.4919254125143064,10.441181287153965,54.90849422408669,0,2026-08-25 06:31:48
2024-01-10 01:20:00,CNC-01,L,298.23288071141,310.4430461490121,2645.665734287235,17.336921327024925,126.10913124348724,3.348981526019613,8.614332532618889,54.04447001067788,0,2026-08-25 06:31:48
2024-01-10 01:30:00,CNC-01,L,298.15576503924586,310.9250451063645,2715.734868336858,17.604974620577998,136.89281661913853,3.4380437238492707,8.971700950376563,49.20796960118045,0,2026-08-25 06:31:48
2024-01-10 14:57:00,CNC-01,L,298.19978680390136,313.31238818803666,1666.6114124140106,45.72912006228759,187.30796381416386,2.911532732439726,14.10058588899081,51.06737930305662,0,2026-08-25 06:31:48
2024-01-10 08:34:00,CNC-01,L,296.53650018282167,310.17415366290237,1618.5870397434717,41.94292275580418,25.17730192995815,2.1870132144118037,12.750461985600511,54.67673105761173,0,2026-08-25 06:31:48
2024-01-10 13:07:00,CNC-01,L,297.1515191641045,310.80302296041174,1436.4000039373411,47.21206117619448,15.735367594563467,2.0884867810444265,12.461279075290875,56.544365342506794,0,2026-08-25 06:31:48
2024-01-10 00:24:00,CNC-02,M,298.6202838501178,310.5943780536295,2770.0006412675766,15.047136113351907,81.61649982810849,3.3678987722223623,7.504491981198382,53.10643393975206,0,2026-08-25 06:31:48
