ts,machine_id,type,air_temp_k,process_temp_k,rot_speed_rpm,torque_nm,tool_wear_min,vibration_mms,current_a,humidity_pct,machine_failure,collected_at
2024-01-02 12:49:00,CNC-02,M,296.99026252312325,311.89783279473716,1457.4178938695295,51.79530934894353,149.11431967585892,2.3574530043242112,14.015666635015322,53.79953624442715,0,2026-08-25 06:31:44
2024-01-02 10:05:00,CNC-01,L,296.02133819388956,310.73216547286853,1399.7411177482081,53.50853301873029,151.39172878355234,2.3109619527038636,13.816173419518607,59.74911578840368,0,2026-08-25 06:31:44
2024-01-02 16:11:00,CNC-01,L,298.4801286925895,312.6494508679076,1752.8853953414919,39.01296819985075,81.61323394673106,2.406493057580948,12.831430856060225,55.09431807097395,0,2026-08-25 06:31:44
2024-01-02 20:00:00,CNC-03,H,299.23838202467624,,2428.414123901122,20.623945699779426,198.86697266964757,3.43267103608859,9.436625108302508,52.90947007966227,0,2026-08-25 06:31:44
2024-01-02 23:31:00,CNC-01,L,298.30562618698525,311.1549982232134,2677.816476380543,18.371167431977895,182.11305378081275,3.8231970228617125,9.202117347004917,52.85115310728937,0,2026-08-25 06:31:44
2024-01-02 08:21:00,CNC-02,M,295.99622014284967,311.3219518076452,1818.7903284668428,43.72272638281914,196.9287004229248,3.11962313105402,14.73137952893021,60.18552208298628,0,2026-08-25 06:31:44
2024-01-02 19:43:00,CNC-02,M,299.40272385317326,314.1239892351947,2349.5996566744293,27.886920756102263,233.6271390634564,3.968051280157649,12.246984026221272,53.31932503304126,0,2026-08-25 06:31:44
2024-01-02 19:33:44,CNC-02,M,299.0320602982985,313.2402752512027,2443.401019778717,24.930777765438084,223.9515369738978,3.8793250021702517,11.362549405084263,49.09747783916385,0,2026-08-25 06:31:44
2024-01-02 10:07:00,CNC-02,M,296.00358998245053,310.3744503770357,1445.0171729550577,47.96166653710971,99.31533925065274,2.1326386678829405,12.92930863746189,55.59528803878436,0,2026-08-25 06:31:44
2024-01-02 01:13:00,CNC-03,H,298.4381850061947,310.0622445030744,2651.9370458314515,14.111634595577717,126.44074776819454,3.2644053057536864,7.198882389614433,56.05107566392157,0,2026-08-25 06:31:44
2024-01-02 18:00:00,CNC-03,H,299.24186694850994,313.10656865542296,2021.977571263551,33.97787450237234,47.05433426125552,2.631080826375121,12.81086055903909,52.82631067454889,0,2026-08-25 06:31:44
2024-01-02 02:04:00,CNC-02,M,298.0640491023081,311.1907741737393,2631.1211477024262,19.79411035847212,178.7207512291142,3.5469232208227406,9.45622497803881,53.489673441917255,0,2026-08-25 06:31:44
2024-01-02 16:19:00,CNC-03,H,298.200378716583,312.7769061802922,1816.3605050848191,40.871890969776636,179.07174412646415,2.838878137804089,13.936900970222338,55.60169082592818,0,2026-08-25 06:31:44
2024-01-02 06:11:00,CNC-03,H,296.62414358136454,310.4814625459263,1999.4700615016086,35.456961466427494,6.747410442945721,2.5451588196214803,13.271256208107868,56.148693147282636,0,2026-08-25 06:31:44
2024-01-02 16:23:00,CNC-03,H,298.23110474257476,313.1411930310055,1576.49025581568,49.053092595899514,184.87185352262998,2.6730969184305104,14.344460316149657,53.36984004510019,0,2026-08-25 06:31:44
2024-01-02 02:51:00,CNC-02,M,297.94677003280293,309.9444275671972,2363.693114141259,20.661475213112205,7.898773700618147,2.8740376928332663,9.487546470696582,57.73127849767859,0,2026-08-25 06:31:44
2024-01-02 20:58:00,CNC-01,L,299.0827031372061,312.3004005367912,2421.4333582595987,25.520319474753066,14.86026877386669,2.928596949615859,11.294571534488055,49.30487892978058,0,2026-08-25 06:31:44
2024-01-02 22:51:00,CNC-01,L,298.76819824838475,311.09963697843125,2832.49049488407,15.841833200875428,139.5635940942323,3.6766346650235917,8.315360166005588,55.066877451096445,0,2026-08-25 06:31:44
2024-01-02 22:01:00,CNC-03,H,299.3624679668526,311.84167213789476,2611.3396136876627,18.54461698671112,70.10338293897007,3.2472319662210865,9.018061113794001,53.41972509819901,0,2026-08-25 06:31:44
2024-01-02 06:41:00,CNC-03,H,296.41044384965437,310.34235041353395,1877.4079810286307,36.729154112396095,47.27797811432333,2.571545991576937,12.940564571506513,57.89191160506457,0,2026-08-25 06:31:44
2024-01-02 00:49:00,CNC-02,M,298.4886321212765,310.33311588016267,2659.0239015362827,,97.42795515091376,3.29273652711808,7.388901196607945,54.20514978755684,0,2026-08-25 06:31:44
2024-01-02 04:01:00,CNC-01,L,296.35829892177526,309.63011089465823,2285.26486784766,26.12091581428586,101.49382955922708,2.9979021288075915,11.09279841748699,58.26491731195261,0,2026-08-25 06:31:44
2024-01-02 08:10:00,CNC-03,H,,310.49347096278086,1487.9421047812702,50.25032547057811,174.84418940756814,2.4367709976711556,13.792926452652637,57.52694645315621,0,2026-08-25 06:31:44
2024-01-02 02:37:00,CNC-02,M,298.05829477723864,312.07845387313995,2461.721502984377,25.52731097941689,215.54610890839254,3.7890588371868428,11.603292388999662,55.766328018315086,0,2026-08-25 06:31:44
2024-01-02 01:35:52,CNC-02,M,298.38123984271766,310.61450346432804,2679.5235815187216,15.708061814870456,147.11834229302892,3.3828594465714463,8.034303679878589,54.37020318516072,0,2026-08-25 06:31:44
2024-01-02 01:24:00,CNC-01,L,298.2033170009145,310.1921249055062,2773.63209241257,14.571013543457186,122.69417454763222,3.4296264871146747,7.6178657158280165,53.867184198288456,0,2026-08-25 06:31:44
2024-01-02 03:57:00,CNC-03,H,297.3360683524754,309.92988145926165,2354.452730961114,22.441352435810625,57.057634907684296,2.9212109512514535,9.955231968141105,56.349576242054226,0,2026-08-25 06:31:44
2024-01-02 00:30:00,CNC-03,H,298.7685765238156,310.89213354289154,2703.4382069255316,16.442824264379624,80.58035114138893,3.2089321423797577,8.213974206873457,57.30107535731214,0,2026-08-25 06:31:44
2024-01-02 20:23:00,CNC-01,L,299.17488260862666,312.9695248068644,2556.8455517214093,24.092549637240186,201.22009842464564,3.8942359890404457,11.367856809855342,52.68676457836885,0,2026-08-25 06:31:44
2024-01-02 08:55:00,CNC-03,H,295.84489053110207,311.00388141883997,1564.765238542693,48.03245579591673,242.38953052382925,3.1859892068365063,13.718290279192665,60.039946337979224,0,2026-08-25 06:31:44
2024-01-02 16:45:00,CNC-02,M,303.62794947424345,311.7211253485919,1745.6796284794166,41.60339993562477,0.0,2.323240049658446,13.490665355373464,44.24775129359253,0,2026-08-25 06:31:44
2024-01-02 07:55:00,CNC-03,H,22.703562376030334,37.354233187925956,1602.7478258657736,47.16971853521905,152.77918913820872,2.415965525381638,14.033701640331202,58.488776389128255,0,2026-08-25 06:31:44
2024-01-02 00:17:00,CNC-03,H,299.0187341664077,311.6422702303354,2674.2950625354197,19.368837404203163,66.62389125918914,0.0,9.471746626855884,53.062155561703655,0,2026-08-25 06:31:44
2024-01-02 18:58:25,CNC-01,L,25.969077059399353,39.23583342269205,2106.5677455786044,28.61751702205736,96.63233180479565,2.7695625320735813,11.065014274381971,49.62017925590874,0,2026-08-25 06:31:44
2024-01-02 07:08:58,CNC-02,M,23.255443337950112,37.212238274888875,1920.1355571575866,34.52902211345431,94.34477644069037,2.4831312515842265,12.191545297663641,61.24240772968788,0,2026-08-25 06:31:44
2024-01-02 04:04:00,CNC-03,H,297.64163636832046,310.9592430046131,2412.228947967259,24.449937234606125,65.47453934264972,3.030044429914161,10.960325364983841,54.325861479092495,0,2026-08-25 06:31:44
2024-01-02 15:54:00,CNC-01,L,298.5013935926384,312.9837937587229,1662.1359411265048,46.010719536593115,56.843127669487004,2.197848943369531,14.125553675199818,54.40525305635513,0,2026-08-25 06:31:44
2024-01-02 07:43:00,CNC-02,M,22.76125002174109,37.79109397621215,1679.3044509586132,47.10955918190244,141.28327202911373,2.560540761043365,15.021999377563544,60.50247175910583,0,2026-08-25 06:31:44
2024-01-02 18:32:00,CNC-03,H,26.13298134757764,40.302173134609916,2209.5348896247583,32.02613691778879,89.12142100943933,2.710591727975634,13.295075482647666,52.94041687202417,0,2026-08-25 06:31:44
2024-01-02 10:41:00,CNC-02,M,296.3704209974753,311.52618445581123,1387.9102612019233,55.85672553066241,152.8621307895705,22.990833671944287,14.638898936823734,59.83769088058943,0,2026-08-25 06:31:44
2024-01-02 11:13:00,CNC-01,L,296.43083460802717,310.50029797602997,1429.9521533140316,49.207295147642455,66.3890184254979,2.0442161024608057,13.086287674840476,56.88054109400962,0,2026-08-25 06:31:44
2024-01-02 11:21:00,CNC-03,H,296.303491641628,310.91906722781806,1306.218883365302,54.635026150132845,199.05976991378262,2.5716104085200184,13.234372182110688,57.17722863842453,0,2026-08-25 06:31:44
2024-01-02 20:54:00,CNC-02,M,299.4759781453118,312.2525258591546,2460.7381540405668,20.551913641428076,76.20408788935188,3.0929275939385015,9.609546105377428,50.17011592990692,0,2026-08-25 06:31:44
2024-01-02 03:22:00,CNC-02,M,297.3335553783859,310.2933857471093,2421.4096291437,22.863370436561087,43.40364876748637,2.8993967119769897,10.565780093793071,55.175424391362775,0,2026-08-25 06:31:44
2024-01-02 22:04:00,CNC-03,H,299.0560261101197,311.07194872326295,2498.585828655022,18.5978915426193,73.36417113449082,3.068715925139253,8.709649105060844,53.72857788563023,0,2026-08-25 06:31:44
2024-01-02 07:06:00,CNC-03,H,22.903045460690976,37.97039909453457,1738.4173412652349,46.59570492938194,82.27285389712546,2.3055867859798327,15.16464389830961,58.76865046150381,0,2026-08-25 06:31:44
2024-01-02 02:41:00,CNC-01,L,297.4381823666615,308.76813213684,2611.763944191084,15.347530972617285,8.921549518867002,3.1713099062096006,7.556592021216168,60.29028062528141,0,2026-08-25 06:31:44
2024-01-02 07:13:00,CNC-01,L,22.72280269241986,37.020183246669774,1779.5682225621144,37.369269797432054,126.4797931193955,2.5380583162750656,12.406499614510448,55.07134174089343,0,2026-08-25 06:31:44
2024-01-02 01:15:00,CNC-03,H,298.579953641264,310.78685223532676,2582.266950213592,16.192991396783235,128.56395807284596,3.2572403053867784,7.497320969125395,55.38845673425114,0,2026-08-25 06:31:44
2024-01-02 16:01:00,CNC-02,M,303.8581901876855,313.20000928831547,1641.454716060191,48.05960137608931,192.52773223344,2.8373756436074444,14.63571642361903,42.88492067453733,0,2026-08-25 06:31:44
2024-01-02 05:12:00,CNC-03,H,296.8127796863678,311.10315653496576,2232.838800362877,31.190232508301968,149.87070350027773,3.0188829998585462,12.778457539934335,53.033227361416394,0,2026-08-25 06:31:44
2024-01-02 19:32:00,CNC-02,M,298.7981328209095,313.34842064613673,2260.6823565991635,28.575933960094428,220.3377025895805,3.6895067406076123,182.90752321675285,,0,2026-08-25 06:31:44
2024-01-02 19:27:00,CNC-03,H,299.45649920043337,313.714092499079,2413.3370301481355,27.82037735083278,158.56371716219024,3.242451872900937,12.625912126353832,50.42127084834469,0,2026-08-25 06:31:44
2024-01-02 20:17:00,CNC-03,H,299.5936578014388,314.5560313190914,2427.04157911977,32.09347649591533,219.01715892942764,3.7858913163938652,14.547265288100109,52.57126517275695,0,2026-08-25 06:31:44
2024-01-02 18:48:36,CNC-03,H,26.26274476486367,39.905772736711526,2172.263488427258,29.302304674210795,,2.8250669963119197,11.947079084622764,56.47453241573881,0,2026-08-25 06:31:44
2024-01-02 15:58:00,CNC-01,L,298.5763995489486,312.4476665300972,1658.5111739067004,41.350475407633986,62.65145720599273,2.322655481700567,12.592441668374056,50.623067109687774,0,2026-08-25 06:31:44
2024-01-02 04:33:00,CNC-01,L,296.1177280245477,310.12159470339225,2091.19925046115,31.87530097298877,140.31782337831933,3.0306469717387805,12.505240137996875,59.43282186472847,0,2026-08-25 06:31:44
2024-01-02 05:29:00,CNC-02,M,296.4618457323597,310.66981669015536,2221.6053899763156,28.90232296492279,199.84776500542654,3.3859581730874373,11.756240652566706,60.285245083740705,0,2026-08-25 06:31:44
2024-01-02 14:14:00,CNC-03,H,297.48589851649245,312.4322384501098,1497.6700497981763,50.83599458846523,212.99135566662656,2.753104542723243,14.492135729135583,53.92652014165076,0,2026-08-25 06:31:44
2024-01-02 06:39:00,CNC-01,L,296.10469378793636,309.9059068946143,1737.6452566669968,37.73815759484525,79.26796966274797,22.77455945352126,12.0986584470985,56.964897155115224,0,2026-08-25 06:31:44
2024-01-02 13:08:00,CNC-02,M,296.84304637142606,311.5193659038214,1373.6395286194565,51.13380182879345,179.25834522836743,2.5124010368765037,12.863411176174427,54.60689126161306,0,2026-08-25 06:31:44
2024-01-02 11:15:00,CNC-02,M,296.2827067859125,310.40839985023314,1416.3324736240813,50.67006972327841,0.0,2.112429623038561,13.550300699324833,63.21866045396111,0,2026-08-25 06:31:44
2024-01-02 04:34:00,CNC-02,M,296.64316104057696,310.8202169452134,2266.6625624224657,28.844109471034862,129.91153514258392,2.989475711546467,11.975896336767402,57.72242545458784,0,2026-08-25 06:31:44
2024-01-02 11:10:00,CNC-03,H,296.59633099598346,311.26082174040243,1425.174897894713,51.360672396720034,181.55514967622992,2.4696091948386076,13.772399651096565,57.454833319966944,0,2026-08-25 06:31:44
2024-01-02 05:25:00,CNC-01,L,296.0988186812859,311.1421256654731,2134.2390935717394,35.13910756580273,205.75577386174487,3.458343094264121,14.204882796790956,58.44741009086829,0,2026-08-25 06:31:44
2024-01-02 03:26:00,CNC-03,H,297.45203865410974,310.11420994552935,2330.7631037319447,23.745192072438346,20.754536013569762,2.855149327862086,10.441353848012637,60.00431891259164,0,2026-08-25 06:31:44
2024-01-02 09:36:00,CNC-01,L,296.27360207866445,310.45018595822347,1485.4335362389727,47.42048407931588,106.27905554934696,2.259907937448848,13.199727790662132,57.083430476885454,0,2026-08-25 06:31:44
2024-01-02 10:18:00,CNC-01,L,296.5361362809293,311.36042510102385,1474.6133535448969,50.482608472732124,171.8362522693091,2.5969982355114287,14.1853171046411,60.861817244504614,0,2026-08-25 06:31:44
2024-01-02 20:20:00,CNC-03,H,299.5492530522787,313.4099774160679,2504.6479585156812,21.83846656369056,222.550957300797,3.751120761984443,10.34046329251781,50.25576963259359,0,2026-08-25 06:31:44
2024-01-02 16:45:00,CNC-03,H,298.6023023573116,313.2582700237513,1779.8926643658378,41.0840165561134,216.45221092775506,30.165287815701443,13.843795267499216,56.98019136991219,0,2026-08-25 06:31:44
2024-01-02 13:36:00,CNC-03,H,297.961762102233,312.7203076639943,1485.628780366688,48.627045678881764,153.4923853377939,2.6166207098926417,13.366926983548463,53.22373715818446,0,2026-08-25 06:31:44
2024-01-02 16:26:00,CNC-03,H,298.35717711934444,313.156480443668,1665.6364035242575,43.890627731158816,189.22457079521865,2.8207565445162124,13.938758182508197,52.96355633490239,0,2026-08-25 06:31:44
2024-01-02 15:25:00,CNC-03,H,298.0453853739006,312.61696507389837,1701.7404403916926,45.48100701236557,99.65490610370952,2.4155292264835535,14.501942615485598,59.23262587956462,0,2026-08-25 06:31:44
2024-01-02 21:02:00,CNC-03,H,299.5629819817682,311.54973834645085,2472.7502392830966,19.225978192561087,4.5507923409349385,3.0652789035763037,8.888871128323032,52.09210280200421,0,2026-08-25 06:31:44
2024-01-02 10:11:00,CNC-02,M,296.2782717002301,310.9715762343237,1591.4859207967775,46.67593989843002,105.55520555866484,2.292167246479505,13.822501775663374,52.33768278615478,0,2026-08-25 06:31:44
2024-01-02 04:44:00,CNC-02,M,296.6240544042752,310.5686668991507,2216.591683683624,29.199720345476806,142.54468994085659,3.0722845853627954,12.020818446713038,57.77724364974283,0,2026-08-25 06:31:44
2024-01-02 01:29:00,CNC-01,L,298.0675215341022,310.17590845271354,2722.2216333555552,15.718894151061242,128.06691980293508,3.609545032557054,8.027133939251199,55.84861346311309,0,2026-08-25 06:31:44
2024-01-02 17:20:00,CNC-01,L,298.78261935775953,314.1292868883589,1920.9906475439918,0.0,179.04177515603556,3.1658616355391387,14.724042100561306,51.825914873229706,0,2026-08-25 06:31:44
2024-01-02 04:17:52,CNC-03,H,297.3236165813154,310.4185388482551,2490.7817992614437,23.61651192783665,82.22719519431573,2.9269605873121467,10.80442195083732,57.003354087522034,0,2026-08-25 06:31:44
2024-01-02 21:03:00,CNC-02,M,299.3957034402792,312.5530919874048,2558.529862301097,21.16655055054851,86.37661969690947,3.176063301203579,10.22299641972461,51.66253636532283,0,2026-08-25 06:31:44
2024-01-02 03:44:00,CNC-03,H,297.3531075481427,310.8628151521275,2436.705793359557,26.71286872546812,41.88396543131495,2.9775776433227112,11.871510659129374,56.892401773410434,0,2026-08-25 06:31:44
2024-01-02 05:57:00,CNC-02,M,295.7877762360723,310.8209061043572,2118.4804651925015,34.97339228352261,236.38814631976638,3.7543009246377803,14.020790883176483,60.436220228353804,0,2026-08-25 06:31:44
2024-01-02 08:05:00,CNC-02,M,295.8025938355434,310.4026581956809,1717.2850039118996,42.096528944174764,173.18313871893082,2.7329838152376555,13.510800217451045,57.41500658159178,0,2026-08-25 06:31:44
2024-01-02 12:26:00,CNC-01,L,296.8928726727126,311.43101424500253,1306.0592451037037,54.48241362714991,182.252797236608,2.5746614038175335,13.312805919740205,54.81603346573183,0,2026-08-25 06:31:44
2024-01-02 08:32:00,CNC-03,H,295.79316158575057,310.99662173592947,1623.041116504409,50.95528469322518,207.50006296251493,2.730750327734267,15.506329427956693,63.03751763077149,0,2026-08-25 06:31:44
2024-01-02 22:37:00,CNC-02,M,299.39974299772314,313.12769994825277,2643.173884644871,20.319872362237692,190.34672350413845,3.7938332864214046,10.146559708767743,52.628601008452144,0,2026-08-25 06:31:44
2024-01-02 17:04:00,CNC-03,H,298.5415560318348,313.48476668861514,1957.7948463553334,37.586820066902604,243.07665083477357,3.4845367340911015,13.552137946876483,54.65479165080134,0,2026-08-25 06:31:44
2024-01-02 10:43:00,CNC-03,H,296.02643868217484,310.05410117656766,1500.7604035172828,46.33065841161408,138.9820525140536,2.368186082631568,13.186955275549241,,0,2026-08-25 06:31:44
2024-01-02 01:32:00,CNC-03,H,298.2477875269247,310.84004109451416,2736.204878999599,17.087840027030165,146.9163037417929,3.4472840284007087,8.70088037625,53.31466170719439,0,2026-08-25 06:31:44
2024-01-02 15:34:48,CNC-03,H,298.06603177269324,312.6519986758977,1676.994703598306,45.13453212262658,113.06966064767589,2.462932479389624,14.460236814635307,57.05546077534148,0,2026-08-25 06:31:44
2024-01-02 03:22:00,CNC-01,L,296.96742542667624,309.8849407083214,2606.248094942751,22.25679412693386,55.82216284700414,3.180787670140014,11.014160731741235,56.16741268981252,0,2026-08-25 06:31:44
2024-01-02 04:36:00,CNC-03,H,297.6335818302095,310.30602604581526,2220.968472701424,22.915043859793375,104.4350949695321,2.8961259738919463,9.702694191002795,50.861467297765195,0,2026-08-25 06:31:44
2024-01-02 03:14:00,CNC-01,L,297.3686211778955,309.62199944538884,2478.3706858393803,19.72347056658238,46.45662880055578,2.9382417019185345,9.046901253139671,54.60094448404957,0,2026-08-25 06:31:44
2024-01-02 09:26:00,CNC-01,L,296.1455234174097,310.3131931429876,1479.3331913680163,48.11357142022814,90.91631440860418,2.3863550221098104,13.511531092148326,53.10601658665031,0,2026-08-25 06:31:44
2024-01-02 16:13:00,CNC-02,M,303.8447707692086,313.5494068933705,1921.3786322839642,42.635364872918146,209.87693987873612,3.2071209332533557,15.50942152116424,45.903728807777455,0,2026-08-25 06:31:44
2024-01-02 08:57:10,CNC-02,M,296.13011682142087,311.4305814521652,1502.9982488647624,51.64555571080787,250.56054877015018,3.3919314055729437,14.508140979477227,56.533656821665346,1,2026-08-25 06:31:44
2024-01-02 14:32:00,CNC-02,M,297.5003871468202,311.53886278567757,1433.1196635091756,46.81921302172184,58.989812181322485,2.1190847934841885,12.257880989830316,55.46949762779758,0,2026-08-25 06:31:44
2024-01-02 11:17:00,CNC-02,M,296.4266119090193,310.19393563956794,,47.2389151585987,3.1272999378782154,2.035387790313044,13.003513189019989,63.682948948972054,0,2026-08-25 06:31:44
2024-01-02 07:59:39,CNC-01,L,28.590433740607693,37.539708283668915,1545.7843017211678,48.69994422798536,192.38796938686414,2.9172493694442108,14.0201435809264,47.99200511718835,0,2026-08-25 06:31:44
2024-01-02 20:38:09,CNC-03,H,299.3125980353096,314.2957710631691,2434.6807635168125,31.057122728455298,244.79007404567034,3.900758162970075,14.02809362903393,,0,2026-08-25 06:31:44
2024-01-02 04:10:00,CNC-02,M,296.8830455627848,310.29195173938706,2360.672545560589,25.836578122936388,100.48976142781122,3.1227682834895933,11.555821133790888,56.89565402885063,0,2026-08-25 06:31:44
2024-01-02 14:09:00,CNC-02,M,296.9922397974213,310.9018369583263,1462.4340167239827,46.13946309232303,23.349201908455722,2.1682016207055232,12.685957932352224,55.878182074781954,0,2026-08-25 06:31:44
2024-01-02 17:22:00,CNC-02,M,298.72040632568326,312.86039175327784,1867.7562137130942,36.485391741944355,51.60228785764578,2.5369936553890757,12.77273019503727,53.69208803372221,0,2026-08-25 06:31:44
2024-01-02 23:14:00,CNC-03,H,298.9807764082078,312.0191652621363,2723.6947818302847,19.1818773571142,148.5507308751943,3.4935427448051612,9.815919799602945,54.76923725251976,0,2026-08-25 06:31:44
2024-01-02 00:25:00,CNC-03,H,298.59369471372406,310.17090496275694,2704.4744556638625,12.32594285631137,75.13000451049749,3.261653671177494,6.143390205661658,54.76600116953097,1,2026-08-25 06:31:44
2024-01-02 01:48:00,CNC-02,M,298.3315490644395,311.0660072421854,2750.051324366007,18.420048727568116,161.1755827072917,3.727170327984544,9.362265189501068,56.49037944479559,0,2026-08-25 06:31:44
2024-01-02 08:34:00,CNC-03,H,295.8316713772426,310.1057749772067,1586.9434846788206,44.05274477961615,210.52227352833086,2.8691904870710174,13.041184587616248,54.58634378354312,0,2026-08-25 06:31:44
2024-01-02 16:57:00,CNC-03,H,298.8188272469169,314.05638850468245,1915.474423717037,39.84852540921769,233.29181329634233,3.401775992424423,14.462284175857674,52.91954486986132,0,2026-08-25 06:31:44
2024-01-02 06:47:00,CNC-02,M,296.05312735608464,310.136212963994,2026.3755450462638,34.68287363777597,61.96926158500286,2.649361080860966,13.12551429037723,57.36933886920935,0,2026-08-25 06:31:44
2024-01-02 05:38:00,CNC-02,M,296.47715302980373,311.68294245087185,2163.8985330080914,34.983249450453364,211.51708217425121,3.423356861019997,13.951407207724094,60.93234461832396,0,2026-08-25 06:31:44
2024-01-02 01:27:00,CNC-03,H,298.6012854415048,310.82496499217956,2699.790412266242,16.722871992410745,141.59412064830943,3.3006605516581606,8.366354130949667,51.21540804390161,0,2026-08-25 06:31:44
2024-01-02 23:43:00,CNC-01,L,298.33327418998135,310.5834691232742,2713.837455781452,14.783857263664137,194.86776977364357,3.9963396069397477,7.650214101401311,54.09720762925675,0,2026-08-25 06:31:44
2024-01-02 15:42:00,CNC-01,L,298.5050337131265,312.1514056241197,1650.0462384111947,41.16829435048279,39.066399615677184,2.239705798479293,12.734382415339136,57.84488599100785,0,2026-08-25 06:31:44
2024-01-02 15:06:00,CNC-01,L,298.22400399019773,313.72982412379156,1491.4767953864666,53.4447610905317,221.68096832640327,3.1742214084588913,15.179724804860319,51.78380020509974,1,2026-08-25 06:31:44
2024-01-02 10:26:00,CNC-03,H,296.3649945667489,310.96840460347556,1437.4674762745237,53.40669641863049,112.1860325690922,2.288490002495463,14.267587321262006,59.62074529272579,0,2026-08-25 06:31:44
2024-01-02 03:55:00,CNC-01,L,296.5763196715411,310.5060932733864,2322.052683567273,29.48040358583175,94.40778965261336,2.964691159406256,12.7478834697659,56.511253559336446,0,2026-08-25 06:31:44
2024-01-02 01:01:00,CNC-01,L,298.30885474782383,310.40449428454536,2722.8713256620963,16.629750121732673,97.9996933945177,3.313781862937375,8.439508057336242,,0,2026-08-25 06:31:44
2024-01-02 13:34:00,CNC-03,H,297.35045997567624,311.46082773946506,1342.618936231845,50.68513946334995,150.41172669987475,2.244852442799366,12.69451812871225,55.121591687780004,0,2026-08-25 06:31:44
2024-01-02 03:30:00,CNC-01,L,297.1489686404643,309.9855460132612,2511.338714277293,21.115341671663515,65.07529045590451,3.099147176319213,10.145181752966765,59.1012365130542,0,2026-08-25 06:31:44
2024-01-02 01:33:00,CNC-03,H,298.3067383597278,311.6547809781174,2588.557226954694,21.990822377612922,148.04268361384337,3.267128586463934,10.720716070783174,56.335865799169106,0,2026-08-25 06:31:44
2024-01-02 04:16:00,CNC-01,L,0.0,310.17296529297454,2172.788758257507,29.003660480191904,119.58475301821555,2.8196128520024337,11.53771312002459,56.68338670122413,0,2026-08-25 06:31:44
2024-01-02 08:25:00,CNC-03,H,295.6921069303021,310.45291582130193,1576.6878301193601,45.99926187016359,1792.5019832790629,2.7061569496768567,13.661564359586816,58.996413019394325,0,2026-08-25 06:31:44
2024-01-02 22:22:00,CNC-02,M,299.4218548125896,312.6486565738873,2556.8776829730973,20.875838683559,174.23045104404028,3.520837947992223,9.984596640349196,52.21381983723169,0,2026-08-25 06:31:44
2024-01-02 10:21:00,CNC-01,L,296.216128623511,310.54811677236677,1428.8742787807428,48.79458150304767,176.5103226509816,2.6414142525201947,12.918795017113393,58.43929699312546,0,2026-08-25 06:31:44
2024-01-02 13:13:00,CNC-01,L,297.6485884242025,311.75570271191646,1410.395029178758,52.19865533952575,45.880658943789165,2.066010085659873,13.687487822720527,56.32915360733137,0,2026-08-25 06:31:44
2024-01-02 20:30:00,CNC-01,L,299.3329708375645,313.16907086057705,2489.054374522154,24.992047635296935,209.38146736174832,3.9038601052184307,11.585797775274155,56.536007718687785,0,2026-08-25 06:31:44
2024-01-02 02:08:00,CNC-01,L,297.99760413661636,310.7117767493938,2581.51609113991,19.31500338839657,170.84362435990462,3.5193354063575115,9.429930456935509,54.25748022557765,0,2026-08-25 06:31:44
2024-01-02 00:28:00,CNC-02,M,298.95818002397385,310.2031403613788,2749.7852698636743,11.622797629137635,75.08281035038796,3.309191278391256,6.198852286564508,49.43472379244196,1,2026-08-25 06:31:44
2024-01-02 18:11:00,CNC-01,L,25.701543488798222,39.47600827341972,2082.506621578012,31.685735289264578,37.15568568709935,2.607412860515406,12.217685016446,53.93580603449203,0,2026-08-25 06:31:44
2024-01-02 23:06:00,CNC-02,M,299.41948817569465,313.16849238701025,,18.452387169678335,221.20716787370463,4.196910402834198,9.71268848360267,52.31545833849586,0,2026-08-25 06:31:44
2024-01-02 05:25:00,CNC-03,H,296.82326586592666,311.56534667451854,2077.637204956492,34.238909219853255,166.69036614470602,3.0398050659098557,13.468275426541812,55.608957193075774,0,2026-08-25 06:31:44
2024-01-02 15:20:00,CNC-02,M,,311.78630053877964,1657.286678066788,40.451791224303946,131.8862818717681,2.5074187531175376,12.213844303930399,43.8484718051446,0,2026-08-25 06:31:44
2024-01-02 15:30:00,CNC-01,L,298.4148105847257,311.5644185708209,1561.6756618810875,39.00260893204568,21.06377405955308,2.2052128442024825,11.412697828333767,53.797177486493744,0,2026-08-25 06:31:44
2024-01-02 06:54:00,CNC-03,H,296.1031303175699,309.7881162610815,1870.296674701536,35.98513715875677,65.30801220480885,2.6012365982850447,12.3740363198887,57.28244262520946,0,2026-08-25 06:31:44
2024-01-02 03:38:00,CNC-01,L,296.9000501667974,309.5204280338611,2386.759550729945,21.792638585522454,74.45907663124571,2.88832540826211,9.554508391503967,53.40599117053218,0,2026-08-25 06:31:44
2024-01-02 15:12:00,CNC-02,M,303.37314357234743,312.11974023896,1559.7717351414535,45.44778676329525,119.99814366717592,2.2952939668503567,13.249227457784292,45.17306017927394,0,2026-08-25 06:31:44
2024-01-02 06:23:00,CNC-02,M,296.1200252347898,309.3330678560097,2021.1034546229505,29.73102236049217,29.409380939515135,2.6540455225672495,11.10674470711159,56.25321415302471,0,2026-08-25 06:31:44
2024-01-02 19:06:00,CNC-02,M,25.657953808625507,40.367987548179826,2026.533115521267,34.7601647217664,188.2584306565724,3.2926640151615074,13.128284999948326,54.48172919639464,0,2026-08-25 06:31:44
2024-01-02 08:48:00,CNC-02,M,295.8243039735119,311.37535690251156,1616.2966160991014,47.856494217366105,236.986861521429,3.3406110426291207,14.332245220155158,58.387158523269775,0,2026-08-25 06:31:44
2024-01-02 15:50:00,CNC-01,L,298.5955983914315,312.9531683224948,1846.9849947354696,40.45199191845019,50.89185404135457,2.5443698418242704,14.213838086037411,51.2897611962479,0,2026-08-25 06:31:44
2024-01-02 19:54:00,CNC-03,H,299.2578051098196,313.38283623600523,2333.1277413323114,28.607859528495304,191.6658238420746,3.2551025686606554,12.364655464541656,51.87056042864165,0,2026-08-25 06:31:44
2024-01-02 18:15:00,CNC-02,M,26.16583592792449,40.900794860316864,2176.7886290332863,32.54751026652772,122.74033744495478,2.8727096767413447,13.445926848026438,51.912215575457495,0,2026-08-25 06:31:44
2024-01-02 18:33:00,CNC-01,L,25.97058892383029,39.50947682605596,2146.05434269591,31.69272959593766,65.9510001989844,2.7648072352356805,12.86637369542358,52.48726703906802,0,2026-08-25 06:31:44
2024-01-02 12:36:00,CNC-02,M,296.850372951171,311.48645255186204,1362.4122904340325,52.039811644671346,128.54374849590408,2.185396989364075,13.314076539693703,57.80090936629672,0,2026-08-25 06:31:44
2024-01-02 03:52:00,CNC-02,M,296.9480267233486,310.072308013058,2454.824932287588,22.655128227626978,78.86057519713053,3.076144271591314,10.39633643509298,52.72363413635519,0,2026-08-25 06:31:44
2024-01-02 02:13:00,CNC-03,H,303.45407067138325,309.85346831088356,2745.252670672311,15.312042147192106,191.86327800136328,3.7333771827718767,7.662455353857288,41.325670370690474,0,2026-08-25 06:31:44
2024-01-02 13:04:00,CNC-02,M,297.0324456450654,311.65525548926706,1328.6869507082797,54.025344951323966,172.9277968585925,2.4135476730132925,13.355429427582534,55.70770115582969,0,2026-08-25 06:31:44
2024-01-02 00:31:00,CNC-01,L,298.65576680507087,311.4694695725762,2651.986315697851,19.958559319571965,65.98325923925752,3.2484445941868096,9.890546854956296,49.34458805946744,0,2026-08-25 06:31:44
2024-01-02 22:16:00,CNC-03,H,299.1180283302391,310.6695222817818,2726.4293356140925,13.670985255937687,86.28572207145706,3.269706372368673,7.158675860944145,53.932730843923935,0,2026-08-25 06:31:44
2024-01-02 20:37:00,CNC-02,M,299.07833865512373,311.70610794215446,2521.3051185424333,19.499298994549022,0.0,3.121224550740155,9.129853350816104,53.33624373696913,0,2026-08-25 06:31:44
2024-01-02 04:45:00,CNC-01,L,296.1922410945113,309.4264895682533,2282.734060202118,23.796775100379122,155.00188778886144,3.2838210705793336,10.368934659193005,54.9796460571127,0,2026-08-25 06:31:44
2024-01-02 22:06:00,CNC-02,M,299.38316520677466,313.3907934935472,2555.6899517955408,23.90746818051381,156.79450380699407,3.3561903011958947,11.382497869572061,48.48666931312576,0,2026-08-25 06:31:44
2024-01-02 21:31:00,CNC-02,M,299.5302941911812,312.89005426483885,2626.89244589393,21.080912779636975,117.76778162612185,3.3275010867531307,10.394709208240615,53.49196956428805,0,2026-08-25 06:31:44
2024-01-02 08:40:38,CNC-03,H,295.7092663891943,311.067484282832,1534.1041741568347,50.60873852026096,219.58312903891047,27.83543568658118,14.485398927084525,57.909450333845186,0,2026-08-25 06:31:44
2024-01-02 16:30:00,CNC-03,H,298.5987809019538,313.51572215446464,1730.8203920448689,43.1989075509243,194.96393453143182,2.8516086089957935,14.123941085594398,57.17706236181917,0,2026-08-25 06:31:44
2024-01-02 10:29:00,CNC-01,L,296.2371698158056,311.42211400049854,1396.3447808919718,55.790064926282405,189.2191742474897,2.6046550105777007,14.477646478819883,59.38242839732929,0,2026-08-25 06:31:44
2024-01-02 13:24:00,CNC-02,M,297.2662714911658,312.41466146196916,1592.1767832535263,46.80380786915887,204.38637317007613,2.9148554471229033,14.130687697439647,59.25093977432216,0,2026-08-25 06:31:44
2024-01-02 16:43:00,CNC-03,H,298.63317045758424,313.7278036974967,1718.9971595728514,43.83989531563689,213.64718100198203,3.0254958261468228,13.918774809807493,51.33322293054631,0,2026-08-25 06:31:44
2024-01-02 00:38:00,CNC-01,L,298.56159037581165,310.5863858909991,2562.048081621882,17.459500534287404,73.44744749514533,3.0945337086835853,8.353854376228476,55.23771781566596,0,2026-08-25 06:31:44
2024-01-02 14:10:00,CNC-03,H,297.44683487472815,312.56018643542836,1581.5282925976592,47.74312535401514,206.76845927364292,2.90222712532757,14.090596269419764,52.40821598158256,0,2026-08-25 06:31:44
2024-01-02 15:07:00,CNC-01,L,298.0340129529968,313.34800793011783,1691.011776075788,46.58135993756331,223.1610445495951,3.4980344625740663,14.927480577831364,51.06587199931751,0,2026-08-25 06:31:44
2024-01-02 06:21:00,CNC-02,M,295.9284496274861,309.50154917177815,2018.5560185391907,31.652097466942255,26.72168121196783,2.7059494695988446,11.862269255798328,56.51909682598502,0,2026-08-25 06:31:44
2024-01-02 21:35:00,CNC-03,H,299.2121707608154,311.5841870595279,2435.175347011442,20.267289238406928,41.64597166446425,2.9706594130719624,9.109416137698785,54.378968460932235,0,2026-08-25 06:31:44
2024-01-02 01:57:00,CNC-01,L,297.8684370692432,311.1445018369635,2525.111296605833,22.28370053666447,158.77801364081773,3.311592720051671,10.144128824893205,53.12909828803201,0,2026-08-25 06:31:44
2024-01-02 19:25:00,CNC-03,H,299.44307932176156,313.5052648675399,2169.926092209898,29.462768234750925,156.15360576464684,3.0183150263641503,12.003914457153442,49.93466991638475,0,2026-08-25 06:31:44
2024-01-02 22:11:00,CNC-02,M,299.36012875507276,312.28243860750086,2576.6024610973245,18.538141451276317,162.2407387246252,3.40187182351383,8.836490746413979,52.7866211226134,0,2026-08-25 06:31:44
2024-01-02 02:05:00,CNC-03,H,303.5985072022974,311.5766062928893,2556.030506801345,25.036820140431892,183.0498830780005,3.5248490714976386,11.718010702340738,44.65147735518212,0,2026-08-25 06:31:44
2024-01-02 20:34:00,CNC-01,L,299.1178670504109,313.629425490374,2451.506737122983,28.084701653209514,214.07128444035533,4.066714357483391,13.011566401196175,53.78627448387494,0,2026-08-25 06:31:44
2024-01-02 06:48:00,CNC-03,H,296.0555628205477,310.10248845340965,1896.3136475673844,37.851057766344375,56.95962335481384,2.493600562782034,13.254187096072814,55.583047786762116,0,2026-08-25 06:31:44
2024-01-02 21:31:34,CNC-02,M,299.51162899884,311.7648063708681,2635.492520341498,14.034207189712056,118.85100889745814,3.2582344114852777,7.038158367558577,48.75579031877522,0,2026-08-25 06:31:44
2024-01-02 12:48:00,CNC-02,M,296.89211766528973,311.3707024490922,1399.426540425322,51.71366340968072,147.51431967585893,2.3493544518834,13.663330219641198,57.800865931376485,0,2026-08-25 06:31:44
2024-01-02 21:53:00,CNC-02,M,299.33950019260067,313.00076026205977,2642.6789256225757,22.842517869982153,142.26360139992536,3.510308636559369,11.402834244974033,52.1822752821391,0,2026-08-25 06:31:44
2024-01-02 21:48:00,CNC-03,H,299.20809496145796,311.7264332877468,2658.0714554141286,17.821576833063208,55.912149440605184,3.339657914260689,8.803203684318095,53.15729466118666,0,2026-08-25 06:31:44
2024-01-02 20:34:00,CNC-02,M,299.38394969360644,312.31446813967494,2550.204401826134,21.496676997599117,53.237836116579274,3.1633440344706583,10.476497213092754,55.7369537090279,0,2026-08-25 06:31:44
2024-01-02 03:28:00,CNC-02,M,297.6436721321847,310.7107886836598,2453.5032733708986,23.1820548343364,50.52253289931201,2.995255281938227,10.289276802897183,62.31624332062397,0,2026-08-25 06:31:44
2024-01-02 01:49:00,CNC-03,H,303.65398279306146,311.4244387619842,2701.5452168632223,22.871842862434125,165.35105689799,3.5323399800989903,11.69749089406011,44.63086183346584,0,2026-08-25 06:31:44
2024-01-02 00:08:00,CNC-01,L,299.0927093845851,310.6261737134744,2726.2041965761464,13.50960950427989,41.52595325772924,3.217132416140829,6.954928539906154,49.89233002942027,0,2026-08-25 06:31:44
2024-01-02 06:36:00,CNC-02,M,296.06189580224344,310.0843563720695,1967.8266632101936,36.85044724276174,47.03080057681863,2.6861956112402523,13.609378315704737,58.16636207105601,0,2026-08-25 06:31:44
2024-01-02 02:08:00,CNC-03,H,303.40843107133276,310.91085722444706,2616.929294692517,21.153269619313683,186.35735742914144,3.5162390300739927,10.171594209055,46.81400631845297,0,2026-08-25 06:31:44
2024-01-02 03:46:00,CNC-01,L,296.64291968698956,309.946417037876,2463.531162905539,25.15184134028179,83.73503277920061,3.0684013538634933,11.623723623776792,55.8144017553187,0,2026-08-25 06:31:44
2024-01-02 10:34:00,CNC-03,H,296.00672462367345,310.5936289225259,1392.7357890938617,53.459517729275184,124.84050756847269,2.1737658099979975,14.162439985037098,60.20716213512729,0,2026-08-25 06:31:44
2024-01-02 09:21:00,CNC-02,M,296.1596587731072,310.0938871130883,1477.872415741819,46.03453309876809,27.48252524517201,2.115787698424265,13.236471854227588,59.77401347948306,0,2026-08-25 06:31:44
2024-01-02 05:18:00,CNC-02,M,296.28065610162747,310.7483974534014,2164.713515135594,31.080154885378857,185.49607114792872,3.1609707153776467,12.435390862809543,56.7640210827963,0,2026-08-25 06:31:44
2024-01-02 08:24:00,CNC-02,M,295.96966344712826,311.4777825491434,1757.9349321591783,44.67391252702257,201.3475355161748,3.08539702827187,14.519406381641213,59.88882168574228,0,2026-08-25 06:31:44
2024-01-02 09:40:00,CNC-03,H,295.7214400107646,309.8879170816397,1458.4720346656184,50.92326022498913,40.241585878414604,2.093747414331645,14.086405814614103,62.71745894918914,0,2026-08-25 06:31:44
2024-01-02 02:56:00,CNC-02,M,,309.74839802400425,2656.0767269305798,17.785043466365124,13.572963974770165,3.1582314595283507,8.843199577517582,56.181009283338526,0,2026-08-25 06:31:44
2024-01-02 20:52:00,CNC-01,L,298.78759884312143,310.23967679275916,2635.091492501146,14.913050072793979,7.848340252773709,3.141023508042475,7.4546026158488266,53.23860291902958,0,2026-08-25 06:31:44
2024-01-02 17:28:00,CNC-02,M,298.40570407664615,312.1158537841338,1894.1919262492975,33.1117820938764,59.772249057092125,2.5013087648571113,11.585841665439036,58.77012879964873,0,2026-08-25 06:31:44
2024-01-02 20:40:00,CNC-03,H,299.1589719609058,313.3170656096106,2474.183541878241,25.41247712488824,245.96496758941677,4.024213832289552,11.560223538915753,53.73344330651809,0,2026-08-25 06:31:44
2024-01-02 15:48:00,CNC-01,L,298.6508835650567,312.65407722842247,1750.406140017006,40.32488904557937,47.97819613820315,2.2824985104115303,13.007159000240826,53.186808163974305,0,2026-08-25 06:31:44
2024-01-02 20:26:00,CNC-03,H,299.2639442321888,312.77113452697216,2543.3541789785677,21.252726918678654,229.5438820293551,3.905408108569538,10.301114353212329,54.116370249124046,0,2026-08-25 06:31:44
2024-01-02 01:09:00,CNC-02,M,298.4026285930567,311.6418652475547,2603.1628065793548,21.435929497978584,119.16676691622447,3.404985343410553,10.286332381354997,52.01048263309643,0,2026-08-25 06:31:44
2024-01-02 15:38:00,CNC-01,L,298.65298942092187,312.02478807570276,1579.7943683825515,41.57724261407792,33.09467345162318,21.93580737864019,,51.94818257767623,0,2026-08-25 06:31:44
2024-01-02 16:56:00,CNC-02,M,303.74781937498324,312.26353411602514,2084.9776750999863,36.55567309817228,15.549345903669526,2.682545319659162,14.264887100714557,44.79101838992892,0,2026-08-25 06:31:44
2024-01-02 22:59:00,CNC-02,M,299.4224888630986,312.2429939040996,2745.9696627175963,15.481779417186761,,4.065341338157591,7.828385559110892,53.03070153597799,0,2026-08-25 06:31:44
2024-01-02 14:20:00,CNC-01,L,297.71757485082236,311.7896302093461,40453.78181483962,50.959286359604306,151.21687621626086,2.376809342633937,12.39873363634835,54.28337512024255,0,2026-08-25 06:31:44
2024-01-02 20:56:00,CNC-03,H,299.6851054525295,313.5800731088727,2509.2613038787267,22.890121603996132,264.2653478258901,4.254868489477672,10.607270825798116,55.03642191796345,0,2026-08-25 06:31:44
2024-01-02 23:25:00,CNC-02,M,299.430245500459,311.7420797218252,2533.564378874419,19.229854713813037,18.339676920446447,3.0118473743264675,8.996107814147297,54.173828373577,0,2026-08-25 06:31:44
2024-01-02 01:34:00,CNC-01,L,298.1038152783697,310.4523172045628,2604.582006735953,17.32818028065856,133.4920852946632,3.3470949770621377,8.625693979094523,54.60279884933185,0,2026-08-25 06:31:44
2024-01-02 02:57:00,CNC-03,H,297.58906233503075,310.2635390349017,2828.0746714465827,16.031083984233724,241.2617765773161,4.173130273552318,8.513137360966192,49.981783987836636,0,2026-08-25 06:31:44
2024-01-02 01:53:00,CNC-02,M,298.1492062059376,311.51447567451123,83148.70138923306,20.68617188462033,166.5732345341577,3.666643846681667,10.465136945913352,54.00125786535564,0,2026-08-25 06:31:44
2024-01-02 04:43:00,CNC-03,H,296.9308087032917,311.00849103650114,2206.4949198976797,30.867549277508964,113.0712160845424,2.8976325044647897,12.837802816234799,56.05792673349194,0,2026-08-25 06:31:44
2024-01-02 00:54:00,CNC-03,H,298.25128551853044,310.5658233711937,2677.0929657315824,16.982568463678774,106.18762541992362,3.330433295810665,8.534970903794287,54.802349065972386,0,2026-08-25 06:31:44
2024-01-02 02:58:00,CNC-03,H,297.5713583623976,311.9010040606413,2460.7995058644037,26.728228196906684,242.40833379138704,3.940377589735718,12.304259525998892,54.10901034749249,0,2026-08-25 06:31:44
2024-01-02 21:00:00,CNC-01,L,299.22470321028055,311.90436719623307,2460.6347558192456,22.835132650666168,17.207895029079005,3.0202054157493143,10.440492709798265,55.6506486934786,0,2026-08-25 06:31:44
2024-01-02 20:57:00,CNC-03,H,299.22821943713654,313.71703775769845,2448.1156002957155,26.58477030726051,0.0,4.328450478831866,12.020746282364316,51.28232346943037,0,2026-08-25 06:31:44
2024-01-02 15:15:00,CNC-01,L,298.3290811380119,313.49769116490245,1579.130304960354,48.05904346195518,235.1992036008055,3.3296972829977856,14.112752307456638,1659.4793970452142,1,2026-08-25 06:31:44
2024-01-02 06:55:00,CNC-03,H,23.124991930452495,37.30394088870952,1883.059459136033,37.38515187035742,66.68797632973858,2.425302895345,13.1440392545779,60.805054579367805,0,2026-08-25 06:31:44
2024-01-02 05:40:00,CNC-02,M,296.023695496302,311.2651000904787,2151.9965581439888,35.69748009860969,214.11025171937303,34.38645143798156,14.220920818841794,61.25151724608118,0,2026-08-25 06:31:44
2024-01-02 02:25:00,CNC-02,M,298.1147450992509,311.56797090040754,2525.5300159386243,21.53540252260242,201.98691395026808,3.733572763987993,9.995091941888282,53.67140046446099,0,2026-08-25 06:31:44
2024-01-02 11:02:00,CNC-01,L,296.30471703039717,310.18825437875324,1401.4275514165852,,48.88632927367169,2.065256971573686,13.016348152587042,54.269413009640196,0,2026-08-25 06:31:44
2024-01-02 23:26:00,CNC-02,M,299.3022973629633,312.1818467569094,2469.4931132808238,20.255084763561435,19.47287389715583,2.959745313939812,9.044407885935161,55.720901364101756,0,2026-08-25 06:31:44
2024-01-02 01:34:00,CNC-02,M,298.40343991285187,311.038804096576,2581.3570140033885,18.393563902587108,146.05935251527174,3.2968183173643335,8.797805917392438,54.97021168753707,0,2026-08-25 06:31:44
2024-01-02 19:31:00,CNC-02,M,298.92883597194555,313.39850385059225,2320.491787001668,26.77326216288089,219.117149020466,3.8031134072615953,11.7168883721337,51.2036371707614,0,2026-08-25 06:31:44
2024-01-02 10:40:00,CNC-02,M,296.32030805580087,310.55791270144675,1391.7466008240826,48.559727716571196,151.27972086871227,2.3546797374491426,12.42981512323724,57.50341730103836,0,2026-08-25 06:31:44
2024-01-02 18:10:00,CNC-01,L,25.583920577669005,38.897552412412495,2170.1578206914023,29.752316653715997,35.84602797848635,2.903514372533997,12.250909452815026,55.2156358497297,0,2026-08-25 06:31:44
2024-01-02 10:10:59,CNC-01,L,296.0396813952173,310.5968720865764,1483.2004882376975,50.809298331397954,162.39442090894477,2.593268827364857,13.87882354734852,58.11225012100361,0,2026-08-25 06:31:44
2024-01-02 00:26:00,CNC-03,H,298.5824571231443,311.56557031252197,2588.8053575958097,21.21989228399235,76.24773974090367,3.18547801362898,10.394688747801025,54.354309118275275,0,2026-08-25 06:31:44
2024-01-02 02:55:00,CNC-01,L,297.2638008940838,309.2993394675706,2481.0024148408993,19.85394105114755,24.788274054853222,3.064941766798373,9.270379578091333,55.15409991169816,0,2026-08-25 06:31:44
2024-01-02 17:10:00,CNC-01,L,298.6485993652519,313.1891154538352,1896.697895312231,39.07036720704617,0.0,2.9054946662021877,14.074162291446878,51.986068412149756,0,2026-08-25 06:31:44
2024-01-02 18:44:00,CNC-03,H,26.260766124231566,39.92022430761159,2173.767465562607,29.72811575761587,104.56945261472745,2.9853214637244596,12.027190901543696,57.16519593947574,0,2026-08-25 06:31:44
2024-01-02 04:41:00,CNC-03,H,297.1188508935689,310.73402668396255,2282.130468763633,27.03152949026734,110.5789472265299,2.996499828600026,11.475529419279573,56.12352104437465,0,2026-08-25 06:31:44
2024-01-02 00:37:00,CNC-01,L,298.63023637274637,310.9748532191639,2764.4207779172584,16.714432649138544,72.35478282102784,3.288171222239889,8.58999106195181,56.35759741700517,0,2026-08-25 06:31:44
2024-01-02 20:45:00,CNC-03,H,299.1467321917325,313.22217258243387,2352.8331775412244,26.320301278296817,251.73906577217667,3.8865758844654645,11.472396000959604,53.92765386882699,0,2026-08-25 06:31:44
2024-01-02 23:25:00,CNC-01,L,298.7387905041288,312.6765177040401,2510.1615646292944,24.925065702671827,175.7074331840103,3.6156194600421987,11.715165245689583,55.13134890713876,0,2026-08-25 06:31:44
2024-01-02 17:51:00,CNC-01,L,298.84117813626705,311.7878344678571,2101.2222311903633,28.74410123487174,10.706492793902303,2.5782640472910474,11.266378844449742,58.54657833072289,0,2026-08-25 06:31:44
2024-01-02 09:20:00,CNC-02,M,296.31870330999857,310.27251822351514,1654.2903054630285,43.49313332570799,25.95020141244725,2.324187301927852,13.666620039863906,57.375014350480875,0,2026-08-25 06:31:44
2024-01-02 08:00:00,CNC-02,M,22.822171616946264,37.74135275147114,1732.5497635271104,43.34018168230553,165.9234364042084,2.7190673459019146,14.291621779064705,56.948606362943146,0,2026-08-25 06:31:44
2024-01-02 10:10:00,CNC-01,L,296.23931246501104,310.88281778586986,1476.6815906723946,50.38797155169449,159.23130155482312,2.517549055002924,13.901981092497724,55.78352526076704,0,2026-08-25 06:31:44
2024-01-02 18:35:00,CNC-01,L,25.94446047729997,39.99044076020613,2101.381664275345,32.581240330891774,68.56507098076901,2.7076083607673636,12.862753357153878,55.09906103899443,0,2026-08-25 06:31:44
2024-01-02 20:08:00,CNC-02,M,299.09233542070206,312.55587343815506,2251.7182868009145,28.27136078360468,22.682745667627014,2.862034868437678,11.936975886500797,53.21467719809529,0,2026-08-25 06:31:44
2024-01-02 22:38:00,CNC-02,M,299.56968649093164,311.96136497107966,2692.4760433907913,14.265258627636467,191.43189984101963,3.743735560800597,7.397219573928926,50.743232208459425,0,2026-08-25 06:31:44
2024-01-02 08:58:00,CNC-03,H,295.91023994947375,310.95207362466874,1610.2492337932115,46.97675291520619,246.94893209653534,3.245091258214163,13.828761813054426,60.95763342595464,0,2026-08-25 06:31:44
2024-01-02 16:05:00,CNC-02,M,303.87634257283395,312.93936917231605,1649.8406206649784,43.21702128642274,198.31341438365146,2.798255798922713,13.357839895496596,43.78184502705895,0,2026-08-25 06:31:44
2024-01-02 11:17:00,CNC-03,H,296.2015942301541,310.7310772493243,1310.685838002092,52.85988288360408,192.69362809611584,2.467795095312538,13.176507971980842,58.271832030708396,0,2026-08-25 06:31:44
2024-01-02 08:23:00,CNC-02,M,296.26950375295144,311.77924703699614,1762.5041094032342,46.91461637680472,199.89585245188147,3.149588388981561,15.384706564517762,55.213430500299154,0,2026-08-25 06:31:44
2024-01-02 08:26:00,CNC-03,H,295.69717623035467,310.6004296130701,1610.2466566582536,46.37927974851784,198.55393310947528,2.791276213425198,13.997649091528572,59.45084366950233,0,2026-08-25 06:31:44
2024-01-02 00:24:00,CNC-03,H,298.7894970603206,311.0884479361513,2746.2242110756924,17.000678433432643,74.07832791597222,3.300785080680383,8.644294621036778,51.23439854163998,0,2026-08-25 06:31:44
2024-01-02 21:17:00,CNC-03,H,299.1323377486479,311.0255421918166,2577.2672322251005,16.891500408821532,21.574337854630357,3.1359439161747362,8.179643184553884,57.275820446707264,0,2026-08-25 06:31:44
2024-01-02 20:09:00,CNC-01,L,299.23241310071927,312.984938552224,2520.874480699071,23.692616757305874,184.8137176599933,3.67039499191824,11.361061395576497,52.98446989628206,0,2026-08-25 06:31:44
2024-01-02 01:00:00,CNC-03,H,298.25799236939304,310.11431876046936,2764.13672275426,13.047417692621279,112.51784243698303,3.4020293019743546,6.700374123110563,52.77222656144237,0,2026-08-25 06:31:44
2024-01-02 00:28:12,CNC-03,H,298.84075916807706,310.2992383877242,2668.716548255107,13.31279976931967,78.40454064570363,3.251411801647385,6.64033275812865,52.37822430457878,0,2026-08-25 06:31:44
2024-01-02 12:12:00,CNC-03,H,296.9006598916576,310.5527138341929,1310.9841587369117,52.2947984013353,20.596235287917345,1.9713853490639506,12.787707292951099,58.159892531985584,0,2026-08-25 06:31:44
2024-01-02 23:18:00,CNC-02,M,299.81595806613706,312.51522694088965,2609.8898326681065,19.622300131887243,10.675221902488095,3.1262073037958324,9.64402533199212,52.26291699514351,0,2026-08-25 06:31:44
2024-01-02 23:30:00,CNC-02,M,299.1724628987589,310.82109115222926,2775.2523575269056,13.144834667132804,23.692387706355298,3.3636904315575618,6.90881097162718,55.66708875775823,0,2026-08-25 06:31:44
2024-01-02 00:00:00,CNC-01,L,298.9490773567105,310.3823075869872,2585.0777269372998,14.036078533109176,33.06357125299196,3.1595271612262787,6.918914373613533,55.92870917971986,0,2026-08-25 06:31:44
2024-01-02 16:14:00,CNC-03,H,298.3031453184404,313.07608658769806,1572.3592297586931,46.671307829113246,171.83595078958302,2.5270180550119288,13.947304937203969,54.74495421084215,0,2026-08-25 06:31:44
2024-01-02 10:46:00,CNC-01,L,296.2056318919346,309.72813978501244,1389.1000179880746,48.67631599364238,23.6321888701737,2.0489259112449347,12.51598557768872,66.52043590081999,0,2026-08-25 06:31:44
2024-01-02 08:37:00,CNC-03,H,295.70899777099214,310.9405009594525,1560.6861758834762,50.49919157367108,215.05925492583492,2.8614933262690787,14.819642973994098,60.05779332373732,0,2026-08-25 06:31:44
2024-01-02 15:49:00,CNC-03,H,297.97540611783455,313.19673491448333,1734.278223622449,47.39145108254846,135.44937971989782,2.582157338539846,15.461573890352959,56.62080916081961,0,2026-08-25 06:31:44
2024-01-02 12:02:00,CNC-03,H,296.82418461900266,310.6213162815026,1348.497269916749,50.06014739074203,4.74172741872731,19.977271023671687,12.50320821414724,52.63024478036084,0,2026-08-25 06:31:44
2024-01-02 16:37:00,CNC-03,H,298.35742240467283,313.6361670967517,1855.31246362023,42.88398011406191,205.05009841177062,3.006231797627657,15.084108247695173,51.964674527619444,0,2026-08-25 06:31:44
2024-01-02 06:37:00,CNC-01,L,296.1258275677599,309.55897971423667,1981.039860694128,31.491018713602998,76.46593714419384,2.5698949170600414,11.668004266912131,62.60980013639038,0,2026-08-25 06:31:44
2024-01-02 18:36:00,CNC-01,L,26.04340316568033,40.9216745724446,2045.8150184619262,38.55173815351558,69.91086322821803,2.7174321375618016,14.66442245547944,50.14955876163676,0,2026-08-25 06:31:44
2024-01-02 11:59:00,CNC-02,M,296.9500783109065,311.3553866561139,1353.9310428788071,52.10714359279365,69.87991257987416,1.9961477846372826,13.04084649090168,58.53131344821965,0,2026-08-25 06:31:44
2024-01-02 16:32:00,CNC-01,L,298.4203915599132,313.38309681491774,1918.0144930146107,40.584962789647335,111.91281035650105,2.599964657243996,14.511208691782972,52.829243689180295,0,2026-08-25 06:31:44
2024-01-02 01:36:00,CNC-03,H,298.01703555569355,311.2850801859942,2559.5092501705785,20.764284922565945,151.28535704607754,3.3633960793633144,9.973994285513967,56.1189781857396,0,2026-08-25 06:31:44
2024-01-02 05:37:00,CNC-02,M,296.11486614786776,310.5356024172884,2147.4659459069408,30.872273828194384,1912.3232216142103,3.5777093504732416,12.537386101685634,59.032307770477125,0,2026-08-25 06:31:44
2024-01-02 20:24:00,CNC-03,H,299.1667900205215,312.8701729173781,2351.2981178599634,24.417245388039994,227.28012734242003,3.6821228249211235,10.48408827879422,49.36425058705441,0,2026-08-25 06:31:44
2024-01-02 13:19:00,CNC-01,L,297.59417677286694,311.60686613151876,1316.667386187954,53.86695761058356,55.44479105640816,2.013321714363339,13.100675893394767,51.928261156307784,0,2026-08-25 06:31:44
2024-01-02 06:28:00,CNC-03,H,296.2198623760581,309.9017921693671,1980.583546930516,34.578594131585604,29.530501616266022,2.618270418580938,13.017698848308244,58.00061099436379,0,2026-08-25 06:31:44
2024-01-02 23:13:00,CNC-03,H,299.15897125853206,312.06817518256,2664.294922081732,18.04877613564068,147.46254218106205,3.45577892944178,9.185828691137717,57.12712509174037,0,2026-08-25 06:31:44
2024-01-02 19:42:00,CNC-01,L,299.31699629278364,312.9587224327942,2237.7143868329954,28.11007551711911,152.27136333919861,3.2004777204927684,11.939390626089038,50.003684009549026,0,2026-08-25 06:31:44
2024-01-02 15:15:00,CNC-02,M,303.0711623827539,311.73256439514387,1697.6835098448541,43.102150067962576,124.44586743550117,2.411568095878502,13.454667284095022,45.47350701259717,0,2026-08-25 06:31:44
2024-01-02 23:46:00,CNC-02,M,299.0766417918506,310.7988356319028,2671.113559491451,13.161045302266887,40.58248297319597,3.179070238803853,6.713699222685849,49.94141034722664,0,2026-08-25 06:31:44
2024-01-02 16:43:00,CNC-01,L,298.6779950683442,312.955886091772,1787.316924301231,38.89843676631269,127.75518053788795,2.59489930911147,12.926973121823103,49.491859955527275,0,2026-08-25 06:31:44
2024-01-02 20:08:00,CNC-03,H,299.40357507298353,312.2933711094886,2364.7872365557405,21.023014785789613,208.3946601467028,3.5481494571237504,9.169956341074073,49.455698079133015,0,2026-08-25 06:31:44
2024-01-02 20:44:00,CNC-03,H,299.44369450754914,313.8983221710109,2623.4092131071225,25.53091948463738,250.5605464401866,40.46070313106391,12.536152965247851,54.62776510735768,0,2026-08-25 06:31:44
2024-01-02 08:16:00,CNC-03,H,295.58827958990497,310.46375190493967,1664.5248836864732,46.05308359206503,183.66433843523205,2.6747418741440834,14.289023632404763,57.03185760490884,0,2026-08-25 06:31:44
2024-01-02 04:35:00,CNC-02,M,296.6079831944265,310.1498626003045,2278.3675178807152,26.490329968714512,131.13355943109633,3.0415409958907547,11.48358516317767,57.610194052858006,0,2026-08-25 06:31:44
2024-01-02 12:53:00,CNC-03,H,296.9954496932974,310.9493160784659,1302.5195571621596,52.46196414678116,85.73193851743213,1.983712798328548,12.69046342757986,57.035340207156246,0,2026-08-25 06:31:44
2024-01-02 10:42:00,CNC-01,L,296.25802261769553,309.79526492748033,1454.9182847031782,45.9070884601239,17.249021394516305,2.216283220089617,12.438763005735003,59.21668236784626,0,2026-08-25 06:31:44
2024-01-02 22:56:00,CNC-03,H,299.01578054532666,311.1081680330566,2610.31703867908,16.403243546756133,129.3859214360222,3.402863003695099,8.069244942920829,58.33572258279953,0,2026-08-25 06:31:44
2024-01-02 22:07:41,CNC-01,L,298.901840371339,311.8013940128427,2537.6095534988744,20.878686509483074,93.77374143698376,3.116342267165796,9.704375763092775,52.01032661339637,0,2026-08-25 06:31:44
2024-01-02 11:10:00,CNC-01,L,296.29216094396435,310.17856018585695,1421.851833598572,48.90670532631639,61.623583561745306,2.043125665863119,13.188225335188426,61.10087837242244,0,2026-08-25 06:31:44
2024-01-02 16:07:00,CNC-03,H,298.23719138901987,313.24711371048136,1743.6247932934293,42.77276118558851,161.6825624483318,2.586158347896087,13.848902199096292,54.650954608832016,0,2026-08-25 06:31:44
2024-01-02 23:24:00,CNC-01,L,298.5208287615797,312.40684883854743,2605.4689736424552,23.373756671577475,174.57945051507602,3.6525935652866615,11.37099361116711,53.05324718894787,0,2026-08-25 06:31:44
2024-01-02 07:44:00,CNC-02,M,22.831752960373876,37.279738318569684,1742.6650503102592,40.58333385184761,142.69736048523262,2.584234454453898,13.367612289183688,57.297036355781145,0,2026-08-25 06:31:44
2024-01-02 05:30:00,CNC-03,H,296.8943205847479,310.795129359737,2131.2366480376177,29.325135561475236,173.16239558244112,3.0378213771226847,11.683468163489517,56.6970459726636,0,2026-08-25 06:31:44
2024-01-02 10:37:00,CNC-03,H,296.06581884947275,310.3466594890867,1374.143268668509,50.660232151373016,129.6039058562638,2.241228878402043,13.074654778140289,64.06360403891804,0,2026-08-25 06:31:44
2024-01-02 23:19:00,CNC-02,M,299.3024096590482,310.9776138411546,2735.6836981183556,13.04228110019533,11.734124621941255,3.2581730508029603,6.803869943535475,53.56009458813909,0,2026-08-25 06:31:44
2024-01-02 12:06:00,CNC-02,M,296.7403859795734,311.03672637201464,1348.1911684971235,53.03192506186008,80.95713350467884,19.968689510013245,13.30621428755179,57.6723295266367,0,2026-08-25 06:31:44
2024-01-02 06:02:00,CNC-02,M,296.04446301744923,309.8030421661956,2114.4151702840263,32.08929742573099,12.058707771325311,2.7311405913991034,12.542460185936614,58.98656572115635,0,2026-08-25 06:31:44
2024-01-02 19:54:00,CNC-01,L,299.2582648466325,313.49121105227835,2266.831285635598,29.93078771062809,166.90580908257724,3.259630198633793,12.740719487607157,50.049633562121564,0,2026-08-25 06:31:44
2024-01-02 07:06:00,CNC-01,L,22.86552355740662,36.9321962395569,1841.7191540678925,37.53770853892284,116.70456923241844,,12.892621369932302,59.810310501404054,0,2026-08-25 06:31:44
2024-01-02 09:30:00,CNC-01,L,295.8875196010952,309.9018397676726,1420.5753002260644,49.728913166911305,97.17329031854335,21.795653632707587,13.145805426227387,60.17382329126341,0,2026-08-25 06:31:44
2024-01-02 20:18:00,CNC-01,L,299.05635082257976,313.41299540426945,2461.558588515262,27.646632878460352,195.34961355755476,3.6704683449906197,12.70143732341614,52.89448820846577,0,2026-08-25 06:31:44
2024-01-02 00:45:00,CNC-02,M,298.5588085290394,311.2006016554592,2682.359080310305,18.38895712292456,93.17975553484737,3.203086870675574,9.26654869409163,57.45569235396178,0,2026-08-25 06:31:44
2024-01-02 04:01:00,CNC-02,M,296.86215625817294,310.913355008635,2201.896376171968,29.371021800198328,89.7047767094103,2.824024872168362,12.137530672390378,58.5683101135636,0,2026-08-25 06:31:44
2024-01-02 21:33:00,CNC-02,M,299.64421821698903,313.0585291362032,2407.629097238798,23.225061378982478,119.99269557262721,3.1009567351637854,10.607333897577018,48.8579357559647,0,2026-08-25 06:31:44
2024-01-02 13:44:00,CNC-02,M,297.11612984526664,312.3672838464991,1326.7442456368376,55.81288044471606,235.84756682962086,3.0131537403855475,13.527540036496152,61.42464692639318,1,2026-08-25 06:31:44
2024-01-02 16:49:00,CNC-01,L,298.9907052328244,313.6040292237544,2003.196182676638,36.81333894616607,136.1205432975819,2.8309139721542382,13.706480081229532,56.64676234224767,0,2026-08-25 06:31:44
2024-01-02 23:49:00,CNC-03,H,298.33213358171,311.9723325846994,2724.765803371076,21.73780457379747,185.6787795547956,3.7581249093965945,10.927632965743417,51.79227572379199,0,2026-08-25 06:31:44
2024-01-02 20:35:00,CNC-02,M,299.014941511083,312.1121522742014,2577.498815907007,20.704806601181655,54.36780862754662,3.1091766463455897,9.902149050763187,53.90811266383705,0,2026-08-25 06:31:44
2024-01-02 21:06:00,CNC-02,M,299.3197868760844,311.5091079472011,2527.4340174490662,15.582913899667199,89.69097589690234,30.729284551511025,7.735857850914188,55.27391875147915,0,2026-08-25 06:31:44
2024-01-02 05:16:00,CNC-01,L,296.51358140346554,311.2645311964972,1877.110168783995,40.54521870466614,194.1174523131915,3.307878789244519,14.243593180305204,54.94706307872613,0,2026-08-25 06:31:44
2024-01-02 13:42:00,CNC-02,M,296.92929069907524,312.4624051653273,1516.5681976060164,52.5664254818673,232.66557535770787,3.2046152904978915,14.802315377954892,55.19807939472088,1,2026-08-25 06:31:44
2024-01-02 02:41:00,CNC-03,H,303.5669520051269,311.3889804975859,2629.796836405831,22.084788139215966,223.155089549936,3.8444743720109527,10.960971617485727,46.099581509383114,0,2026-08-25 06:31:44
2024-01-02 13:00:00,CNC-01,L,297.90159254617555,311.9757441772337,1345.409030406032,52.251871675760086,25.273575779950335,1.9731109723894433,13.014779257316915,57.87627618152638,0,2026-08-25 06:31:44
2024-01-02 11:54:00,CNC-02,M,296.59024884085807,310.4395518518959,1328.698668381623,51.43370517691685,61.9471940925993,1.9981589818985943,12.67549246889345,57.41982467522648,0,2026-08-25 06:31:44
2024-01-02 01:27:00,CNC-02,M,298.52132362300557,311.2875186297318,2739.766344676607,17.527397175894745,138.49536855596827,3.5049219024503038,8.981692523882835,53.93880810783487,0,2026-08-25 06:31:44
2024-01-02 12:18:00,CNC-01,L,297.27290031002883,311.90607293681325,1297.1111542720728,53.63844862191865,169.51594947197117,2.517201392945968,13.183774936507179,56.65794418145698,0,2026-08-25 06:31:44
2024-01-02 20:40:21,CNC-02,M,299.2046582944447,312.8866342546676,2550.7117630089447,22.274431217122064,61.23617204402939,3.0814425068352262,10.591400867121434,53.11722621878413,0,2026-08-25 06:31:44
2024-01-02 02:39:25,CNC-02,M,297.7258191244656,311.6462470991288,2472.54891287908,23.2254407672215,216.68780787790632,3.734523748027763,10.617966961750769,54.64809588592301,0,2026-08-25 06:31:44
2024-01-02 14:04:00,CNC-01,L,297.8846474514914,312.51066688262836,1387.4052666884656,54.13169702280472,126.38332008207875,2.3465021664348837,14.25028367257434,56.895155910184045,0,2026-08-25 06:31:44
2024-01-02 21:15:00,CNC-01,L,299.1190901779836,311.19900630161186,2632.357447505967,18.14537559576257,34.10944375451918,32.0184235925683,8.576059402163157,53.76031225880364,0,2026-08-25 06:31:44
2024-01-02 16:13:00,CNC-01,L,298.7187584459572,312.37688997666385,1536.3544823131883,43.545270813633316,84.5203227376106,2.2771277742513103,12.674464930454764,56.99481745902283,0,2026-08-25 06:31:44
2024-01-02 19:47:50,CNC-03,H,299.5770728541526,314.0202569977608,2247.7954590306085,30.50667132805886,183.16546696647492,3.2906300208190635,13.023842855323599,57.40846177508328,0,2026-08-25 06:31:44
2024-01-02 23:14:00,CNC-02,M,299.6897436825303,312.12787669554785,2689.641035160432,18.135165476195223,6.364911848258659,3.1906105575145642,8.948219316632311,53.18818849193381,0,2026-08-25 06:31:44
2024-01-02 04:05:00,CNC-03,H,297.3727960672819,310.37239569561444,2351.068030953484,24.19089677525651,66.66033950147859,2.9778679593534365,10.415672514278393,54.83063906669788,0,2026-08-25 06:31:44
2024-01-02 21:48:00,CNC-01,L,299.13951221708453,311.2454904514934,2555.0033262090733,18.362343920229847,70.64567345000548,3.1239857171016157,8.887444396275663,51.70965743855571,0,2026-08-25 06:31:44
2024-01-02 20:42:00,CNC-01,L,299.1264580428966,313.5899920166598,2329.588049701695,30.099472385828943,223.44156202118128,4.122230537412879,13.220707603768192,52.32264967599124,0,2026-08-25 06:31:44
2024-01-02 01:10:00,CNC-01,L,298.5435731613356,311.01160488533867,2704.610278908329,16.913974860638795,107.65805000422246,3.352555982371315,8.723735649016243,57.312180990393585,0,2026-08-25 06:31:44
2024-01-02 12:44:00,CNC-02,M,296.99167284102583,311.35291497252433,1350.2366783478133,50.931683485758185,141.24492399410985,2.2221958851884276,12.96557969833838,54.669084430590246,0,2026-08-25 06:31:44
2024-01-02 05:32:00,CNC-01,L,296.11639892846443,311.09729159383323,1958.5768762577336,39.040062264895056,214.96499236287903,3.573821119751141,14.581173547018201,58.95226836822764,0,2026-08-25 06:31:44
2024-01-02 15:12:00,CNC-01,L,298.31276723365255,313.2326241200362,1453.0111291252672,51.676172343435816,230.67696034070477,32.27961668493401,14.305039125746948,59.62409137956417,1,2026-08-25 06:31:44
2024-01-02 20:21:00,CNC-02,M,299.1817058461584,312.5434815297819,2427.8143778183953,24.097229526607805,38.03132324215811,2.910665159165011,10.959498176826031,54.01194321996312,0,2026-08-25 06:31:44
2024-01-02 09:53:00,CNC-03,H,296.20974994076107,310.354133648058,1442.484831202935,49.496804210423406,60.363350995041976,1.958090338356628,13.5632811358115,60.97588692072194,0,2026-08-25 06:31:44
2024-01-02 12:57:00,CNC-01,L,297.3981173835288,310.9824725819805,1319.9174103484725,48.21932288696334,20.47826495940389,1.940387418763781,11.817032657980025,57.21450970060596,0,2026-08-25 06:31:44
2024-01-02 00:52:00,CNC-03,H,298.60743204241646,310.7063540792437,2598.4574135892485,17.26291738427664,104.02972072333598,3.2040755352916523,123.5102399172593,53.26500887640926,0,2026-08-25 06:31:44
2024-01-02 04:10:00,CNC-01,L,296.494371214807,310.83735539330553,2381.9124251780763,29.640294417041304,112.2182921006431,3.064966659598746,13.394521162178387,55.57223777790574,0,2026-08-25 06:31:44
2024-01-02 06:59:00,CNC-02,M,22.892084680332346,37.057299995590085,1821.5032137738447,38.05786548387256,78.89504837688594,2.4499621729424064,12.753667629734895,57.906045004844366,0,2026-08-25 06:31:44
2024-01-02 06:07:00,CNC-02,M,295.96484959459593,309.60028149363774,1972.554324404878,34.58719266188379,8.022137447170804,2.599782294825494,12.663238362671436,60.05750729281708,0,2026-08-25 06:31:44
2024-01-02 17:49:00,CNC-03,H,299.2610219202925,312.7583666485858,2273.1384448245885,30.604239125865615,32.39487368172967,2.8141108248418756,13.022649297901713,52.13315446654602,0,2026-08-25 06:31:44
2024-01-02 20:54:00,CNC-01,L,298.9285820411144,310.3955351718704,2553.4443462250506,16.68204167174827,10.139370773317628,3.1470441143427563,8.065338830903121,,0,2026-08-25 06:31:44
2024-01-02 18:43:00,CNC-01,L,26.013557072678793,40.280833402388,2194.740343521308,33.32134107497799,78.89083253789966,2.996989725215833,13.891580908959886,50.77839440739229,0,2026-08-25 06:31:44
2024-01-02 11:06:00,CNC-03,H,296.3278435929695,311.1932061236324,1374.2675089545176,54.34427869570189,175.23087985990034,2.45761137921999,13.981421536289957,61.26683712622738,0,2026-08-25 06:31:44
2024-01-02 21:08:00,CNC-01,L,299.05296739450966,311.5994998670415,2513.720811016166,21.219404888970956,26.2871150544367,3.0567396127423287,10.024513918630586,50.34519981932905,0,2026-08-25 06:31:44
2024-01-02 00:15:00,CNC-03,H,298.7602429665909,311.0059251550358,2766.555799279072,15.11653942383701,64.52198662117219,3.2070146803738955,7.741021055501569,50.62381324682386,0,2026-08-25 06:31:44
2024-01-02 21:51:00,CNC-03,H,299.34662242760623,312.430552739776,2604.1629805221246,21.652688872217176,59.24493919531949,30.471784180560388,10.426581686874284,52.007438548120064,0,2026-08-25 06:31:44
2024-01-02 14:14:00,CNC-01,L,298.1073189346407,312.24126234038494,1412.1651759662998,48.863644833012685,141.9395203891991,2.2637213039867086,13.1217854084746,53.991345308206,0,2026-08-25 06:31:44
2024-01-02 00:59:00,CNC-02,M,298.5623585535009,310.62549839786254,2525.606311379912,16.667916767824366,108.3527582252391,3.2218915295845076,7.934495325125051,54.0826374220484,0,2026-08-25 06:31:44
2024-01-02 21:28:00,CNC-03,H,299.4187959196252,311.62576198023794,2497.1461541974195,18.689124766812817,34.002168982987605,3.0787786044149312,9.033746783895724,54.64453333741409,0,2026-08-25 06:31:44
2024-01-02 22:52:00,CNC-02,M,299.0991467860121,312.7702690421323,2805.195597521903,19.2651576158012,206.44127774378515,52.96242041084707,10.034614950031617,49.74974958410228,0,2026-08-25 06:31:44
2024-01-02 09:03:00,CNC-02,M,296.0625724607854,309.8467730116257,1456.4897442665679,47.77297587263556,0.0,2.085909460395557,13.344964007411548,57.900988813359426,0,2026-08-25 06:31:44
2024-01-02 05:15:00,CNC-03,H,297.29474725664636,311.11835931300925,2163.0686886708963,29.198934306247956,153.6710258603684,3.0111118715567096,11.745669696272643,52.44055462802861,0,2026-08-25 06:31:44
2024-01-02 15:14:00,CNC-03,H,298.17847480214925,313.0147500797627,1726.6128660764957,45.88861043592705,83.15576498824306,2.425655806238628,14.97481929796061,57.122090618127885,0,2026-08-25 06:31:44
2024-01-02 18:59:00,CNC-01,L,25.9848767936071,39.364152443697435,2201.643043331327,27.944468568796044,99.20469432792362,2.783764317142309,11.541827996678872,53.60279895596852,0,2026-08-25 06:31:44
2024-01-02 02:22:00,CNC-01,L,297.58587609128506,310.71160891328265,2665.4026929215283,19.763219263558444,186.34123590752802,3.817771452230571,9.761889119390073,53.674652074590824,0,2026-08-25 06:31:44
2024-01-02 08:49:00,CNC-02,M,295.9052658650364,310.66880229829223,1776.2548842607223,40.31955990334061,238.42201804225994,3.4119525003201345,,59.05541368748904,0,2026-08-25 06:31:44
2024-01-02 21:30:00,CNC-03,H,299.1657750102274,310.114395634383,2783.9169492979645,11.034289983540354,36.15769144373526,3.259308380288896,5.903008305059284,51.78171535759016,1,2026-08-25 06:31:44
2024-01-02 10:24:00,CNC-01,L,296.17406585119056,310.7579815032659,1455.9082444856738,48.65254956687325,181.2457981693108,26.641391958744226,13.546434174571791,59.1806059318372,0,2026-08-25 06:31:44
2024-01-02 00:50:00,CNC-03,H,298.5190808689913,311.56936235064387,2668.5711058416914,20.351279956627934,101.8560763125821,3.279845459872815,10.038314683318319,53.14369923507339,0,2026-08-25 06:31:44
2024-01-02 17:27:00,CNC-03,H,299.00725109384314,312.47445471241184,1948.2838986486197,34.04641121192722,2.7615748917212133,2.5823193230913097,12.541932912359712,51.99261585004915,0,2026-08-25 06:31:44
2024-01-02 23:31:00,CNC-02,M,299.4146034279583,311.0489596462121,2770.532345960761,13.763351628216576,24.7223877063553,3.1870928115817603,7.348463869639291,54.69039131578695,0,2026-08-25 06:31:44
2024-01-02 02:25:00,CNC-01,L,8652.930038975446,310.7723589599179,2732.594648845156,17.69921303282793,189.63285414866195,3.8475968009546295,9.076143252322082,55.86930834329613,0,2026-08-25 06:31:44
2024-01-02 07:55:00,CNC-02,M,22.978551885948775,37.695985402490635,1559.5495582237872,46.363087989887674,158.68554833276767,2.5924930463344866,13.77116215387217,59.75204429558758,0,2026-08-25 06:31:44
2024-01-02 06:04:00,CNC-02,M,295.971530127896,309.3674221477416,1931.6685194908694,33.329726354967924,4.0078058266305305,2.526973425000674,12.118866159403856,57.19540738735803,0,2026-08-25 06:31:44
2024-01-02 04:35:00,CNC-01,L,296.6006710987247,310.07087674728206,2357.644976058195,24.462598017798875,142.79089262617586,3.2208285323653225,10.8276161507704,56.027497402570255,0,2026-08-25 06:31:44
2024-01-02 08:39:00,CNC-03,H,295.70637214547554,310.7648477203037,1703.5362715202332,46.45137122925215,218.03268297719697,2.9721938673971757,14.969187354745626,58.49711672938885,0,2026-08-25 06:31:44
2024-01-02 07:54:00,CNC-01,L,28.345386056471625,37.56604634976509,1834.1207108624915,43.17629226767578,185.10082089410704,3.0245255739066153,14.672221398701861,53.13098698612765,0,2026-08-25 06:31:44
2024-01-02 00:42:45,CNC-03,H,298.6203145458325,310.14233500263055,2700.4006555825363,14.286567524866804,94.37496629584453,3.251952239990008,7.181122407536289,53.67358594487784,0,2026-08-25 06:31:44
2024-01-02 18:50:00,CNC-03,H,26.05872844410561,40.14260952218149,2187.437079642231,31.020715901626094,112.25292259664774,3.0177931738626804,12.818353112105177,57.8666028049352,0,2026-08-25 06:31:44
2024-01-02 16:12:00,CNC-02,M,303.5699817694232,312.6586195639728,1729.878865482363,42.9570616009914,208.49242269186044,3.150534637169364,13.970354938790479,45.33077468102289,0,2026-08-25 06:31:44
2024-01-02 00:21:00,CNC-03,H,298.5826761051165,310.9355857231439,2673.677753896559,17.54477455353217,70.88516319297332,3.2670241822196546,8.892144583032366,55.02345771838899,0,2026-08-25 06:31:44
2024-01-02 13:41:00,CNC-02,M,297.1409182525126,312.213928595083,1435.340029896689,51.01313171210218,231.123957341195,3.0571609534042,13.750777814707629,54.77998415700803,0,2026-08-25 06:31:44
2024-01-02 07:00:00,CNC-01,L,22.930684619197905,37.11971140727087,1676.8259246757398,41.495612689500945,108.35277554612985,2.370035236449686,12.737450835344637,60.22787179294612,0,2026-08-25 06:31:44
2024-01-02 13:16:00,CNC-02,M,297.143088288644,312.05791918758246,1375.9000389493515,55.13170673088889,191.91788361719935,2.587551499641155,14.309640646191086,58.21264636046209,0,2026-08-25 06:31:44
2024-01-02 06:21:00,CNC-03,H,296.44146873870767,310.2034478557413,2018.7001027222743,34.933706140583375,19.99435704472163,2.6284201798853997,13.317681317861924,60.072758064228644,0,2026-08-25 06:31:44
2024-01-02 02:15:00,CNC-03,H,303.4295630853926,310.49652853094716,2541.029848551019,19.97488068447099,194.09165433901526,3.5116184404236184,9.660374385498937,44.725682120063446,0,2026-08-25 06:31:44
2024-01-02 06:36:00,CNC-03,H,296.05875539507446,309.2247826320379,2101.8854518115154,29.07206910193761,40.423521077630355,2.657891682805422,11.62253767474874,57.63414857027138,0,2026-08-25 06:31:44
2024-01-02 07:17:00,CNC-01,L,22.62692499762909,36.8469844521058,1806.8337835249702,40.611666151714765,132.15371229937938,2.715627710968001,13.709069560103092,58.520575998333776,0,2026-08-25 06:31:44
2024-01-02 21:07:00,CNC-03,H,299.6794580184722,312.039028550208,2631.122020401336,18.944912750588326,10.191594604958631,3.2050840479201743,9.36230400779945,54.83748446967537,0,2026-08-25 06:31:44
2024-01-02 11:22:00,CNC-01,L,296.47827748272107,310.5210996971885,1370.377444105408,51.7692175902153,80.6575397573162,2.100386037624209,13.49713649020529,60.717719667056485,0,2026-08-25 06:31:44
2024-01-02 13:40:00,CNC-01,L,297.85068445564787,311.65844897029456,1284.7855337424728,51.77608070690502,88.64051697540279,2.102225465376035,12.257302341419289,50.76231513087162,0,2026-08-25 06:31:44
2024-01-02 23:06:35,CNC-03,H,298.68913952405137,310.89405838203436,2612.2920450994015,16.425721076976306,141.15144428629122,3.3796659236563142,7.878244748685654,58.01157092471678,0,2026-08-25 06:31:44
2024-01-02 02:17:00,CNC-02,M,298.06290284036317,311.59650587253094,,22.29548640223767,193.11789949201884,3.646681905264456,10.562938942612838,54.614732916923934,0,2026-08-25 06:31:44
2024-01-02 12:33:59,CNC-01,L,297.2643227603205,311.4190337987804,1342.1836082057337,49.74770061115526,194.915056977509,2.688961792430653,12.529396505930913,57.542875020187914,0,2026-08-25 06:31:44
2024-01-02 07:23:00,CNC-01,L,22.788097284251194,37.28356378620339,1793.9623918181428,41.26888674182399,140.56986083936357,2.6137501662495155,13.45152785405506,61.69101326783808,0,2026-08-25 06:31:44
2024-01-02 12:42:00,CNC-03,H,296.9162344359687,310.7123755106319,1309.5846672261086,48.82547471369519,68.28874440925225,1.9618260839888015,11.942541339956199,58.274175348439854,0,2026-08-25 06:31:44
2024-01-02 10:41:00,CNC-01,L,296.132146611329,310.0030734291828,1381.5186386930973,52.17830803068802,15.708075228155352,2.074019546615814,13.593850406481744,63.012651169813104,0,2026-08-25 06:31:44
2024-01-02 00:12:00,CNC-02,M,299.15188632021744,310.4381518861979,2707.8640556964883,12.908356507351774,58.127994630688406,3.22125392325245,6.676259258709066,52.269895321682576,0,2026-08-25 06:31:44
2024-01-02 17:23:00,CNC-02,M,298.56342743020895,312.26639130194735,1984.529896393277,32.19329752831146,52.95206781595773,2.7183354335584657,12.217929138719143,54.64584213663955,0,2026-08-25 06:31:44
2024-01-02 12:07:00,CNC-01,L,297.03539216269456,311.95515685392655,1438.968658913353,54.976317422043344,152.02571888084512,2.567302096677374,14.43145564178753,60.29380291932948,0,2026-08-25 06:31:44
2024-01-02 18:03:00,CNC-01,L,298.7565998741681,312.2949950322818,2036.6555688934925,31.894332989060228,26.670971310249907,2.672382520588231,12.275004315084866,56.42559068029205,0,2026-08-25 06:31:44
2024-01-02 07:25:00,CNC-01,L,22.866990766074252,37.870866747803404,1773.6273250000045,44.13565281271315,143.43233599575788,2.566110971913995,14.9817871895001,55.81650534673204,0,2026-08-25 06:31:44
2024-01-02 09:24:14,CNC-03,H,296.0663538695626,309.9227056978886,1641.3272702971144,42.528979144640616,16.97654441253248,2.243885425902472,13.26424120708992,63.937233931694415,0,2026-08-25 06:31:44
2024-01-02 15:12:00,CNC-03,H,297.87066227338966,312.0381511290932,1527.390996781206,45.50708021928454,80.15222251994737,2.2209550834214222,13.007873100235198,57.77555420303238,0,2026-08-25 06:31:44
2024-01-02 08:55:00,CNC-01,L,296.0762515568763,310.4441333482948,1687.8819907197153,45.43076566824923,43.5428444507817,2.3614731913178426,14.193376549805139,58.34052579048326,0,2026-08-25 06:31:44
2024-01-02 21:04:06,CNC-02,M,299.65650942263323,313.110047621164,2575.390453255962,21.9845871184566,,3.1394012827553683,10.5664631327543,52.86145697884846,0,2026-08-25 06:31:44
2024-01-02 20:29:00,CNC-02,M,299.3677215048455,313.3991625506902,2446.716849283386,27.31300707114895,47.38454757853893,2.8768000201595187,12.452555605248358,54.093723238920376,0,2026-08-25 06:31:44
2024-01-02 08:44:00,CNC-02,M,295.8391557236653,310.54109519209646,1499.7402818102369,47.86643452821828,230.94552592144782,3.1001517495708577,13.259871273905974,57.047075074770156,0,2026-08-25 06:31:44
2024-01-02 21:41:00,CNC-02,M,299.47897439098307,313.1507826448694,2573.8504678414124,23.394783999002364,128.8256576923774,3.3243789931950998,11.345506487965427,52.64965536790654,0,2026-08-25 06:31:44
2024-01-02 05:10:00,CNC-03,H,297.39275818708205,311.35866285474793,2103.0762806843763,30.653570402554674,,2.9540479198641476,11.971346040597917,57.29899808337456,0,2026-08-25 06:31:44
2024-01-02 11:18:00,CNC-02,M,296.5437313828448,310.76353078596844,1334.120198002925,53.57279631012447,43.00131786867766,2.091090181185378,13.491378064771265,57.856592616187065,0,2026-08-25 06:31:44
2024-01-02 17:57:00,CNC-01,L,298.815168326791,312.22096149484713,2180.424858031838,29.5575296277213,18.721966655777745,2.7334864418645743,12.153218579067063,53.06337084933029,0,2026-08-25 06:31:44
2024-01-02 10:35:00,CNC-02,M,296.08593409158345,310.9234385862989,1555.141335641422,47.82445684932665,143.3451060847108,2.4036783247178986,13.718929880700491,62.320283611387325,0,2026-08-25 06:31:44
2024-01-02 21:52:00,CNC-03,H,299.3028027792496,312.08842071828326,2654.2726324139885,20.327733557712083,60.331346752522705,3.2932820138761074,9.900771639205312,55.884973683133595,0,2026-08-25 06:31:44
2024-01-02 07:28:00,CNC-02,M,22.65588561526664,37.17455967882262,1700.200157201638,42.44294004394301,119.90825537539028,2.6124289867480717,13.573898770336058,60.981825201930256,0,2026-08-25 06:31:44
2024-01-02 19:44:00,CNC-01,L,299.50924107884236,312.9446230890621,2287.5854520658154,24.721330649349472,154.65827332922333,3.221332566656824,10.514484789524928,49.432702861634475,0,2026-08-25 06:31:44
2024-01-02 16:28:00,CNC-02,M,303.8787663421829,313.33810852375734,1746.6712184505823,46.258018499644166,231.46513827981545,3.367651001590864,15.174845823638018,40.37651969195659,0,2026-08-25 06:31:44
2024-01-02 22:46:00,CNC-01,L,298.7987880753352,310.4924878503281,2770.13437966801,13.51517605351667,134.33847522398608,3.5867698400963777,6.775308384719473,53.32862769382184,0,2026-08-25 06:31:44
2024-01-02 03:26:00,CNC-02,M,297.4010282095695,309.7603271184583,2450.2151162345663,20.78138702563356,48.140855486348165,3.0589801222775526,9.558952703144092,57.27950493694693,0,2026-08-25 06:31:44
2024-01-02 21:26:00,CNC-01,L,298.83128830683603,4100.16005937598,2706.2343363715786,15.808657638247508,46.48527415446988,3.3014085493597336,7.864535671157091,56.305998933235465,0,2026-08-25 06:31:44
2024-01-02 23:46:00,CNC-03,H,298.6388617394037,311.72657849111056,2701.079014574674,19.152784543498473,182.5076264481296,3.7000475775687773,9.930201661800004,56.551604042964875,0,2026-08-25 06:31:44
2024-01-02 11:12:00,CNC-02,M,296.28601778108555,311.0922151222179,1316.5893761873265,53.08530165217142,201.87526187739803,2.613866650142568,12.898286324971552,55.87457453265506,0,2026-08-25 06:31:44
2024-01-02 20:22:00,CNC-01,L,299.5426120370198,314.4563367099426,2395.7726354758065,31.175216665411607,200.09171168270004,3.6737569228465956,14.011002096725893,57.53616824622489,0,2026-08-25 06:31:44
2024-01-02 04:32:00,CNC-01,L,296.4121095690926,310.81004749798115,2294.394913527117,32.08474543595758,139.03717891149913,30.860671760581077,14.024261507369737,55.89492896042863,0,2026-08-25 06:31:44
2024-01-02 21:19:00,CNC-01,L,299.192771816091,311.1968681658956,2588.768052896379,16.657840872435152,38.59604756383026,3.139362062049913,8.16283506536216,51.985463245376394,0,2026-08-25 06:31:44
2024-01-02 15:10:00,CNC-03,H,297.931540922195,312.1506855074556,1510.2596311074437,47.37667678110473,77.08584559999726,2.1965928407131026,13.316084748077355,55.926346437166494,0,2026-08-25 06:31:44
2024-01-02 00:56:00,CNC-03,H,298.5464514637019,310.53570121461996,2718.0581521393447,15.152974728060919,108.32998158256541,3.3289470981738907,7.949848540837541,54.205323536269965,0,2026-08-25 06:31:44
2024-01-02 02:19:00,CNC-01,L,297.7039992482383,310.8875438451578,2565.655321769955,20.696166756811216,183.02120964739657,3.6855873431180486,9.895218973157649,52.87099925193646,0,2026-08-25 06:31:44
2024-01-02 18:27:00,CNC-02,M,25.53683300752317,39.67926761718587,2139.0588909433604,29.234774711234262,138.51511657510383,2.9092075720872743,11.763466830315991,56.01013167129749,0,2026-08-25 06:31:44
2024-01-02 01:53:00,CNC-01,L,297.7276275917121,311.19223040527396,2699.803471670069,21.220814329610892,154.37212358897585,3.61172394302729,10.80051047164454,56.06661304447242,0,2026-08-25 06:31:44
2024-01-02 09:47:00,CNC-03,H,296.06356144820285,310.1412014654466,1552.8901862055357,45.489348106723924,51.10134886092373,2.226309506342768,13.097023968003434,58.811732788201454,0,2026-08-25 06:31:44
2024-01-02 19:48:00,CNC-03,H,299.64962261285496,313.8311787074998,2261.9270793804185,30.05760521499927,184.3629974708115,3.1977521411997585,12.68858557528821,54.46792099453804,0,2026-08-25 06:31:44
2024-01-02 12:40:00,CNC-03,H,296.75350808127246,310.85378889996554,1329.8095610473058,52.04876809505877,65.14319053037676,2.018791444388374,12.613226740976687,57.7204430062345,0,2026-08-25 06:31:44
2024-01-02 10:16:00,CNC-03,H,295.9372669842322,310.1193705408695,1371.3346000336066,51.64808608501794,96.45950348728408,2.240262610987266,13.27675138431099,59.45690472755779,0,2026-08-25 06:31:44
2024-01-02 23:21:00,CNC-02,M,299.6150646010626,311.17287366416423,2489.116850561501,13.858719202705394,13.918983471209136,3.0409033830428216,6.204688063702989,49.09510338255676,0,2026-08-25 06:31:44
2024-01-02 03:56:00,CNC-01,L,296.6711744527079,309.3372607962928,2287.036037643397,22.096110096241116,95.62516106475249,2.8709207282025666,9.359234176510183,59.99556725435809,0,2026-08-25 06:31:44
2024-01-02 11:00:00,CNC-02,M,296.3524268122867,310.87205682109095,1398.2141807821927,50.56765882336082,182.7985581358002,2.4890239498603757,13.34330889601676,60.422662583695846,0,2026-08-25 06:31:44
2024-01-02 19:38:00,CNC-02,M,299.0466256833855,314.08928550869103,2300.293375715871,31.206172938819865,227.58036326286046,3.8362552264653895,13.30923102057121,55.5318826702058,0,2026-08-25 06:31:44
2024-01-02 20:10:00,CNC-03,H,299.15300153059724,313.0787806097663,2425.660929566884,25.28914389129755,210.740201021077,3.5521086081726327,11.302662252618903,53.51127778881343,0,2026-08-25 06:31:44
2024-01-02 13:54:00,CNC-01,L,297.7381726208284,312.40696150590105,1416.7630278852675,53.735281062179666,110.65843605306223,2.284430873472,14.318272758531776,58.2379011304827,0,2026-08-25 06:31:44
2024-01-02 20:21:00,CNC-03,H,299.76191378850024,313.6587597897603,2476.9829800432376,24.134839073117536,223.69189574959432,3.6371403797568496,11.167241307361945,54.25230064214126,0,2026-08-25 06:31:44
2024-01-02 16:08:00,CNC-02,M,303.6389950578479,312.7683221846142,1572.0249145812015,47.33696239961381,202.787786116644,2.9221592970969246,14.111081802517763,44.34421248843581,0,2026-08-25 06:31:44
2024-01-02 01:29:00,CNC-02,M,298.35912163193433,310.4146837516075,2733.166744657681,14.671945354399146,140.64475813036708,3.5005501714547407,7.598939090750374,52.47663737579821,0,2026-08-25 06:31:44
2024-01-02 01:46:00,CNC-02,M,298.3420193041619,311.9203336249145,2649.771150398839,22.398072519558635,159.01249927613551,3.4932121201478354,11.280213401070151,56.052383666625055,0,2026-08-25 06:31:44
2024-01-02 11:19:00,CNC-01,L,296.695936427245,311.0916886061058,1481.772651272922,49.45642767305504,75.87468034436041,2.1923787205144807,13.89314604323899,58.35137467998254,0,2026-08-25 06:31:44
2024-01-02 08:29:00,CNC-02,M,295.87683316067825,311.24711612434373,1779.9265038282035,45.125967590411655,208.68842843960627,3.029602870867248,15.019151735287084,59.24300101322195,0,2026-08-25 06:31:44
2024-01-02 00:46:00,CNC-01,L,298.62284337312315,310.6649542007207,2667.7561025744253,15.326372129083653,81.94256803898955,3.244333648008095,7.708231067538997,54.33861116376314,0,2026-08-25 06:31:44
2024-01-02 22:53:00,CNC-01,L,298.7714577636528,311.2782539430529,2797.6171567701153,16.723243057331366,141.67201996365418,3.622891869729172,8.899250702922199,54.434722752242735,0,2026-08-25 06:31:44
2024-01-02 21:45:00,CNC-02,M,299.40719679367714,312.9465811079582,2552.9700287613514,22.078457395442936,133.32401679640884,3.2205282378499867,10.608105574742602,56.57170353162612,0,2026-08-25 06:31:44
2024-01-02 00:58:00,CNC-01,L,298.7259041540123,311.035509831607,2707.8777971430427,17.651762267056135,94.74148901852374,3.3399554719062357,8.908105629124083,55.2412432703184,0,2026-08-25 06:31:44
2024-01-02 03:31:00,CNC-01,L,297.00657768373964,310.3209313512559,2346.879120993681,25.344780580545915,,2.869674647397063,11.213890478036001,58.5653409277019,0,2026-08-25 06:31:44
2024-01-02 18:29:00,CNC-03,H,25.90217284685258,39.23422936740053,2141.094373989951,26.18367335612092,85.22292946547499,2.8926941892659186,10.879131202048752,57.05345101188851,0,2026-08-25 06:31:44
2024-01-02 14:19:00,CNC-02,M,297.3188487677431,312.0409257943715,1654.6570014864424,45.67621596797435,38.90461133336506,2.2306769341183608,14.30334509651644,53.79876831873235,0,2026-08-25 06:31:44
2024-01-02 22:54:00,CNC-01,L,298.7415021478608,311.0942304134785,2673.232316908867,16.93572762830356,142.7367158944314,3.50535060510053,8.837467633517546,51.55046183309412,0,2026-08-25 06:31:44
2024-01-02 13:56:00,CNC-03,H,297.6948461803756,311.79606532540885,1264.2319068858556,53.73847521744247,184.779584884828,2.4500368982570846,12.83818689538037,49.98560064701595,0,2026-08-25 06:31:44
2024-01-02 19:58:00,CNC-03,H,299.29473272596334,313.43605410649155,2234.7406866829497,29.13806174979769,196.49655128081156,3.423468516913517,12.082259136625314,55.18985419458118,0,2026-08-25 06:31:44
2024-01-02 18:44:00,CNC-01,L,25.91845628972476,39.607797613537116,2150.1477331308647,29.7587264730718,80.15084578654638,2.654646188680923,12.091410311310792,54.551096002532326,0,2026-08-25 06:31:44
2024-01-02 13:58:00,CNC-02,M,0.0,311.1427057056096,1326.4052680674818,47.99050218365592,6.2356250538850695,1.9389609974621016,11.70221185453104,54.75469019062634,0,2026-08-25 06:31:44
2024-01-02 03:21:00,CNC-02,M,297.5669992028574,309.89993125395114,2573.6249850382637,18.4180592606923,42.231350459449594,3.1554378277229027,8.923099039629955,52.856554236383715,0,2026-08-25 06:31:44
2024-01-02 08:49:00,CNC-01,L,301.6956666185968,309.9345372652431,1492.072279929451,49.572330126368826,34.61523633300637,2.167753305942301,13.837818888044932,48.56613683538354,0,2026-08-25 06:31:44
2024-01-02 13:01:00,CNC-03,H,297.3305584671583,311.920223205153,1420.967248237429,53.12380398283983,98.41745494442718,2.156586882766638,14.18508795650977,55.63272339795581,0,2026-08-25 06:31:44
2024-01-02 02:45:00,CNC-01,L,297.55578718484026,309.4799139385005,2644.6177501859474,17.41628113137363,13.36720839193475,3.138201673565878,8.805472332349183,55.44148106672651,0,2026-08-25 06:31:44
2024-01-02 18:49:00,CNC-03,H,26.119991263526117,40.16005352526162,2180.255666799896,31.422566538508303,110.97486432524165,28.247472366435186,12.814645245319475,52.391857974680796,0,2026-08-25 06:31:44
2024-01-02 03:18:00,CNC-01,L,297.0169231567748,309.84405583348405,2381.6323853112726,23.47515342634918,51.133203530183074,2.9994208423379134,10.330943081848226,61.83390665532269,0,2026-08-25 06:31:44
2024-01-02 02:00:00,CNC-03,H,303.7049852655972,311.32966573692,2509.573295378725,23.246947190494474,177.56882529332853,3.3613373578281927,11.062819190425895,44.092541452743646,0,2026-08-25 06:31:44
2024-01-02 22:53:00,CNC-03,H,299.0186612678633,310.99055200418786,2601.8748518770954,15.224874116076142,126.19155960090838,3.267655756369187,7.265243148947013,55.502028739852484,0,2026-08-25 06:31:44
2024-01-02 20:14:00,CNC-01,L,298.96761494937346,312.9298638409826,2480.923908307976,24.766919039228515,190.64764449797246,3.6936646018745947,11.574109583632376,53.52448903403289,0,2026-08-25 06:31:44
2024-01-02 03:59:00,CNC-01,L,296.8859696196881,310.2216983219644,2395.1331416353655,23.97935032187475,99.13938115662636,3.0469657263066634,10.549966471416598,54.8744622800415,0,2026-08-25 06:31:44
2024-01-02 20:19:00,CNC-01,L,299.19513866804135,313.3393084200658,2353.307699603736,29.035880253482656,196.54756991598688,3.597492222116852,12.87436857960973,55.33441327929573,0,2026-08-25 06:31:44
2024-01-02 07:15:00,CNC-03,H,22.98070044293388,37.31360044930415,1841.0203669146542,37.23726616139259,95.0076848351976,2.4442721445664257,12.94619238086066,56.70660201248679,0,2026-08-25 06:31:44
2024-01-02 09:35:00,CNC-01,L,296.1000583392817,310.59104345729594,1471.794617593091,49.430319707007804,104.75247908836378,2.297581345669855,,64.14610413378159,0,2026-08-25 06:31:44
2024-01-02 14:59:55,CNC-02,M,297.8225018125948,311.7262728254515,1367.3834552491508,49.1352884249132,103.50778233460889,2.166784682865357,12.602595449533576,56.574041623686966,0,2026-08-25 06:31:44
2024-01-02 09:50:00,CNC-02,M,296.1459861471876,309.91654819941255,1357.6765624672203,49.136128973767036,72.632078417154,1.9802221004540963,12.314102095434603,57.29693325611503,0,2026-08-25 06:31:44
2024-01-02 10:05:00,CNC-02,M,296.14140461683456,310.9638560021376,1391.0563214074816,54.03846387210156,96.19633083589241,2.1489274856193274,13.96243237637892,57.495172927778704,0,2026-08-25 06:31:44
2024-01-02 19:47:00,CNC-02,M,299.23047825762154,313.33909199058456,2225.6832690426686,27.65040133389373,238.4010078977823,3.936975748834411,11.430642755542252,51.51353240538745,0,2026-08-25 06:31:44
2024-01-02 15:43:00,CNC-02,M,303.4060249700099,312.29713686504596,1683.437543123956,42.51966209620645,166.27696278666843,2.834004822935817,13.553738780062535,45.47540983634989,0,2026-08-25 06:31:44
2024-01-02 19:02:00,CNC-03,H,26.28819592933519,39.89488024122096,2312.6105971962343,27.8580855620379,127.38363140256081,2.995777390180318,11.82952942426243,52.730118543903735,0,2026-08-25 06:31:44
2024-01-02 22:06:00,CNC-03,H,299.3831533946702,312.0285599390178,2756.1717745433502,17.280268819235683,75.52987654226128,3.251554089527421,8.910501356496654,54.926454173645006,0,2026-08-25 06:31:44
2024-01-02 02:19:00,CNC-02,M,297.9365316720456,312.14872807037887,2493.884094027654,25.29410741644037,195.33400155907862,3.5672905436847295,11.717460454230276,52.63379382642086,0,2026-08-25 06:31:44
2024-01-02 23:57:00,CNC-02,M,298.9563213104246,311.3064408178149,2695.0211540180358,15.906031006864907,52.28797941182002,3.1806554646233494,8.022271031695817,51.951667819826525,0,2026-08-25 06:31:44
2024-01-02 12:18:00,CNC-03,H,296.78581862082086,310.2719949213124,1332.479146326121,48.8600824874473,30.14014001409994,2.1088550155654247,12.108900289006854,55.715003539607174,0,2026-08-25 06:31:44
2024-01-02 15:24:00,CNC-03,H,298.0982893772936,312.80916621884097,1707.162866195774,45.089978691091005,98.19212945866057,2.3616124755708694,14.1103159761887,57.891139573077766,0,2026-08-25 06:31:44
2024-01-02 09:54:00,CNC-02,M,296.2632183905787,310.5242666957299,1398.0660687566349,51.10303726645582,78.85153828051426,2.0478497345901663,13.06890329199343,57.30911886736886,0,2026-08-25 06:31:44
2024-01-02 19:06:00,CNC-03,H,26.294064237856617,40.6584541289331,2413.459379923919,30.370752564987555,132.40184408730246,3.1429966265654743,13.673428501145562,53.028370587920364,0,2026-08-25 06:31:44
2024-01-02 18:16:00,CNC-02,M,25.8713058163691,40.01991071623854,1969.3032321898777,33.18087053769136,124.09630576882698,2.677236395671818,12.629357641441448,54.589640487877205,0,2026-08-25 06:31:44
2024-01-02 06:35:00,CNC-03,H,296.1900104586092,309.68191891076367,1951.7577191118194,33.05680022014958,39.12080548039909,2.5371266166595294,11.893024615748217,54.54847306378379,0,2026-08-25 06:31:44
2024-01-02 21:46:23,CNC-02,M,299.29147966542075,312.9394710173525,2503.1362568320437,22.925012933986967,134.45908719443705,3.214662778250572,10.900863239964607,57.535441784214214,0,2026-08-25 06:31:44
2024-01-02 22:23:00,CNC-02,M,299.1524581877428,313.1722070806017,2701.007929202023,21.69420917822458,175.3201944548613,3.634340804238555,10.947124967929842,51.06399361466313,0,2026-08-25 06:31:44
2024-01-02 23:42:00,CNC-02,M,299.2393209034785,311.21572798140886,2621.3198555308454,15.382463286779359,36.365523260439346,3.192169652877636,7.410546584773185,53.069832995424214,0,2026-08-25 06:31:44
2024-01-02 09:23:00,CNC-03,H,295.7486332361104,309.4149463695671,1468.6072808038912,47.19184885818411,13.956222185541222,2.05430851526489,12.913393424902969,61.879396583847644,0,2026-08-25 06:31:44
2024-01-02 23:47:00,CNC-01,L,297.8216141443817,310.38235568791674,2650.3971886149047,17.42539557907519,199.2011329640311,3.8528806256244557,8.766230628157606,55.4632667315978,0,2026-08-25 06:31:44
2024-01-02 02:10:00,CNC-03,H,303.61412913608314,310.7441228086494,2650.277867655203,20.125212220629763,188.5483668782627,3.6317996428732604,9.906670105681599,43.0776684343471,0,2026-08-25 06:31:44
2024-01-02 15:17:00,CNC-03,H,297.960890601022,311.8794245569215,1621.6456378448854,43.31454090077804,87.66284519207228,2.451097046502364,13.051551317624934,58.97811923099627,0,2026-08-25 06:31:44
2024-01-02 22:30:00,CNC-03,H,298.9885708109238,310.6175886519557,2748.1628143494263,13.41705155348757,101.35374215911384,3.3851096647723686,6.872924504622674,53.11164205114833,0,2026-08-25 06:31:44
2024-01-02 06:12:00,CNC-01,L,295.7681188436844,309.44490858501945,2105.3951457273097,32.11599409480672,42.508811657338306,2.6630615456524604,12.699843562721798,55.487536455413846,0,2026-08-25 06:31:44
2024-01-02 12:33:00,CNC-02,M,297.1191160917056,311.36019151638504,1374.8117216908147,50.00344974349938,123.8144014364539,21.49535740519938,13.098902143029033,57.15539027645542,0,2026-08-25 06:31:44
2024-01-02 01:28:00,CNC-03,H,298.15917808992594,310.2065822813443,2755.2130498713027,14.28340565383058,142.634018890266,3.4513293502739253,7.441824872431512,52.373934068811764,0,2026-08-25 06:31:44
2024-01-02 05:07:00,CNC-03,H,297.1296964988415,310.7111909056616,2128.164518242624,30.139476373202392,143.47417409600848,2.921189565320783,12.129907329758266,63.4689350187699,0,2026-08-25 06:31:44
2024-01-02 00:25:00,CNC-02,M,298.67973334428973,310.82912605587177,2694.7592609588974,16.715638256799373,71.93287076463652,3.268227248316318,8.208064630438392,51.94835074969518,0,2026-08-25 06:31:44
2024-01-02 12:03:00,CNC-02,M,296.56956010019525,310.82602249378675,1435.7197662463116,48.99903414529185,76.1933224332216,2.1869273897556196,13.130558180057184,57.73606321157885,0,2026-08-25 06:31:44
2024-01-02 07:57:00,CNC-02,M,22.734406147627396,37.259081150567056,1744.2392280017134,40.466712655170966,161.62046136321712,2.681721391123031,13.134023625938221,54.46763098419448,0,2026-08-25 06:31:44
2024-01-02 10:28:59,CNC-03,H,296.1079670898569,310.99483648312207,1433.145690952402,,115.38302766745454,2.2371885040648047,14.62279360759749,58.576844636078704,0,2026-08-25 06:31:44
2024-01-02 01:05:00,CNC-01,L,298.41190050583464,310.8743944119425,2744.805695655645,16.713878767599528,102.19943037410468,3.2250109754641354,8.831751711238388,53.4496378550751,0,2026-08-25 06:31:44
2024-01-02 22:56:00,CNC-02,M,299.2953734284265,313.17029570449887,2707.6068155928824,20.751294112443766,210.67295828255385,4.004899575241533,10.319458859652233,51.934233112170446,0,2026-08-25 06:31:44
2024-01-02 21:48:21,CNC-01,L,299.110378947926,311.30424189693395,2647.702957541821,17.12078088517272,69.5436720342208,31.418896596280643,8.505278863676443,53.738671077357274,0,2026-08-25 06:31:44
2024-01-02 10:33:00,CNC-03,H,295.79772164845633,310.5036616195178,1427.9954981137596,51.92884977355859,123.2405075684727,2.1852911763798355,13.708391884618202,58.48358562369259,0,2026-08-25 06:31:44
2024-01-02 01:09:00,CNC-03,H,298.2488863210769,310.7767340898942,2792.8094020088943,16.307273038638822,122.21426538736183,3.4016159951568317,8.686055400524419,56.12318121565219,0,2026-08-25 06:31:44
2024-01-02 06:21:00,CNC-01,L,295.9590349244061,309.63528612901314,2026.5638828717279,33.54324795974569,54.69602777820583,2.690632487839549,12.392346467509476,,0,2026-08-25 06:31:44
2024-01-02 13:13:00,CNC-03,H,297.26379537035814,310.9644651411258,1418.1081544560761,44.66428507133477,117.29665823649307,2.2225267307265475,11.675809524478478,57.08971417513321,0,2026-08-25 06:31:44
2024-01-02 01:30:00,CNC-03,H,298.32144357553693,310.79968199578155,2817.876782568085,16.14077361110359,144.7111442639155,3.533431368965983,8.518540977500853,57.45011993590475,0,2026-08-25 06:31:44
2024-01-02 02:41:00,CNC-02,M,297.5937826470318,311.0091515868739,2508.9141829790224,21.414579331177375,219.994851265072,3.877547945492449,9.99067255290912,53.342215400267946,0,2026-08-25 06:31:44
2024-01-02 14:16:00,CNC-01,L,297.7926809827951,312.8337784132176,1534.9171341906747,51.155449061423795,145.06197121816243,2.387598069646056,14.687031738513626,59.71080779439518,0,2026-08-25 06:31:44
2024-01-02 23:30:00,CNC-03,H,299.12236110611684,311.96661243909534,2634.4454488126075,18.527389110680307,165.54701458511002,3.3664602251428897,9.122703179514184,50.24220977485123,0,2026-08-25 06:31:44
2024-01-02 06:10:00,CNC-01,L,296.011204864231,310.082472265048,2000.2381818868098,36.20205469945608,39.85185187235948,2.643883718758093,13.645265856034547,64.30631186929273,0,2026-08-25 06:31:44
2024-01-02 04:08:00,CNC-01,L,296.4435169355513,310.2320229918594,2371.091380201474,27.23268774695609,109.856965817637,3.0524830183080116,12.150601004493133,58.66209793563936,0,2026-08-25 06:31:44
2024-01-02 06:19:00,CNC-03,H,296.3940267648791,309.56049772853027,2204.570169435445,28.760516099192234,17.3243257637705,2.721493745473639,11.861544240809517,55.40520428578762,0,2026-08-25 06:31:44
2024-01-02 22:25:00,CNC-03,H,298.81623993052915,311.01775094950864,2664.2383382323615,16.578337736122677,96.0404195339913,3.226708294666345,8.388591419881742,54.114476449577396,0,2026-08-25 06:31:44
2024-01-02 16:44:00,CNC-01,L,298.2894846594972,311.943036454562,1786.2078140376148,34.91174945134203,129.16748099874908,2.6583367982424533,11.783604205818044,57.67795194400135,0,2026-08-25 06:31:44
2024-01-02 02:19:00,CNC-03,H,303.50068760510527,311.4782738715398,2425.5352497267795,25.30999144448903,198.56575475670297,3.4340666037083887,11.560875630642677,47.770386636178884,0,2026-08-25 06:31:44
2024-01-02 02:28:00,CNC-03,H,303.30930823950644,311.36936159627936,2589.6641528552473,23.906081435617452,208.51229682841003,3.7341217379142884,11.549431083684496,48.142387935193334,0,2026-08-25 06:31:44
2024-01-02 05:06:00,CNC-01,L,296.0660185489758,310.67905817036336,2360.261290527295,30.47689797404,181.33276261994868,3.3944596874442157,13.357289722500662,58.26096078385103,0,2026-08-25 06:31:44
2024-01-02 09:49:00,CNC-02,M,296.0913394411012,310.4334718033652,1410.1216320989736,52.1615116504076,71.03207841715401,2.205824028340832,13.833355452651196,56.46947128639028,0,2026-08-25 06:31:44
2024-01-02 10:15:00,CNC-01,L,296.2097593964793,310.76368699116415,1436.372773212332,50.96173923087873,167.0614803490743,2.576724221147169,13.718868591647022,58.89828625146018,0,2026-08-25 06:31:44
2024-01-02 22:43:00,CNC-01,L,298.77032490202777,312.11557113592477,2467.2168292046144,22.51323498353946,131.10628515759706,3.1708466751630193,10.306580342836176,49.64498429953404,0,2026-08-25 06:31:44
2024-01-02 01:52:00,CNC-01,L,297.87968442103687,310.0461539666033,2596.2482734326327,15.277784569717525,153.2851470190503,3.41945167686125,7.346318825966316,54.43620706828925,0,2026-08-25 06:31:44
2024-01-02 06:44:00,CNC-02,M,295.8882759809218,309.9345157941522,2018.611462413205,34.31476921646402,57.92081758459449,2.6508848503386884,12.76236274636183,60.80591306542152,0,2026-08-25 06:31:44
2024-01-02 08:31:00,CNC-01,L,301.7905406274188,309.39575355713765,1480.390708511974,45.54896570623216,7.490070923399307,2.1338407203284224,12.570061246485754,48.973848818374876,0,2026-08-25 06:31:44
2024-01-02 16:46:00,CNC-02,M,303.8405394748543,311.0229080848902,,31.055440723688555,1.3880741043471152,2.49691125184257,10.99249624382996,42.040147359131055,0,2026-08-25 06:31:44
2024-01-02 10:24:00,CNC-03,H,295.96955494445734,310.0016127673789,1289.3546746616403,52.244599139273696,109.02494018112348,2.115138293581145,12.636587134795692,58.282064477146335,0,2026-08-25 06:31:44
2024-01-02 18:30:00,CNC-01,L,25.69701696769954,39.914610541960485,2041.8346014376552,37.45866060597002,,2.6485063195272036,14.340117293303754,59.162533258327834,0,2026-08-25 06:31:44
2024-01-02 08:15:00,CNC-02,M,296.1831579428563,311.8406516778501,1794.6465872759823,46.27898531841798,188.12481512339642,2.959548020629416,15.455048498922405,58.2011188900489,0,2026-08-25 06:31:44
2024-01-02 06:09:00,CNC-03,H,296.53628077864266,310.0333393416539,1983.323488765779,34.23445372459939,4.04143274038483,2.461795034498898,12.829457500662928,59.11915788414112,0,2026-08-25 06:31:44
2024-01-02 03:32:00,CNC-02,M,297.6607072323031,310.02911107189607,2382.509901265277,20.444201022085643,55.19384862604163,2.882068300825113,8.968246469724606,,0,2026-08-25 06:31:44
2024-01-02 14:30:00,CNC-01,L,297.9125009416949,313.1220660727097,1775.754396303437,44.26036266252881,166.6183003132499,2.820099945244574,14.859079343571919,51.34334740778904,0,2026-08-25 06:31:44
2024-01-02 22:45:00,CNC-01,L,298.7806891858928,311.1670362769009,2711.490210114756,16.875932706029094,133.28583601132112,3.443036830900612,8.35248584062914,56.756293574410115,0,2026-08-25 06:31:44
2024-01-02 10:02:00,CNC-01,L,296.24247735442276,311.1458242948823,1553.4511606214926,49.61511987320908,146.63755762274363,2.612156660993789,14.838185265714655,53.99766479151381,0,2026-08-25 06:31:44
2024-01-02 08:47:00,CNC-02,M,296.0419522082996,311.4880057884668,1742.998280597326,46.58635511128118,235.46265248999433,3.4131683390483376,15.08764036875184,61.26464982288531,0,2026-08-25 06:31:44
2024-01-02 17:21:00,CNC-03,H,299.04525446358485,314.4978070339273,1930.252964269029,40.65983949328575,266.650453324504,3.7930693569682497,14.633222348020764,47.8186490047974,0,2026-08-25 06:31:44
2024-01-02 03:54:00,CNC-03,H,297.4231841475221,310.7315343071151,2371.845253613124,24.86677919105961,53.51732180797119,3.074702348546394,11.155419959632537,53.40814454430894,0,2026-08-25 06:31:44
2024-01-02 20:49:00,CNC-01,L,299.09396391736135,310.84049501496855,2618.691918550732,15.330797808477541,4.457431964840961,3.1857768089056764,7.521920246766711,44.09238536543687,0,2026-08-25 06:31:44
2024-01-02 22:13:00,CNC-01,L,299.2967211912888,310.97869658942835,2571.282000386766,15.523933622343499,98.18978401354696,3.1591422825903366,7.7224498061906965,51.583911376848775,0,2026-08-25 06:31:44
2024-01-02 08:27:00,CNC-01,L,301.67781592722855,309.30149427964375,1568.402073535935,45.23529680087331,1.5183724400683003,2.232628487103607,13.129155900337816,46.64202029593695,0,2026-08-25 06:31:44
2024-01-02 07:04:00,CNC-03,H,23.140130952072184,37.79835837998775,1853.3281741401588,41.38691895188863,79.44043372662196,2.4479181705232573,14.162359449847838,58.53501344736298,0,2026-08-25 06:31:44
2024-01-02 12:37:00,CNC-01,L,297.32604192375044,311.80654821307394,1351.818797193525,53.36811406735828,199.70994781064297,2.6946919831757254,13.657055757815579,60.462021770913076,0,2026-08-25 06:31:44
2024-01-02 10:38:00,CNC-03,H,296.00684616362963,310.6433134425516,1507.924412011353,49.856576471910635,131.1479226020917,2.354040961018593,14.081371921482535,55.754445918739634,0,2026-08-25 06:31:44
2024-01-02 16:42:00,CNC-01,L,298.37859364138177,312.674020958039,1845.5970097218853,38.70574863162583,126.32116439302482,2.656732313974639,,52.045388055370715,0,2026-08-25 06:31:44
2024-01-02 13:11:00,CNC-03,H,297.13907674299764,311.7553003675906,1387.1132387773198,53.703406400607776,114.15722303983567,2.1488551340085964,13.801117856674614,60.068477732435404,0,2026-08-25 06:31:44
2024-01-02 15:29:00,CNC-01,L,298.2462157240781,312.1439265418775,1628.3245716877182,45.293923891939826,19.589525905883445,2.251224720540248,13.859356019186208,51.59659788134415,0,2026-08-25 06:31:44
2024-01-02 16:25:00,CNC-03,H,298.3418596408767,313.3961666707299,1769.3453634412858,44.672313490753766,187.7617425722007,2.7356083033274827,14.874508372814038,55.77021068220459,0,2026-08-25 06:31:44
2024-01-02 17:49:00,CNC-01,L,298.72103321652304,312.292275989661,1963.6303260964341,34.579214760414324,8.045609856101688,2.5954429849902185,12.696959402773658,57.094414855940364,0,2026-08-25 06:31:44
2024-01-02 08:10:00,CNC-02,M,296.1168413166866,310.9584457445045,1623.9588846522934,44.9209077646849,180.6802867867125,2.775846502991229,13.555646330939357,53.57276659222573,0,2026-08-25 06:31:44
2024-01-02 05:53:00,CNC-02,M,296.0121334298046,310.9265221649749,2156.8262521679317,34.0428735178759,231.21743852558464,3.786044589875575,13.607705859770537,55.96072359437689,0,2026-08-25 06:31:44
2024-01-02 23:17:00,CNC-03,H,298.9422670011491,311.83413110209347,2584.642690202609,20.326561490707554,151.78194928353778,33.01280073718228,10.069985530340121,55.00679250283198,0,2026-08-25 06:31:44
2024-01-02 00:04:00,CNC-01,L,298.95375421337917,311.35549399423525,2704.950360676317,17.605784588559864,37.27451656785251,3.2650532199769384,8.96397181776892,50.032296734416825,0,2026-08-25 06:31:44
2024-01-02 07:51:00,CNC-02,M,22.791811469861102,38.0877973782022,1759.779210272632,44.96042700354412,152.90812242660024,2.625607349250928,15.082923562778362,57.45627635478241,0,2026-08-25 06:31:44
2024-01-02 12:24:00,CNC-01,L,296.9677267286629,311.2157050059063,1338.4239618814736,51.709647224997255,179.08420918854182,2.5030678710694896,12.928025352781344,59.789819036847504,0,2026-08-25 06:31:44
2024-01-02 15:29:00,CNC-03,H,298.1516360012892,312.7389633600124,1688.1766948140573,43.23848423665266,105.59511952727206,2.2988735280073143,13.645028476124349,54.546239330425095,0,2026-08-25 06:31:44
2024-01-02 01:39:00,CNC-01,L,298.2431822993006,311.2835763297676,2532.4164521634993,20.810324201396487,138.95666857728963,3.3732848990665376,9.836535153940105,53.47629656800373,0,2026-08-25 06:31:44
2024-01-02 00:14:00,CNC-01,L,298.9911150379417,310.9321261433693,2782.5526531414707,15.135425147644073,47.8386416969418,3.2355234224778853,7.7130570243588785,58.526602457632144,0,2026-08-25 06:31:44
2024-01-02 21:27:00,CNC-03,H,299.32083288652416,312.1136057818456,2406.029310898322,23.52051319499177,32.867723877168636,2.9565940520630396,10.495190801880728,56.9699967323676,0,2026-08-25 06:31:44
2024-01-02 02:16:00,CNC-01,L,297.58047123945335,310.7334869994991,2499.1873708757503,20.31825928106755,179.67203770358012,3.6425195494364586,9.54564873005306,58.60412588060157,0,2026-08-25 06:31:44
2024-01-02 07:06:00,CNC-02,M,23.069066116716726,37.487751526201976,1968.9786102628195,37.29797394631221,88.75373655076143,2.5658660501490345,13.541593219237408,59.032259345698264,0,2026-08-25 06:31:44
2024-01-02 05:09:00,CNC-02,M,296.34760440132726,310.7676542005859,2109.2831701166983,31.636436080023458,173.96417951012612,3.0094754499641865,12.482235069576856,54.561527623810285,0,2026-08-25 06:31:44
2024-01-02 16:14:00,CNC-01,L,298.71082827983776,313.3197315026603,1889.5519963884833,40.38869305779958,85.94035632408448,2.535988407565331,14.286760457370516,,0,2026-08-25 06:31:44
2024-01-02 21:21:00,CNC-01,L,8694.2701031984,311.92937737303237,2609.2989644470017,21.665681543119916,40.91190254287005,3.2680273469557752,10.522156995004035,47.60068591224129,0,2026-08-25 06:31:44
2024-01-02 23:48:00,CNC-02,M,299.16811819911675,311.24431904853225,2619.7509935829394,16.109833753517226,42.69553064624964,3.2270404380583018,7.903204692827393,57.65014057378144,0,2026-08-25 06:31:44
2024-01-02 23:50:00,CNC-02,M,299.2270743952415,311.5865860931134,2575.057943220128,17.89171803028692,44.89334397241207,3.2146171385689533,8.542159981102165,55.962932061908084,0,2026-08-25 06:31:44
2024-01-02 23:59:00,CNC-01,L,298.0657338605483,310.785193883393,2812.5241158552963,16.344700204960198,211.90395015627848,4.2923116545530045,8.649055285705188,56.69301826503846,0,2026-08-25 06:31:44
2024-01-02 02:03:00,CNC-03,H,303.71907934906204,311.0144771712685,2572.0408817071257,21.006483532694382,180.83334730956977,3.571357071276604,10.159813710209558,46.68828250008534,0,2026-08-25 06:31:44
2024-01-02 16:24:00,CNC-03,H,298.3193313590814,313.1131957586641,1764.9338059948614,43.208607225954474,186.3119196118329,2.854155206282603,14.217165607520128,56.1317506760975,0,2026-08-25 06:31:44
2024-01-02 20:49:00,CNC-02,M,299.38936521604904,312.6163863824166,2566.5226068630946,21.853557411770268,70.50032655321579,3.0580152704064854,10.577441169291935,44.73596742490741,0,2026-08-25 06:31:44
2024-01-02 10:14:00,CNC-03,H,296.0606539677443,310.31148754088804,1437.3569451983522,50.61799809379522,93.29168196224033,2.0937349634809874,13.78226577401929,64.30027551157026,0,2026-08-25 06:31:44
2024-01-02 14:31:00,CNC-01,L,297.85211153981436,312.8132039711658,1524.2650297290447,49.81255080356416,168.18054932421566,2.5572964340711635,14.367448420166433,56.71943601708277,0,2026-08-25 06:31:44
2024-01-02 09:02:00,CNC-03,H,296.0334709694709,311.5956870093978,1657.7653962888326,47.071707318780525,253.0836503156793,3.2465899124102595,14.584521450920754,58.47722814604671,0,2026-08-25 06:31:44
2024-01-02 04:29:00,CNC-02,M,296.81700370878036,310.4032209486628,2245.5713064393244,27.02309533027265,123.72709572569914,3.0152436925151327,11.321996965148482,55.474433801416254,0,2026-08-25 06:31:44
2024-01-02 21:04:00,CNC-03,H,299.3871780492002,311.67296794123286,2543.0012232755184,19.87453388286222,6.810428766848923,3.09162444902685,9.524562619346824,52.624045981269646,0,2026-08-25 06:31:44
2024-01-02 07:20:00,CNC-03,H,22.65905568951331,36.65115868952449,1801.5311474851312,38.48863276218343,102.11671943098365,2.5642979832684905,12.758904551825555,54.78732957682778,0,2026-08-25 06:31:44
2024-01-02 20:39:00,CNC-01,L,298.8633216278035,313.9654625638521,2385.236418197079,31.709561862787904,219.92293512960234,3.8956004868913046,14.061878630801235,51.575185818796655,0,2026-08-25 06:31:44
2024-01-02 05:50:00,CNC-02,M,295.91200955554865,311.5860738354301,2140.4867731225454,38.75783300823075,227.2217141247016,3.685670450881568,15.704855759642392,57.18756944945886,0,2026-08-25 06:31:44
2024-01-02 01:53:00,CNC-03,H,303.5354382363468,310.12348259459543,2585.841353941561,16.98866483313766,169.7663248652518,3.3341052152661796,8.423534967047793,47.163074575425654,0,2026-08-25 06:31:44
2024-01-02 04:52:00,CNC-03,H,0.0,310.71985985880417,2220.4076609160647,27.587090971752783,124.31355306757906,2.9116425201035088,11.427210472875089,58.39609914058439,0,2026-08-25 06:31:44
2024-01-02 21:24:00,CNC-01,L,298.99710864243474,311.4902721079822,2526.8894185453128,20.521679218156912,44.29601473296856,3.0701921460488415,9.424123091942953,54.53716193772412,0,2026-08-25 06:31:44
2024-01-02 04:43:00,CNC-02,M,296.5905911694793,311.01092550969435,2217.1133891825993,32.21281900322188,141.27402538141294,2.9516582742095085,13.304912680340678,52.58274761715355,0,2026-08-25 06:31:44
2024-01-02 23:44:28,CNC-02,M,299.112982163589,310.24032125333974,2881.732398413029,10.001991001691433,38.453295809883436,3.397180188112618,5.313628514296594,53.94156909702572,1,2026-08-25 06:31:44
2024-01-02 13:50:00,CNC-01,L,297.55882398094366,312.1605282781755,1550.5593379309007,49.65678561658196,104.3567054845606,2.2236042886438776,14.664439181468412,53.8962162909453,0,2026-08-25 06:31:44
2024-01-02 11:27:00,CNC-01,L,296.4305239468801,310.68585936655273,1433.1349848516998,49.81455974881155,88.51794322448254,2.1855021822720686,13.25189116259567,57.61826087486409,0,2026-08-25 06:31:44
2024-01-02 01:31:00,CNC-01,L,298.3479994315501,311.37373485762197,2685.794583446802,19.304492865602207,130.23937023840654,3.5012275836799307,9.47626625752841,55.88990417193543,0,2026-08-25 06:31:44
2024-01-02 11:55:00,CNC-03,H,296.88954989114535,311.9917669936859,1313.3231378781716,58.02846492180255,252.9374266227898,2.9896943859435843,14.268482876870932,55.45890823952095,1,2026-08-25 06:31:44
2024-01-02 19:53:00,CNC-01,L,298.9871948506815,312.94510339200696,2296.360377072201,26.624320742568933,165.69413443907342,3.233491281776464,11.308126267632332,52.69913800816667,0,2026-08-25 06:31:44
2024-01-02 18:54:00,CNC-01,L,25.971966352517427,39.95937433858887,2181.46614144724,29.83087100546036,92.74281788524726,2.7670535438428123,12.017328821312729,53.1290665986794,0,2026-08-25 06:31:44
2024-01-02 23:23:13,CNC-01,L,298.70160468845137,311.75814857957647,2628.7783378099202,20.53981143152314,173.48875770160245,3.6827776394448706,10.215638981343295,54.65869246444534,0,2026-08-25 06:31:44
2024-01-02 02:46:00,CNC-03,H,303.38549579292334,311.2577257670413,2460.781997706403,24.34447056114637,228.8446164258113,3.803354273437669,11.034629968807073,48.84745729827093,0,2026-08-25 06:31:44
2024-01-02 07:24:00,CNC-02,M,23.109543523332377,37.524519737364585,1855.8080922672896,38.09678024736303,114.25441152562954,2.6594372297049627,13.251588258672252,61.85591753922341,0,2026-08-25 06:31:44
2024-01-02 23:10:00,CNC-01,L,298.62713964376456,311.20653231712015,2638.1772570598864,16.483275038134035,159.7688911352373,3.596097755114884,8.122224892740816,52.91795236262571,0,2026-08-25 06:31:44
2024-01-02 13:55:00,CNC-03,H,297.67299048409757,,1430.0487355710873,53.48002586100284,183.17958488482802,2.441276163357837,14.197435526311025,56.0124683840947,0,2026-08-25 06:31:44
2024-01-02 14:34:00,CNC-02,M,297.82992532466466,311.9447190660371,1410.6086628925964,48.33605915943371,62.10742325422361,1.9867769752881006,12.928136186743043,53.00687851324356,0,2026-08-25 06:31:44
2024-01-02 18:36:00,CNC-03,H,26.084431256171513,40.31362549723434,2078.9964746403652,34.17858539899808,94.25200055457891,2.6846050489665187,13.487317317421548,49.29348739158114,0,2026-08-25 06:31:44
2024-01-02 13:46:00,CNC-03,H,297.7500850662087,312.27036153589313,1362.0109239671765,52.860035335179546,169.10636832306014,2.3307808866436357,13.343630127292812,54.96076886554001,0,2026-08-25 06:31:44
2024-01-02 23:39:00,CNC-01,L,298.5431406524477,311.76833937953603,2780.6883464428847,,190.64217205052157,3.9522895258231223,9.93211145246405,52.91848285411997,0,2026-08-25 06:31:44
2024-01-02 16:52:00,CNC-02,M,303.81721603063755,312.1663179273933,1919.604195034745,37.69752859986026,9.912495573466728,2.4311071877286237,13.362797821110698,48.10090847461167,0,2026-08-25 06:31:44
2024-01-02 17:13:00,CNC-01,L,298.66761562947426,313.42446924303584,1850.0755362418934,40.09761307827713,169.3716710678411,2.9707766583792856,13.92119601086709,50.998532324042614,0,2026-08-25 06:31:44
2024-01-02 21:07:00,CNC-02,M,299.55035554524477,313.37474744177456,2469.975670498968,24.371485567044527,90.88581702266195,3.088779718288559,11.081438048862381,47.84779088495044,0,2026-08-25 06:31:44
2024-01-02 07:04:00,CNC-02,M,,37.3084609279195,1864.2863766843082,40.90154571336137,85.92240714135409,2.4591928281561395,14.269693707665573,57.16952848328216,0,2026-08-25 06:31:44
2024-01-02 01:14:00,CNC-01,L,298.45474178243455,309.79316350921744,2735.962970158301,11.417641970409107,111.93295590899695,3.461561562424593,5.879766964764068,54.57651524264973,1,2026-08-25 06:31:44
2024-01-02 08:11:00,CNC-02,M,,310.78183203224506,1566.491720252755,47.7770936343265,182.1983697796987,2.695017776049387,14.209635858679242,62.348686549618144,0,2026-08-25 06:31:44
2024-01-02 22:41:00,CNC-01,L,298.71909534727786,311.8596735697048,2648.2627417284302,21.168409787853875,128.8397525611472,33.5438700234556,10.423365166508026,51.469089146885054,0,2026-08-25 06:31:44
2024-01-02 21:39:00,CNC-03,H,,312.2741036962497,2444.9075160710013,22.745499032897953,46.112634428055934,2.9796491160865566,10.538085305943582,52.69512808255531,0,2026-08-25 06:31:44
2024-01-02 20:38:00,CNC-03,H,299.3877649536321,313.2474158576727,2333.4771641394173,25.720891672368808,243.59246641208665,3.8952347263468616,11.252143043950692,53.450473981349745,0,2026-08-25 06:31:44
2024-01-02 16:03:00,CNC-03,H,298.1467962863767,313.0741768849086,,46.34328055928875,156.0375480293425,25.722180766814553,14.373203176997073,53.11475692188985,0,2026-08-25 06:31:44
2024-01-02 20:09:00,CNC-03,H,299.234606839755,313.7172147151644,,30.062043700569234,209.59009912673926,3.561119351215465,13.159542680945068,55.79572368148146,0,2026-08-25 06:31:44
2024-01-02 18:15:22,CNC-03,H,26.202218167026842,40.207471758426095,2249.162529013806,31.180902656563138,68.29222284260469,2.9199749778810054,13.248959758768983,55.40655233119064,0,2026-08-25 06:31:44
2024-01-02 23:26:00,CNC-03,H,298.93521909710773,311.65168477388386,2779.2909284080188,16.834018098081376,161.2512776385493,3.6041294623370304,8.870583766408254,52.267342534083824,0,2026-08-25 06:31:44
2024-01-02 23:55:00,CNC-01,L,298.25872512368966,311.2354109835406,2695.265194284181,17.731429525602003,207.67938800225454,4.137541257540803,8.872241337611884,53.375786516081,0,2026-08-25 06:31:44
2024-01-02 20:42:00,CNC-03,H,299.46919806695433,313.9844502398578,2435.3831371085316,27.27875698278721,248.28822336569576,4.088395209351358,12.501781820916985,54.4316744983166,0,2026-08-25 06:31:44
2024-01-02 18:14:00,CNC-01,L,25.911156684212585,39.02076473833927,2077.437244949291,29.330105994508,41.1488884052027,2.602412693929957,11.473918211674851,55.214563336696656,0,2026-08-25 06:31:44
2024-01-02 18:06:00,CNC-03,H,26.183072748621726,39.80052309721219,1972.5931681092256,34.19755958240279,55.07687460025547,2.4719317175348103,12.469486916700786,54.52283758141025,0,2026-08-25 06:31:44
2024-01-02 06:12:00,CNC-03,H,296.47943398921876,309.78647586101044,2098.4218492762184,30.69176808038248,8.052447728415617,2.591735336268588,12.116966718361487,56.04580667620175,0,2026-08-25 06:31:44
2024-01-02 06:20:00,CNC-03,H,296.5473092908253,310.16298498919343,2028.4064366242244,34.08057121937365,18.654706993348846,2.6007913482879355,12.857250875168464,53.6100435138275,0,2026-08-25 06:31:44
2024-01-02 07:12:00,CNC-02,M,22.854240582668353,37.330264035168,1975.0105230895947,36.8138313938568,97.10634232006947,2.6510833957041413,13.465916991053607,59.02200510877896,0,2026-08-25 06:31:44
2024-01-02 23:06:00,CNC-03,H,299.03413552784906,311.5017436348144,2786.1255627396235,15.953670330299737,,3.495888028203946,8.240064059462846,45.61540057997476,0,2026-08-25 06:31:44
2024-01-02 02:28:00,CNC-02,M,298.0378888573825,310.9200192940384,2630.552867490955,17.731022945734708,205.32417274184562,3.8559142700100764,8.955642145099905,49.66219100740564,0,2026-08-25 06:31:44
2024-01-02 13:09:00,CNC-01,L,297.5232305208464,311.51174334592173,1416.7462357832587,48.58714025112099,39.51977826935582,2.1402055288586346,12.91292203776482,54.91487379135779,0,2026-08-25 06:31:44
2024-01-02 18:04:00,CNC-01,L,25.767444532151785,38.97805037028786,2246.0735202635487,27.694616626756712,27.932672402517536,2.820822808535825,11.688908817331304,48.82612529743066,0,2026-08-25 06:31:44
2024-01-02 17:11:00,CNC-02,M,298.45748323151713,313.0061375945905,1948.9888972808567,37.6291379249848,36.34808972427719,2.6308431946184165,13.747418459951247,55.27307444631229,0,2026-08-25 06:31:44
2024-01-02 05:14:00,CNC-02,M,296.1698622795539,309.5635922628943,2261.3705301032574,25.437097107576506,180.33510551938417,3.264910171218973,10.996724176397679,60.558552926431126,0,2026-08-25 06:31:44
2024-01-02 00:11:00,CNC-02,M,299.01525368590967,311.83509892759577,2611.2893142624484,20.716239919037342,57.06578850327722,3.1425640257297713,9.779374231996753,53.151859572708794,0,2026-08-25 06:31:44
2024-01-02 07:57:00,CNC-03,H,22.712321367579136,36.96421763755353,1660.1407528243808,41.33419065773857,155.6792677646903,2.5536186198245,12.871357135149271,57.760164637374544,0,2026-08-25 06:31:44
2024-01-02 03:04:00,CNC-01,L,297.24330802867894,309.5119831874976,2399.129330300456,19.72336766220686,35.01690866332581,2.9537478683998786,9.031590631270195,59.05693941442714,0,2026-08-25 06:31:44
2024-01-02 12:14:00,CNC-01,L,297.0035668678717,311.4330742814336,1397.9266522601163,50.94796779740023,163.1216186162321,2.4710868894450773,13.377253948576762,61.73869690469745,0,2026-08-25 06:31:44
2024-01-02 02:04:00,CNC-03,H,303.52348849085564,310.9024172315109,2556.034768387797,22.019383394958766,181.91446265622085,3.4806469422362145,10.323825694159709,43.149715624141564,0,2026-08-25 06:31:44
2024-01-02 21:18:23,CNC-01,L,299.2174985950167,310.9325818213838,2535.8247117033875,17.226859988750995,37.500791009180276,3.0551698866571932,8.090709427767012,55.64468155398456,0,2026-08-25 06:31:44
2024-01-02 23:09:00,CNC-02,M,299.44300217916486,311.9141585830966,2779.2118201989274,18.34687337952814,1.060417401548739,3.2434781742775853,9.627512352559947,54.21691777804836,0,2026-08-25 06:31:44
2024-01-02 04:26:00,CNC-03,H,296.86390569073893,309.6811780373387,2416.93678603072,21.486012459841717,92.04261858952499,2.9112326263245687,9.643731136270816,57.0573597040343,0,2026-08-25 06:31:44
2024-01-02 23:24:15,CNC-02,M,299.3423405795508,311.5354707969864,2674.094531487253,15.521277669058573,17.24081351962934,3.131122025712534,7.741360554088627,48.4920346237583,0,2026-08-25 06:31:44
2024-01-02 02:27:00,CNC-02,M,298.1631802863474,312.5122109379622,2436.2697483865313,26.529635821412004,204.21509548189607,3.6763125101764706,12.097052819471937,55.28982295680868,0,2026-08-25 06:31:44
2024-01-02 03:00:00,CNC-03,H,297.50301486234866,311.6235031400465,2609.317421847516,24.285301205887453,244.67160661006736,4.168706079680744,11.69192853650801,61.94910765915578,0,2026-08-25 06:31:44
2024-01-02 13:35:00,CNC-02,M,297.1707544138902,311.87118460731784,1319.6488204670518,1956.8909834193262,221.72075392524334,2.8199461324292057,13.330409120384981,56.431136737627924,0,2026-08-25 06:31:44
2024-01-02 13:07:00,CNC-01,L,297.4959434047844,311.27107933486246,1397.1393805835596,50.09273296589072,36.33506727413673,2.0620450633136698,13.310020982200523,54.380803123573564,0,2026-08-25 06:31:44
2024-01-02 08:38:00,CNC-03,H,295.8005621856537,311.111055666168,1645.0719730100445,47.545297450147956,216.53990791455573,2.9262707745651175,14.56804695122151,58.86493908995454,0,2026-08-25 06:31:44
2024-01-02 09:38:00,CNC-01,L,296.1255138860873,310.4475343694628,1620.9506582662996,43.964058278036696,109.31696291621783,29.869939085899336,13.32732148461249,55.08990783417882,0,2026-08-25 06:31:44
2024-01-02 03:01:00,CNC-01,L,297.34924217942097,310.0823848425413,2471.86240185068,22.453065456895985,31.633025063493417,2.96717996557116,10.508966004113278,53.27538333585069,0,2026-08-25 06:31:44
2024-01-02 05:49:00,CNC-03,H,296.49173374115884,311.1856760662036,2138.959374040885,33.69218588913094,198.15403644572731,3.1788493628491308,13.33869908875375,57.1934228127644,0,2026-08-25 06:31:44
2024-01-02 08:30:00,CNC-03,H,295.6542276523125,310.2767650611911,1519.3819720824317,46.31259872123305,204.48264126020896,2.931930957094157,13.271190327683813,61.19815980816782,0,2026-08-25 06:31:44
2024-01-02 23:04:00,CNC-03,H,298.8904760418181,311.16774597996994,2746.2363810232046,15.610575486044297,137.95667485431215,3.428432307910757,7.821305647318623,55.170001202287885,0,2026-08-25 06:31:44
2024-01-02 15:35:00,CNC-01,L,298.52207528840876,312.5995642846951,1691.1486105777662,45.02236688977722,28.6301205048984,2.504536578052795,14.340705395076462,53.10975711628193,0,2026-08-25 06:31:44
2024-01-02 11:13:00,CNC-03,H,296.50252280845365,311.1918276986472,1528.9540902004721,48.35547751572085,186.3089353995108,2.5467502325113474,13.964307057950055,56.52564383623746,0,2026-08-25 06:31:44
2024-01-02 16:11:00,CNC-02,M,303.7333232945967,312.90001127759945,1858.978668992297,39.827982047229725,207.0249809052497,3.1656241173459563,,39.97583146867783,0,2026-08-25 06:31:44
2024-01-02 23:38:00,CNC-02,M,299.3966146042323,311.478199626558,2859.5002452646254,14.177880344511287,32.083274654705626,3.431584131172606,7.399871660024923,52.31175236303912,0,2026-08-25 06:31:44
2024-01-02 07:09:00,CNC-03,H,22.893478042350807,36.448815007236306,1647.325504414756,37.95401738160185,86.59305240979519,2.2904879383501164,11.600105204411859,56.24998700277451,0,2026-08-25 06:31:44
2024-01-02 14:13:00,CNC-01,L,297.78280751820677,312.52639914377914,1464.805515280577,51.263368315848105,140.3826329991353,2.369028286953745,14.230944666977292,54.0007205346769,0,2026-08-25 06:31:44
2024-01-02 01:38:00,CNC-02,M,298.3819084070154,310.2516473202466,2690.7910916383335,13.784674168746466,150.27953875541056,3.44483342236969,6.83011557695056,56.89307881783443,0,2026-08-25 06:31:44
2024-01-02 03:58:00,CNC-03,H,297.66790596418815,311.4040426127568,2399.600770128051,27.605425259920796,58.2721940510823,2.893348294997706,12.382818776485905,54.77414058406203,0,2026-08-25 06:31:44
2024-01-02 08:32:00,CNC-02,M,295.9137289134126,310.50666533211586,1773.289822245476,38.4470608600224,213.0050552459191,3.169630444686312,12.65019555555375,59.47809819083057,0,2026-08-25 06:31:44
2024-01-02 08:19:00,CNC-02,M,296.057307224395,310.84711604151204,1663.163250102948,42.861699445109146,194.00536009795124,2.6913134033907586,13.264714729056182,56.91138181574178,0,2026-08-25 06:31:44
2024-01-02 17:08:00,CNC-02,M,298.25918166738114,312.15655596536936,1749.906235631017,37.34582903419652,32.23480201405019,2.3471855550100877,12.152527672737447,55.51785378969836,0,2026-08-25 06:31:44
2024-01-02 20:56:00,CNC-02,M,299.380720320054,312.88992898601043,2456.592335220234,23.462821926598984,78.4341109408405,3.047117699188334,10.857850020110446,51.75321914622474,0,2026-08-25 06:31:44
2024-01-02 12:51:00,CNC-02,M,296.62440851395644,311.4944820614911,1379.4434712970672,55.350596322566716,152.3033584180652,2.3039070920473086,14.09104068382553,61.68384622971071,0,2026-08-25 06:31:44
2024-01-02 13:06:00,CNC-01,L,297.6131124555366,,1403.8525755640874,47.37516788390875,34.73506727413673,2.015747150273401,12.369744087921752,54.60539539590245,0,2026-08-25 06:31:44
2024-01-02 14:04:00,CNC-02,M,297.1073166854928,311.2083931439622,1556.054643905119,45.83688499546385,15.63786772952213,2.168513240678476,13.153620377723255,57.70313254869628,0,2026-08-25 06:31:44
2024-01-02 07:03:00,CNC-03,H,22.77552306582828,36.888649392501065,1739.2779543866466,41.041773530982375,78.03626565947934,2.408680297211518,13.43889380573649,59.07168551417938,0,2026-08-25 06:31:44
2024-01-02 12:51:00,CNC-01,L,297.4382633116919,311.0771160456447,1473.670260990016,46.38936136060054,11.021699306792927,2.026769724447427,12.764347099937355,56.386298471813966,0,2026-08-25 06:31:44
2024-01-02 23:56:00,CNC-02,M,299.02050118115466,310.36473008786174,2799.397349454062,11.69950094808925,51.19985066553437,32.00402641060419,6.05503018322264,55.68746660737057,1,2026-08-25 06:31:44
2024-01-02 00:48:00,CNC-03,H,298.6876177770666,310.8519508523029,2635.518684150063,16.299574647257977,99.72296759831653,3.1659040007576658,7.970575440175067,,0,2026-08-25 06:31:44
2024-01-02 05:04:00,CNC-02,M,296.4085692034405,311.1463253633026,2243.5665159742093,33.32413154183904,167.61412246618315,3.181436035671465,13.978600469395221,58.28977227041678,0,2026-08-25 06:31:44
2024-01-02 10:19:00,CNC-02,M,296.1434955502175,310.68218888646487,1401.220579467503,50.78584969027989,118.12634704287123,2.115799600736145,13.19047384968699,57.81112058820922,0,2026-08-25 06:31:44
2024-01-02 19:03:00,CNC-03,H,26.069716110368518,40.37455524076461,2217.79786226333,32.365023029336136,128.66411614231816,2.902644679039397,13.476053344491378,56.64421475935427,0,2026-08-25 06:31:44
2024-01-02 15:19:00,CNC-03,H,297.7994533039978,311.9558656862701,1604.9384324024127,43.346130843576574,90.69541526489827,2.3477991490391736,13.148545866200473,51.21636806141059,0,2026-08-25 06:31:44
2024-01-02 15:21:25,CNC-03,H,297.91824125365775,311.7394524351886,1578.3255705433266,41.62051221653315,93.70395614573468,2.2425316936490916,12.279148036282528,54.573664011399785,0,2026-08-25 06:31:44
2024-01-02 19:57:00,CNC-03,H,299.10887648829,313.69810411547775,2408.776525275713,28.88082335782778,195.23873326545385,3.5013772706676987,13.154494629096918,51.05303161599052,0,2026-08-25 06:31:44
2024-01-02 11:08:00,CNC-01,L,,309.90457531475874,1241.0715125173429,53.4575126852111,58.42498273780454,1.9566677379224482,12.330128102974381,59.75965241229957,0,2026-08-25 06:31:44
2024-01-02 19:29:00,CNC-01,L,299.0274964751518,312.34938962043867,2280.5863703429113,,136.3398091180214,3.1172539547373344,10.372737151525996,53.27904240676701,0,2026-08-25 06:31:44
2024-01-02 01:35:00,CNC-01,L,297.9990399859714,4111.492941994687,2613.7700046455466,23.0611348735853,134.5941229980201,3.3893011298158036,11.368431333789204,55.08719752022271,0,2026-08-25 06:31:44
2024-01-02 06:27:00,CNC-03,H,296.44962400236057,310.06727226191975,2018.2073520641313,34.09715434590662,28.186796733583442,2.5899505215120593,13.053429327160151,58.92810487943678,0,2026-08-25 06:31:44
2024-01-02 21:56:00,CNC-02,M,299.32319654212773,312.79082933281256,2614.3060296499043,20.267912077354758,145.70440738399668,3.351286898809796,9.92318323959939,55.36257633819218,0,2026-08-25 06:31:44
2024-01-02 08:59:00,CNC-03,H,295.86286810658845,311.4238867935663,1761.7192653711654,45.164901210992596,248.43446313729973,3.347015502659864,14.864848724846029,53.24347119319201,0,2026-08-25 06:31:44
2024-01-02 08:51:00,CNC-03,H,296.0575452020775,311.60792604501034,1599.9622519653321,51.06468831055449,236.36916398274806,3.175740324341063,15.325322180698677,58.785914787374686,0,2026-08-25 06:31:44
2024-01-02 08:01:00,CNC-02,M,22.81715580865307,37.245878093624185,1560.4408577146826,44.53443590953192,167.42166063656336,2.6253355617490293,13.153672163987602,60.23507280066977,0,2026-08-25 06:31:44
2024-01-02 05:24:00,CNC-01,L,296.43134288764867,311.30189708521453,2160.581135055221,34.33094324743245,204.45678544087752,3.624116487394555,13.922642462580061,60.12271873620304,0,2026-08-25 06:31:44
2024-01-02 08:33:00,CNC-01,L,301.7929690673669,309.2905090857465,1576.463560951088,42.29049206065048,10.491289758498592,2.2829943976536162,12.1713090807202,52.33267390626972,0,2026-08-25 06:31:44
2024-01-02 09:27:00,CNC-03,H,295.90535202439617,309.4364816129289,1531.486546486098,44.38969300810574,20.089348980474465,2.1888661719202114,12.763574115486474,58.01669773272654,0,2026-08-25 06:31:44
2024-01-02 13:33:00,CNC-02,M,297.3370145099455,312.55280482304664,1460.2189389173943,,218.53275890361965,2.9687393967546023,14.423590120495678,52.62754686250565,0,2026-08-25 06:31:44
2024-01-02 17:12:00,CNC-03,H,298.57160739039904,313.84671081804214,1713.428764963101,44.43649500591051,254.21649509724776,3.400721643841103,14.136077159569439,52.90172750402748,0,2026-08-25 06:31:44
2024-01-02 14:12:00,CNC-01,L,297.7257191512374,312.64878935880614,1524.6028843569375,0.0,138.8400638208229,2.395071749817279,15.018695254137594,53.305124772309284,0,2026-08-25 06:31:44
2024-01-02 01:42:00,CNC-01,L,298.13242872539337,310.28286227328175,2787.5559260708833,14.265391402439645,142.25916396380092,3.629153575717079,7.233627600341916,53.339486896868934,0,2026-08-25 06:31:44
2024-01-02 05:54:00,CNC-02,M,295.9773996567357,310.5179192378072,2115.8293460081964,32.51535205430549,232.480316375921,3.8353567782464135,12.666518204167815,56.656212730704645,0,2026-08-25 06:31:44
2024-01-02 23:25:00,CNC-03,H,299.10025810868575,311.97803958978227,2692.443620963751,18.109406019857953,160.2212776385493,3.487466911771893,8.988813879915474,55.34581044557018,0,2026-08-25 06:31:44
2024-01-02 02:32:00,CNC-02,M,298.02624960430654,311.4004378084295,2667.1377262892743,19.993411301260554,209.83205709749757,3.977192957651363,9.770479163342683,56.09248756172731,0,2026-08-25 06:31:44
2024-01-02 15:05:00,CNC-02,M,297.5419051279671,311.94569820524583,1603.7920897653214,44.15709592011054,,2.300953393006623,13.024377878583586,55.078760226648015,0,2026-08-25 06:31:44
2024-01-02 02:40:00,CNC-02,M,297.7003019050142,311.55287057460686,2539.3504650297723,22.751150618850875,218.8812860989156,3.8799151486137147,10.80938373779169,51.59179282116471,0,2026-08-25 06:31:44
2024-01-02 00:09:00,CNC-01,L,298.59192889937486,311.2111168425701,2521.6518648969645,20.85115279633505,42.63319043275812,3.068625203749191,10.091904797017065,52.25258968901381,0,2026-08-25 06:31:44
2024-01-02 02:51:00,CNC-03,H,303.43264443555506,311.8008996287713,2512.0707134925956,26.491969600533125,234.47089287764229,3.833273136161664,12.534248908659993,43.10467710599502,0,2026-08-25 06:31:44
2024-01-02 15:37:00,CNC-03,H,297.8431130513407,311.9076707810219,1547.7654638984902,47.610691944915494,117.51437463556705,2.2886000355543725,13.986550342469245,54.44791588286143,0,2026-08-25 06:31:44
2024-01-02 00:51:00,CNC-02,M,298.7207281112427,311.5237301737322,2622.460629542415,19.233812775930797,99.62173275948578,3.167941031743112,9.219989768239017,51.09378588135172,0,2026-08-25 06:31:44
2024-01-02 08:16:00,CNC-02,M,296.11683899604157,311.17138884020494,1550.4668622316963,49.61182686678691,189.63227298357864,2.7852672528381732,14.150550764188308,59.38641942187181,0,2026-08-25 06:31:44
2024-01-02 02:46:00,CNC-02,M,297.4248641024378,309.10311215627405,2593.9836083311898,16.106777642958217,2.211532312135085,3.151380463242247,7.880850978350454,53.70281995341672,0,2026-08-25 06:31:44
2024-01-02 22:19:00,CNC-03,H,299.02159761647175,311.4044611592862,2541.262140217945,18.524010003092485,89.5850178467713,30.779243370137458,8.87838509061092,54.27014405654794,0,2026-08-25 06:31:44
2024-01-02 16:34:00,CNC-01,L,298.5254343709796,313.5428688252769,1641.2167205359654,47.89472549914836,114.81173229610721,2.5143015897202936,14.597302130419525,53.48358514063392,0,2026-08-25 06:31:44
2024-01-02 00:19:00,CNC-01,L,298.9574922487343,310.46470130921455,2760.8537843424256,13.769908590117147,53.13738198420691,3.4290154091574,7.008566471411667,49.658951013824144,0,2026-08-25 06:31:44
2024-01-02 02:36:00,CNC-03,H,303.3198439246327,310.61713012340095,2581.5973946823633,21.10526093389532,217.52464841548826,3.902300195122023,10.480046975262049,47.41865920590613,0,2026-08-25 06:31:44
2024-01-02 09:21:00,CNC-01,L,296.51146842210755,311.3200457785077,1521.7187365248312,50.83653634793819,83.16863332215026,2.2307196825555047,14.456683061484675,60.891603554109835,0,2026-08-25 06:31:44
2024-01-02 13:16:00,CNC-03,H,297.37951142195885,311.6727026032166,1359.59281485677,52.487262882008565,122.09328063806612,2.0961046931428884,13.351138261031966,57.21174211390172,0,2026-08-25 06:31:44
2024-01-02 23:08:00,CNC-02,M,299.29535674006524,310.24383167695356,2723.1551846876537,10.447823553590428,0.0,3.2873906239893,5.418798759027299,48.837060694624945,1,2026-08-25 06:31:44
2024-01-02 23:35:00,CNC-02,M,299.3936434393391,311.8487690527568,,17.305818039434392,28.993274654705626,3.2213199580934546,8.828216445670005,54.381255940990634,0,2026-08-25 06:31:44
2024-01-02 02:31:00,CNC-02,M,298.02003324328797,311.26057306160214,2520.162794981127,20.247063118716632,208.7223163772135,3.8646483560270517,9.396429337721552,56.16934702023654,0,2026-08-25 06:31:44
2024-01-02 22:57:00,CNC-01,L,298.4882599734859,310.9063433322141,2682.251033831932,16.383787634263822,145.90018420933308,3.517302145971611,8.02803406543869,54.82053464256779,0,2026-08-25 06:31:44
2024-01-02 21:22:00,CNC-02,M,299.2691274096981,312.6197301808414,2519.155792341477,22.830641200570987,107.72231921816588,3.1731995648221467,10.583026967401842,50.1339503443008,0,2026-08-25 06:31:44
2024-01-02 10:27:00,CNC-02,M,296.33982555861206,310.9226193199759,1425.2020892134608,51.27117965001024,130.74706819157103,2.2146927578657087,13.488517361385965,59.49964039767007,0,2026-08-25 06:31:44
2024-01-02 19:40:00,CNC-03,H,299.29708811217176,313.44919442334697,2250.2162588392316,28.53580286418885,174.52094079069232,3.1383489745871183,11.933286484775937,52.95704463040785,0,2026-08-25 06:31:44
2024-01-02 07:07:00,CNC-02,M,22.883272183604845,36.91683535896834,1945.401921189179,33.21626304533735,90.10579142607314,2.6139335253752214,12.031021041107481,55.44208374801322,0,2026-08-25 06:31:44
2024-01-02 18:54:00,CNC-02,M,25.72635457586233,40.22773101388674,2233.382616174739,30.980241506863464,173.04534085811434,3.211336895046645,12.90921627726774,55.11747821692088,0,2026-08-25 06:31:44
2024-01-02 18:05:00,CNC-01,L,25.664931427610213,38.79207754958804,2193.112066215023,27.802778489055214,29.20827498590728,2.791729723416521,11.377817212922416,51.506869283321244,0,2026-08-25 06:31:44
2024-01-02 15:23:00,CNC-03,H,297.9343214397032,312.3830416768698,1564.3458833521065,46.659885064938045,96.72371905463365,2.28444943955818,13.854459338960709,54.95737438076509,0,2026-08-25 06:31:44
2024-01-02 13:13:00,CNC-02,M,297.02937253346056,312.02794786894634,1373.31295417502,,187.207196568691,2.4377058664357243,13.945134349694891,55.19781260050151,0,2026-08-25 06:31:44
2024-01-02 15:39:00,CNC-01,L,298.4843313859818,312.14486989901735,1623.7956857201602,42.40766208956884,34.55708130321819,2.311542164658208,12.981888707782655,48.66031785570246,0,2026-08-25 06:31:44
2024-01-02 03:04:00,CNC-02,M,297.7911200727825,309.76987719894686,2529.146257064156,17.493176611142886,22.67537499009699,29.795184870258378,8.266309368756744,47.65383823492143,0,2026-08-25 06:31:44
2024-01-02 20:46:00,CNC-01,L,299.11082850435247,310.8196648274053,2563.381808581757,16.253508695274906,1.1289000641403741,3.099268572456513,7.858201371404574,56.62387921914374,0,2026-08-25 06:31:44
2024-01-02 15:07:00,CNC-02,M,303.19635998070225,312.16106827174616,0.0,49.31784973762325,112.50086722958768,2.3604415180723355,13.938169198700654,45.93366325925788,0,2026-08-25 06:31:44
2024-01-02 22:04:00,CNC-01,L,298.90504639827594,310.7214618728197,2518.687241700687,,88.21609852296297,3.0831872517021672,6.979862535258613,51.32312356660709,0,2026-08-25 06:31:44
2024-01-02 07:05:00,CNC-03,H,22.769558468557705,36.818568769043395,1918.6583197655268,36.977532712367754,80.8320721544916,2.6093146447742868,13.039910407675107,56.98884137649667,0,2026-08-25 06:31:44
2024-01-02 19:30:00,CNC-03,H,299.33249112330384,313.2570564372851,2358.1882322620954,26.025328378887075,162.25807685408012,3.250421439451043,11.42057342500404,55.71105750411467,0,2026-08-25 06:31:44
2024-01-02 22:32:00,CNC-01,L,298.6989191228891,311.1270918279382,2715.8930279639108,17.052739907183717,118.94809250190275,3.331308823851031,8.660015859043265,56.889138467931275,0,2026-08-25 06:31:44
2024-01-02 17:56:00,CNC-01,L,298.97549444004363,313.37701383469386,2147.201138177763,35.804978781536924,17.407905300017504,2.8172630327637753,14.408518343865683,52.4273264037242,0,2026-08-25 06:31:44
2024-01-02 11:56:00,CNC-01,L,297.01185649862106,311.11475991978455,1318.1056550234964,51.201414038847744,134.55167931224884,2.2731183838722813,12.582040803728251,54.73278786476141,0,2026-08-25 06:31:44
2024-01-02 19:06:00,CNC-01,L,25.970745713166366,39.433018232979805,2380.45208180751,26.585982108782144,107.84529426245206,3.1673866866380327,11.818214929123005,51.10904694615084,0,2026-08-25 06:31:44
2024-01-02 02:41:10,CNC-01,L,297.63886887466714,309.6543000226897,2645.5307558762115,16.871642969145704,10.013967134969885,3.149189883915407,8.447452354795859,51.46535491430514,0,2026-08-25 06:31:44
2024-01-02 12:46:00,CNC-03,H,297.09883449640256,310.9668792099554,1487.473711650698,46.42923913587814,74.61729830570903,2.1692261002252144,12.713248552000868,57.57762277594263,0,2026-08-25 06:31:44
2024-01-02 15:21:00,CNC-02,M,303.2127593311595,311.8790546292299,1468.3144065001914,49.06592566564199,133.42598691516295,2.3009888463101364,13.340382605309028,46.86516218850473,0,2026-08-25 06:31:44
2024-01-02 22:35:00,CNC-01,L,298.9521862281967,311.5521871372835,2661.5705700078674,18.886818971782507,122.29158960882668,3.2907222506527347,9.452645141083801,53.52084204865856,0,2026-08-25 06:31:44
2024-01-02 14:05:00,CNC-01,L,298.1006626650649,312.2719641075963,1416.3917727280163,47.909668970607115,127.94794082082126,2.285026296084961,12.599570099143955,,0,2026-08-25 06:31:44
2024-01-02 10:14:00,CNC-01,L,296.03304985085515,310.4736232379606,1442.249294818534,49.38488029708252,165.50755133385687,2.529737988471408,13.506777926863645,58.574957921355086,0,2026-08-25 06:31:44
2024-01-02 04:02:00,CNC-03,H,297.41721625528356,309.69068551723365,2350.8125061990804,20.346497092074735,63.11614953522494,2.979746869213069,8.628077163938944,58.734471847842435,0,2026-08-25 06:31:44
2024-01-02 21:42:00,CNC-02,M,299.3928672783229,312.48965794511145,2549.2608679435402,19.267984801495565,129.94307033472808,3.2169047249337295,8.982957952576953,55.40939951207243,0,2026-08-25 06:31:44
2024-01-02 12:20:00,CNC-03,H,296.9419127965984,310.9059541675879,1382.9157985436584,51.52665453123637,33.30740217535621,20.26582481015783,13.253674981659048,56.552855318222285,0,2026-08-25 06:31:44
2024-01-02 16:10:00,CNC-03,H,298.3500854162483,313.2559078939155,1723.535232045559,44.06642765251724,166.07178402908744,25.129419294374696,14.202843012007396,53.356212589261574,0,2026-08-25 06:31:44
2024-01-02 02:06:06,CNC-02,M,298.08517126976193,311.3023058473012,2557.1144790110848,21.302791819563865,182.06201520221614,3.6298149437431095,10.33459557391766,,0,2026-08-25 06:31:44
2024-01-02 08:35:00,CNC-01,L,301.92369081318395,309.9336379119882,1540.4736090952717,47.30291320391956,13.496691853376023,20.857289260210813,13.666950054958148,46.751802611697286,0,2026-08-25 06:31:44
2024-01-02 21:24:00,CNC-03,H,299.59959205819945,311.4139408299386,2560.7277717335123,16.798379797244735,29.43967124096954,3.146538711097958,8.158589307424034,55.31375947397069,0,2026-08-25 06:31:44
2024-01-02 23:33:00,CNC-01,L,298.6602814668012,311.29667536435215,2732.616262865968,16.31081975553273,184.26833375296172,3.7595398015066586,8.237875501671933,54.3790464240041,0,2026-08-25 06:31:44
2024-01-02 01:13:00,CNC-02,M,298.57833870528697,310.9382457695475,2764.282425603582,16.08052654538931,123.4961788320226,3.4869853873561114,8.27925992692008,49.67512479910333,0,2026-08-25 06:31:44
2024-01-02 16:18:00,CNC-03,H,298.5527443326458,313.8973492449198,1774.8355828664164,45.180075034174244,177.63380329829994,2.796300801401656,15.224807267825952,54.084703110242096,0,2026-08-25 06:31:44
2024-01-02 09:26:00,CNC-03,H,295.97610978605604,309.9664186758187,1511.3948852606195,49.891270934344426,18.54330037505532,21.737406119801054,14.140677291095544,58.1883489475122,0,2026-08-25 06:31:44
2024-01-02 07:09:00,CNC-02,M,23.162524139934987,37.6263857652616,1769.285605436717,39.08266704028677,92.98637923806281,2.490107415252031,12.977485119826143,60.22538030246307,0,2026-08-25 06:31:44
2024-01-02 03:16:00,CNC-01,L,297.3365957175785,310.6116433666443,2320.5734835023636,26.085200869638637,48.78070796943237,2.8632779677366367,11.209244954344049,55.319411412518896,0,2026-08-25 06:31:44
2024-01-02 16:20:00,CNC-02,M,303.79415794423727,313.4972952594007,1798.7666446159049,44.20699696780185,219.99633072113812,,15.105080339160715,43.27678665881888,0,2026-08-25 06:31:44
2024-01-02 13:38:00,CNC-02,M,297.2155473159495,312.557513926533,1510.8537174857288,50.227587020470416,226.46496102819873,3.0827900263415313,14.218060753413669,57.1337221338783,0,2026-08-25 06:31:44
2024-01-02 19:46:00,CNC-01,L,299.5727239340264,313.1688798525908,2477.115883253574,24.24407938663441,157.0404243522083,3.404967445899025,11.023743140361178,58.00249839193792,0,2026-08-25 06:31:44
2024-01-02 09:24:00,CNC-01,L,296.30105393448787,310.5481609415701,1423.488161638876,48.55759404390196,87.8032706817679,2.2246012289880555,13.120518013731635,58.52535964030298,0,2026-08-25 06:31:44
2024-01-02 21:49:00,CNC-01,L,299.0894676391989,311.8822689287623,2549.6149326344253,21.59774922797713,71.77451209010414,3.1740113741113203,10.345519520232374,,0,2026-08-25 06:31:44
2024-01-02 13:45:00,CNC-02,M,297.157467568684,312.7682388757797,1416.1287500760254,56.653626421028214,237.44756682962085,3.1990796450509644,15.187467832387131,56.81063659206267,1,2026-08-25 06:31:44
2024-01-02 01:55:00,CNC-02,M,298.2741306262092,311.125416527426,2645.0916134072395,17.54913251609815,168.7277052256075,3.5979839588934106,8.643069000716617,52.226922144846206,0,2026-08-25 06:31:44
2024-01-02 13:41:00,CNC-03,H,297.6621725042549,312.2417774830292,1521.9680024511342,49.04839525145915,161.2114061380988,2.4546448555559426,14.088655394255197,51.599302540052825,0,2026-08-25 06:31:44
2024-01-02 19:31:00,CNC-03,H,299.5572506933248,314.30854823509344,2080.225000058079,34.50104682729851,163.53644679654087,2.9012983794849996,13.501521643777545,54.08806869272604,0,2026-08-25 06:31:44
2024-01-02 17:28:00,CNC-03,H,298.8584793481845,312.5531384791248,2156.0862806562714,31.445932908020854,4.067494997178107,2.767166060006634,12.548849832355705,52.75798304816277,0,2026-08-25 06:31:44
2024-01-02 23:31:00,CNC-03,H,298.5636639222098,310.49136201480036,2688.8252520029987,13.792283786431941,166.57701458511002,3.401005836912678,7.056958777058082,57.789843796071025,0,2026-08-25 06:31:44
2024-01-02 07:47:00,CNC-03,H,22.585110785373786,37.66247637605642,1639.0947702626065,48.55455066015308,140.9712013815234,2.371397693853195,15.28776583132936,57.97118782017915,0,2026-08-25 06:31:44
2024-01-02 17:55:00,CNC-02,M,298.7427249155355,313.17849959203517,2036.3106224833145,34.786668985276656,96.37654341155486,2.6251672319986255,13.22836178197762,54.40650032952059,0,2026-08-25 06:31:44
2024-01-02 20:53:00,CNC-03,H,299.06120849595453,312.8294559491043,2497.075240754112,21.823945456474622,260.83510456698025,4.29210943586717,10.280367463647165,51.92788482566845,0,2026-08-25 06:31:44
2024-01-02 18:04:00,CNC-03,H,26.110677790011778,40.23371036298761,2046.437801922623,35.23637617535935,52.40629936263604,2.605460999760339,13.550941473390269,52.29256925758776,0,2026-08-25 06:31:44
2024-01-02 08:13:00,CNC-02,M,295.9521069146039,311.7634434933774,1701.597591349624,50.69464021625256,185.1246899375428,2.7892312230100957,16.189011716209915,58.02196113473891,1,2026-08-25 06:31:44
2024-01-02 18:51:00,CNC-01,L,25.970789924837163,,2293.2844581930885,21.746936249830206,88.93386038212255,2.9682962134966595,9.288078109289776,56.68430064163757,0,2026-08-25 06:31:44
2024-01-02 21:40:00,CNC-01,L,299.02936048305463,310.9213965859034,2691.4160404477816,16.050812595552816,61.90915465675291,3.1579004852752655,8.293013677322085,48.83249301784121,0,2026-08-25 06:31:44
2024-01-02 05:44:00,CNC-01,L,295.99705694190436,308.9189677042411,2258.7894022854616,26.132520584004503,5.2050409459265445,2.8142353952847956,10.894863023760385,60.1149281021817,0,2026-08-25 06:31:44
2024-01-02 20:16:00,CNC-03,H,299.2648369928176,313.6564259246577,2490.8865772548274,27.138139487283027,217.8291412465411,3.7650558925872817,12.326528446646506,52.93411440279815,0,2026-08-25 06:31:44
2024-01-02 04:37:00,CNC-03,H,297.35228804186346,310.8242610999636,2301.349642368371,26.645835324509026,105.6629441818487,2.9043845995862436,11.26156769159249,53.69165731756265,0,2026-08-25 06:31:44
2024-01-02 11:19:00,CNC-02,M,296.25215061142546,309.67894282083023,,47.48173220308962,6.327299937878216,1.9661762768023112,12.325222057233859,55.75901838519607,0,2026-08-25 06:31:44
2024-01-02 16:12:00,CNC-03,H,298.26703175252106,312.89587244802937,1686.9083476238775,43.350389761752595,168.91299154528676,2.631364833350066,13.599884864369743,56.58078214954718,0,2026-08-25 06:31:44
2024-01-02 08:54:00,CNC-03,H,295.89381442042634,310.9119755526776,1700.3930729189888,43.59079422217635,240.87942793812581,3.128239564772783,13.96966319556884,60.87781827893972,0,2026-08-25 06:31:44
2024-01-02 23:28:00,CNC-01,L,298.6333787002694,311.75703743287096,2465.4797906340937,21.479222321226562,178.93073689266154,3.547326098347094,9.86564119874135,55.10811573666394,0,2026-08-25 06:31:44
2024-01-02 10:48:00,CNC-03,H,296.04121044361386,310.2460707809658,1509.7622215319493,46.10327569083042,146.85779429184618,23.600038271743163,12.669841567289769,56.733978670710684,0,2026-08-25 06:31:44
2024-01-02 15:31:00,CNC-03,H,298.2308869113477,312.69127648035055,1592.9856620922494,46.899677736946046,108.59931919263084,2.320294225653019,14.057977482909791,55.56473541977086,0,2026-08-25 06:31:44
2024-01-02 05:50:00,CNC-01,L,296.06838399481927,309.5741547570639,2189.2211901278138,31.08460595668923,13.094383097767254,2.768246321816668,12.835282710255424,57.77989756950738,0,2026-08-25 06:31:44
2024-01-02 05:42:00,CNC-03,H,296.6604602029107,310.7818632539254,2014.6133101403211,32.866509184447594,188.9720750468684,3.0834363637515763,12.225300948231366,57.80022085077016,0,2026-08-25 06:31:44
2024-01-02 18:53:00,CNC-01,L,26.03492500062373,39.16227805141517,2119.423584619981,26.686956070306536,91.48020314001928,2.8443904837597627,10.689661611728285,50.99238632053527,0,2026-08-25 06:31:44
2024-01-02 14:02:00,CNC-03,H,297.62847294336643,312.82980385442653,1519.3127779643478,52.554638271146096,194.20097957490424,2.694722261528497,14.84375907742041,57.59459268698489,0,2026-08-25 06:31:44
2024-01-02 15:13:00,CNC-01,L,298.38889555582534,313.9065814212993,1674.855173628175,48.487892765689175,232.17285550167844,3.5454442894918765,15.007632335448296,49.65452050943196,1,2026-08-25 06:31:44
2024-01-02 17:18:00,CNC-03,H,298.62116560269504,313.8873760323128,1930.9783215973218,39.96228879549746,262.5549996927443,3.7671154160454026,14.171937721791133,51.518621113804464,0,2026-08-25 06:31:44
2024-01-02 21:57:00,CNC-01,L,299.08108771051565,310.985053934096,2575.133323161147,15.822770307326618,80.5608723587142,3.0205109205207594,7.798632811579383,55.502669678265896,0,2026-08-25 06:31:44
2024-01-02 02:39:00,CNC-02,M,297.8309797497394,310.94366444036797,2740.8969723307196,18.172764181873337,217.74332901600206,4.039076914717595,9.20965383658099,53.109450131354066,0,2026-08-25 06:31:44
2024-01-02 04:36:00,CNC-01,L,296.29936720491304,310.7529125404531,2361.430340164905,30.269970011484126,143.98579218100983,3.273292879801551,13.149692752650719,59.58733914399682,0,2026-08-25 06:31:44
2024-01-02 16:09:00,CNC-01,L,298.6042357541641,312.80664784621996,1710.4391065066222,42.98946640238743,78.7332645470783,2.4018965932537846,13.5970259452418,54.73116226298243,0,2026-08-25 06:31:44
2024-01-02 00:01:00,CNC-02,M,298.80372664015744,310.0755968035951,2658.6476015549656,12.484288122906042,46.52359575218437,3.173222639388544,6.063936858398016,56.41621405275304,1,2026-08-25 06:31:44
2024-01-02 09:48:00,CNC-01,L,296.2378510073418,310.1386978394868,1367.986158212062,49.84445672997585,124.8194064716916,2.1315303694736873,12.485970016663995,59.80814660971692,0,2026-08-25 06:31:44
2024-01-02 02:38:00,CNC-01,L,297.7048482229642,309.9012617842338,2672.221556207799,19.76941667468727,5.56296114685386,3.1593405754500887,9.860262247026524,58.664040750762545,0,2026-08-25 06:31:44
2024-01-02 08:28:00,CNC-03,H,295.67145358091005,310.30084708860403,1674.2771034342409,41.819958738298354,201.49211973950406,2.912466359479059,13.101827855634749,61.28584436708391,0,2026-08-25 06:31:44
2024-01-02 03:12:00,CNC-03,H,297.5882856942635,309.9156905535685,2456.710143728562,20.20131460486654,40.92719853016412,2.868649408691066,9.534282862078161,57.33519989123879,0,2026-08-25 06:31:44
2024-01-02 02:14:00,CNC-01,L,297.6027620903207,310.901988254412,2594.2252652650545,20.670013321157374,177.46761076271824,3.658168019018134,9.87418222952952,56.498233098643645,0,2026-08-25 06:31:44
2024-01-02 19:25:00,CNC-01,L,298.8848079903429,312.3763554942116,2363.0869559726475,25.787231959042032,131.45836982893226,3.163623441943324,11.423193595273565,49.72646997090783,0,2026-08-25 06:31:44
2024-01-02 00:01:00,CNC-01,L,298.9499288974324,311.34440842631125,2757.332296863948,18.34414999865278,34.12638488290565,3.3721846018995145,9.443495861091826,54.909513078352276,0,2026-08-25 06:31:44
2024-01-02 21:17:00,CNC-01,L,299.28549359271614,311.4826689722233,2512.03104361426,19.23221511576322,36.392631850055146,3.0661147556978663,8.784448651401181,51.09109204035369,0,2026-08-25 06:31:44
2024-01-02 23:40:00,CNC-03,H,298.93601893093444,311.7589832388051,2825.3254731064667,17.626770328280703,176.1497275257593,3.64133700949616,9.468263711497015,52.89201574587643,0,2026-08-25 06:31:44
2024-01-02 04:20:00,CNC-03,H,297.4519845969396,311.14059880514213,2174.643874848965,29.816389921972696,84.74721504332254,2.8877757665542605,12.083681622725525,61.07232120802505,0,2026-08-25 06:31:44
2024-01-02 10:08:00,CNC-01,L,296.3786789449302,310.676397319672,1476.7512409487179,47.004953211671975,156.10931857598624,2.572158612804354,13.058435428570409,56.483439575470065,0,2026-08-25 06:31:44
2024-01-02 10:10:00,CNC-03,H,295.80723214408715,310.2239880155918,1383.636008764832,51.694336931312726,87.05837376101911,2.190395517905171,13.531088359814493,58.682316891985785,0,2026-08-25 06:31:44
2024-01-02 04:14:00,CNC-03,H,297.5729091303153,309.94097399841326,2401.8387704902234,20.528434545830315,77.45444389087285,3.002922164919908,9.271930098203317,53.75346410048391,0,2026-08-25 06:31:44
2024-01-02 21:49:00,CNC-03,H,299.43584187631694,311.91607862118656,2672.771080692655,18.7972569252455,57.019837224498914,3.191392637379731,9.613017755118845,47.82769382322684,0,2026-08-25 06:31:44
2024-01-02 18:07:00,CNC-03,H,26.283082758310172,40.44554874667688,1969.7770312314876,36.67931035316835,56.42408793021502,2.622597488177538,13.604166304387965,54.012537265018274,0,2026-08-25 06:31:44
2024-01-02 22:02:00,CNC-01,L,299.40654473664347,311.9577671361878,2778.4299982225753,17.699666261014478,86.01302082919088,32.82262562381074,9.169038944762812,54.565281229680004,0,2026-08-25 06:31:44
2024-01-02 08:41:00,CNC-03,H,295.7721239674492,310.74802573854146,1669.3844575336534,45.174527436881625,221.0583026507292,3.0436643977845215,13.67471296152281,56.9232806399999,0,2026-08-25 06:31:44
2024-01-02 12:55:00,CNC-03,H,297.1210719236423,311.6449137388284,1498.3470690492484,51.15169976679007,88.87295271159282,2.1081593368539875,14.405494472830995,53.47126547483901,0,2026-08-25 06:31:44
2024-01-02 01:16:00,CNC-02,M,298.51537941038646,311.0626021436371,2730.191944356155,17.43374135265758,126.68649726009338,3.4884322602357845,8.875734876476983,55.89283250073422,0,2026-08-25 06:31:44
2024-01-02 00:18:00,CNC-03,H,298.8421949722863,310.9800066227266,2687.237029442397,16.633789260189317,67.70098802747896,3.309622120013785,8.408430158084796,55.21496388622437,0,2026-08-25 06:31:44
2024-01-02 23:28:00,CNC-02,M,299.3212271808521,311.1904236368489,2685.479873627204,14.615934713174994,21.632387706355296,3.0522507015360545,7.293157968445991,58.07402039671673,0,2026-08-25 06:31:44
2024-01-02 17:17:00,CNC-02,M,298.7088781708955,313.1525033815205,1839.440331909793,41.84139435941352,44.715139963552716,2.435761555983978,14.304771233259913,57.50167033186885,0,2026-08-25 06:31:44
2024-01-02 07:05:00,CNC-02,M,23.013239560808415,37.5971669566668,1758.7311518622644,42.327444116336856,87.38311850206559,2.446813298583129,13.790456385210318,60.1874655722652,0,2026-08-25 06:31:44
2024-01-02 17:17:00,CNC-03,H,298.90951431014605,314.85669949015164,1911.1720317795434,45.3725059625545,261.1854794963834,3.682109357717616,16.044416678300742,55.299677867322806,1,2026-08-25 06:31:44
2024-01-02 06:14:00,CNC-03,H,296.60636587832795,309.6169454775893,2036.79902874183,29.47046751644929,10.713646015925402,25.20979150942465,11.099802416083715,56.68215929086721,0,2026-08-25 06:31:44
2024-01-02 01:41:00,CNC-02,M,298.4257734630524,311.76587370317134,2508.052972800615,22.31279288529847,153.53958708881228,3.4489004945154447,10.426421017335043,54.59944402009272,0,2026-08-25 06:31:44
2024-01-02 06:11:00,CNC-02,M,296.0868096421344,309.85027113399036,1948.3807738674088,35.24103570418406,13.352118454587147,2.617266178536018,12.633301150534406,57.02224008262164,0,2026-08-25 06:31:44
2024-01-02 01:45:00,CNC-02,M,298.18621169260075,311.43733735314004,2739.8813915539245,18.997513982662884,157.9041792041585,3.6205499665614806,9.893570036043462,54.84869439857009,0,2026-08-25 06:31:44
2024-01-02 18:58:00,CNC-03,H,25.99771193266082,38.82410011574552,2411.222895907412,21.670732673825743,122.35477682908886,3.1431008411428096,9.779146104168527,55.42066044777071,0,2026-08-25 06:31:44
2024-01-02 20:32:00,CNC-01,L,298.75562018634633,312.5031025697685,2367.817331746115,24.62376473885301,211.73217274910255,3.9529511349593704,10.90928770231062,52.73622559011187,0,2026-08-25 06:31:44
2024-01-02 07:21:00,CNC-03,H,22.604619160806124,36.33003293494767,1804.5526819728984,35.62330043702818,103.51062605817849,2.5310865968278624,11.969033169822126,61.5431490627149,0,2026-08-25 06:31:44
2024-01-02 21:46:00,CNC-03,H,299.40799972053736,311.8950060745999,2668.694422126938,19.378179637892455,53.6819963396473,3.23139066922597,9.746962789280204,56.883499311934756,0,2026-08-25 06:31:44
2024-01-02 05:38:00,CNC-03,H,296.6344692860751,310.9045910581111,2085.480475979204,32.63116364015781,183.73009456926505,3.081805516442114,12.745048536725518,57.21231418083495,0,2026-08-25 06:31:44
2024-01-02 01:47:00,CNC-02,M,298.4342350237264,312.1370947559058,2646.7228117514533,22.994597571055316,160.10115699458962,3.4688080785347037,11.637546282780967,51.18869861437988,0,2026-08-25 06:31:44
2024-01-02 03:06:00,CNC-02,M,297.44679219377,310.02675920219895,2583.203342420034,20.39612130757658,24.92385155477728,3.1792456801656552,9.6803481885862,56.12865190227084,0,2026-08-25 06:31:44
2024-01-02 20:17:00,CNC-02,M,299.1989486479999,312.0124699973183,2414.5564798366804,21.305201252726285,33.29926936716355,2.9053217374917084,9.886281616824629,53.80734890516185,0,2026-08-25 06:31:44
2024-01-02 12:56:00,CNC-02,M,297.09453932475776,311.40021445729514,1359.3814974719019,50.650149448784646,160.21768156174025,2.3572527667301886,12.775901733747462,55.018459063103364,0,2026-08-25 06:31:44
2024-01-02 18:40:00,CNC-03,H,26.29830524677834,40.08759220341676,2160.466232437109,29.157068555353938,99.41326827780715,2.8037861244778886,11.842063754561982,51.634615317332255,0,2026-08-25 06:31:44
2024-01-02 16:52:00,CNC-01,L,298.65403676250895,313.6001948853111,1881.1831233380317,42.00495807910811,140.37655477471782,2.5783832079546762,14.87094445587833,53.64383090487562,0,2026-08-25 06:31:44
2024-01-02 04:34:00,CNC-03,H,297.6359908932614,311.56430918057504,2178.290179061934,30.988290055386862,101.89925529308027,2.8827280373628645,12.449480469652904,56.61525898142359,0,2026-08-25 06:31:44
2024-01-02 18:27:00,CNC-03,H,26.32541007878814,39.72418595607763,2164.868080521187,28.03500026587722,82.68194639943488,2.702568355249365,11.223721289124308,51.01731863411376,0,2026-08-25 06:31:44
2024-01-02 08:42:00,CNC-03,H,295.8291825311935,310.6221056000538,1494.943285390473,47.577865140531635,222.5834280637284,2.8499673223895536,13.17316335353093,56.22402930951985,0,2026-08-25 06:31:44
2024-01-02 17:26:59,CNC-03,H,298.92849533712905,312.6004527309805,1993.5368068867547,35.01577945941729,1.3695348328276489,2.6349869557681327,12.794150374869655,57.429840882163816,0,2026-08-25 06:31:44
2024-01-02 13:05:00,CNC-02,M,297.0207706582208,311.5729255544941,1358.7442323333798,51.280293310889945,174.5277968585925,2.373494449161996,13.111084732748363,54.398589678260834,0,2026-08-25 06:31:44
2024-01-02 02:59:00,CNC-02,M,297.2473581683327,309.75322263959566,2409.1895964007163,21.129265996010815,17.061985282747923,2.951861227001331,9.609798833406707,54.92226045769038,0,2026-08-25 06:31:44
2024-01-02 00:10:00,CNC-02,M,299.11467091219004,310.1757791730673,2785.5424213332385,11.955213205885018,55.95862147235073,3.181422259743425,6.277004813402671,49.63950184658499,1,2026-08-25 06:31:44
2024-01-02 03:42:00,CNC-03,H,,310.11692418158077,2383.143068087173,22.514592961069106,39.569907721957385,2.97644615737187,10.136804942467789,55.730273078942126,0,2026-08-25 06:31:44
2024-01-02 12:44:00,CNC-03,H,296.94374277958275,310.7602923116964,1345.500828993494,49.02872834606789,71.47139291330821,2.1084229594785198,12.359645723680128,55.431740009088,0,2026-08-25 06:31:44
2024-01-02 13:49:00,CNC-03,H,,312.80021046958103,1484.0906104575026,53.647614806446924,173.7538837918738,2.43386451348345,15.259281870796302,57.19028571495318,0,2026-08-25 06:31:44
2024-01-02 00:00:00,CNC-02,M,298.90324908490544,310.99138296212664,2613.771825991255,16.66874442974246,45.46417943068565,3.26555528931001,8.33956058404179,55.50201910719447,0,2026-08-25 06:31:44
2024-01-02 09:30:19,CNC-02,M,296.13015651330784,310.1314425002653,1552.7990169563031,47.214669113281516,,2.122147424446576,13.485411700120164,57.672079375695795,0,2026-08-25 06:31:44
2024-01-02 07:55:00,CNC-01,L,28.163699500352152,37.12363634674114,1755.570767937737,44.23377129527039,186.5476414451911,2.9353498161163594,14.736474474347574,51.09238419186542,0,2026-08-25 06:31:44
2024-01-02 15:52:00,CNC-02,M,303.8255504601648,312.77376271565083,1774.580321072394,42.13334355222629,179.4002743156322,2.874422256832943,14.241377469846688,44.29732274847526,0,2026-08-25 06:31:44
2024-01-02 16:24:24,CNC-01,L,298.6730231279418,312.70380410872923,1673.3868578102279,40.65942646710279,101.88488605867036,2.3929991326520375,12.743749986790373,55.55764237142938,0,2026-08-25 06:31:44
2024-01-02 21:41:00,CNC-03,H,299.3653328638453,311.2370288095587,2751.7213258268043,15.328672078496288,48.29174830560217,3.275808229539635,8.044878012843423,56.274167504846176,0,2026-08-25 06:31:44
2024-01-02 01:37:00,CNC-02,M,298.2680875445648,310.3809519798128,2735.3352755921064,15.107757082575631,149.2263716484055,,7.906400461916055,51.69303075375831,0,2026-08-25 06:31:44
2024-01-02 06:42:00,CNC-01,L,295.996654154219,310.1621539007211,1995.8954162504247,36.05955003113763,83.42410736320173,26.625754165714902,13.378445957352145,59.474700399729485,0,2026-08-25 06:31:44
2024-01-02 07:58:00,CNC-01,L,28.317737766799212,37.474986062914695,1739.3485925073167,45.535594375162944,190.870305927798,3.122245532207568,14.910991451068432,50.710767940551385,0,2026-08-25 06:31:44
2024-01-02 02:54:00,CNC-03,H,297.6273914137703,311.88513726276784,2558.385356829655,25.353326604718116,237.90103448387265,3.9527430414587,11.868873504708818,59.13556303744022,0,2026-08-25 06:31:44
2024-01-02 23:54:00,CNC-02,M,299.2272753140523,311.3990210834736,2722.977814941785,14.965782571057392,49.13985066553437,31.144030723803983,7.686341358978656,52.14437124745709,0,2026-08-25 06:31:44
2024-01-02 05:34:00,CNC-02,M,296.3056452708841,310.41877796073214,2017.1948438854345,32.83692430175229,206.34866007760314,3.3471135589054124,12.404475402828721,61.92603789752943,0,2026-08-25 06:31:44
2024-01-02 12:20:00,CNC-02,M,296.97679477010325,310.95891785989056,1380.9466058655532,48.294411065029344,103.12548122185387,2.18886429724573,12.56267567650567,56.746361629299564,0,2026-08-25 06:31:44
2024-01-02 14:03:00,CNC-03,H,297.961477492076,312.4210469490161,1323.3285942659843,52.488173640582495,195.80097957490423,24.092412137459277,12.968640158666815,51.91194261557989,0,2026-08-25 06:31:44
2024-01-02 22:09:00,CNC-02,M,299.5709256920842,312.8474100986829,2638.8722723887954,19.036178044961325,160.0351178125616,3.3436059700257736,9.502603541059214,52.369010662987534,0,2026-08-25 06:31:44
2024-01-02 10:29:00,CNC-03,H,295.9198593723459,310.6568514521411,1438.8724993483202,50.91484040099358,116.94954658389182,2.125863446080291,13.725831503265796,57.82943132922716,0,2026-08-25 06:31:44
2024-01-02 04:20:00,CNC-02,M,296.8219988861551,310.5447208847211,2165.156636541387,28.804427995663858,112.6758007494488,2.9712109389701085,11.88071059704353,57.60441348943773,0,2026-08-25 06:31:44
2024-01-02 14:24:00,CNC-02,M,297.3725361349861,311.9668081950385,1541.8172440136852,47.670527432094545,46.58782118967491,2.18727424760374,14.040454043269895,56.483939188076896,0,2026-08-25 06:31:44
2024-01-02 11:03:00,CNC-01,L,296.4624412816292,310.655201953987,1464.462242692227,49.46983052376195,50.43436547796359,2.0665847987303403,13.638960795394196,63.2597717007544,0,2026-08-25 06:31:44
2024-01-02 16:37:00,CNC-01,L,298.26605106391696,312.85559671884096,1833.280831348751,40.89243908346596,119.15081939649497,2.6488533728932877,13.89222367600954,59.10335337026489,0,2026-08-25 06:31:44
2024-01-02 14:19:00,CNC-03,H,297.4887324096018,312.3205105697799,1365.1264616876713,53.33975488424453,220.7433353702911,2.763403172317809,13.717798305107259,,0,2026-08-25 06:31:44
2024-01-02 00:35:00,CNC-01,L,298.8194348140914,310.554748066031,2738.611375249124,13.813170851320525,70.21352219246378,3.3061878368772026,7.0680969366129975,53.45107699329,0,2026-08-25 06:31:44
2024-01-02 05:00:00,CNC-03,H,297.36290620537784,311.3266612514421,2302.745039920513,28.60479310173548,134.49078338889277,3.034024448625352,12.310518597672795,55.177860624656226,0,2026-08-25 06:31:44
2024-01-02 13:34:06,CNC-01,L,297.30713416720215,310.7876369243259,1378.2652789944725,46.67687318832872,79.22684861887119,2.1333415985737054,11.983991683940353,57.81026101545036,0,2026-08-25 06:31:44
2024-01-02 18:12:00,CNC-01,L,25.57872435039036,39.331755664874834,1985.8841976913852,35.479240479787514,38.500878560929905,2.663753633304001,13.512198635950053,52.780918361805824,0,2026-08-25 06:31:44
2024-01-02 19:29:00,CNC-02,M,298.99305001158405,313.3906932335278,2233.673118083642,27.943743138981727,216.6448638374178,3.68061043958911,11.653551808803387,51.193030718464534,0,2026-08-25 06:31:44
2024-01-02 08:26:00,CNC-01,L,301.59473197865555,309.57225227363875,1718.1404874738935,43.07174040221241,0.0,2.3803369555940646,13.631284090966156,43.84782136081167,0,2026-08-25 06:31:44
2024-01-02 19:43:54,CNC-01,L,299.14779658865115,313.7107223231104,2396.5839243377122,30.57439646323285,155.87396898648004,3.2488069340518178,13.708666555193735,52.94844675435235,0,2026-08-25 06:31:44
2024-01-02 10:34:00,CNC-01,L,296.35058208842673,309.5161952940869,1370.6668482946666,46.41561698147646,4.715177313642608,2.053013263609464,11.810467869109154,59.18827173059108,0,2026-08-25 06:31:44
2024-01-02 22:37:00,CNC-03,H,298.8604395275759,311.47478618374765,2635.4349032162477,17.83085127630243,109.07748000897774,3.213047258725692,8.799118352516315,57.899424795513866,0,2026-08-25 06:31:44
2024-01-02 21:03:00,CNC-03,H,299.28575868528725,311.3984249229945,2516.1410784381856,20.343147074200527,5.686543431123194,3.0686472316919455,9.456449125048168,51.793943404238696,0,2026-08-25 06:31:44
2024-01-02 20:18:00,CNC-03,H,299.56109705031173,314.0581794553124,2419.2548190058965,28.975406425361346,220.21887595741833,3.7255015491452546,13.040074988849769,49.59951292019199,0,2026-08-25 06:31:44
2024-01-02 06:07:00,CNC-03,H,296.34245299408366,309.95705166994543,2051.716624849727,33.18261732985047,1.3127785137174441,2.6977536489137095,12.75999372502713,59.133456015707175,0,2026-08-25 06:31:44
2024-01-02 15:53:00,CNC-02,M,303.9013532814762,312.79196679323115,1728.0517082195374,42.949223578764766,180.8487748814015,2.8698434948040132,13.923672989389283,45.343102019097664,0,2026-08-25 06:31:44
2024-01-02 12:06:02,CNC-02,M,296.41579742738435,310.57319465984386,1483.4593082179915,45.86414999423615,79.35713350467884,2.1331000819906536,12.860197343328702,57.21361533733139,0,2026-08-25 06:31:44
2024-01-02 19:35:00,CNC-03,H,299.4376779573871,313.27645436824895,2237.597318905876,27.696313440810847,168.41574301145045,3.1772772741352733,11.914129896950573,54.56908791893899,0,2026-08-25 06:31:44
2024-01-02 04:26:00,CNC-02,M,296.43406641550894,309.94466078219693,2404.293426338575,25.212627059561072,120.03936737170874,3.1266800867968536,11.367725214999139,58.10024965435101,0,2026-08-25 06:31:44
2024-01-02 21:23:00,CNC-03,H,298.952601860892,311.09279874295646,2627.121821018058,17.94033291232825,28.331442382754744,3.139080252247006,8.710327656606557,55.41473127177603,0,2026-08-25 06:31:44
2024-01-02 02:35:51,CNC-03,H,303.4295970468516,311.18409310179754,2489.411705721567,24.042360759873805,218.6753160677268,3.7527009096177113,11.0363556642837,42.13458633773247,0,2026-08-25 06:31:44
2024-01-02 23:34:00,CNC-02,M,299.38394306950045,311.06347609916384,2675.6987236602845,13.345493819998318,27.911757201948127,3.2496398411562457,6.694565914394077,54.809165239147184,0,2026-08-25 06:31:44
2024-01-02 23:45:00,CNC-01,L,298.1781834365137,311.4475530290143,2569.4930103364704,21.1425630965985,197.05851537192896,3.8244381853559832,10.30804687635738,55.66927378431824,0,2026-08-25 06:31:44
2024-01-02 18:33:00,CNC-02,M,25.794658314144158,39.143782717870806,2218.4834208880307,23.982403538465306,146.22583755127044,2.9676351892349344,9.932779632318194,,0,2026-08-25 06:31:44
2024-01-02 15:56:00,CNC-01,L,298.26939058668205,312.6224048067122,1606.618779393279,47.5116478112315,59.81718889724115,2.248057608533503,14.176796742794455,51.05429676298435,0,2026-08-25 06:31:44
2024-01-02 13:31:00,CNC-01,L,297.3801506186856,311.7437254033827,1452.0490385886776,51.115038483998035,74.45940277501717,2.1713348725716424,14.033717085014905,50.15200996743621,0,2026-08-25 06:31:44
2024-01-02 11:57:00,CNC-02,M,296.62886648311485,311.57306836209654,1402.5125919868726,56.5174519784127,66.72302276724493,2.0699033431401843,14.901779985764612,56.194437782671024,0,2026-08-25 06:31:44
2024-01-02 02:43:00,CNC-02,M,298.02507315569363,311.54644051493335,2647.3132932514495,20.15976522493192,222.28234198319785,4.006994201752551,9.959009972765909,0.0,0,2026-08-25 06:31:44
2024-01-02 19:03:00,CNC-01,L,25.820887002182133,40.1796663125059,2308.287956075596,29.976136202784243,104.17675193756823,2.958755829635903,12.955228369196394,54.622271552719944,0,2026-08-25 06:31:44
2024-01-02 08:02:00,CNC-02,M,295.9625792711296,310.6367975611248,1882.3652027955607,37.4069409927744,168.81159677322032,2.866561668655739,13.143420479540763,57.71165951302295,0,2026-08-25 06:31:44
2024-01-02 07:14:00,CNC-01,L,22.701987609549064,37.314572573068915,1798.5954455049998,40.295326384049936,127.88780284903284,2.6604794070274735,13.54723153886693,62.5647631432114,0,2026-08-25 06:31:44
2024-01-02 07:23:00,CNC-02,M,23.043713230067112,37.62003599234254,1728.4397447388662,42.0602153665987,112.87702838153514,23.56932262641513,13.613111270959768,60.29453301999379,0,2026-08-25 06:31:44
2024-01-02 12:54:00,CNC-03,H,296.80478140677786,311.0498736888488,1389.9616739934106,50.72323809295564,87.30687437801619,2.1065901422642015,13.250838078436868,58.90436773355103,0,2026-08-25 06:31:44
2024-01-02 00:13:00,CNC-02,M,299.2048208467877,311.45339325883714,2657.367964535816,17.465130017041023,59.2176252891164,3.0975909020267154,8.86049353031361,58.2121941083755,0,2026-08-25 06:31:44
2024-01-02 04:11:00,CNC-01,L,296.305095396239,310.2179099717729,2174.707995364523,30.558274871742707,113.48075314091665,2.9059334664729795,12.15493104149927,55.65657674853274,0,2026-08-25 06:31:44
2024-01-02 13:30:29,CNC-02,M,297.20724208341176,311.8810308349041,1334.7917549668864,51.36448672919,213.79019405895113,2.7746134950333246,12.849315483546617,55.904032085815665,0,2026-08-25 06:31:44
2024-01-02 10:50:00,CNC-02,M,296.3838219055034,311.229099250596,,52.58076926278312,167.08336462477908,2.433860733131743,14.008082556579591,64.36257848815882,0,2026-08-25 06:31:44
2024-01-02 13:24:00,CNC-03,H,297.40055094336424,312.36232769179827,1457.247888679068,52.89692768916524,134.68582535850487,2.26240764357117,14.467088103897153,54.88681045002454,0,2026-08-25 06:31:44
2024-01-02 17:20:00,CNC-02,M,298.44042750827293,312.72743982725007,1905.5543025941258,37.496352485802305,48.86828653311921,2.4489872122170624,13.353388895534676,52.70221824668872,0,2026-08-25 06:31:44
2024-01-02 19:01:00,CNC-01,L,25.863540481716313,39.48940337367395,2142.653794082283,29.70489691294644,101.71511956150404,2.8396905352457664,11.933528006558388,52.73641069107425,0,2026-08-25 06:31:44
2024-01-02 04:54:00,CNC-03,H,297.299679921933,311.15768353107933,2190.441566189814,30.48662056789653,126.83956225809675,2.922101396010965,12.41435565763998,56.514768890906275,0,2026-08-25 06:31:44
2024-01-02 23:57:00,CNC-01,L,298.4388683394014,311.6915207080803,2840.8880457031364,18.908531026519075,209.79605666127418,4.1039917736536635,10.328500486998946,54.3588313007161,0,2026-08-25 06:31:44
2024-01-02 02:34:00,CNC-02,M,297.8773385869135,312.51109111482464,,28.389377035759487,212.14673054163683,3.676616117114108,13.008924133555146,48.699818029672755,0,2026-08-25 06:31:44
2024-01-02 20:16:00,CNC-01,L,298.92651301723583,312.6028313667286,2463.508100863133,25.0647912740987,192.99652629123534,3.686707563681018,11.349803337037681,50.46323325857666,0,2026-08-25 06:31:44
2024-01-02 16:41:00,CNC-01,L,298.35138184874717,312.36588072056486,1584.8459528474693,42.5045265698047,124.90518752718879,2.3831982719985754,12.728875278109289,53.83467889895164,0,2026-08-25 06:31:44
2024-01-02 03:44:52,CNC-02,M,297.10994053247845,310.20184409442527,2399.7125595942875,24.42668584273475,71.76427476945054,3.04970224427639,11.180070908201731,54.240766710323925,0,2026-08-25 06:31:44
2024-01-02 23:02:00,CNC-02,M,299.6549603637844,312.89095391090655,2710.549234918346,16.365519991644227,216.96060921061078,4.220630201416043,8.410348968294048,51.46434303524661,0,2026-08-25 06:31:44
2024-01-02 12:55:27,CNC-01,L,297.6217488835066,311.34211629275035,1512.4459052179457,46.21776300122151,15.709705894764257,2.0835476802178303,13.097251348872078,58.382033453256966,0,2026-08-25 06:31:44
2024-01-02 23:40:00,CNC-01,L,298.5046645821862,310.96283117126575,87236.6957871981,14.872978341458213,191.67217205052157,4.134124545600721,8.006001022122936,50.87506272908746,0,2026-08-25 06:31:44
2024-01-02 00:22:51,CNC-03,H,298.8729472176271,310.7004208713174,2853.7931707678295,13.229257538016158,73.01883024676297,3.4037062700116003,6.985243633729169,50.74642396565458,0,2026-08-25 06:31:44
2024-01-02 05:15:21,CNC-01,L,296.3771741918029,311.4334042197249,1988.678242779101,38.581604403738716,192.74593850447013,3.2225794416042346,14.652266907253942,58.340526130509176,0,2026-08-25 06:31:44
2024-01-02 11:13:00,CNC-02,M,296.43316754751646,311.19418058511474,1398.0122148545843,49.71877533687805,203.43187181887149,2.7501635545512038,12.998999792240625,55.58555369269219,0,2026-08-25 06:31:44
2024-01-02 07:42:00,CNC-03,H,22.86453214808239,38.350769512875615,1771.0100790249448,47.74479043405393,133.68291468257553,2.580232436547044,15.69495400908942,,0,2026-08-25 06:31:44
2024-01-02 10:44:00,CNC-03,H,296.2122308503788,310.7424399509139,1376.208881280223,52.30264712647996,140.5629980713032,2.1840239533179884,13.495478285058839,62.21108126990831,0,2026-08-25 06:31:44
2024-01-02 01:44:00,CNC-01,L,297.7605024370691,310.8602847958729,2633.693808200088,19.577296193461283,144.42265244171753,3.463866931142834,9.56715969480303,55.83865687011274,0,2026-08-25 06:31:44
2024-01-02 00:34:00,CNC-02,M,298.6874369777311,310.85610998612765,0.0,16.932953531514798,81.42930032794511,3.314228500394427,8.43999811132888,53.76978150615662,0,2026-08-25 06:31:44
2024-01-02 03:27:00,CNC-03,H,297.4029849534282,309.18194327602055,2395.1000640335287,17.383123536781206,21.918315116479956,3.043262877324935,7.7602532630478205,59.53592778811059,0,2026-08-25 06:31:44
2024-01-02 07:24:00,CNC-03,H,23.009762793055984,37.30870195382806,1725.2874598961662,39.09803207083922,107.84401779632891,2.3597462415549413,12.839892479936054,55.00542138928293,0,2026-08-25 06:31:44
2024-01-02 16:41:00,CNC-03,H,298.6097915857544,313.8209289348293,1689.1723648078355,47.603090448518664,210.8037039061175,2.862307668697033,15.425549752270566,54.16388213631764,0,2026-08-25 06:31:44
2024-01-02 04:10:00,CNC-03,H,297.5877118777866,310.9371264589982,2417.4148296194694,25.283213150838485,661.2969175515702,3.0518973266952525,11.32412938800349,57.23371768822704,0,2026-08-25 06:31:44
2024-01-02 18:56:00,CNC-02,M,25.90330037079002,40.395609226091665,2204.9757147065197,31.264024617134098,175.58147554727506,3.3246550794850855,12.947873750061522,53.58893429298108,0,2026-08-25 06:31:44
2024-01-02 09:54:00,CNC-01,L,0.0,311.52459696464456,1499.68923124952,52.30001952479486,134.18008489909437,2.41099720557659,14.68891916162177,60.86564728245388,0,2026-08-25 06:31:44
2024-01-02 11:08:00,CNC-03,H,296.33822666372464,311.2631477828474,1424.834381658251,53.121509733880934,178.3957340102748,2.6208932076282467,14.238437066285341,57.04154417580451,0,2026-08-25 06:31:44
2024-01-02 05:19:00,CNC-01,L,296.2592593935599,310.6547304993519,2254.820777214417,30.380618591508767,197.953548169715,3.5378218751883637,12.751683276779413,57.520119616111,0,2026-08-25 06:31:44
2024-01-02 00:22:00,CNC-01,L,298.7951582160821,310.2488803203383,2765.355667334159,13.48700071519234,56.28711006105107,3.3244589123766892,6.898170384904817,54.03969652683313,0,2026-08-25 06:31:44
2024-01-02 06:42:00,CNC-02,M,295.8672560314099,309.7600001321252,1816.2364182623332,36.15939130402347,55.219446943408094,2.480037999381142,12.35576695507704,57.01333945040774,0,2026-08-25 06:31:44
2024-01-02 02:07:21,CNC-03,H,303.4613875596799,311.197319574824,2527.008160365805,0.0,185.27114796082165,3.5969545028846803,11.01012020588985,47.75733201822552,0,2026-08-25 06:31:44
2024-01-02 22:21:00,CNC-02,M,299.63683834034816,312.98868879937663,2523.7757814399993,19.639065096142716,173.12701733821154,3.458131683796545,9.305549946843065,50.609293130430686,0,2026-08-25 06:31:44
2024-01-02 04:59:00,CNC-01,L,296.4950895517624,310.3428927697276,2065.4770725955177,29.39525412777749,172.4116619381164,3.0372694897643395,11.305512436032236,54.58306434953249,0,2026-08-25 06:31:44
2024-01-02 05:07:00,CNC-02,M,296.4564537852639,310.7695443923124,2237.8583453796577,28.96565413500439,171.38635621655806,3.218711945425922,12.115792967642525,60.19650824809843,0,2026-08-25 06:31:44
2024-01-02 04:00:00,CNC-01,L,296.65219225027727,309.69282921969125,2490.022483019818,23.194435047895112,100.30694284388717,3.150293607865801,,61.32299580864298,0,2026-08-25 06:31:44
2024-01-02 20:37:00,CNC-01,L,298.89351378864103,312.32566655263895,2521.2837855870544,21.48923083671071,217.5531131278373,4.000357396480305,10.160620904124597,53.778190929445216,0,2026-08-25 06:31:44
2024-01-02 12:13:00,CNC-02,M,296.4370252699484,310.45480959109295,1304.8700159332725,50.47275978314808,92.02314339652519,2.0706989860103286,12.073343092183713,56.710163707605034,0,2026-08-25 06:31:44
2024-01-02 12:06:00,CNC-01,L,296.87674616834346,311.6416312781719,1353.8779362301036,54.44888417387775,150.42571888084512,2.3375701062259644,14.029406786421237,54.345621094057556,0,2026-08-25 06:31:44
2024-01-02 15:59:00,CNC-03,H,298.1389329877189,312.9995908583063,1742.8602710350185,43.349302414639176,150.2103822170301,2.609965990571884,14.356638563454569,59.15869783988912,0,2026-08-25 06:31:44
2024-01-02 13:36:00,CNC-02,M,297.42153704225024,312.3759975042753,1302.0282568435423,55.41095229407957,223.30874578422322,2.8262031699347325,13.55401665081042,60.11348319897251,1,2026-08-25 06:31:44
2024-01-02 17:09:00,CNC-02,M,298.43903200029735,312.95376412448377,1812.9765463157328,40.65038741387146,33.650272735182035,2.39973499036379,13.593737960843006,53.03440498751993,0,2026-08-25 06:31:44
2024-01-02 18:06:00,CNC-01,L,25.780723436236656,39.6461028943462,2053.5771825032925,34.0644534969246,30.54007976029031,2.6819777151336486,13.2013628337892,56.8189567728878,0,2026-08-25 06:31:44
2024-01-02 16:14:41,CNC-02,M,,313.2603962509592,1646.2619936019498,47.51835194043844,211.36528759033203,3.02444442402633,14.76823969861997,44.12141180846398,0,2026-08-25 06:31:44
2024-01-02 02:09:00,CNC-03,H,303.30831946826225,309.44358491261,2648.718005480449,15.213860671288053,187.45637953479894,3.5174905145907522,7.5148211342039435,45.10525554801193,0,2026-08-25 06:31:44
2024-01-02 12:40:00,CNC-02,M,296.6878301808353,311.3663354010379,1317.7527436071862,55.207818262097504,134.93373200335427,2.214062424251264,13.845279132202945,60.53752583131762,0,2026-08-25 06:31:44
2024-01-02 07:11:00,CNC-03,H,22.892782513904535,37.33415041748282,1825.5091918267908,39.221440998265614,89.32483578160874,2.3669254682985685,13.608089015973682,57.91352379039681,0,2026-08-25 06:31:44
2024-01-02 10:43:00,CNC-01,L,296.25382506432936,310.15692214457033,1310.9910261650489,54.04983448671056,18.849021394516306,2.0220223656747773,13.191513425158156,62.361873401332495,0,2026-08-25 06:31:44
2024-01-02 19:50:00,CNC-01,L,298.9307232710334,313.50547562620255,2168.827010537993,32.758030686162556,162.0654482490629,3.237743148579063,13.326370955296214,51.368833572030084,0,2026-08-25 06:31:44
2024-01-02 10:23:00,CNC-02,M,296.209703072636,310.86733671964924,1417.5121539659374,52.46832150170358,124.43431006957273,2.335742990100247,13.97054315615634,59.201617737983646,0,2026-08-25 06:31:44
2024-01-02 10:10:00,CNC-02,M,296.26963342315315,310.94219064170437,1482.5970946866928,50.852559183911815,104.02373677845532,2.238832306229896,14.100654958880371,59.263673686971096,0,2026-08-25 06:31:44
2024-01-02 19:42:00,CNC-03,H,299.42653868943717,312.955682379679,2285.391747053423,25.474964391224322,176.9705178576573,3.279590595726097,10.95152024684075,50.75937098545687,0,2026-08-25 06:31:44
2024-01-02 20:59:00,CNC-01,L,299.0010800228563,311.5868735865618,2377.5955295978397,22.94297048084965,16.050939163801587,29.17614506762223,10.29524414399129,54.12627193852911,0,2026-08-25 06:31:44
2024-01-02 18:09:00,CNC-01,L,26.004649611597017,39.795446053417265,1976.533417185378,33.09367486132019,34.5579517385323,2.585142534871762,11.993044018770298,54.07003565359259,0,2026-08-25 06:31:44
2024-01-02 00:45:00,CNC-01,L,298.4741549326371,310.44932229843334,2758.4571337850075,14.21016843466971,80.86522891209316,3.372564997172445,7.225538042066741,52.75255254988856,0,2026-08-25 06:31:44
2024-01-02 22:36:00,CNC-02,M,299.38031683675905,312.7337157217011,2597.238257789146,19.220737515556895,189.26754801004662,3.7187467713029796,9.073909955272306,50.97617269669289,0,2026-08-25 06:31:44
2024-01-02 07:32:00,CNC-03,H,22.294019500460422,37.05360951846069,1860.2832730208595,41.996379467729604,119.27462949503499,2.5919565315186985,14.351846735175066,58.653798597883444,0,2026-08-25 06:31:44
2024-01-02 02:56:00,CNC-03,H,297.5443926014595,311.39122327919256,2485.1022587817833,24.351181889935823,240.20816014471436,3.838160145625826,,58.50990766238594,0,2026-08-25 06:31:44
2024-01-02 19:31:00,CNC-01,L,299.0563546999172,312.5829923377179,2271.3702907117945,26.186212326415504,138.76628221137224,3.1519669809562143,11.31103759529091,58.365420836523285,0,2026-08-25 06:31:44
2024-01-02 09:00:00,CNC-02,M,296.00498251170427,311.545243039849,1564.2501650010638,51.11291481333815,255.13319868246276,35.17721548382025,14.795712335679221,52.951312327884544,1,2026-08-25 06:31:44
2024-01-02 08:04:00,CNC-03,H,295.7492688967863,310.5302693949979,1772.68892780395,43.35436025104245,165.86941352564685,2.719100153254244,14.360909107028927,56.66633511035002,0,2026-08-25 06:31:44
2024-01-02 20:54:00,CNC-03,H,299.7732525047308,314.46001307915236,2570.614874691374,26.79168126831919,261.9626255912948,4.216286582479118,12.931903763864938,,0,2026-08-25 06:31:44
2024-01-02 10:08:00,CNC-03,H,296.22609699194084,310.37496121292,1420.5518208765018,50.29683318116295,83.89907759677264,2.203003549726247,13.313138098693297,0.0,0,2026-08-25 06:31:44
2024-01-02 23:04:00,CNC-02,M,299.5010262772432,313.66899926136824,2711.1891263401376,21.93484219556996,219.11459828932547,4.1120937011667245,11.16548996302952,52.664155537602696,0,2026-08-25 06:31:44
2024-01-02 12:12:00,CNC-02,M,296.78109305268885,311.103323311775,1388.4415352292108,52.157603394800766,90.42314339652519,2.0135244676859334,13.56882293941178,54.34927981704601,0,2026-08-25 06:31:44
2024-01-02 21:43:00,CNC-03,H,299.37428021894107,311.7393216514989,2494.5663182455514,19.24894713120697,50.515697780618794,3.0756468996150437,8.848281941044535,53.768398801894705,0,2026-08-25 06:31:44
2024-01-02 04:16:00,CNC-03,H,297.6348875541738,310.5531846834587,2397.583482083313,23.183408959153866,79.78380147075008,30.025993680980154,10.45361143720434,55.31044386288688,0,2026-08-25 06:31:44
2024-01-02 01:56:00,CNC-03,H,303.69612013995254,310.6705061592152,2608.600886791173,19.620462565736542,173.0610953332514,3.475780295046418,9.570888140021383,46.47897686725268,0,2026-08-25 06:31:44
2024-01-02 22:48:00,CNC-03,H,,312.0648034307635,2628.662012579439,21.333343883542184,120.92473784522073,3.3027226543482784,10.27115192383273,51.648968861743015,0,2026-08-25 06:31:44
2024-01-02 08:56:00,CNC-02,M,295.8657070622859,310.97554373944445,1533.2485115832264,48.80120972473031,249.01588918613945,3.3939073530843715,13.938730200870447,56.78807738485345,1,2026-08-25 06:31:44
2024-01-02 23:09:00,CNC-03,H,298.7356366914898,310.965836962876,2769.6397990233777,15.721803026960131,143.24998976839527,3.458850395568456,8.239756837231244,54.59853524274472,0,2026-08-25 06:31:44
2024-01-02 13:32:00,CNC-03,H,297.48883757405116,311.95947334314064,1396.549961201946,52.62412998607869,147.21172669987476,2.277250528987245,13.758879666497121,57.5158285971509,0,2026-08-25 06:31:44
2024-01-02 22:14:00,CNC-02,M,,312.01580156588074,2801.6535885529725,15.847356693624192,165.4412517674152,3.655140224581482,8.28221381349402,57.26292710324037,0,2026-08-25 06:31:44
2024-01-02 21:59:00,CNC-01,L,298.90064365329573,311.09522904799815,2607.327385703098,17.587236434155184,82.79668781045042,3.1610549496964007,8.874558273278634,52.80954846759579,0,2026-08-25 06:31:44
2024-01-02 09:48:00,CNC-02,M,296.0262618659071,310.52542574165415,1423.5241134080593,51.23362685060808,69.43207841715402,2.1190879143366588,13.539810495930887,61.598339374998396,0,2026-08-25 06:31:44
2024-01-02 01:05:00,CNC-03,H,298.21432413024644,310.4210712408648,2693.7918809275425,16.464216787313816,117.87565926678543,3.331876535846684,8.356874966096369,60.26676302763951,0,2026-08-25 06:31:44
2024-01-02 22:46:00,CNC-03,H,298.8651078445243,311.7358504304232,2645.340863885416,19.466872091242497,118.7144054134959,3.421011154567616,9.769147255688925,53.26188789300542,0,2026-08-25 06:31:44
2024-01-02 14:58:00,CNC-01,L,298.2270428815492,313.27730830726324,1570.9931728417146,50.230799541841584,209.5434848777965,3.0818517208795266,15.01049721086833,58.323404243357444,0,2026-08-25 06:31:44
2024-01-02 15:35:00,CNC-03,H,297.7038764519518,312.2084319645014,1734.6525480745777,41.52879864667942,114.51215566250013,2.441889507811532,13.144548357545418,56.3714167300787,0,2026-08-25 06:31:44
2024-01-02 11:02:00,CNC-03,H,296.28386918579,311.0637677554283,1417.2845638050158,53.27172862166374,,2.359251054848705,14.25552257640749,58.86572374475938,0,2026-08-25 06:31:44
2024-01-02 23:13:00,CNC-01,L,298.80463635922484,310.90819104010615,2575.266051049258,16.288253736266775,162.9922880980976,3.4982611870818823,7.7534527144814644,53.095649545893004,0,2026-08-25 06:31:44
2024-01-02 06:01:00,CNC-01,L,295.97927371743225,308.9569241020122,2066.1466171402394,27.805936410099157,27.79423516799305,2.7551428820929633,10.843220982409683,54.80281086938708,0,2026-08-25 06:31:44
2024-01-02 00:30:00,CNC-02,M,298.84475134226386,311.01305112934335,2583.447560908676,17.71152658424728,77.2205647954402,3.276670920049067,8.458460750826992,50.749231758347136,0,2026-08-25 06:31:44
2024-01-02 06:06:00,CNC-03,H,296.6301748243909,310.3119098358189,1863.4831634160935,36.62411078425222,0.0,2.4424626673587984,12.78298069310974,57.2554307963039,0,2026-08-25 06:31:44
2024-01-02 03:52:00,CNC-01,L,296.56796782891126,309.73136078818203,2240.4609030973834,26.103224985026692,90.86415223774654,2.9151777149787277,11.020122388163452,59.893553798360394,0,2026-08-25 06:31:44
2024-01-02 12:59:00,CNC-01,L,297.59685375512163,311.4892623831369,1353.3945782443477,51.59449552645964,23.67585609252173,1.9711839196978618,13.215494915372544,60.070980194585154,0,2026-08-25 06:31:44
2024-01-02 19:48:00,CNC-02,M,299.23547009212837,313.89985761462106,2270.4430927826015,29.00534717599526,239.61128269165616,3.961294343224769,12.517971417775403,54.45820750228313,0,2026-08-25 06:31:44
2024-01-02 12:24:00,CNC-03,H,296.9435446780074,310.99306175854,1438.053293261194,50.02221819277455,39.68086168823143,2.0902243298596064,13.34062361016235,59.3981755659627,0,2026-08-25 06:31:44
2024-01-02 23:32:00,CNC-03,H,298.65477161834264,310.92074016330275,2715.0446089852217,15.50021737313368,167.6207809288912,3.5299305225971467,7.636576994743337,54.308096390740936,0,2026-08-25 06:31:44
2024-01-02 22:16:00,CNC-02,M,299.5792817888414,313.1436411614746,2604.0061766292038,20.336608479764998,167.66377579598137,3.569773726757261,9.980355990441307,51.60263995827648,0,2026-08-25 06:31:44
2024-01-02 10:22:00,CNC-02,M,296.2945392131407,310.89089090511266,1381.5372073509436,52.00514800994112,122.8755614943266,2.064974174966872,13.299429166692489,61.19587855432064,0,2026-08-25 06:31:44
2024-01-02 08:19:00,CNC-03,H,295.5473646621941,310.21729404748925,1468.067773154705,48.84810580838349,188.173024222612,2.484617095061202,13.414250278927492,56.734400182949365,0,2026-08-25 06:31:44
2024-01-02 02:59:00,CNC-01,L,297.3801836601395,310.1961321890863,2398.655410486152,23.62081189434828,29.342200447205155,3.044395919002993,10.565688864527573,54.48053766188163,0,2026-08-25 06:31:44
2024-01-02 12:38:00,CNC-01,L,297.35574435963514,312.21596604753836,1327.2422334966896,57.095463982995376,201.3010413796882,2.794137230818157,14.133708057740677,57.08543982754885,1,2026-08-25 06:31:44
2024-01-02 20:28:00,CNC-01,L,299.1651938757968,312.01479356576584,2473.6016371256705,20.625983597335935,207.06441822859992,3.876435456764956,9.606823279835497,52.5108023780939,0,2026-08-25 06:31:44
2024-01-02 06:20:00,CNC-02,M,296.25237982901564,,1971.0798162516633,35.09658898216205,25.402601448530817,2.5106480988657385,12.978577289300704,,0,2026-08-25 06:31:44
2024-01-02 02:09:00,CNC-02,M,298.2333694205552,310.8948824707345,2604.8733416190244,17.12735254517103,184.26298618617224,3.5844812233804015,8.367058241454533,54.79339322278027,0,2026-08-25 06:31:44
2024-01-02 17:05:56,CNC-03,H,299.04731146484903,314.67638687442303,1975.8388958260446,41.82898117757407,244.4364610364425,35.16360204030938,15.661384438183024,48.84450693407995,0,2026-08-25 06:31:44
2024-01-02 09:41:00,CNC-03,H,296.19974160816184,310.2799556088649,1587.4615123004896,45.861146744865565,41.75953972980921,2.2690569534530374,13.769393484251465,55.564212840428944,0,2026-08-25 06:31:44
2024-01-02 01:13:00,CNC-01,L,298.2695473811181,310.59217775212073,2677.511415074099,16.910284844080408,110.87811192133815,3.3318416765467043,8.128499962485469,57.3843536783635,0,2026-08-25 06:31:44
2024-01-02 09:53:00,CNC-01,L,296.10576272936663,309.8275104195613,1309.4908251448983,49.60462574792309,132.6374838235807,22.20927500814393,12.039479295642074,61.82792777651165,0,2026-08-25 06:31:44
2024-01-02 12:44:00,CNC-01,L,297.41803172684445,311.17101774157845,1565.8495644069458,44.73540031392451,0.0,2.258443480687178,13.275568715171532,59.40921080525708,0,2026-08-25 06:31:44
2024-01-02 00:08:00,CNC-03,H,298.85252558479544,310.80028341371224,2737.6742472941096,15.792194287408245,57.12059064445101,3.30361730585559,8.021468017729292,50.777224143011544,0,2026-08-25 06:31:44
2024-01-02 05:20:00,CNC-03,H,296.80286571481065,311.27119861593803,2068.4057452045845,33.326492100655805,160.19698989415147,3.0300155840498606,12.843615624589274,57.65564274298469,0,2026-08-25 06:31:44
2024-01-02 15:57:00,CNC-02,M,303.667855665208,313.2624484879313,1971.3924257327633,40.34657478469773,186.703425811988,3.0334935323522574,14.963228824612576,44.37473902296166,0,2026-08-25 06:31:44
2024-01-02 01:01:00,CNC-03,H,298.4519385385066,310.4753013093028,2628.243128447149,16.216864596627502,113.59537370120694,3.2067267281337126,7.8099036151918915,55.128154600135545,0,2026-08-25 06:31:44
2024-01-02 21:29:00,CNC-01,L,299.16703996511654,311.59289846484376,2543.9317023844224,19.820674136434633,49.8240009025846,3.133251028106435,9.43718851786865,57.50360702551834,0,2026-08-25 06:31:44
2024-01-02 13:44:00,CNC-01,L,297.54001873648093,311.85793392850553,1538.509030448061,46.16993811435442,94.87474942851632,2.3930236957836923,13.080911634429636,53.26675171973006,0,2026-08-25 06:31:44
2024-01-02 15:57:00,CNC-03,H,298.3306585624411,312.5342123839004,1725.4665202503459,40.96306126578106,147.3341498866743,2.540505838905409,12.991542836490519,55.492718260184105,0,2026-08-25 06:31:44
2024-01-02 09:43:00,CNC-02,M,296.1376227884006,310.099977327664,1359.0297083312971,51.89236973813788,61.64355406480858,1.9305802189452954,13.418873701277656,55.81311977504137,0,2026-08-25 06:31:44
2024-01-02 18:07:00,CNC-01,L,25.673961390043587,39.96430817830071,1971.9049332883312,37.727035341190046,31.920849982747736,2.5894888785661005,13.8838820119965,49.262424916266205,0,2026-08-25 06:31:44
2024-01-02 05:51:02,CNC-01,L,295.9497754035315,309.48490835595436,2129.6762229699243,32.21563250504808,14.405544832747733,2.5948918611999794,12.930203126986887,59.81640920915666,0,2026-08-25 06:31:44
2024-01-02 06:57:00,CNC-03,H,22.862767216490113,36.474273861649806,1663.5166892024727,38.96278885515522,69.54805875791057,2.293262574061411,12.243924824332971,59.1363694854536,0,2026-08-25 06:31:44
2024-01-02 23:26:45,CNC-03,H,298.6059475996393,310.7586805158456,2758.2997824815,14.060375498509647,163.38194348239753,3.491147676182881,7.221462029767278,56.18111568807601,0,2026-08-25 06:31:44
2024-01-02 15:57:00,CNC-01,L,298.44997703968346,312.37037248047346,1793.6550096824171,38.85065115186364,61.22338472857075,2.4544523823997935,13.01272954706306,53.75814728068954,0,2026-08-25 06:31:44
2024-01-02 14:08:00,CNC-01,L,297.5793351327646,311.80097081840273,1397.9031310332953,51.58986208571256,132.6255287240967,22.496766703672794,13.738535316138547,56.02076122465266,0,2026-08-25 06:31:44
2024-01-02 08:06:00,CNC-03,H,295.96966134408115,310.3161251352651,1573.1578876455833,44.9786165635324,168.7975755068907,2.454326764721826,13.356136315597066,63.371141334138585,0,2026-08-25 06:31:44
2024-01-02 06:54:00,CNC-02,M,296.12353597848386,310.6330346493483,1923.619585378408,40.26332879220894,71.82166363187169,2.619350800261402,14.286002888359771,55.797316662984855,0,2026-08-25 06:31:44
2024-01-02 15:14:00,CNC-01,L,298.34379178200555,313.86447449015037,1532.2806450428307,50.950226961278986,233.7020340775261,3.386208537671747,14.768091172944636,53.72247607997229,1,2026-08-25 06:31:44
2024-01-02 01:48:00,CNC-01,L,297.86046659108325,311.2501197589533,2525.820292524143,22.952046353984013,148.84471744763243,33.71269170828932,10.839798807333134,57.83058090353494,0,2026-08-25 06:31:44
2024-01-02 01:46:00,CNC-01,L,297.6459810146011,310.812260395779,2543.4441798849593,20.911911641429473,146.6143521269927,3.402674122098924,9.818840991502638,55.53771899235814,0,2026-08-25 06:31:44
2024-01-02 11:22:00,CNC-02,M,296.2847505519533,310.20482180718636,1286.6281989331771,52.744880082775985,11.086173252285661,1.916386504598793,12.816938538800294,57.05028325412798,0,2026-08-25 06:31:44
2024-01-02 15:09:00,CNC-01,L,298.10697293961056,313.9724816613936,1676.9041526510632,51.34133856238097,226.1797893475723,3.488907796892778,16.33752335691061,55.57928295401371,1,2026-08-25 06:31:44
2024-01-02 12:17:00,CNC-02,M,297.0062972172033,311.23801556827914,1464.9591132356127,47.393185141831644,98.33937484945017,2.128487587316644,12.544088217152048,59.18154683348919,0,2026-08-25 06:31:44
2024-01-02 08:36:00,CNC-03,H,296.01198252147213,311.67506983634524,1580.4147940538828,53.91564510797118,213.55977118036319,2.8171257878190734,15.826948241478686,55.88270420936669,0,2026-08-25 06:31:44
2024-01-02 04:29:00,CNC-01,L,296.1378406321302,309.3644292318335,2443.378829991677,22.779131935194346,135.34254391162688,3.2209020200000626,10.297544684902274,58.307307088604865,0,2026-08-25 06:31:44
2024-01-02 06:15:00,CNC-01,L,295.9750544348027,309.81772315417277,1914.8235095256096,36.40042300635412,46.554180501907375,32.888563105564465,12.891560551474997,58.64553818647638,0,2026-08-25 06:31:44
2024-01-02 22:47:00,CNC-03,H,299.15002759596456,311.58622490261894,2556.9119554604013,17.778878073019314,119.83137126366694,3.109174534166929,8.689818413752104,52.855765456598384,0,2026-08-25 06:31:44
2024-01-02 12:45:00,CNC-01,L,297.3251579158551,311.2390214060176,1459.2661839996913,48.43856072006041,1.559611343721611,2.060595755500019,12.943140330019531,57.62673959904071,0,2026-08-25 06:31:44
2024-01-02 20:46:00,CNC-03,H,299.68285216754924,314.10737501103125,2515.5049538392695,25.160856106946852,252.87967371754561,4.111322305919082,11.947385565940339,50.85693954319681,0,2026-08-25 06:31:44
2024-01-02 12:52:00,CNC-01,L,297.60557317429436,311.14959491058613,1400.1229624236169,45.5925638733378,12.576421955302513,2.0729449713032775,11.999570600789252,53.876264438090836,0,2026-08-25 06:31:44
2024-01-02 01:40:00,CNC-03,H,298.2562086557991,311.34064616455834,2623.9344484454073,19.469039501072427,155.5772697942413,3.3640100947941978,9.536519987228154,55.112018899901926,0,2026-08-25 06:31:44
2024-01-02 22:38:00,CNC-01,L,299.1167200356409,311.2397849347357,2605.7261842011894,16.035754704173492,125.53190117684963,3.3719473938199775,7.76304773282761,53.92834888295453,0,2026-08-25 06:31:44
2024-01-02 12:52:00,CNC-03,H,297.35197434856167,311.54077518381416,1372.1415302279204,50.480883034271926,84.13193851743213,2.085318702623811,13.208902098375267,52.99364504153969,0,2026-08-25 06:31:44
2024-01-02 01:40:00,CNC-01,L,298.19708648914667,311.78519184688554,2534.3942268480505,23.116714245580727,140.1052994445697,3.295562168061765,10.74731681611787,53.257760567236915,0,2026-08-25 06:31:44
2024-01-02 10:19:00,CNC-03,H,295.84603461160987,310.11896253781697,1433.0705755607535,51.06843774637551,101.16898236878343,2.086003465401529,13.657668916318492,58.31047824867689,0,2026-08-25 06:31:44
2024-01-02 11:25:00,CNC-01,L,296.6298304040339,311.31637939226783,1398.2370370803367,55.081966650618426,85.3225815179654,2.1401125113604627,14.467110423768169,58.58089894809996,0,2026-08-25 06:31:44
2024-01-02 04:35:16,CNC-01,L,296.3619951622031,310.7128827639722,2204.719887797768,31.979405983026716,141.58180089738224,3.124719376352466,13.17118859467016,57.90436207508593,0,2026-08-25 06:31:44
2024-01-02 15:32:00,CNC-01,L,298.4996984371663,312.4356588339604,1587.1521026398934,45.937300614102725,24.083600182510363,2.2856796350543016,13.814147530491518,55.6413259424494,0,2026-08-25 06:31:44
2024-01-02 18:19:00,CNC-02,M,25.721478217256674,40.092677726730244,2102.8249950895124,32.24597265542817,128.0589169408334,2.845920952618539,12.728873144201298,52.12733960764427,0,2026-08-25 06:31:44
2024-01-02 09:38:00,CNC-03,H,296.11919325654446,309.877259822941,1529.0760183392497,45.048680087413345,37.11069568572798,2.096671519227727,12.759484702622817,62.424549400952856,0,2026-08-25 06:31:44
2024-01-02 23:11:00,CNC-01,L,298.98277791167175,311.6112464157181,2648.9799890702816,17.38547753250413,160.84555866768613,3.537180159402258,8.606299611831993,50.51800911299647,0,2026-08-25 06:31:44
2024-01-02 19:33:00,CNC-02,M,298.93505379214554,313.72989678401524,2321.3840321573184,30.123782759167664,221.53465108968203,3.7622621598193056,12.730927288037504,51.24766216500826,0,2026-08-25 06:31:44
2024-01-02 17:01:00,CNC-01,L,298.92937842064936,313.7186748662134,0.0,39.248072739522904,152.7790907971629,2.8198076755332613,14.123444086144188,51.61996214377179,0,2026-08-25 06:31:44
2024-01-02 16:42:00,CNC-03,H,298.88352341553565,313.49154805668064,1841.9230112526175,38.03842735457216,212.2088231881602,3.0736089949542853,13.363561477269071,56.39543688078326,0,2026-08-25 06:31:44
2024-01-02 14:00:00,CNC-01,L,297.66702971542816,312.30555201573276,1452.9290678102066,52.107910431878366,120.08887674208813,2.2205322410990065,14.250465633139612,57.396048818627584,0,2026-08-25 06:31:44
2024-01-02 09:59:00,CNC-02,M,295.82999460936736,310.2569457412288,1459.2856722572405,50.41033880938761,86.67741784537115,2.2082735111090583,14.075284353076393,62.80532992013377,0,2026-08-25 06:31:44
2024-01-02 18:50:00,CNC-01,L,25.883666285952984,39.37561645202567,2361.525005488331,25.221300394377,87.71271428199744,29.099588023041676,11.160678773295665,55.83795566428651,0,2026-08-25 06:31:44
2024-01-02 06:39:00,CNC-02,M,295.95928712079854,310.1455066854409,1934.5146086860807,37.12415962543697,51.10374723039941,2.575867303350362,13.54503027440051,62.58301980953649,0,2026-08-25 06:31:44
2024-01-02 11:07:00,CNC-01,L,296.38524116643276,310.1052775865949,1261.6656942212126,51.993730274340784,56.82498273780454,1.9945469215160005,12.41530005674834,57.75653335713127,0,2026-08-25 06:31:44
2024-01-02 16:31:00,CNC-03,H,298.5090965514115,313.96374201012543,1727.3988653327165,45.91688934004493,196.42563431477492,2.7942504071493435,14.620309944327122,54.08189475838362,0,2026-08-25 06:31:44
2024-01-02 22:28:00,CNC-02,M,299.1461941004599,313.17226851848244,2690.3779230595,21.61491119398181,180.7511111358197,3.6957792117704087,10.753861084512602,49.12089254646209,0,2026-08-25 06:31:44
2024-01-02 14:59:46,CNC-03,H,297.8282047606482,311.8158184603381,1471.3611941506272,48.62845709328287,61.7892161219966,2.185275657386128,13.381706579482088,52.99716905854798,0,2026-08-25 06:31:44
2024-01-02 03:31:00,CNC-02,M,297.4015805958995,309.79388212834453,2331.2334623707175,20.35244440686935,54.028114702034664,3.009973965519001,8.767529665405464,54.37227286995593,0,2026-08-25 06:31:44
2024-01-02 20:24:00,CNC-01,L,298.9389207026512,313.288996813815,2361.248879651841,28.71736858960123,202.4042591746027,3.7239631818277266,12.581314515362102,49.85567750620679,0,2026-08-25 06:31:44
2024-01-02 03:26:00,CNC-01,L,296.88777799435655,309.6815689965333,2423.8130538607215,23.392011790633312,60.46679419516955,2.9605422777186003,11.004992609355224,59.767007142777096,0,2026-08-25 06:31:44
2024-01-02 02:31:00,CNC-01,L,297.68399556843616,311.746326211391,2692.38096652043,23.594892089446727,196.22897755346472,3.9878997560226104,11.780396789221562,58.47895891051532,0,2026-08-25 06:31:44
2024-01-02 17:23:00,CNC-01,L,298.7397547904665,313.6613928137463,2030.7447235494055,36.218840587683474,183.1018889189691,3.135402751576088,14.046116458090196,48.77636599465583,0,2026-08-25 06:31:44
2024-01-02 17:17:09,CNC-01,L,298.41386602461847,312.7542786462234,1817.48051359854,,173.51773730898176,2.9112750197887407,13.092761475612464,51.590990582190685,0,2026-08-25 06:31:44
2024-01-02 02:11:00,CNC-01,L,297.6492197329505,311.2417092462781,2655.5606912606627,21.802835761662838,174.13072068611865,3.7997573430387477,10.629771286569268,58.810725435808074,0,2026-08-25 06:31:44
2024-01-02 13:37:00,CNC-01,L,297.5481308233067,311.96894614171646,1648.081336636858,45.69694874579432,83.90955725245004,2.385707248940237,14.163686345746552,60.50134732501896,0,2026-08-25 06:31:44
2024-01-02 22:52:00,CNC-01,L,298.5976772247522,311.23952722711385,2737.645012952263,17.156374437675048,140.62259882981047,3.500860188741271,8.730061093843737,53.10047722198666,0,2026-08-25 06:31:44
2024-01-02 01:51:00,CNC-02,M,298.09347791026966,310.4053224596722,2766.248826124668,15.743088642783885,164.37870662291,3.6072869384758475,8.15509490890966,56.01018081660271,0,2026-08-25 06:31:44
2024-01-02 09:42:00,CNC-02,M,296.15427677873083,310.61703357630284,1471.118153042594,49.82460505611742,60.04355406480858,2.193151597266558,13.78690635300537,52.80079842080399,0,2026-08-25 06:31:44
2024-01-02 15:41:00,CNC-01,L,298.42501541835856,312.424276535528,1589.410464059809,44.74847939532017,37.58882207011693,2.105779848037892,13.341500452404764,52.71893482112211,0,2026-08-25 06:31:44
2024-01-02 23:10:00,CNC-03,H,298.914840496003,310.7834581448903,2642.7519170523924,14.554355643775523,144.30089172752855,,7.185418956746669,52.650513495928124,0,2026-08-25 06:31:44
2024-01-02 00:39:18,CNC-02,M,298.51362379825605,310.77453732522,2704.91651800929,15.632755256346133,87.80567461726768,3.273451066616719,7.938361729376746,52.360070162636156,0,2026-08-25 06:31:44
2024-01-02 04:12:00,CNC-03,H,297.643135357073,310.99038182259005,2388.330990979238,26.163822871676764,75.04294428703442,3.001909137987135,11.70830936428104,57.52934750157488,0,2026-08-25 06:31:44
2024-01-02 09:17:00,CNC-03,H,296.02485439892064,309.664957690473,1470.4304505548391,47.172099422031096,4.632809402934116,2.0440997487340433,13.085696137015525,51.093704275514156,0,2026-08-25 06:31:44
2024-01-02 09:19:29,CNC-01,L,295.9575410617298,310.5075390828881,1535.4082072641093,48.932713949227626,80.05927308378318,2.3614226516223695,13.837365119458813,62.89369014334618,0,2026-08-25 06:31:44
2024-01-02 04:03:00,CNC-02,M,297.0529364856267,310.19350562339844,2246.839714150786,25.381353426547058,92.12415359830788,2.8733537717443243,10.569983292902089,57.11023307246193,0,2026-08-25 06:31:44
2024-01-02 14:30:00,CNC-02,M,297.4912519680053,311.51697206023425,1442.490881313365,45.68279625181273,55.822046229086986,2.1288185800252863,12.418832744584817,57.717556353912265,0,2026-08-25 06:31:44
2024-01-02 08:11:00,CNC-01,L,301.4721437457178,311.3343685524214,1714.216230500628,49.598960000396666,,3.375616986901977,15.521671342075516,49.42497504781012,0,2026-08-25 06:31:44
2024-01-02 02:25:00,CNC-03,H,303.4138833946686,310.3384338301399,2694.424327852801,18.444960078546956,205.20658834853967,3.8612661562719777,9.364404619064084,51.97426049552548,0,2026-08-25 06:31:44
2024-01-02 03:25:00,CNC-02,M,297.4882674209182,310.6581639185508,2191.498981326556,27.330824123891563,46.972850302267894,2.872134307104586,11.41280367713975,51.23871106620501,0,2026-08-25 06:31:44
2024-01-02 05:51:00,CNC-03,H,296.7092716502443,310.8619572116161,2145.7718096067742,29.76159800128519,200.78046697869826,3.3517899905672,11.741405517876363,55.14932980209455,0,2026-08-25 06:31:44
2024-01-02 12:29:00,CNC-03,H,296.72889427800675,310.1398542213947,1340.4714071224196,48.09325652389583,47.61011484896039,2.0541922363111667,11.890202200597493,57.49919393825166,0,2026-08-25 06:31:44
2024-01-02 07:16:00,CNC-01,L,22.98502747901034,36.838433163816205,1769.7405172204506,37.61352420654186,130.71915713538388,2.55174051684897,12.365375670846596,61.96937225468149,0,2026-08-25 06:31:44
2024-01-02 03:57:00,CNC-01,L,296.5422509028248,309.8921598674418,2501.723819598495,24.486731350334303,96.79330571413409,3.1259674474936627,11.678630119960836,59.451895481993496,0,2026-08-25 06:31:44
2024-01-02 18:08:00,CNC-01,L,25.87661776604432,39.878360883664016,2217.957231542022,32.20708096648349,33.211204664886615,2.7600045128720025,13.13976188723495,51.93573216497975,0,2026-08-25 06:31:44
2024-01-02 23:18:00,CNC-01,L,298.71180121797954,310.43679485344103,2807.208133477152,11.671933143686823,168.2443549931169,3.7852483158470984,6.365546477111823,49.17903245057584,1,2026-08-25 06:31:44
2024-01-02 08:52:00,CNC-01,L,301.339602756257,309.74304834093795,1622.9045165844402,46.45314433954345,39.09545938271945,21.932288547443072,14.331987690973193,44.21832695021484,0,2026-08-25 06:31:44
2024-01-02 21:19:00,CNC-02,M,299.29841759054375,312.65074991553064,2468.7194944644,21.376159248336997,104.35316919799371,3.0940977753775485,10.246628449325131,53.05657225673649,0,2026-08-25 06:31:44
2024-01-02 00:03:00,CNC-02,M,298.99534427980495,311.019512173392,2787.3160301876865,16.091529664786762,48.63797578960762,3.362880463192467,8.45190156091691,59.41017467869362,0,2026-08-25 06:31:44
2024-01-02 16:19:00,CNC-01,L,298.6209272054781,312.94911326205306,1862.0402287748911,38.78903048173674,93.22170542983484,2.5070484522592356,13.524308420072673,52.697463382812025,0,2026-08-25 06:31:44
2024-01-02 15:21:00,CNC-01,L,298.3314874438677,313.08445389303705,1726.727798559786,46.5395354951274,7.458786884210427,2.408542939623932,15.053827067171763,53.52413066487718,0,2026-08-25 06:31:44
2024-01-02 18:13:00,CNC-02,M,25.567285319571454,40.018266760716244,2006.8945036978369,35.63310910224716,120.12622078261003,2.782945637364975,13.729007744170156,50.57193187314156,0,2026-08-25 06:31:44
2024-01-02 00:27:00,CNC-02,M,298.9000622414693,310.6473641721899,2751.935788891147,13.828260535033875,74.05281035038796,3.277580494204482,7.279473655602978,52.46068538943032,0,2026-08-25 06:31:44
2024-01-02 20:43:00,CNC-02,M,299.3131100858301,312.5944080636615,2517.3319528989973,21.684654948791195,63.596065165531044,3.1163382150289256,10.03445284780265,53.53656913880638,0,2026-08-25 06:31:44
2024-01-02 01:33:00,CNC-02,M,298.4026673780864,310.99547438483444,2777.3242954171337,16.724783939407253,144.94713126657308,3.560806605047388,8.595944564504352,52.72219805067831,0,2026-08-25 06:31:44
2024-01-02 08:18:00,CNC-03,H,295.75513563946305,310.3532463006797,1570.3941391295766,46.18912101819888,186.6663716394286,2.469132592942123,13.843628729009732,62.6161846162932,0,2026-08-25 06:31:44
2024-01-02 06:29:00,CNC-01,L,295.8332081305467,309.2616347126874,2013.3233487918362,31.40699944264766,65.57555736044505,2.6846937591866378,11.86211272171987,56.40550548104732,0,2026-08-25 06:31:44
2024-01-02 07:10:00,CNC-01,L,22.95010060068165,37.83438419259147,1886.4184176521271,42.27288677788961,122.26567738257293,2.6914797237873547,14.950860281415407,62.74144374802996,0,2026-08-25 06:31:44
2024-01-02 21:20:00,CNC-03,H,299.1383666511219,311.1796164036235,2576.0436344345217,17.39031273200267,24.92019540022083,3.115663471912648,8.615692805530824,53.70359167838282,0,2026-08-25 06:31:44
2024-01-02 17:27:00,CNC-02,M,298.54174164152516,312.9885146072092,1965.4450294284504,36.08791268566001,58.3874922248101,2.5656808274199325,13.328827447717575,53.001284624796426,0,2026-08-25 06:31:44
2024-01-02 09:42:00,CNC-03,H,296.1416970540467,310.20247772010305,1401.465194493541,49.157687302645876,43.33785119379158,2.0821368414701595,12.843196274014721,57.12816063342188,0,2026-08-25 06:31:44
2024-01-02 07:30:55,CNC-03,H,22.636683300603522,36.88942091267745,1945.027989650111,36.63251002209386,116.36908364815645,2.6179948718231327,13.071103080409916,60.937389799294024,0,2026-08-25 06:31:44
2024-01-02 23:51:00,CNC-03,H,298.5145624179671,311.06516942868825,2694.834795483566,16.833866414097198,187.8125547446023,3.6475199403686154,8.254635789667606,53.39309240566586,0,2026-08-25 06:31:44
2024-01-02 01:11:00,CNC-03,H,298.2648066672467,309.89277820963804,2763.6143483621645,12.978526944792218,124.31424630915458,3.373482960358264,6.7888748004684665,50.71761899642818,0,2026-08-25 06:31:44
2024-01-02 23:05:00,CNC-02,M,299.5449015403975,314.0162231908785,2702.327671767253,23.833656514553724,220.17716787370463,4.0350482364924005,12.129306088680245,50.900675307597844,0,2026-08-25 06:31:44
2024-01-02 22:26:00,CNC-03,H,298.98147574734156,311.35499513705645,2828.273761956841,18.111261902688902,97.07610770470568,3.4506608257934057,9.612952370949952,53.76646549930352,0,2026-08-25 06:31:44
2024-01-02 18:00:00,CNC-02,M,298.64515029415753,312.76149467544633,2076.5957506090467,31.25621922162016,103.06443682694383,2.701727638874253,12.002236212223721,51.6838393874847,0,2026-08-25 06:31:44
2024-01-02 21:59:00,CNC-02,M,299.28777207030714,312.8362438887215,2492.443795406255,21.936045100098926,149.04259289182866,3.2720008734237793,10.145186461916591,52.88615274990766,0,2026-08-25 06:31:44
2024-01-02 04:33:00,CNC-02,M,296.30443556249435,309.69258054764543,2318.2512280743294,24.836124664021224,128.66117010137447,3.119213390199259,11.043917283301088,57.66142681969609,0,2026-08-25 06:31:44
2024-01-02 21:15:00,CNC-03,H,299.2686700335406,311.31666344363924,2594.5278752767476,18.118560381664405,19.317208530091456,3.119990593421063,8.838366261837415,50.96082947978242,0,2026-08-25 06:31:44
2024-01-02 13:08:00,CNC-03,H,297.2402150685784,311.3295210908638,1414.6981844416,49.413608743900504,109.41473980910925,2.1459541554447212,12.721231232667755,56.27246141241129,0,2026-08-25 06:31:44
2024-01-02 04:56:00,CNC-03,H,297.27013374700834,311.7802146299512,2264.496583177189,32.132586060841945,129.40584167986776,2.97214125141283,13.541392354650572,59.34265112691565,0,2026-08-25 06:31:44
2024-01-02 22:20:00,CNC-01,L,298.9654129215468,311.26062943016956,2594.916736325452,16.992683741186994,105.76581592607947,3.2433436176584287,7.948756427824238,54.1133750660007,0,2026-08-25 06:31:44
2024-01-02 06:19:00,CNC-02,M,296.16503787419236,309.9121453966466,1951.8637441788403,33.2022216729749,24.038445873790817,2.477053889896517,12.364688686919502,60.17252555158895,0,2026-08-25 06:31:44
2024-01-02 03:17:00,CNC-02,M,297.6782665079752,310.65665316483097,2492.2649271145315,21.525603402041256,37.58794869882489,3.2218782924946234,10.047983523501724,59.79253111189008,0,2026-08-25 06:31:44
2024-01-02 10:17:00,CNC-01,L,296.42605929208565,311.4588968480317,1362.0852157740187,56.84426452051494,170.26148034907428,2.448515863809198,14.552214542271745,59.65400563025799,0,2026-08-25 06:31:44
2024-01-02 12:09:00,CNC-02,M,296.8661887268868,311.220713525372,1503.423649117529,47.92741561689674,85.65558482678706,2.188978492162201,13.316854296428085,56.3321184308491,0,2026-08-25 06:31:44
2024-01-02 22:15:14,CNC-01,L,299.14818704820703,311.26000351217215,2516.38866178024,17.320964664582593,99.3089824706593,3.2637246723056057,8.124080170410746,55.36968098215953,0,2026-08-25 06:31:44
2024-01-02 04:23:00,CNC-03,H,296.9280960044924,309.79030549363847,2434.60688456129,21.810446284930677,88.38538201238511,3.0861493306953647,9.804036385512441,56.953536963670686,0,2026-08-25 06:31:44
2024-01-02 20:47:00,CNC-01,L,299.01560235979554,310.9555257438848,2518.9601505918954,17.31997639412003,2.2641528020893844,3.0433902175779175,7.914075772862761,51.74437767737488,0,2026-08-25 06:31:44
2024-01-02 14:13:00,CNC-03,H,297.40390223878643,311.5155385181295,1294.3252438541772,49.69705283438033,211.45118640731013,2.593427018939501,11.954775579386055,54.778247369187554,0,2026-08-25 06:31:44
2024-01-02 02:14:00,CNC-02,M,297.9287049124055,310.4216277417444,2518.4363612900615,18.345121085774057,189.84976734011292,3.559216777777191,8.741651488265603,58.04552600284463,0,2026-08-25 06:31:44
2024-01-02 00:53:00,CNC-03,H,298.4979893513624,311.88793068673124,2782.5196835045435,21.13250802341511,105.10787176281234,3.3294213932055934,10.977311506834898,51.588185961333984,0,2026-08-25 06:31:44
2024-01-02 10:32:00,CNC-01,L,296.1754660936641,309.4729681388997,1269.923103208442,50.51065744458566,1.6,2.000282985997806,11.968295393321172,60.62103293091873,0,2026-08-25 06:31:44
2024-01-02 06:30:00,CNC-03,H,296.4285784699986,310.54561356200935,2022.2749615594164,36.23812603030042,32.25006188766494,2.5585773933771443,13.77188684267638,58.14227241441719,0,2026-08-25 06:31:44
2024-01-02 01:54:00,CNC-01,L,297.6807641124168,309.39167873425157,2664.945890951801,12.479932656889485,155.42620301170388,3.597815044090331,6.2502977622273,60.08843344351874,1,2026-08-25 06:31:44
2024-01-02 12:30:00,CNC-02,M,296.7384142509602,310.9746557682213,1288.0630189208866,51.88286309880458,119.02413307476814,2.0161342693038744,12.663005702409153,59.64261569072439,0,2026-08-25 06:31:44
2024-01-02 20:05:00,CNC-03,H,299.15728124430666,313.73989257783785,2370.4258586516876,30.040095938908642,204.7942597155589,3.4428025980823636,13.322655029926134,52.44313301437819,0,2026-08-25 06:31:44
2024-01-02 10:53:00,CNC-01,L,296.1189350758877,309.79002938057306,1534.7023622246645,44.63867816072898,34.67153070116862,2.1620151249105013,12.584387194475656,54.008262480254984,0,2026-08-25 06:31:44
2024-01-02 18:39:00,CNC-01,L,25.851838813257245,39.644380283848875,2168.133618948259,31.15546057328356,73.79911737008473,2.8183250595340317,12.837968236614863,57.37970496276294,0,2026-08-25 06:31:44
2024-01-02 23:32:00,CNC-01,L,298.8375085153116,311.82262707688,2737.436472136654,,183.17938319033448,3.82774304299057,9.965306946830376,54.44796448510152,0,2026-08-25 06:31:44
2024-01-02 14:26:00,CNC-02,M,297.44506212435135,311.3000713054324,1432.2401012091095,47.82262115880519,49.67353951666351,2.0132941857977182,12.604559290122817,58.734177408986724,0,2026-08-25 06:31:44
2024-01-02 06:00:00,CNC-03,H,296.7040667426327,310.81710950721936,2102.792603145712,32.28967013091562,212.65942643411753,3.3160927500316606,12.79408659961238,55.087751932936,0,2026-08-25 06:31:44
2024-01-02 06:28:00,CNC-02,M,295.8744943259327,310.7660921450073,1837.595863799527,43.36964970142244,36.24272675720201,2.415618827483245,15.11996893967929,62.39760281452964,0,2026-08-25 06:31:44
2024-01-02 19:59:00,CNC-01,L,298.8057317549887,312.67599839795645,2462.926776812036,24.81923993526943,172.8975138834105,3.526927020531049,11.408039423306635,52.178411806409656,0,2026-08-25 06:31:44
2024-01-02 07:57:00,CNC-01,L,28.401219761716106,37.51863536622693,1725.915504383905,44.18616913464894,189.4130406462333,3.0600686434574964,14.363737789579746,45.168811490876,0,2026-08-25 06:31:44
2024-01-02 21:38:00,CNC-03,H,299.35391649402726,310.73895154334593,2697.700402238004,12.85267675364917,44.94682769398404,3.32107869958724,6.545109713165375,51.40602486872128,0,2026-08-25 06:31:44
2024-01-02 23:20:00,CNC-02,M,299.46755736804243,311.8013724879299,2788.9659974191622,15.623984290478186,12.790340126105828,3.2890495140847955,8.076990763649405,51.48805634225717,0,2026-08-25 06:31:44
2024-01-02 16:04:00,CNC-02,M,303.84724758969804,312.8703552538272,1735.6214379041746,42.103563915506314,196.8466835133696,2.994551106276093,13.668984483105257,44.48183238341956,0,2026-08-25 06:31:44
2024-01-02 15:01:00,CNC-03,H,298.0780902439393,312.08571412507507,1420.3079888008574,48.239598875773964,63.35955695350326,2.2441459129109638,12.979308884975321,55.23885120506749,0,2026-08-25 06:31:44
2024-01-02 03:36:00,CNC-03,H,297.54474528617095,311.1260562110916,2173.452900064146,29.190414186014774,32.53267158517739,2.740368434569358,11.810870220854369,53.279294083037456,0,2026-08-25 06:31:44
2024-01-02 10:58:00,CNC-01,L,296.0826985261831,310.22536942120774,1463.3223700969643,50.53852158158602,42.616132861707776,2.242229044875165,14.093674671117832,55.76840682375907,0,2026-08-25 06:31:44
2024-01-02 10:45:00,CNC-01,L,296.175038293815,310.4475349608367,1400.257173916397,52.98333524455558,22.04462354633413,2.1049796093613424,13.891341947419932,56.36759944159844,0,2026-08-25 06:31:44
2024-01-02 04:30:00,CNC-03,H,297.2072808528872,310.9585593918275,2236.6341927933895,28.67164800544401,96.93823265640313,2.9571153932876584,12.169494213129854,56.33064158195874,0,2026-08-25 06:31:44
2024-01-02 15:16:00,CNC-03,H,297.8364837239746,311.665072392749,1577.7938880362483,42.86989624950462,86.15876979600475,2.2556735973964037,12.723968759350075,55.621858856188176,0,2026-08-25 06:31:44
2024-01-02 00:13:00,CNC-03,H,299.2288144791424,311.4354905892483,2900.0,16.17380358783417,62.429468096297306,3.392425754857819,8.68310410114731,55.093371595598875,0,2026-08-25 06:31:44
2024-01-02 08:44:35,CNC-01,L,301.60156986251974,310.08535558118797,1628.9079770919836,46.85421784396838,28.53328866950807,2.256658061983087,14.466386063131953,50.23599962656605,0,2026-08-25 06:31:44
2024-01-02 13:43:00,CNC-01,L,297.93257151761173,311.8762115269033,1330.9886690530468,51.972307406266744,93.31588872486368,2.0290486290139933,198.7945402946066,59.074599749923436,0,2026-08-25 06:31:44
2024-01-02 09:32:00,CNC-03,H,295.9085862698297,309.91411207548975,1435.9942992021056,50.31529142855072,27.85095119147622,2.054774728329512,13.622258233355364,58.948279263530615,0,2026-08-25 06:31:44
2024-01-02 05:32:00,CNC-02,M,296.35673544052014,311.6036441053242,2170.5933868320944,35.92118674434537,203.77174441784885,3.3244007302470755,14.549772096211106,60.65886628716855,0,2026-08-25 06:31:44
2024-01-02 07:08:00,CNC-03,H,22.77006472577409,37.04494155275853,1692.4987808018823,43.74815221767344,85.15841408727314,2.2825779228259098,13.61505619793484,59.74569377735835,0,2026-08-25 06:31:44
2024-01-02 18:00:00,CNC-01,L,298.80719226897315,312.3610416212951,2186.1439461981468,29.617765550948562,22.679235848556974,2.7593758099604675,12.14144251585107,1643.626730588102,0,2026-08-25 06:31:44
2024-01-02 12:15:00,CNC-03,H,296.7611431104211,310.4758662300846,1315.619723899649,51.80379381251819,25.351393083760684,1.868247553586287,12.718359957898429,59.070647941574954,0,2026-08-25 06:31:44
2024-01-02 03:09:00,CNC-02,M,297.805927908336,310.85200317999977,2612.4253199607333,22.253151858365467,28.268132966389178,3.165154845408168,10.999524145211717,55.63723681988341,0,2026-08-25 06:31:44
2024-01-02 20:27:00,CNC-01,L,299.07672241309444,313.624259521139,2574.192436300111,25.979514336187925,205.9381687190352,4.025871349640995,12.65154656228401,55.988942852015484,0,2026-08-25 06:31:44
2024-01-02 02:10:00,CNC-01,L,297.74719601494934,311.1186691510222,2607.014091118328,21.814262134842977,173.03349295423604,3.5926929222484465,10.989707443310163,53.80807310247252,0,2026-08-25 06:31:44
2024-01-02 04:44:00,CNC-01,L,296.2080731835621,310.21416433105185,2222.497179320482,28.383400442809126,153.74559859461073,3.2457122065830712,11.824826222195375,56.35428153351891,0,2026-08-25 06:31:44
2024-01-02 20:33:00,CNC-01,L,299.21362447599205,313.95747604741564,2416.0352353388007,28.82647555102028,212.9180632226802,3.905083199494558,13.051976375993393,51.44791779803558,0,2026-08-25 06:31:44
2024-01-02 16:21:00,CNC-02,M,303.9859383824869,313.18622997710077,1758.5284821604878,41.31314194978954,221.4399138569548,3.176147852770386,13.521604307337302,40.882925022343635,0,2026-08-25 06:31:44
2024-01-02 00:07:00,CNC-03,H,298.80517281287706,311.02202745075067,2643.4019742449655,18.48115065388726,56.05905927395139,3.1342922373120907,9.145413587564352,50.21503106078668,0,2026-08-25 06:31:44
2024-01-02 23:22:00,CNC-02,M,299.1206051519066,310.9730008518324,2595.7423593080634,14.727743794453124,15.024162712688298,3.1157723488933575,7.08974389128725,56.06998879561402,0,2026-08-25 06:31:44
2024-01-02 09:45:00,CNC-02,M,295.9819850581746,309.7244217883744,1403.413647813052,47.47693825183525,64.79307046637071,2.111091854616509,12.402230287448523,56.516788490247805,0,2026-08-25 06:31:44
2024-01-02 21:54:00,CNC-03,H,299.3694098938109,312.485279699368,2566.4668687217227,22.280692221852107,62.53732623507211,3.079436568203887,10.594546894391096,54.752164150487005,0,2026-08-25 06:31:44
2024-01-02 04:50:00,CNC-02,M,296.56689109534125,310.8557127029626,2220.4400755641036,31.083294989131527,150.03432552715097,3.110343485405455,12.744105973418739,55.495724693538385,0,2026-08-25 06:31:44
2024-01-02 12:32:00,CNC-01,L,297.2790784565661,311.69967267528324,1338.4031360112808,53.321704776250776,191.71505697750902,2.689015358839391,13.343278024209132,57.237638444971026,0,2026-08-25 06:31:44
2024-01-02 06:01:00,CNC-02,M,296.01697323245617,309.41649345507125,1938.9138339696317,34.084949286821754,0.0,2.6714900511740556,12.020103462495008,60.73417137152209,0,2026-08-25 06:31:44
2024-01-02 18:19:00,CNC-01,L,25.728323572907357,39.83061540577779,2017.8166092345582,35.468971336963335,47.71001653147828,2.6251787575610366,13.530689635044755,53.11087897013186,0,2026-08-25 06:31:44
2024-01-02 00:57:00,CNC-02,M,298.7839295552826,310.826760078589,2638.1933569671614,15.092336417280585,106.13148869746746,3.380466810290287,7.621763537906819,58.064406927191854,0,2026-08-25 06:31:44
2024-01-02 00:15:00,CNC-02,M,299.1178636643813,310.1848213425093,2772.2470182425,11.119029748803198,61.323428691420325,3.364501187236218,5.6965105255008,53.75404263957662,1,2026-08-25 06:31:44
2024-01-02 16:16:00,CNC-01,L,298.5223957000875,313.03005674343785,1686.0042177348528,43.8768635260734,88.91735085034377,2.376359660885356,13.810369276521401,52.33335335221076,0,2026-08-25 06:31:44
2024-01-02 09:57:00,CNC-02,M,296.0091314076753,310.42686251308714,1633.7162548325614,45.21396346408395,83.5064473029393,2.3005628812258356,13.525495082506215,55.22542645878037,0,2026-08-25 06:31:44
2024-01-02 04:38:00,CNC-02,M,296.6877608760011,311.1804570468459,2092.823634405186,34.03027558643966,134.9758974467046,2.902317233055288,13.210499485430427,51.36640446413228,0,2026-08-25 06:31:44
2024-01-02 05:20:00,CNC-01,L,296.19575193791053,311.5637179585939,2161.70596567098,37.98235294934387,199.23653409910892,3.451442342697178,15.386048877568037,55.58787569076076,0,2026-08-25 06:31:44
2024-01-02 13:59:00,CNC-01,L,298.161926363788,312.1993572529006,1464.2724401557962,47.06193047265318,118.49666807494893,2.338314245484241,12.814260973416673,55.51048856809569,0,2026-08-25 06:31:44
2024-01-02 23:26:00,CNC-01,L,298.6971399342446,311.47983250162144,2679.3859548045752,18.078607305448543,176.77253530603957,3.711101333682175,8.821860981329083,55.947191000828305,0,2026-08-25 06:31:44
2024-01-02 05:34:00,CNC-01,L,296.02636249174424,311.3450110650873,2135.0644455274055,37.13792638202635,217.57649132307623,3.709258022431237,15.099761558504156,53.8510197444899,0,2026-08-25 06:31:44
2024-01-02 16:23:09,CNC-01,L,298.4267580455942,312.6831507045273,1735.7592174720555,42.424235510735414,99.0013560355006,2.3248341964530153,13.80599795845787,51.17323199793996,0,2026-08-25 06:31:44
2024-01-02 07:46:00,CNC-01,L,22.71376419312287,37.36380204623765,1749.331645604808,41.40059798971624,173.55234530616514,,13.46364009237943,55.12996939195305,0,2026-08-25 06:31:44
2024-01-02 12:41:00,CNC-03,H,297.2094753592836,312.007402855039,1563.235766309217,51.2592343971676,66.6916433240088,2.1244633229166325,14.75011783105355,53.526198577405076,0,2026-08-25 06:31:44
2024-01-02 00:09:00,CNC-02,M,299.10584379707905,312.129987465993,2608.7815877878093,21.673777191819223,54.92503042015679,3.1881128959532745,10.522410509910344,55.84747827414144,0,2026-08-25 06:31:44
2024-01-02 15:53:00,CNC-01,L,298.4111595348333,312.43888185159904,1595.3782559808863,45.03700613869834,55.352656087304396,2.214628097356979,13.459045135682222,56.45044208398364,0,2026-08-25 06:31:44
2024-01-02 08:08:00,CNC-03,H,295.9978526235613,310.85566373512324,1595.9385835220792,47.27268785869222,171.84968003962447,2.6962763243766914,13.722543725650256,57.67712154851991,0,2026-08-25 06:31:44
2024-01-02 08:53:00,CNC-03,H,296.0331071259215,311.4292455537057,1573.7249395141685,49.82252597164174,239.41201166542442,29.4897743056812,14.518858311073423,57.83211997945368,0,2026-08-25 06:31:44
2024-01-02 15:38:00,CNC-02,M,303.4267359632657,312.8534710424797,1666.0019722869815,47.45777174215506,158.83119084517574,2.5490329216680068,14.680991319477094,46.21456912179878,0,2026-08-25 06:31:44
2024-01-02 01:00:00,CNC-02,M,298.49868942458295,310.3118125245788,2728.9599828095625,13.957865482635764,109.38526371114874,3.33238635857941,6.988749555675229,54.48679885045554,0,2026-08-25 06:31:44
2024-01-02 08:17:00,CNC-03,H,295.9342585453669,310.6987128848942,1632.2309193294707,45.69821184213484,185.17065166189647,2.7616043606860052,14.104287060438905,60.34056157525537,0,2026-08-25 06:31:44
2024-01-02 10:24:00,CNC-02,M,,310.9290928942614,1353.407878660589,51.275428954161114,126.03431006957273,2.2477869710559872,12.927458232840618,58.831800365803424,0,2026-08-25 06:31:44
2024-01-02 02:49:00,CNC-03,H,303.1571645436489,310.03757981364623,2525.4855831376244,19.465520979940795,232.22941020813695,3.9602977299634246,9.129459393337696,46.242739375161335,0,2026-08-25 06:31:44
2024-01-02 15:27:00,CNC-03,H,298.0123526704092,312.5144702144126,1633.8020558439057,45.780888028903114,,2.4904214696903924,14.24044540333255,58.09503364634976,0,2026-08-25 06:31:44
2024-01-02 04:03:00,CNC-03,H,297.5201235640789,310.48802676392813,2432.6174818800714,22.56100996157211,64.29926080014606,3.0389475888896342,10.27512855941542,57.6423541355959,0,2026-08-25 06:31:44
2024-01-02 16:00:00,CNC-02,M,303.66246325450066,313.34271509527014,1750.7890898357928,45.50540515090399,191.0353762829728,2.948632007514511,14.948075221444869,46.587432391656954,0,2026-08-25 06:31:44
2024-01-02 05:48:00,CNC-03,H,296.71060853605763,311.8000092546977,2126.7614511016577,35.823022062484895,196.8428327413291,3.1839132013959155,14.331866803464916,58.51129865603684,0,2026-08-25 06:31:44
2024-01-02 10:08:00,CNC-02,M,296.1164629797847,310.6998619830981,1516.3528414177154,48.72791484529033,100.86007655796347,2.170790185148233,13.989199900521834,57.79850410503694,0,2026-08-25 06:31:44
2024-01-02 16:15:00,CNC-03,H,298.371358490914,313.2318865588867,1717.2394747459152,45.5070320568767,173.30052494159443,2.777568602800268,14.784780457876993,51.29637936266592,0,2026-08-25 06:31:44
2024-01-02 11:15:00,CNC-01,L,296.37304118507944,310.994560643319,1489.354728332302,52.29124063990679,69.5592811673487,2.1072348370723106,14.417847241076936,53.447978198512104,0,2026-08-25 06:31:44
2024-01-02 20:08:00,CNC-01,L,299.0740443627404,313.0122001641799,2326.9474190774695,27.255934779635123,183.67583875202033,3.4461971348560643,11.563704153240328,50.730167015092,0,2026-08-25 06:31:44
2024-01-02 15:56:00,CNC-03,H,297.9772107951213,312.98334235311376,1759.7763811941888,43.76907173145479,145.89650386416625,2.461158683184533,14.241497393258259,53.97141758213602,0,2026-08-25 06:31:44
2024-01-02 02:39:00,CNC-03,H,303.1342952894955,310.9332453706116,2400.551237516127,24.00348075291165,,3.5855438993695405,10.720307879902379,46.811288005294635,0,2026-08-25 06:31:44
2024-01-02 15:19:00,CNC-02,M,303.52040915097257,312.3344708842968,1626.5801262784091,46.35814039917465,130.40832646883365,2.3116910869025293,13.965016275338701,52.54802427767883,0,2026-08-25 06:31:44
2024-01-02 09:44:00,CNC-03,H,295.89023851657663,310.2138575983052,1412.7768220959035,52.28048829400865,46.459207583018085,2.018151685973173,13.71895357425144,58.83154275362208,0,2026-08-25 06:31:44
2024-01-02 12:01:00,CNC-02,M,296.86031643214113,310.982242645366,1338.261318296861,50.83703688445452,73.00936693750386,1.9954973201310768,12.364898468687416,58.93448825780745,0,2026-08-25 06:31:44
2024-01-02 05:01:00,CNC-02,M,296.5461082461918,311.08744238073564,2176.9240740689124,31.919043906589255,163.85347533535779,3.178176003542744,12.916747034678576,57.3343213232386,0,2026-08-25 06:31:44
2024-01-02 17:25:00,CNC-01,L,298.554318876669,313.305482845494,2094.899408193609,33.922098666587445,185.8198279261216,3.3978028281590578,13.461491893252267,51.629807679144,0,2026-08-25 06:31:44
2024-01-02 22:42:01,CNC-02,M,299.4623518060419,313.63164916163674,2592.242086826735,23.265167732821286,,3.7334557925362524,11.48027078736207,54.963090425000246,0,2026-08-25 06:31:44
2024-01-02 09:31:00,CNC-01,L,295.92192721912625,310.3894970402883,1609.9619749100734,46.36914954996835,98.6696532601903,2.278502052604763,14.033715587227393,59.011058219655716,0,2026-08-25 06:31:44
2024-01-02 22:06:00,CNC-01,L,298.83270441371747,311.95289645185164,2495.0576402249985,22.685468819645966,90.48994172614695,3.193801692321685,10.600194888771389,52.088607491614916,0,2026-08-25 06:31:44
2024-01-02 18:47:00,CNC-03,H,26.02553052049859,39.923753193134246,2253.534904465588,28.830287856189617,108.43749029671191,2.879797569823848,11.947687523344852,53.74874682457119,0,2026-08-25 06:31:44
2024-01-02 03:00:00,CNC-02,M,297.5666853334354,309.8395242747195,2642.4596594912823,18.112591742149654,18.179389994232963,3.1914313511657975,9.016932025414938,57.12864754117045,0,2026-08-25 06:31:44
2024-01-02 23:27:00,CNC-03,H,298.6931820399074,311.55275633814534,2580.664839595266,18.644799814035466,162.3404101775952,3.423045095612738,8.771116260670064,55.97256181021209,0,2026-08-25 06:31:44
2024-01-02 02:30:00,CNC-03,H,303.3737179903985,310.57484277138116,2621.612866757002,19.651220321266763,210.76655718306597,3.7576984117084296,9.366095297398315,44.65102986722609,0,2026-08-25 06:31:44
2024-01-02 18:18:00,CNC-03,H,26.026019765268074,40.05403972973869,2008.3549669576482,34.262630917484046,70.92482500018568,2.6993238424821846,12.763085329845701,52.916844306315404,0,2026-08-25 06:31:44
2024-01-02 03:33:53,CNC-01,L,297.03249836811443,309.808697840582,2421.403594686409,21.968076590852757,70.9641618153583,2.9474298492612543,9.902799270727563,54.577690815969234,0,2026-08-25 06:31:44
2024-01-02 00:02:00,CNC-01,L,298.7312393381447,310.7044556434485,2715.991692762971,16.686112752412573,35.19280428890477,3.3015017030359832,8.621960922484964,56.555337379326126,0,2026-08-25 06:31:44
2024-01-02 11:03:00,CNC-02,M,296.62721232941993,311.2960915349039,1410.5621401927183,51.12977808239747,187.53591348764073,2.700741516580384,13.603601992439403,56.021719031813795,0,2026-08-25 06:31:44
2024-01-02 09:05:00,CNC-02,M,295.884155485716,309.3508663161823,1632.5819007703165,41.06534686275793,3.102853274024485,2.3881629324195313,12.437260201818859,60.595708855438986,0,2026-08-25 06:31:44
2024-01-02 07:31:00,CNC-01,L,22.850650463576642,37.42717730058058,1778.746631919665,39.95570104438601,151.92900249825146,,13.272604213246224,54.5375502416808,0,2026-08-25 06:31:44
2024-01-02 15:32:00,CNC-02,M,303.5682637968361,313.1603100697976,1634.257363918239,50.97019269843546,149.82463011078053,2.5559143666157236,15.493369824948024,44.51948430932204,0,2026-08-25 06:31:44
2024-01-02 20:11:00,CNC-02,M,299.0359226670587,313.18624345998717,2377.5603209076694,29.409605338318073,26.188647062136816,3.0695350013155527,13.292054926920843,52.654396922562135,0,2026-08-25 06:31:44
2024-01-02 10:15:00,CNC-02,M,296.4977692763853,310.65615976098366,1425.386057891097,47.23696261982963,111.82887962101637,27.1170738914659,12.652257962298702,55.25006817145903,0,2026-08-25 06:31:44
2024-01-02 15:58:00,CNC-02,M,304.0103607023384,313.2517915431064,1830.097843353313,40.57216581964709,188.13648741675726,3.005304242490327,13.829745341258365,41.32197985096313,0,2026-08-25 06:31:44
2024-01-02 12:01:00,CNC-03,H,296.7681068832914,310.19157093182076,1374.1717427362262,48.34540815290786,3.141727418727309,2.107042756958493,12.365803175344006,59.416557370820165,0,2026-08-25 06:31:44
2024-01-02 06:47:00,CNC-01,L,295.98044400338966,309.96285328891895,1877.9138826146616,38.41490197422499,90.22844754792906,2.4555086563835986,13.467428111674629,59.138039233686186,0,2026-08-25 06:31:44
2024-01-02 21:03:00,CNC-01,L,299.26819276038105,312.2042374657886,2508.93745505511,23.01325703023805,20.58884436539509,3.087923849934443,11.048850091366582,49.55492129170623,0,2026-08-25 06:31:44
2024-01-02 06:26:00,CNC-03,H,296.2511730047165,309.8869764534188,1835.1539170622545,37.09045954295589,26.852877961403063,2.4700041100273067,12.763788864844395,59.664213882481526,0,2026-08-25 06:31:44
2024-01-02 19:50:00,CNC-02,M,299.0725226991232,311.8227389758322,2440.655714207569,21.490858242813324,1.1848206020160517,2.9955654961338465,10.027258981702605,52.86885922807413,0,2026-08-25 06:31:44
2024-01-02 07:32:00,CNC-01,L,22.90943535060029,37.265929409343244,1843.3400111575877,38.431847142948236,153.32636115894027,2.729255275457495,13.154233785062404,58.61047150438291,0,2026-08-25 06:31:44
2024-01-02 22:00:00,CNC-01,L,299.0001972936162,310.866276353382,2635.1265006272392,16.563741488404208,83.89712487292026,3.2510194533400325,8.19237687886271,50.899439868946864,0,2026-08-25 06:31:44
2024-01-02 07:42:00,CNC-01,L,22.827040136663754,37.906172322686075,1729.8808842433043,44.281695587522336,167.75669160011503,2.8292629275160173,220.97838748023605,60.13703633090277,0,2026-08-25 06:31:44
2024-01-02 20:02:00,CNC-03,H,299.1107785441481,313.09120935394196,2402.5122307468514,25.517823750304032,201.23786390440912,3.5752605960646258,,55.94254996085396,0,2026-08-25 06:31:44
2024-01-02 08:45:00,CNC-03,H,295.5164054368841,310.8083589376599,1470.1321002521577,53.30906572231261,227.16843890405633,2.8682137870879507,14.812111527143033,55.38322699769206,0,2026-08-25 06:31:44
2024-01-02 12:42:00,CNC-01,L,297.30272481246647,311.75485296711105,1466.304764779526,46.41417580133301,207.63640142391213,2.9515244126314824,12.91086412563586,54.906446348747,0,2026-08-25 06:31:44
2024-01-02 15:05:00,CNC-03,H,298.00268505025355,312.4028620373357,1646.6357061095928,46.77391692429774,69.38543693606393,2.293830480946982,14.509448838509215,58.849542118614025,0,2026-08-25 06:31:44
2024-01-02 20:41:00,CNC-01,L,299.08580768353545,313.26557369809876,2488.6379285178095,26.440486948559837,222.20206792169535,4.1403656202371355,12.214045411492473,56.14078842526007,0,2026-08-25 06:31:44
2024-01-02 12:45:00,CNC-03,H,297.07647056056237,311.12121035110476,1445.485363469089,48.86046636908685,73.05547217188665,2.130522147044793,13.153165203587339,56.984658916128964,0,2026-08-25 06:31:44
2024-01-02 04:25:00,CNC-02,M,296.46943593800995,310.7433593630937,2308.034159068098,30.217092228733375,118.84405514749555,2.97281422798525,13.363861098770604,50.10562170014731,0,2026-08-25 06:31:44
2024-01-02 12:22:00,CNC-03,H,296.86617329631963,310.8005723790662,1378.734672711657,51.01940266122828,36.48131112353548,1.9537052209108106,13.233865851100987,54.63963249629363,0,2026-08-25 06:31:44
2024-01-02 11:00:00,CNC-03,H,296.1520258766846,310.61034254438385,1421.765837697387,50.81525950065066,165.755042906271,2.3727459730851566,13.558319387655448,56.20661933886863,0,2026-08-25 06:31:44
2024-01-02 02:01:00,CNC-01,L,297.9115141435463,311.54107679242844,2580.5831943324147,22.711086194136392,163.13473722120855,3.5227960133890477,11.067719422996158,56.794450776702256,0,2026-08-25 06:31:44
2024-01-02 22:20:00,CNC-02,M,299.264701000889,313.1082492916642,2758.7953789753506,21.09180299336446,172.0128391096695,3.62136402387883,10.824706070722454,52.54192207777398,0,2026-08-25 06:31:44
2024-01-02 11:05:00,CNC-01,L,296.2657425670116,310.4174180703469,1328.6103575975496,52.83134330979945,53.63436547796359,2.152778989506656,13.295404545619883,58.104039671632975,0,2026-08-25 06:31:44
2024-01-02 11:20:00,CNC-01,L,296.5410884508165,309.8638824967038,1317.6495986535408,46.5796783519805,77.47468034436041,2.004879935669662,11.345901688935628,55.58194042509576,0,2026-08-25 06:31:44
2024-01-02 01:12:00,CNC-02,M,298.2217988075473,310.29933988240884,2650.2350636106876,16.335379298637854,122.45651706557433,3.38486246660866,8.082463866632871,56.86231632551441,0,2026-08-25 06:31:44
2024-01-02 08:29:00,CNC-01,L,301.7244382621928,310.02855851261074,1734.675012651031,43.997079557388965,4.475447103624383,2.44187115156337,14.144058720321695,51.513552608036406,0,2026-08-25 06:31:44
2024-01-02 08:21:00,CNC-03,H,295.71102306710645,311.28301733147833,1743.0883541034812,47.782290919294425,191.12834566641766,2.960235645520732,15.673448092216944,63.44236277062309,0,2026-08-25 06:31:44
2024-01-02 11:09:00,CNC-01,L,296.17755249693715,310.3948294281244,1383.428689992718,51.558801535282235,60.023583561745305,2.0979126056628132,13.65117263529605,55.745694939305686,0,2026-08-25 06:31:44
2024-01-02 06:58:00,CNC-01,L,22.813621280429345,37.242544139468976,1873.6949123828986,39.367289516109565,105.51513949792493,2.605912435559521,13.698671513592029,63.31932338286195,0,2026-08-25 06:31:44
2024-01-02 18:57:00,CNC-03,H,26.420084141086534,39.912653025980546,2192.324487072303,26.458669488487093,121.2009091027933,2.868001996371967,10.88412758452398,52.64523065885821,0,2026-08-25 06:31:44
2024-01-02 12:41:00,CNC-02,M,296.8779837731079,311.519295317437,1413.1011542973508,49.33819118119653,136.49072401286702,2.3019243293145344,12.944571133130847,55.41665430668863,0,2026-08-25 06:31:44
2024-01-02 22:55:00,CNC-02,M,299.37092511475356,312.262374317379,2775.0987609847507,15.453867429250495,209.62723388091916,3.9714379629075602,7.905759556987002,55.67400005182412,0,2026-08-25 06:31:44
2024-01-02 20:45:00,CNC-01,L,299.19338115250724,311.5272724990106,2529.4642122895857,21.29566421539,0.0,30.648912454297694,9.992011415310428,49.042874905353806,0,2026-08-25 06:31:44
2024-01-02 00:33:00,CNC-03,H,298.7416999347836,311.4659582480326,2524.4972310405856,21.16148441717069,83.78465987098218,3.0894544338089256,10.174317105261798,52.28082961394028,0,2026-08-25 06:31:44
2024-01-02 00:56:00,CNC-02,M,298.7236387502569,311.2884710360646,2740.937817676964,17.999658890190414,105.03563097477253,3.4027854636149137,9.244327607278445,52.66377099802894,0,2026-08-25 06:31:44
2024-01-02 13:01:00,CNC-01,L,297.3523443309165,310.8767701117634,1493.3362962444087,45.81634415217131,26.81935312822616,2.0468066469649635,12.834939631974741,54.983098679340316,0,2026-08-25 06:31:44
2024-01-02 21:30:00,CNC-02,M,299.4144054036435,312.41571258835546,2506.5366873341313,19.183337440806202,116.65158605481238,3.1973039365910814,8.82627357676989,51.440015125406305,0,2026-08-25 06:31:44
2024-01-02 22:13:00,CNC-02,M,299.39069359106145,312.2930271417692,2602.487590623153,17.841086418509445,164.39460834590437,3.5686134689602516,8.935823238091665,53.08270174969253,0,2026-08-25 06:31:44
2024-01-02 06:44:00,CNC-01,L,295.9155520866906,309.7896476782205,1795.4436302296592,37.147301715894656,86.21891271551996,2.418601914336671,12.546804232788174,53.56639827632888,0,2026-08-25 06:31:44
2024-01-02 04:45:00,CNC-03,H,297.27008351030395,311.551712240615,2111.4019544988614,33.36820488926121,115.63935431744967,2.8251756301030078,13.002533751837278,53.459651951104895,0,2026-08-25 06:31:44
2024-01-02 21:37:00,CNC-03,H,299.22385077915646,312.23722997178254,2495.176965988088,22.721739808751686,43.90563372309006,3.10132313957742,10.529196005190755,52.55416708463868,0,2026-08-25 06:31:44
2024-01-02 20:24:00,CNC-02,M,299.32715179242126,312.1801577817392,2453.7921327607796,21.550830112077595,41.53835204045054,2.8891544781280896,9.900115649498005,50.951118869406976,0,2026-08-25 06:31:44
2024-01-02 00:30:00,CNC-01,L,298.83707959246544,309.9514416078651,2754.4603555464887,12.26109281452693,64.88537689161167,3.320346076912144,6.602730634019744,52.487803744074945,0,2026-08-25 06:31:44
2024-01-02 22:27:00,CNC-01,L,299.04557940008397,311.50555206323014,2677.6413724067384,18.056373926475462,113.4875537418263,3.3450142833394274,9.166667696640754,53.8633734617692,0,2026-08-25 06:31:44
2024-01-02 14:28:00,CNC-03,H,297.5856419369115,311.38700702064847,1527.7608324036137,46.30123662459351,12.393051256489715,2.2370262978563646,13.207635333213132,57.159434533987636,0,2026-08-25 06:31:44
2024-01-02 01:20:00,CNC-01,L,298.19858553012904,311.16302390338643,2615.9239530695513,20.872483478163996,118.43112113509204,3.246969966080546,10.017304738882356,54.51444149451219,0,2026-08-25 06:31:44
2024-01-02 02:31:00,CNC-03,H,303.3560187099733,310.6307401605764,2544.7592846049088,21.50387986790883,211.89109796265944,3.6907201312678617,9.975364859687515,42.37478535338403,0,2026-08-25 06:31:44
2024-01-02 21:42:34,CNC-03,H,299.30562809024457,310.590257972627,2706.083397312306,12.433501546424981,51.57317363396976,3.2365685683799432,6.395804181546018,50.757542428945314,0,2026-08-25 06:31:44
2024-01-02 08:31:00,CNC-02,M,296.07584522237795,311.5200461542069,1823.4687006438405,42.564236563367565,211.58333728203417,3.2269278711093343,14.38120888812264,56.66980714820398,0,2026-08-25 06:31:44
2024-01-02 10:44:00,CNC-01,L,296.38025802258494,309.8784638993929,1338.8275169586577,48.5636291371303,20.449021394516308,2.0963362883902215,12.221596335128794,57.8391715827435,0,2026-08-25 06:31:44
2024-01-02 21:29:00,CNC-02,M,299.40325685610253,312.05198846805655,2574.6169751191032,18.074874708832553,115.51993729473057,3.2125397712525245,8.85162049762911,54.9864927366439,0,2026-08-25 06:31:44
2024-01-02 23:05:00,CNC-03,H,298.8261651603516,312.24519779701643,2703.29553716077,22.213302020038466,139.0347633534028,3.464762250839386,11.261280092088555,51.35745586427876,0,2026-08-25 06:31:44
2024-01-02 09:23:00,CNC-02,M,296.0339320708814,309.76554540802766,1510.0450328227057,43.982780773050855,30.57915951321446,2.1680286124803856,12.474597411379053,56.01542579600306,0,2026-08-25 06:31:44
2024-01-02 21:51:00,CNC-01,L,299.0488782777495,311.6356709920497,2692.158792461895,18.49808706695456,73.94952931821466,3.2968936734579883,9.31855505181357,47.97528336474801,0,2026-08-25 06:31:44
2024-01-02 15:49:00,CNC-01,L,298.5018364265395,312.75356287465956,1728.9249603749272,41.41927833938808,49.44125719809477,2.3840949480264197,13.584075993900164,51.22361760321255,0,2026-08-25 06:31:44
2024-01-02 03:03:00,CNC-03,H,297.53462719231675,311.4453710709915,2460.985296578887,23.792389221526722,248.16537364659672,4.06411672812471,10.881652082560219,55.759286603011226,0,2026-08-25 06:31:44
2024-01-02 01:18:00,CNC-02,M,298.20331324924405,311.1183373029581,2603.609187329185,19.19123014822258,128.8519531749379,3.2978518295116106,9.291961598828385,53.31215762058712,0,2026-08-25 06:31:44
2024-01-02 18:49:00,CNC-02,M,25.94988224029248,40.52286139682758,2003.6810398618925,34.58392198428434,166.65475612170906,2.989355301334361,13.108197331463842,58.423789394294985,0,2026-08-25 06:31:44
2024-01-02 20:30:00,CNC-02,M,299.1498047006379,312.29079053263973,2342.3856942991424,23.897970289066993,48.58216370859069,2.972727588542281,10.33454863038431,55.935470569750464,0,2026-08-25 06:31:44
2024-01-02 06:51:00,CNC-03,H,296.11805259519724,309.7197572397675,1773.7106818256334,37.02236815690739,61.17887214330612,2.3604313553742857,12.258682907777303,60.561122175563774,0,2026-08-25 06:31:44
2024-01-02 00:47:00,CNC-01,L,298.66441602104413,310.9172845137446,2606.9095222976907,18.057236131836316,83.04143152864263,3.1803993675546605,8.808914963399946,57.58088912005178,0,2026-08-25 06:31:44
2024-01-02 10:55:00,CNC-02,M,296.3970479702064,311.37433634666235,1326.6089528133168,54.60705950143611,174.93955697565147,2.337551327169509,13.684050923813295,54.67394750190125,0,2026-08-25 06:31:44
2024-01-02 13:52:00,CNC-01,L,297.2778243414635,311.6160685877095,1438.9309222239588,48.755751425221945,107.53945956357755,2.284619339565582,13.161717120677384,58.856672307048946,0,2026-08-25 06:31:44
2024-01-02 16:46:00,CNC-01,L,298.7842932684745,313.2879653607168,1858.0498693239745,38.412066562283776,131.97164639010649,2.7600590455458534,13.308000353941955,49.73756848642454,0,2026-08-25 06:31:44
2024-01-02 13:32:00,CNC-02,M,297.3132356467524,312.2255840317459,1407.324946592338,52.815534468673825,216.97287151566684,2.76510228044259,13.858646228506199,52.51286968457336,0,2026-08-25 06:31:44
2024-01-02 05:43:00,CNC-02,M,296.0051464669221,310.95817102852436,1915.7462862796174,37.46296743155907,218.06269061899346,3.3683592504329987,13.28663522295041,58.535361805622344,0,2026-08-25 06:31:44
2024-01-02 01:56:00,CNC-01,L,298.12508276402355,310.8999677820319,2509.096848245009,19.455362099622377,157.65993272403526,3.4648911557891315,9.178790592640944,51.375519502582435,0,2026-08-25 06:31:44
2024-01-02 21:58:00,CNC-02,M,299.16507719857833,312.52141669524076,2521.2979713994023,21.091402951980793,147.90772951541572,3.288398978184602,9.675404633661307,52.59465016098991,0,2026-08-25 06:31:44
2024-01-02 22:49:00,CNC-03,H,298.70539096470293,310.52211674115364,2790.044685803795,13.948710408527788,121.95473784522073,3.374043419283841,7.34146842974948,56.142863238313275,0,2026-08-25 06:31:44
2024-01-02 15:08:00,CNC-02,M,302.9695744488225,311.1928968379902,1645.7719786838127,40.5568197224215,113.99011492704113,2.3556086893801704,12.497230380381753,45.22780096939012,0,2026-08-25 06:31:44
2024-01-02 23:29:00,CNC-01,L,298.46222696019754,310.6099832243677,2738.7319381755633,14.861778580592372,179.98853860980017,3.7176043730375175,7.644294445888924,53.55221250643565,0,2026-08-25 06:31:44
2024-01-02 19:26:00,CNC-03,H,299.2814585775544,313.56241604554174,2318.427108105547,28.532622423644597,157.35696679156644,3.1422034378044827,12.618980571229049,54.92449207531782,0,2026-08-25 06:31:44
2024-01-02 17:12:00,CNC-02,M,298.38438908244956,312.4555681158863,1935.8449509797617,33.55641294546712,37.711494387747095,2.5881355456594837,12.0401232712373,53.509993730900426,0,2026-08-25 06:31:44
2024-01-02 01:18:00,CNC-01,L,298.0625374051601,310.2822393990993,2598.7389327135875,17.75989027506371,116.2699518377865,3.2879959010686965,8.802718069692844,55.30186811209359,0,2026-08-25 06:31:44
2024-01-02 15:18:00,CNC-03,H,297.7665086336406,312.20865130687537,1564.1196411183491,49.08505741053596,,2.3012755671223872,14.492912428436279,53.38269423328855,0,2026-08-25 06:31:44
2024-01-02 15:11:00,CNC-03,H,297.875855734288,312.10596214938266,1421.008252803178,48.849780541441056,78.64208758308152,2.026761943669404,,53.90808287085124,0,2026-08-25 06:31:44
2024-01-02 04:08:00,CNC-02,M,297.0685354332022,310.4871144948744,2402.0114823572117,24.859480601961636,98.0952226954131,3.0514849640352772,10.975455060466263,,0,2026-08-25 06:31:44
2024-01-02 11:01:00,CNC-03,H,296.20770672460196,311.1818777061392,1447.3764312365674,52.19341049893523,167.32164865524027,2.3810020213720064,14.19569043605625,55.71857408222033,0,2026-08-25 06:31:44
2024-01-02 15:54:00,CNC-02,M,303.5424712455092,312.2370351426602,1599.121312702375,44.39286039039094,182.3447330503075,2.7267776600640192,13.378752832711672,45.662376511678254,0,2026-08-25 06:31:44
2024-01-02 16:29:00,CNC-02,M,303.7698758754072,312.7005212960719,1556.6391369490539,46.02301764135076,232.95451905079995,3.147896590518539,13.458531042429998,46.84900349207039,0,2026-08-25 06:31:44
2024-01-02 01:22:00,CNC-01,L,298.2397964224978,311.2968419246135,2676.678614430046,19.481875400518007,120.61153644902897,3.334426016554456,9.797918775306615,54.24523005848038,0,2026-08-25 06:31:44
2024-01-02 00:38:00,CNC-02,M,298.83432023548266,310.2398387837203,2768.741327053872,12.034716375187672,85.71020470319397,3.433223150981347,6.124806841046643,55.44494428752452,1,2026-08-25 06:31:44
2024-01-02 03:49:00,CNC-02,M,297.09938950627287,310.19526967410184,2438.3683306284647,22.99622767800397,75.27295097166943,3.0187639698477455,10.34136039340867,51.61445560245798,0,2026-08-25 06:31:44
2024-01-02 19:53:00,CNC-03,H,299.5348081565378,313.8117221476748,2374.8517513689794,28.271198890432245,190.43654329215127,3.4095322523747007,12.287707279678608,54.27424720245117,0,2026-08-25 06:31:44
2024-01-02 04:15:00,CNC-01,L,296.28804771164977,309.6908026337453,2212.4197182063126,26.747937306600427,118.3226311697385,2.8927245083350424,11.025919115711933,56.37878581011417,0,2026-08-25 06:31:44
2024-01-02 18:01:00,CNC-03,H,299.0941573321843,311.95091242675534,1917.0873392074711,29.354933749362104,48.399265402325675,2.6269251129488556,10.38559680217096,55.942209912982776,0,2026-08-25 06:31:44
2024-01-02 19:25:00,CNC-02,M,298.826745679034,312.76407639931773,2284.7122308718413,26.731786336294338,211.73631304350934,3.6388673685904567,11.374583311020745,53.93802487752892,0,2026-08-25 06:31:44
2024-01-02 10:52:00,CNC-03,H,296.5301739872721,310.8340129597259,1394.109938437742,49.22427511920506,153.16551968876965,22.06311772307641,12.642478551675175,54.85780701635738,0,2026-08-25 06:31:44
2024-01-02 09:02:00,CNC-01,L,296.0996184854904,309.81978982992604,1544.630007685163,45.16170453168044,54.029138292364046,2.2626064462496194,13.130263803468418,55.67949129232914,0,2026-08-25 06:31:44
2024-01-02 15:55:00,CNC-02,M,303.5817032980955,312.9520356584062,1617.6862355736002,48.224209194371866,183.83392820544537,26.742476150119494,14.409389836432418,46.285333748779394,0,2026-08-25 06:31:44
2024-01-02 14:12:00,CNC-02,M,297.38520447138353,311.6046831331341,1408.7063948884102,49.44245503950457,28.082236238453966,2.044943464567908,12.934077592671766,55.75077201575862,0,2026-08-25 06:31:44
2024-01-02 18:59:00,CNC-03,H,26.28591210623324,41.17614959341279,2089.091485341577,37.407321078136235,123.67437951563618,2.8107165488327817,14.830875846443654,54.13390754729356,0,2026-08-25 06:31:44
2024-01-02 19:08:00,CNC-03,H,26.151599584195253,39.94447014654503,2107.462708720598,30.887324382902978,134.98583540636136,2.849127655977633,12.319610808466233,51.13097845513763,0,2026-08-25 06:31:44
2024-01-02 10:47:00,CNC-02,M,296.3304130259389,310.57579548339106,1344.635883190823,51.64275219110277,162.29314983209198,23.06639089906544,12.868994418806452,55.334336687639706,0,2026-08-25 06:31:44
2024-01-02 14:56:00,CNC-01,L,298.26939997980793,312.6881269453349,1332.9979055910346,50.925687135551904,206.47835454160975,,12.942228484963348,53.08280447569673,0,2026-08-25 06:31:44
2024-01-02 04:15:00,CNC-03,H,297.3889227908882,309.7448261450232,0.0,18.57489215468644,78.5888947802287,3.036613194865758,8.786748692603679,57.34035349164193,0,2026-08-25 06:31:44
2024-01-02 04:04:00,CNC-01,L,296.34378989895026,308.7332122274019,2498.1692126098947,19.09150999633647,104.98290848048002,3.1142507997230533,9.076247206270668,57.68619346128769,0,2026-08-25 06:31:44
2024-01-02 12:15:00,CNC-01,L,297.04313269296773,311.75075947142443,1445.0903614634365,51.46248888617703,164.71809258284839,2.6013484771257875,13.940141464083508,54.857495425953445,0,2026-08-25 06:31:44
2024-01-02 19:00:00,CNC-03,H,26.100876868145463,39.78909051903304,2162.9259817882844,29.798386937318178,124.93363515038176,2.8505885963153217,11.697919011296714,53.0344365001448,0,2026-08-25 06:31:44
2024-01-02 16:55:00,CNC-03,H,298.9688492799611,314.1680236614078,1805.9988660487265,42.462260648927426,230.5605502035849,3.2344022116194817,14.325029459177593,56.73048469580899,0,2026-08-25 06:31:44
2024-01-02 19:32:00,CNC-01,L,299.1257263693124,312.43040972974694,2240.0690005581755,24.950142192379566,139.98604528725522,3.1596693538794622,10.382621518728818,51.327680941429236,0,2026-08-25 06:31:44
2024-01-02 03:04:00,CNC-03,H,297.6018589211237,311.8618286438032,2405.190403187686,25.84834765833774,249.32359448974066,3.993582737902274,11.576413899608967,53.504457110421335,0,2026-08-25 06:31:44
2024-01-02 15:00:00,CNC-02,M,297.7479987365525,312.34721868183846,1647.9124341444167,43.931911955869715,101.92600197447592,2.4349810105342375,13.291586024523621,55.6394657018982,0,2026-08-25 06:31:44
2024-01-02 23:36:00,CNC-03,H,,311.8690573913316,2798.8558268653965,19.836214800111396,171.88736274681017,3.6131329632591336,10.566752595345331,54.07727860874177,0,2026-08-25 06:31:44
2024-01-02 01:44:00,CNC-03,H,303.49507640267507,310.1189302103983,2799.1635249992996,16.626708564919007,159.89885912112504,3.5146563344829778,8.821455769543874,44.645867152652315,0,2026-08-25 06:31:44
2024-01-02 19:44:00,CNC-03,H,299.4669894579638,313.6655127847492,2295.998468912653,28.73391892033112,179.43422600446758,3.184591563847998,12.590437379188794,51.46541344740861,0,2026-08-25 06:31:44
2024-01-02 01:46:00,CNC-03,H,303.7796880658984,310.20107224321134,2682.560299519477,16.859168113499294,162.09540711356257,3.4690822425961882,8.41441934588265,47.297639998942415,0,2026-08-25 06:31:44
2024-01-02 07:19:00,CNC-02,M,23.1807134204376,37.75392613028919,1777.1817104163565,40.85045739022496,107.0858435435345,2.571834143057728,13.561092947065838,56.8988949834953,0,2026-08-25 06:31:44
2024-01-02 01:07:00,CNC-02,M,298.6333929954866,310.2792794329799,2636.9941188052685,13.864802802022245,116.949191047378,3.2837837937143783,7.026278987706105,52.899528346444804,0,2026-08-25 06:31:44
2024-01-02 01:32:00,CNC-01,L,298.1698678019035,309.21344952694614,2564.025209979206,11.185886191909361,131.3288331944292,3.3586204305282954,5.433159249732733,52.72147289883691,1,2026-08-25 06:31:44
2024-01-02 15:33:05,CNC-01,L,298.6030684266187,312.3347769189785,1502.0501998311443,48.2116731650659,27.128585883836724,2.0354184970333535,13.444571448259321,56.71125712814234,0,2026-08-25 06:31:44
2024-01-02 01:28:00,CNC-02,M,298.3960600960808,310.8275259305806,2627.4422562474124,17.350577216291306,139.5865489258052,3.4143384526387317,8.514876163144757,53.255983459194155,0,2026-08-25 06:31:44
2024-01-02 08:18:50,CNC-02,M,296.0668015662918,311.13061478433474,1725.597953368002,42.97262908752702,192.52424767433777,2.84948415129967,13.825821764449767,59.04493285457465,0,2026-08-25 06:31:44
2024-01-02 18:33:00,CNC-03,H,25.82547916698354,40.176665518356856,2181.815452941361,32.792609091063035,90.37508758487974,2.7187534889690377,13.407354710834854,50.79977827787707,0,2026-08-25 06:31:44
2024-01-02 05:40:14,CNC-03,H,296.80260938656136,311.145023330159,2139.191402388528,32.57117263769147,185.00351431349415,3.198932619608694,12.908300278568499,59.94880148674904,0,2026-08-25 06:31:44
2024-01-02 08:39:00,CNC-01,L,301.5837135258872,309.1285774095625,1579.1736760583572,43.034507527039125,19.454782735500718,2.2198308871563572,12.604616497008395,47.8819164811367,0,2026-08-25 06:31:44
2024-01-02 23:44:00,CNC-03,H,298.5331751884235,310.6522787158089,2729.3527980422205,14.859534540061194,180.40186887506033,3.632476232538837,7.423159620885308,51.95107253463477,0,2026-08-25 06:31:44
2024-01-02 17:15:00,CNC-02,M,298.742779814657,313.2613466473589,1926.0466624856688,38.325900372581856,41.88048538597231,2.562313204785351,14.158874607711999,56.147149120288944,0,2026-08-25 06:31:44
2024-01-02 04:40:00,CNC-03,H,297.2637070778173,311.1056978682146,2297.148115750722,29.320734366057234,109.36370891732773,2.9781870093664735,12.685263256157233,55.744001745777254,0,2026-08-25 06:31:44
2024-01-02 02:54:00,CNC-02,M,297.9104118118496,,2343.23085704495,23.138911205385245,11.320833752332872,2.952175347707773,9.990095928666829,55.40970510928339,0,2026-08-25 06:31:44
2024-01-02 05:57:00,CNC-03,H,296.6439801883121,311.08343226056434,2062.955116550128,34.109072447987316,208.6510712883076,3.260390114326556,13.280585488030328,58.016433674843086,0,2026-08-25 06:31:44
2024-01-02 07:18:00,CNC-01,L,22.84591872567256,37.4332545572683,1877.593723841896,39.31706127373847,133.54322797674666,2.705164020236629,13.785283956995173,57.69475327299283,0,2026-08-25 06:31:44
2024-01-02 23:43:00,CNC-03,H,298.8273631193889,311.3638810089857,2686.4835114514735,16.778907702931626,179.34978896652385,3.559166153566134,8.354024714134997,53.51554019528349,0,2026-08-25 06:31:44
2024-01-02 10:06:00,CNC-03,H,296.1895518005641,310.5638738293135,1376.877434700107,54.217979385089166,80.73845206703484,2.0299546121395635,13.93124064297476,57.72457992876788,0,2026-08-25 06:31:44
2024-01-02 06:11:00,CNC-01,L,295.9998564572647,310.14445760626705,2010.1449239596245,35.052308634627174,41.20200837934545,2.5904809236513997,13.207104550693638,57.558742497753066,0,2026-08-25 06:31:44
2024-01-02 04:13:00,CNC-03,H,297.38081753973154,309.97672856841365,2244.685640757627,22.44034026902954,76.26191005489932,2.869145287509437,9.457995027012235,57.71881207436324,0,2026-08-25 06:31:44
2024-01-02 21:02:00,CNC-02,M,299.57776283103783,312.5344994592569,2609.8532200353366,19.690897160631106,85.2273209451722,3.2241094396007326,9.843259958298924,52.802973361544936,0,2026-08-25 06:31:44
2024-01-02 13:22:00,CNC-03,H,297.1429057501864,311.477893921871,1371.1278924082708,51.98356419649807,131.5590843302781,2.1260135605552803,13.48783323578657,58.593604098281766,0,2026-08-25 06:31:44
2024-01-02 03:53:00,CNC-02,M,296.99053805448165,310.34507532803514,2460.752963959097,23.725994080492033,80.01941228962016,3.0001066726205154,10.737894402659473,51.99863582472685,0,2026-08-25 06:31:44
2024-01-02 16:06:00,CNC-03,H,298.4536043819407,313.34472535895605,1877.926886652935,40.26598242357032,160.2631866929361,2.7334643632749818,14.248830244513677,52.56452840104841,0,2026-08-25 06:31:44
2024-01-02 11:03:54,CNC-03,H,296.2791925000614,310.9602501968976,1404.4500737128851,53.43112519333772,172.07785879028216,,13.943838102522323,59.51863580129525,0,2026-08-25 06:31:44
2024-01-02 18:05:00,CNC-02,M,25.976566204686492,40.0891585304347,2024.099931964073,33.44269450628165,109.63596393611445,2.667158587587891,12.68246807610667,53.67100546315679,0,2026-08-25 06:31:44
2024-01-02 19:37:00,CNC-03,H,299.22179857273846,313.027154048792,2227.4822642978493,28.223164951341953,170.87494252045718,3.119752228947653,11.886890601225396,51.78755489319627,0,2026-08-25 06:31:44
2024-01-02 09:52:00,CNC-01,L,296.16931798947166,310.48841645626146,1373.1718704428963,51.31650248854295,131.03748382358071,2.241777284294484,13.222403746716681,61.91377339532629,0,2026-08-25 06:31:44
2024-01-02 18:41:00,CNC-01,L,25.83734474361364,39.19195922401815,2269.741543883895,26.37951828352952,76.33061859001828,2.852417661183621,11.233681854990124,51.996929239225025,0,2026-08-25 06:31:44
2024-01-02 06:08:00,CNC-02,M,296.1772300816697,309.91891673799205,1999.0195229798933,33.59181345897126,9.355513815714858,2.5710494765766905,12.87916455963497,59.863494424553586,0,2026-08-25 06:31:44
2024-01-02 22:25:00,CNC-01,L,298.9125087715939,312.35642984143334,2483.5914342138362,23.770235052350547,111.29522022386615,3.1731814650211048,11.096339972780989,52.19883269723529,0,2026-08-25 06:31:44
2024-01-02 12:32:00,CNC-02,M,296.84530893466933,311.5078667567501,1400.991521139832,52.16022175209528,122.21440143645391,2.216728878494395,13.862333084371599,54.60423856370816,0,2026-08-25 06:31:44
2024-01-02 22:53:00,CNC-02,M,299.2819752969925,313.1499254082058,2694.3539132019437,19.95978132040566,207.50786851343116,3.9032112788430684,10.120504397847721,52.44973943210801,0,2026-08-25 06:31:44
2024-01-02 21:24:00,CNC-02,M,299.55494295878214,313.10482250292625,2626.571461484134,22.16040602339599,109.96386881840667,3.2396789849919405,11.10511758954339,55.74278439481422,0,2026-08-25 06:31:44
2024-01-02 19:40:00,CNC-01,L,299.4521864395234,314.19036123911,2281.495309345095,34.140861113753665,149.82092512820253,3.0658932458087733,14.457883317511232,52.24383081158674,0,2026-08-25 06:31:44
2024-01-02 13:33:00,CNC-01,L,297.79757043118656,311.5360304221569,1363.1748461180573,49.37764185816527,77.64748486609692,2.07573181387055,12.58492778004747,,0,2026-08-25 06:31:44
2024-01-02 02:20:00,CNC-02,M,298.02850910890777,312.2703799637598,2552.8019831351367,,196.47810920502496,3.670787910109961,12.199753396736137,52.23202900183329,0,2026-08-25 06:31:44
2024-01-02 13:51:00,CNC-01,L,297.3466667705709,311.46856517627594,1322.615203949608,51.78723749226533,105.9567054845606,2.003407468453695,12.73757113611678,56.637694035490235,0,2026-08-25 06:31:44
2024-01-02 04:54:00,CNC-02,M,296.3369007206046,310.1761924189517,2327.348052464292,26.17824595583368,155.10587904440962,3.303940797266768,11.255927648048113,56.04092841033541,0,2026-08-25 06:31:44
2024-01-02 23:12:00,CNC-03,H,298.78213743115714,311.18319171245514,2850.2063197597117,15.443818519241635,146.36788046225084,3.5209601785679325,8.24962377689452,54.951540092086944,0,2026-08-25 06:31:44
2024-01-02 16:32:00,CNC-02,M,303.60961156843024,313.3050990573828,1813.6565481984817,44.59394563054297,237.19887918343235,3.3808636761437207,14.953123570871227,46.01465833535842,0,2026-08-25 06:31:44
2024-01-02 03:45:00,CNC-03,H,297.79914538302705,310.158635674145,2392.5752413782398,20.429631372774153,43.03573943603729,3.0786890291877818,9.061977584204627,53.612684379313365,0,2026-08-25 06:31:44
2024-01-02 06:06:33,CNC-02,M,296.03447752852725,309.7878242950809,2099.956438049522,32.52175129930287,6.642691142050715,2.7333135117108345,12.740305129575946,57.5312904102515,0,2026-08-25 06:31:44
2024-01-02 18:01:00,CNC-02,M,298.7310971647237,313.1147520360578,2165.193966517404,31.877555232679015,104.36712975218227,2.8549655851859033,12.874624053737152,56.55010923076686,0,2026-08-25 06:31:44
2024-01-02 17:50:00,CNC-02,M,298.75459942575384,312.7244763391614,2024.875787399512,32.24915849500132,89.67389808640831,2.6854171479765165,12.328651308418285,55.375214870174,0,2026-08-25 06:31:44
2024-01-02 16:38:00,CNC-01,L,298.6395645905942,313.27249882228557,1716.8579194634485,45.51317011596308,120.62126965637034,2.488602580483518,14.758848994140386,52.552962803162394,0,2026-08-25 06:31:44
2024-01-02 08:43:00,CNC-01,L,301.6604399871483,309.8825515837425,1518.7076423871656,49.70116179068191,25.515004990398634,2.2438071374841475,14.192396283235484,45.04085435800138,0,2026-08-25 06:31:44
2024-01-02 16:36:00,CNC-02,M,303.6998070270176,312.6908706431106,1852.205280426873,38.79053795528113,242.88487756041445,3.5912165893582504,13.71824708002152,42.31933394354519,0,2026-08-25 06:31:44
2024-01-02 02:55:00,CNC-02,M,297.73664850947614,309.9721826709166,2494.0978544401487,19.6909061536482,12.4762564720168,3.0946795864450563,9.106656128851672,55.02981140043633,0,2026-08-25 06:31:44
2024-01-02 01:28:00,CNC-01,L,298.24846060003335,310.65426226453235,2691.6442884718354,16.859379817245127,127.01308817967276,3.464025408676276,8.196895982842879,56.06228092418977,0,2026-08-25 06:31:44
2024-01-02 12:09:30,CNC-01,L,297.0795510359904,311.8541551974646,1394.4506219204388,52.791841748041755,156.80730242439066,2.4768114307848275,13.620501724005415,59.95608288042871,0,2026-08-25 06:31:44
2024-01-02 14:17:00,CNC-02,M,297.24407636554156,311.45913694045026,1443.6760335129343,48.043129553686725,35.84676601421929,21.345909322100024,12.687260280079018,57.906354707813186,0,2026-08-25 06:31:44
2024-01-02 14:27:00,CNC-03,H,297.5667984771751,310.4130255521558,1513.8262250150406,40.13204177329983,10.852774279157263,2.146150600346061,11.626407938993307,58.32085401299626,0,2026-08-25 06:31:44
2024-01-02 10:31:00,CNC-01,L,296.059629930649,309.4203371804211,1443.9199625154222,44.26946496861958,,2.0422798955759034,11.709908115382683,61.02077318328469,0,2026-08-25 06:31:44
2024-01-02 06:56:00,CNC-03,H,22.842781840000384,36.996500392340295,1798.7061056827906,40.087925783192055,68.08651725144216,2.4568407656699653,13.432887701848266,62.50785465692964,0,2026-08-25 06:31:44
2024-01-02 13:03:00,CNC-02,M,296.8892017578362,311.45115769757865,1317.4245510556923,53.38771390416226,171.3277968585925,2.3867091440796226,13.137317203891731,60.528053310957056,0,2026-08-25 06:31:44
2024-01-02 18:50:00,CNC-02,M,25.70999079721571,40.19673657387017,2067.6402467724247,33.249930852758126,167.96813893387184,2.990717774430214,12.873060065729385,52.293950262843055,0,2026-08-25 06:31:44
2024-01-02 08:58:00,CNC-02,M,296.1145540721394,311.0515631109581,1509.9813412337405,47.96644431012331,252.11475614123944,3.3258888430397913,13.501158179076917,59.04473671783117,1,2026-08-25 06:31:44
2024-01-02 04:18:00,CNC-01,L,296.2970687105006,310.38384463273565,2369.1295043183463,28.501002143159923,122.02350562837113,3.0524613382276535,12.900384013615163,56.52516574344194,0,2026-08-25 06:31:44
2024-01-02 08:23:00,CNC-01,L,301.7676963788046,311.0890351420801,1722.411161213184,47.133616487684236,227.92386797015425,3.5848864074728564,15.465861773813963,47.4052916980472,0,2026-08-25 06:31:44
2024-01-02 10:21:00,CNC-02,M,296.4978523392519,311.42796209778714,1429.1042998779928,53.16990036283498,121.29317721129733,2.2552590872437848,14.18959041953086,59.57794705549305,0,2026-08-25 06:31:44
2024-01-02 04:43:00,CNC-01,L,296.05038022003026,309.55920456234526,2146.2770716665914,26.802251639319532,152.49918858492606,3.0707443913240087,10.781957735470586,60.2503200731788,0,2026-08-25 06:31:44
2024-01-02 09:49:00,CNC-01,L,296.11312187668904,309.8580415925162,1483.5209398728773,45.323228373573876,126.35003860597526,2.332250234177502,12.250372750531541,59.15822099129308,0,2026-08-25 06:31:44
2024-01-02 11:16:00,CNC-01,L,296.73181715020377,311.2977328821369,1487.7648364047786,49.894606965836154,71.13496201966997,2.249706197698986,13.891000433325349,57.89976213060228,0,2026-08-25 06:31:44
2024-01-02 18:31:00,CNC-01,L,25.837594644203023,40.09729159108679,2104.7944855622823,34.26965983276568,63.398650186194686,26.47701162698494,13.379298477726486,55.69744124442318,0,2026-08-25 06:31:44
2024-01-02 20:19:00,CNC-02,M,299.2050774797522,311.8878923354697,2451.1410330667663,20.041244587957323,35.65061337528194,3.1046321596287623,9.014190381003257,54.75324768032292,0,2026-08-25 06:31:44
2024-01-02 18:24:00,CNC-03,H,26.2281188258803,39.7158476939353,2038.133367610941,30.762983786500048,78.76070630825959,2.667713801389721,11.717544759990034,56.093876427020234,0,2026-08-25 06:31:44
2024-01-02 09:04:00,CNC-02,M,295.62275849475077,309.68949844652667,1443.6686404500283,49.05420581365491,1.5898375669485563,2.137066919764129,13.381004327020879,58.5877395025636,0,2026-08-25 06:31:44
2024-01-02 23:45:00,CNC-03,H,298.6584399726361,311.430990772393,2731.4587473540923,18.743796948132328,181.46178094605625,3.5770700423665396,9.533543883585345,55.527988797969,0,2026-08-25 06:31:44
2024-01-02 15:33:00,CNC-01,L,298.22729652990733,311.94945239794765,1517.5326231190247,44.038252178659135,25.589818523595756,2.182109278286424,12.480355526095575,53.08350898789462,0,2026-08-25 06:31:44
2024-01-02 02:01:00,CNC-02,M,297.8067643853999,311.18240447612476,2411.852146781177,22.790999758921327,175.45805677938532,3.4896278249956745,10.375050133602489,52.59208088370312,0,2026-08-25 06:31:44
2024-01-02 15:08:00,CNC-03,H,297.56103302485616,311.44816826027795,1523.6867129353218,44.884960825937355,73.99793608680342,2.1597514651434375,12.67507437781631,54.37474764388363,0,2026-08-25 06:31:44
2024-01-02 20:55:00,CNC-01,L,299.19955543708954,312.3978021502466,2263.1341300461,26.60667200962869,11.359101643841393,2.852662128312099,11.483022741759543,54.89208369313796,0,2026-08-25 06:31:44
2024-01-02 08:59:00,CNC-01,L,296.5849780794507,310.58960117664384,1663.7590503867211,44.30731732310301,49.48734438849602,2.247795601100287,14.030846582363788,61.47935976556712,0,2026-08-25 06:31:44
2024-01-02 12:11:00,CNC-03,H,296.7045705746459,311.25922714080775,1388.9228726833421,54.90959714102513,18.996235287917344,2.064338558181949,14.266903734954708,58.76535546184999,0,2026-08-25 06:31:44
2024-01-02 23:24:00,CNC-03,H,298.8904888925229,311.13111600284924,2756.0536576061204,17.11286572004485,159.16006064520369,3.5622557651420217,8.992652045509438,58.55154517176228,0,2026-08-25 06:31:44
2024-01-02 14:12:00,CNC-03,H,297.5953858318674,312.58711289867364,1460.908043589417,50.489785506273144,209.85118640731014,2.7123561403706815,13.901563130808478,51.55201132463359,0,2026-08-25 06:31:44
2024-01-02 22:21:00,CNC-01,L,298.8869852549765,310.77159380013967,2722.5702358269914,14.514669542776954,106.82412024785246,3.4200647695974435,7.251134666027138,54.10631529976127,0,2026-08-25 06:31:44
2024-01-02 01:27:00,CNC-01,L,298.36073195756916,310.65370914393213,2751.698622699536,15.699984610248421,125.94752258427972,3.4769004099804186,7.999912062796935,54.940499257474926,0,2026-08-25 06:31:44
2024-01-02 15:30:00,CNC-02,M,303.36179927421233,311.89866722389996,1666.2963551042315,42.436785611244574,146.9038162839804,2.4692021917542317,13.113213774722311,48.73400481630035,0,2026-08-25 06:31:44
2024-01-02 12:37:00,CNC-03,H,296.87703240151546,310.89364120743335,1372.1166119837533,51.42044328110321,60.35353051159641,2.050128493256412,12.930164909857329,56.290675851355886,0,2026-08-25 06:31:44
2024-01-02 04:17:00,CNC-03,H,297.40914229971554,310.8970860490225,2128.578552627653,29.844035536168626,81.07152583460115,2.7229439985609907,11.905074109794251,57.22699572441938,0,2026-08-25 06:31:44
2024-01-02 03:20:00,CNC-03,H,297.68323144986766,309.8243935297132,2483.0220993772296,19.184325568865724,13.66096624395881,2.9495757353151246,8.956712794539285,52.951427947237875,0,2026-08-25 06:31:44
2024-01-02 20:27:00,CNC-02,M,299.390135179483,312.4913655895672,2214.051771447478,959.8079155662427,45.07776226672644,2.8024614031054695,10.808864297358765,52.73134018828253,0,2026-08-25 06:31:44
2024-01-02 02:18:00,CNC-01,L,297.58160029559514,310.89017308264556,2644.624475904633,19.295954752681265,181.88047519248724,3.823185489385759,9.706422526719644,54.009279611558156,0,2026-08-25 06:31:44
2024-01-02 13:04:00,CNC-01,L,297.33176871102006,310.90134891789603,1373.7972321525717,49.27418889724637,287.13990170318203,2.166051010315691,12.578176774403506,51.099391130359905,0,2026-08-25 06:31:44
2024-01-02 21:13:00,CNC-02,M,299.4870142025042,312.8576625149578,2571.7620310444886,21.450494107938834,97.61786762772313,3.1235032857078266,10.262629879183946,53.48847214801209,0,2026-08-25 06:31:44
2024-01-02 02:54:00,CNC-01,L,297.3959929026632,309.3536120110587,2557.6543961621237,17.79797381985379,23.6238862274358,3.0638916290038147,8.509393237134582,57.94648747287725,0,2026-08-25 06:31:44
2024-01-02 12:53:00,CNC-02,M,297.2616779091699,312.07980423910846,1383.4219015491458,51.633063225063076,155.4818615943054,2.424281301118756,13.22360361021251,57.71283852630734,0,2026-08-25 06:31:44
2024-01-02 02:08:00,CNC-02,M,298.17216719240497,311.6927820271099,2563.702763814644,22.022416047363325,183.1686980268893,3.557314945277343,10.805246168136406,55.11283476202205,0,2026-08-25 06:31:44
2024-01-02 06:01:00,CNC-03,H,296.61786541940006,310.59886551321824,1914.677871257394,32.01910168056002,213.9777383554577,3.223306276524659,11.194974783475264,59.339954050442586,0,2026-08-25 06:31:44
2024-01-02 18:02:00,CNC-01,L,299.0037168587259,312.36181375047454,1997.546857107404,31.74030980983846,25.350009364414916,2.6073417358741495,11.790374756935549,53.3744565309607,0,2026-08-25 06:31:44
2024-01-02 00:04:00,CNC-02,M,299.02280441594183,309.66499029888416,2788.410826212924,10.826673985250618,49.667975789607624,3.2616354734913284,,50.1317837475319,1,2026-08-25 06:31:44
2024-01-02 18:05:00,CNC-03,H,25.957462196053882,39.52931469298255,2059.4820561455663,30.62491421454742,53.721785667930895,2.537631259743033,11.652576986895035,51.40604199766978,0,2026-08-25 06:31:44
2024-01-02 17:53:00,CNC-03,H,299.31884494057044,312.98968138674724,2025.1984209536436,34.55871815788892,37.73948545918141,2.6440663297936786,13.146017177643309,52.77824551185764,0,2026-08-25 06:31:44
2024-01-02 23:57:00,CNC-03,H,298.662641544514,311.4233168063346,2592.703166900704,17.881726928224236,194.1335748008549,3.6795685827457882,8.830506714989909,57.179202573748356,0,2026-08-25 06:31:44
2024-01-02 10:25:00,CNC-02,M,296.37130673172584,310.9122931799165,0.0,52.035415756368344,127.61044636247371,2.284757496266427,13.847702291081799,62.53916384746385,0,2026-08-25 06:31:44
2024-01-02 13:10:00,CNC-03,H,297.3586056075273,311.81933679841484,1458.0382760214843,49.866270149259044,112.55722303983568,2.225412993186323,13.748341202553256,58.67551699927759,0,2026-08-25 06:31:44
2024-01-02 06:53:00,CNC-01,L,296.17068709702005,310.654278688749,1739.8612530826258,,98.54225372796667,2.517555869891245,13.915481650783963,54.83419048514356,0,2026-08-25 06:31:44
2024-01-02 08:12:00,CNC-01,L,301.1484456850054,310.26223599917006,1793.5351744606207,43.73507877245453,211.6039663590586,3.3649333217726207,14.71475490574755,51.1373406080903,0,2026-08-25 06:31:44
2024-01-02 07:02:00,CNC-03,H,22.723600202449234,36.41212431264961,1785.5024939690895,36.746691610295855,76.58211151116588,2.5259030331475003,12.29165203983081,58.172504728487496,0,2026-08-25 06:31:44
2024-01-02 09:23:00,CNC-01,L,295.84745459407685,310.1326893305703,1422.541929369749,50.48788928504798,86.2462284944206,2.106188176423974,13.348532540327149,57.445363520784944,0,2026-08-25 06:31:44
2024-01-02 07:59:00,CNC-03,H,22.73279816351095,38.06344608896802,1725.1690724260384,47.685130213132105,158.62158062619037,2.6004687851353303,15.309134663060526,58.32097021849092,0,2026-08-25 06:31:44
2024-01-02 01:15:00,CNC-01,L,298.4475177346446,311.0813803643578,2705.481751894396,18.573267319945273,113.01034129295523,3.4613467132359546,9.717735676766125,49.634130150231,0,2026-08-25 06:31:44
2024-01-02 08:33:00,CNC-02,M,296.0643310808019,311.2735947841798,1818.3072733902732,42.61179882014821,214.46596056706468,3.1353800552848337,14.738860357229836,60.53712330476785,0,2026-08-25 06:31:44
2024-01-02 04:42:00,CNC-02,M,296.63178094149447,310.3102452403562,2237.7345940354153,28.14852352218016,140.04745768824066,30.041504107066444,11.955790881090744,56.37497349687075,0,2026-08-25 06:31:44
2024-01-02 05:52:00,CNC-02,M,296.06823106537865,311.44035587302176,1894.372750376644,40.29328769401825,229.929246933103,3.4236767992861754,14.199798126585224,56.987861286737676,0,2026-08-25 06:31:44
2024-01-02 14:08:00,CNC-02,M,297.1744807107791,311.5796274788625,1401.895847943348,50.72505225538215,21.78368437979579,2.101400242215621,13.202739952456948,59.36052429729802,0,2026-08-25 06:31:44
2024-01-02 22:48:00,CNC-02,M,299.38027983096254,312.9627901746487,2739.635657629147,18.586075709924394,202.21480476981318,3.8413920058645474,9.494494931739347,52.41615581670261,0,2026-08-25 06:31:44
2024-01-02 18:07:00,CNC-02,M,25.774389137978005,39.96758575696549,2179.4820910060275,31.230136524070147,112.17369716770966,2.9049386448591923,12.744882323204408,54.9147804976936,0,2026-08-25 06:31:44
2024-01-02 15:03:00,CNC-02,M,297.5674378085011,312.0529373104348,1602.2870215238538,44.31902082412492,106.4574459705195,2.3049494900722207,13.237562736281262,52.178275486571394,0,2026-08-25 06:31:44
2024-01-02 13:42:00,CNC-01,L,297.49521109678,311.7311798652627,1398.1825240808007,50.454778108602575,91.72761642116004,2.165523843685098,13.09955629136406,52.533782732274275,0,2026-08-25 06:31:44
2024-01-02 21:33:00,CNC-01,L,298.99383708269204,311.12955670809873,2598.7859159631366,17.34867119031258,54.17495453297645,3.1261826492854117,8.604672981592632,51.18880001269994,0,2026-08-25 06:31:44
2024-01-02 21:35:00,CNC-02,M,299.56398509120856,313.0086881296003,2531.712949840868,22.259398093026995,122.15392576798759,3.2376888769743357,10.56814284506107,49.397983132078124,0,2026-08-25 06:31:44
2024-01-02 08:52:00,CNC-02,M,295.806496873845,310.91614198421246,1519.678192455553,47.924511943183475,243.01142573586952,3.4334366927115587,13.578220418934471,58.764146202565456,0,2026-08-25 06:31:44
2024-01-02 12:55:00,CNC-01,L,297.34945730941644,311.48781297677147,1398.0620282150915,53.500830733596125,17.30701458414717,2.040814542820728,14.122694954020853,59.27263564825744,0,2026-08-25 06:31:44
2024-01-02 20:19:00,CNC-03,H,299.4749062160373,313.81996714243667,2453.9047919101645,27.4618077056814,221.39341079088723,3.6467760927651875,12.751628841056707,49.76270697742946,0,2026-08-25 06:31:44
2024-01-02 06:19:00,CNC-01,L,295.7090709315283,308.8122838499873,1932.2535349446757,31.18372664587165,51.94976456252549,2.502839193943736,11.233013261852056,62.43338593199552,0,2026-08-25 06:31:44
2024-01-02 19:55:00,CNC-02,M,298.72420339566816,311.6442481715645,2297.2310375041134,24.297811469924664,7.171468025019027,2.8668229042542763,10.290169369281756,55.777139151689774,0,2026-08-25 06:31:44
2024-01-02 14:05:00,CNC-02,M,297.3675561526875,311.6946744897072,1489.5072528223147,49.03665927896313,17.18340087368102,2.194906234355826,13.777453250257151,54.942043681714075,0,2026-08-25 06:31:44
2024-01-02 10:13:00,CNC-02,M,296.19148947081317,311.1032815998836,1516.5404744217294,50.88495876848637,108.66800492626004,2.3573714397396213,14.573006451887293,58.479412812388425,0,2026-08-25 06:31:44
2024-01-02 07:22:00,CNC-01,L,22.267219683705264,37.31442757269218,1930.3138787058851,39.08734593517636,139.15325568612616,2.8151886283153766,14.202492822345182,62.22242497340825,0,2026-08-25 06:31:44
2024-01-02 12:21:00,CNC-02,M,297.06687234452534,311.5817190254371,1371.882762430538,53.73022822722941,104.72548122185387,2.12325226006888,13.822587536324637,55.561082613335785,0,2026-08-25 06:31:44
2024-01-02 06:17:00,CNC-03,H,296.58773712949056,310.0893754363507,2117.571722525519,32.819696883198425,14.722758210699366,2.6550500203330896,13.017019918642536,57.68384400632948,0,2026-08-25 06:31:44
2024-01-02 16:55:00,CNC-02,M,303.8690352933915,311.8873934014627,1704.6267648711557,,14.207402441496075,2.3759077549966636,12.83997219948238,46.35215327774881,0,2026-08-25 06:31:44
2024-01-02 10:53:00,CNC-03,H,296.1479827845154,310.68777031058556,1349.3166632966374,53.24716649702036,154.76551968876964,2.2466682343368496,13.398871242959652,64.46463749107497,0,2026-08-25 06:31:44
2024-01-02 13:53:00,CNC-03,H,297.96914729993586,312.7661319646457,1435.255894154497,52.40134316919368,180.036180985662,2.4762013852420135,14.075726302457266,57.38407774357739,0,2026-08-25 06:31:44
2024-01-02 20:12:00,CNC-03,H,299.5013737561309,313.11863113477045,2325.009531065811,25.21875326590068,213.12259017209507,3.4922065791233976,,52.21948906336868,0,2026-08-25 06:31:44
2024-01-02 23:17:00,CNC-02,M,299.29518216868615,312.16267629704754,2611.1409164476277,20.316964661549523,9.59145669349725,3.1938283413547643,9.980767706863224,50.922670285473245,0,2026-08-25 06:31:44
2024-01-02 08:36:00,CNC-02,M,295.8637068645519,310.9432054530797,1781.816859128679,41.65231501786329,218.97559045734016,3.205749956500823,13.765582622576474,61.936889508408704,0,2026-08-25 06:31:44
2024-01-02 17:29:00,CNC-02,M,298.65854503584006,313.0686722541006,1932.1384454892534,36.79443278299956,61.139723849164746,2.662141053150642,13.227255436629438,52.240927997278035,0,2026-08-25 06:31:44
2024-01-02 03:08:00,CNC-03,H,297.382951348763,309.29558333271103,2544.5808064007256,17.888510813722178,0.0,3.094017263804282,8.645355410191755,59.480622910188664,0,2026-08-25 06:31:44
2024-01-02 06:38:00,CNC-01,L,295.94745662113826,310.70185767057154,1906.3568915391984,41.35125369385892,77.86246742288932,2.5111016516657156,14.697137115154389,58.01114842097748,0,2026-08-25 06:31:44
2024-01-02 12:36:00,CNC-01,L,297.07326905227336,311.74678672591295,,54.7723926261081,198.10994781064298,2.798526842380307,13.972145270427951,57.794625312152284,0,2026-08-25 06:31:44
2024-01-02 11:11:00,CNC-03,H,296.41509334153494,311.1780641855475,1376.5107510338958,53.6275740779785,183.1551496762299,2.356742735341904,13.619697245822332,57.789480169199415,0,2026-08-25 06:31:44
2024-01-02 13:47:00,CNC-01,L,297.8394385483514,311.8013022787011,1409.0001485676787,48.369777237470984,99.63193768385571,2.259672283888123,12.612691039053884,63.801466269632485,0,2026-08-25 06:31:44
2024-01-02 12:41:00,CNC-01,L,297.5521619837486,312.15549573524777,1284.7794801907692,54.33363512565553,206.08901985288355,2.773803674066397,13.339554032051735,57.340561208357265,1,2026-08-25 06:31:44
2024-01-02 00:25:00,CNC-01,L,298.82929155017035,310.28993305175703,2592.5715125411753,14.493986845095863,59.51793862787553,3.158169688781376,7.088330675393773,54.271401050179584,0,2026-08-25 06:31:44
2024-01-02 21:07:00,CNC-01,L,298.80026457372435,311.6451661927738,2529.0412823112306,22.73580541249347,25.150869753942715,3.1152055490368427,10.7425405803588,56.814892667248785,0,2026-08-25 06:31:44
2024-01-02 17:03:00,CNC-03,H,298.70997740098267,313.71795228772527,1858.4975847371234,40.93180345601405,241.7003916649019,3.4521281945285,14.23380072192959,54.492230959957396,0,2026-08-25 06:31:44
2024-01-02 03:28:00,CNC-03,H,297.6031101737917,310.62888439994015,2349.141914064612,25.032568945046915,23.10768588572269,2.9449848790732145,10.81137916993293,54.28794692285263,0,2026-08-25 06:31:44
2024-01-02 03:38:00,CNC-02,M,297.35055951917946,309.40782476132,2404.5059224265815,18.541402484005417,62.25354158790526,2.9221412851288844,8.247106569608453,59.54254587272588,0,2026-08-25 06:31:44
2024-01-02 12:58:00,CNC-02,M,296.6963074217312,311.77423095676596,1410.9960814748947,55.26572512557253,163.38560292307804,2.4670399770381923,,55.319612473234514,0,2026-08-25 06:31:44
2024-01-02 02:58:00,CNC-01,L,297.4243738823921,309.6914491290266,2463.38854133907,20.177876478666608,28.15828291056394,3.011482677426403,9.307771221283769,52.66498515155877,0,2026-08-25 06:31:44
2024-01-02 10:42:00,CNC-03,H,296.1695941507346,310.47130291129264,1332.5433465396673,51.35849244524947,137.4472745847537,2.1331490367101877,12.909168047696312,57.53514132437132,0,2026-08-25 06:31:44
2024-01-02 13:44:00,CNC-03,H,297.5741362064096,312.6590170631261,1554.8408114386361,48.76975660214562,165.9136186284519,2.465636052831515,14.051077544768274,56.80655049281229,0,2026-08-25 06:31:44
2024-01-02 12:22:00,CNC-02,M,296.94061317877714,311.1891854630431,1449.4108387720441,47.33939793125375,106.32548122185386,2.190121193380623,12.409045708831822,56.521408408289595,0,2026-08-25 06:31:44
2024-01-02 03:58:00,CNC-02,M,297.095866401679,310.88717410131414,2312.6430977447712,28.116610226204234,86.00851888889058,2.8882074255346666,11.967831102293495,58.32345929994838,0,2026-08-25 06:31:44
2024-01-02 22:36:00,CNC-01,L,298.6575393452221,310.66810997919725,2658.451158529956,15.207049613651943,123.3707108813407,3.309723912052052,7.470039966601501,51.957751885246985,0,2026-08-25 06:31:44
2024-01-02 10:41:00,CNC-03,H,296.0352805493421,310.4449912641372,1471.4264218041674,48.634052853548894,135.85518295687478,2.3122059566997963,13.511940300746026,56.88327851341243,0,2026-08-25 06:31:44
2024-01-02 09:38:00,CNC-02,M,296.3530727560995,310.5538288321514,1482.9093760678572,46.42374466672009,53.86301707733512,2.090297445187712,12.668330468155235,58.40207995173673,0,2026-08-25 06:31:44
2024-01-02 22:41:00,CNC-02,M,299.3421343978903,312.8837108826362,2669.0005450604926,20.721711978638986,194.70703974707916,3.829310743220414,10.287030222181432,50.14676926059843,0,2026-08-25 06:31:44
2024-01-02 00:55:00,CNC-03,H,298.5785324483287,311.0600100983611,2711.526894116786,17.6222019808242,107.24965643447605,3.31786761075179,8.737842735258456,53.21947707622846,0,2026-08-25 06:31:44
2024-01-02 11:03:00,CNC-03,H,296.1253181932945,310.52054190459506,1435.2543210225679,50.343307322921085,170.47785879028217,2.341919892278858,13.637511589059057,56.664110406852835,0,2026-08-25 06:31:44
2024-01-02 08:57:00,CNC-01,L,296.1503283090069,309.62867670721135,1549.9655631914,41.585617492707875,46.544661838913534,2.1486085891329174,12.145750684725781,56.643094622373354,0,2026-08-25 06:31:44
2024-01-02 03:39:00,CNC-02,M,297.23690159982567,310.87541679859856,2359.2773532640144,27.588794852961644,63.4560058946913,3.037241630869189,12.04490312663943,58.60640409407162,0,2026-08-25 06:31:44
2024-01-02 15:59:00,CNC-02,M,303.77114053347833,313.1268674432199,1781.6594930271551,43.55401521258632,189.5935583600186,2.936355282201471,14.751485778753088,42.20962740648453,0,2026-08-25 06:31:44
2024-01-02 11:06:00,CNC-02,M,296.2886617587032,311.0973421274689,1344.8859275367056,53.16267262483263,192.3047930375417,2.603656136729062,13.633949993452863,64.42956358546422,0,2026-08-25 06:31:44
2024-01-02 09:53:00,CNC-02,M,296.1745908223601,310.5075583274125,1622.8703803262665,44.63456136386305,77.27281248567589,2.3189703813019107,13.530780564917924,57.9900109335414,0,2026-08-25 06:31:44
2024-01-02 21:39:00,CNC-01,L,299.0945200678698,310.8189687630841,2715.6414942194424,15.076853859147898,60.818929729566065,3.327929546622101,7.444631378368596,51.773075290588004,0,2026-08-25 06:31:44
2024-01-02 23:48:00,CNC-03,H,298.68043827830934,311.0979478233823,2818.3621776576,15.70295042423925,184.6028167119798,3.736525370224235,8.252950542683553,51.59321606344419,0,2026-08-25 06:31:44
2024-01-02 03:34:00,CNC-03,H,297.7255618079579,311.0099254532149,2381.3501786040115,24.97936939498632,30.071344961179445,2.929112349221554,10.965910732241564,51.849513024976694,0,2026-08-25 06:31:44
2024-01-02 00:51:00,CNC-01,L,298.5097244873024,310.0334789189537,2709.8029986435004,14.333169272669275,87.3873381577712,3.371611995433781,7.220449226359826,53.57567948333898,0,2026-08-25 06:31:44
2024-01-02 21:55:00,CNC-03,H,299.1680917089455,311.1335266996235,2811.9602409258746,14.131468700764058,63.585402983963114,3.3808828225120733,7.429765447581903,52.80107572413605,0,2026-08-25 06:31:44
2024-01-02 06:26:00,CNC-02,M,295.983584110434,310.066498282819,1983.199173109816,36.753935630417686,33.47258078585816,2.6140906491952007,13.695766424584283,56.39436438928265,0,2026-08-25 06:31:44
2024-01-02 00:59:00,CNC-03,H,298.6361502608363,311.3945365766866,2630.2825537369054,18.020938078868625,111.47809490133248,3.2516224904650404,8.908367178513574,57.79059170495651,0,2026-08-25 06:31:44
2024-01-02 16:22:00,CNC-03,H,298.2561284621049,313.6350000535485,1788.0480039606814,44.16173912062534,183.36160583826177,2.9108248398586896,14.773552489982416,56.28096753706301,0,2026-08-25 06:31:44
2024-01-02 16:11:00,CNC-03,H,298.12202534798143,312.6145013765105,1935.8245437394207,36.650108999514806,167.459119206321,2.876328284207169,13.086252714236602,50.80030533707065,0,2026-08-25 06:31:44
2024-01-02 10:34:00,CNC-02,M,296.3612840017196,310.955924888167,1542.440853446264,46.194538986436534,141.80751983922121,2.340262223685361,13.440853375533969,60.68824397220687,0,2026-08-25 06:31:44
2024-01-02 00:11:00,CNC-03,H,299.09526453371063,311.78492794535936,2665.90991648747,19.367707588572387,60.36685236788032,3.193231451930769,9.811282301716597,53.22751027602047,0,2026-08-25 06:31:44
2024-01-02 22:33:00,CNC-03,H,299.1035739015712,311.98651467582835,2585.0854186313577,21.381263025678884,104.65679634416988,3.246769550029273,10.249419524874167,53.020867350302666,0,2026-08-25 06:31:44
2024-01-02 03:21:00,CNC-01,L,297.0956602188503,,2351.547226763368,24.56947892786225,54.70956918128516,2.981411175231862,10.742539092519706,53.47899548893341,0,2026-08-25 06:31:44
2024-01-02 22:51:00,CNC-03,H,299.2821636958017,312.06223524527104,2777.4310928136088,18.006414858106144,124.03550246508644,3.325531827045489,9.143211929737273,53.80373578976976,0,2026-08-25 06:31:44
2024-01-02 15:48:00,CNC-02,M,303.47345039111207,312.45057956736656,1591.2873394642504,48.82206109355868,173.61970688408795,2.6178929177171226,14.394877179613378,42.91867838852364,0,2026-08-25 06:31:44
2024-01-02 00:21:00,CNC-02,M,298.8726482999098,311.1134156586656,2760.5933178877253,17.39963260389547,67.6115194011982,3.267772118839493,8.635054549140547,57.38380497912303,0,2026-08-25 06:31:44
2024-01-02 10:16:00,CNC-01,L,296.1125015961178,311.0797878417329,1356.6980099579903,55.751914791903666,168.66148034907428,2.586627002159611,14.426367087045765,60.983830596521216,0,2026-08-25 06:31:44
2024-01-02 04:31:00,CNC-02,M,296.60242407034474,310.2856266690878,2216.779150694445,28.19546093965756,126.21686588906998,2.9694574968633605,11.859265584531666,57.12036804403957,0,2026-08-25 06:31:44
2024-01-02 10:20:00,CNC-01,L,296.4532268124878,311.6105878356532,1478.2655447360635,54.76804827000822,174.95767107670486,2.72471045061602,15.353597269633916,56.90174650038168,0,2026-08-25 06:31:44
2024-01-02 04:02:00,CNC-02,M,297.164632021803,310.30890700582046,2399.4572513537605,25.665240044730087,90.91443777245576,3.0134502796618157,11.863870280154734,58.36181976816762,0,2026-08-25 06:31:44
2024-01-02 22:31:00,CNC-03,H,299.1265880023732,311.51008247100935,2649.4970432141968,17.67879989353855,102.43152856917943,3.1716300828395685,8.89353100502562,54.65140142540366,0,2026-08-25 06:31:44
2024-01-02 02:43:00,CNC-01,L,297.63468072005367,309.33487747638196,2686.67719410783,15.514911758485013,11.118830514627952,3.2055920359109678,8.00009815007824,56.14719180918874,0,2026-08-25 06:31:44
2024-01-02 11:58:00,CNC-03,H,296.9231120032458,312.0358205303754,1396.8735926192778,54.392497749315794,257.71777634277885,3.2444512670188335,14.193201110305536,57.52542284926722,1,2026-08-25 06:31:44
2024-01-02 19:33:00,CNC-01,L,298.97058720751716,312.68538678384016,2414.009623443793,26.708565378290803,141.17692685604908,3.2396885826015756,11.987820952937197,53.026424605177674,0,2026-08-25 06:31:44
2024-01-02 07:52:00,CNC-01,L,28.510737821936004,37.713939709695524,1666.1504155330788,46.96941794350594,182.2031879565075,2.8126218932017437,14.640466748376385,49.405865228903636,0,2026-08-25 06:31:44
2024-01-02 19:24:00,CNC-02,M,299.16216336389084,314.2246077908999,2230.554144383325,32.22921223236182,210.51145362022086,3.5487097621191768,13.491861873972407,49.62554556872575,0,2026-08-25 06:31:44
2024-01-02 17:54:00,CNC-03,H,299.20351471277314,312.9182968612605,2032.1206920404186,32.12576001137376,39.071783320290976,2.615030667389361,12.47592457136583,52.34487161119895,0,2026-08-25 06:31:44
2024-01-02 20:34:30,CNC-03,H,299.47178197121104,313.7706098001306,2516.884247299468,26.550101694236606,238.93134573770698,3.8861897190970858,12.4962340820586,55.35570182186634,0,2026-08-25 06:31:44
2024-01-02 04:46:00,CNC-03,H,296.92253546287077,310.36417050791897,2227.8059455986486,27.39406064504753,116.85462902406762,2.888047049135716,11.260589990524155,57.34846269596153,0,2026-08-25 06:31:44
2024-01-02 00:15:00,CNC-01,L,298.6341918649746,310.13716830056245,2830.952067151138,13.842509027281562,48.8686416969418,33.36612942996526,7.343664386901867,53.27958487897309,0,2026-08-25 06:31:44
2024-01-02 22:24:00,CNC-02,M,299.28627620513083,312.77143748249284,2552.1068566867484,21.020980913853684,176.4346601038278,3.542656340257639,9.95362774348543,52.25889995273835,0,2026-08-25 06:31:44
2024-01-02 01:10:29,CNC-03,H,298.2871929638725,311.34588021467243,2644.2504043209856,20.51688516017866,123.28424630915458,3.3069081334413752,10.292236567918266,56.42082679470898,0,2026-08-25 06:31:44
2024-01-02 00:34:00,CNC-03,H,298.78389823104794,310.3382846242446,2763.976672358785,13.538847841055459,84.8292982455608,3.405285692094372,7.1340193646861305,55.51257351427542,0,2026-08-25 06:31:44
2024-01-02 13:07:00,CNC-02,M,296.84284473887186,311.71535616698367,1394.0447362900231,52.12211372279744,177.65834522836744,2.4484985846149616,13.622882772354528,58.77184368379156,0,2026-08-25 06:31:44
2024-01-02 07:25:00,CNC-02,M,22.998863368433263,37.44732092935385,1887.5561060116847,39.23384119018097,115.67397510795418,2.610886740898382,13.9205092316437,57.29446066590698,0,2026-08-25 06:31:44
2024-01-02 23:20:00,CNC-03,H,298.85713105208504,310.44329453389724,2805.7170038302224,11.308103344515597,154.950789698717,3.4917556631783007,5.809621210684719,52.9086343733027,1,2026-08-25 06:31:44
2024-01-02 20:12:00,CNC-02,M,298.817846421105,312.1826767912593,2230.7972905756233,26.92115186644523,27.433469627135413,2.8803424127306916,11.2590864427539,56.54470914050822,0,2026-08-25 06:31:44
2024-01-02 15:46:00,CNC-01,L,298.56763401253016,312.5437299867988,1727.6579310886698,41.02773424449982,45.02011379026692,2.3882329322764533,13.442904007061577,62.57485879434246,0,2026-08-25 06:31:44
2024-01-02 18:46:00,CNC-03,H,26.163944398195042,40.18379397272798,2048.0395513066487,31.92430827590354,107.1818961161991,2.6893384228157604,12.203519993805234,55.06391857908065,0,2026-08-25 06:31:44
2024-01-02 00:03:00,CNC-01,L,299.0234574333219,310.0486751161947,2861.7066784253666,12.73530729813299,36.22280428890477,32.85748828792728,6.718053273280953,47.81222059768249,0,2026-08-25 06:31:44
2024-01-02 00:07:00,CNC-02,M,299.09033807371156,311.20180481972994,2786.3608367232655,15.537952453358587,52.80427956882626,3.3684078041632572,8.299955797009732,52.35458748692804,0,2026-08-25 06:31:44
2024-01-02 09:34:00,CNC-03,H,296.1238360890948,310.23467800607597,1467.6498223679384,50.58526198697492,30.95221472064534,2.111724964350681,13.992096343985224,52.056712189608476,0,2026-08-25 06:31:44
2024-01-02 04:19:00,CNC-03,H,297.1158735428304,310.79418533792295,2284.074255124974,28.376680895156603,83.46572864673858,2.932637777898829,12.143056591535643,56.70843349286621,0,2026-08-25 06:31:44
2024-01-02 18:42:00,CNC-03,H,26.33299164665715,39.59651470283649,2088.359923147192,27.86522481179712,102.00182841713013,27.090409320337983,10.936626478275429,54.520008115147064,0,2026-08-25 06:31:44
2024-01-02 13:57:02,CNC-01,L,297.827537225097,311.89112942657744,1362.437376171644,49.91491878659146,113.80164715305087,2.2020123321238203,12.490469040580903,59.6144137916707,0,2026-08-25 06:31:44
2024-01-02 20:13:00,CNC-03,H,299.6651335893654,314.25598751759316,2314.2355026981763,29.59568436614039,214.32570386050946,3.516867532226286,12.910210517419246,54.71964727472548,0,2026-08-25 06:31:44
2024-01-02 20:23:00,CNC-03,H,299.2606700645466,313.33644229922805,2465.983932645629,24.970647252008877,226.05673880861372,36.95052124183575,11.57460141500643,55.87648096110851,0,2026-08-25 06:31:44
2024-01-02 19:34:00,CNC-02,M,299.286899998152,314.191655611868,2276.856259237248,30.53445539762424,222.77797790427928,3.627537603926373,12.762713634948591,49.75841735748138,0,2026-08-25 06:31:44
2024-01-02 12:49:00,CNC-01,L,297.6503898704065,311.2715665660911,1359.3625649316668,49.46381507849716,7.886642092798649,2.0123367682528848,12.60510935638091,59.2657339643626,0,2026-08-25 06:31:44
2024-01-02 02:55:00,CNC-03,H,297.6951819025257,312.0424891845265,2445.721645207789,26.393115106184215,239.07150013593426,3.9722926886453984,12.087702483603355,57.61779623372701,0,2026-08-25 06:31:44
2024-01-02 21:06:00,CNC-03,H,299.57799784593834,311.36624157240993,2556.4321992436594,16.957941800972872,9.078757581590956,3.1299027511105644,7.949716150241087,50.304546549554125,0,2026-08-25 06:31:44
2024-01-02 02:34:00,CNC-03,H,303.48084930573134,311.51510229035335,2427.343748745785,25.907388572198425,215.32745144182252,3.6322428729927925,11.656313544901973,46.15444953307906,0,2026-08-25 06:31:44
2024-01-02 08:28:00,CNC-02,M,295.93504999593426,311.0930678692106,1603.6946136387407,48.83832067789032,207.23356653387538,2.8800927641074945,14.312513440533529,58.06126879449214,0,2026-08-25 06:31:44
2024-01-02 08:46:00,CNC-03,H,296.0956585384363,311.2571006732028,1477.2566978704137,51.59045749988529,228.72208264573212,2.909412495400303,14.42210238549318,56.596115208603,0,2026-08-25 06:31:44
2024-01-02 07:07:00,CNC-01,L,22.746721202417177,37.385940378005955,1875.7016361147366,41.309260037393514,118.11080260974309,2.649361164572511,14.220048046456768,59.87995769926866,0,2026-08-25 06:31:44
2024-01-02 14:00:00,CNC-03,H,297.39525904355486,312.28008380018883,1470.8995718608946,51.510037516843795,191.0358004370836,2.5759481370675488,14.161973898939724,,0,2026-08-25 06:31:44
2024-01-02 00:47:00,CNC-02,M,298.7104968400382,310.27127291076516,2759.511487951269,13.633396878032826,95.33119135106709,3.220414386698062,7.124404316661401,57.439945690750676,0,2026-08-25 06:31:44
2024-01-02 05:03:00,CNC-02,M,,311.4212926356822,2157.4004199306833,33.60327967317213,166.32735852864664,3.0372210658350856,13.556616329888978,58.045406884347486,0,2026-08-25 06:31:44
2024-01-02 06:45:00,CNC-02,M,296.1086857057002,309.98322146847806,1941.8919026588173,35.04583518621635,59.28365908345523,2.620044368852114,12.59375483983438,57.50808335007835,0,2026-08-25 06:31:44
2024-01-02 15:45:00,CNC-03,H,298.16420117230933,313.3768414323149,1728.0136131666131,47.63740555079136,129.42690112599576,2.421705107242831,15.427090798004896,50.71542222590119,0,2026-08-25 06:31:44
2024-01-02 13:25:00,CNC-02,M,297.20315198539714,312.6442685543355,1426.7210750549116,55.17201399079204,205.98637317007612,2.8409118547686933,14.843172908004567,55.91570050635396,0,2026-08-25 06:31:44
2024-01-02 17:03:00,CNC-02,M,298.3444468341175,312.2676781921199,1872.1846036096833,35.894264015467186,25.276995822965546,2.5374133537994426,12.366760153173503,54.021163932489564,0,2026-08-25 06:31:44
2024-01-02 16:50:00,CNC-01,L,298.66340342100403,312.69328603306167,1789.5564403635526,36.98919266461055,137.5302916432653,2.690455502705884,12.29746547571731,52.633497568731045,0,2026-08-25 06:31:44
2024-01-02 10:30:00,CNC-01,L,296.2659783067439,311.58457074622163,1462.2683647483288,57.46527374416069,190.79782241179473,2.7726413532809557,15.640688394969354,56.28652063305499,0,2026-08-25 06:31:44
2024-01-02 20:38:00,CNC-01,L,298.98716283938705,313.21007529261607,2361.937641783947,27.348650670876218,218.71959466925315,37.673791016762955,12.06015172429879,56.003343723290804,0,2026-08-25 06:31:44
2024-01-02 01:33:00,CNC-01,L,298.2647625642858,311.5004200310589,2789.350734905474,18.98791808245708,132.37501993208292,3.452384543235516,10.01408652006221,51.975633436503344,0,2026-08-25 06:31:44
2024-01-02 02:29:00,CNC-03,H,303.37993840895723,311.0784360312535,2479.847923622494,23.381213929013192,209.66549082969271,3.7183374914709626,10.885097875436706,41.34749426264535,0,2026-08-25 06:31:44
2024-01-02 23:33:00,CNC-03,H,298.8933743417679,312.3771593351986,2676.3637739077385,20.95665411135993,168.67811067030564,3.551589111069154,10.72241365781502,56.587987455662336,0,2026-08-25 06:31:44
2024-01-02 06:24:00,CNC-02,M,295.9634567448603,309.754702458328,1904.5321782088315,34.54368956260535,30.770352888670445,2.435354106730977,12.400406697631361,54.572710694977445,0,2026-08-25 06:31:44
2024-01-02 08:42:00,CNC-02,M,296.044556010217,311.68036491618614,1521.0991758988919,52.38009255377851,227.9306955313539,3.2377354582717346,14.700241392363488,63.836201549746285,0,2026-08-25 06:31:44
2024-01-02 16:51:00,CNC-01,L,298.54819116630705,312.76884874207707,1726.596453644525,40.75598049027613,138.96295840869544,2.6302579676323123,13.098108635878386,52.26651888638805,0,2026-08-25 06:31:44
2024-01-02 00:36:00,CNC-02,M,298.8267928352258,310.70930685338675,2692.3280102471244,15.313210775712948,83.55861702466184,3.2668175335317264,7.593301074695539,50.32121612785497,0,2026-08-25 06:31:44
2024-01-02 11:22:00,CNC-03,H,296.29500746358093,311.4657838963831,1416.3412384057729,55.263756394197515,200.6597699137826,2.65503993784205,14.508147024280257,55.270744780504494,0,2026-08-25 06:31:44
2024-01-02 18:23:00,CNC-03,H,26.133781606066748,40.01468491677929,2116.6180524605575,31.138953802414907,77.44864818545953,2.6393264155839082,12.501568269605059,58.37891079904606,0,2026-08-25 06:31:44
2024-01-02 06:55:37,CNC-01,L,23.11671969079657,37.254081059725706,1752.5556794710362,40.64238060352749,102.7056424301343,2.4007636634407588,13.421842153176998,55.47121550882847,0,2026-08-25 06:31:44
2024-01-02 00:06:00,CNC-02,M,298.93692652106034,309.6027883302017,2797.615513197603,9.631214064772,51.737719871185455,3.2960926107648314,4.896968373715438,52.04012546329103,1,2026-08-25 06:31:44
2024-01-02 16:08:00,CNC-03,H,297.9878811001642,313.03112862126653,1748.0731666507031,45.44497322768942,163.13884409827145,2.592527313700422,14.952690932775724,54.164467007934704,0,2026-08-25 06:31:44
2024-01-02 18:24:00,CNC-02,M,25.675798999215203,40.55973800786529,1954.2578775555958,37.29306198415418,134.58001115972112,2.752836880110575,13.894219443888016,54.05183884259736,0,2026-08-25 06:31:44
2024-01-02 23:59:00,CNC-03,H,298.8910751214117,311.7787944051065,2628.353991090793,18.20328880255933,196.29968893724967,3.723463900853707,8.87474273492816,54.346059772369166,0,2026-08-25 06:31:44
2024-01-02 02:47:00,CNC-01,L,297.4787006573373,309.6320112198274,2458.932738224633,19.630308294383486,15.711776567271501,3.1022064680626396,9.042012358898457,56.51021389170987,0,2026-08-25 06:31:44
2024-01-02 08:07:00,CNC-01,L,301.53147245365847,310.22919067712326,1643.2728118237944,43.779190215848686,204.27506848466214,3.04349208189681,13.587640106365834,49.293364895228514,0,2026-08-25 06:31:44
2024-01-02 23:44:00,CNC-01,L,298.41817552045677,311.56753156003464,2661.8815295720733,19.483901081957388,195.96790073701314,3.894282930821948,9.46740387056001,50.44506114139371,0,2026-08-25 06:31:44
2024-01-02 12:08:26,CNC-01,L,297.0573249631635,311.85752526752015,1343.4515893842404,54.70104974045155,155.2257188808451,,13.738607183685124,,0,2026-08-25 06:31:44
2024-01-02 22:17:01,CNC-02,M,299.6396630114306,312.6275946332435,2588.973934177527,18.22133175187065,168.75048995119178,3.5025308133804196,9.071833099375896,47.976998942680694,0,2026-08-25 06:31:44
2024-01-02 16:36:00,CNC-01,L,298.2570977695139,312.3659806700978,1732.5720673569551,39.18276918338036,117.74079121990441,2.4907162833370493,12.768723410947256,53.33688048873947,0,2026-08-25 06:31:44
2024-01-02 18:30:00,CNC-02,M,25.692067951783827,40.76112006584361,2051.663333443517,36.18694408052981,142.45593919318495,2.897444656819712,14.054557970427203,52.97018157496694,0,2026-08-25 06:31:44
2024-01-02 18:26:00,CNC-01,L,25.78013247575211,39.94299740583017,1999.7195551082407,36.6445396813229,56.955183676563806,2.710040092125889,13.405146006698839,54.501922751427884,0,2026-08-25 06:31:44
2024-01-02 04:49:00,CNC-03,H,297.19828598720886,311.19491717518014,2181.7905626516654,29.50517623285005,120.61866739254933,2.8895698440718007,12.04267022678365,54.677010871697654,0,2026-08-25 06:31:44
2024-01-02 08:42:00,CNC-01,L,301.5973257512096,309.56071393334753,1509.4751092165395,46.8963180554628,23.981372063424953,2.072892171658661,13.093596613396855,46.160506321446164,0,2026-08-25 06:31:44
2024-01-02 18:08:00,CNC-03,H,26.029757696388344,39.98052567181725,2097.4818845329155,32.72988942489826,57.738007580803135,2.689427003198141,13.176278005699245,52.21059715168679,0,2026-08-25 06:31:44
2024-01-02 17:58:00,CNC-01,L,298.7992008868973,312.23341343149156,1980.2965331908176,33.130047819454596,20.052998153541385,2.6657114080578497,12.354186324320576,54.15594241914346,0,2026-08-25 06:31:44
2024-01-02 07:53:00,CNC-02,M,22.841592009121484,37.98568166231473,1790.4956777773643,44.6710292739654,155.74022219175936,2.5883830276781117,14.68577984403147,57.62181784161468,0,2026-08-25 06:31:44
2024-01-02 04:40:00,CNC-01,L,296.19103968950134,310.37850520586966,2374.935171589006,28.94502609348349,148.79076508773542,3.4505352810429506,12.910676213522656,60.79440275148208,0,2026-08-25 06:31:44
2024-01-02 13:23:00,CNC-02,M,297.26092194538455,312.70901498540513,1486.9471612426541,52.387778961579556,202.87983056360494,2.7492834863549485,14.514306960904618,56.13143313387798,0,2026-08-25 06:31:44
2024-01-02 11:11:00,CNC-01,L,296.37289383441,310.28306696935243,1342.8659883978335,52.03268105747733,63.22358356174531,2.158335908290047,13.010737636173582,56.6975276718286,0,2026-08-25 06:31:44
2024-01-02 07:41:00,CNC-02,M,22.8311159838932,37.89865297149299,1784.9617825698117,43.26579701083305,138.34983789129004,2.6986358290338375,14.277190206854877,59.54274136857402,0,2026-08-25 06:31:44
2024-01-02 13:05:00,CNC-03,H,297.1579268621502,311.05439311446577,,46.82856686557766,104.65595389586173,2.2347604202343923,12.757032009927537,55.036671631045735,0,2026-08-25 06:31:44
2024-01-02 05:55:00,CNC-03,H,296.5833002674976,311.58242757758063,2202.9545566024412,33.16335910052876,205.98581136683987,,13.639363277351276,59.29208360460561,0,2026-08-25 06:31:44
2024-01-02 21:08:00,CNC-02,M,299.52306258717283,312.7784340010827,2487.392066190397,20.81549666909889,92.01896573546357,3.1506531471681254,9.821065702514137,52.44035000564825,0,2026-08-25 06:31:44
2024-01-02 19:33:00,CNC-03,H,299.28557684879155,313.595554972116,2284.15091296242,29.531126376232653,166.0018756275276,3.1479550260001865,12.40296443446424,56.34964012703218,0,2026-08-25 06:31:44
2024-01-02 22:34:00,CNC-01,L,,312.11052244205456,2537.985044341782,22.590070554491806,121.21935729737265,3.2194108186798243,10.838495257581627,51.152434588550314,0,2026-08-25 06:31:44
2024-01-02 06:13:00,CNC-03,H,296.4422223792671,310.2307718672434,2022.9374029357612,34.38280256237224,9.386809335177366,2.563383372932953,13.115902619707482,54.096986649578035,0,2026-08-25 06:31:44
2024-01-02 18:45:00,CNC-03,H,26.273838225873646,40.58252011191843,2133.9177857876452,32.155014933527596,105.88037316500021,2.829567672597449,12.732811955126463,50.89165375277777,0,2026-08-25 06:31:44
2024-01-02 22:33:00,CNC-01,L,298.86717383059283,311.9835016784963,2497.2459854354693,21.197228087387458,120.08629535223079,3.257536506398816,10.163449832245023,53.6294501595876,0,2026-08-25 06:31:44
2024-01-02 01:11:00,CNC-02,M,298.52508792165133,311.5698818598224,2570.304022579184,19.695724272402767,121.38396631230536,3.3088243859069344,9.363927333986378,52.1472687965382,0,2026-08-25 06:31:44
2024-01-02 21:43:00,CNC-02,M,299.44873068402154,312.5416217284167,2659.5569137564457,19.219606928863097,131.0401457396087,3.3643077729757795,9.718976674974565,52.49485604460522,0,2026-08-25 06:31:44
2024-01-02 03:42:00,CNC-01,L,296.8734751825117,309.3790828785279,2390.5773178419345,20.35295961365974,79.13851283868516,2.8910460980450003,9.224195661505714,58.110795975046436,0,2026-08-25 06:31:44
2024-01-02 21:36:00,CNC-01,L,299.03427013890115,311.08822611148463,2656.902510572649,16.766620129541792,57.502677987036954,3.0939832266095735,8.356220669975956,53.385046329147116,0,2026-08-25 06:31:44
2024-01-02 16:58:00,CNC-01,L,298.78259348646856,313.65678713138635,1912.3346433667411,40.09429556479805,148.67408014588287,2.832902347756527,14.573689248210009,54.374098769925105,0,2026-08-25 06:31:44
2024-01-02 01:02:00,CNC-03,H,298.4964725276651,311.0739044647402,2624.813391326663,18.221926477933284,114.68955463097751,3.245295172308425,9.14296953415576,57.4921687041947,0,2026-08-25 06:31:44
2024-01-02 12:02:00,CNC-01,L,297.1125531933534,311.5084566037485,1303.8302583636066,53.39433123479466,144.06113322988185,2.3075046401268184,13.081511392484867,51.871462357057325,0,2026-08-25 06:31:44
2024-01-02 13:55:00,CNC-01,L,297.58944483302446,312.07624238656723,1455.1741864558282,49.91045164231685,112.22034903903116,2.3180207121360428,13.470266269365647,55.16432521778637,0,2026-08-25 06:31:44
2024-01-02 19:37:00,CNC-02,M,299.19839538750927,313.9181855784709,2345.9398835407283,28.275567765214543,226.36617416429306,3.7639039701312593,12.6218001680261,58.92057542650956,0,2026-08-25 06:31:44
2024-01-02 19:56:00,CNC-02,M,299.2105047705864,312.4519067001422,2334.6506501803337,24.735744906674924,8.3801052480406,2.968772113476435,11.04645322361039,55.68217535294887,0,2026-08-25 06:31:44
2024-01-02 20:05:00,CNC-02,M,299.2336177875292,312.44139391814537,2350.3951262909986,24.684422532905213,19.093387508265597,3.0155858428977034,10.752552620807599,54.50023333285125,0,2026-08-25 06:31:44
2024-01-02 04:53:00,CNC-01,L,296.192524271514,310.2530840532896,2136.7250083859913,31.57893336771089,165.00628751417935,3.1057028582943835,12.621716167774704,57.23608993107361,0,2026-08-25 06:31:44
2024-01-02 18:20:00,CNC-03,H,26.085550549449408,40.51780620037351,2035.904936187916,36.836718820447864,73.58212073990208,2.6820283345360862,14.136105040733243,52.11771353499496,0,2026-08-25 06:31:44
2024-01-02 07:04:00,CNC-01,L,22.788601346294968,37.82780229459189,1817.2505407914061,43.97721578152999,113.91103689276925,2.616664425578219,14.980331685648586,66.96699499964974,0,2026-08-25 06:31:44
2024-01-02 05:53:00,CNC-01,L,295.7836450758447,309.50709765037107,1904.0577990902623,36.753227841138816,17.119857792645135,24.923203491388136,12.91342856835217,60.39472527042304,0,2026-08-25 06:31:44
2024-01-02 23:47:00,CNC-03,H,298.55592491082325,311.36855673964254,2698.7388448719257,18.2146272261594,183.5728167119798,3.5637539206462514,9.242507434432339,51.736336008374465,0,2026-08-25 06:31:44
2024-01-02 14:56:00,CNC-02,M,297.38604659465517,311.7123187406332,1342.5306075292522,52.54219799185425,95.78641376868377,2.0431056647694437,13.150259907147742,55.50221587357552,0,2026-08-25 06:31:44
2024-01-02 06:10:00,CNC-02,M,296.05096370398024,309.8033260517234,1967.5178426691946,34.547122778357355,11.984701133644032,2.519708006583576,12.713607341462273,60.51060097181167,0,2026-08-25 06:31:44
2024-01-02 04:07:00,CNC-01,L,296.2866077243562,309.61081452368626,2361.098462010076,25.665420471956025,108.65300592617051,3.0232772859032218,11.407935087120663,59.656182879528174,0,2026-08-25 06:31:44
2024-01-02 22:26:00,CNC-02,M,299.30227815020595,313.47991507624954,2602.5163844519066,24.141834164396023,178.59900255203092,3.5966054070856055,11.472506331261295,56.26928751014038,0,2026-08-25 06:31:44
2024-01-02 05:42:00,CNC-02,M,296.29718834490683,310.7955372416725,2188.2918673469107,30.67671922434918,216.69834599475485,3.514584991681647,12.483644896364252,60.44987728365662,0,2026-08-25 06:31:44
2024-01-02 00:27:00,CNC-03,H,299.0691185115604,311.65011190925964,2581.8472064646617,19.7497629916602,77.34081545844502,3.0554108385662477,9.343382529553528,53.59435502796469,0,2026-08-25 06:31:44
2024-01-02 05:28:00,CNC-03,H,296.97994082267394,311.44549961938253,2142.1500731557294,32.82334160378423,170.62858834464214,3.057180580797922,13.569141278120416,55.90401763453921,0,2026-08-25 06:31:44
2024-01-02 10:39:00,CNC-01,L,296.0518854740813,309.01213841870214,1304.5575871445567,45.70033196169141,12.570532382010112,2.00766116894369,11.0951425369308,58.22170648102839,0,2026-08-25 06:31:44
2024-01-02 05:22:00,CNC-02,M,296.10416942067656,310.3616259609323,1926.3159525701735,34.0039750848209,190.7970702409374,3.030917792231296,12.252873881822682,56.49592274291395,0,2026-08-25 06:31:44
2024-01-02 17:53:00,CNC-02,M,298.9158905312366,312.91048588520516,1984.894158364931,31.654158056543956,93.7077598966646,2.65142307215598,11.658651065205344,53.511032854886686,0,2026-08-25 06:31:44
2024-01-02 13:20:00,CNC-03,H,297.3563812663993,4119.363857672564,1433.8966974283874,52.473077039735536,128.3780295518177,21.97809959439091,14.066811292742218,56.48273983418486,0,2026-08-25 06:31:44
2024-01-02 14:14:00,CNC-02,M,297.16238754567814,311.35675630301944,1453.1487359768514,48.927177857511346,31.194398141704994,2.0564940804631364,13.37405941506162,57.74562208363486,0,2026-08-25 06:31:44
2024-01-02 09:01:00,CNC-02,M,295.9710863403889,312.03433987281267,1579.8441820748355,54.598713479958505,256.66468770700163,3.5342653392047105,16.01577635085469,61.516588909977344,1,2026-08-25 06:31:44
2024-01-02 20:25:00,CNC-01,L,299.03630219066287,313.203610981761,2296.194972953909,27.35427134293105,203.61709731425174,3.6532900711472784,11.982330819508551,57.06295603603649,0,2026-08-25 06:31:44
2024-01-02 02:05:00,CNC-02,M,298.1814799325449,310.8935338102768,2675.2227622389937,17.706060594661807,179.7685683548,3.7649158405872756,8.785557741859332,52.90445897607933,0,2026-08-25 06:31:44
2024-01-02 13:11:00,CNC-01,L,297.71253498084866,311.5846638115016,1362.0500462055415,51.88299765425748,42.6957832543828,2.011506927128363,13.175805758949908,56.24940370411107,0,2026-08-25 06:31:44
2024-01-02 23:59:00,CNC-02,M,298.80986309063206,310.64244313435995,2672.9279083315932,12.904782930646777,54.35163868332801,3.2576018535338327,6.5817243493600825,51.35741211716018,0,2026-08-25 06:31:44
2024-01-02 22:39:00,CNC-02,M,299.539748051286,312.7443787372416,2596.5088325100983,18.621851982700864,192.50304340725762,3.6598722725189856,9.027510343606876,48.83288355104858,0,2026-08-25 06:31:44
2024-01-02 16:33:00,CNC-03,H,298.2912261580796,313.27337313,1802.8429466188063,40.59722113445647,199.2917301839411,3.04761381674091,13.783680056604707,58.45572231778054,0,2026-08-25 06:31:44
2024-01-02 16:56:00,CNC-03,H,298.96933258935263,313.8624652555103,1890.6260911135441,39.729401910319396,231.92725137929912,3.2000377905572046,13.899800711460449,49.417818524059804,0,2026-08-25 06:31:44
2024-01-02 22:08:51,CNC-02,M,299.379385407179,313.00723690755007,2574.9822057298943,20.41220039747125,161.146090654698,3.4313285931667683,147.17001113186524,50.308406883439616,0,2026-08-25 06:31:44
2024-01-02 05:10:00,CNC-01,L,296.3328940959634,311.1303892067765,2148.9960723605227,33.7740084633015,186.28969571177552,3.34055021119814,13.601159698066315,64.81937048630945,0,2026-08-25 06:31:44
2024-01-02 09:43:00,CNC-03,H,296.1853989016397,310.0958488206529,1475.4392993769163,48.25187890835617,44.88675405702086,2.198430628762828,13.34783636304793,55.84184914532155,0,2026-08-25 06:31:44
2024-01-02 08:59:00,CNC-02,M,295.95998762278464,311.57480103706655,1687.3647375573041,47.16620350735552,253.60319029459527,3.655851910823278,14.760747964601695,60.631296182592465,0,2026-08-25 06:31:44
2024-01-02 04:20:00,CNC-01,L,296.4374197414199,310.1113705782286,2387.2357947033383,25.57674858939781,124.40499122183199,3.107766028213169,11.486069795334307,58.89652400586395,0,2026-08-25 06:31:44
2024-01-02 18:54:00,CNC-03,H,25.992258824971998,39.82681486545914,2312.2646877668703,27.42063088445373,117.37473208882811,3.0016512715190364,11.758067008604927,53.34300944511326,0,2026-08-25 06:31:44
2024-01-02 00:11:00,CNC-01,L,298.84233565826054,310.6355753404914,2667.284361797902,15.637908860821076,44.73651544630447,3.2971775294856775,7.681109081320612,54.743471001811066,0,2026-08-25 06:31:44
2024-01-02 05:06:00,CNC-02,M,296.5503724039965,311.56425195118504,2136.7495036329597,35.091857045851455,170.14005565032517,3.0280480790359996,14.014309224946013,59.50806211711572,0,2026-08-25 06:31:44
2024-01-02 02:29:00,CNC-02,M,298.1015516005038,312.573593001092,2402.5495489041564,27.437261113246556,206.49721577036718,3.573835141971836,11.968066007369242,58.73620511644113,0,2026-08-25 06:31:44
2024-01-02 20:09:00,CNC-02,M,298.98678361690725,311.46352410208414,2486.5458773869586,19.48313169929836,23.849789454785146,3.028053207753143,9.287034085700625,49.57927538729203,0,2026-08-25 06:31:44
2024-01-02 02:50:00,CNC-03,H,303.3486362197735,310.9942314180555,2562.678202386037,22.762870407152803,233.34636318343436,3.833626401539364,10.684507145138804,42.5752789835333,0,2026-08-25 06:31:44
2024-01-02 10:40:00,CNC-01,L,296.6243183044755,310.62134627986745,1529.3690521898775,47.56517921049699,14.125258759084264,2.1262139327884566,13.68563885094232,61.81163527629174,0,2026-08-25 06:31:44
2024-01-02 13:48:00,CNC-01,L,297.54410663114265,311.78335219000945,1379.6137950447574,54.651054340416856,101.21648788298981,2.0801903675177034,14.009994564647625,57.52040317823922,0,2026-08-25 06:31:44
2024-01-02 00:56:00,CNC-01,L,298.69204649957146,311.8524579987929,2655.0608111893057,20.422827642022234,92.58635309811142,3.320410234827006,10.052394045665617,54.86069520687202,0,2026-08-25 06:31:44
2024-01-02 02:30:00,CNC-01,L,297.86432311326024,311.8668120317432,2458.261634628308,25.60398095290831,195.11809396643977,3.7259903981947278,11.76531639704239,57.76038331054769,0,2026-08-25 06:31:44
2024-01-02 14:17:00,CNC-01,L,297.79286911500725,312.4045606740183,1503.0597183861234,48.44771648142994,146.58081974846831,2.5849424392746183,13.602940799888488,57.72941981645991,0,2026-08-25 06:31:44
2024-01-02 03:09:00,CNC-03,H,298.10266586326367,309.98818168727126,2581.724450938487,17.067582517689807,1.0916413121710162,3.1377729105108214,8.239960844137872,54.48368629053272,0,2026-08-25 06:31:44
2024-01-02 12:57:00,CNC-03,H,296.83929287993755,311.21347110991775,1376.9154443661112,53.0969887414039,92.07069560129743,2.1742124497086284,13.843808714073809,55.372517072664124,0,2026-08-25 06:31:44
2024-01-02 21:00:00,CNC-02,M,299.2677567200912,313.07535777518933,2503.0145459546643,25.015891194911596,82.95364849629033,3.064389574957402,11.570544191868178,52.207930051727885,0,2026-08-25 06:31:44
2024-01-02 04:39:00,CNC-03,H,297.22045264111665,310.0100706124638,2242.449272073847,23.839473627939604,108.15115991318248,2.8656327156294865,9.81710229867608,57.24803082282623,0,2026-08-25 06:31:44
2024-01-02 21:42:00,CNC-01,L,299.28871503272524,311.2551975543576,2463.6443616582314,17.31982786506349,64.13944274710305,3.1245186021117863,7.885808159403189,54.017585725297266,0,2026-08-25 06:31:44
2024-01-02 03:10:00,CNC-03,H,297.50321040856454,309.3578578732083,2557.7919468031446,17.75383650994682,2.209320185089653,3.141261061690428,8.431338620007061,57.48202201725207,0,2026-08-25 06:31:44
2024-01-02 13:56:00,CNC-02,M,297.5435998326555,311.90525060043234,1510.257046888252,49.2419677271725,0.0,2.1037661291124996,14.099284161650171,54.698398099978874,0,2026-08-25 06:31:44
2024-01-02 13:51:19,CNC-03,H,297.6074723350544,312.44906180143784,1515.9105394588892,49.08192924782468,178.43618098566202,2.4703124127576395,13.855455802093276,58.72092324392051,0,2026-08-25 06:31:44
2024-01-02 07:30:00,CNC-01,L,22.97595334399557,37.580824974134714,1786.9086202851875,40.034556911587906,150.50762702330252,2.8536071715419182,13.20496208776754,60.17137513875013,0,2026-08-25 06:31:44
2024-01-02 22:59:00,CNC-03,H,298.9606487351848,311.7473368600412,2685.0063264409887,18.774634470347593,132.63521596117334,3.367447719866009,9.578367580587852,57.019625470256685,0,2026-08-25 06:31:44
2024-01-02 18:51:00,CNC-02,M,26.00773689468224,40.77863729594259,2149.740913502418,33.57507931675543,169.23806793926758,3.1594972448923797,13.58548437086721,53.16613529041246,0,2026-08-25 06:31:44
2024-01-02 14:04:05,CNC-03,H,297.7326322151521,312.57026743905976,1437.1635645637102,53.875949904781244,198.98561643343308,2.6739384810729345,14.442473746827938,55.19821402584432,0,2026-08-25 06:31:44
2024-01-02 04:51:00,CNC-02,M,296.54340415345985,310.67841752878815,2255.1152114762426,29.982775501120415,151.2909470341878,3.0767564605670246,12.609728465771218,57.36124821116414,0,2026-08-25 06:31:44
2024-01-02 08:40:16,CNC-02,M,296.2597690999827,311.52847909877727,1615.0827663894108,48.36479518171509,223.41589936153778,3.0808703806754125,0.0,58.5946206432377,0,2026-08-25 06:31:44
2024-01-02 02:47:00,CNC-03,H,303.1397522201265,311.3250512724069,2448.7047646304195,26.005926413016958,230.01466217849983,3.8525078844661196,11.865005724571974,47.90767979652459,0,2026-08-25 06:31:44
2024-01-02 17:28:00,CNC-01,L,298.73234231096706,313.2532313034889,2014.4000043523338,35.82087765475833,189.92632268783464,3.3452587465199173,13.534231795725113,56.70855640229715,0,2026-08-25 06:31:44
2024-01-02 05:56:00,CNC-01,L,295.8948699842118,310.1706127266232,1994.9448644203314,37.24700954174349,21.110284690333703,2.5714675571577947,14.169148455283299,63.34401458292243,0,2026-08-25 06:31:44
2024-01-02 07:31:00,CNC-03,H,22.765918256323175,37.12233574960459,1706.6785397621932,43.79514345415313,117.81429117313847,2.3917345262262835,13.980742662316798,59.21667328146336,0,2026-08-25 06:31:44
2024-01-02 02:50:00,CNC-01,L,297.5612979325482,309.3157181357449,2675.854335062561,16.18427205368635,19.087050562021155,3.2264771518401294,8.011896542583987,54.250314695878686,0,2026-08-25 06:31:44
2024-01-02 03:14:00,CNC-03,H,297.8804002671373,309.80987868598015,2463.0074649986177,18.64422050869453,6.750764525015468,3.01300216910894,8.590975837753142,54.639729174921314,0,2026-08-25 06:31:44
2024-01-02 13:12:00,CNC-03,H,297.39790981963705,311.84663848946104,1466.2352592429888,50.64213137829081,115.72996417408044,2.160116544188405,14.0038861882753,54.188520429222145,0,2026-08-25 06:31:44
2024-01-02 00:08:00,CNC-02,M,298.9665523751457,310.62054029109305,2765.179911801063,14.079120962315862,53.83427956882626,3.276326592409649,7.056154579214913,50.419564835969055,0,2026-08-25 06:31:44
2024-01-02 06:35:00,CNC-02,M,296.2254162190899,310.0495299946781,1990.5563071228332,33.41127771400209,45.65113873853044,2.6440023906986254,12.306206392973882,55.69419508069389,0,2026-08-25 06:31:44
2024-01-02 14:11:00,CNC-01,L,297.63094431879017,312.14275917089907,1492.2887579851104,49.13647582844317,137.27883985115545,2.423783967562731,13.90424237339738,52.33728880591706,0,2026-08-25 06:31:44
2024-01-02 13:09:00,CNC-03,H,297.2303789641082,311.7438797883667,1363.1177631592795,53.093024466913185,110.99545681703128,2.1848233740154654,13.619049816035943,53.44907296965835,0,2026-08-25 06:31:44
2024-01-02 22:19:00,CNC-01,L,298.96115931286636,310.9726697601753,2578.0320569119785,16.10268522431109,104.66908038602998,3.2027566730570194,7.405954441987824,47.723217354839136,0,2026-08-25 06:31:44
2024-01-02 05:11:00,CNC-01,L,296.20498482962114,309.6718061897616,2225.437669300477,26.278558769059472,187.5335993157771,3.3699915319479827,10.923622793918025,54.874209628378935,0,2026-08-25 06:31:44
2024-01-02 07:20:00,CNC-01,L,22.893626377229225,37.54996719293558,1883.7943595689528,38.78935321925526,136.3477998616671,2.801246430904355,13.781693212599054,62.010101696791764,0,2026-08-25 06:31:44
2024-01-02 08:29:00,CNC-03,H,296.04382304790823,311.2482043867401,1663.1389244740715,47.699320890653325,202.9742222179486,2.737567025210224,15.055699300089476,56.500112280715236,0,2026-08-25 06:31:44
2024-01-02 12:33:00,CNC-01,L,297.3847190694621,312.4798001633415,,54.242494903127735,193.31505697750902,2.806466931516625,14.683336913448796,55.332568056189544,0,2026-08-25 06:31:44
2024-01-02 17:19:00,CNC-03,H,,314.25541286808743,1990.4808910864178,37.65999309923049,263.93179904487346,3.902461720368191,14.361659341667684,57.8863037091306,0,2026-08-25 06:31:44
2024-01-02 23:30:00,CNC-01,L,298.5090769172423,312.5483983459567,2675.7286757656852,23.655885552535764,181.05400850144426,3.8453503412254215,11.924269977659689,55.67014010540688,0,2026-08-25 06:31:44
2024-01-02 23:51:00,CNC-02,M,298.9399194529735,311.61910364193307,2788.007878571906,16.441358076454158,45.93608040194282,3.313328605945215,8.487894262118111,50.47492190013905,0,2026-08-25 06:31:44
2024-01-02 10:28:00,CNC-01,L,296.60456502109344,311.05929445103567,1355.2042487457104,50.57924554330457,187.6191742474897,2.682011656550145,12.66117199620368,57.37419563850492,0,2026-08-25 06:31:44
2024-01-02 05:47:00,CNC-02,M,296.11019742189507,310.9680442802896,2085.477869039542,33.92755653066193,223.3431909503292,3.5423710528909202,13.04564046767402,56.20842173292659,0,2026-08-25 06:31:44
2024-01-02 03:33:00,CNC-03,H,297.48685778662826,310.87699290426633,2377.62350907804,26.921943879895377,28.867947353885445,2.923380731330243,12.050012995545046,57.05491683189496,0,2026-08-25 06:31:44
2024-01-02 12:15:00,CNC-02,M,296.8235999102926,310.99154431031565,1352.3851142229353,51.00816159677833,95.21804522531635,2.131788107605502,12.955490215471906,57.365988918091055,0,2026-08-25 06:31:44
2024-01-02 22:47:00,CNC-01,L,298.7381291816299,310.63761348951965,2840.1925164352447,13.112163350981685,135.36847522398608,3.6103585006946655,6.8497395757431665,54.40929999293105,0,2026-08-25 06:31:44
2024-01-02 03:23:00,CNC-03,H,297.52445776561524,309.7146917572419,2236.8782099951954,21.260015419703954,17.19344948289904,2.772388129089096,9.243007205471352,57.41268107350479,0,2026-08-25 06:31:44
2024-01-02 18:55:00,CNC-02,M,25.758763235712763,39.894314817982604,2090.890962535207,29.2059487593784,174.32381836614124,3.1875233772128655,11.48883084872017,55.65117618562139,0,2026-08-25 06:31:44
2024-01-02 18:53:00,CNC-02,M,25.951129460594757,40.2136400790572,2109.788737946655,30.79594464507896,171.79866060096526,3.1943213412952836,12.208284959667926,54.336874878612356,0,2026-08-25 06:31:44
2024-01-02 13:54:00,CNC-02,M,296.9757070604078,310.55928959335085,1388.0422011235435,49.07499996461727,0.0,1.9747547202194455,12.761866636263123,55.23211977970744,0,2026-08-25 06:31:44
2024-01-02 04:39:00,CNC-02,M,296.88785417313363,310.64671352708046,2064.5645305948347,30.827852478976293,136.2935721186969,2.899432764415878,11.811922646553468,55.09996208185947,0,2026-08-25 06:31:44
2024-01-02 09:03:00,CNC-01,L,296.09260284210006,310.243715448847,1519.970744460258,45.75039867936349,55.56006453005838,2.1439528356376023,12.874145059298677,58.368303443658135,0,2026-08-25 06:31:44
2024-01-02 17:02:00,CNC-01,L,298.5389646393152,313.24027988182615,1903.3662691352633,39.69127446421176,154.15630708448526,2.9010128825206616,14.181211398162858,55.49024294741258,0,2026-08-25 06:31:44
2024-01-02 00:18:00,CNC-02,M,299.1781732626166,310.6937537029642,2778.467444253802,13.245011729709518,64.49443325503553,3.2859436088693372,6.832891055200269,51.7533408297306,0,2026-08-25 06:31:44
2024-01-02 22:16:00,CNC-01,L,299.1159312032471,310.9738417690363,2700.4352330537376,15.21587177291447,101.39740676591838,3.334237344939516,7.860436746116744,52.58242759153585,0,2026-08-25 06:31:44
2024-01-02 03:36:00,CNC-02,M,297.33801293585725,309.98265514501884,2468.6076419888664,21.59542102317555,59.87077618286766,3.104628847437421,9.685974176990968,56.023664396900294,0,2026-08-25 06:31:44
2024-01-02 10:48:00,CNC-01,L,296.389232419467,309.73461792874554,1382.2085590881559,45.37650510433514,26.776258819056935,20.268342011945514,11.65697308237235,55.87746492110913,0,2026-08-25 06:31:44
2024-01-02 01:50:00,CNC-01,L,298.0264267928789,310.6436272135187,2609.839670797176,18.153367451090322,151.0622964964255,3.5638846585998833,8.938292589814914,57.17114789906811,0,2026-08-25 06:31:44
2024-01-02 05:02:00,CNC-02,M,296.4359945906409,310.3414332172667,2279.5509542041596,28.135287761664532,165.06449320754572,3.1876530266281753,11.965101562303557,58.65249343857092,0,2026-08-25 06:31:44
2024-01-02 09:18:00,CNC-01,L,296.12224137576777,310.37299321042286,1731.8990747347198,42.10905405488391,78.5122439203866,2.4015543201979974,13.84728158376306,56.040589101451594,0,2026-08-25 06:31:44
2024-01-02 08:53:00,CNC-02,M,295.71892164580345,311.6240140649756,1582.449647479716,53.407261144100666,244.54714977664798,3.3359233234286068,15.74611589451945,60.16087836754045,1,2026-08-25 06:31:44
2024-01-02 23:00:00,CNC-01,L,298.36878718290967,311.53771379814094,2533.0020222518615,22.113706117147554,149.1330949318799,3.3148384494515137,10.130625605093059,53.722966298263614,0,2026-08-25 06:31:44
2024-01-02 16:39:00,CNC-03,H,298.4081366326148,313.07164076783164,1663.345997917212,44.04587229317692,0.0,2.8806118401901566,13.718244602402962,56.62578856733342,0,2026-08-25 06:31:44
2024-01-02 16:57:00,CNC-02,M,303.6758178693602,311.38690037132625,1944.721970453051,34.855024128049344,16.919069379351907,2.589212953945797,12.656103444181765,42.2639948049829,0,2026-08-25 06:31:44
2024-01-02 07:12:00,CNC-03,H,22.768346513905556,37.11088755933167,1835.7285187173009,39.970807691268476,90.73301663777984,2.479581580479492,,55.75041151441284,0,2026-08-25 06:31:44
2024-01-02 13:15:00,CNC-02,M,297.08713310084005,312.225089778873,1607.8008601373233,46.872268025980304,190.31788361719936,2.7415022441566794,14.241820575099311,59.9385384259018,0,2026-08-25 06:31:44
2024-01-02 12:38:00,CNC-02,M,296.92762978955005,311.7393242753618,1442.0716210585497,51.972388244988004,131.73408390196892,2.1715791999122738,14.229123193254553,56.25109751093655,0,2026-08-25 06:31:44
2024-01-02 05:50:45,CNC-01,L,295.9980016959453,309.6572255225364,1933.7706299980825,34.999365926940946,15.759661508171204,2.4599258662780645,12.886936409050248,59.48435671486877,0,2026-08-25 06:31:44
2024-01-02 03:13:00,CNC-01,L,297.14010872823445,309.9849471476592,2367.293215994701,22.655705004112104,45.29844110746603,2.838371152336072,10.274588772029283,56.14415746228176,0,2026-08-25 06:31:44
2024-01-02 22:18:00,CNC-03,H,299.1326745969695,311.4801675316994,2529.0512080299413,18.085915340020655,88.47075019351996,3.1797808180479534,8.739796817598048,50.94555645375304,0,2026-08-25 06:31:44
2024-01-02 04:07:00,CNC-02,M,297.15194172320054,310.4574542899382,2328.8832261125017,24.75837143733616,96.89885387065405,2.9929019622543485,10.448281961839987,55.244265369396366,0,2026-08-25 06:31:44
2024-01-02 22:05:00,CNC-02,M,299.12810295457234,312.05026170917495,2597.8316422779544,18.48535633704818,155.660141858995,3.3544445114886843,8.88104083436988,53.08879751175163,0,2026-08-25 06:31:44
2024-01-02 02:09:00,CNC-01,L,297.67641099912623,311.16025370532765,2604.8917320317682,22.004992673426994,171.95382471010518,3.687685494797512,10.577458204938528,55.21935291940925,0,2026-08-25 06:31:44
2024-01-02 00:06:00,CNC-03,H,298.89316326755164,310.28685798799125,2719.568993377972,12.4329083243984,54.96490228595134,3.231970702262752,6.322530744721725,53.323323045856036,0,2026-08-25 06:31:44
2024-01-02 02:11:00,CNC-03,H,303.5309306225744,310.29591188703773,2517.008760911023,20.018404343403088,189.68581147651562,3.5130551834815074,9.238937675482271,44.84301080892616,0,2026-08-25 06:31:44
2024-01-02 20:50:00,CNC-02,M,299.37769129185233,312.24349668248493,2450.7452407313153,19.908484302103204,71.67499036717338,3.097297810564597,9.024586176758596,53.132360872422204,0,2026-08-25 06:31:44
2024-01-02 16:57:00,CNC-01,L,298.49933986497655,313.7230848665586,1958.6095372018563,42.21652422795835,147.30916149259502,2.8344764625804832,15.406135824191566,51.555756523800326,0,2026-08-25 06:31:44
2024-01-02 13:20:00,CNC-01,L,297.6715864574297,311.17355239742676,1335.5745871258544,49.04735675724395,57.04042377988121,2.1327054740257427,12.351320374885903,56.066572483763984,0,2026-08-25 06:31:44
2024-01-02 05:00:00,CNC-01,L,296.34036271810714,311.02778219384646,2197.014784346339,34.56577818090208,173.66590077805748,3.2308259888741073,14.364836853670056,57.765722043356476,0,2026-08-25 06:31:44
2024-01-02 00:38:00,CNC-03,H,298.993631000622,311.23305850989243,2592.5024453496394,17.07352175671962,89.08668543006199,3.242888021612973,8.00110085170688,55.35418173529095,0,2026-08-25 06:31:44
2024-01-02 00:44:00,CNC-02,M,298.42123783156273,310.3987854346585,2879.451092838792,14.793596988033684,92.096392050069,3.5430186673388993,7.822005127985462,53.80501378990464,0,2026-08-25 06:31:44
2024-01-02 01:18:11,CNC-03,H,298.6792856011937,311.474462915252,2623.424471370031,19.51485624226086,132.9057913507394,3.3448657990175414,9.618857586388819,50.5241922705448,0,2026-08-25 06:31:44
2024-01-02 13:27:00,CNC-01,L,297.49741201211646,311.2858733152713,1384.3981459800543,48.36615827183562,68.1424412006253,2.0093491284985934,12.536195187549453,54.25145380391297,0,2026-08-25 06:31:44
2024-01-02 17:59:00,CNC-03,H,299.33372732620387,313.36627638619836,2086.557083707105,35.564629085722714,45.70722378618197,2.538002091477019,14.014184371016832,51.132882515486735,0,2026-08-25 06:31:44
2024-01-02 15:58:00,CNC-03,H,298.4915029817861,313.3740148838353,1865.7514531267113,42.14062066234956,148.75367057810087,2.7330711479627925,14.810244519954997,57.10067738696237,0,2026-08-25 06:31:44
2024-01-02 05:58:00,CNC-02,M,296.16899531680224,311.77808938642755,1954.467166646051,41.2820854426983,237.76219039727184,3.556205858385449,15.21343545726542,55.84388989983688,0,2026-08-25 06:31:44
2024-01-02 03:11:00,CNC-03,H,297.7278945622437,310.261849292687,2481.712625979782,21.450439099835634,3.337766268329109,3.082437948855393,10.036439530070561,53.43045756778828,0,2026-08-25 06:31:44
2024-01-02 01:55:00,CNC-01,L,297.72369740524266,310.8328907091399,2567.94445919662,20.555623303929323,156.54007136960013,3.514105131548627,10.05634909526482,55.34220555082799,0,2026-08-25 06:31:44
2024-01-02 09:54:57,CNC-03,H,295.9735763979877,309.80194842179196,1333.3857337227632,50.086877252509986,65.06324919333304,2.0503109969499547,12.691533290934522,55.49820839142722,0,2026-08-25 06:31:44
2024-01-02 07:50:00,CNC-01,L,22.853213353687124,37.293554375240376,1591.5007935525973,43.967314899731,179.2976402044017,2.7803419491643564,12.945580901270889,61.76630386490628,0,2026-08-25 06:31:44
2024-01-02 08:27:00,CNC-02,M,295.9329157420171,310.5580829832963,1691.3105471177641,41.45433150197012,205.73762630639763,2.885446722910734,13.006083203773239,61.300504048157805,0,2026-08-25 06:31:44
2024-01-02 22:55:00,CNC-01,L,298.4542178116921,311.6315344213533,2573.061395778716,20.97462558955077,143.83338933595587,3.424080639598312,9.91749595166755,52.783972988131445,0,2026-08-25 06:31:44
2024-01-02 03:48:00,CNC-01,L,296.7568994986889,309.3587507281032,2454.9008179578736,21.769469168804626,86.07548411600891,3.0018190504869806,10.101668146454328,58.38231136005885,0,2026-08-25 06:31:44
2024-01-02 22:10:00,CNC-01,L,299.1866711567687,311.4405240238414,2727.417453850375,15.710085565677163,94.83114681560407,3.3401525978865427,8.025898287314304,53.936691813752816,0,2026-08-25 06:31:44
2024-01-02 05:50:00,CNC-03,H,296.852030021496,311.4344334065252,2023.678152979617,33.26678156999477,199.48915616204172,3.0782006364164625,12.489825126635584,53.52431658097339,0,2026-08-25 06:31:44
2024-01-02 06:41:00,CNC-02,M,295.693936661992,309.9134432581203,1967.3389035090297,37.52775576743613,53.84700101515617,2.570915725658263,13.687773277500888,53.0559719589825,0,2026-08-25 06:31:44
2024-01-02 19:36:00,CNC-01,L,299.13718764183403,312.6810245338303,2219.797746368619,26.583357405642676,144.87776903771768,3.041464537796288,11.244304935917864,52.16068378505136,0,2026-08-25 06:31:44
2024-01-02 23:54:00,CNC-01,L,298.2588456186265,311.4032691631959,2857.779002277216,17.622590596240375,206.6014439151643,4.3360984510897,9.640024889704536,52.92110984587699,0,2026-08-25 06:31:44
2024-01-02 16:17:00,CNC-02,M,304.07737205841636,313.5307370970505,1969.285050810502,40.85567538361036,215.63991219624216,3.3168132572842874,15.125462807075493,43.85838867925092,0,2026-08-25 06:31:44
2024-01-02 04:25:00,CNC-03,H,297.0271721927465,310.57142106416313,2192.9508580624147,28.413303836828796,90.85974735443052,2.8764708862799684,11.962929058896798,57.718316654803935,0,2026-08-25 06:31:44
2024-01-02 10:20:00,CNC-03,H,296.00363168221793,310.479626618167,1482.8575019975297,49.47050282686614,102.72968574789817,2.226603855438196,13.688384256313885,53.23857258661603,0,2026-08-25 06:31:44
2024-01-02 09:01:00,CNC-03,H,295.9640117958058,311.66994512178167,1374.4512088045676,58.9583436002694,251.57337356946763,2.989433295503578,15.076182313718329,56.90310881282354,1,2026-08-25 06:31:44
2024-01-02 00:21:00,CNC-01,L,298.93547093710816,310.7418814209752,2637.0275524128388,16.47575581882791,55.24745501477741,3.162115216399032,8.414751798420173,53.18086008575853,0,2026-08-25 06:31:44
2024-01-02 12:25:00,CNC-02,M,297.001241166522,311.59638231218617,1388.70256585453,53.7954835560188,111.12548122185385,2.0650558148473794,14.21707138005446,58.79756908464409,0,2026-08-25 06:31:44
2024-01-02 18:56:00,CNC-01,L,25.74734430392448,40.38203437953814,2056.356465921659,37.34972000589057,95.33313554867574,2.6999387743733445,14.482516953229744,53.22524897445092,0,2026-08-25 06:31:44
2024-01-02 04:48:00,CNC-03,H,297.1337395036663,310.461325032576,2215.062352259855,26.084843592320922,119.35650174640499,2.892809037842535,10.842346086308627,55.97526625475487,0,2026-08-25 06:31:44
2024-01-02 21:30:00,CNC-01,L,298.974180330054,311.344642904984,2745.4077550896163,18.00326389422604,50.88673266686533,3.1490376644830054,9.33563893345539,,0,2026-08-25 06:31:44
2024-01-02 07:58:00,CNC-02,M,22.866417809843767,37.86962532216069,1700.7142174312244,44.70539365297794,163.07289841662524,2.7631864586661083,14.13585094500964,59.82697225887405,0,2026-08-25 06:31:44
2024-01-02 03:48:00,CNC-02,M,297.10805470206316,310.4043693713623,2502.89006589623,23.08243585268401,74.10606424567936,3.077021190589307,10.550628267215156,52.6802049020874,0,2026-08-25 06:31:44
2024-01-02 16:47:00,CNC-02,M,,311.6098905752779,1800.2894822526785,39.10074362419107,2.7913737310241693,2.5135767528707875,13.110645412851488,39.64988625611077,0,2026-08-25 06:31:44
2024-01-02 08:03:00,CNC-02,M,296.1791543443509,310.9175193676063,1670.8067885985383,42.800096213431374,170.26839117877287,2.7772693150900416,13.43679605416392,51.162157555011596,0,2026-08-25 06:31:44
2024-01-02 13:10:00,CNC-02,M,296.6754311485329,311.3878997820954,1409.0041995695449,52.21866462805205,182.42149591596902,25.421830970786015,13.878515115946772,52.80246205962533,0,2026-08-25 06:31:44
2024-01-02 15:17:00,CNC-01,L,298.24481581974163,311.91987139332355,1767.3602451563488,40.51789778132053,1.4411600075603164,2.5268583719940367,13.361301724712188,52.65722744907714,0,2026-08-25 06:31:44
2024-01-02 00:57:00,CNC-03,H,298.53638215582276,310.74552876571437,2744.564593573883,16.54617068610161,109.36300986634504,3.4522503211609115,8.36246930502599,53.44016257004243,0,2026-08-25 06:31:44
2024-01-02 20:53:00,CNC-02,M,8701.977068722352,312.4570947561372,2515.9739969258953,20.19488596793258,75.06597748649017,3.0759024044930063,9.418248128436773,57.132333370472544,0,2026-08-25 06:31:44
2024-01-02 21:23:00,CNC-02,M,299.90035498760574,312.7646502581345,2625.5132781407424,18.933041364323103,108.82909565434042,3.1885856671489,9.38402758424608,48.11019552991724,0,2026-08-25 06:31:44
2024-01-02 08:20:00,CNC-01,L,301.75345690528366,310.46446392944205,1490.1240094274417,47.06302340827074,223.52124117779772,3.195164035725637,12.955835264038516,46.87565174539987,0,2026-08-25 06:31:44
2024-01-02 14:15:00,CNC-03,H,297.6499308794753,312.9380195355633,1511.4375267062421,50.78405682607718,214.5445564213926,2.810984365523173,14.256152557054465,50.27740424625103,0,2026-08-25 06:31:44
2024-01-02 01:58:00,CNC-03,H,303.753179644246,309.9803012077174,2581.985863660696,15.283108325296283,175.2921050311031,3.5190245441446026,7.499727224095761,47.997942408304546,0,2026-08-25 06:31:44
2024-01-02 17:01:00,CNC-02,M,303.92799132678493,311.4600459755205,2005.7451042701196,32.28465614518311,22.461274717224338,2.605545864226247,12.239153265160386,49.628646835773765,0,2026-08-25 06:31:44
2024-01-02 04:11:00,CNC-02,M,296.6152163460255,310.4399289784872,2265.305848986649,29.415906285630243,101.7316611791739,28.804506168072248,12.372799394964728,54.883262054203044,0,2026-08-25 06:31:44
2024-01-02 02:48:00,CNC-02,M,298.0656748706705,310.21499971285294,2532.2458776781655,18.52009437853548,4.469082552831148,3.1421637379488385,8.48925184010127,57.09894487098356,0,2026-08-25 06:31:44
2024-01-02 17:57:00,CNC-02,M,298.7550077539698,313.4708636065596,2044.3576716302596,37.225184311124444,99.07432252336791,2.684497610251047,14.51406253933896,50.66362792261505,0,2026-08-25 06:31:44
2024-01-02 01:10:53,CNC-01,L,298.3689545346192,310.25136910471423,2736.4372368004333,14.693300570980005,109.79372565331066,3.427339989186699,7.555247956029785,56.928910312048714,0,2026-08-25 06:31:44
2024-01-02 15:52:00,CNC-01,L,298.41842161104177,312.73220778660783,1837.7011637968392,42.011595975828634,53.83999690387174,2.4153714487871794,14.344559387333847,51.94662108963132,0,2026-08-25 06:31:44
2024-01-02 10:55:00,CNC-01,L,296.4637607358634,310.36745159873266,1428.5804550534197,51.23421062636382,37.85968118576472,2.058405360291368,13.63500152496347,60.1774590173699,0,2026-08-25 06:31:44
2024-01-02 09:31:00,CNC-02,M,296.2264448868457,310.59106212910405,1462.3454935448653,50.71678261375592,43.01342922421087,1.9982624443244106,13.789987328373492,56.55650111827114,0,2026-08-25 06:31:44
2024-01-02 13:27:00,CNC-03,H,297.3184201871803,311.6776464118986,1440.8744350981087,49.60582091839578,139.38954272480373,2.302130786701873,13.216613859362365,61.71947812699944,0,2026-08-25 06:31:44
2024-01-02 10:43:00,CNC-02,M,296.1521321992346,311.1314698647847,1420.4134096541652,54.347857853542365,156.0300317775447,2.276802116409829,14.597447731596471,60.38969318432476,0,2026-08-25 06:31:44
2024-01-02 13:14:00,CNC-03,H,297.2383193325557,310.9916021890616,1350.5402895047537,47.64753244371979,118.89665823649307,1.9876100235753769,12.028402165207895,51.67540029369711,0,2026-08-25 06:31:44
2024-01-02 07:26:00,CNC-02,M,23.03828521089588,37.6640974126521,1933.638039929912,37.876792503415,,2.685592997635234,13.671070310407455,59.22633967949582,0,2026-08-25 06:31:44
2024-01-02 03:44:03,CNC-01,L,296.8313004530689,308.8832099656965,2628.6563066229587,16.701666931412607,81.4193895049519,3.172778138446537,8.174881446968707,55.574577235852914,0,2026-08-25 06:31:44
2024-01-02 20:04:00,CNC-01,L,299.0370857734541,312.46580885235755,2409.7233804338075,23.997507898580796,178.9341117055237,3.495765811133937,10.972731911592161,54.96345445973559,0,2026-08-25 06:31:44
2024-01-02 19:58:00,CNC-01,L,299.36622699129936,313.72850207225474,2392.488337451754,28.51743468296024,171.73781414025197,3.4569016624404005,12.980260367870292,52.271824120272626,0,2026-08-25 06:31:44
2024-01-02 19:07:00,CNC-01,L,26.04321477381285,39.78502605887411,2213.454992225831,29.03712848665753,109.09452232678467,2.9281497918143655,12.087267256744205,55.225231145635654,0,2026-08-25 06:31:44
2024-01-02 08:15:00,CNC-01,L,301.6806638216604,310.41197836620273,1651.2718929378443,43.000758862453665,216.0389836737093,3.2334841388627136,13.15137566163965,52.55471359531004,0,2026-08-25 06:31:44
2024-01-02 22:57:00,CNC-02,M,299.44304508271614,313.37963243602667,2786.852769174606,21.32075928017171,211.70295828255385,4.045864459844238,10.920178049702113,53.71105306801785,0,2026-08-25 06:31:44
2024-01-02 15:56:00,CNC-02,M,303.76130656205993,312.9234310534888,1700.1844801614316,44.29711735708412,185.3089578656839,2.8507112593739903,13.969884059212902,,0,2026-08-25 06:31:44
2024-01-02 03:59:00,CNC-03,H,297.39701134695315,310.3443140952362,2438.3697619894047,22.27487084687213,59.45253795527249,3.0073686291891306,10.313428885880715,60.788763583174074,0,2026-08-25 06:31:44
2024-01-02 21:29:00,CNC-03,H,299.13726039608895,311.7335343151054,2557.096419420641,20.160338503078123,35.12769144373526,3.1543372519678448,9.549540162190302,53.37254451015654,0,2026-08-25 06:31:44
2024-01-02 04:14:00,CNC-02,M,296.919837970948,309.66067032345876,2426.6594973470606,21.731441752956343,105.3271223742045,3.0671579436143395,9.614708969947785,59.78857312313083,0,2026-08-25 06:31:44
2024-01-02 21:02:00,CNC-01,L,299.2980107018484,311.1189725039469,2467.628948468405,18.417737795013114,19.443170823513906,3.0292867290171395,8.847434124327815,53.2289005770823,0,2026-08-25 06:31:44
2024-01-02 15:15:00,CNC-03,H,297.7019095736878,311.5906944405345,1568.4822363085627,40.92994505815928,84.64322369317857,2.1319777029508287,12.14803519863148,55.8857976305329,0,2026-08-25 06:31:44
2024-01-02 23:27:00,CNC-02,M,299.24933034136416,311.60868715105124,2624.05825727649,17.576678520510985,20.556995809301153,3.231953114068281,8.372757934704541,54.17556776813093,0,2026-08-25 06:31:44
2024-01-02 09:33:00,CNC-02,M,296.28205979039916,309.7529948997843,1470.9245832783936,43.68947279924696,46.145466809769,2.101941567459211,11.886193875516181,60.14712449741849,0,2026-08-25 06:31:44
2024-01-02 13:51:00,CNC-02,M,,312.2628474403824,1400.016547309093,53.066930184965585,246.79652668070386,3.3650725022732053,13.970786722290772,55.316203199094296,1,2026-08-25 06:31:44
2024-01-02 00:24:00,CNC-02,M,298.73502448308176,311.08090810010253,2586.7692007092232,19.216953533926993,70.82567852885755,3.1879913641755246,9.248270116731158,55.632653254017974,0,2026-08-25 06:31:44
2024-01-02 18:03:00,CNC-03,H,25.906391050017703,40.38240182283721,2098.211109311895,35.60924035939296,51.061027110336276,2.7010042439548774,13.922227979178572,57.16918414343409,0,2026-08-25 06:31:44
2024-01-02 06:32:00,CNC-03,H,296.4178405655886,309.9140331931473,1935.0422128291536,32.77252007398774,35.0067461625947,2.5521426348974434,11.873616764355875,57.92316897580461,0,2026-08-25 06:31:44
2024-01-02 03:29:00,CNC-01,L,296.9144794158854,310.0261475527529,2454.482594621787,24.25226063867103,63.928675244811515,3.1279952203918104,11.070996676470621,58.4451308531517,0,2026-08-25 06:31:44
2024-01-02 03:05:00,CNC-03,H,297.52351125598244,311.3332745233764,2595.0937085432747,22.233265465260434,250.43550643367124,4.148104271042336,10.706099060156657,61.2958361708884,0,2026-08-25 06:31:44
2024-01-02 06:33:00,CNC-01,L,296.02226735421306,309.78080000419817,1938.0854539444254,34.59917813926098,71.028099506156,2.640058348107829,12.774145357466958,55.4424987936374,0,2026-08-25 06:31:44
2024-01-02 13:00:00,CNC-02,M,297.02851332137755,312.5165050157521,1459.4860904741756,55.95133702230473,166.53969058400676,2.422556968409582,15.54537412496044,59.386921489806795,0,2026-08-25 06:31:44
2024-01-02 16:58:00,CNC-02,M,303.7576298619724,311.9481503491415,1774.0570797879363,39.11466470445758,18.363208870805632,,13.239181300014277,42.817404743187176,0,2026-08-25 06:31:44
2024-01-02 01:36:00,CNC-01,L,298.00783354823574,311.63508984528113,2701.9703434514945,21.64879278978989,135.67890098365226,3.440898190553953,10.65516960944759,60.00510489171002,0,2026-08-25 06:31:44
2024-01-02 14:26:00,CNC-01,L,297.95882390539816,312.8454499107918,1501.9536037461264,50.773399957218324,160.4497886554569,2.5774812277593884,14.17907941374451,56.137130946921985,0,2026-08-25 06:31:44
2024-01-02 12:05:00,CNC-03,H,296.76676330093954,310.31176624715897,1464.30880877442,48.36008221935738,9.454357703012542,2.0246698223843924,13.340485965866725,58.9740978258759,0,2026-08-25 06:31:44
2024-01-02 18:49:00,CNC-01,L,26.054662430793883,39.73464562733119,2208.9016442420475,28.949154352994196,86.52050126267248,2.831271056151173,12.03891507129576,57.67743501279857,0,2026-08-25 06:31:44
2024-01-02 12:08:00,CNC-03,H,296.95127845683555,310.9874507402983,1441.2268796128806,50.0131456278346,14.237340131920206,2.1436491061255745,13.402688653875694,52.438187492882946,0,2026-08-25 06:31:44
2024-01-02 21:53:08,CNC-01,L,299.0775278706923,310.7980822258847,2513.354078073276,16.074460618015518,76.1856528999837,2.9847835818094444,7.16018604176532,51.353336935928084,0,2026-08-25 06:31:44
2024-01-02 03:13:00,CNC-02,M,297.37535595874914,310.2358926233829,2396.838236768806,22.52936848184554,32.973257686980105,2.8469337666626573,10.041340952754856,61.57624137474891,0,2026-08-25 06:31:44
2024-01-02 13:26:00,CNC-03,H,297.41899039963374,312.14191804152097,1516.8340068104321,48.86416949168645,137.80433130338577,,13.878420476968037,59.58257612058079,0,2026-08-25 06:31:44
2024-01-02 21:10:00,CNC-03,H,299.53072855574396,311.35694316941255,2544.8618044308623,17.09346723287843,13.603635427139448,3.034141866928762,8.106355157597152,52.11556705997084,0,2026-08-25 06:31:44
2024-01-02 06:13:00,CNC-01,L,295.9284675348347,309.78751271780715,2006.6455532745126,35.62026718813492,43.85789202165516,2.596176993359194,13.388051458126924,59.258713876882695,0,2026-08-25 06:31:44
2024-01-02 08:58:00,CNC-01,L,296.34119894574684,310.1741540351468,1709.1929002220018,39.637635871979036,48.00041041044686,2.378337646698539,12.497802888620022,60.039758760843235,0,2026-08-25 06:31:44
2024-01-02 19:59:00,CNC-02,M,299.32934664961664,311.6829392033051,2441.1653316326415,20.285275874086196,11.985779173542209,29.11039352503378,9.317305385455409,55.851700119764494,0,2026-08-25 06:31:44
2024-01-02 17:25:00,CNC-03,H,298.8202509827014,312.6913155819682,2008.486553711831,34.17977795839749,0.0,2.6492869343315895,12.891114724368544,49.83598120604858,0,2026-08-25 06:31:44
2024-01-02 14:59:00,CNC-01,L,298.10880280434316,313.04805797698054,1605.9702133399135,47.687211266479785,211.04800817163263,3.23095477151562,14.427234348908003,57.398202610629795,0,2026-08-25 06:31:44
2024-01-02 18:24:00,CNC-01,L,25.70036154569698,39.483898302669274,2077.4093601862805,33.013524696999674,54.27969282457139,2.6717783766590437,12.861728755949871,48.46045731542303,0,2026-08-25 06:31:44
2024-01-02 13:37:00,CNC-03,H,297.51670587703904,311.99432558710396,1445.4053446874993,50.60270896422172,155.0622498075943,2.386454477655497,13.711495621579408,49.319968871961876,0,2026-08-25 06:31:44
2024-01-02 03:16:00,CNC-03,H,297.7878445489827,310.38404021662,2412.888253938027,22.482227826585767,9.017047103246515,3.0059107557990377,10.334803036006171,52.82291251243691,0,2026-08-25 06:31:44
2024-01-02 13:36:24,CNC-03,H,297.62032557753173,311.97251504898134,1438.3023891068995,48.25787707298272,151.9455635455676,2.298354384708727,12.849379840338065,52.069160477247756,0,2026-08-25 06:31:44
2024-01-02 05:32:00,CNC-03,H,296.5194295488407,311.2505674707679,2002.442320326848,37.83593410474635,175.79141187785976,2.9963085984792337,14.089304013894775,56.751184476484084,0,2026-08-25 06:31:44
2024-01-02 21:42:00,CNC-03,H,299.11628459444944,310.7366023272772,2666.56276260116,15.446203434493269,49.38797665180246,3.2330734592044625,7.749812400425408,55.29683436349146,0,2026-08-25 06:31:44
2024-01-02 20:59:00,CNC-03,H,299.423402099553,311.8565317102332,2455.6555157910084,22.299132979201694,1.1604876672293105,2.947672316139662,10.177959867312659,48.053578002384555,0,2026-08-25 06:31:44
2024-01-02 17:18:00,CNC-02,M,297.9689339639463,312.3410596788793,1869.6751743372256,37.85115141058526,46.10494327172067,2.367103324139271,13.39623207920543,50.95210060176677,0,2026-08-25 06:31:44
2024-01-02 00:02:00,CNC-02,M,298.8310583652906,311.0190037336518,2643.7658951821486,18.005983129479468,47.60718419383903,3.2098761306582233,9.07488384529507,54.68955485922682,0,2026-08-25 06:31:44
2024-01-02 07:47:00,CNC-02,M,22.980597667510892,37.67474322164918,1712.3097791928628,42.28012431891885,147.11481962233128,2.5203531239730883,13.688984777785437,61.03495769133582,0,2026-08-25 06:31:44
2024-01-02 00:24:00,CNC-01,L,298.8091658888922,311.676999203501,2688.294019643017,19.74440292429459,58.44399046551137,3.230415224294068,9.833666344203712,49.746374530551236,0,2026-08-25 06:31:44
2024-01-02 06:58:00,CNC-02,M,22.86299968718407,36.909868989867164,1798.7830306866572,39.41806010343404,77.48047043357175,2.382708364971099,13.280237696935288,58.7735213478976,0,2026-08-25 06:31:44
2024-01-02 21:09:00,CNC-03,H,299.36568702443026,311.76731124991704,2495.5088925608684,20.474937215206346,12.480024656046677,3.134024500961589,9.392166661516166,50.59036258822797,0,2026-08-25 06:31:44
2024-01-02 23:14:00,CNC-01,L,298.73528356519427,311.07082679569544,2717.194203713903,15.972834548791896,164.0222880980976,3.6477360310368203,8.019997973679466,54.3048048041999,0,2026-08-25 06:31:44
2024-01-02 09:24:00,CNC-02,M,296.1070376266589,310.2120259224352,1405.577980561359,50.36216489942834,32.179098813736644,1.9759923656115286,13.102074420349842,60.97400745882941,0,2026-08-25 06:31:44
2024-01-02 02:52:00,CNC-02,M,297.71361519847966,309.45282840937455,2651.1496044047262,15.603102583736792,8.981830466834253,3.2828829120373038,7.587504098808641,54.137512945096454,0,2026-08-25 06:31:44
2024-01-02 01:04:00,CNC-03,H,298.50488567189615,310.7469440924976,2748.8367861727115,15.987484960534246,116.82196801499816,3.426826450851976,8.33519454075196,53.86114264311509,0,2026-08-25 06:31:44
2024-01-02 15:23:00,CNC-02,M,303.4764536348285,312.36434332980406,1696.864950043114,42.93829864054994,136.40954053519104,2.465012278551912,13.678981140586256,48.960338904763915,0,2026-08-25 06:31:44
2024-01-02 12:25:00,CNC-01,L,297.1655083852249,312.05356036074187,1464.100269871515,51.054792859556265,180.652797236608,2.584297195043374,13.892045628451788,55.71147087955023,0,2026-08-25 06:31:44
2024-01-02 10:59:00,CNC-01,L,296.3383321834464,310.39620639669647,1398.612034062866,50.91902379849257,44.17916831965446,2.0983644419480365,13.271558193507621,59.77674275265867,0,2026-08-25 06:31:44
2024-01-02 04:58:00,CNC-03,H,297.14378117219786,310.737365840405,2217.7708811628,26.9570577855008,131.89024097701076,2.9776176691677727,11.217298006708537,56.989179396149474,0,2026-08-25 06:31:44
2024-01-02 00:33:16,CNC-03,H,298.60924384919065,309.9323663146115,2756.7389668923006,12.129796672833525,82.67676550800448,3.295560323950891,6.370436600557878,55.16284987491568,0,2026-08-25 06:31:44
2024-01-02 07:05:33,CNC-03,H,22.88905004720283,37.133016385066355,1820.4544182612597,40.590583887596175,83.68437286768811,24.161171025195046,13.88489079943722,58.94128758234184,0,2026-08-25 06:31:44
2024-01-02 03:47:00,CNC-01,L,296.9062834966743,310.20644152080496,2416.899679780049,25.15887497862588,84.90143425960693,3.117497626436074,11.211508054759747,58.01141891682073,0,2026-08-25 06:31:44
2024-01-02 08:12:00,CNC-03,H,295.9659803511685,310.6829003821607,1519.424606655463,47.9868762884827,,2.4805500901191997,13.620382474451885,63.106872019144696,0,2026-08-25 06:31:44
2024-01-02 18:15:00,CNC-03,H,26.30912495098164,40.27974111518813,2087.6536229856392,32.97788147378408,67.03207882154041,2.69973271689085,12.891146158895465,51.976004713003064,0,2026-08-25 06:31:44
2024-01-02 04:56:00,CNC-02,M,296.0513806280359,310.27159270976875,2326.794353424393,29.79914882829467,157.52724365250378,3.167684172609932,12.93530488093386,60.37062297702136,0,2026-08-25 06:31:44
2024-01-02 23:36:00,CNC-01,L,298.317561505954,310.9646826267402,2627.4118913390917,18.38559370654448,187.49701539643166,3.709921730757538,9.28783976547661,54.3929653744791,0,2026-08-25 06:31:44
2024-01-02 10:15:00,CNC-03,H,296.34918031097453,310.36885794716727,1397.2954149333611,51.284725635503676,94.87143090480885,2.0780165297777544,13.553681235968403,57.836946767529156,0,2026-08-25 06:31:44
2024-01-02 22:08:00,CNC-01,L,299.30294033753785,312.02728386157503,2698.021461006228,19.215828394330845,92.65697382979984,3.314220960360465,9.693120622011886,54.61995737519478,0,2026-08-25 06:31:44
2024-01-02 07:08:00,CNC-02,M,23.140274138414952,38.06546319104518,1830.816072801203,42.80373641796539,91.54346883180158,2.538966985987155,14.852454884625738,60.081080029823745,0,2026-08-25 06:31:44
2024-01-02 04:03:00,CNC-01,L,296.65953258936685,310.02596775745883,2469.9985034754027,24.15829673418866,103.84421566444217,3.2063834501419053,11.067110805864328,58.04536717833531,0,2026-08-25 06:31:44
2024-01-02 10:05:00,CNC-03,H,295.7182288663596,309.81244163157504,1365.5184031137444,51.23587187850961,79.13845206703485,2.090733538388917,13.16634624092151,59.20192551309849,0,2026-08-25 06:31:44
2024-01-02 21:45:00,CNC-01,L,299.20291510827786,311.2885155966232,2766.8682679040967,16.27559449805612,67.35367518483578,3.3408205171617618,8.396142381548644,52.839186322740204,0,2026-08-25 06:31:44
2024-01-02 16:16:00,CNC-02,M,303.6842988153244,313.12456961604414,1787.9626186352166,42.69990120710538,214.24750902813273,3.177398273286377,14.230608956590045,43.738258374997876,0,2026-08-25 06:31:44
2024-01-02 12:32:00,CNC-03,H,297.0259974768807,310.958596488817,1387.9804460958715,49.3412635079799,52.37986037868709,1.98256226137169,12.725408691452508,57.24159844756227,0,2026-08-25 06:31:44
2024-01-02 17:51:00,CNC-03,H,299.231746522605,313.04363511237716,2008.3439243705996,33.379361454119135,35.08526957344781,2.5755497206712388,12.847940135203286,52.85118129522386,0,2026-08-25 06:31:44
2024-01-02 04:49:00,CNC-01,L,296.3565147263726,309.99288461163866,2404.7039283386825,25.720892028514974,159.97268706202016,3.3612519558572,11.695584322336703,58.46187755450639,0,2026-08-25 06:31:44
2024-01-02 13:02:00,CNC-03,H,297.28451865440536,311.7427625431847,1393.4159909966547,52.88225283882828,100.01745494442717,2.107195269889341,13.4794578542628,53.173751612509854,0,2026-08-25 06:31:44
2024-01-02 14:26:00,CNC-03,H,297.8149312298902,311.89885331912984,1487.9543178375172,50.46369288547401,9.330860134899005,2.0922747890835227,13.958600738032805,55.577059112830916,0,2026-08-25 06:31:44
2024-01-02 17:54:00,CNC-02,M,298.8287748713869,313.3289991113919,2077.764829000632,35.301128868833366,95.04096239575061,2.6946417649637855,13.775264690512252,50.68050332233924,0,2026-08-25 06:31:44
2024-01-02 21:44:00,CNC-02,M,299.30202798690425,312.52890749117256,2506.6871251146563,21.150059983016067,132.19083016464666,3.1537752213045875,9.898672718277352,51.6910135414543,0,2026-08-25 06:31:44
2024-01-02 19:45:00,CNC-02,M,299.16735445243535,313.55642531338367,2432.8530155609637,24.887331927337325,236.00692645921737,3.9710166315925095,11.478778303128518,51.5438183785493,0,2026-08-25 06:31:44
2024-01-02 01:50:00,CNC-03,H,303.4329074959695,310.2081617902616,2641.5895802727287,17.399424745402353,166.43033844788144,3.5175795699522863,8.441095267365665,48.36050869359542,0,2026-08-25 06:31:44
2024-01-02 05:39:00,CNC-02,M,296.1998993130728,311.3314393451348,2001.7911066016634,39.49017972371429,212.84692523971174,3.317039086786976,15.1320494833308,60.645493714738386,0,2026-08-25 06:31:44
2024-01-02 04:37:00,CNC-02,M,296.72294404252654,311.81387295638524,2174.3181380343863,36.001524651627854,133.6902535736896,2.9422983735059702,14.704376685394656,57.11941585979614,0,2026-08-25 06:31:44
2024-01-02 02:03:00,CNC-02,M,297.88716795597463,311.5507911896239,2623.5712799812945,22.573424663830075,177.63355332244328,3.622606641511182,11.055571049583785,57.38721370756382,0,2026-08-25 06:31:44
2024-01-02 23:00:00,CNC-03,H,298.92733862828015,311.44981718450225,2632.63021571559,16.989577611574475,133.71265039214592,3.3222526576681055,,50.77392900294509,0,2026-08-25 06:31:44
2024-01-02 03:01:00,CNC-03,H,,311.59506578567635,2401.0831009936937,25.35286455672936,245.84851457580618,3.946127257095322,11.557909590280378,56.33888185344814,0,2026-08-25 06:31:44
2024-01-02 16:37:00,CNC-02,M,304.05765783923596,313.4463484903391,1830.795963987221,42.0390984600968,244.30903449670538,3.599997265447569,14.46919488275084,42.831679608686926,0,2026-08-25 06:31:44
2024-01-02 06:14:00,CNC-01,L,295.67202974585007,309.6648302275612,1997.8766076392658,35.73460607789357,45.18786700833712,2.5789721184361345,13.220999238563195,55.14099323792927,0,2026-08-25 06:31:44
2024-01-02 10:51:00,CNC-01,L,296.56847734681486,310.5946026010792,1429.3439234361113,50.45312388725745,31.56040362900844,2.1800031991495725,13.638757156739617,61.219307579722376,0,2026-08-25 06:31:44
2024-01-02 15:22:00,CNC-02,M,303.3806929768357,311.5601648520239,1573.7470688962342,42.63855914939782,134.94588324672807,2.4314600380088516,12.461418429101995,43.3799723427625,0,2026-08-25 06:31:44
2024-01-02 21:26:00,CNC-03,H,299.26973895817184,311.88418751150283,2541.169675962677,20.824653320455052,31.711316184107005,3.0590488504181064,9.924836666658953,55.851147998410276,0,2026-08-25 06:31:44
2024-01-02 23:54:00,CNC-03,H,298.58779618791357,310.00482509763503,2789.2815115207036,9.73210090369454,190.96746281781145,36.73590807391647,5.044774778997733,51.987073029664856,1,2026-08-25 06:31:44
2024-01-02 15:03:00,CNC-01,L,298.37669647613427,313.75040088104794,1541.1524277415542,53.39965310316967,217.0539759954596,3.1798629727577903,15.329591243744133,54.68244261502964,1,2026-08-25 06:31:44
2024-01-02 18:37:00,CNC-02,M,25.82354611915474,40.58159863735386,2143.97248158918,33.03285389003772,151.3766414054636,3.0654174663229132,13.249806199387034,49.455768889464146,0,2026-08-25 06:31:44
2024-01-02 01:31:00,CNC-02,M,298.4740132840103,311.03032775561553,2576.292355930999,18.44970411527366,142.8292523352019,3.406954323087841,8.942596832996664,51.60232144842369,0,2026-08-25 06:31:44
2024-01-02 04:24:00,CNC-01,L,296.27270429803883,309.84808462923934,2270.0211360099265,27.030884182270793,129.3112220413901,3.0246958561972663,11.570293968634743,60.149920213729885,0,2026-08-25 06:31:44
2024-01-02 02:25:04,CNC-02,M,297.79195533434427,311.3298204888449,2468.8947650055184,23.216492532727724,200.86977339865737,3.7051234433046414,10.818917391765167,49.48239256961684,0,2026-08-25 06:31:44
2024-01-02 13:31:00,CNC-02,M,297.41138705665384,312.5626333041442,1453.2274073290268,51.870621351792785,215.38750302045318,2.8849043933874206,14.173465258353499,56.9057977794363,0,2026-08-25 06:31:44
2024-01-02 18:48:00,CNC-02,M,26.186357464337505,40.37578465265403,2227.168955134012,27.857697471249995,165.35404418489298,3.253422479945848,11.469599380569548,49.81010828519175,0,2026-08-25 06:31:44
2024-01-02 15:53:00,CNC-03,H,298.18909517919445,312.42805317924245,1629.098882681982,41.957758417186085,141.45119578531924,2.4542928618432995,12.779940686889708,56.52396196020357,0,2026-08-25 06:31:44
2024-01-02 05:45:00,CNC-01,L,295.995427840741,309.4972002522092,1902.7124755922473,34.88953338262915,6.584117798526139,2.440278091077054,12.437143879110055,60.98118406153362,0,2026-08-25 06:31:44
2024-01-02 20:07:00,CNC-01,L,299.1789965396299,312.8703594442508,2377.580978842709,26.02141503234706,182.4614089435289,3.5100861312018057,11.563995206232962,49.51068858301252,0,2026-08-25 06:31:44
2024-01-02 00:16:00,CNC-02,M,299.01206534019644,310.7874277800279,2619.78878552045,15.595527997129158,567.567868257859,3.1813672392136163,7.704430215520448,51.77086868100659,0,2026-08-25 06:31:44
2024-01-02 14:16:00,CNC-02,M,297.0468352474222,310.77449913969946,1340.1485584188922,48.746353989183696,34.293515831932496,1.9373962423920368,12.020417990883951,53.59855347714948,0,2026-08-25 06:31:44
2024-01-02 08:24:00,CNC-01,L,301.46033549889415,310.4294804204109,1740.1309301331034,42.02568849827729,229.36519676589296,3.484201244126349,13.500848131911546,46.45258541100664,0,2026-08-25 06:31:44
2024-01-02 23:02:00,CNC-03,H,298.72806717341575,311.46740702811576,2618.7214953351827,18.79721183175857,135.83259353523766,3.4191358642114187,8.95453259572652,51.10521235444247,0,2026-08-25 06:31:44
2024-01-02 20:33:00,CNC-03,H,299.3375062194591,313.90298666070305,2376.7276194657343,28.327970141310537,237.7663740468382,3.829056436268364,12.805899022028889,53.93996364007653,0,2026-08-25 06:31:44
2024-01-02 20:05:00,CNC-01,L,299.0196030937018,313.3081719399304,2432.283976888999,27.82768538094671,180.12713910380234,3.5773778746426053,12.799722751450364,52.27823053240478,0,2026-08-25 06:31:44
2024-01-02 15:46:00,CNC-02,M,303.45552461870346,313.0359608764428,1833.8573441045048,43.88215414954626,0.0,2.771754267841772,15.186193952871715,45.79188800807219,0,2026-08-25 06:31:44
2024-01-02 19:49:00,CNC-01,L,298.96242542095877,313.1302825254381,2278.673508298704,29.618012184896614,160.79378548312857,3.261861975561256,12.47025280030593,53.03928775714933,0,2026-08-25 06:31:44
2024-01-02 18:47:21,CNC-02,M,25.814401955712185,40.575571937036216,2237.4394505409364,31.426948492676626,164.09645900454927,3.1596748548135776,13.064504962315393,50.653444916839234,0,2026-08-25 06:31:44
2024-01-02 00:35:00,CNC-03,H,298.9766348697903,311.94821146094165,2606.839450022676,20.59479979239987,85.90958740069719,3.068008826479175,10.110356402577201,52.119986511218144,0,2026-08-25 06:31:44
2024-01-02 08:06:03,CNC-01,L,301.5173436114317,310.2409771955587,1570.565238016948,48.29670267359732,202.78431675003546,3.0283199234577496,14.012330218593702,48.48613399536637,0,2026-08-25 06:31:44
2024-01-02 06:31:00,CNC-02,M,295.94742299924445,309.2877589037953,2045.312301231518,29.98830741167388,40.30037714927717,2.701500064289529,11.67636240966624,62.03366299099286,0,2026-08-25 06:31:44
2024-01-02 07:18:00,CNC-02,M,23.125051810133698,37.79329313751151,1660.3708085223004,43.82012670284915,105.65114396356712,2.4235181300778446,13.588654190385638,59.35404057370436,0,2026-08-25 06:31:44
2024-01-02 01:21:00,CNC-03,H,298.2799800467144,310.2722310472769,2781.495892292974,14.823841682806954,135.03932007348783,3.3916872184529523,7.812787130432869,52.92416165570045,0,2026-08-25 06:31:44
2024-01-02 04:55:00,CNC-03,H,297.145626292173,311.1726525760504,2054.7013362348966,32.5595607512612,128.13416063095258,2.741026294036,12.486701460685765,55.52081356811417,0,2026-08-25 06:31:44
2024-01-02 14:06:00,CNC-02,M,297.0404239236041,311.37997586394306,1696.5146816902723,42.99445074102874,18.66653108598308,2.2785552249966408,13.921969314618442,56.425099513626854,0,2026-08-25 06:31:44
2024-01-02 02:03:00,CNC-01,L,297.88651580723865,311.02061289427337,2565.303101366741,21.427350296026553,165.3150726437012,3.6448959411740325,10.236375312424622,56.79412349756352,0,2026-08-25 06:31:44
2024-01-02 08:44:28,CNC-02,M,296.22756413180537,311.38297582194207,1448.2889310991645,,232.51200408079976,3.173275602249007,13.77360910010336,58.563199889428404,0,2026-08-25 06:31:44
2024-01-02 05:07:33,CNC-01,L,296.2781717138634,310.2008904838228,2320.617986018199,28.491103469929683,185.01567261217136,3.4433641328396885,12.291893701546867,59.10271129930291,0,2026-08-25 06:31:44
2024-01-02 06:03:00,CNC-02,M,296.25407851875156,309.5030830050737,2078.579733372174,29.47385592456891,2.6350753303797196,2.6885176935790285,11.602537280372308,58.45001844429192,0,2026-08-25 06:31:44
2024-01-02 19:55:00,CNC-03,H,299.22700738559354,313.39024462633955,2339.617910029667,28.618900074252085,192.87264814403565,3.419260281593603,12.659647980922585,54.58343551320415,0,2026-08-25 06:31:44
2024-01-02 19:52:00,CNC-03,H,299.63053612266975,313.87893775858095,2327.8259757805886,28.243396292668766,189.2184582925105,3.3147676872952525,12.45331758102042,49.17966932310081,0,2026-08-25 06:31:44
2024-01-02 18:51:00,CNC-03,H,26.16928039105784,40.09248710248659,1949.2188519876752,33.869713845486835,113.5839820782779,2.753577516908997,12.113788418517396,52.50080341645559,0,2026-08-25 06:31:44
2024-01-02 11:19:00,CNC-03,H,296.2435129739225,311.0947110163027,1368.2879396983915,53.77803243834374,195.87634935482464,2.639612405682387,13.80574345669053,56.31985150878839,0,2026-08-25 06:31:44
2024-01-02 08:25:00,CNC-02,M,295.9044759879925,310.4162525828955,1860.7572433816376,36.41739899048909,202.74520778801616,3.192719911019907,12.670433916733232,60.36077499054103,0,2026-08-25 06:31:44
2024-01-02 21:44:00,CNC-01,L,299.27863987133793,310.54989714389643,2540.876785994654,14.55943734990486,66.29816040718666,3.156963450899176,6.824359804628944,54.61171350988162,0,2026-08-25 06:31:44
2024-01-02 08:05:51,CNC-03,H,295.6922542448132,311.02732489108513,1558.3145363994015,52.05903491934162,170.3239015728964,2.5619313420663548,15.139226839561795,58.90346699359053,0,2026-08-25 06:31:44
2024-01-02 03:35:00,CNC-02,M,297.48342050785857,310.9631737669158,2501.4417896810414,25.35170127774188,58.72729980307717,2.9904640035350076,12.041191557727238,56.9901762637755,0,2026-08-25 06:31:44
2024-01-02 01:08:00,CNC-02,M,298.48852132434627,311.24102549706123,2643.1843525086465,19.251079560374528,118.05717647414237,3.3049521058559916,9.366728339403489,50.63465260524675,0,2026-08-25 06:31:44
2024-01-02 23:55:00,CNC-02,M,299.32120723903085,311.7554812202371,2869.7080122447815,15.647540877728723,50.16985066553437,3.4525443186720515,8.564382473257439,51.1380523381279,0,2026-08-25 06:31:44
2024-01-02 23:29:00,CNC-03,H,298.9645175199914,311.2330885525981,2720.951946250646,15.644659567569516,164.4532456160024,3.6515747887469963,8.00896451425653,50.20844683573073,0,2026-08-25 06:31:44
2024-01-02 16:08:00,CNC-01,L,298.6055520989445,313.17073346076444,1742.7971046667365,43.79766897162924,77.27763894929575,2.3376678811083718,14.146635937949222,52.235524642384185,0,2026-08-25 06:31:44
2024-01-02 05:02:00,CNC-03,H,297.04508327430693,310.34941327808656,2260.59864831017,25.682444808314052,136.974533308358,3.0984558515413125,10.751709043892541,59.440837827190265,0,2026-08-25 06:31:44
2024-01-02 19:38:00,CNC-03,H,299.4046417680855,313.1661291350091,2256.2644521955676,27.487299057048936,172.07433332368095,3.2639885893828935,11.365048719241999,52.3820147624574,0,2026-08-25 06:31:44
2024-01-02 14:23:00,CNC-03,H,297.5284711707473,310.84791026530525,1486.3912232209339,43.41158066693884,4.675758131880447,2.124839723107252,11.952922829145653,54.18502538969722,0,2026-08-25 06:31:44
2024-01-02 22:50:00,CNC-03,H,299.0873506458416,311.211726531386,2769.879459368924,15.252205557703816,122.99563011293868,3.357857710366049,7.926506378853968,51.927049351039365,0,2026-08-25 06:31:44
2024-01-02 01:09:00,CNC-01,L,298.3922967833939,309.9883368085154,2723.8116314316158,13.93180782019543,106.5778854663972,3.3501967693364763,6.736896866495829,53.636313619277864,0,2026-08-25 06:31:44
2024-01-02 13:30:00,CNC-03,H,297.21818795017384,311.7287035201491,1434.4103979551717,50.13360051509025,144.10158493365873,2.3552786322907977,13.522542606322837,53.366012972835456,0,2026-08-25 06:31:44
2024-01-02 05:44:00,CNC-02,M,296.1315691138797,311.0376021650218,1878.141565735964,38.79370912870359,219.42304799423403,3.316589691624168,13.45007692173862,58.75927772683053,0,2026-08-25 06:31:44
2024-01-02 15:38:00,CNC-03,H,298.126671067235,,1503.4282246602509,46.43249618383986,119.04435475842516,2.2666275348300577,13.042848529104566,51.837097359385425,0,2026-08-25 06:31:44
2024-01-02 21:28:00,CNC-02,M,299.6547031029535,312.35508595143403,2714.043810785182,15.936678881709655,114.39220688768646,3.348796114061149,7.87207447417544,52.02271247175028,0,2026-08-25 06:31:44
2024-01-02 13:38:00,CNC-01,L,297.66354299072856,311.83516956584873,1406.7611594669556,47.65700862449228,85.47793066985888,2.052394646375841,12.201276751962574,54.161496308235876,0,2026-08-25 06:31:44
2024-01-02 21:21:00,CNC-03,H,299.3895835756474,311.75392785706316,2356.7213907064456,21.998769157003778,26.108527170873845,3.031332152288517,9.813287929638914,52.644349259368084,0,2026-08-25 06:31:44
2024-01-02 22:29:00,CNC-03,H,299.1291374395817,312.2237182317218,2615.419057906911,20.56941151414606,100.31076875977354,3.3028323342995627,10.053870823808957,55.2405984964444,0,2026-08-25 06:31:44
2024-01-02 03:13:00,CNC-03,H,297.8358888385156,308.9654485052057,2572.4372329143603,13.13378947571842,5.604746022226606,3.1443768407414474,6.33244461854615,53.08451111828121,0,2026-08-25 06:31:44
2024-01-02 02:06:00,CNC-01,L,298.1974687994197,312.68946830972,2486.2545450232537,28.89985924750023,168.54558303807121,3.362401759556412,13.464403788231746,57.36004608761978,0,2026-08-25 06:31:44
2024-01-02 11:16:00,CNC-02,M,296.33249476069165,310.13597200504387,1382.3114791978464,49.67339370402898,1.5711794151599698,21.21513155652027,12.740508404112894,60.07726165258835,0,2026-08-25 06:31:44
2024-01-02 12:47:00,CNC-02,M,296.98048612414686,311.80187871345015,1394.4081071033345,53.18412235926367,145.91431967585893,2.3257499078510024,13.74735058613368,56.378130747960704,0,2026-08-25 06:31:44
2024-01-02 21:25:00,CNC-02,M,299.40818163200277,312.33216486623206,2576.0964776467413,19.75589818654113,111.07021271073108,3.091348323666516,9.607079338267202,50.86079320340038,0,2026-08-25 06:31:44
2024-01-02 04:59:00,CNC-03,H,296.85330946911284,311.07002167440896,1949.0765685806846,36.10098761086826,133.22444636147605,2.6967432298100484,13.110463056934265,55.76147377719167,0,2026-08-25 06:31:44
2024-01-02 17:24:00,CNC-01,L,298.6305744648355,313.1524983898873,1800.9572518626276,40.77424655434984,184.50130407325693,3.0898840144801216,13.767539817279408,55.70459302806888,0,2026-08-25 06:31:44
2024-01-02 03:11:00,CNC-01,L,297.27990182605373,310.0291581257547,2403.258651804875,23.921469229596777,42.99981429230207,2.970283120655825,10.761803420858675,57.28825439036595,0,2026-08-25 06:31:44
2024-01-02 06:46:00,CNC-02,M,295.8700836147262,310.3057068661318,2131.2084610567795,34.14657346442308,60.61643522543491,2.7833814876307272,13.634084452869546,57.807365536172455,0,2026-08-25 06:31:44
2024-01-02 15:41:00,CNC-03,H,298.1145211119667,312.64595714968004,1615.9962064301128,45.88603183227599,123.47440280275282,2.2939792672407253,14.106514276929252,53.84113047898206,0,2026-08-25 06:31:44
2024-01-02 16:26:00,CNC-02,M,303.67462816015563,313.1630752442904,1703.0547364306653,45.240915865583084,228.58875551586655,3.3050401103237297,14.286642322754814,46.41926526760464,0,2026-08-25 06:31:44
2024-01-02 03:30:00,CNC-02,M,297.5065963789912,310.44910533162255,2427.729541765742,23.39477522326397,52.842491224292104,2.933103568630743,10.603978175310914,53.173609074527235,0,2026-08-25 06:31:44
2024-01-02 11:18:00,CNC-03,H,296.3143928431081,310.8137306187428,1382.3993066520322,52.404361603793774,194.27634935482465,2.4815881184689523,13.61809133931181,58.63080523194073,0,2026-08-25 06:31:44
2024-01-02 23:34:00,CNC-03,H,298.6546699035768,311.5214464109098,2665.0775400726934,18.354436690258513,169.75016537368285,3.4723202377664855,9.182527252351663,55.2920428599709,0,2026-08-25 06:31:44
2024-01-02 07:48:00,CNC-03,H,22.570973029119727,36.76150434005956,1628.4810595698739,43.447177375476336,142.4629147445258,2.4128689254264977,13.182186477520647,64.81830127034574,0,2026-08-25 06:31:44
2024-01-02 02:04:00,CNC-01,L,297.87212203574364,310.6159744039186,2889.453706579364,16.3212869985593,166.3450726437012,3.7981809362370487,9.016568505289323,52.87373770393644,0,2026-08-25 06:31:44
2024-01-02 04:17:00,CNC-02,M,296.8712444805703,310.42769150814814,2328.3532390824544,25.068771916032382,108.97138742570347,2.9389115960276833,11.071536150904887,56.40937985092675,0,2026-08-25 06:31:44
2024-01-02 18:08:00,CNC-02,M,25.792123712033288,39.71895588640086,2167.39604277298,29.320073059885388,113.45515801504312,2.800223669827342,11.956953698765789,50.30189231198626,0,2026-08-25 06:31:44
2024-01-02 17:13:00,CNC-02,M,298.1673589393089,311.7030745143398,1839.3364260685064,34.625707183895656,39.1022012307088,2.478053364547779,12.114018322891443,55.870651757514814,0,2026-08-25 06:31:44
2024-01-02 19:51:00,CNC-01,L,299.0127558335173,312.8757479660534,2358.4072667556175,26.26538805284406,163.2789493321126,3.2216868956626463,11.63635635226061,51.99175284229179,0,2026-08-25 06:31:44
2024-01-02 05:33:00,CNC-01,L,295.9346056199456,310.2773979025905,2134.309965129621,31.45345221092548,216.26044747816326,3.7268736096800916,12.62342525210602,58.938965594567954,0,2026-08-25 06:31:44
2024-01-02 22:23:00,CNC-03,H,299.36178987462483,311.9242332283191,2724.234738007688,17.59561265232834,93.88146863760063,3.3502024446575414,8.910116849742154,49.41189707389232,0,2026-08-25 06:31:44
2024-01-02 12:46:00,CNC-01,L,297.6153533710953,311.9681929836217,1503.8807616599638,49.95782411868116,3.11983617806679,2.16864138288719,13.875009151049033,51.366978401037706,0,2026-08-25 06:31:44
2024-01-02 06:30:00,CNC-02,M,295.9002702227707,309.9841947400637,1891.5697768746772,38.01736011635096,38.96582152108084,2.457390152300113,13.371404124319213,,0,2026-08-25 06:31:44
2024-01-02 10:33:00,CNC-01,L,296.31370316826684,310.2259408606446,1494.3680803931607,47.28229270830212,3.1465144480433946,2.103417920027069,13.161179690088106,60.65208553739269,0,2026-08-25 06:31:44
2024-01-02 12:27:00,CNC-02,M,296.8585667532398,311.09715435534196,1276.2623724613657,53.203330253033016,114.32548122185383,20.58627239983681,12.837223760936,59.273267382173955,0,2026-08-25 06:31:44
2024-01-02 12:09:00,CNC-03,H,296.61132830035797,310.17000602829637,1385.3200690904496,49.25974284096069,15.81832451677088,2.061671257709417,12.420179336826495,52.407418302323926,0,2026-08-25 06:31:44
2024-01-02 03:55:00,CNC-03,H,297.6175623886322,310.92621501970154,2385.844102426624,25.38518879880602,54.7243320584471,39.249575518694854,11.370417247542624,51.21777459911833,0,2026-08-25 06:31:44
2024-01-02 13:23:00,CNC-03,H,297.67825750058864,311.6990322759726,1323.3591689475168,51.664213869200985,133.14395130645525,2.177154730085153,12.833518547631463,59.299521501836296,0,2026-08-25 06:31:44
2024-01-02 13:28:00,CNC-03,H,297.37037612067076,312.15481428167095,1450.894944907793,52.93465816391727,140.98260641577545,2.1829652617126314,14.48718267395451,55.63832099425015,0,2026-08-25 06:31:44
2024-01-02 03:29:00,CNC-02,M,297.44693210117185,309.6878072950059,2449.9947629602725,18.108344941798855,51.680712042782275,2.990037331326598,8.266125942002333,54.668771392958014,0,2026-08-25 06:31:44
2024-01-02 01:17:00,CNC-03,H,298.43791300022855,311.2064484399261,2544.489758251987,20.03879782467455,130.75710163657448,3.2589284626552084,9.696139316313706,51.85108927022622,0,2026-08-25 06:31:44
2024-01-02 02:35:00,CNC-03,H,303.4117765123941,310.68646452440134,2613.08147767878,19.31838296415649,216.43212241200067,3.856001896625806,9.473743274388996,40.88251976252964,0,2026-08-25 06:31:44
2024-01-02 12:25:00,CNC-03,H,297.07406847650896,310.7929576725227,1363.0066145440242,49.90486053846297,41.28086168823143,2.0837209239029177,12.790594035725302,56.952583357387134,0,2026-08-25 06:31:44
2024-01-02 22:20:00,CNC-03,H,299.1306624797747,311.07921492260726,2773.2649744088185,0.0,90.64019684341012,3.4534870124080683,7.920125054138581,57.35127281689283,0,2026-08-25 06:31:44
2024-01-02 20:57:00,CNC-01,L,299.14000428196954,311.44669999768416,2406.0409174255715,22.00931372939284,13.681144905753433,2.9021181405575107,9.930498529100241,58.31950992603762,0,2026-08-25 06:31:44
2024-01-02 22:42:00,CNC-01,L,298.77363354829487,311.604572802751,2606.3293951574324,19.847141508054712,129.9483855831413,3.2893223581410753,9.63646847138316,54.42221108609593,0,2026-08-25 06:31:44
2024-01-02 08:22:00,CNC-02,M,296.0874212841322,311.98490977357943,1730.1789010017394,50.125386915949335,198.41559789416468,2.985504701502463,16.219141810331813,52.8410450688489,1,2026-08-25 06:31:44
2024-01-02 03:51:00,CNC-02,M,297.4725961889261,310.4130689094425,,24.58490649903977,77.68338071952856,,10.509081285920916,51.9129695281754,0,2026-08-25 06:31:44
2024-01-02 05:36:28,CNC-01,L,295.9632736871647,310.63759488781693,2032.1406806219895,34.109431698114,218.90172945961692,3.728048928546411,13.083271276458248,58.63219538176113,0,2026-08-25 06:31:44
2024-01-02 03:06:00,CNC-03,H,297.56411610137525,311.3662292759559,2397.627231005443,24.134447618082586,251.61203304079933,39.13688658580963,10.837651539292056,60.90041768938148,0,2026-08-25 06:31:44
2024-01-02 19:24:00,CNC-01,L,299.31611438694557,313.26325099566895,2235.7560330894353,28.885869647056694,130.2470947538871,3.010603177252824,12.05784665214316,53.64233697589781,0,2026-08-25 06:31:44
2024-01-02 22:47:00,CNC-02,M,,312.74679540105114,2583.1423392933207,18.8281347651054,201.17749289805428,3.816217680856131,9.305952748240628,53.649448184427364,0,2026-08-25 06:31:44
2024-01-02 03:41:00,CNC-02,M,297.2384665255753,310.07324414156005,2238.659958977143,23.625395546330846,65.8571721784975,2.8262826018452882,9.964740103014027,53.53739720116208,0,2026-08-25 06:31:44
2024-01-02 06:24:00,CNC-01,L,295.79847563312256,309.5652006253392,1823.253903998157,36.527594955753834,58.792322409007504,2.560505412693979,12.415131253165082,61.806047203754304,0,2026-08-25 06:31:44
2024-01-02 20:45:00,CNC-02,M,299.4061397906145,312.74355195851433,2435.2000836809625,23.02375642377184,65.93229966696656,3.112722613765849,10.331617528404923,55.62034442928727,0,2026-08-25 06:31:44
2024-01-02 11:01:00,CNC-01,L,296.28448131968344,310.4932958740232,1444.4055298357432,49.684058981580606,47.29140776469792,2.0608053277442484,13.432715767313878,57.65613110930198,0,2026-08-25 06:31:44
2024-01-02 05:05:00,CNC-03,H,297.1506479501893,311.4818414189075,2088.228195277906,32.83911371548534,140.89016272501377,2.8202095120665875,12.872203030463554,57.974625669765445,0,2026-08-25 06:31:44
2024-01-02 01:50:00,CNC-02,M,298.40916148553555,310.6575367615311,2736.762574332781,15.38154319255292,163.3218011236311,3.555977701611467,7.6032227541145305,54.00966619344149,0,2026-08-25 06:31:44
2024-01-02 22:01:00,CNC-02,M,299.4708444203121,313.4146452819818,2434.302677650752,25.267627615449072,151.2992404045739,3.267897060663668,11.450964333321874,52.029882323595444,0,2026-08-25 06:31:44
2024-01-02 06:39:00,CNC-03,H,295.92412606888047,309.43906745483434,1900.3841484652455,34.2749126307479,44.477120412424156,2.468017813943936,12.363848389558266,60.83048207382287,0,2026-08-25 06:31:44
2024-01-02 18:14:00,CNC-02,M,25.545936507028216,40.170105498998055,1987.930490337001,35.71510374365242,121.44689636901927,2.7332812150167767,13.48524261217604,55.92163484715756,0,2026-08-25 06:31:44
2024-01-02 20:55:00,CNC-03,H,299.2946368217845,314.0224058598137,2473.782617644404,28.331011234677256,263.128744355781,4.189111438972366,13.392270747487188,53.1517785360589,0,2026-08-25 06:31:44
2024-01-02 14:11:00,CNC-02,M,297.19877306138574,311.75359872037905,1398.671166494301,53.38426043646935,26.496480814630193,2.131347327294223,14.184991256469432,55.1009524870685,0,2026-08-25 06:31:44
2024-01-02 20:13:59,CNC-01,L,298.90661351340975,312.5666714586216,2324.042690006581,24.61349840234417,191.84299932350734,3.5299292268098217,10.488168898318762,52.89981482554866,0,2026-08-25 06:31:44
2024-01-02 14:23:00,CNC-02,M,297.15847139989023,311.1872069896413,1509.4761726568347,44.55244733750839,45.05629146327327,2.221677069500865,12.529312461144311,58.31043770330672,0,2026-08-25 06:31:44
2024-01-02 09:51:00,CNC-01,L,295.9420461222057,311.085862937329,1510.902617200729,52.67294421001469,129.46467608232564,2.370734449533679,15.033872875955517,55.164610381363104,0,2026-08-25 06:31:44
2024-01-02 12:16:00,CNC-01,L,297.1634484014851,312.0724464395547,1375.6746405898089,54.48484054108171,166.31809258284838,2.500181865134516,14.14529779711399,58.4863598942664,0,2026-08-25 06:31:44
2024-01-02 17:06:00,CNC-03,H,298.6578160715145,314.49338050054826,1852.7376174755893,45.875544573067586,245.85325246760974,,15.788539660811072,56.56720193131674,0,2026-08-25 06:31:44
2024-01-02 12:26:00,CNC-03,H,296.9209240653793,311.2192525980779,1376.9090564533196,52.644209023004606,42.880861688231434,2.006150924033662,13.624963809831266,56.30799404942771,0,2026-08-25 06:31:44
2024-01-02 13:48:00,CNC-03,H,297.5924705467117,311.977455718357,1548.9403308376839,47.483860013845074,172.1995342181863,2.5750778857735446,13.615135023459572,59.6978925359178,0,2026-08-25 06:31:44
2024-01-02 15:35:00,CNC-02,M,303.50951372549554,312.7676898942614,1667.1356511034264,46.89751380843462,154.33124305904695,2.58766422165008,14.659417980763154,40.81903382618115,0,2026-08-25 06:31:44
2024-01-02 20:50:00,CNC-01,L,299.071756835371,310.5341285268565,2509.8601266937826,14.964679795990687,5.580098232345065,3.085781759128517,6.929914220570441,46.588842961875706,0,2026-08-25 06:31:44
2024-01-02 20:02:00,CNC-01,L,299.5786753307881,313.7079581459144,2227.009434874665,28.687918395871975,176.5700371526249,32.57584923514743,11.956986764044053,51.71074745328661,0,2026-08-25 06:31:44
2024-01-02 08:09:00,CNC-03,H,295.77595936012557,310.7455387554117,1733.9736321607206,43.559164633586654,173.32504460920242,2.6455441276697833,14.058594062962872,60.520014597450256,0,2026-08-25 06:31:44
2024-01-02 05:45:00,CNC-02,M,296.14338562258814,310.4486632725787,2081.322882197071,31.024995884214107,220.7255322880477,3.5619811957278675,12.140175190922681,53.91317199766245,0,2026-08-25 06:31:44
2024-01-02 23:15:00,CNC-02,M,299.15717141082104,310.2658436792871,2744.9832701462255,413.66735304697056,7.400856140630339,3.272521616105618,5.883209986414348,54.599052783185726,1,2026-08-25 06:31:44
2024-01-02 16:18:00,CNC-02,M,303.7200797237635,313.389088721153,1927.6607476307013,41.13531181857596,,3.1784842819797183,14.845960478638307,40.579637837616495,0,2026-08-25 06:31:44
2024-01-02 20:11:00,CNC-03,H,299.45363218668194,314.0187644477865,2357.503200188171,30.53670654383145,211.923366833502,3.4810528426428013,13.385520018559031,49.07021327010583,0,2026-08-25 06:31:44
2024-01-02 02:45:00,CNC-03,H,303.25149280436176,312.3797838174758,2470.853020380419,31.77736154803727,227.6806076420066,3.749808605519479,14.777518721814218,45.38849065577232,0,2026-08-25 06:31:44
2024-01-02 06:57:00,CNC-02,M,22.927164272539528,36.669738456417065,1826.0844558076058,36.06618563656837,76.07984400855996,2.4826999715066447,12.081399512553295,58.2894626258099,0,2026-08-25 06:31:44
2024-01-02 13:02:00,CNC-01,L,297.5815115268952,311.4066016286741,1373.0804293452934,49.89597866367146,28.419353128226163,2.054690598407269,12.614802957661468,56.25238367094511,0,2026-08-25 06:31:44
2024-01-02 01:31:00,CNC-03,H,298.10650675454593,311.4268980253551,2477.7538589236656,23.192278709733483,145.87219441080293,3.277577225784602,11.031733270248841,53.14211551310177,0,2026-08-25 06:31:44
2024-01-02 05:04:00,CNC-01,L,296.00137800605216,310.33034124527836,2106.977744266514,32.46732562201615,178.7880019105989,3.301009432596381,12.970630896179971,57.26084868924637,0,2026-08-25 06:31:44
2024-01-02 10:04:00,CNC-01,L,296.09698013696556,310.42520373173295,1386.7030006461694,49.947558537384204,149.809926259549,2.3953628310776915,12.92030807057002,62.82697861511538,0,2026-08-25 06:31:44
2024-01-02 01:37:00,CNC-03,H,297.9261640452169,310.3917171464638,2656.296288020091,17.21004844853112,152.36403020249836,3.3571541840382197,8.535430897631644,57.230141650802175,0,2026-08-25 06:31:44
2024-01-02 12:01:00,CNC-01,L,297.2473994859412,311.80463746547,1464.4378268913827,49.14622605548806,142.46113322988185,2.5018540532539477,13.290642958788878,52.646252113029234,0,2026-08-25 06:31:44
2024-01-02 23:02:00,CNC-01,L,298.4367366657082,310.5158384363214,2549.599834631602,15.190768186325645,151.2928757392913,3.3731962314742256,7.013548403703442,53.08868519656276,0,2026-08-25 06:31:44
2024-01-02 05:41:00,CNC-01,L,295.93274251255394,309.11432256813026,2092.5393381666718,28.89356729686827,1.3021800506763128,2.6724877065332096,11.466273650425688,55.696415121140824,0,2026-08-25 06:31:44
2024-01-02 12:48:00,CNC-01,L,297.54206716573196,311.1992649224166,1362.732979923156,49.52661642037254,6.297332597570509,2.01067570956457,12.618766351898383,55.29651199502476,0,2026-08-25 06:31:44
2024-01-02 05:13:00,CNC-01,L,296.07987384091325,310.8768060549817,2126.3116287365337,35.28864912381069,190.14224758462174,33.449445781390914,14.08239796242153,58.97399391938425,0,2026-08-25 06:31:44
2024-01-02 16:52:00,CNC-03,H,298.6091705481699,314.25358115377963,1964.3934526564333,40.70849847259923,226.34786450722135,3.2623278567126106,14.796061190350308,53.8235636521977,0,2026-08-25 06:31:44
2024-01-02 06:45:00,CNC-03,H,295.8509505317704,309.4912846726806,1931.611165594124,34.69950327898539,52.76829311792767,2.5382661785204648,12.449868622085754,63.13351832641324,0,2026-08-25 06:31:44
2024-01-02 17:56:00,CNC-03,H,298.9942634846028,312.8018794219694,1984.5476940791862,34.68516512587522,41.70739269669024,2.5368838675623566,12.696605040015635,51.440174468111294,0,2026-08-25 06:31:44
2024-01-02 13:21:00,CNC-02,M,297.1594567140406,311.7366434414605,1277.4497040348751,52.439924370408846,199.7928249949463,2.625133707935874,12.610568132789208,60.607883445286035,0,2026-08-25 06:31:44
2024-01-02 21:20:00,CNC-01,L,299.0032753578496,311.7321682927123,2356.942844764959,23.374742913968202,39.78859454953761,2.8586316249431096,9.836028285678662,47.30149430376539,0,2026-08-25 06:31:44
2024-01-02 00:39:00,CNC-01,L,298.64327683335006,310.7735557355083,2861.3857421863004,,74.47744749514533,3.2358256944910475,8.362958101411879,53.479049408327455,0,2026-08-25 06:31:44
2024-01-02 21:15:00,CNC-02,M,299.3324038869771,312.9364731991282,2591.477382517495,23.465420713397364,99.83816761236739,3.2089553512043083,11.56532588849273,53.28135535103173,0,2026-08-25 06:31:44
2024-01-02 17:16:00,CNC-02,M,298.54199166737163,312.55565280464936,1858.4920280367533,38.847177783861675,43.288858540848125,2.499280596717355,13.635714157099706,54.680969728461,0,2026-08-25 06:31:44
2024-01-02 09:36:00,CNC-02,M,296.1189311728619,309.62019000005546,1393.6757054885602,45.32198215790327,50.74201541755829,2.045455960466579,11.669700176347511,61.655000436872974,0,2026-08-25 06:31:44
2024-01-02 01:42:00,CNC-03,H,303.97711580300745,310.6277780579462,2639.175918395428,18.072729624474615,157.76117626114976,3.3414431393150843,8.929157127102936,52.88601596691914,0,2026-08-25 06:31:44
2024-01-02 16:32:00,CNC-03,H,298.50844342878065,313.7501540859682,1744.8515869220457,45.22743397427878,197.87919128266452,2.863044839959111,14.842506247020332,53.582606598439554,0,2026-08-25 06:31:44
2024-01-02 22:44:00,CNC-02,M,299.2734241388477,312.10441604907976,2601.4410418848624,17.487230738091206,197.91174954956242,3.7233765589492567,8.59716743656914,52.908928173098786,0,2026-08-25 06:31:44
2024-01-02 05:19:00,CNC-02,M,296.25022459913134,310.7677708495726,1985.73388759132,34.871380729178895,186.81506873964244,3.1285744434798657,13.107087066386242,64.34362716456594,0,2026-08-25 06:31:44
2024-01-02 00:34:00,CNC-01,L,298.6236679898058,310.5087190065347,2732.8824794172947,15.756059992746858,69.18352219246378,3.2376882868526384,8.15827549198256,53.22949905209218,0,2026-08-25 06:31:44
2024-01-02 00:29:00,CNC-03,H,298.74964167444426,310.6358644681959,2633.5549299029894,14.547209523264268,79.48625941223523,3.191666334035347,7.096549225211635,54.34789326128051,0,2026-08-25 06:31:44
2024-01-02 22:50:00,CNC-02,M,299.2119080591384,312.33469339104715,2792.72726218177,17.147629368927387,204.32922008210588,4.016327213308916,8.888074753319597,53.291961057950374,0,2026-08-25 06:31:44
2024-01-02 01:39:06,CNC-03,H,298.0401875670703,310.47273774911315,2702.466925481175,15.720529432468322,153.42707260848317,3.6013180272347034,7.861249646028975,54.228544201702945,0,2026-08-25 06:31:44
2024-01-02 19:51:00,CNC-03,H,299.6211893518806,314.3021714433747,2253.4832378043,31.745610429983522,188.01130265925923,3.1918506785624423,13.622639995280512,51.5332533381603,0,2026-08-25 06:31:44
2024-01-02 02:52:00,CNC-01,L,,309.86237184792105,2480.347135172441,17.73079702390473,21.344714262541935,3.021173649419099,8.005442146760876,58.54053497345273,0,2026-08-25 06:31:44
2024-01-02 05:43:00,CNC-01,L,295.84307251157946,309.36717300305105,1978.5693338411504,34.97860643604217,3.9729172842634517,2.6598334638405867,13.016929107231842,65.20262638022281,0,2026-08-25 06:31:44
2024-01-02 19:05:39,CNC-03,H,26.101005834774128,,2126.805753527044,39.59226369054835,133.71927442087556,2.8194338011139157,15.92498115956616,53.18007007360526,0,2026-08-25 06:31:44
2024-01-02 10:02:00,CNC-02,M,296.28877613875784,310.2717544255863,1414.371844131007,46.39632050574778,91.44314591314563,2.1505139555974604,12.618317907384226,52.92201781948425,0,2026-08-25 06:31:44
2024-01-02 10:40:00,CNC-03,H,8607.837005105923,310.8336442408738,1386.5059800428846,54.70521452759198,134.30501613991186,2.132337034017035,14.09168326180556,60.71993763834836,0,2026-08-25 06:31:44
2024-01-02 14:18:00,CNC-02,M,297.31930960857835,311.44116554271625,1472.1024417009457,48.57497402815695,37.40270400880651,2.1870468527724607,13.333074535324487,59.99696541763304,0,2026-08-25 06:31:44
2024-01-02 07:49:00,CNC-03,H,22.413707007442667,36.77775671346109,1723.8021393298106,40.82413634938861,143.9106180037723,2.4993392770240774,13.29615822134468,57.429774320010985,0,2026-08-25 06:31:44
2024-01-02 02:05:12,CNC-01,L,297.7888053035335,310.91640120211133,2708.5815607152863,19.038200086940897,167.3923966287284,3.7780078187761563,9.797331328006413,57.421029418544656,0,2026-08-25 06:31:44
2024-01-02 11:08:00,CNC-02,M,296.456993804715,311.5851078617508,1418.909341913381,54.00176271200327,195.48695542254177,2.7803702158986163,14.426948559481469,58.97966036638013,0,2026-08-25 06:31:44
2024-01-02 05:55:00,CNC-02,M,,311.27428880799096,2153.8502531900504,33.1580867146099,233.77057200358877,3.73692079448885,13.591830480819725,62.909098120523446,0,2026-08-25 06:31:44
2024-01-02 20:28:00,CNC-03,H,299.3480324395831,313.5160754573499,2314.395492639724,28.462369986414632,231.92922768288506,3.7179597989166773,12.069190728273668,50.841234247091506,0,2026-08-25 06:31:44
2024-01-02 10:24:34,CNC-01,L,296.10214387011285,310.60329487668935,1414.39352971484,50.4804358380851,182.8332020227226,2.607644000784866,13.484158491695915,59.518714700173135,0,2026-08-25 06:31:44
2024-01-02 22:58:00,CNC-03,H,299.0363898064235,311.9299402434765,,20.648799543078024,131.54330423789244,3.3684279676190014,10.009224118189483,51.42570782338654,0,2026-08-25 06:31:44
2024-01-02 18:43:00,CNC-02,M,25.765991342167183,40.49274679210737,2215.7662547462523,31.299086593603022,158.9687647274604,3.1777078878501976,12.831944068972549,49.2859548724076,0,2026-08-25 06:31:44
2024-01-02 04:21:00,CNC-02,M,296.7012338887353,310.88404869841116,2148.2069967228276,31.827436339268694,113.95398564595551,2.943207141418036,12.48560194955482,59.89406164672938,0,2026-08-25 06:31:44
2024-01-02 05:42:00,CNC-01,L,295.8561652967658,308.97909572954757,2039.4178295348497,30.600758233858578,2.627794296400001,2.5875200984221443,11.811160206426445,59.93902164576678,0,2026-08-25 06:31:44
2024-01-02 11:57:00,CNC-01,L,296.88002357217596,311.6149588758829,1462.4932360695136,51.59215535256047,136.10365093054455,2.433436759001301,14.28095567696926,54.48711405157874,0,2026-08-25 06:31:44
2024-01-02 09:17:00,CNC-01,L,296.1650449797204,310.43774503536343,1459.4972759583914,49.127920404110284,77.05643800312735,2.225915079686926,13.53397636226185,62.254705819006965,0,2026-08-25 06:31:44
2024-01-02 07:28:00,CNC-01,L,22.989834477581326,37.462211521748145,1769.1475537443043,40.33167429904313,147.64202512709804,2.5607543887765902,13.18577657380541,59.02907301168224,0,2026-08-25 06:31:44
2024-01-02 10:03:00,CNC-02,M,296.25222013853664,310.20514063727705,1302.1227662697272,51.512675301749944,93.0431276011151,1.9008657544802001,12.784874403491395,55.82239429183952,0,2026-08-25 06:31:44
2024-01-02 05:17:00,CNC-02,M,296.4285640013776,310.885865641791,2064.4743013000266,32.98115915515006,184.21785832257808,3.0645753145159795,12.848859558891744,58.14679999447658,0,2026-08-25 06:31:44
2024-01-02 12:30:00,CNC-03,H,296.90407078740697,310.91394137197153,1329.4803214231943,52.20395733513008,49.210114848960394,1.9607670484186517,13.081113836246269,60.3561992155097,0,2026-08-25 06:31:44
2024-01-02 16:03:19,CNC-02,M,303.94926744636484,313.2884240775308,1751.0456080586525,45.29609957747407,194.00045184100043,2.9819385892950776,14.631789042978273,41.459303898603196,0,2026-08-25 06:31:44
2024-01-02 03:15:00,CNC-02,M,297.3984073918737,308.91227157246703,2500.1306655826293,14.27171865580921,35.26143009905022,3.0723181645140807,6.538799052810367,55.94280567325339,0,2026-08-25 06:31:44
2024-01-02 22:10:00,CNC-03,H,299.3227845542356,312.1945063645647,2619.258302913075,20.916419857817992,79.9292911179138,3.181673910298341,10.432257744229803,53.71879037802823,0,2026-08-25 06:31:44
2024-01-02 21:09:00,CNC-01,L,299.23114608951494,311.4511353185421,2539.47898784796,18.27911918094242,27.413631490839208,3.1329251031347667,8.919432977625975,52.16593365005788,0,2026-08-25 06:31:44
2024-01-02 10:04:00,CNC-03,H,296.0536778694174,310.35392325378007,,,77.53845206703485,21.691425424910335,13.206136933299241,61.75318138578526,0,2026-08-25 06:31:44
2024-01-02 20:07:31,CNC-03,H,299.44627411011123,313.8876727570674,2311.0700251558405,30.326332167903434,207.21603180105046,3.5816439308788475,13.206932026249932,50.24123473788182,0,2026-08-25 06:31:44
2024-01-02 05:02:00,CNC-01,L,296.1909970617429,310.8796392285741,2082.884216958224,36.10439016224257,176.25119882267495,3.2791676589704335,14.246510632569443,58.683976919487456,0,2026-08-25 06:31:44
2024-01-02 06:00:00,CNC-01,L,295.96128969421903,309.40124045481735,2106.7489820096935,29.67720197982701,26.486776830437616,2.671902146189852,11.786422352770417,57.417770393261264,0,2026-08-25 06:31:44
2024-01-02 02:40:00,CNC-03,H,303.35227739978933,311.3346679277226,2449.757633723436,24.685235603177397,222.0304508394935,3.771829321884713,11.247913064713389,42.55894664225974,0,2026-08-25 06:31:44
2024-01-02 23:43:00,CNC-02,M,299.09472508994577,311.2553092445139,2740.8429898477725,14.758734517784816,37.423295809883435,3.217133569524416,7.399456454858563,53.722013256785495,0,2026-08-25 06:31:44
2024-01-02 17:00:00,CNC-03,H,298.8427125300211,314.14902223921666,1843.7313898890172,42.95921139355724,237.4913968916656,3.338929594579531,14.852043787679262,52.16363120230604,0,2026-08-25 06:31:44
2024-01-02 11:09:00,CNC-02,M,296.670669422973,311.4295214606208,1393.6874088477637,52.58494467394876,197.07526187739805,2.6876283339054527,13.628370901523091,56.206726463548435,0,2026-08-25 06:31:44
2024-01-02 13:25:00,CNC-03,H,297.3523217491954,311.9019596060676,1371.3657991685209,53.07239962180116,136.266376440175,2.1990441172357786,13.791375792186823,52.168733260737916,0,2026-08-25 06:31:44
2024-01-02 17:21:00,CNC-01,L,298.54378457523495,313.77901992545816,2076.4786251500595,37.93118626260007,180.38336754105077,3.2694736826108666,14.797615445309269,52.885708739259954,0,2026-08-25 06:31:44
2024-01-02 13:29:00,CNC-03,H,297.28246290683575,311.6087421406524,1480.4157740213745,49.169538061716366,142.541649997381,2.2467002022741474,13.582627895465556,54.69138753427949,0,2026-08-25 06:31:44
2024-01-02 00:59:00,CNC-01,L,298.46282641348046,311.26667510456866,2713.532293540931,19.51617709319775,95.80194447292668,3.4221277298160953,9.927699345086573,52.62343598002076,0,2026-08-25 06:31:44
2024-01-02 03:19:00,CNC-02,M,297.5735966176651,311.03221861468575,2407.890947667057,26.82096857006029,39.91467208336446,2.928224616326056,11.846783793481128,55.836683498430936,0,2026-08-25 06:31:44
2024-01-02 06:33:00,CNC-03,H,296.5893794088796,310.7224702547869,1986.8244132872192,35.20064595350274,36.37662430366593,2.5749248253009265,13.277373617656275,56.98828665862355,0,2026-08-25 06:31:44
2024-01-02 13:06:00,CNC-02,M,297.2053535420141,311.8646705024926,1444.264952932883,49.115483205486164,176.07706875617956,2.5916136006010966,13.16399325606066,57.997476801531086,0,2026-08-25 06:31:44
2024-01-02 03:24:00,CNC-02,M,297.7418308455684,308.7561276333902,2544.3000103204854,12.175606098467522,45.734736492670265,3.0718447113543084,5.557091522889083,57.418880886504894,1,2026-08-25 06:31:44
2024-01-02 11:03:05,CNC-02,M,296.443743491492,311.1876708433644,1358.2507911771943,51.775546549272654,185.97082251597476,2.5955753997305138,12.919518393009715,57.419330699943266,0,2026-08-25 06:31:44
2024-01-02 15:51:00,CNC-02,M,303.41736879398474,312.448462114566,1656.1153268164003,44.9370649945285,177.9611163288742,2.710318063546339,13.940884158092057,45.32073089471429,0,2026-08-25 06:31:44
2024-01-02 03:58:00,CNC-01,L,296.5394469278878,309.3045032107174,2444.782676927051,22.2589994780697,97.94804798046103,3.176759313327584,10.238914799305057,57.73767151216152,0,2026-08-25 06:31:44
2024-01-02 21:28:00,CNC-01,L,298.93363252331574,311.65451337887146,2586.3919679879955,20.455375587106673,48.676547806866054,3.099236319237583,9.831917936998638,56.524628683584325,0,2026-08-25 06:31:44
2024-01-02 20:12:31,CNC-02,M,299.15734587703224,312.4777160592694,2407.0025447674775,24.518728448703833,29.777097177127843,2.9251233120196667,10.777293107527202,52.62547310410024,0,2026-08-25 06:31:44
2024-01-02 18:35:00,CNC-02,M,25.848901561780224,40.676687666924806,2103.4437489795496,33.30186006303148,148.84458671424642,2.893359227387597,13.087377681866775,54.1398348350284,0,2026-08-25 06:31:44
2024-01-02 08:01:08,CNC-01,L,28.172691033254523,37.27007168411535,1630.0453093889487,48.29279198965399,196.83139685487245,3.0184112351855097,14.8393496240381,46.915147030066365,0,2026-08-25 06:31:44
2024-01-02 19:44:00,CNC-02,M,299.1433255979424,314.4121977845409,2390.07975158969,31.205870142265145,234.82200619872057,3.862566735538536,13.967710492353552,53.81279860316734,0,2026-08-25 06:31:44
2024-01-02 01:12:00,CNC-03,H,298.4363601829687,310.58899861208613,2693.6764323445454,16.35472356990652,125.37973912813156,3.26688924567194,8.073274308758625,53.122640263368375,0,2026-08-25 06:31:44
2024-01-02 00:17:00,CNC-02,M,299.2498005617865,311.35124066310175,2669.366702953328,17.404705851836315,63.46443325503553,3.3520508235025446,8.455779541402103,47.160165859361165,0,2026-08-25 06:31:44
2024-01-02 16:09:00,CNC-02,M,303.68678630315003,312.8075429861312,1879.8756446908617,40.588375260251766,204.18489302576376,2.9764724008974084,14.26662394758394,44.32055006666442,0,2026-08-25 06:31:44
2024-01-02 05:37:00,CNC-03,H,296.544305147971,311.51932304748703,1913.9733221284532,41.03818819456805,182.4152651952238,2.9928432500457456,14.500839202030372,56.05520236962952,0,2026-08-25 06:31:44
2024-01-02 22:46:00,CNC-02,M,299.2490191936303,312.5738644172125,2600.2591156229064,18.98164536615753,200.08110506346273,3.7116416191801243,9.243200938104055,53.62463247772601,0,2026-08-25 06:31:44
2024-01-02 14:03:00,CNC-01,L,297.35778824827133,311.6070528658072,1376.5105871938501,51.00979143575286,124.79919592503279,2.134500050079388,13.183839622727598,56.288265804133516,0,2026-08-25 06:31:44
2024-01-02 20:01:00,CNC-01,L,299.10371144979626,313.4418479824616,2287.833338053981,29.760781193483233,175.34462673927794,3.4275062454531877,12.672211145926244,55.41673144874707,0,2026-08-25 06:31:44
2024-01-02 23:41:00,CNC-03,H,298.89652339478164,311.28273620179607,2688.4620362171354,16.189382496782336,177.21874513593843,3.600267788757878,8.6058520443335,51.84062915598468,0,2026-08-25 06:31:44
2024-01-02 03:07:00,CNC-03,H,297.7190869196529,311.6580559236724,2345.539181731731,26.052538622116323,252.78829934288137,3.9840497237429306,11.363593433765416,55.066659921903884,0,2026-08-25 06:31:44
2024-01-02 21:53:00,CNC-03,H,299.06329493275,311.04902582474693,2643.6804503423127,15.632116112288312,,3.1589813462325007,7.6518361746147585,50.728271080616494,0,2026-08-25 06:31:44
2024-01-02 17:55:00,CNC-01,L,298.7464779871636,312.936306613337,1929.0479858282592,37.85630890503771,16.08971233865699,2.5348777667198075,13.809561471988879,53.29140091290217,0,2026-08-25 06:31:44
2024-01-02 13:28:00,CNC-02,M,297.41746668627223,312.28047089403407,1407.4461128627208,52.31314607611597,210.6703071011262,2.7393131288536434,13.850131523785127,55.08625529461782,0,2026-08-25 06:31:44
2024-01-02 05:19:00,CNC-03,H,296.91175979984047,,2181.6087515839167,33.35865395133378,158.88080211818263,2.9715021455991053,13.544355608507743,57.29318317349165,0,2026-08-25 06:31:44
2024-01-02 02:53:00,CNC-01,L,297.2291211052538,309.7706354975008,2432.600976909125,21.70268515792928,22.50139166526812,2.9650579070411336,9.75729030839132,56.16271102793299,0,2026-08-25 06:31:44
2024-01-02 00:29:00,CNC-01,L,298.7896497496788,310.20042439831826,2818.837114133928,13.437236191187417,63.82777607399316,3.365135068890354,7.191728770800117,55.140498729763465,0,2026-08-25 06:31:44
2024-01-02 13:15:00,CNC-03,H,297.11741614469753,311.5985628625281,1365.8736685985207,53.926049937396634,120.49328063806612,2.119076900503263,13.880640920504057,60.09769228414421,0,2026-08-25 06:31:44
2024-01-02 13:29:00,CNC-01,L,8644.493279322793,311.8396226799807,1357.6949954249158,55.035657149639206,71.34244120062529,2.073364452605644,14.246414435131937,57.97916258257491,0,2026-08-25 06:31:44
2024-01-02 18:48:00,CNC-01,L,26.057287445108955,40.214699622845956,2025.797895182863,34.66945497862655,85.25659833548889,2.610100969348554,13.067216999482866,52.898878138131934,0,2026-08-25 06:31:44
2024-01-02 06:37:00,CNC-03,H,296.2472308568474,309.83750864364094,1957.1988025661806,34.57031762173417,41.80168687861861,2.594710605390123,12.5846195606735,54.70097116290879,0,2026-08-25 06:31:44
2024-01-02 07:14:00,CNC-03,H,22.735448555305425,36.295833465277155,1802.5213467899184,35.85016707022057,93.59263313983054,2.5360046071935365,11.955880921387887,57.37554819935193,0,2026-08-25 06:31:44
2024-01-02 18:36:43,CNC-03,H,25.97040365167038,39.0668227333839,2190.456593371036,26.456484394747296,96.80758261642534,2.8254643979999665,10.854465270652408,52.07844832803773,0,2026-08-25 06:31:44
2024-01-02 21:35:00,CNC-01,L,299.05886766658233,311.0409941468127,2601.508940518005,17.14777211437977,56.41732015144329,3.120266156589585,8.302236753418933,51.64805078634325,0,2026-08-25 06:31:44
2024-01-02 15:39:00,CNC-02,M,303.19106819719195,311.8129570769475,1610.3855547338878,44.1423147205549,160.3207125659032,2.523947967477276,13.246876528610509,48.51036226377303,0,2026-08-25 06:31:44
2024-01-02 16:19:00,CNC-02,M,303.54691170907813,312.91052994700857,1545.181041035284,51.107380118147475,218.5646198166292,3.083467907053504,14.830137297023068,47.53220465832459,0,2026-08-25 06:31:44
2024-01-02 07:28:00,CNC-03,H,22.59516024735609,36.57667146735196,1714.310957778243,40.872525526701025,113.56855686486048,2.446633552616918,13.075720932584053,53.75792939721065,0,2026-08-25 06:31:44
2024-01-02 02:15:00,CNC-01,L,297.7681884474571,310.6189974664258,2753.277167529345,17.75940699723416,178.54674710652236,3.8464696109272776,9.167924667527522,53.20220680101825,0,2026-08-25 06:31:44
2024-01-02 05:05:00,CNC-02,M,296.17556363380095,310.4135959881952,2210.013240942296,30.309000490001466,168.87905950906205,3.1518922653319343,12.610415047394296,59.513529455061054,0,2026-08-25 06:31:44
2024-01-02 20:31:00,CNC-01,L,299.05324150442567,313.5741029678279,2422.0912978350884,28.159648775589414,210.53390118868987,3.908486556140679,12.70157840853899,52.03681185248258,0,2026-08-25 06:31:44
2024-01-02 00:55:00,CNC-01,L,298.66092028995354,310.59217845387775,2801.2297847961877,14.276917632372406,91.5073381577712,3.3390196039545703,7.57633959916298,52.81402681730325,0,2026-08-25 06:31:44
2024-01-02 09:50:00,CNC-03,H,295.87428908619944,309.9037197585212,1470.173910612628,47.54557751265084,55.71548993156514,2.0908258556653956,12.967822702340507,60.424442192744394,0,2026-08-25 06:31:44
2024-01-02 09:01:00,CNC-01,L,296.0215877497208,309.8246002702932,1531.5314631098474,45.1890485734251,52.51310304847493,2.2480594477401614,12.789864272038283,56.197637499015705,0,2026-08-25 06:31:44
2024-01-02 16:51:00,CNC-03,H,298.4467117030395,313.7873678202534,1900.1193913043294,40.223885051139895,224.991280540998,32.602409565435835,14.375150376225227,53.68844349421206,0,2026-08-25 06:31:44
2024-01-02 18:01:00,CNC-01,L,298.91349933046,312.3760322773418,1987.743109950122,32.130304668388455,24.009164243903594,2.5691021212932195,12.063496966292675,51.75485105122705,0,2026-08-25 06:31:44
2024-01-02 04:30:00,CNC-02,M,296.7361417134502,311.41348091347476,2270.1221789781234,31.842504742943824,124.96900271703872,3.048568973681635,13.60504573314299,55.94034667750645,0,2026-08-25 06:31:44
2024-01-02 11:27:00,CNC-02,M,296.39501426209625,310.34811649615506,1409.721384148689,49.28801561155216,18.991536561461825,2.0026995104811856,13.185982215360195,58.627869025482184,0,2026-08-25 06:31:44
2024-01-02 01:34:00,CNC-03,H,297.97550778358925,311.33750777203744,2689.7522985886935,21.11231050161839,149.11935034448464,3.6312560245322785,10.642793253627568,57.33323323158839,0,2026-08-25 06:31:44
2024-01-02 00:50:00,CNC-02,M,298.6360143785989,311.94944215942746,2598.1519104241984,22.239073757192145,98.51011660054954,3.2797583829739874,10.878882398408273,57.2343628081609,0,2026-08-25 06:31:44
2024-01-02 09:36:00,CNC-03,H,296.0641737288891,310.07832254290236,1468.987710112705,48.249429600475224,34.04895092108599,2.177621635864575,13.362395791946694,56.32286263273184,0,2026-08-25 06:31:44
2024-01-02 02:49:00,CNC-01,L,297.8319254966274,309.0740775382161,2445.588065478407,15.530779240004014,18.000648958482657,2.982713038409892,7.111630669893392,53.6470796800415,0,2026-08-25 06:31:44
2024-01-02 14:57:00,CNC-02,M,297.6272722766797,311.9918667574774,1531.4237248131358,45.13229477606166,97.33313193722586,2.2969690325221195,13.063837582182536,55.47727163684789,0,2026-08-25 06:31:44
2024-01-02 04:09:00,CNC-02,M,297.1964241312935,310.4228095236151,2392.8914972704906,22.569433904751666,99.28875142139243,2.9507725802241476,9.945688601999635,61.070096843742334,0,2026-08-25 06:31:44
2024-01-02 21:57:00,CNC-03,H,299.0736223589736,311.73255262595643,2563.974587681957,,65.759955933231,3.0267236557745103,9.164343771658302,51.48505652822235,0,2026-08-25 06:31:44
2024-01-02 22:44:00,CNC-01,L,298.6931627571795,310.5675025256592,2632.200742771524,14.927757737451259,132.19371507433425,3.4101050304904623,7.448251418142139,56.95185134869537,0,2026-08-25 06:31:44
2024-01-02 18:32:00,CNC-01,L,25.659261549513076,39.86083089077658,2254.5396034150367,31.077826232929326,64.66437701314416,2.882642160790632,13.103584142899582,54.34684849288469,0,2026-08-25 06:31:44
2024-01-02 08:26:00,CNC-02,M,296.18770117842024,311.15328608740634,,47.83787731218124,204.2584986906749,2.9452084857662215,14.137269043973488,56.63638050687359,0,2026-08-25 06:31:44
2024-01-02 20:25:00,CNC-02,M,299.2562200562898,312.5748743477839,2531.9238007531753,22.214752066726433,42.69417838277926,3.0365000026149973,10.51351414867341,50.93411471145205,0,2026-08-25 06:31:44
2024-01-02 16:16:00,CNC-03,H,298.5096166679067,313.2017606936883,1615.37973711546,45.88598224430482,174.782337582637,2.5388703563843884,13.784807659208266,56.960745797933335,0,2026-08-25 06:31:44
2024-01-02 11:07:00,CNC-03,H,296.3861987289687,311.0297086776532,1483.4654692295214,50.961828125023125,176.7957340102748,2.5253052776396423,14.14487890896249,58.74446708667508,0,2026-08-25 06:31:44
2024-01-02 20:42:00,CNC-02,M,299.5581710288219,312.10623816206027,2371.048059363196,20.049994413662525,62.43283906181796,2.91496179431286,8.886897335262864,49.689970015225306,0,2026-08-25 06:31:44
2024-01-02 15:25:00,CNC-01,L,298.237126473442,312.07141842488176,1443.9004886959667,46.479628847629456,13.58821906426487,2.106075906725728,12.471340836447277,54.498515368995996,0,2026-08-25 06:31:44
2024-01-02 10:06:00,CNC-02,M,296.2917023473711,310.6632421881889,1487.8947571018311,47.55175757432918,97.7510000315709,2.2859087687796995,13.037260677931377,57.214169853293136,0,2026-08-25 06:31:44
2024-01-02 17:26:00,CNC-02,M,298.60731471635586,312.62070873651135,2142.229721896175,31.176721149186676,57.02107491838169,2.8094625617392706,12.69043460356157,56.30774973329188,0,2026-08-25 06:31:44
2024-01-02 13:46:00,CNC-01,L,297.5367739938329,311.2231138242279,1382.6781281419185,48.61750346423942,98.06371083083545,2.1061812911377196,12.768107655559623,58.88996391299812,0,2026-08-25 06:31:44
2024-01-02 14:57:29,CNC-01,L,297.7007017339259,312.8418689989582,1447.4026363507871,52.37171690044968,208.03096867795293,2.9283288183994727,14.281212356285343,59.61615109739704,0,2026-08-25 06:31:44
2024-01-02 23:52:00,CNC-03,H,298.58807700753584,311.7892625637676,2750.2563819595107,18.356125279257355,188.86891409935583,3.6868993074139094,9.426755495363292,48.89812415508507,0,2026-08-25 06:31:44
2024-01-02 05:26:00,CNC-02,M,295.979029507113,310.5308208213643,2010.1963448317094,35.695222458895635,196.01782928617854,3.1486395895793424,13.353533475534094,60.36251366277511,0,2026-08-25 06:31:44
2024-01-02 09:02:00,CNC-02,M,295.72974362947065,310.47868153195174,1402.943209902138,50.28235680423363,258.25207115829454,3.4199015325867306,13.025263010950866,62.21198680953807,1,2026-08-25 06:31:44
2024-01-02 01:14:00,CNC-03,H,298.4989987793404,309.95443754604213,2822.902510534037,12.258874876071738,127.47074776819454,3.458408797908932,6.427656140521758,50.18702880845414,0,2026-08-25 06:31:44
2024-01-02 13:07:00,CNC-03,H,296.9430712215801,311.60919620138833,1469.8305773952513,51.29040504243351,107.81473980910926,2.2534978168414113,13.818065147755568,55.2893633790484,0,2026-08-25 06:31:44
2024-01-02 12:35:00,CNC-01,L,297.06621794428946,312.35238777854534,1400.3814186349425,56.45583990860443,196.50994781064298,2.7170816610691935,14.511417957433663,54.088595179629436,1,2026-08-25 06:31:44
2024-01-02 19:26:00,CNC-02,M,299.11966902743313,314.3761603697821,2378.7536417111855,31.25183770241749,212.9586228943523,3.720860550876651,13.693374968761606,53.71783830929202,0,2026-08-25 06:31:44
2024-01-02 10:09:00,CNC-02,M,296.2716407164086,310.370665193387,1266.891473699034,54.29022389751592,102.46007655796346,2.1026164683895345,12.984833506288407,58.714955699204396,0,2026-08-25 06:31:44
2024-01-02 15:50:00,CNC-02,M,303.58558175765387,312.95830995879453,1897.0007181132487,42.26646960456956,,2.861264228119145,15.091158328178533,43.165947488749154,0,2026-08-25 06:31:44
2024-01-02 22:15:58,CNC-03,H,299.10850470351863,311.6158522826971,82799.09907626353,17.29083896305117,87.35852481884886,3.3446756098744643,8.559366058781341,51.642576773451104,0,2026-08-25 06:31:44
2024-01-02 15:50:00,CNC-03,H,298.2340812392234,313.21853388848297,1651.4166804291367,48.99362524137035,136.93228747464207,2.4935439038301115,15.076693875346033,53.338220233068576,0,2026-08-25 06:31:44
2024-01-02 05:31:00,CNC-03,H,297.1705494263307,311.448505454254,2134.851474636813,32.062709379900845,174.438889882171,3.040620733340462,12.747467773927307,53.0229609123282,0,2026-08-25 06:31:44
2024-01-02 13:45:00,CNC-01,L,297.66218269568895,311.43310935570764,1301.0962759076904,53.52910245561057,96.47280637226837,1.8270533895350969,13.10578635441656,57.82633220718963,0,2026-08-25 06:31:44
2024-01-02 05:12:00,CNC-02,M,296.3543597111805,310.21054619990673,,29.26280539293272,177.8536498510946,3.0749682216130947,11.301820697166713,55.60607796985025,0,2026-08-25 06:31:44
2024-01-02 05:36:00,CNC-02,M,296.382063296206,310.2772936174873,2310.3185073241616,25.880549085932287,208.9029231727313,3.6100284980789388,10.966703049660968,57.7537460711519,0,2026-08-25 06:31:44
2024-01-02 08:48:00,CNC-01,L,301.7959655696646,309.80917658535805,1764.6338623580868,41.393196231628686,33.07657015007415,2.442977344183515,13.387432602716327,50.0298055526618,0,2026-08-25 06:31:44
2024-01-02 06:52:00,CNC-03,H,296.10369912124355,310.42872623847796,1820.7370508329716,41.29853011448158,62.590998113139676,2.3939902799940787,14.147430869372958,56.26323651776127,0,2026-08-25 06:31:44
2024-01-02 07:08:00,CNC-01,L,22.903052980265898,36.808908851230115,1827.2871683490084,35.41305287527927,119.49714196098193,2.6094226451856675,12.125841365556788,59.816258044201916,0,2026-08-25 06:31:44
2024-01-02 13:12:00,CNC-01,L,297.4253450723939,311.14758607982003,1425.1101524674464,48.918335631953035,44.28065894378916,2.0079554483589757,12.880496673903952,55.1333098457024,0,2026-08-25 06:31:44
2024-01-02 09:04:00,CNC-01,L,296.1560716610291,310.5899242267168,1667.1288093047558,44.86858098608107,57.05590028098259,2.2757499177915888,14.153779268441694,57.27175513427995,0,2026-08-25 06:31:44
2024-01-02 13:21:00,CNC-03,H,297.117399772862,311.95995034180464,1478.556503546054,51.32385526904949,129.9590843302781,2.308673991322122,14.3099930555469,59.443074644809855,0,2026-08-25 06:31:44
2024-01-02 16:48:00,CNC-01,L,298.67417982622584,313.1129547628381,1880.132128706348,37.90559524897163,134.78181537448,2.7234657770527266,13.376639264764654,,0,2026-08-25 06:31:44
2024-01-02 11:26:00,CNC-02,M,296.7744769485677,310.7542831802149,1348.6735636589583,50.480200372876276,17.391536561461823,1.9969494963259915,12.888410135031766,57.6948217017231,0,2026-08-25 06:31:44
2024-01-02 12:12:00,CNC-01,L,297.1140903042505,311.82611807299037,1373.3941197892912,52.45615851734645,159.9313334682176,2.474267885091134,13.506057254939659,55.813109608886315,0,2026-08-25 06:31:44
2024-01-02 11:04:00,CNC-01,L,296.20429230103207,309.74148579876555,1306.1262327657303,47.96820758307439,52.03436547796359,2.02509380586045,11.524916610823356,56.51284682232613,0,2026-08-25 06:31:44
2024-01-02 10:57:00,CNC-03,H,296.39864811082026,310.999894645263,1477.3514367272346,50.10984050589235,161.07002340441474,2.4771390777826703,13.8145841225685,60.99594237648921,0,2026-08-25 06:31:44
2024-01-02 11:26:00,CNC-03,H,296.45746799891845,311.5821739966062,1363.7236387764624,57.208403660356616,206.96914930944016,25.214801628936584,14.377120241885205,56.46484468781464,0,2026-08-25 06:31:44
2024-01-02 06:51:00,CNC-01,L,296.29714327706427,310.7059360037014,1866.2878009236726,40.396897443569486,95.75237984772158,2.5219059559706785,14.033156156336036,57.444513593899956,0,2026-08-25 06:31:44
2024-01-02 13:59:00,CNC-02,M,297.2051519699154,311.59296072065075,1399.3545250829823,54.355402897363255,7.835625053885069,2.0470005767691717,14.371103097572732,60.6943645741621,0,2026-08-25 06:31:44
2024-01-02 05:16:00,CNC-03,H,296.97989871968724,311.01770333369666,2115.5145391787228,32.24660657301551,154.9930464111995,2.999443829437459,12.591954218311313,54.72047361994106,0,2026-08-25 06:31:44
2024-01-02 15:47:00,CNC-01,L,298.3827961329509,311.9943995414367,1543.2812371690875,42.86572406624073,46.53208499794062,21.905471549405327,12.453021007562365,51.604228978135204,0,2026-08-25 06:31:44
2024-01-02 21:52:00,CNC-01,L,299.0884808340786,311.5389393536886,2638.4777579658958,18.345495130871495,75.07177126199792,3.2737615900816004,8.876844883388607,53.48515835779394,0,2026-08-25 06:31:44
2024-01-02 05:40:00,CNC-03,H,296.7859478901133,311.51891339993784,2098.880768389369,34.561988563570374,186.31779069069887,3.064390362639748,13.467553694314143,53.738491566073904,0,2026-08-25 06:31:44
2024-01-02 23:53:00,CNC-02,M,299.01298548730375,310.9489725602332,2591.856246933434,15.88393654597953,48.091708425499654,3.097391145170831,7.770491973555665,50.252383407226176,0,2026-08-25 06:31:44
2024-01-02 08:30:00,CNC-02,M,295.7972701924863,310.9610665146976,1646.4081202148316,46.10914369721931,210.14740344817582,3.0289435011884023,14.363060459007949,56.79708576266586,0,2026-08-25 06:31:44
2024-01-02 15:26:00,CNC-03,H,298.06366993993294,312.29843047749927,1483.045329446804,48.16108897551716,101.18751305292126,2.1791603080433157,13.298236292167577,51.089174276591976,0,2026-08-25 06:31:44
2024-01-02 23:11:00,CNC-02,M,299.55249659497264,311.9809383296575,2562.676350933755,19.111270452916298,3.1908914040004768,3.245725400097945,9.344322215689207,53.77791330210588,0,2026-08-25 06:31:44
2024-01-02 01:49:00,CNC-01,L,297.8947090725884,311.42998672375603,2643.260171888281,22.82802243233699,149.95092381704325,3.4832007073168865,11.319069307510938,51.2462425203847,0,2026-08-25 06:31:44
2024-01-02 05:52:00,CNC-03,H,296.3850457573351,310.39992463914996,2130.551513443899,29.88372458687092,202.06661679885093,3.2462361802206074,11.827376257991363,59.01696796884077,0,2026-08-25 06:31:44
2024-01-02 10:26:03,CNC-03,H,296.248872977892,310.7107406558754,1380.5553667768265,52.14353698557067,110.61524308283128,2.0534599729373633,13.59914448003332,60.06800359201096,0,2026-08-25 06:31:44
2024-01-02 02:43:00,CNC-03,H,303.27052834662504,311.34410842106666,2471.3013049274077,24.93884163315948,225.45380003700913,3.7339352008857714,11.707501389070286,44.80094126419249,0,2026-08-25 06:31:44
2024-01-02 10:49:00,CNC-03,H,296.1277898069259,310.9556295711265,1406.9557246898419,54.07919217833213,148.449933845135,2.337731216014771,14.103341829479088,56.139460754222966,0,2026-08-25 06:31:44
2024-01-02 14:34:01,CNC-02,M,297.42669156437086,312.30493145960907,1682.1461004208109,47.67479025344023,63.60519625101563,2.3235981637732386,15.12383281339099,57.22853059839797,0,2026-08-25 06:31:44
2024-01-02 21:49:00,CNC-02,M,299.02086592461944,312.90533616553097,2555.503269905471,24.257670018848483,137.82750242569028,3.348275706891136,11.647983846412966,50.87673303500863,0,2026-08-25 06:31:44
2024-01-02 22:28:00,CNC-01,L,298.8798375512728,311.9764493671219,2612.7818447667246,21.821409383274066,114.61064994795895,3.2924049191409024,10.80237175028571,51.6481548183348,0,2026-08-25 06:31:44
2024-01-02 09:18:11,CNC-02,M,296.20927849157465,310.28627465769716,1526.9617130431993,45.55822450382527,21.45397415864158,2.1966101929930377,12.963198435648978,57.78728585020636,0,2026-08-25 06:31:44
2024-01-02 15:29:00,CNC-02,M,303.10128442254216,312.22766423305063,1631.71191094162,47.40260328830867,145.42521065886012,2.4786779805150165,14.394009933277621,47.50646690841649,0,2026-08-25 06:31:44
2024-01-02 16:49:00,CNC-03,H,298.55261253335857,313.82145750826413,1761.1144395703122,45.1939551325209,222.18157842969234,3.1624161382687026,15.088755484833582,55.282597018258215,0,2026-08-25 06:31:44
2024-01-02 00:37:00,CNC-03,H,298.78238023854686,311.1527121802524,2697.8953903355405,16.16023909600186,88.02465933751266,3.280363292961789,8.25946360181394,52.388846340429204,0,2026-08-25 06:31:44
2024-01-02 04:58:00,CNC-02,M,296.78557179385524,310.7835004218392,2184.5591672190712,29.04986414841838,160.05320293350735,3.0751774594594408,11.980285720757575,,0,2026-08-25 06:31:44
2024-01-02 20:35:00,CNC-01,L,298.88352066234347,312.5406051325496,2374.811220132731,24.33465817810932,215.26139696990325,3.8691459740300127,10.869599895821226,48.595879707357945,0,2026-08-25 06:31:44
2024-01-02 00:57:00,CNC-01,L,298.7390885606989,310.9464081111904,2673.2462172831347,17.06838590877706,93.6768105052547,3.289085160862425,8.618684804004515,56.90246785300468,0,2026-08-25 06:31:44
2024-01-02 02:38:00,CNC-03,H,303.1420099874257,310.6164756589191,2610.6925118306044,20.24419093248533,219.75263190148715,3.8544416836380093,10.058417686234382,49.23732052415915,0,2026-08-25 06:31:44
2024-01-02 06:32:00,CNC-02,M,296.07381761119706,310.1082448701879,2040.5839795970319,34.74112621015934,41.60879833053039,2.6970329794676324,13.453772918975236,59.91326372637947,0,2026-08-25 06:31:44
2024-01-02 07:13:00,CNC-03,H,22.830586048113958,38.056876573738066,1884.5246634278283,44.20413662637491,92.17124545646674,2.5848136890194486,15.537552573658731,57.26278138068053,0,2026-08-25 06:31:44
2024-01-02 06:32:42,CNC-02,M,295.9125675033089,309.9418707884532,1924.7102174246636,36.01131673192805,42.9844876609458,24.2351731275624,12.83469444658237,54.76367505755951,0,2026-08-25 06:31:44
2024-01-02 20:21:00,CNC-01,L,299.04153730491487,312.4316558885905,2406.747414572761,22.48653476031331,198.87722952513573,3.77857171838623,10.074338611668201,55.80387044753951,0,2026-08-25 06:31:44
2024-01-02 08:01:00,CNC-03,H,23.021385197597965,37.673726665029506,1706.5321758584905,43.44600904288523,161.52082930040532,2.5594078497485366,13.787943443130898,56.91910240039271,0,2026-08-25 06:31:44
2024-01-02 17:07:00,CNC-02,M,298.35008584972,312.14020987042494,1952.4480884187908,34.10523039430351,30.80867813439623,2.5424414661244357,12.386031944436686,53.00473442665354,0,2026-08-25 06:31:44
2024-01-02 18:29:00,CNC-02,M,25.910002402045393,41.21252747614318,2163.4274648439455,34.77109309782679,141.1188041370786,3.0209254637145944,14.191597487589297,54.15526249852591,0,2026-08-25 06:31:44
2024-01-02 10:27:00,CNC-01,L,296.3045887894324,311.0011861171652,1408.1286941642554,54.415207110954576,186.02234890486193,2.7738997724663506,14.041279454090338,56.651181590909424,0,2026-08-25 06:31:44
2024-01-02 23:03:00,CNC-01,L,298.9667774402453,310.32098462488796,2646.3721532544864,11.452940184514976,152.35492232194508,3.5856246139559222,5.637213041955233,55.76153851912831,1,2026-08-25 06:31:44
2024-01-02 02:40:00,CNC-01,L,297.85256970990133,309.965268618754,2625.5168680556967,713.0577090099167,7.806874238610665,3.192413922533294,9.624502101940815,51.673169948143055,0,2026-08-25 06:31:44
2024-01-02 10:51:00,CNC-03,H,296.1454586983612,310.5073518157417,1464.4188189985357,48.1507444726939,151.58167586949813,2.4069734498829956,13.402031720892973,55.43753529177248,0,2026-08-25 06:31:44
2024-01-02 18:22:00,CNC-02,M,25.719694434521386,40.223598860926415,2187.7293528230944,31.756762346508413,131.92214760271486,2.9451234287033783,13.060224842160505,54.500918336792346,0,2026-08-25 06:31:44
2024-01-02 19:00:00,CNC-01,L,26.0381786663998,39.835214389316604,2244.077851317112,29.309487664608234,,2.8766541526373337,12.193452667221626,55.140990678272914,0,2026-08-25 06:31:44
2024-01-02 04:23:00,CNC-01,L,296.28514511518205,310.59552842527347,2293.354959324363,32.036960933188965,128.109792737546,3.0852963122505397,13.87057706581417,59.99953050190967,0,2026-08-25 06:31:44
2024-01-02 12:34:00,CNC-02,M,296.7283954759696,311.2488375792068,1438.249690024625,50.53141031162878,125.39160150345332,2.1770670473383715,13.664873854993049,53.19979661027219,0,2026-08-25 06:31:44
2024-01-02 06:06:00,CNC-01,L,295.8624580027107,309.9692569451787,2041.701604043232,35.31921413445193,34.40624319464916,2.6148319458911127,13.467517040087298,61.968084486418746,0,2026-08-25 06:31:44
2024-01-02 22:07:00,CNC-02,M,299.4209799096469,312.16127937383277,2663.871329543698,16.56449195182547,157.85885191045801,3.562522068827794,8.426644780259064,51.88289687697678,0,2026-08-25 06:31:44
2024-01-02 05:22:00,CNC-01,L,295.90947039543437,310.67357353306693,2025.5871026755678,35.89252206660345,201.90552998089993,3.393915364445535,13.827323632506095,57.22833337629489,0,2026-08-25 06:31:44
2024-01-02 11:24:00,CNC-02,M,296.4462369844925,310.23362011946824,1477.7166621764516,47.19609237483948,14.195042855974371,2.051650011495233,13.05099771597898,56.74439290857471,0,2026-08-25 06:31:44
2024-01-02 09:22:00,CNC-02,M,296.2833055025409,310.2577002745064,1491.1152069987343,48.0380248457964,29.05315103932663,2.171090800406593,13.5319067390582,58.02451458154786,0,2026-08-25 06:31:44
2024-01-02 17:12:00,CNC-01,L,298.53677536404496,312.80759641743356,1800.0026589023566,38.072326476639695,167.9760784204927,2.774938102424555,13.009167420574048,53.513707645823665,0,2026-08-25 06:31:44
2024-01-02 04:27:00,CNC-03,H,297.2382845619385,310.16047057914216,2356.5656322276195,22.90854249077049,93.24550292882608,3.05124481346482,9.937801117466481,56.03118493863211,0,2026-08-25 06:31:44
2024-01-02 12:26:00,CNC-02,M,296.8763659945756,0.0,1422.0680570447619,53.696215026339715,0.0,2.1472846108708237,14.20283354331883,57.721343717479925,0,2026-08-25 06:31:44
2024-01-02 12:50:00,CNC-02,M,296.993307008236,311.491548394348,1345.4858731895758,51.12920777030156,150.71431967585892,2.3253712416985515,12.865604090848949,57.34652353818911,0,2026-08-25 06:31:44
2024-01-02 22:39:00,CNC-01,L,298.7937268862705,311.13946449620596,2688.362364832128,17.181873768888526,126.61144750885342,3.3720060941686554,8.522090548215155,51.12180055990214,0,2026-08-25 06:31:44
2024-01-02 15:54:00,CNC-03,H,297.9799393700702,312.27286717403535,1668.236808743497,43.69955126087155,142.94730778774,2.5550350700675155,13.60754782459389,57.745733869491325,0,2026-08-25 06:31:44
2024-01-02 06:15:00,CNC-03,H,296.5688182250161,310.2243377486813,1949.6631097632983,34.240149083557746,12.08184623487379,2.520045088351871,12.514999721751906,54.87801103830782,0,2026-08-25 06:31:44
2024-01-02 00:58:00,CNC-03,H,298.6193605778685,310.93906531283403,2810.077462346971,16.318802354625344,110.39300986634504,3.499715698392154,8.623859903000474,53.61424304626288,0,2026-08-25 06:31:44
2024-01-02 00:51:00,CNC-03,H,298.6517968346212,311.14687027403875,2632.2629238904096,18.924292159648093,102.94917142380788,3.1978386449436464,9.26756699017284,55.9900624277863,0,2026-08-25 06:31:44
2024-01-02 23:37:00,CNC-01,L,298.23600726208946,310.5835936880312,2686.968825775176,15.568915321014664,188.55415974518394,3.834676403072961,7.710634129153391,53.8885091218031,0,2026-08-25 06:31:44
2024-01-02 03:33:00,CNC-02,M,297.1900662450498,310.5816082107937,2401.2029793598044,26.600175097811793,56.37448877257054,2.9869584367405313,11.854716247394324,55.00733550221062,0,2026-08-25 06:31:44
2024-01-02 02:30:00,CNC-02,M,298.05071872544545,311.8419705312858,2596.1301038519,21.979885871257192,207.61426664218408,3.8198396893999838,10.665959060003704,51.11024714167564,0,2026-08-25 06:31:44
2024-01-02 21:47:00,CNC-03,H,299.1326820411882,312.24185762492874,2518.681599881703,22.749087766073337,54.82372042942844,2.998054573285757,10.764452071088236,51.34486451780862,0,2026-08-25 06:31:44
2024-01-02 13:28:00,CNC-01,L,297.51160503583776,311.2592771374463,1379.0384779782225,47.923008817564664,69.7424412006253,2.097064057296207,12.091412275240936,51.09380357699311,0,2026-08-25 06:31:44
2024-01-02 19:54:00,CNC-02,M,298.9172601685747,311.40653199303864,2458.9312556702457,18.90643907910192,5.968002773335058,3.030400324726393,8.894056484487319,55.51372479242987,0,2026-08-25 06:31:44
2024-01-02 11:28:00,CNC-01,L,296.41336316836373,310.63320642292786,1386.1971172175731,50.05479329822215,90.11794322448253,2.0953700182932087,13.17001942610216,56.48017499141502,0,2026-08-25 06:31:44
2024-01-02 08:14:00,CNC-01,L,301.2072995727105,310.39794843480087,1642.8966944900137,46.12820354873374,214.5724851252976,3.1954033320667037,13.93794929805858,49.22591336368686,0,2026-08-25 06:31:44
2024-01-02 22:05:00,CNC-03,H,299.0204308703301,311.5298120627999,2605.9376979631616,18.034615918885507,74.45772328440282,3.191413914391903,8.716383309053661,49.39968631745596,0,2026-08-25 06:31:44
2024-01-02 00:04:00,CNC-03,H,298.8500478391591,310.56256463080456,2576.7324219073616,15.465257146459402,52.87226147698178,3.0792545978821755,7.386396422201976,50.45047601941374,0,2026-08-25 06:31:44
2024-01-02 19:37:00,CNC-01,L,299.1636811876736,312.5484515543812,2222.7576505051,26.431304973550613,146.122122743938,3.0691934911945045,11.079352482597104,52.15609213803844,0,2026-08-25 06:31:44
2024-01-02 03:02:00,CNC-03,H,297.67039662187324,312.5811238044067,2503.3603044332785,28.90405484044318,247.01368468464494,3.9992962691016554,13.699988881862971,54.29238614349521,0,2026-08-25 06:31:44
2024-01-02 15:02:00,CNC-02,M,297.58344059154035,312.1732910497491,1760.9585384113893,42.68265637432383,104.95962051289416,2.4733070171102423,14.127403772685007,53.70354724357764,0,2026-08-25 06:31:44
2024-01-02 08:00:00,CNC-03,H,23.07585436777873,37.866055031359565,1752.4235788122162,43.083722063799634,160.08821561008233,2.6861536610563395,14.14148307672516,57.288918797811185,0,2026-08-25 06:31:44
2024-01-02 09:19:00,CNC-02,M,296.2578838223393,310.1970917349717,1578.0020786286468,44.35779302890595,24.468270654170045,2.2834695858283744,12.695780857699132,56.347277050441356,0,2026-08-25 06:31:44
2024-01-02 02:53:00,CNC-02,M,297.6230735784374,309.1613253910019,2493.7442171759844,16.43554502774309,10.106736808188865,3.1340798462651582,7.792100428345701,57.160265524394724,0,2026-08-25 06:31:44
2024-01-02 03:53:00,CNC-03,H,297.6156986520559,309.6639080258837,2529.4376860183716,18.50805107067216,52.33118650113359,3.114133752945421,8.797047672407825,53.60193734129984,0,2026-08-25 06:31:44
2024-01-02 20:14:00,CNC-03,H,299.42523769087353,313.4422752842041,2285.1094387768635,26.543612163205424,215.52604325341343,3.3691149335252506,11.210202145543862,51.84675554654951,0,2026-08-25 06:31:44
2024-01-02 06:18:00,CNC-02,M,296.23394149084896,310.2492802010525,1929.1526930382363,38.099108594915606,22.71271998681598,2.5170255704052216,13.769479835103692,62.05272499534871,0,2026-08-25 06:31:44
2024-01-02 23:33:32,CNC-03,H,298.65556415783703,311.9279495567277,2612.5693454484567,20.729250591837776,170.85736274681017,3.467261784089195,10.407111073082142,56.43704042791397,0,2026-08-25 06:31:44
2024-01-02 16:05:00,CNC-03,H,298.0150701952268,312.5566963730031,1911.981025422028,37.959881624907894,158.85360257546358,2.680248973869458,13.585885338591947,55.76051234777306,0,2026-08-25 06:31:44
2024-01-02 05:27:00,CNC-03,H,296.63823522952754,310.89845280690145,2106.1945614242068,33.001041334065796,169.33426952794485,3.012128433348644,12.701033914054669,58.950418828036504,0,2026-08-25 06:31:44
2024-01-02 15:36:00,CNC-02,M,303.7046789511773,313.08153932467934,1622.6505731225934,48.930787071140664,155.83968456865037,2.5174233107727,15.032750503794105,45.544592794198145,0,2026-08-25 06:31:44
2024-01-02 13:39:00,CNC-01,L,297.6899273582835,312.43724433604626,1545.6249814404903,49.91116664749136,87.0405169754028,2.290469040277449,14.549329364096987,55.40716692996128,0,2026-08-25 06:31:44
2024-01-02 15:24:00,CNC-01,L,298.31132046222564,311.72001594287053,1600.988991830824,41.13096756419247,12.015946049773664,20.985442403048314,12.493192752312101,57.268805679850075,0,2026-08-25 06:31:44
2024-01-02 12:30:00,CNC-01,L,297.1059863433855,312.0227834127106,1459.3143532111455,51.79578917807061,188.52072077274045,2.846652209927382,13.85711869327873,53.49373597855407,0,2026-08-25 06:31:44
2024-01-02 04:33:00,CNC-03,H,297.37336198805946,310.579196402921,2240.8997657335417,25.621383466615377,100.63034888901839,2.8614856810281295,10.708718757078538,58.46137314578917,0,2026-08-25 06:31:44
2024-01-02 06:12:00,CNC-02,M,295.94418936263475,309.1272303242538,1942.594850118564,32.02730085312015,14.697333341872227,2.612898303058319,11.324189186197014,61.992325762877066,0,2026-08-25 06:31:44
2024-01-02 12:31:00,CNC-02,M,296.87356623875763,0.0,1369.5302107522057,54.73121277935159,120.62413307476814,2.116323792782196,14.086295279860083,55.14906054939495,0,2026-08-25 06:31:44
2024-01-02 00:58:00,CNC-02,M,298.5056170485823,311.1367151023413,2648.4208674536344,18.52047116934094,107.22144067636626,3.3315497006332118,9.10702797726993,56.38234914009452,0,2026-08-25 06:31:44
2024-01-02 01:02:00,CNC-01,L,298.6686784694486,309.76269233200725,2806.6417146925796,10.428873285333616,99.02969339451771,3.3685997404528725,5.507629843231378,54.520047435257396,1,2026-08-25 06:31:44
2024-01-02 20:36:00,CNC-02,M,299.20133743724926,312.00577299237284,2409.262051152727,20.9333720852687,55.553380851655305,2.9326572892785108,9.396871455756013,51.592681741539685,0,2026-08-25 06:31:44
2024-01-02 18:46:00,CNC-02,M,26.139805776971457,40.858086610508565,2119.5548749242407,33.64082743372201,162.81721455489185,3.0504283346404324,13.47782226956388,53.84285814244408,0,2026-08-25 06:31:44
2024-01-02 15:37:00,CNC-02,M,303.3353087719759,312.3599076182447,1674.49803939615,44.7844694033329,157.3198209286702,2.573938642732716,13.945394367419226,,0,2026-08-25 06:31:44
2024-01-02 16:39:00,CNC-02,M,303.6945698537983,312.7926570179896,1822.3244619796508,40.3022487296478,247.13763720472062,3.646468527548792,13.762838154099896,48.07281138796946,0,2026-08-25 06:31:44
2024-01-02 02:18:00,CNC-02,M,298.135838658828,311.33477276695874,2692.0348186152155,20.447604357722046,194.19402601456247,3.996439587052669,10.508508839237782,53.30363227911681,0,2026-08-25 06:31:44
2024-01-02 20:51:00,CNC-02,M,299.3528757936433,311.97825638655576,2496.2183810318347,19.487277453159056,72.83979388685131,3.089871860825418,9.04148475617638,52.66199822621833,0,2026-08-25 06:31:44
2024-01-02 00:14:00,CNC-02,M,299.02889725888946,311.0661544533511,2715.8185624771427,16.297862042006713,60.28098847452206,0.0,8.36518204321988,56.00940603332952,0,2026-08-25 06:31:44
2024-01-02 16:33:00,CNC-02,M,303.69105294112154,313.6580808236335,1706.867660312049,48.03245052145958,238.66338701888185,3.463944814571727,15.246114576899256,41.871716642008266,0,2026-08-25 06:31:44
2024-01-02 00:32:00,CNC-01,L,298.8245688161065,310.857418555871,2733.0970491232597,16.039171784460663,67.07470406884902,3.3591701768235285,8.309226825230636,57.41464932628237,0,2026-08-25 06:31:44
2024-01-02 01:03:00,CNC-02,M,8672.012590166754,310.050787419596,2693.936536871355,13.64099338610777,112.63812591928215,3.3375466661363697,6.8798211121381305,55.62644839787886,0,2026-08-25 06:31:44
2024-01-02 13:54:00,CNC-03,H,297.6741759449186,312.85462350429697,1406.8350707687239,55.105577547893674,181.60843314708612,2.4223910285747694,14.442881644520902,54.77188058270505,0,2026-08-25 06:31:44
2024-01-02 15:10:00,CNC-02,M,303.2140185425749,311.95985625173654,1622.072779296086,44.62653831071494,116.9773814380535,2.4874896225257213,13.581689757792734,44.90350159486929,0,2026-08-25 06:31:44
2024-01-02 16:23:00,CNC-02,M,303.66002320193957,312.34936751865825,1865.6564603252252,36.052871712333925,224.26642646846256,3.347146873595537,12.683779535710887,45.383403825746804,0,2026-08-25 06:31:44
2024-01-02 22:43:00,CNC-03,H,299.1088970734455,311.0341242831184,2754.7924088801497,15.260252919557903,115.49121801882092,3.3463936695477052,7.895695889152565,51.00692992356115,0,2026-08-25 06:31:44
2024-01-02 08:03:00,CNC-03,H,295.89140680569494,310.36692263577487,1725.069244541262,42.31971805556086,164.4345639510722,2.6623227713150177,13.669755727884569,57.670048106145174,0,2026-08-25 06:31:44
2024-01-02 01:45:00,CNC-03,H,303.4277568249151,310.2334174008912,2502.329379054582,19.217691657768725,161.02153080705415,3.370181339591447,8.799910627283044,46.70783927114563,0,2026-08-25 06:31:44
2024-01-02 10:54:00,CNC-01,L,296.33885837182913,310.09493568108155,1386.208962377806,50.337538735880536,36.27153070116862,2.064927814982708,13.283295510422617,56.169854009892696,0,2026-08-25 06:31:44
2024-01-02 06:24:00,CNC-03,H,296.5484627605568,310.4179443172407,1912.4444783642489,37.07072450404601,,2.511511914412654,13.302516468682095,59.31926061353642,0,2026-08-25 06:31:44
2024-01-02 21:14:00,CNC-01,L,299.2554181720392,311.8673884506683,,21.828938494937443,33.02795096829332,3.186682153077654,10.055104802082022,52.214227283679335,0,2026-08-25 06:31:44
2024-01-02 14:28:00,CNC-01,L,297.8716935989126,312.2614598029327,1504.3423749210795,46.3226418079574,163.54412002713806,2.581240967886047,13.151995955059816,56.92794033262675,0,2026-08-25 06:31:44
2024-01-02 15:52:00,CNC-03,H,298.1512774817211,312.78204626739824,1531.9494087456385,47.56578139670055,139.96689332942867,2.3745701980309444,13.864391526353847,53.29400664971491,0,2026-08-25 06:31:44
2024-01-02 10:46:00,CNC-03,H,296.42543605198836,310.70371681547397,1370.2811296247812,50.22657816771057,143.70890215898385,2.1673778123839598,12.819397854728463,54.190569703163675,0,2026-08-25 06:31:44
2024-01-02 00:16:00,CNC-01,L,298.897481927187,310.97109452341357,2628.7199617269084,17.054578148668792,49.9552957753398,3.2603921700338985,8.278295325031312,52.970129384701366,0,2026-08-25 06:31:44
2024-01-02 02:39:00,CNC-01,L,297.6121024570065,310.06319683999556,2551.5165737206266,20.793792784301385,6.69516107607587,3.1591590214459973,10.033399175749,57.56985294665085,0,2026-08-25 06:31:44
2024-01-02 19:27:00,CNC-01,L,299.13641625639417,313.1254285789062,2361.750775242177,28.993104876584432,133.87477686721314,3.218239470917823,12.697921276604825,56.37916619832548,0,2026-08-25 06:31:44
2024-01-02 19:07:00,CNC-02,M,26.137692443042226,40.60868256732465,2398.6845365924587,27.402602048357316,189.4783979071138,3.4933443491237646,12.306009348976177,56.32099342937492,0,2026-08-25 06:31:44
2024-01-02 11:55:00,CNC-02,M,296.3656024252971,310.7249730806136,1476.4270890079783,49.659257901785686,63.5471940925993,2.0357199552450607,13.95347861376021,59.66128173618475,0,2026-08-25 06:31:44
2024-01-02 23:52:00,CNC-02,M,299.15042217375,311.2425268110546,2738.2782952011485,15.693668831077263,47.00104509261691,3.19319393032987,8.18679233858956,53.9597125657509,0,2026-08-25 06:31:44
2024-01-02 13:47:00,CNC-02,M,297.3370331431177,312.9059193876436,1526.3478141480311,51.10175605742927,240.56432693852162,3.1551927337029415,14.718792297895467,56.17622924999451,1,2026-08-25 06:31:44
2024-01-02 11:10:00,CNC-02,M,296.4681539624013,311.5057798187031,1363.403111960778,54.618902979135385,198.67526187739804,25.76901931492902,14.089713418386584,51.547805371606046,0,2026-08-25 06:31:44
2024-01-02 15:55:00,CNC-01,L,298.65794465812235,312.47285343119944,1701.995509299217,40.222617650372484,58.30638566588845,2.3026004708149426,12.770713491597764,52.94706616792792,0,2026-08-25 06:31:44
2024-01-02 18:41:00,CNC-02,M,25.72579619098144,39.992768078123106,2311.5123519620875,28.739709874697684,156.40694987007475,3.1962208036651885,12.536622247010136,56.50959496106582,0,2026-08-25 06:31:44
2024-01-02 10:21:00,CNC-03,H,295.77189928728916,309.7952776421223,1383.6736386693176,51.18725380176654,104.31957833782765,2.0547149896824224,13.490784822301293,56.995505702189504,0,2026-08-25 06:31:44
2024-01-02 20:40:00,CNC-01,L,298.7280281178987,312.35091215847206,2561.687384328937,21.907394861387047,221.06319513299806,4.131403704273056,10.264887913177207,55.92400441143649,0,2026-08-25 06:31:44
2024-01-02 18:35:00,CNC-03,H,26.012650941559116,39.20690223481154,2101.8343530676852,28.628464800896285,92.9512472423667,2.8160803086769417,11.105498353331187,52.16578549492944,0,2026-08-25 06:31:44
2024-01-02 03:00:00,CNC-01,L,297.4598123965618,309.8563150119968,2489.6700850874786,19.79724209708128,30.48664123424071,3.0833196501997833,9.35749777543304,54.88912607588393,0,2026-08-25 06:31:44
2024-01-02 11:23:00,CNC-03,H,296.50743500774877,310.98302631497296,1476.037654777386,47.31600351893086,202.21561397585563,2.6744077875778878,13.14954903797273,61.25269302221356,0,2026-08-25 06:31:44
2024-01-02 00:06:00,CNC-01,L,298.9479755999025,310.76477937838695,2591.9168692507046,16.20013143862848,39.388175384339405,3.1915561715697365,8.05808407347986,53.98873614655997,0,2026-08-25 06:31:44
2024-01-02 10:12:00,CNC-02,M,296.31111099799114,311.14873880070024,1382.904931267841,53.15234042999828,107.13659055677682,2.128283536041901,13.904700432473653,56.37820556979657,0,2026-08-25 06:31:44
2024-01-02 19:34:00,CNC-01,L,298.76453647323297,312.6201063164505,2241.190995784347,28.617709470891093,142.41415972853645,2.992565450460312,12.181515915755002,55.83058807831871,0,2026-08-25 06:31:44
2024-01-02 02:51:27,CNC-03,H,297.7075710557183,312.07935031205886,2388.434091887483,27.669622652433198,235.63586342981455,3.8659032378092393,12.297068562029898,55.24242211979462,0,2026-08-25 06:31:44
2024-01-02 10:36:00,CNC-01,L,296.1890848995305,310.6552516351469,1548.3874426071952,52.740335654432606,7.820516577247762,2.2409671450480855,15.115041468111379,58.7481739737236,0,2026-08-25 06:31:44
2024-01-02 09:18:00,CNC-03,H,295.7946748337946,309.19284600456524,1335.7928721709338,48.78153731603623,6.228377978930558,2.0114714690737894,12.362480971748976,59.57242579155936,0,2026-08-25 06:31:44
2024-01-02 23:09:00,CNC-01,L,298.4582186303227,311.02829718767896,2733.2152841720804,17.96425032458178,158.67411029529956,,9.361880555369321,52.20625507203812,0,2026-08-25 06:31:44
2024-01-02 15:11:00,CNC-01,L,298.23355654304316,313.2363949609375,1587.4568479376892,49.07029987334006,229.15982240846964,3.4863957896769877,14.447153270877331,57.12342521336028,1,2026-08-25 06:31:44
2024-01-02 05:59:00,CNC-03,H,296.6256490643918,311.6902113918581,1902.5160707365708,37.978499544403526,211.37105387977854,3.092198938169335,13.242136039490358,57.57112342648172,0,2026-08-25 06:31:44
2024-01-02 05:18:00,CNC-01,L,296.2054302807513,310.56338757759096,2175.144688640338,32.077729891907055,196.68776320497184,3.4828897443491362,12.936279867965204,53.80455702614587,0,2026-08-25 06:31:44
2024-01-02 08:32:25,CNC-01,L,301.87181585732895,309.7473349424128,1625.2653822260004,42.833919097875544,8.97353705637685,2.2514648242702746,13.08790299823808,46.44622057861646,0,2026-08-25 06:31:44
2024-01-02 01:26:00,CNC-03,H,298.1714774730946,310.71676910988566,2605.9106718886974,17.587220835359133,140.5200586800877,3.2175355596014787,8.574356731528155,56.857134889590405,0,2026-08-25 06:31:44
2024-01-02 19:52:00,CNC-01,L,299.28247034361334,313.4914405094429,2355.743637219164,28.588174632725018,164.48423466233862,3.3032695523001308,12.62661294517929,52.448727306126585,0,2026-08-25 06:31:44
2024-01-02 23:53:00,CNC-01,L,298.16997152464916,311.2283828229992,2709.8597464433187,18.567718767257546,205.56727726404827,4.130749676258603,9.48567907614881,55.568217942948394,0,2026-08-25 06:31:44
2024-01-02 21:50:00,CNC-01,L,299.1009056159693,311.4103281927011,2563.1710957785845,18.30498733060212,72.88830397337854,3.1261251482108263,8.881733455967318,53.52765703425011,0,2026-08-25 06:31:44
2024-01-02 12:56:00,CNC-01,L,297.61995909988065,311.2847529430223,1386.605092417688,49.97119627688482,18.87826495940389,1.9518031518152679,13.282874640373617,53.65276214986532,0,2026-08-25 06:31:44
2024-01-02 18:10:00,CNC-03,H,26.26880046615969,39.9359992924297,1982.8470750277006,33.516739294209266,60.45042912416204,2.6366867291022715,12.523779722719063,49.61769054393915,0,2026-08-25 06:31:44
2024-01-02 15:47:00,CNC-03,H,298.37605433701134,313.23794613726807,1544.200972797721,49.71674560934234,132.47049966466636,2.290683989040218,14.204584535906353,57.08267627014521,0,2026-08-25 06:31:44
2024-01-02 16:24:00,CNC-02,M,303.8493863833799,312.8961420947269,0.0,42.71302569930611,225.72411050876593,3.247696343745692,13.173292365946173,43.08349040678762,0,2026-08-25 06:31:44
2024-01-02 15:13:31,CNC-02,M,303.27900952154096,312.01452306134104,1626.994682962768,44.860326203654665,121.47200492899543,31.449272590705135,13.758842419570287,45.611433418284506,0,2026-08-25 06:31:44
2024-01-02 15:18:00,CNC-02,M,303.3775736026618,311.61882780316375,1474.5706020479754,45.13725782843713,128.90159050513958,2.288977069551248,12.47310236714722,44.38607196291312,0,2026-08-25 06:31:44
2024-01-02 22:54:00,CNC-03,H,298.8169649032135,311.7203734344773,2622.092915043529,19.66838015185735,127.27994634178489,3.3157259367853356,9.404993235831716,55.47851180801739,0,2026-08-25 06:31:44
2024-01-02 20:13:00,CNC-01,L,298.72733648068925,313.3020349940204,2402.8068152065466,28.908431425366356,189.4970390575309,3.6517027459614155,12.960034290091096,51.71805276556311,0,2026-08-25 06:31:44
2024-01-02 17:55:57,CNC-03,H,299.1295086311368,313.1733384152338,2107.8156932126276,35.570782811780276,40.37107020041188,2.7078275512812393,14.162704220670937,56.51006334640322,0,2026-08-25 06:31:44
2024-01-02 18:05:41,CNC-02,M,25.82853790285361,39.5292172875599,2109.166083406258,29.82463856063547,110.91175073610157,2.7755717303607863,11.731254071956082,51.78650383330959,0,2026-08-25 06:31:44
2024-01-02 07:19:00,CNC-01,L,22.939575524426743,37.36253075254132,1796.3848129219223,40.09102612307512,134.95793947521355,2.622023089079748,13.40903887140976,61.636676883029864,0,2026-08-25 06:31:44
2024-01-02 15:10:00,CNC-01,L,298.4578495302479,313.4793182956272,1670.9132380762944,45.927137528493176,0.0,3.476425548858373,14.233350977188325,52.42750645626204,0,2026-08-25 06:31:44
2024-01-02 03:43:10,CNC-03,H,297.54620180275555,309.91086834259676,2450.8810233249787,20.412435470605608,40.72057286342104,379.54014670380093,9.353427604931136,53.17216293355862,0,2026-08-25 06:31:44
2024-01-02 01:51:00,CNC-01,L,297.88590435123615,311.4858486685117,2560.904260575552,22.93768851738476,152.19194166125484,3.453012507976284,11.218102728926786,52.06018989162061,0,2026-08-25 06:31:44
2024-01-02 05:56:00,CNC-02,M,296.06388177510166,310.5285277367012,2058.750625177945,31.97167023090978,235.08659135361864,3.7003684894582656,12.182732399859846,63.23853380722615,0,2026-08-25 06:31:44
2024-01-02 01:07:00,CNC-01,L,298.17840912981757,311.0111143648065,2651.5834130072412,20.049569668685702,104.41562992145435,3.270792811185466,9.79902611953826,50.66218134763475,0,2026-08-25 06:31:44
2024-01-02 05:11:00,CNC-02,M,296.27387716983634,310.9784940296832,2075.357547614048,33.806245421532815,176.5634975476686,3.1071512193534914,13.169436085034643,58.931577817237844,0,2026-08-25 06:31:44
2024-01-02 18:43:00,CNC-03,H,26.36208519378158,40.67611950536997,2152.3248145087446,33.87779526940233,103.28290106393699,2.916463160936581,13.62550191989759,49.98773428057292,0,2026-08-25 06:31:44
2024-01-02 01:51:00,CNC-03,H,303.33557458185294,310.72095898991773,2580.721763915815,21.491583860431643,167.52337295193146,3.518752870430424,10.392031749851995,47.73416504986788,0,2026-08-25 06:31:44
2024-01-02 08:16:00,CNC-01,L,301.4887469303511,,1718.0826980702775,46.55895350821914,217.5077637350855,3.3664233921110367,15.017554630411151,49.418354369501486,0,2026-08-25 06:31:44
2024-01-02 17:08:00,CNC-01,L,298.63239142641527,312.9079576328056,1847.9916496313022,36.979560433180524,162.43277782528497,2.7558965770950037,12.764125679285085,54.393477912403455,0,2026-08-25 06:31:44
2024-01-02 12:21:00,CNC-01,L,297.3078769646891,311.74440183418204,1314.8802514491786,52.3374737805352,174.31346817981859,2.4109476669986094,12.933022060887204,56.9412634674862,0,2026-08-25 06:31:44
2024-01-02 23:56:00,CNC-03,H,298.94918877070194,311.1173171264972,2751.332144953694,14.267326021969954,193.04524655791033,3.8219060898001795,7.470019922433594,55.20015583969171,0,2026-08-25 06:31:44
2024-01-02 17:14:00,CNC-02,M,298.5282217058236,312.7486189901585,1844.8245387481816,37.0908585307392,40.500723437029436,2.5735263200030363,12.736700388183351,52.33204769545243,0,2026-08-25 06:31:44
2024-01-02 18:16:00,CNC-01,L,25.552275280386198,39.16525645107396,2193.329980839699,30.07246976163604,43.70421192243037,2.7760487597810544,12.372070045763307,53.15513228821488,0,2026-08-25 06:31:44
2024-01-02 13:18:00,CNC-01,L,297.5689786599341,311.4808266134139,1315.8770638776537,50.89517788316096,53.844791056408155,1.9307085519896092,12.36685568766715,55.15640003749614,0,2026-08-25 06:31:44
2024-01-02 22:15:00,CNC-01,L,299.226783029002,310.41040865753206,2772.3105241564,11.121222255350311,100.3456836199555,3.3746125094126604,5.7328576667596405,55.154005346825635,1,2026-08-25 06:31:44
2024-01-02 19:56:00,CNC-03,H,299.2375045964773,313.35398835133526,2388.755415991993,27.127399403079565,194.05374571342023,3.412073911976984,12.222433935170814,51.928787624837554,0,2026-08-25 06:31:44
2024-01-02 20:06:00,CNC-02,M,299.2441054726505,312.1452007911914,2447.057184587259,21.885495886206673,20.26836373586975,3.034677180096588,10.083709688246653,52.59348964745189,0,2026-08-25 06:31:44
2024-01-02 02:27:00,CNC-03,H,303.47277099612324,310.4732148224149,2653.641159410261,19.004805912097748,207.4243646463934,3.751683655760778,9.457718181628323,43.989385280886374,0,2026-08-25 06:31:44
2024-01-02 14:24:00,CNC-03,H,297.6259556837312,311.2155100454798,1584.3780196416992,43.598881835008385,6.196948051583975,2.1125772345486746,12.770402190886063,55.786659716167016,0,2026-08-25 06:31:44
2024-01-02 09:16:00,CNC-03,H,296.0353048108421,309.69808051316346,1549.8649199124945,44.543371375878166,3.069846229135622,2.2416337774654047,12.998942984426328,60.43775886372763,0,2026-08-25 06:31:44
2024-01-02 11:09:00,CNC-03,H,296.6071636979445,311.4432002374128,1441.6356989966525,52.38750521279613,179.95514967622992,24.93752570505792,14.042175299351912,62.58939121762944,0,2026-08-25 06:31:44
2024-01-02 16:15:00,CNC-02,M,303.9795075285781,313.4973664169535,1767.0473571707255,44.342974716678945,212.8264886263049,3.089144534588109,14.642892925539877,45.312899148336534,0,2026-08-25 06:31:44
2024-01-02 16:40:00,CNC-01,L,298.4745929883045,312.6365860966225,1782.2813593540536,38.59273128139497,123.45221740417888,2.5707656287906913,12.86771606974368,55.651031203698864,0,2026-08-25 06:31:44
2024-01-02 16:38:00,CNC-02,M,303.67925035298924,312.7597351057346,1767.9776976851858,41.10648909606149,245.72838600460642,3.5975045994469594,13.669513405307711,48.8486134865669,0,2026-08-25 06:31:44
2024-01-02 04:12:00,CNC-01,L,296.7492661072226,309.55271692804126,2404.803541994068,21.467943761193844,114.66318766314537,3.0872713782851435,9.662218466584044,57.75650855971747,0,2026-08-25 06:31:44
2024-01-02 22:11:00,CNC-01,L,298.99003252574465,312.33279364860465,2522.2394188188828,23.208052115418056,95.97740708865746,3.178384978336591,11.001970941804307,55.23358397242315,0,2026-08-25 06:31:44
2024-01-02 13:14:00,CNC-01,L,297.5292086026443,310.67125770922996,1259.561215608294,48.334017587390555,47.480658943789166,1.982783469681598,11.332831806180824,55.265608310809064,0,2026-08-25 06:31:44
2024-01-02 20:48:00,CNC-02,M,299.13785522405794,311.6563735392349,2566.482397060395,17.998275021906373,69.34483707373683,3.1247564558400898,8.51834382082968,59.52635019947715,0,2026-08-25 06:31:44
2024-01-02 18:34:00,CNC-02,M,25.881892572883203,40.118695984271426,2129.8493303141668,31.672211157334193,147.53438294976448,2.9099153409547713,12.497113231862816,52.34585695772227,0,2026-08-25 06:31:44
2024-01-02 02:17:00,CNC-01,L,297.7853348543041,311.19440538569114,2619.4645934126042,22.106254914939772,180.7863688762375,3.726810215377281,10.927606975167775,55.38127841048818,0,2026-08-25 06:31:44
2024-01-02 17:54:00,CNC-01,L,298.6795613032729,313.0996485195365,1982.1474015234733,39.65265725597905,14.73652629458946,2.542565709926209,14.782165762166994,52.88449402141955,0,2026-08-25 06:31:44
2024-01-02 09:21:00,CNC-03,H,295.9289530564906,309.5329540102405,1368.9824577818795,50.245117604606065,10.886769326165634,2.0901796638707686,12.722506994147398,56.42049559933488,0,2026-08-25 06:31:44
2024-01-02 12:45:00,CNC-02,M,297.0304872288167,312.0058043794963,1532.2787617769443,48.44635093130339,142.79087119715174,2.3863220488392645,13.960176358500682,55.274708776995915,0,2026-08-25 06:31:44
2024-01-02 13:57:00,CNC-02,M,297.35247645303383,311.516122644306,1534.1173728733904,46.611138054963064,4.640814968027474,2.090475184014457,13.509198616447465,53.966138055912865,0,2026-08-25 06:31:44
2024-01-02 14:21:00,CNC-02,M,297.3777374861858,311.51373300913747,1523.1194189976939,45.56616915499285,41.98551776849368,2.1890925655140956,13.144820915093938,58.25130048461906,0,2026-08-25 06:31:44
2024-01-02 10:39:00,CNC-02,M,296.51027736793145,311.18664877562634,1322.4300797782614,54.805247141533606,149.6980224767548,2.282076468552582,13.31991251175167,59.39933583942867,0,2026-08-25 06:31:44
2024-01-02 04:57:00,CNC-01,L,296.5415974092056,310.64682272413035,2190.7424529687055,30.178544017259977,169.8982448124805,3.2839800716308236,12.090517587433537,57.18561759407439,0,2026-08-25 06:31:44
2024-01-02 03:02:00,CNC-02,M,297.77002202952673,309.7093607116175,2587.4045148586683,15.6496021267887,20.45268454054357,3.1501459008306054,0.0,55.464574679219226,0,2026-08-25 06:31:44
2024-01-02 13:57:00,CNC-01,L,297.82783094635784,312.6936649914749,1470.4524864038124,52.88160113641777,115.33365905720207,2.2468533396713375,14.690444184625449,54.56923755101291,0,2026-08-25 06:31:44
2024-01-02 05:21:34,CNC-02,M,296.35545073486486,311.10219151449314,2091.4791055713526,33.45950928977844,192.10981802627285,3.2408954454067187,13.173682627273774,58.18083589054918,0,2026-08-25 06:31:44
2024-01-02 22:08:00,CNC-03,H,299.43056351612336,312.03620960141967,2523.6776235984253,19.796233966668726,77.75244609050752,3.226062654281963,9.22156085346527,53.41479769193225,0,2026-08-25 06:31:44
2024-01-02 16:34:00,CNC-02,M,303.41670996779,313.2729944291833,1825.765473547154,43.45198534770653,240.09372971931433,3.448536187793216,14.804703106156738,42.567709008123664,0,2026-08-25 06:31:44
2024-01-02 19:46:00,CNC-03,H,299.7695602206351,313.91121211735725,2327.0505638244977,28.43127818623015,181.90665048168006,3.2826016532531446,12.424122528821595,1764.1189439137129,0,2026-08-25 06:31:44
2024-01-02 13:29:00,CNC-02,M,297.2504991960802,312.6903497603025,1501.7262370906287,51.58480335858251,212.19200648978767,2.8667716582755216,14.847382335188355,57.76640625915616,0,2026-08-25 06:31:44
2024-01-02 13:03:00,CNC-01,L,297.42757160086165,310.7334551442593,1403.1580628967417,45.72588141474758,29.99919924311575,2.0584482450792088,11.936697889707446,55.727646988478405,0,2026-08-25 06:31:44
2024-01-02 03:45:00,CNC-01,L,296.9720987618014,309.7023664385779,2512.543481712649,20.58554137576395,82.56750870360926,3.167838733721949,9.46605915737268,54.96336192870239,0,2026-08-25 06:31:44
2024-01-02 13:01:00,CNC-02,M,297.11071504807694,312.1784844641949,1502.7873966475045,50.82337555182181,168.12779685859252,2.556649637197821,14.617448724474247,58.31185312487966,0,2026-08-25 06:31:44
2024-01-02 10:37:00,CNC-01,L,296.5854794303959,310.06734035255505,1440.42140905508,48.285364925978755,9.40389520614199,2.0515740598379226,13.129438706953254,54.81338977322013,0,2026-08-25 06:31:44
2024-01-02 05:24:00,CNC-02,M,296.40853344336733,310.60035321978347,2148.797296890172,30.020479061358877,193.3855275782868,3.3419362399790944,12.006173455978935,51.52203768672119,0,2026-08-25 06:31:44
2024-01-02 07:25:00,CNC-03,H,22.65411421477313,36.46360790378566,1924.8280547351449,33.193245970678085,109.21891154343716,2.661863325530374,11.942664819408575,57.263720986358486,0,2026-08-25 06:31:44
2024-01-02 06:05:00,CNC-02,M,296.14912984271825,309.81325234890966,2134.765339225251,32.6849320488583,5.332585684181746,2.6648745806189233,13.055709703612708,55.099742386969666,0,2026-08-25 06:31:44
2024-01-02 16:02:00,CNC-03,H,298.2385480458934,313.45522275610875,1720.4414129089364,46.36041196523055,154.55218558472504,2.5382210931798266,15.010920817858432,54.94791543391866,0,2026-08-25 06:31:44
2024-01-02 17:23:00,CNC-03,H,299.1000512007308,313.8639065113886,1954.8818136473565,35.923503549524305,269.3552446216963,3.910673435781002,13.100612915957884,51.342921262018216,0,2026-08-25 06:31:44
2024-01-02 13:46:00,CNC-02,M,297.0511318363118,312.36348243053266,1364.4854832838487,,239.03973280371218,3.176760074917271,14.232749395732418,54.4776169404096,1,2026-08-25 06:31:44
2024-01-02 13:09:00,CNC-02,M,297.19324901798825,311.8768808350426,1404.3279737870648,50.97611316056317,180.85834522836743,2.501511325515751,13.37414045237395,58.33132959300933,0,2026-08-25 06:31:44
2024-01-02 02:01:00,CNC-03,H,303.56523788149434,309.8087849162296,2696.4860887119316,15.59857360002194,178.62117808998912,3.5591580020836955,7.8850377954720265,44.21213285610574,0,2026-08-25 06:31:44
2024-01-02 14:29:00,CNC-03,H,297.8080693700057,311.9767430709488,1537.0564193109929,48.9305031488501,13.918101206897738,2.1530524479520645,14.288949630674312,56.68868389374462,0,2026-08-25 06:31:44
2024-01-02 07:45:00,CNC-03,H,22.70824002151562,37.10500116637422,1836.202215578158,38.33158081867423,137.9816120510162,2.661039716583274,13.379071888537352,61.3478242217422,0,2026-08-25 06:31:44
2024-01-02 09:46:00,CNC-01,L,295.99522642539523,310.83314548292924,1589.4948493082038,48.86786557928714,121.63778176401709,2.353012910447464,14.518287826574914,57.16333605150183,0,2026-08-25 06:31:44
2024-01-02 16:48:00,CNC-03,H,298.9009955502754,314.1226291917781,1672.5527429416563,46.679879424115526,220.73210987722112,2.9782414982839986,14.769309635755322,50.70949176287193,0,2026-08-25 06:31:44
2024-01-02 09:32:00,CNC-01,L,,310.5959613263694,1547.2098351382597,46.411643536040415,100.1996764046792,2.189934021579455,13.328113838180263,60.78755627218668,0,2026-08-25 06:31:44
2024-01-02 22:57:00,CNC-03,H,299.23432600979777,311.23743912524327,2740.9324995696275,14.64053993850906,130.44563374432406,3.4306902105706008,7.407686930644098,54.44084867508078,0,2026-08-25 06:31:44
2024-01-02 11:56:00,CNC-02,M,296.8506144610535,311.7211403480615,1454.8762236438577,53.40389298016203,65.12302276724493,2.0870962773575075,14.571376495511105,53.31175198005895,0,2026-08-25 06:31:44
2024-01-02 14:56:00,CNC-03,H,297.86554939418056,311.91111749623377,1444.864933623802,49.09475424549986,55.62338056326166,2.091565473788765,13.593617594799824,53.3087198460098,0,2026-08-25 06:31:44
2024-01-02 00:43:00,CNC-02,M,298.65091997640906,310.5157974791168,2714.033823706168,,91.066392050069,3.3364129457085614,8.023208182270949,54.856464587742394,0,2026-08-25 06:31:44
2024-01-02 15:23:00,CNC-01,L,298.2389557947302,311.34878057639014,1391.8364562681404,44.03984295051625,10.521328242331538,2.121795302637459,11.538641631695985,56.71648171556048,0,2026-08-25 06:31:44
2024-01-02 03:40:00,CNC-01,L,296.99295057489803,309.3502857805163,2343.316539932513,21.43134869053307,76.79695970297973,2.9135592083413147,9.708940944962809,59.37127325040509,0,2026-08-25 06:31:44
2024-01-02 22:24:00,CNC-03,H,299.13036980743215,312.1477148496812,2612.878099647689,21.11823584755052,94.99646274843896,3.2392692735764244,10.38645710015819,56.483845424461215,0,2026-08-25 06:31:44
2024-01-02 14:30:00,CNC-03,H,297.75826759245035,311.7948356691834,1406.3275087465333,51.509748502194896,15.508050541864565,1.9401124860116123,13.490410247981858,51.875484713788744,0,2026-08-25 06:31:44
2024-01-02 02:36:00,CNC-01,L,297.47700526411444,309.4990484383939,2642.2593412159576,17.722124699503127,3.336136351990785,3.1443342860845522,8.72156147517937,55.57224858731569,0,2026-08-25 06:31:44
2024-01-02 01:47:00,CNC-03,H,303.68869785738576,310.54071249044506,2675.6212085110496,17.906292613795475,163.16752753768426,3.4493580292012,8.849651624180108,43.30348626892552,0,2026-08-25 06:31:44
2024-01-02 23:22:33,CNC-03,H,299.07309098774795,312.0753021314692,2661.165797880822,19.396991312005014,157.07352022269754,3.4335123322483367,9.57036840071795,50.15266315991673,0,2026-08-25 06:31:44
2024-01-02 14:59:00,CNC-03,H,297.74497523431364,312.0223875139438,1484.1395168994811,50.54656733952524,60.23332752054886,2.1353290079331195,14.03828481853233,55.22642718536502,0,2026-08-25 06:31:44
2024-01-02 10:01:00,CNC-02,M,296.2225637375955,310.8899255989239,1427.3017650225477,51.19212722896112,89.87636417612845,2.1108216325424776,13.745152555250263,60.653208458080215,0,2026-08-25 06:31:44
2024-01-02 23:07:00,CNC-02,M,299.60878878210207,313.59342296510397,2699.2543912131155,21.35393028568547,222.27611212399086,4.097705216252262,10.939966669522066,47.183471223202226,0,2026-08-25 06:31:44
2024-01-02 19:39:00,CNC-01,L,299.0900439728567,312.98595697395143,2438.4157292798927,26.66661829360347,148.57312853296682,3.2675077260591356,12.256819250309167,54.104510175843664,0,2026-08-25 06:31:44
2024-01-02 17:22:00,CNC-01,L,298.7538167130822,313.73237649524486,2012.0115794382402,38.07635468985703,181.74504487270525,3.201752369223978,14.368586219290043,51.689916337443776,0,2026-08-25 06:31:44
2024-01-02 09:27:00,CNC-02,M,,310.15064278782285,1546.4187076529636,44.30784042727815,36.83846585283934,2.2120962164377995,13.023178625614003,60.08995489732183,0,2026-08-25 06:31:44
2024-01-02 00:23:00,CNC-01,L,298.78426040612646,311.28060672713,2646.9679758382117,18.221769214874463,57.379845385326476,3.140576532332937,9.203902878447009,51.90139964235118,0,2026-08-25 06:31:44
2024-01-02 05:54:00,CNC-01,L,295.85132403023846,,2023.09905370092,29.395185472236722,18.43552191758019,2.6162504054093745,11.103689653417993,61.176915884623796,0,2026-08-25 06:31:44
2024-01-02 12:39:00,CNC-03,H,296.8700504539325,310.25398995075795,1381.9092200182727,46.551199021069216,63.543190530376755,1.994712978736344,11.820626523664432,57.322982468362355,0,2026-08-25 06:31:44
2024-01-02 04:45:00,CNC-02,M,296.7022665249993,310.58046703968137,2238.6117061897385,28.42102064642126,143.78164579571043,30.688016123032426,11.748337767557668,59.013418961255944,0,2026-08-25 06:31:44
2024-01-02 07:41:00,CNC-03,H,22.77669747414558,37.086778232223935,1714.5181755373487,41.22599929108811,132.20402475053268,25.42412561687765,13.147866010069949,58.02541925913229,0,2026-08-25 06:31:44
2024-01-02 23:55:00,CNC-03,H,298.4696821510588,310.6597336842287,2752.3530666546103,14.884846839326062,192.01524655791033,3.6920278145528744,7.484474225157318,51.84435630614763,0,2026-08-25 06:31:44
2024-01-02 00:48:00,CNC-01,L,298.79912494802187,311.8941827725834,2481.301415632226,22.74119408781727,84.17729894482638,3.1880915424589813,10.592948636129323,52.84669242191946,0,2026-08-25 06:31:44
2024-01-02 15:41:00,CNC-02,M,303.57040122904476,312.4337782871206,1694.5970917628083,43.22156060805655,163.2904637985593,26.85882546589106,13.671031044117727,46.16813473673511,0,2026-08-25 06:31:44
2024-01-02 08:18:00,CNC-01,L,301.7144691300697,310.9012027652418,1509.802400247208,48.851927737474334,220.4849656292503,3.0837630603844977,13.86296216524948,50.09304228723239,0,2026-08-25 06:31:44
2024-01-02 07:15:00,CNC-01,L,22.808300759801966,37.63476168243807,1781.8108045361605,43.72990872381629,129.30710171335102,2.6663858372773124,14.417953270720885,60.05736855529345,0,2026-08-25 06:31:44
2024-01-02 17:09:00,CNC-03,H,299.01008131185387,313.85140973053774,1997.491023011032,34.9304167816092,250.02309557255714,3.6928041792900075,13.0952791226437,51.76664738552871,0,2026-08-25 06:31:44
2024-01-02 08:36:00,CNC-01,L,301.64781315826775,4088.3308284642585,1718.1743841024813,40.945359643590535,14.972736189500335,21.953229017007864,13.26442961480514,,0,2026-08-25 06:31:44
2024-01-02 07:20:00,CNC-02,M,23.020629388109512,37.622862548112266,1682.978971444559,43.401382255307716,108.56327733825671,2.34950408534991,13.65781726561075,58.269000475153554,0,2026-08-25 06:31:44
2024-01-02 08:27:00,CNC-03,H,295.66714827535,310.8773267220421,1683.6847674199714,47.82802832337109,200.02768523165727,2.8310846438286124,15.02642434260884,58.94162329623244,0,2026-08-25 06:31:44
2024-01-02 21:34:00,CNC-02,M,299.4303920112704,312.27579187364034,2731.6943154838686,17.434325558273116,121.03328229230725,3.4255893706624065,9.193185923018264,51.86225255022324,0,2026-08-25 06:31:44
2024-01-02 05:30:00,CNC-01,L,296.0000336043086,311.2100632537519,2110.2512472773114,36.88015588641605,212.317208805113,3.612549009374637,14.599193799897538,60.481058565597365,0,2026-08-25 06:31:44
2024-01-02 12:28:00,CNC-03,H,296.8778975651303,310.88150189910806,1431.395481056994,50.88394462553246,46.01011484896039,2.0792130694006903,13.928322504294767,56.25889418675509,0,2026-08-25 06:31:44
2024-01-02 05:49:00,CNC-01,L,296.0648751505194,310.0888204128242,2066.751573959227,36.1206776293879,11.810740529820563,2.680384083767386,13.746418854110718,58.780070247153134,0,2026-08-25 06:31:44
2024-01-02 02:35:00,CNC-01,L,297.4496402429344,309.9710965783766,2506.6386258239704,21.91199313196382,2.230072946484901,2.9912730687616937,10.446930421828128,56.44374239047086,0,2026-08-25 06:31:44
2024-01-02 14:25:00,CNC-01,L,297.6053536289764,311.9355252204039,1496.5044711509995,48.79151275626734,158.91325337342056,2.613507507937271,13.909282221216,55.63323407797347,0,2026-08-25 06:31:44
2024-01-02 07:17:00,CNC-02,M,23.17574616044493,37.949904549970086,1903.4019669854542,39.88396796611096,104.1725678842171,2.5950316503815944,14.260060617424314,56.319691106021374,0,2026-08-25 06:31:44
2024-01-02 22:42:00,CNC-02,M,299.8715513141878,312.7485716827613,2822.723818193728,16.076268040393796,195.74323755391856,38.071405418922254,8.601819506112886,52.09471149097753,0,2026-08-25 06:31:44
2024-01-02 22:15:00,CNC-03,H,299.4860538997917,312.2765172851263,2890.6440639680536,18.14991126424888,85.22855729012075,3.468391847246745,9.88357418777929,57.53972238066253,0,2026-08-25 06:31:44
2024-01-02 22:03:00,CNC-02,M,299.4372103663038,312.18131490184294,2809.250184663852,15.687637390921997,153.46277332503058,3.6554740996966495,8.262492217686013,54.67288309106168,0,2026-08-25 06:31:44
2024-01-02 19:36:00,CNC-02,M,299.2828386907152,312.935163144509,2329.5317233918304,22.710915646675865,225.15370073509095,3.7152162026602644,9.765476382174931,52.58222785704129,0,2026-08-25 06:31:44
2024-01-02 15:04:00,CNC-01,L,298.3325143680438,313.53342307836544,1409.9636695286144,54.406837480771244,218.61075978694055,3.063888806346718,14.455857954542072,57.82358094795541,1,2026-08-25 06:31:44
2024-01-02 10:01:00,CNC-01,L,296.21482424542,310.4768857064379,1426.9378704698677,49.111669393622506,145.11461609808293,2.3879960514204424,13.348922387759727,55.53972853502598,0,2026-08-25 06:31:44
2024-01-02 09:20:00,CNC-01,L,295.88811312131946,310.05801819199866,1551.817421350201,45.76551027641834,81.61471402944662,2.2234991166699123,13.086083557941363,57.21447153861703,0,2026-08-25 06:31:44
2024-01-02 02:47:00,CNC-02,M,297.66097253945054,310.059821921487,2536.78847906794,20.83946664346793,3.3438268448797994,3.146522746080888,10.16721968281825,53.38765335359426,0,2026-08-25 06:31:44
2024-01-02 00:52:00,CNC-01,L,298.475005592211,309.8609534312305,2822.768651941346,12.51999767314817,88.4173381577712,3.371047437787799,6.444584013504849,54.67334419547109,0,2026-08-25 06:31:44
2024-01-02 02:37:00,CNC-01,L,297.65437357424196,310.5786373051316,2579.9283043792334,22.48984531721207,4.465315198998277,2.9491255491875696,10.932060338489364,56.99500694763872,0,2026-08-25 06:31:44
2024-01-02 06:51:00,CNC-02,M,296.1449613700577,310.55341690803454,1790.639626816095,40.86929642136071,67.61056513503269,2.490181979620466,13.858110112905852,61.211746924450615,0,2026-08-25 06:31:44
2024-01-02 22:03:00,CNC-01,L,298.9112171626437,311.2363597984527,2588.009446333669,17.80067282399658,87.11406036965757,3.2190300167369035,8.606608196557916,53.35238590965075,0,2026-08-25 06:31:44
2024-01-02 10:11:00,CNC-03,H,295.816743121555,309.9560178090226,1296.6937822258253,53.70624079399689,88.6583737610191,2.039541600985768,12.964804341107106,59.28060597372437,0,2026-08-25 06:31:44
2024-01-02 11:12:00,CNC-01,L,296.14324679570836,309.6137689489287,1351.288602000973,47.82008672430108,64.81958151412252,2.145515630517569,12.011487364761415,56.018790248918684,0,2026-08-25 06:31:44
2024-01-02 07:12:00,CNC-01,L,22.63123658779358,37.043724483359824,1769.5046071121765,40.54043291102293,125.07805783747783,2.53446187587519,203.381775093942,62.021665325263136,0,2026-08-25 06:31:44
2024-01-02 03:12:00,CNC-02,M,297.3859896140536,310.8666287044908,2478.8759328261663,25.511091778208097,31.81072595075603,3.1852803679134145,11.782540450246795,57.23532185594681,0,2026-08-25 06:31:44
2024-01-02 22:30:00,CNC-02,M,299.4001943459752,312.30635695058754,2714.4718431272295,16.19233786791981,182.89923486095128,3.656554391998147,8.094094682454811,55.16697723952301,0,2026-08-25 06:31:44
2024-01-02 07:21:00,CNC-01,L,22.891668708189968,37.210818363461954,1772.819783782972,38.359722489484206,137.76837683072654,2.6286273078689906,12.677254939312695,62.105726329054086,0,2026-08-25 06:31:44
2024-01-02 01:54:00,CNC-03,H,303.45641712476584,310.239628299457,2528.786658494187,18.54134735182592,170.8763978180582,3.3595461964390143,8.881304634883575,,0,2026-08-25 06:31:44
2024-01-02 15:13:00,CNC-03,H,297.61050519389795,312.35775465654496,1556.1666819820937,49.56789813352946,81.68392661530761,2.3610719722466533,14.508927161902553,55.45910634430008,0,2026-08-25 06:31:44
2024-01-02 00:32:00,CNC-02,M,298.77784496923687,310.2040996902404,2658.970537993979,14.005653520266804,79.32124029415303,3.158903349343498,6.87606238752607,50.41818034037902,0,2026-08-25 06:31:44
2024-01-02 04:04:00,CNC-02,M,297.22747929242354,311.0549693793902,2391.8424724368865,26.16158430925254,93.34190910967115,2.9684235566339843,11.545964484319677,57.22164109176835,0,2026-08-25 06:31:44
2024-01-02 11:20:00,CNC-02,M,296.43244809023304,310.5177732615842,1359.0930324145372,50.865454997669374,7.927299937878216,2.0416347016741554,13.096502694815001,57.178647294272956,0,2026-08-25 06:31:44
2024-01-02 20:41:00,CNC-03,H,299.410248315613,313.2922869035562,2384.0513202288644,23.377855761181802,247.13762598435662,3.981822248312751,10.488723814082233,50.00570572398292,0,2026-08-25 06:31:44
2024-01-02 13:00:00,CNC-03,H,297.0939706627915,310.8916227341778,1349.4143971984838,49.1837682774451,96.8434924085145,2.0154068735230553,12.49068892207828,58.91910312413567,0,2026-08-25 06:31:44
2024-01-02 01:22:00,CNC-03,H,298.18848609973446,311.2815306023425,2684.783145771307,19.582281214525512,136.13743885435454,3.343179598138631,9.863093410726385,55.09359083029543,0,2026-08-25 06:31:44
2024-01-02 13:58:00,CNC-03,H,297.50909296610405,312.66557694897205,1575.791872154194,50.63459732970097,187.86765731911711,2.6662190418711984,14.964368037788471,52.567766058789466,0,2026-08-25 06:31:44
2024-01-02 14:10:00,CNC-02,M,297.22806968527516,311.4583232264308,1432.9172002288742,51.98118323754621,24.91585832167038,2.0756354492100986,14.159377723408065,55.86520555142255,0,2026-08-25 06:31:44
2024-01-02 03:45:00,CNC-02,M,297.3014246294819,309.890562028447,2459.6303278169175,,70.57370931531139,3.0794645664653904,9.581297141982878,57.22919611126695,0,2026-08-25 06:31:44
2024-01-02 03:11:00,CNC-02,M,298.04372040684007,310.66268079000866,2490.520657614972,20.473014469205822,30.633641289497902,3.132082399504879,9.715678740080806,52.14249526971005,0,2026-08-25 06:31:44
2024-01-02 23:49:00,CNC-02,M,299.3933662196398,311.6157951742278,2622.467779159614,15.784129094186026,43.789978209021605,3.1651554334840863,7.643137898573217,55.52613108227817,0,2026-08-25 06:31:44
2024-01-02 13:23:00,CNC-01,L,297.5460561865882,311.33645801693496,1397.172524460202,49.656722536946226,61.81922305216432,19.518616482123594,12.606852575789995,57.79035320512005,0,2026-08-25 06:31:44
2024-01-02 04:55:42,CNC-03,H,297.18092396767685,311.1555693652161,2135.672187082415,31.388809505450023,130.67157235661392,2.9285827260027912,12.580645710073087,58.652770452123725,0,2026-08-25 06:31:44
2024-01-02 19:30:00,CNC-02,M,299.2112193528416,313.69449919736104,2233.6041221544574,29.981209467150798,217.90034478294035,3.698496447246418,12.473581263149665,51.949449505462375,0,2026-08-25 06:31:44
2024-01-02 08:49:00,CNC-03,H,295.7248906225807,310.74145432938917,1578.8280472559552,49.134157435143045,233.26773261921323,2.9108972227038654,14.178277279266226,60.06661713511793,0,2026-08-25 06:31:44
2024-01-02 19:28:00,CNC-01,L,299.3164705595633,313.10635341401365,2138.141629350575,29.532095062136047,135.12613952758696,2.9868817005629147,11.996893741495407,53.21890090661793,0,2026-08-25 06:31:44
2024-01-02 07:53:57,CNC-03,H,22.784924965053335,37.822544810902286,1809.7360188983857,43.70329316267261,151.301861175392,2.6860218372070412,14.53983513493205,60.61495541033049,0,2026-08-25 06:31:44
2024-01-02 04:15:00,CNC-02,M,297.09815916527873,311.086803626042,2306.6612519825667,28.298075074008857,106.54971432188067,2.90916781239115,12.191312754452847,56.4749476367224,0,2026-08-25 06:31:44
2024-01-02 12:56:00,CNC-03,H,297.26562621536516,311.76273206325646,1380.639047843585,54.06249990083923,90.47295271159281,2.1355073174177064,13.798625109933715,58.98987555608086,0,2026-08-25 06:31:44
2024-01-02 01:19:00,CNC-02,M,298.58519212816145,311.2539277422262,2717.7806773759753,16.918591225259476,129.9095774269866,3.3458070377785107,8.823922508635956,48.28864381647968,0,2026-08-25 06:31:44
2024-01-02 11:27:00,CNC-03,H,296.5347833760561,311.1748512956649,1353.9911660217479,53.43113133116576,208.56914930944015,2.6019477918925173,13.421478120543973,54.696999650932916,0,2026-08-25 06:31:44
2024-01-02 20:27:00,CNC-03,H,299.3041440434241,314.01532452196494,2402.673871618466,28.542782011931376,230.71653719000614,3.6310136986214663,13.095696972334913,50.88953255914205,0,2026-08-25 06:31:44
2024-01-02 02:44:00,CNC-01,L,297.70549825959546,309.9724709019314,2508.62248385903,20.324842645679805,12.270568903396848,3.075982745304506,9.728578697163242,58.316352520095585,0,2026-08-25 06:31:44
2024-01-02 21:38:00,CNC-01,L,299.4638769408051,311.4789220672147,2689.5647792747322,16.281115303622954,59.747687812929925,3.2387789182973323,8.30106393062606,52.799484329408095,0,2026-08-25 06:31:44
2024-01-02 07:54:00,CNC-02,M,22.895433728842477,38.26786733319568,1741.6942539985862,45.362278965612596,157.18857538894346,2.7236972733333493,14.832894649520204,56.70000782981646,0,2026-08-25 06:31:44
2024-01-02 05:53:00,CNC-03,H,296.42603926001783,311.48220953646904,2176.08574315341,35.357831562421374,203.3732513149641,3.424831767271308,14.57905947942666,56.259139487874336,0,2026-08-25 06:31:44
2024-01-02 15:04:00,CNC-03,H,297.7006867448086,311.89914975765606,1604.7272523901875,46.254954925870805,67.89192208781434,2.241762214102476,13.786084359044354,57.1525514102936,0,2026-08-25 06:31:44
2024-01-02 14:08:00,CNC-03,H,297.6380234035054,312.53269031204076,1538.2347574611645,48.81847962347244,,2.6276397711998625,14.298989664702926,55.42619763778484,0,2026-08-25 06:31:44
2024-01-02 22:36:00,CNC-03,H,298.65297599963566,310.7338870143519,2511.4910169960394,16.069575374791118,107.98553755995164,3.081959849353714,7.642471732132183,55.76700911942168,0,2026-08-25 06:31:44
2024-01-02 11:59:00,CNC-01,L,296.89894337417843,311.6694537895774,1390.7012487572438,54.103635371588524,139.3011873472461,2.389291822237837,14.127932819662016,56.40732178476343,0,2026-08-25 06:31:44
2024-01-02 04:13:00,CNC-01,L,296.19947428428776,310.2627934178114,2246.4188550878894,29.23659718505331,115.9200485136805,2.9632939703589996,12.221657673574,55.93256996152006,0,2026-08-25 06:31:44
2024-01-02 01:00:00,CNC-01,L,298.75658469919614,311.4358192434753,2557.154948708003,19.936724672126857,96.92315640962883,3.319240230024969,9.246513270793711,53.64445607095382,0,2026-08-25 06:31:44
2024-01-02 02:10:00,CNC-02,M,298.2312490387263,311.5581853759298,2487.568491821189,21.3779699326196,185.38991875993622,3.510676600389631,10.008288968566948,55.277454288200566,0,2026-08-25 06:31:44
2024-01-02 07:46:00,CNC-03,H,22.615543487534183,37.63028558370843,1581.1295326309998,49.15077386770332,139.46746118059298,2.3564663293583985,14.601211371880394,64.75364208754074,0,2026-08-25 06:31:44
2024-01-02 05:13:57,CNC-02,M,296.2227989192299,310.2642048457196,,29.714969479169266,181.6320441732183,3.1914965480915516,11.50677296880912,55.050281094145426,0,2026-08-25 06:31:44
2024-01-02 09:25:00,CNC-02,M,296.3368464707727,310.30471307613584,1487.2123046084025,45.39872384215364,33.733103502949895,2.010252248226648,12.627258658696343,58.12054899222129,0,2026-08-25 06:31:44
2024-01-02 05:38:00,CNC-01,L,296.00221209421926,310.29804071306216,2033.0913597062886,,222.78718573168402,3.7861475720043747,12.424108933621204,56.08569989050379,0,2026-08-25 06:31:44
2024-01-02 17:59:00,CNC-01,L,299.0055606458615,312.6115038759525,1978.4211560333813,34.11638482389517,21.402910799125323,2.572676114276007,12.631405568939622,54.33803025326245,0,2026-08-25 06:31:44
2024-01-02 03:15:00,CNC-01,L,297.5094556238778,310.0921514317882,2518.2048375959434,20.273871113853062,47.59984033217562,3.0035424596816624,9.505019554991925,53.91916340017722,0,2026-08-25 06:31:44
2024-01-02 08:11:00,CNC-03,H,295.98266117401585,310.4218055096434,1782.8587789027833,39.43218941958645,176.28177372716598,2.7701302135893484,13.182264662396646,57.915275951486386,0,2026-08-25 06:31:44
2024-01-02 21:54:00,CNC-02,M,299.43028295751145,313.6402110681683,2517.283870590119,24.207736433088357,143.40989883068642,3.30818491631986,11.322227166465467,55.23885365496115,0,2026-08-25 06:31:44
2024-01-02 01:10:00,CNC-02,M,298.592609203232,311.63806666021117,2647.4803273352413,20.432550986525758,120.2727311250073,3.190306440297246,10.332774704658682,53.151245446548394,0,2026-08-25 06:31:44
2024-01-02 00:37:00,CNC-02,M,298.62939728307043,310.8576288367579,2544.3646351768407,17.471875085152057,84.68020470319397,3.1673069323131964,8.285432040757069,52.87783170101747,0,2026-08-25 06:31:44
2024-01-02 00:44:00,CNC-03,H,298.9077548664787,310.3785599091049,2597.0832289363484,13.91891610053056,95.45435162990778,3.193518067344894,6.909826325272448,54.82315642891171,0,2026-08-25 06:31:44
2024-01-02 05:09:00,CNC-03,H,296.8444207546883,311.49353759735675,2121.3100603009357,34.6845271219288,146.00592059603227,2.869444086801519,13.823956478752537,53.74907202641301,0,2026-08-25 06:31:44
2024-01-02 05:21:00,CNC-01,L,296.24667511450684,310.9506518518961,1961.9909608514138,35.59974483642811,200.57437421466284,3.291699723700086,13.04890537155241,58.925740927215486,0,2026-08-25 06:31:44
2024-01-02 07:29:00,CNC-02,M,23.119460669733883,38.14655439078456,1803.7876334536058,42.909187732391445,121.35902277248937,2.5670336120867883,14.651457874947216,58.546402600323844,0,2026-08-25 06:31:44
2024-01-02 13:19:00,CNC-03,H,297.3271509190985,311.470340998565,1410.2631410926092,49.51388396003279,126.81816148719415,2.205615542160583,12.872846746892522,55.75182512923083,0,2026-08-25 06:31:44
2024-01-02 15:33:00,CNC-03,H,298.10553520471433,312.4589645463918,1620.4739340251306,43.54596588202116,111.59804911436653,2.433985535177074,13.435911214354178,54.718915918624745,0,2026-08-25 06:31:44
2024-01-02 01:15:00,CNC-02,M,298.5229888999745,311.1206343681132,2680.4525868894516,17.96020539658773,125.61631518401524,3.263474250624317,9.155395866697553,49.3626259331407,0,2026-08-25 06:31:44
2024-01-02 09:33:00,CNC-03,H,295.9847163482224,309.4267321769446,1459.090192940357,46.27746289692264,29.370228615521764,2.1601112922951056,12.450675644696373,58.931146268379216,0,2026-08-25 06:31:44
2024-01-02 20:31:00,CNC-03,H,299.4358829570761,313.46214417487175,2208.834800152556,26.693441288796,235.41743483619052,3.71618596257263,11.041144936860812,54.44783241960474,0,2026-08-25 06:31:44
2024-01-02 13:17:00,CNC-01,L,297.29719921398515,311.51585279087044,1447.295954284846,52.26054884806705,52.244791056408154,,14.090795542887204,59.745453393423276,0,2026-08-25 06:31:44
2024-01-02 18:53:00,CNC-03,H,26.265076330713043,40.15092283239352,2172.543136361715,30.12953267718425,116.13615427059425,27.849238412881977,12.499484165391433,49.19406364921146,0,2026-08-25 06:31:44
2024-01-02 09:58:00,CNC-03,H,296.00444556000804,309.7466428571886,1423.690529422366,47.11932367532648,68.15513036765655,2.1247971637522154,12.471627583040085,56.419755881619565,0,2026-08-25 06:31:44
2024-01-02 08:20:00,CNC-02,M,295.73250596706293,0.0,1533.6876685719378,47.82762829265067,195.49755914652116,2.7854375271786354,13.607691127048518,55.664224104915455,0,2026-08-25 06:31:44
2024-01-02 10:18:00,CNC-02,M,296.3111456801494,310.9680271735725,1383.6126679075837,53.601692714283395,116.54348779678483,2.2472436180236284,,54.983813996343784,0,2026-08-25 06:31:44
2024-01-02 09:35:00,CNC-03,H,295.8191078643538,309.2830714750609,1496.0646330885436,43.95405954353523,32.488940928988754,2.2327516643852037,12.35057224611871,62.56292746461018,0,2026-08-25 06:31:44
2024-01-02 16:46:00,CNC-03,H,298.56013514148907,313.6355592737723,1793.3816950190273,42.75013037526166,217.86843289146887,3.060605848859966,14.467459511559968,56.02830744001389,0,2026-08-25 06:31:44
2024-01-02 10:47:00,CNC-01,L,296.10860666220873,309.58481028352884,1468.274068767821,45.136895334130585,25.197014723628108,2.0946246349726287,12.256672639172324,55.974073023089865,0,2026-08-25 06:31:44
2024-01-02 08:07:00,CNC-02,M,296.1803423504753,311.09931935139235,1815.1846282035444,41.61066618261644,176.14445668728996,2.820430476122647,14.012379509276316,59.22949210451579,0,2026-08-25 06:31:44
2024-01-02 16:50:00,CNC-03,H,298.53567501015027,313.4349822988106,1845.7570173003553,40.77225415381932,223.59043218394643,3.2137424792295923,13.822264614050148,58.080198722642855,0,2026-08-25 06:31:44
2024-01-02 01:26:00,CNC-02,M,298.58215073414243,311.54250336612637,2613.1273016871837,19.00623081538263,137.43649686657162,3.4721454891173886,9.366540823825124,55.13874646549606,0,2026-08-25 06:31:44
2024-01-02 09:47:00,CNC-02,M,296.2131333434418,310.26409752137,1514.261238499122,46.26704211630638,67.86134875351244,2.1693580936723227,12.994080795773261,57.11831961657602,0,2026-08-25 06:31:44
2024-01-02 23:58:00,CNC-02,M,299.23343692396446,311.85025548964967,2884.579833281628,16.70951002952624,53.32163868332801,3.4669345894547394,9.254970323387834,51.77319000747143,0,2026-08-25 06:31:44
2024-01-02 16:22:00,CNC-02,M,303.5222215697454,312.9765652872549,1778.6139938921292,43.19038366691777,222.85944828622647,3.242229702340568,14.39529805372203,45.14872761978412,0,2026-08-25 06:31:44
2024-01-02 13:53:00,CNC-02,M,296.9717016349301,312.33449053749,1415.8022662838841,53.24478814487164,249.91911239312816,3.2548284683865436,14.172684953248455,59.30384289100408,1,2026-08-25 06:31:44
2024-01-02 08:33:00,CNC-03,H,295.94896544395095,310.7311110037228,1507.1813272975103,47.582251037163,209.01985338390313,2.7516133007619694,13.37266682025139,57.60225879067835,0,2026-08-25 06:31:44
2024-01-02 03:01:00,CNC-02,M,297.61693562840316,310.35749914824794,2395.1610981149593,22.89063719908716,19.36413146519078,2.904690683064534,10.019771200576994,54.385493272349265,0,2026-08-25 06:31:44
2024-01-02 17:49:00,CNC-02,M,298.8079536914227,313.04939608576046,,35.701425311278136,88.33383412613031,2.588380733929248,13.01014862906898,55.6855006054064,0,2026-08-25 06:31:44
2024-01-02 13:03:00,CNC-03,H,297.16701355777997,311.5155372293628,1451.5567654465597,48.72357854598507,101.57954493513418,2.2445300318711783,13.239154284401252,55.511536347105725,0,2026-08-25 06:31:44
2024-01-02 18:03:00,CNC-02,M,25.922545403252627,40.40056064488647,2153.857471734259,32.53091305750542,106.98412040814314,2.8229697695369858,13.100359725888865,55.345781911560074,0,2026-08-25 06:31:44
2024-01-02 12:50:00,CNC-01,L,297.3084619206273,311.153395870583,1426.4763626451563,48.33727740658099,9.468108576068898,2.043764559989298,12.93845243662517,57.67836795406084,0,2026-08-25 06:31:44
2024-01-02 14:00:00,CNC-02,M,297.15632953810484,310.9724691671063,,48.645926091980094,9.430356550972943,2.024630428178422,12.370524766643523,56.53170333278072,0,2026-08-25 06:31:44
2024-01-02 09:51:00,CNC-03,H,295.8322834786542,309.82633816275865,1520.551340235983,46.92706745060383,57.26081733336363,2.1752556838862236,206.68771237975855,63.53486386272462,0,2026-08-25 06:31:44
2024-01-02 21:12:00,CNC-03,H,299.0663222071927,311.69190594217224,2448.936503538443,21.504952067244666,15.896998283285061,2.955535634477075,9.967684503588455,50.060551237397355,0,2026-08-25 06:31:44
2024-01-02 09:39:00,CNC-02,M,296.09912739957946,309.98332083504505,1675.1746378843209,39.24285199795787,55.3627959684408,2.27249181210263,12.258125815921778,58.563203416517474,0,2026-08-25 06:31:44
2024-01-02 20:10:00,CNC-01,L,299.00317214465827,312.5546532745236,2444.802521757997,23.61788688828585,185.9795350616396,3.536924688167543,10.97664840125837,55.12293577090417,0,2026-08-25 06:31:44
2024-01-02 10:00:00,CNC-02,M,296.10452143485963,310.58991505386683,1372.0928599460988,52.475008309900936,88.27636417612845,2.0343272455967596,13.630556280384415,60.104667571372914,0,2026-08-25 06:31:44
2024-01-02 06:18:00,CNC-03,H,296.4873685031148,310.21176057471496,2016.7274599696427,32.52529151708863,16.054019709787443,2.6227010510489395,12.435813609094414,56.359934401074625,0,2026-08-25 06:31:44
2024-01-02 12:20:00,CNC-01,L,297.14903860101185,,1390.8225693106692,54.342093828639904,172.7134681798186,2.5562156083616854,14.414394716522125,56.40402741180051,0,2026-08-25 06:31:44
2024-01-02 23:23:00,CNC-02,M,299.2436701031157,312.10675272953483,2523.510215164824,20.398108098552594,16.159148691206827,3.134482731036978,9.474252056729224,51.300642610210254,0,2026-08-25 06:31:44
2024-01-02 21:47:00,CNC-02,M,299.3769346756116,312.7751941037879,2612.4164736775397,20.093093752303034,135.57961392314087,3.317897940216224,9.646925061389062,52.708827563698705,0,2026-08-25 06:31:44
2024-01-02 20:28:00,CNC-02,M,299.029709952472,311.66325666622527,2508.4537420482625,18.963212564525904,46.21704938726876,2.9844474568819734,8.706658751855448,50.9171249453608,0,2026-08-25 06:31:44
2024-01-02 08:53:00,CNC-01,L,295.9555556791567,310.05186991834074,1621.7687976295424,45.06435363588355,40.58475314372301,2.32125118885184,13.698703992138695,63.292256366583025,0,2026-08-25 06:31:44
2024-01-02 02:22:00,CNC-02,M,297.8164841742212,311.8056180174615,2625.8266560245956,22.40111145495716,198.64166192982316,3.770961378023348,10.995466389964912,55.991319937472554,0,2026-08-25 06:31:44
2024-01-02 12:02:00,CNC-02,M,296.7497174429277,311.0896291207993,1432.850698973633,49.901957335322166,74.60936693750385,2.0973512979325015,13.43507855402454,60.14650702662637,0,2026-08-25 06:31:44
2024-01-02 10:46:00,CNC-02,M,296.29191708618464,311.2572603927448,1570.319502363413,47.60377218542064,160.693149832092,2.5093559011182616,13.902917874510834,56.909831274308736,0,2026-08-25 06:31:44
2024-01-02 07:45:00,CNC-01,L,22.892979303827474,37.83163500457937,1705.780721715507,44.227806082758114,172.12899248104165,2.742340076867957,13.963927771312845,55.71315321341878,0,2026-08-25 06:31:44
2024-01-02 09:56:00,CNC-02,M,295.80931019248777,309.85966814061607,1433.3211729616303,48.22574929447681,82.00039814632702,2.0690257264100453,12.982935469866685,55.434981254994014,0,2026-08-25 06:31:44
2024-01-02 06:56:40,CNC-03,H,22.661645413585916,36.702788734700164,1902.0258261320494,38.003308164442295,70.94005059698875,2.5578602581982457,13.53549769665913,54.35202330804971,0,2026-08-25 06:31:44
2024-01-02 04:56:00,CNC-01,L,296.56990812429257,309.8194135267363,2318.112908476237,23.38898400178829,168.64683208355777,3.3973737216081052,9.908306815459092,58.62488488716953,0,2026-08-25 06:31:44
2024-01-02 16:31:00,CNC-02,M,303.7002260111931,312.8242093406935,1861.3347663295897,39.80983242271516,235.79392957765168,3.5881139395758277,14.018667672954289,43.617883624477486,0,2026-08-25 06:31:44
2024-01-02 05:01:00,CNC-01,L,296.3608745571711,310.46553842940256,2086.422596585972,31.678489970918744,174.95214091142358,3.253289177606364,12.657551764365147,58.16986048864574,0,2026-08-25 06:31:44
2024-01-02 22:01:00,CNC-01,L,298.82152773586483,310.48146300167883,2784.345719847384,12.774939558096637,84.97109699778903,3.3929816239712456,6.725696576008015,54.66001051740668,0,2026-08-25 06:31:44
2024-01-02 01:59:00,CNC-01,L,298.1014573890397,0.0,2655.153490486713,17.651375305439192,160.91653271015502,3.5342345014272434,8.818603156004192,54.97278771536883,0,2026-08-25 06:31:44
2024-01-02 05:28:00,CNC-02,M,296.10477466626065,310.46121338051506,2248.475599761239,29.977218853396202,198.58679250741685,3.4447813982960085,12.306280276801447,59.06891133983503,0,2026-08-25 06:31:44
2024-01-02 13:36:00,CNC-01,L,297.4657357053378,311.41181539066434,1437.53893727434,47.82157367787586,82.40636235594157,2.1058005227074514,13.135786397047358,55.85998988388418,0,2026-08-25 06:31:44
2024-01-02 20:30:00,CNC-03,H,299.12591884668933,312.9284336045473,77800.94284279807,23.398477691103857,234.17976751305764,37.85896360863592,10.980790553248928,55.05857974308705,0,2026-08-25 06:31:44
2024-01-02 12:05:00,CNC-01,L,297.02359328146787,311.49454110139516,1428.5341886822541,51.63360237723292,148.82571888084513,2.382010900825829,13.591746842417965,57.07557625546187,0,2026-08-25 06:31:44
2024-01-02 06:07:00,CNC-01,L,,309.75069942874205,1945.4925104114322,35.88630142766018,35.79076942394068,2.520091951046641,13.00425386370129,56.21835003813782,0,2026-08-25 06:31:44
2024-01-02 21:32:00,CNC-01,L,298.89975276100995,310.36623450072454,2781.2767360946877,12.962093984515251,53.04741806053399,3.3474230546171744,6.5917011688286395,51.10316964246183,0,2026-08-25 06:31:44
2024-01-02 09:57:00,CNC-03,H,295.9904723290169,310.38520606977585,1583.1334431040186,47.3146866859297,66.60108867324531,2.303226596555085,14.069191394924124,53.58711094711182,0,2026-08-25 06:31:44
2024-01-02 20:20:00,CNC-01,L,298.8666202454527,313.17273970211437,2357.0041178652677,27.53171808643179,197.73835791621173,3.7087204433973904,12.15830541978497,55.25666489813421,0,2026-08-25 06:31:44
2024-01-02 22:58:00,CNC-01,L,298.72170448844713,312.0579747918358,2780.9310306026327,21.573652583208922,146.9717943077806,3.575279213097649,10.94568413660386,59.98135318094449,0,2026-08-25 06:31:44
2024-01-02 16:53:00,CNC-03,H,298.67103260424994,314.34039804896213,,44.101411074610006,227.74825219280308,3.3792100540487047,15.61182812744317,58.48022591564393,0,2026-08-25 06:31:44
2024-01-02 05:40:00,CNC-01,L,296.01069715984113,309.08527656023654,2080.1559953753904,29.160469414170304,0.0,2.6918047617262446,11.539872514830106,57.962753003856385,0,2026-08-25 06:31:44
2024-01-02 09:55:00,CNC-02,M,296.39642592233344,310.91047197918795,1387.9165220841942,52.692544878853965,80.42736361123829,2.0678091931734954,13.465649092236426,59.114457518917405,0,2026-08-25 06:31:44
2024-01-02 10:23:00,CNC-01,L,296.23351619817134,310.4549050435384,1321.0137351786923,51.562273195430734,179.68535318476196,2.5159927573209284,12.719371733734862,57.58524831157168,0,2026-08-25 06:31:44
2024-01-02 06:43:00,CNC-02,M,296.23513443128985,310.4691322089631,1997.389554802203,37.110463546374454,56.5786391493741,2.6724264411789633,13.831425757654776,60.23232561714342,0,2026-08-25 06:31:44
2024-01-02 23:38:00,CNC-03,H,298.80288689877796,310.47311296060474,2719.033188142576,12.588766633318421,174.0162880843072,35.92439851878016,6.297196411337926,52.152244007449156,0,2026-08-25 06:31:44
2024-01-02 23:08:00,CNC-01,L,298.77720020772375,310.54246736889604,2771.6395565148796,12.535177559506877,157.60907700758017,36.080938457409516,6.264084814289075,56.20496636187417,0,2026-08-25 06:31:44
2024-01-02 15:51:00,CNC-01,L,298.7859987998071,312.4211458673039,1557.4273645584713,40.18961161436461,52.397723237972166,2.1990002598888885,11.286128521483445,53.420075068927076,0,2026-08-25 06:31:44
2024-01-02 21:41:00,CNC-01,L,299.1602367019608,312.0623981173797,2605.8512103454455,21.0689551547858,63.01939812522681,3.2724990566752195,10.406324091981965,54.46705437232574,0,2026-08-25 06:31:44
2024-01-02 07:42:11,CNC-03,H,22.669343747916116,36.92451721559189,1750.4701491169621,39.15041627209493,135.13092046662433,2.593440241005313,12.70190874934939,58.535594610811664,0,2026-08-25 06:31:44
2024-01-02 20:01:00,CNC-02,M,299.18884427544407,311.9300618513391,2494.1164216497377,20.639642481175553,14.31194685368166,3.0385292388847964,9.522305308940167,49.94209741472799,0,2026-08-25 06:31:44
2024-01-02 07:53:00,CNC-01,L,28.320804297510676,37.671035293577745,1747.6164461397839,46.82225430211385,183.6618401498352,28.41418118793503,15.094386361911933,49.10889202609825,0,2026-08-25 06:31:44
2024-01-02 04:21:00,CNC-03,H,297.60819847096104,311.68246008342396,2286.265773534548,30.597780817573838,85.96848191206058,2.935110531040619,13.190321301075,51.943911609097555,0,2026-08-25 06:31:44
2024-01-02 07:31:00,CNC-02,M,22.875695678869818,37.50654328165717,1818.9142267976372,39.928046851052386,,2.622200181861814,13.507289089089404,59.66956807146959,0,2026-08-25 06:31:44
2024-01-02 07:27:00,CNC-02,M,23.113639096347242,37.58056785083494,1822.2415018716458,40.26293036361589,,2.5766619569666114,13.645319070425078,57.22088709348624,0,2026-08-25 06:31:44
2024-01-02 16:41:00,CNC-02,M,303.59042936229804,313.44365101543923,1776.9601110161761,47.03234015350609,250.02260872542965,3.7371715574830926,15.679082844007647,42.39417328357961,0,2026-08-25 06:31:44
2024-01-02 04:16:00,CNC-02,M,296.7748599241372,309.88373711427755,2309.108904179473,25.987528415669697,107.75903287022663,3.116639883211069,11.207580025833426,56.76604223931153,0,2026-08-25 06:31:44
2024-01-02 14:22:00,CNC-03,H,297.82751308443903,311.39805662567994,1424.4647924397555,45.683462742758664,3.1211148498812844,2.148702194912086,12.12338046240657,51.125421998358185,0,2026-08-25 06:31:44
2024-01-02 11:24:32,CNC-01,L,296.4237524904157,310.7952361812503,1638.6770110685536,45.9626656376495,83.72258151796541,2.217562286464466,13.856240753589583,56.469020703842276,0,2026-08-25 06:31:44
2024-01-02 21:23:00,CNC-01,L,299.08880976572857,312.03042294086725,2514.9669065992407,22.360826397165717,43.159559505753215,29.60256386615353,10.472291755589618,52.18343985375441,0,2026-08-25 06:31:44
2024-01-02 18:14:00,CNC-03,H,26.388427672494743,40.59900536326779,1927.8802367216213,37.72412629561486,65.72468842284758,2.5467933361577164,13.51086043652059,48.92380785985927,0,2026-08-25 06:31:44
2024-01-02 16:54:00,CNC-01,L,298.73450661978677,313.4527690500406,2109.0639934000237,34.38425621064321,143.07578736709922,2.945448195509547,13.545560844320534,56.56688802141146,0,2026-08-25 06:31:44
2024-01-02 06:49:00,CNC-01,L,296.20587555465005,310.02251031698887,1968.4286845389493,33.32176452731237,92.95294618864537,2.649330278387554,12.35085756004871,58.77706128908677,0,2026-08-25 06:31:44
2024-01-02 18:25:00,CNC-01,L,26.00060416894007,39.60838868223442,2206.8840018858664,29.059923071447653,55.57654365024018,2.784602219095442,11.884176030543555,57.62607071735381,0,2026-08-25 06:31:44
2024-01-02 17:58:00,CNC-02,M,298.7176445651372,312.6018020134802,1945.5392933797582,31.1794742915741,100.41043147752507,2.6556454155788862,11.38032800246824,52.48151953266909,0,2026-08-25 06:31:44
2024-01-02 12:58:00,CNC-01,L,297.7656342173842,311.59747640186595,1462.9007260784556,47.36601039942954,22.078264959403892,,12.989755753009964,55.566100179906556,0,2026-08-25 06:31:44
2024-01-02 13:11:00,CNC-02,M,296.94171716209723,311.2819155205623,1324.5890205191433,51.277913629517116,184.007196568691,2.5862859402309524,12.928152050474834,59.559527414274,0,2026-08-25 06:31:44
2024-01-02 11:06:00,CNC-01,L,296.5073521097485,311.37908859603493,1465.2478242211637,54.52007736684683,55.22498273780454,2.020050217576016,14.707980781762878,56.62207864940378,0,2026-08-25 06:31:44
2024-01-02 13:39:00,CNC-03,H,297.74195896635,312.385832539743,1513.5788465709948,49.39530838152801,158.11928296407868,2.3190695385468096,13.996503717929457,54.75295771252816,0,2026-08-25 06:31:44
2024-01-02 12:16:00,CNC-02,M,296.84355057229635,310.9590979563089,1495.9792043696991,46.106759813836604,96.78697276777793,2.231856068199921,13.013527738704191,58.63228254474199,0,2026-08-25 06:31:44
2024-01-02 21:26:00,CNC-02,M,299.2567225815902,311.4295826026293,2564.382921284018,14.819926526773592,112.16198713327181,3.241984725533503,7.045140827175025,55.76354344241693,0,2026-08-25 06:31:44
2024-01-02 13:55:00,CNC-02,M,297.1498988688772,311.3286103997664,1446.0738129179922,49.38279257964305,1.5806394714973702,2.0459814991408782,13.479659923602352,60.26238639032878,0,2026-08-25 06:31:44
2024-01-02 22:00:00,CNC-03,H,299.12533523717036,311.441179887786,2647.5408232993036,16.886515128162433,68.99967866994066,3.1923333781406096,8.304855471954198,53.73292061135292,0,2026-08-25 06:31:44
2024-01-02 03:08:00,CNC-02,M,297.50387696303034,309.86072323676683,2504.8592052939507,19.246043433677883,27.16253741822632,3.088860581051918,8.93681786606534,55.06720932871368,0,2026-08-25 06:31:44
2024-01-02 13:18:00,CNC-02,M,297.2871948563159,312.28517220960657,1409.0894928532532,51.934651360744795,195.07956267353015,2.6084656944773226,13.914657573820449,55.455533863959026,0,2026-08-25 06:31:44
2024-01-02 09:57:00,CNC-01,L,296.49165518345404,310.35822483308743,1521.4645067860624,43.841061993673854,138.84161312532683,2.305165535523571,12.212330399713679,56.48805830653163,0,2026-08-25 06:31:44
2024-01-02 12:17:00,CNC-03,H,296.9373263729039,310.64769425466153,1393.3087683346341,49.29712061563111,28.551393083760686,20.833352883277307,12.815952280466279,60.17541681654174,0,2026-08-25 06:31:44
2024-01-02 10:31:00,CNC-02,M,296.2197529757422,,1355.7226016950424,52.28737499263248,137.06549825087913,2.2099822041595307,13.274051322393882,52.347533817950165,0,2026-08-25 06:31:44
2024-01-02 00:20:00,CNC-01,L,298.59623605989583,310.0400825537894,2751.326375721293,14.049647833566572,54.16738198420691,3.345860331762542,7.085030346591636,47.64093384431751,0,2026-08-25 06:31:44
2024-01-02 16:27:00,CNC-03,H,298.442026473081,313.2380551177637,1790.3485992240683,42.31413961117669,190.65723927411025,2.8039502753561685,14.38268801897253,58.20144808398429,0,2026-08-25 06:31:44
2024-01-02 17:57:00,CNC-03,H,299.37766642547905,312.8651121491576,1996.6295646479502,32.514286094650686,43.053474389871695,2.577749502851797,12.355905077115796,51.43322956653534,0,2026-08-25 06:31:44
2024-01-02 13:14:00,CNC-02,M,297.11842974468215,312.01206572595106,1339.6149091178204,54.578186993799065,188.80719656869098,2.5669665321518553,13.546316105626145,56.045921392492566,0,2026-08-25 06:31:44
2024-01-02 22:18:00,CNC-02,M,299.43903726297174,312.4331382192479,2603.275245175121,17.859237216360675,169.82815351846094,3.5133620043801765,8.68503768757033,1715.007998025394,0,2026-08-25 06:31:44
2024-01-02 00:20:00,CNC-02,M,,311.16665536715647,2743.8532282742112,15.864379351188083,66.5815194011982,3.3219882667086376,8.06869498099193,54.64512964534439,0,2026-08-25 06:31:44
2024-01-02 21:37:00,CNC-02,M,299.49331849805367,313.6212123035155,2563.9122872818116,24.586552205508838,0.0,3.2724030603527225,11.930308893210094,51.168857034352776,0,2026-08-25 06:31:44
2024-01-02 10:59:00,CNC-02,M,296.1796057962016,311.06062539174263,1411.2978298504381,52.93867341521841,181.1985581358002,2.491600006609255,13.943264380381358,55.74184255638907,0,2026-08-25 06:31:44
2024-01-02 13:52:00,CNC-02,M,297.2294275555213,312.9331395367442,1557.5818536728,50.50688017827149,248.34540756919154,3.3385687564878355,14.677011964609791,55.061566452068554,1,2026-08-25 06:31:44
2024-01-02 05:18:00,CNC-03,H,296.8793135575342,311.09994634399465,2055.881877921184,33.22500714535038,157.59866945312265,2.9211539036143583,12.533093191461154,56.23484210758481,0,2026-08-25 06:31:44
2024-01-02 10:29:00,CNC-02,M,296.13976076468975,310.44178293860756,1331.1018841892655,51.50546693703867,133.92717923709318,2.1555298083834113,12.866492342144067,59.417368230525454,0,2026-08-25 06:31:44
2024-01-02 15:28:00,CNC-01,L,298.4009418611252,312.31623695492027,1649.5041551014315,43.300264738766835,18.08881081297691,2.2409570744280907,13.38572280774421,57.420300170999404,0,2026-08-25 06:31:44
2024-01-02 16:33:00,CNC-01,L,298.3201006921299,312.63054546196435,1730.518389832846,40.995853927040066,113.34124491137534,2.4201075220799635,13.07284247412169,52.69085314308761,0,2026-08-25 06:31:44
2024-01-02 05:05:00,CNC-01,L,296.3828436090647,310.93116681768754,2059.068368312679,34.67902011070647,180.09150546800086,3.138825151762017,13.44147430630107,59.02924502391793,0,2026-08-25 06:31:44
2024-01-02 03:25:00,CNC-03,H,297.14466390893807,309.2555772873936,2428.2422134338935,20.092823543050987,19.542699487015504,3.0451650508747403,9.00997765669985,54.47490482858091,0,2026-08-25 06:31:44
2024-01-02 20:04:00,CNC-03,H,299.3764338735084,313.08172883346504,2407.3781590021044,24.86044276384368,203.59374435380565,3.507187001388372,11.179152276445146,54.076746331785735,0,2026-08-25 06:31:44
2024-01-02 08:37:00,CNC-01,L,301.72615505174525,309.01592280154756,1699.274107189736,37.249719318602345,16.44226286536825,2.283086580530953,11.63912193306772,49.01512864162723,0,2026-08-25 06:31:44
2024-01-02 01:22:00,CNC-02,M,298.7257630681875,311.56935037284006,2663.604981568186,19.481593608604506,133.16939915873692,3.368604608828635,9.482016351973705,52.58922053265318,0,2026-08-25 06:31:44
2024-01-02 03:37:00,CNC-03,H,297.47428916896104,309.7159108084333,2454.6859637306256,19.049361553999862,33.683126562185855,3.1418808188138967,8.759077262102494,53.583572803269654,0,2026-08-25 06:31:44
2024-01-02 02:11:00,CNC-02,M,298.203679566842,311.5699001335356,2505.954375891109,21.526607783161765,186.52891885038542,3.532713286165158,10.333978874900765,57.09692209902648,0,2026-08-25 06:31:44
2024-01-02 22:44:00,CNC-03,H,298.9103701778789,311.48516855843405,2588.4077381154975,18.367628582541748,116.58938158571979,3.4307473613071777,8.555360423319812,50.97268019411293,0,2026-08-25 06:31:44
2024-01-02 15:05:46,CNC-03,H,297.7132161182561,311.41545623623574,1417.5390554317325,47.61159186271691,72.47277324338815,2.0891967791178963,12.525483809315363,56.59222507788551,0,2026-08-25 06:31:44
2024-01-02 04:41:00,CNC-02,M,296.62412677333106,310.9321484968834,2230.258725411406,29.651416414000888,138.8238232133377,29.41683252500722,12.574378479438879,53.58242181857475,0,2026-08-25 06:31:44
2024-01-02 02:57:00,CNC-01,L,297.44703524711923,309.7124972589992,2621.4028218187277,17.823903517060362,26.991369873346517,3.2741168147772464,8.978470725065913,53.04554594408343,0,2026-08-25 06:31:44
2024-01-02 12:37:00,CNC-02,M,296.78329638335737,311.67827965165066,1421.8030102808984,53.6411420153061,130.14374849590408,2.213755353117359,14.583193970350836,52.571436413737544,0,2026-08-25 06:31:44
2024-01-02 10:26:00,CNC-01,L,296.2531514149144,311.046166797968,1403.6162403352926,53.05177059085712,184.42234890486193,2.759291026507299,14.146214116117905,62.23065108819649,0,2026-08-25 06:31:44
2024-01-02 15:31:00,CNC-01,L,298.43695839224875,312.2859574212075,1552.3080799857346,45.13901104135383,22.58464773719906,2.2647229987299298,13.302073351936324,52.213672394758504,0,2026-08-25 06:31:44
2024-01-02 13:49:12,CNC-01,L,297.50888957164653,311.5156322383996,1304.742462014139,52.039507366828836,102.81468421876494,2.1793904018850476,12.735143922328119,53.86570463124979,0,2026-08-25 06:31:44
2024-01-02 10:50:00,CNC-01,L,296.2752127729641,0.0,1338.8568843117414,52.06344289769083,29.97536702334783,2.092039908964544,13.009214655385884,56.2377982911784,0,2026-08-25 06:31:44
2024-01-02 03:07:00,CNC-01,L,297.42604076630596,309.6487893208233,2540.976966643174,18.19952914970813,38.4218094239812,3.0918285149847238,8.606836708321362,53.848858482396686,0,2026-08-25 06:31:44
2024-01-02 22:11:00,CNC-03,H,299.4726200264082,312.19253926542183,2612.116456802908,19.755711316853372,81.0008854415965,3.2024107331191085,9.742031571129147,55.31690351019874,0,2026-08-25 06:31:44
2024-01-02 06:37:00,CNC-02,M,296.0349383441695,309.7042289622122,1931.5597722908662,32.92009808239077,48.39341243162274,2.4408255662996248,12.014557560993032,56.40145779235539,0,2026-08-25 06:31:44
2024-01-02 10:22:00,CNC-03,H,295.7345128939344,310.2687623571022,1507.152017195321,49.345740860907355,105.86839810227082,2.103425333064,13.943995023467593,58.998094838456424,0,2026-08-25 06:31:44
2024-01-02 04:50:00,CNC-03,H,297.213987548135,310.9345263384075,2435.199800609775,25.726879187352143,121.82294951348325,3.1765437084180617,11.631358098537088,52.24218674390189,0,2026-08-25 06:31:44
2024-01-02 03:17:19,CNC-01,L,297.0426128409611,309.7100952774854,2446.7880754160674,21.723412465447094,49.95739004324969,3.1002476251644366,9.921198347729424,56.3624445187457,0,2026-08-25 06:31:44
2024-01-02 05:21:00,CNC-03,H,296.78317387287785,311.6831502695633,2099.9799275170726,35.10992380008584,161.4946661522637,3.0558579439571867,14.10740932012159,57.84714749171597,0,2026-08-25 06:31:44
2024-01-02 00:29:00,CNC-02,M,298.9487381260354,310.1863883020564,2646.7912571371085,12.089039899377632,76.13788267366527,3.2477121124168336,5.807651088013319,56.41965321516735,1,2026-08-25 06:31:44
2024-01-02 13:21:00,CNC-01,L,297.41603152955025,311.1544459730457,1442.0273918054143,45.507625809505804,58.619223052164315,2.0610544709242147,12.349719521072265,50.64895777511119,0,2026-08-25 06:31:44
2024-01-02 03:54:00,CNC-02,M,297.2150297143532,310.87508718142897,2302.965994499907,27.81042624817941,81.23828551657623,27.897166286308522,12.19959049620995,55.43502039883252,0,2026-08-25 06:31:44
2024-01-02 18:22:00,CNC-01,L,25.63402174987897,39.711427855004786,2031.6392599203275,35.024481127665126,51.65602836390334,2.6864857327308647,13.476729255227172,55.49191243817586,0,2026-08-25 06:31:44
2024-01-02 16:02:00,CNC-01,L,298.56120974442103,312.75953197766484,1755.642526577004,42.107072720940394,68.51160110335552,2.4079922736568764,13.878675916409279,48.15796720826107,0,2026-08-25 06:31:44
2024-01-02 04:53:00,CNC-02,M,296.4430114580535,310.77237338316394,2170.0756540631596,31.182631635429086,153.8576209458289,2.9559098818465808,12.54709617145698,55.768852705137824,0,2026-08-25 06:31:44
2024-01-02 21:46:00,CNC-01,L,299.1434972291983,312.04818559713897,2633.5037155669356,20.128225773815046,68.46340127980406,3.218691262047244,10.243813424010893,55.981643219146335,0,2026-08-25 06:31:44
2024-01-02 17:07:00,CNC-01,L,298.4398071256846,313.19051312933976,2073.287711689635,36.3997259734668,161.05026599150884,3.2236435176161162,14.172116452786025,53.3718127155543,0,2026-08-25 06:31:44
2024-01-02 10:48:00,CNC-02,M,296.58978739611575,311.699278519663,1428.1192620897787,51.8942638918675,163.89314983209198,2.3965929906445065,14.176254314854868,57.05733254481048,0,2026-08-25 06:31:44
2024-01-02 12:26:52,CNC-02,M,296.9884972880648,311.6977836078229,1595.865957151088,47.90733764145317,115.84159353345997,2.362761202366086,14.301412224078558,52.635196358643434,0,2026-08-25 06:31:44
2024-01-02 13:18:00,CNC-03,H,297.44007256597246,312.5308092761168,1498.951049298227,51.81262588077378,125.21986727182694,2.222183517629,14.608008161685126,54.086390211480975,0,2026-08-25 06:31:44
2024-01-02 19:04:00,CNC-02,M,26.209786980873787,40.908011890911325,2156.4503128892184,31.120203488766208,185.68812065061564,3.1846038870818263,12.471799856687962,57.79204790665001,0,2026-08-25 06:31:44
2024-01-02 19:28:00,CNC-03,H,299.2553032689091,313.9711571829421,2268.6526666055906,32.640982506000825,159.80188213931413,3.130690079695442,13.68296705087506,55.38231655685389,0,2026-08-25 06:31:44
2024-01-02 02:12:00,CNC-01,L,297.6208371582555,311.64865621380534,2578.4286092788957,896.4206763877452,175.2690088576867,3.560836394468793,11.716238515329769,53.21504598971225,0,2026-08-25 06:31:44
2024-01-02 14:01:00,CNC-02,M,297.2685776670787,311.5914217796756,1502.4486251968224,,10.961189075968521,2.214834464990452,13.502585622958147,54.61883223725531,0,2026-08-25 06:31:44
2024-01-02 19:42:00,CNC-02,M,299.3264489961467,313.44233174860256,2380.286377049626,25.331215994126573,232.40403997733102,3.9113544761183334,11.083743514221323,,0,2026-08-25 06:31:44
2024-01-02 23:16:00,CNC-02,M,299.30388456586843,310.96788892108987,2643.1866106594894,13.807038545696381,8.471146242858133,3.2550078153419175,6.88907138293845,50.735096147639794,0,2026-08-25 06:31:44
2024-01-02 12:34:30,CNC-03,H,296.81524121407483,310.7467198266598,1339.4536755778927,51.21954315652277,55.56308726388769,,12.865663781013133,55.84372110224989,0,2026-08-25 06:31:44
2024-01-02 08:40:00,CNC-02,M,296.2647300378616,311.8529724862696,1755.0286353859005,46.03662382722683,224.85664844603707,3.2303419411566674,15.276029953587916,58.25768745330541,0,2026-08-25 06:31:44
2024-01-02 05:10:00,CNC-02,M,296.4009880942189,311.5450533912175,2150.6449639209263,36.11773688700992,175.25088809445685,3.1822038153814094,14.844870963074605,51.97149142132249,0,2026-08-25 06:31:44
2024-01-02 09:56:00,CNC-01,L,296.1843625086802,311.07457471022434,1498.6852391426426,51.91400060467291,137.28110396891526,2.311443317282377,14.623951157732128,55.272173477536384,0,2026-08-25 06:31:44
2024-01-02 19:08:00,CNC-02,M,26.046889249580317,39.967118746626056,2302.038550995319,26.060578983357754,190.673883516753,3.4280951624913545,11.414135204594539,53.84160969271097,0,2026-08-25 06:31:44
2024-01-02 11:56:00,CNC-03,H,296.83059086060996,0.0,1362.8429869129102,58.52245393302897,254.53742662278978,3.059090344784077,14.868620148386858,56.33006381848371,1,2026-08-25 06:31:44
2024-01-02 19:01:00,CNC-03,H,26.098066868692968,39.725415952006756,2154.500299019821,28.231462242062054,126.17732153337494,2.8694164221452607,11.217529099352795,50.18565647639511,0,2026-08-25 06:31:44
2024-01-02 14:22:00,CNC-01,L,297.39584257507806,312.31631627036876,1516.37539328659,50.668196717962346,154.30073723634075,2.5245361722192508,14.436114001189548,57.00641047605489,0,2026-08-25 06:31:44
2024-01-02 01:59:40,CNC-02,M,297.83084693151216,311.131746575998,2606.2416311922275,21.02414375788527,174.28729333619563,3.5672843255932487,10.249702956493184,55.79163406967395,0,2026-08-25 06:31:44
2024-01-02 01:40:00,CNC-02,M,298.3568084072214,310.6032095157189,2686.0548831230562,15.294231404147292,152.40710567856755,3.458593784364435,7.757446749952677,46.49689790359363,0,2026-08-25 06:31:44
2024-01-02 08:05:00,CNC-03,H,296.26699874221674,310.70986434516885,1882.8550078597107,38.55314199832992,167.27752722542917,2.7528610722182925,13.474840277926488,54.6340799980738,0,2026-08-25 06:31:44
2024-01-02 23:08:00,CNC-03,H,299.07607148065546,311.5377828423622,2727.275279214191,16.030727972598232,142.20176235753596,3.4749665275073673,,55.18342858231507,0,2026-08-25 06:31:44
2024-01-02 08:50:00,CNC-01,L,301.62022260670716,309.6907878538062,1678.6517174343928,40.85272760845361,36.08263077415508,2.3972849048252947,12.724565749824704,47.60616769868915,0,2026-08-25 06:31:44
2024-01-02 12:17:00,CNC-01,L,297.0563492462752,312.00443989273646,1402.6962844324921,53.3251142905206,167.91809258284837,2.5344695671102353,14.177456618820099,54.032994187508486,0,2026-08-25 06:31:44
2024-01-02 01:23:00,CNC-03,H,298.42722005150455,310.63081519945405,2595.2660653558773,16.57807959523158,137.23450385033127,3.2797219847924652,7.8862111856092785,52.727366275371516,0,2026-08-25 06:31:44
2024-01-02 11:18:00,CNC-01,L,296.45215111879094,310.333345125219,1407.1931411857026,47.46661985414243,74.33496201966996,2.126791640637578,12.601396980988966,55.23069041154249,0,2026-08-25 06:31:44
2024-01-02 13:57:00,CNC-03,H,297.70273788553897,312.528137814634,1446.1915277510993,52.17832295975193,186.33382977609088,2.459679971819222,13.990633325201252,55.243937127914855,0,2026-08-25 06:31:44
2024-01-02 01:07:25,CNC-03,H,298.67989964642425,312.2037024943622,2625.766946808397,22.795536027575682,121.18197671860143,3.19938598426231,11.166365312624523,52.926216017794474,0,2026-08-25 06:31:44
2024-01-02 23:13:00,CNC-02,M,299.5146347392044,310.7968114707822,2805.341309377197,12.227222316287161,5.272438371670814,3.2979816698008926,6.3699867505536565,53.73801895133102,0,2026-08-25 06:31:44
2024-01-02 16:51:00,CNC-02,M,303.7814413935403,311.79528088391226,1885.4656969956054,37.46686243724798,8.526830537728378,2.4122730061921245,13.159431162412977,38.4667700645236,0,2026-08-25 06:31:44
2024-01-02 21:13:00,CNC-01,L,299.2579969018099,310.630069909912,2629.612605294954,14.389862032772713,31.904618897352833,3.14261333776874,7.261031746890556,57.984743090236606,0,2026-08-25 06:31:44
2024-01-02 06:52:00,CNC-01,L,295.7270096895736,310.1127280633873,2094.6806809205787,34.131730336964495,97.09650457346791,2.7267981395096674,13.314515200190787,56.79231393771463,0,2026-08-25 06:31:44
2024-01-02 13:48:00,CNC-02,M,297.16180571385746,312.33209490251687,1559.6013245149722,48.95895352156047,242.1138187962424,3.4147108404251356,14.479991725574484,57.17099973475925,0,2026-08-25 06:31:44
2024-01-02 15:27:00,CNC-02,M,303.7557163327731,312.73452706133446,1678.0554976626383,44.00751875716225,142.43513188501746,25.025397736084432,13.745947280693763,48.26901321214403,0,2026-08-25 06:31:44
2024-01-02 11:23:00,CNC-02,M,296.6903676478608,310.67358170922716,1428.1563999428422,48.27858239728238,12.641153547609676,2.163772259103912,12.79349369422975,60.69636389322408,0,2026-08-25 06:31:44
2024-01-02 19:35:26,CNC-01,L,299.1987569385259,312.74564368600824,2273.3652114384986,25.99928147010546,143.65553507073255,3.1746099927063707,10.958340916986241,50.48639450426671,0,2026-08-25 06:31:44
2024-01-02 19:05:00,CNC-01,L,25.991299192719282,40.010661542040054,2124.5513690111147,32.58892156134381,106.6337568464099,2.872226179305006,12.845650652819002,58.04837603875414,0,2026-08-25 06:31:44
2024-01-02 09:40:00,CNC-01,L,295.9248263511691,310.045359586991,1500.8481615534504,46.690921807054266,112.42177449095219,2.277424568223019,13.353656445545806,53.3799326637706,0,2026-08-25 06:31:44
2024-01-02 04:00:00,CNC-02,M,297.23836596356296,310.6946399697512,2294.2192091270263,26.484292234611793,88.4329206321522,2.949551642331713,,54.211514028185775,0,2026-08-25 06:31:44
2024-01-02 16:12:00,CNC-01,L,298.48119439591454,312.9484397119766,1847.5068584759101,39.11141625885521,83.01363673495169,2.463769895560515,13.482946247448222,52.02805370965943,0,2026-08-25 06:31:44
2024-01-02 13:53:00,CNC-01,L,297.785893049958,311.7324026983537,1482.4905066851675,46.48811317858941,109.09759039478062,2.2175722613930358,12.902929502618488,59.82341071872205,0,2026-08-25 06:31:44
2024-01-02 10:51:00,CNC-02,M,296.455265411559,311.16461235071336,1451.3865920194678,47.84047023045234,168.63448058656942,2.4750552644980233,13.11155140050796,55.77638800280435,0,2026-08-25 06:31:44
2024-01-02 12:04:00,CNC-01,L,296.9271318127605,311.4935084732555,1379.7560936870132,53.900621130032825,147.22571888084514,2.35265183643653,13.686903469647252,55.64254809468767,0,2026-08-25 06:31:44
2024-01-02 03:47:00,CNC-02,M,297.0692191998974,309.91219361449856,2352.8095008236514,22.53949468631118,72.94557776968712,2.9729252337882826,9.87199981287797,55.025425894969935,0,2026-08-25 06:31:44
2024-01-02 07:44:00,CNC-03,H,22.76672400326231,38.299886311327214,1818.728126480611,46.646436826585195,136.579364809314,2.6460541024524042,15.959055837798086,57.71103564402183,0,2026-08-25 06:31:44
2024-01-02 13:24:00,CNC-01,L,297.3993151108665,311.47308412133174,1388.4513924568623,52.592232328593184,63.41922305216432,2.1226043598388866,13.74182931237277,54.43865100478901,0,2026-08-25 06:31:44
2024-01-02 16:09:00,CNC-03,H,298.1367290374587,313.3426912440205,1693.6943279241625,45.436361013375986,164.6107590060876,2.665849947568766,14.287691744528077,54.64122562647214,0,2026-08-25 06:31:44
2024-01-02 17:05:00,CNC-01,L,298.5536808520249,313.0613290647075,1838.66058831455,38.75534086658253,158.36687867699067,2.8054322514458976,13.306777612080056,51.94638084282234,0,2026-08-25 06:31:44
2024-01-02 09:18:00,CNC-02,M,296.20972232875846,310.27346836181516,1611.7524426443538,44.41722747677714,22.97060392417239,2.242609032523741,13.183410669175574,57.53262745010938,0,2026-08-25 06:31:44
2024-01-02 22:31:00,CNC-01,L,298.83345760841974,312.0105288396934,2624.3243073943754,21.41582979481164,117.87741816798665,3.306491066525017,10.685829919760966,54.01282489209373,0,2026-08-25 06:31:44
2024-01-02 02:42:00,CNC-03,H,303.1956916703663,310.8550480853519,2421.144333200567,23.977371330435428,224.30598807565116,3.6641970446859333,10.607172242285266,44.00967123266386,0,2026-08-25 06:31:44
2024-01-02 10:32:00,CNC-03,H,295.98121368853816,310.5305697171536,1394.8621879997083,52.707394530279586,121.68366207920843,2.0861285287079854,13.805470199086155,60.34408324566974,0,2026-08-25 06:31:44
2024-01-02 09:28:00,CNC-03,H,295.85323984385855,309.6153859462047,1408.7093296503997,49.336176863020604,21.668969135132276,2.076808049885913,13.074449508471245,57.320111501883176,0,2026-08-25 06:31:44
2024-01-02 23:41:00,CNC-02,M,299.313729294038,311.69691817730074,2609.174460245453,17.54831397340399,35.28121910559388,3.2062301144591197,8.283059685715786,52.46675782841318,0,2026-08-25 06:31:44
2024-01-02 08:20:00,CNC-03,H,295.728026205529,310.3917379481119,1630.1530560541516,44.465734887616925,189.64528086758415,2.7344350770469714,13.662283377906876,59.16233247260101,0,2026-08-25 06:31:44
2024-01-02 20:56:00,CNC-01,L,299.01792285278253,311.37045865669705,2615.7929581865433,18.640257993640265,12.497688533969841,3.1143274453028,9.2409742630217,50.20945595899924,0,2026-08-25 06:31:44
2024-01-02 22:25:00,CNC-02,M,299.51676829839954,312.00277212490187,2777.866585458113,14.381033146040908,177.48456741739233,3.7062902833750213,7.520147387597074,52.2845677310219,0,2026-08-25 06:31:44
2024-01-02 01:42:00,CNC-02,M,298.33047119825426,312.4781117002806,2594.2955356362504,25.062420509023127,154.65364651374907,3.384526238302524,12.17630834642048,55.00700568170508,0,2026-08-25 06:31:44
2024-01-02 02:45:00,CNC-02,M,297.80510493401727,309.18555881783504,2645.6519376066735,14.889839866120953,1.1053953126183238,3.153349846996182,7.525858624536445,53.02874988274981,0,2026-08-25 06:31:44
2024-01-02 03:05:00,CNC-01,L,297.3003114115967,309.1950684123991,2550.1769502358734,16.33642461817426,36.1426960617068,3.210222071042385,7.919698209073761,55.6049677316772,0,2026-08-25 06:31:44
2024-01-02 11:53:00,CNC-03,H,296.76779683449735,312.1695376151498,1420.6443559457057,56.64234850764796,249.77422677317514,3.0850695469315195,14.882408106375028,57.88820558612191,1,2026-08-25 06:31:44
2024-01-02 06:15:00,CNC-02,M,295.82270201657394,309.3547047976285,2222.1187402863548,29.35280507297686,18.648550845957757,2.855056379999519,12.585269250859145,58.12883543317595,0,2026-08-25 06:31:44
2024-01-02 06:08:00,CNC-01,L,295.74289835848356,309.70152663727447,2042.967478010346,35.69630826461832,37.14256042125885,2.6319198408569555,13.805575840517378,59.70877650535955,0,2026-08-25 06:31:44
2024-01-02 04:47:00,CNC-02,M,296.7112953353324,310.9936706686456,2157.101873882835,31.132815600619548,146.35412740317383,2.9665712417081918,12.339417438390742,57.311775615788875,0,2026-08-25 06:31:44
2024-01-02 18:21:00,CNC-02,M,26.002594308264577,40.986738572145384,2093.006321626843,35.25126579065248,130.64564000562774,29.141099814973355,14.00798780153084,53.07327840610535,0,2026-08-25 06:31:44
2024-01-02 06:40:00,CNC-03,H,296.0561567362904,309.5561558315311,1890.7722831005144,,45.875813021977685,2.4945199246768355,12.030521193604129,59.55708498282617,0,2026-08-25 06:31:44
2024-01-02 19:41:00,CNC-03,H,299.38905644722905,313.07298453980616,2214.4628839999723,26.562687212921738,175.74754617131182,30.5123267889648,11.086927197118891,51.2720111950196,0,2026-08-25 06:31:44
2024-01-02 16:00:00,CNC-01,L,298.58275042889846,312.7694529551303,1800.0815102734523,40.219429854489654,65.56450999550373,2.481252603110379,,52.92353042886087,0,2026-08-25 06:31:44
2024-01-02 03:15:00,CNC-03,H,297.49491712089497,308.3777814312854,2681.2323731138526,12.490275269851903,7.842231613468391,3.1995910077951732,6.145557122968835,57.452792355106624,0,2026-08-25 06:31:44
2024-01-02 13:06:00,CNC-03,H,297.12834063760715,311.8835267426814,1391.9003335662667,54.23199781318431,106.25595389586172,2.221696286108882,14.108503106947753,58.0424743575987,0,2026-08-25 06:31:44
2024-01-02 20:17:00,CNC-01,L,299.0105402487067,312.61714056477956,2547.086289504935,23.43066619709666,194.15748785825605,3.8061507152297307,11.091543272707572,1782.8774387485914,0,2026-08-25 06:31:44
2024-01-02 05:04:00,CNC-03,H,297.40141331412093,312.08783770653747,2196.442333536534,34.01682082332685,139.5603248219282,2.9147844298060925,13.982838573312653,54.5781909248249,0,2026-08-25 06:31:44
2024-01-02 20:59:00,CNC-02,M,299.4941685663312,313.51981806272084,2469.424332491898,25.83282794485747,81.8107086882473,3.043632126861418,11.953163325436114,51.2950404070291,0,2026-08-25 06:31:44
2024-01-02 04:22:00,CNC-02,M,296.85911070157687,310.26077621844917,2510.087275263153,23.31650069301499,115.12458814625593,3.1312025307555262,10.789137123193836,55.53745748254679,0,2026-08-25 06:31:44
2024-01-02 07:22:00,CNC-02,M,22.930870217669735,38.020157773636015,1835.2353265319134,43.303987408025634,111.39882118672801,2.522818542427627,14.979056933511359,59.34291336648877,0,2026-08-25 06:31:44
2024-01-02 14:58:00,CNC-03,H,297.95442109266094,312.00295196426407,1403.050508674115,49.774224973655485,58.69356275482275,2.0621507777807166,0.0,50.9430290075454,0,2026-08-25 06:31:44
2024-01-02 12:55:00,CNC-02,M,296.954488089526,311.6388019784512,1497.177653883134,48.26514177497104,158.627848140177,2.4471650451580045,13.645841811593744,55.75541892531565,0,2026-08-25 06:31:44
2024-01-02 17:50:00,CNC-03,H,299.1414755599831,313.3816857123481,1951.8682573768886,37.04333563182784,33.744185899343925,2.624816453074496,13.341490590021635,50.978073596941925,0,2026-08-25 06:31:44
2024-01-02 22:27:00,CNC-02,M,299.25031511307384,312.321796488171,2606.6727636438522,18.49502974124604,179.6660695538776,3.5006178324190507,8.84314627691343,54.58404444110841,0,2026-08-25 06:31:44
2024-01-02 03:17:00,CNC-03,H,297.5159567528315,310.0720806691065,2431.6087032714386,22.162587190390326,10.205748759779116,28.561838487943774,10.027906944152083,54.39742722434232,0,2026-08-25 06:31:44
2024-01-02 12:13:00,CNC-01,L,296.9489790398168,311.73235615791685,1433.8209544383517,52.66637873384735,161.53133346821758,2.475846199401891,14.160437275049876,54.714076765434115,0,2026-08-25 06:31:44
2024-01-02 00:07:00,CNC-01,L,298.8469197657638,311.0286308526867,2733.568454973635,17.77970516345299,40.47430360385034,3.350259129242106,9.008703573863247,51.56042055160141,0,2026-08-25 06:31:44
2024-01-02 02:14:00,CNC-03,H,303.54730086820183,310.83300395678623,2518.449057848771,21.534620902422436,192.97415245380876,3.5007933124912927,10.147315233528676,44.059134811954806,0,2026-08-25 06:31:44
2024-01-02 07:52:00,CNC-02,M,22.837689414914166,37.563345292193844,1862.5193178815773,38.99557661877557,154.297810193286,2.6938738298727154,13.585928023121026,55.84815722399267,0,2026-08-25 06:31:44
2024-01-02 11:11:00,CNC-02,M,296.6514766864076,311.10027772585283,1319.8072310645125,51.0139259826622,200.27526187739804,2.5446867632512595,12.402203278689814,55.130736921155844,0,2026-08-25 06:31:44
2024-01-02 19:34:00,CNC-03,H,299.30742517106296,313.20540355853007,2381.0535908874895,26.413900694788957,167.1934056102702,3.2381014707906735,11.737844669305831,52.40558384142396,0,2026-08-25 06:31:44
2024-01-02 07:29:00,CNC-01,L,22.75810818536644,37.80756139554694,1765.0080664835482,43.338014628533955,149.08875304109662,2.66424370411938,14.209258714729334,60.99143268224187,0,2026-08-25 06:31:44
2024-01-02 18:39:00,CNC-02,M,25.885278752027716,41.019206156457585,2263.668241208848,34.13122414203987,153.92370744320598,3.0602558715992774,14.44031516769673,56.24900566402811,0,2026-08-25 06:31:44
2024-01-02 21:56:00,CNC-01,L,298.98090129390533,311.55584130800065,2513.879294784287,19.625075168260082,79.46920840757204,3.111005501790745,9.210968102428685,53.96498927991279,0,2026-08-25 06:31:44
2024-01-02 15:36:00,CNC-03,H,298.0570448459172,312.67307717425325,1634.4105426965787,45.85109037164219,116.00060259998145,2.4098597018115377,13.83609881095316,53.126169482356616,0,2026-08-25 06:31:44
2024-01-02 01:06:00,CNC-02,M,298.412925802566,311.56307166749946,2749.5254757555335,20.04338153044224,115.86612340163951,3.4080038300039788,10.397860799911763,58.544532158372334,0,2026-08-25 06:31:44
2024-01-02 13:02:00,CNC-02,M,297.01211236146867,311.9225137861389,1425.3404549264321,53.618652827632694,169.7277968585925,2.448139127619748,14.209826026776163,52.14457966143996,0,2026-08-25 06:31:44
2024-01-02 05:17:00,CNC-03,H,297.35067958946735,312.0103984382371,2056.1705386162607,35.877691497253764,156.29744914781864,2.859037895140886,,59.721171170617765,0,2026-08-25 06:31:44
2024-01-02 00:41:00,CNC-03,H,298.9089422854508,311.82097559359113,2613.6732365895277,20.63431648666337,92.27506780111561,3.0934490572663504,10.037000050093884,53.09886818859412,0,2026-08-25 06:31:44
2024-01-02 23:05:00,CNC-01,L,298.62108700411704,310.7241922565141,2724.835335946858,14.972687136176068,154.4524616914544,3.685404698146006,7.8302554133530045,53.6840575633998,0,2026-08-25 06:31:44
2024-01-02 02:44:00,CNC-02,M,297.6914148605012,309.9216363709704,2503.849723088294,20.60386007327167,0.0,2.9095220926742877,9.703586732327187,53.350224481297346,0,2026-08-25 06:31:44
2024-01-02 09:29:00,CNC-02,M,296.1117162931918,310.3153905399956,1377.630739472017,53.97932339440018,39.91861534972489,2.050005714727318,13.86912708325499,61.49906816537287,0,2026-08-25 06:31:44
2024-01-02 20:50:28,CNC-03,H,299.41677068589667,314.4124316786892,2407.6317958473405,28.671412966076268,256.3462234636473,3.919939002879331,12.937393417934642,56.41816812302981,0,2026-08-25 06:31:44
2024-01-02 04:54:00,CNC-01,L,296.50678958368127,309.8219976483028,2293.1136108936807,24.628966284365287,166.240578492561,3.33003058352625,10.922749400439377,61.463677451211474,0,2026-08-25 06:31:44
2024-01-02 21:08:00,CNC-03,H,299.73863306955417,312.07694239044554,2512.0770087085884,20.110419561615068,11.340482264711477,3.164608665891352,9.645310574685832,56.63344970341197,0,2026-08-25 06:31:44
2024-01-02 15:04:00,CNC-02,M,297.19110971992797,311.8654381320076,1510.7526046310459,49.7819693090381,107.99105895614342,2.209874656923517,14.29929208804951,53.76109250607875,0,2026-08-25 06:31:44
2024-01-02 01:44:00,CNC-02,M,298.4560999699789,310.6286760296499,2665.7538317574804,15.648390105815825,156.84509949841592,3.563975819267015,7.7170207128205055,51.760577121372805,0,2026-08-25 06:31:44
2024-01-02 03:02:00,CNC-01,L,297.5261229485572,310.4158666590019,2445.445869141565,23.64818059211697,32.78602841211188,3.054175697232724,10.894086681119578,56.68946849496998,0,2026-08-25 06:31:44
2024-01-02 03:27:00,CNC-01,L,296.8605328205057,310.15259967314034,2403.3438359749616,25.011811707862446,61.63262419174327,2.894141400403706,11.35516671811022,56.9606456439965,0,2026-08-25 06:31:44
2024-01-02 16:49:00,CNC-02,M,303.98438210337264,311.97495951225284,1687.4826053517077,40.55082593285615,5.649506934491663,2.288945383191891,12.934745028818392,51.35988770283551,0,2026-08-25 06:31:44
2024-01-02 06:27:00,CNC-01,L,295.9992629183287,309.4844369592288,1886.6565197939524,35.23378035217423,62.93240560825629,2.5793230502585254,12.313418882104509,58.00817297626937,0,2026-08-25 06:31:44
2024-01-02 15:37:00,CNC-01,L,298.450639245534,312.3750962744861,1690.5369785285147,41.21254252898647,31.59820075776031,2.2914153222869005,12.889059101628238,52.62858643923265,0,2026-08-25 06:31:44
2024-01-02 01:59:00,CNC-03,H,303.73661940935284,311.0026670505202,2509.4044336714887,21.108144906430137,176.434675167374,3.4300397204401705,9.963098835232579,46.80813084088675,0,2026-08-25 06:31:44
2024-01-02 08:13:00,CNC-01,L,301.54710080310866,310.6435717617438,1654.0742858392207,47.12148237898188,213.07556324469166,3.287682294452586,14.413974920911274,47.982640462389234,0,2026-08-25 06:31:44
2024-01-02 06:31:00,CNC-01,L,296.2461498951488,309.7344743171126,1835.5504389053856,33.510280335315436,68.31874046234381,2.5674429699712706,11.67605472675969,60.62668336207309,0,2026-08-25 06:31:44
2024-01-02 04:31:00,CNC-03,H,297.2476802960503,310.3571182267894,2205.1551352941824,27.045473313262864,98.18830914244067,27.486313224247432,11.068699742175944,55.333900316428895,0,2026-08-25 06:31:44
2024-01-02 22:12:00,CNC-02,M,299.29018641524254,313.6011092337502,2755.074698842014,23.15751092974788,163.30247807237356,3.5544302753702928,11.849622271933514,49.37823201538268,0,2026-08-25 06:31:44
2024-01-02 15:59:00,CNC-01,L,298.2907463534846,313.1380418028342,1780.0274478026774,44.080283454021945,64.09941937273011,2.4395932506499673,14.70523340343463,54.91682409804387,0,2026-08-25 06:31:44
2024-01-02 00:52:00,CNC-02,M,298.535426129173,309.99099144737426,2664.842632024465,13.386616393636341,100.67582784144197,3.362765896828088,6.562089261385299,54.09229985101144,0,2026-08-25 06:31:44
2024-01-02 22:14:00,CNC-03,H,299.04686463661477,311.0137092540944,2854.1420731966014,14.319618371452592,84.19592689767077,3.3627000386089367,7.714898759458075,53.67584609273576,0,2026-08-25 06:31:44
2024-01-02 16:29:00,CNC-03,H,298.5216243948223,313.97624496589367,1826.9014884116577,44.982602367466576,193.5204430984669,2.900847956425984,15.559939955179887,55.130564393514575,0,2026-08-25 06:31:44
2024-01-02 15:22:00,CNC-01,L,298.193562232613,312.0987748572564,1661.9403404135564,42.94734490201459,8.972176545951914,2.3073020219531477,13.226964300094272,57.60522397054475,0,2026-08-25 06:31:44
2024-01-02 08:54:00,CNC-01,L,296.25403682477486,310.358446556158,1670.251384411408,44.23515289149308,42.059705523997486,2.390567160289917,13.570631817983351,57.979693165219935,0,2026-08-25 06:31:44
2024-01-02 16:39:00,CNC-01,L,298.518046933117,313.2752749353596,1871.9658948085944,40.1562098593595,122.03135143705329,2.724237907031683,14.278718833223207,53.06338589045749,0,2026-08-25 06:31:44
2024-01-02 03:40:00,CNC-02,M,,309.4257218478101,2408.0755495187323,17.431795131574415,64.64320713325499,2.9693546174723155,7.79347529420511,58.601092571085175,0,2026-08-25 06:31:44
2024-01-02 03:30:00,CNC-03,H,297.36580468521794,309.8581488025934,2591.2153590398366,20.059075618012724,25.42448297413925,3.1562085414217735,9.5574761783621,60.07002263369391,0,2026-08-25 06:31:44
2024-01-02 00:26:00,CNC-02,M,298.82256977522184,310.7091217259628,2587.938892810661,16.565310072969005,73.02281035038796,3.0718818477750243,7.852412777433377,53.22244315546884,0,2026-08-25 06:31:44
2024-01-02 04:47:00,CNC-01,L,296.14396533534205,309.7790105057542,2228.9598125833886,28.07066147010841,157.4850859269754,30.025432915605347,11.591372141320056,54.70087898510415,0,2026-08-25 06:31:44
2024-01-02 18:58:00,CNC-02,M,25.74340061693249,40.16155855725981,2151.717919162989,31.793469133055343,178.1185749626329,3.263716669749677,13.009480240971387,54.50713622076975,0,2026-08-25 06:31:44
2024-01-02 14:07:00,CNC-02,M,296.9965105015132,311.5855925281463,1614.205159134492,46.93178601953459,20.18368437979579,2.246455144558057,14.20950919182903,58.81447802442708,0,2026-08-25 06:31:44
2024-01-02 00:40:00,CNC-03,H,298.78180105718786,310.63939652996595,2729.2745542668004,14.7301283458825,91.18270606008836,3.2605329121626925,7.724487202196621,47.85204279191122,0,2026-08-25 06:31:44
2024-01-02 23:47:00,CNC-02,M,299.1438204383428,310.4705560259217,2771.79034028736,10.961582975356322,41.612482973195974,3.364855706845568,5.791608873637878,55.18022320944198,1,2026-08-25 06:31:44
2024-01-02 01:38:00,CNC-01,L,298.40117787646375,310.58313008637185,2690.4536193417703,14.971931023469912,137.83948174727783,3.362705830477668,7.777078570376204,55.85469555334154,0,2026-08-25 06:31:44
2024-01-02 06:30:00,CNC-01,L,296.09895182007256,310.4123938610379,1985.7623061215058,36.65008196597234,66.93444693395641,2.6190823606269924,13.614715727206395,57.72789515383857,0,2026-08-25 06:31:44
2024-01-02 05:27:00,CNC-02,M,296.1667453136932,310.9264038633297,2049.9440167129083,35.02038122447375,197.34350225073095,3.284216280031398,13.662890784260334,62.871391103415654,0,2026-08-25 06:31:44
2024-01-02 03:09:00,CNC-01,L,297.27389429661616,310.19364895282575,2605.847686612506,21.2457928779166,40.68969298962651,3.1309273089185554,10.136558556271313,57.5594051698658,0,2026-08-25 06:31:44
2024-01-02 04:01:00,CNC-03,H,297.2153843557806,310.80910476548974,2430.7867549452935,26.602974364238907,61.90162712472288,3.0111602429288156,12.184307731746173,56.929382172512,0,2026-08-25 06:31:44
2024-01-02 07:42:00,CNC-02,M,23.167933501592756,38.36532367537973,1728.3249097295536,47.05999532918749,139.80399493499107,2.4484916578438907,15.251180879498063,55.9776322294624,0,2026-08-25 06:31:44
2024-01-02 18:20:00,CNC-02,M,25.9292112125662,40.73540714696583,2169.9421881947596,33.82670403960878,129.34319744206903,2.993233287936522,13.850140569977446,49.37578726976148,0,2026-08-25 06:31:44
2024-01-02 23:15:00,CNC-01,L,298.6570955319895,311.1257632984437,2741.391870203794,16.385515087183933,165.06499001586775,3.7388531743979647,8.497913765197122,54.50093226473826,0,2026-08-25 06:31:44
2024-01-02 15:05:00,CNC-01,L,298.0267763980583,312.96192256197446,1549.344619177078,48.599129816415726,220.14861464574855,3.1700793264246334,13.956991872775209,59.08720733807663,0,2026-08-25 06:31:44
2024-01-02 06:55:00,CNC-02,M,296.31598362321125,311.1058991220404,1826.4381463357647,42.91829580267168,73.23743752946937,2.464087397472869,14.791342968031856,57.33442271991167,0,2026-08-25 06:31:44
2024-01-02 12:31:00,CNC-01,L,297.21313543566754,311.05152285652224,1302.3579920352258,0.0,190.12072077274044,25.33708467470181,11.978620145334254,55.28922126661815,0,2026-08-25 06:31:44
2024-01-02 04:24:39,CNC-01,L,296.2868226654749,309.7119380202086,2297.8577403227764,26.414629117471378,130.53196470776356,3.0626562388986125,11.329707861136681,58.40899697630585,0,2026-08-25 06:31:44
2024-01-02 09:32:00,CNC-02,M,296.1684563032907,310.17106691852456,1348.9801029835085,50.94015562000408,44.60225486155544,1.861842908685997,13.058639039136978,57.06557097861482,0,2026-08-25 06:31:44
2024-01-02 04:42:00,CNC-03,H,297.20995930397964,311.0410435000364,2211.908118191647,28.86086535013505,111.81862602061257,2.933549553827073,11.983422470223413,58.46448450221227,0,2026-08-25 06:31:44
2024-01-02 07:01:00,CNC-03,H,22.82135671293281,36.54684931074172,1686.8407968009158,38.9210146135549,75.15826913154486,2.3361502885489145,12.07404848529295,62.28829670509787,0,2026-08-25 06:31:44
2024-01-02 05:14:00,CNC-01,L,296.32962448048494,311.2947018825942,2026.4131273417777,37.164501337184,191.44171224785535,3.228966074302473,14.191308482750996,57.030247969452944,0,2026-08-25 06:31:44
2024-01-02 01:04:00,CNC-02,M,298.5390701915828,310.5519245495145,2761.0165225573264,14.885748940694263,113.70794619467102,3.5000743777913916,7.541517853553239,50.658427016572205,0,2026-08-25 06:31:44
2024-01-02 06:25:00,CNC-03,H,296.4108483083898,310.49373697429894,1902.6443462887084,38.26314143024601,25.472199497572255,2.4519569715923524,13.553160226665334,56.25906706168683,0,2026-08-25 06:31:44
2024-01-02 00:46:00,CNC-03,H,298.98360966071124,311.0383869886627,2710.123300768948,15.50494126456358,97.56259032920109,3.337196088351052,7.757649211736156,52.983177679724086,0,2026-08-25 06:31:44
2024-01-02 10:27:00,CNC-03,H,296.123175093258,310.22216975365757,1315.6840150436149,52.853542262909386,113.78302766745455,1.971797757028333,13.021331738496064,56.622146960897375,0,2026-08-25 06:31:44
2024-01-02 01:17:00,CNC-01,L,298.5274054063417,310.63762529203575,2688.8226677092252,16.301068764816915,115.16548959246312,3.4111533748094502,8.113547740795543,54.93446933428341,0,2026-08-25 06:31:44
2024-01-02 00:35:00,CNC-02,M,298.8057267248975,311.186390295957,2707.4739318189695,18.225775968790472,,3.267025622644531,9.153560675489556,50.677221992747214,0,2026-08-25 06:31:44
2024-01-02 12:43:00,CNC-02,M,296.81881417239623,311.3147153204102,1301.4194362937467,51.80865715871159,139.67377185459267,2.128045568810167,12.436780377898728,59.57482930317976,0,2026-08-25 06:31:44
2024-01-02 17:06:00,CNC-01,L,298.37476590388405,312.96350572681973,2006.7964904414864,37.06457947038699,159.70266824397476,3.0511140393973166,13.743718569237213,50.996285545374256,0,2026-08-25 06:31:44
2024-01-02 14:23:00,CNC-01,L,297.26977904545714,311.7955506363848,1492.8461332876611,47.13468147097661,155.829259216359,2.511250352993257,13.286390808514694,55.22789599275397,0,2026-08-25 06:31:44
2024-01-02 08:12:00,CNC-02,M,296.1084774132459,311.1366251552369,1725.6057056961056,41.96645017292222,183.66070185244968,27.2348215663776,13.638107848245111,57.12456601654421,0,2026-08-25 06:31:44
2024-01-02 11:53:00,CNC-02,M,296.67268950096354,310.91057038584324,1400.6500190328165,50.8490397989712,60.347194092599295,2.0318368390059534,13.138604625182111,59.49830435438312,0,2026-08-25 06:31:44
2024-01-02 15:06:00,CNC-03,H,297.7670482069443,312.394775453295,1524.64569875455,50.01875120924576,70.91756675339262,2.1314578629669816,14.434487437009661,56.18330509087956,0,2026-08-25 06:31:44
2024-01-02 01:07:00,CNC-03,H,298.6308243128748,310.26090677981495,2608.7453734495725,14.55222483824196,120.06156884708263,3.3171634902787592,7.0512140521216775,56.79331967105905,0,2026-08-25 06:31:44
2024-01-02 21:01:00,CNC-03,H,299.3895727377289,,2476.8118524684546,20.06279084309108,3.419942865485164,3.003006124175247,9.266944964314307,49.6550813984545,0,2026-08-25 06:31:44
2024-01-02 00:19:00,CNC-02,M,8691.446486952018,311.3822563179141,2748.7227904944816,18.127700414524796,65.53031648888012,3.4249478381295413,9.03972192957188,56.13684363521573,0,2026-08-25 06:31:44
2024-01-02 08:37:00,CNC-02,M,296.2610382707165,311.03370932484137,1748.9000024740155,40.728247066713124,220.42931655150488,3.324133003991951,13.485573911988768,62.20927591314105,0,2026-08-25 06:31:44
2024-01-02 12:23:00,CNC-03,H,296.9577928594089,310.7466890109716,1341.0126831230848,51.943744153703584,38.08131112353548,2.031177441627735,13.322324763340978,56.380073063979374,0,2026-08-25 06:31:44
2024-01-02 06:44:00,CNC-03,H,295.9139163940361,309.55117824566344,1941.1110166303167,33.74106814159149,51.38552486572297,2.632447954272291,12.20516731600409,57.255812585151595,0,2026-08-25 06:31:44
2024-01-02 23:29:00,CNC-02,M,299.27256253662443,310.40986456174886,2741.4275585044124,10.659880753488185,22.662387706355297,3.168603558677863,5.416520716677968,55.131649407763206,1,2026-08-25 06:31:44
2024-01-02 02:28:00,CNC-01,L,297.97610569153335,310.8683955398626,2624.834837378344,19.047760216701626,192.90655153896935,3.8392846972227486,9.434344344431086,52.88635608483268,0,2026-08-25 06:31:44
2024-01-02 05:59:00,CNC-02,M,296.0187440653575,311.35396160558594,2047.176858425891,37.59676470497459,239.09180160047947,3.6203388632235267,14.62497167801744,58.908004327251916,0,2026-08-25 06:31:44
2024-01-02 04:32:00,CNC-03,H,297.13467368873216,310.0837555555011,2353.7659786664285,24.22762463934638,99.3901351949701,3.113416875783682,10.59057041752426,53.68971778033367,0,2026-08-25 06:31:44
2024-01-02 12:33:00,CNC-03,H,297.0517519440419,311.61048020400216,1463.8220633235724,51.23465968579636,53.96308726388769,2.161686961992143,14.007033074424488,57.84864464149146,0,2026-08-25 06:31:44
2024-01-02 15:28:00,CNC-02,M,303.1814203225528,312.2636344123283,1693.296569727262,44.21134904216329,143.93222994033857,2.5244558440477247,14.131779173911347,44.5663415731186,0,2026-08-25 06:31:44
2024-01-02 00:41:00,CNC-02,M,298.5915306889343,311.1405692360465,2630.9323983359977,18.16497353360446,88.90048851353899,41.485052134105395,8.784470259899592,56.373090539234404,0,2026-08-25 06:31:44
2024-01-02 23:12:00,CNC-01,L,298.6887775941666,311.9068390608273,2697.6074329215235,21.063240525636214,161.9218446214821,3.6707382750861233,10.503737448301878,52.256489587658535,0,2026-08-25 06:31:44
2024-01-02 06:25:00,CNC-01,L,295.8219050037981,309.7225168721709,1805.7968153036861,37.434749260909825,60.20700424093901,2.3722335926667206,12.804352204853323,59.73419784859762,0,2026-08-25 06:31:44
2024-01-02 19:48:00,CNC-01,L,298.85155309200996,313.22366690202745,2278.9372289808935,30.804236088124448,159.552547513712,3.2191373581058698,13.125007684148743,53.95780269990288,0,2026-08-25 06:31:44
2024-01-02 07:19:00,CNC-03,H,22.832048675282522,36.88749544572255,1815.9520866324162,37.323158565171035,100.67779510159407,2.526761508356575,12.725103708572822,55.172310581969775,0,2026-08-25 06:31:44
2024-01-02 08:06:00,CNC-02,M,295.90216462826317,311.0235173410304,1536.2836967071141,51.25836203324832,174.7104605648803,2.661609026530393,14.796129529503032,58.92644176343245,0,2026-08-25 06:31:44
2024-01-02 21:45:00,CNC-03,H,299.2011204144003,311.2889188131081,2761.645714576355,16.124684290853054,52.60317363396976,3.2215156433392425,8.440790408446198,53.885714226031595,0,2026-08-25 06:31:44
2024-01-02 16:40:00,CNC-03,H,298.61402599793894,313.4722888706539,1886.402981268427,41.54481963513954,209.33613423719729,3.0860892326121374,14.393083322018565,49.535354802705385,0,2026-08-25 06:31:44
2024-01-02 06:48:00,CNC-01,L,296.1187514908942,310.1154653547754,1888.2499933388349,37.43792292965613,91.60386861370931,2.580901762912568,13.290443776856067,55.44231093543376,0,2026-08-25 06:31:44
2024-01-02 18:31:01,CNC-02,M,25.637529333108944,39.94824694026278,2132.7014127103034,30.68888140716957,144.98000435211625,2.9673624715108535,12.290989208227366,53.72353353907473,0,2026-08-25 06:31:44
2024-01-02 21:50:00,CNC-02,M,299.39616632314,313.3636390069264,2515.272967637863,24.06377680497715,138.97896947533502,3.299618931822032,11.19478867218308,56.22791376733416,0,2026-08-25 06:31:44
2024-01-02 22:59:00,CNC-01,L,298.71660909843126,310.6486070264325,2613.6634884059877,15.007996208095836,148.0227454550278,3.444143068827508,7.38755843388904,0.0,0,2026-08-25 06:31:44
2024-01-02 03:49:00,CNC-03,H,297.7518743564307,310.80560119508334,2372.3936914176825,24.059857633605436,47.70263716679594,3.004456495561549,10.813816434242927,56.5707816159724,0,2026-08-25 06:31:44
2024-01-02 14:18:00,CNC-03,H,297.42933726914333,312.76515163138686,1576.8881032961804,50.20811064012322,219.16459584904882,2.907727907166899,14.925379576474544,54.136095253789044,0,2026-08-25 06:31:44
2024-01-02 06:03:00,CNC-01,L,295.792900538777,309.0864069098407,2111.3381651475806,28.707438316025264,276.7286269299025,2.7054344797344334,11.365623047027235,55.98278957538407,0,2026-08-25 06:31:44
2024-01-02 18:36:00,CNC-02,M,25.95423550374187,40.46784471630815,2213.1447651526523,31.078155964753076,150.11059485886466,3.0498294585853163,13.009894493627147,52.160247621094875,0,2026-08-25 06:31:44
2024-01-02 01:25:00,CNC-01,L,298.0920048102347,311.27792100730056,2681.397010268873,20.65452651213322,123.79686139347848,3.4036940690029667,10.389277158583598,52.91630942176029,0,2026-08-25 06:31:44
2024-01-02 11:52:00,CNC-01,L,296.898620220202,311.27635000336403,1336.9313312483723,54.613420495824734,128.23928709352214,2.25122458825814,13.580536128947106,57.45148867232929,0,2026-08-25 06:31:44
2024-01-02 17:02:00,CNC-02,M,298.39677063443486,312.10634593115697,1828.9202900934515,35.69384666290352,23.87581512917906,2.414707820175191,12.321152817465563,55.6102235372992,0,2026-08-25 06:31:44
2024-01-02 19:27:00,CNC-02,M,298.8162689722551,313.0047052528167,2267.601801289416,27.62374652550931,214.20285240294993,3.6492958336447594,11.609988849137036,49.85603931092631,0,2026-08-25 06:31:44
2024-01-02 18:28:00,CNC-02,M,25.534729591718644,40.930698645745565,2071.7802464520723,39.69746279380671,139.84218674609428,2.8706680785274328,15.461887586693173,50.71386796127443,0,2026-08-25 06:31:44
2024-01-02 20:51:00,CNC-03,H,299.24539538526153,313.2315885983983,2627.12757369838,22.54783123398226,258.57868848005046,4.423092651356336,10.911098398320393,51.37153126662224,0,2026-08-25 06:31:44
2024-01-02 21:13:00,CNC-03,H,299.38224294610353,311.9855369417033,2438.134943297573,22.45737207211692,17.078014911019608,3.0283740267150154,10.298205164464367,51.38246569000256,0,2026-08-25 06:31:44
2024-01-02 16:10:00,CNC-02,M,303.88505739207153,312.78094281905317,1766.4887416004415,39.714628733427624,205.6097232002625,3.1338742308370344,13.135478072590155,44.67648257520421,0,2026-08-25 06:31:44
2024-01-02 12:58:29,CNC-02,M,296.97502196869084,311.9652448333887,1408.7918317267213,55.13527424903859,164.96456182462308,2.4722298516193213,14.600095341097424,56.45771125955906,0,2026-08-25 06:31:44
2024-01-02 15:25:00,CNC-02,M,303.0697666375106,312.0738498391226,1605.3545675117714,46.69404121844839,139.39749117982893,2.5320006628915515,13.78732177981645,49.298350181140655,0,2026-08-25 06:31:44
2024-01-02 18:38:00,CNC-01,L,25.715402628273864,39.38035202774222,2124.2103341918355,31.41008546226845,72.51829000597546,2.667973383758084,12.58306541838787,50.37228197750813,0,2026-08-25 06:31:44
2024-01-02 11:05:00,CNC-02,M,296.31958072380405,311.3239097882476,1361.7432079329765,55.22859418665359,190.70479303754172,2.5684785405846857,13.725654632676592,57.48306446826903,0,2026-08-25 06:31:44
2024-01-02 16:21:00,CNC-03,H,298.19421587462904,312.7239592350214,1793.4251406223443,38.76912464457704,181.91663084280486,2.8234708938842537,13.074521024226808,51.679205434109164,0,2026-08-25 06:31:44
2024-01-02 23:06:48,CNC-01,L,298.38235600346655,310.1379362603884,2806.571200228162,13.009744107111228,156.5526111572355,3.731199645321751,6.6757309097028905,54.79528759417049,0,2026-08-25 06:31:44
2024-01-02 02:20:00,CNC-03,H,303.3373642852862,310.4229098688769,,20.39736573072478,199.69109719723548,3.486690654775568,9.532350585047055,42.97154973106608,0,2026-08-25 06:31:44
2024-01-02 20:47:00,CNC-03,H,299.4498712663968,313.3911034759269,2529.563212216603,23.199585511156904,254.01219862916184,4.0564606208040805,10.746200615026714,57.18316750040344,0,2026-08-25 06:31:44
2024-01-02 22:50:00,CNC-01,L,298.75550686247885,310.9918481212388,2751.210605142626,15.719836784631726,138.53359409423228,3.671809996643766,8.026667957057203,54.529275009099955,0,2026-08-25 06:31:44
2024-01-02 00:54:24,CNC-01,L,298.5607977797116,310.37500846888963,2732.3211626209686,15.240052784392354,90.4773381577712,3.295737346642309,7.859368953269662,53.411439689947734,0,2026-08-25 06:31:44
2024-01-02 09:30:00,CNC-03,H,296.1842095477263,309.8169406922133,1473.8982501487378,46.72767492662255,24.720880607325867,2.1557639931920307,12.708782411980122,55.81734702204925,0,2026-08-25 06:31:44
2024-01-02 04:52:00,CNC-01,L,296.25805578080286,310.4716847312021,2298.7864422903017,29.342027726702234,163.7117009624191,3.3074423707982903,12.498303581554767,61.783968165366126,0,2026-08-25 06:31:44
2024-01-02 22:21:00,CNC-03,H,299.1678799726864,311.64829180911073,2720.7114750491505,18.04759248542102,91.72834702914956,3.3066988716377432,9.32923939162311,53.40572212016123,0,2026-08-25 06:31:44
2024-01-02 12:27:00,CNC-01,L,297.2602445877976,311.8725103104452,1470.6261874662782,48.62518973548276,183.82776933871236,2.6814520300012785,13.584442219740849,58.51177175721144,0,2026-08-25 06:31:44
2024-01-02 10:58:00,CNC-02,M,296.22808220855023,311.5677568913103,1518.6867455031859,50.835202299056604,179.5985581358002,2.5510319189425643,14.388379396936939,56.50676365568976,0,2026-08-25 06:31:44
2024-01-02 12:40:00,CNC-01,L,297.5948692702469,312.2846036310151,1384.0519538288527,50.61009315157671,204.48901985288356,2.9844962549816834,13.043431980660404,59.13505905719726,0,2026-08-25 06:31:44
2024-01-02 06:49:00,CNC-02,M,295.78594361363184,310.0238364764911,2028.1176303780035,36.34686602429901,64.74793917825497,2.677017868888494,13.758128227165239,60.246706104466035,0,2026-08-25 06:31:44
2024-01-02 00:10:00,CNC-01,L,298.8770681453651,310.18769601101803,2825.9090838055185,12.630781942931188,43.66319043275812,3.328662760459147,6.586938559933443,57.35808073839332,0,2026-08-25 06:31:44
2024-01-02 16:59:00,CNC-01,L,298.7346444571469,313.34916612212265,1975.1364285351415,36.1777150532986,150.01903331991778,2.985237435254396,13.310974303283055,53.91492773594474,0,2026-08-25 06:31:44
2024-01-02 01:59:00,CNC-02,M,298.1521280137736,310.83187677677216,2659.3023547976422,17.79432102640988,173.1833658224219,3.5912579647008074,8.69819231013279,52.332603444508024,0,2026-08-25 06:31:44
2024-01-02 03:14:00,CNC-02,M,297.5152041625874,310.0378015452931,2441.6915179665502,21.448846969227617,34.13529769806658,3.002758311712566,9.829220333598316,51.435916410284115,0,2026-08-25 06:31:44
2024-01-02 06:41:00,CNC-01,L,295.7654297089536,309.4432697342668,1904.6003764104664,35.59460170935,82.05985981359848,2.663596040749309,12.835230320758152,62.19888007096529,0,2026-08-25 06:31:44
2024-01-02 03:19:00,CNC-03,H,297.4545562136767,309.44747053892246,2476.991075667149,18.5706164240196,12.51524090567717,3.072834582640198,8.5248729836425,54.41535389283036,0,2026-08-25 06:31:44
2024-01-02 05:13:00,CNC-02,M,296.17465988488675,310.5272174732981,2301.972238878003,29.06355458845012,179.10647433574394,3.290219118600923,12.482722669134931,53.85966944895657,0,2026-08-25 06:31:44
2024-01-02 21:01:00,CNC-01,L,299.23173746502357,311.2548024246323,,17.007285057245102,18.28845083547661,3.1319622777997047,8.305149745025124,47.58710450647225,0,2026-08-25 06:31:44
2024-01-02 21:36:00,CNC-02,M,299.56649760930935,312.9404528832216,2504.590373740805,21.344844901100526,123.26335640914195,3.2882001043476965,10.065781162708667,46.787009520317355,0,2026-08-25 06:31:44
2024-01-02 18:45:00,CNC-01,L,25.966360887361247,39.84395518901317,2238.948616349471,29.737150106666302,81.40189895932224,2.918388585724798,12.585236640669143,54.99923924036379,0,2026-08-25 06:31:44
2024-01-02 10:47:00,CNC-03,H,296.1363323312956,310.6475876678876,1405.7560886359418,50.89437506842619,145.30890215898384,2.282232855489833,13.387794277653764,59.36311937742405,0,2026-08-25 06:31:44
2024-01-02 09:34:00,CNC-01,L,296.2503988048719,310.29310214624223,1509.6138015775523,46.00863158049512,103.22284907819137,2.213964836655319,12.834693908688045,54.76660272303206,0,2026-08-25 06:31:44
2024-01-02 09:29:00,CNC-03,H,295.88384394600007,309.8868971785619,1541.1504992336093,46.87683926860576,23.165748042018517,2.100862832623515,13.262129864488363,53.85265731845054,0,2026-08-25 06:31:44
2024-01-02 18:02:00,CNC-02,M,298.8946181672685,313.0363704215984,2099.9259798483235,30.917255249624844,105.66930540058438,2.873602798386326,12.307093221930353,53.1158251552837,0,2026-08-25 06:31:44
2024-01-02 14:34:00,CNC-03,H,297.63091763312815,311.38895832045864,1427.753502382925,47.726825237098446,21.74515385669905,2.096700151354145,12.727472711981436,54.5936097055344,0,2026-08-25 06:31:44
2024-01-02 11:55:00,CNC-01,L,296.92945700105855,311.4191880361044,1354.4764636302352,55.61182479925356,132.95167931224884,2.235166001815544,14.246683948124577,55.458727053606644,0,2026-08-25 06:31:44
2024-01-02 15:40:00,CNC-02,M,303.2398840304496,312.9944804188556,1652.8935783085844,50.29097474258235,161.83378587369393,2.6665802559932734,15.705353883335752,43.98603801207181,0,2026-08-25 06:31:44
2024-01-02 07:02:00,CNC-01,L,22.816558246078614,37.37111898515161,1900.3850698771178,40.57004432760703,111.1140660228229,2.711835491737583,14.686261363355138,56.21787831152385,0,2026-08-25 06:31:44
2024-01-02 03:50:00,CNC-02,M,297.4077365224057,310.4647631826784,2431.544595254419,23.261912215435828,76.47741079048919,3.0297805320093283,10.287369991920063,57.9454917051116,0,2026-08-25 06:31:44
2024-01-02 07:56:00,CNC-02,M,22.933489507806428,37.90741306423524,1621.7716699421178,46.96626218313079,160.17397633683603,2.5496176620397395,14.240525351018766,61.38971064798312,0,2026-08-25 06:31:44
2024-01-02 16:47:00,CNC-03,H,298.5346159328891,313.4778766305517,1863.5532364771718,40.1034070630464,219.2717199608619,3.135165726689175,13.712221348345041,49.02591843157414,0,2026-08-25 06:31:44
2024-01-02 04:48:00,CNC-02,M,296.50632555472777,310.247886543773,2290.122845226987,25.61136607700087,147.572695048143,3.068780293658886,10.81442612940485,53.967731567282804,0,2026-08-25 06:31:44
2024-01-02 21:34:00,CNC-01,L,299.138459350607,311.7214268069984,2487.7659722524463,21.223559477270364,55.32166956483923,3.0535882454667553,9.746783869342602,53.80282930933216,0,2026-08-25 06:31:44
2024-01-02 15:28:00,CNC-03,H,297.9734892098389,312.367066568012,1794.1376862529164,41.157998587791624,104.14542528672322,2.3866678013608182,13.849702274664924,55.296274795935524,0,2026-08-25 06:31:44
2024-01-02 08:08:00,CNC-02,M,296.064369262007,311.0719477510303,1520.3297756244444,49.658348273258824,177.6618677461574,2.6859708945512764,14.184660329232731,56.95877149717851,0,2026-08-25 06:31:44
2024-01-02 21:21:00,CNC-02,M,299.30889512949943,311.76264512681183,2584.7560875524546,15.413086287970609,106.5472013255319,3.2317604499907078,7.72530499805558,54.725178204221685,0,2026-08-25 06:31:44
2024-01-02 16:17:00,CNC-03,H,298.24791486448925,313.5544718136184,1920.865500075609,42.90042080157556,176.19682063377311,2.846185914470392,15.26927766006245,58.217726356217256,0,2026-08-25 06:31:44
2024-01-02 11:58:00,CNC-01,L,296.80474604101664,311.2540196304177,1379.8965991867067,54.27119274351597,137.70365093054454,2.3790421865501425,13.686938738483892,61.794594045548195,0,2026-08-25 06:31:44
2024-01-02 12:28:00,CNC-01,L,297.0236323659726,311.964629201345,1469.9699822216767,,185.39432794777346,2.7759441211746263,14.147903998878999,60.877488757672644,0,2026-08-25 06:31:44
2024-01-02 15:14:00,CNC-02,M,303.57704818089906,312.5458836571755,1633.3755963450135,45.979665785112374,122.97985021826696,2.495197997458703,14.221284389815297,45.522401804345336,0,2026-08-25 06:31:44
2024-01-02 18:46:00,CNC-01,L,26.064838207022547,39.633526630929794,2406.815462743529,26.241978297653628,82.62062182111143,29.25959112621869,11.77172785780383,55.81665649565658,0,2026-08-25 06:31:44
2024-01-02 17:24:00,CNC-03,H,298.6843909420748,314.21237056839874,1955.0591634087007,41.12637802698664,270.7383802545142,3.9309620498809723,15.22574636531637,55.22829304675717,0,2026-08-25 06:31:44
2024-01-02 21:27:00,CNC-01,L,299.3316875885122,311.1110233524983,2638.373878577619,15.174547580138249,47.57365982240365,3.1676833817715924,7.435355329951423,47.51527976207822,0,2026-08-25 06:31:44
2024-01-02 03:47:00,CNC-03,H,297.76518689267743,310.6077267457464,2393.9976188044943,22.610168573719417,45.38588173797842,3.0768422395040473,10.25951955427085,57.75617643601812,0,2026-08-25 06:31:44
2024-01-02 00:31:00,CNC-03,H,298.8445785115452,311.3056606080029,2651.020848164833,17.5077899297286,81.64292266941277,3.2618538958710896,8.737269766830757,52.047227550513085,0,2026-08-25 06:31:44
2024-01-02 21:56:00,CNC-03,H,299.28423358841195,310.7865644203893,2646.4472665075614,13.964407643104437,64.64732241639258,3.1492383031247138,6.68121520054699,52.41651767123262,0,2026-08-25 06:31:44
2024-01-02 02:13:00,CNC-01,L,297.73353230284846,310.21973548724065,2689.6369750871686,16.572568858205198,176.34145500345466,3.8313053095904204,8.42183831246197,58.65859626463226,0,2026-08-25 06:31:44
2024-01-02 23:06:00,CNC-01,L,298.34242550072446,310.7390860661668,2719.838474798885,16.870441083656484,155.51634444318677,3.5224561589020853,8.626201641166901,53.82741568290433,0,2026-08-25 06:31:44
2024-01-02 14:15:00,CNC-01,L,297.6996539088833,312.0880351560614,1349.0403825214557,52.81260866435677,143.52533617655448,22.130584278508913,,51.99999072134622,0,2026-08-25 06:31:44
2024-01-02 11:25:00,CNC-02,M,296.60604663705465,310.5843563672612,1425.5485028856133,48.640316346398656,15.795042855974371,2.100287595942749,13.024516064799553,58.93232451145249,0,2026-08-25 06:31:44
2024-01-02 04:21:00,CNC-01,L,296.17035819122043,310.38951777604126,2215.359622791175,32.37668934616014,125.64207618356478,2.856713135545656,13.550344684135705,62.173486801945536,0,2026-08-25 06:31:44
2024-01-02 03:41:00,CNC-01,L,296.9584029507015,310.0371620692796,2355.9282739408527,24.76930062586916,77.97231744310501,3.0678987389885504,10.746600906965273,60.73051047033038,0,2026-08-25 06:31:44
2024-01-02 19:49:00,CNC-02,M,299.1727783141609,311.56050027335255,2522.3749255911885,19.376235838142545,0.0,40.0782038844992,9.015685626284196,54.4068322944827,0,2026-08-25 06:31:44
2024-01-02 03:48:00,CNC-03,H,297.6685537662648,309.42650924582586,2514.616393552044,16.03306038744332,46.52020552404656,3.1401513123113167,7.655381823803487,56.000414179905505,0,2026-08-25 06:31:44
2024-01-02 22:18:00,CNC-01,L,298.9856069383372,310.7456739232535,2604.8748549619577,15.889232651770596,103.57227690321282,3.358535885423823,7.857514575728572,52.391050813558685,0,2026-08-25 06:31:44
2024-01-02 16:31:00,CNC-01,L,298.47104097674014,312.2393425240396,1755.8906295869717,37.36844248756495,110.52025818702117,2.5619785169570095,12.275402711077362,53.34905176799058,0,2026-08-25 06:31:44
2024-01-02 09:44:00,CNC-01,L,296.24311227597417,311.17958814636705,1479.8343223368358,52.76495493491588,118.56238630905018,2.3174157420704304,14.687046203958445,56.32330739243683,0,2026-08-25 06:31:44
2024-01-02 15:00:00,CNC-01,L,298.1939628961676,313.79554816435325,1585.9705211753214,51.55233049828901,212.56720245618808,3.1725911248176377,14.965852413857855,58.17810022977643,0,2026-08-25 06:31:44
2024-01-02 03:19:00,CNC-01,L,297.1714914807682,309.9413895385363,2214.0934645983834,24.85462015284874,52.35328171700763,2.806214097917979,10.262083255930737,55.93254639790219,0,2026-08-25 06:31:44
2024-01-02 09:19:00,CNC-03,H,295.79724712975417,309.3386945709954,1567.1578192183033,42.39610307134425,7.745549877097902,2.2878262182839837,12.347600443792011,55.454484015591596,0,2026-08-25 06:31:44
2024-01-02 18:22:00,CNC-03,H,26.168917508362426,40.236585818498725,2182.3282185873495,32.32136530543955,76.15767524998309,2.850372292017961,13.174144046229964,51.0134353569491,0,2026-08-25 06:31:44
2024-01-02 11:54:00,CNC-03,H,296.85482890147586,311.8704388620176,1399.9449781989726,53.079618214156135,251.3374266227898,29.903624364702306,13.82328492914629,59.970117570726146,1,2026-08-25 06:31:44
2024-01-02 18:25:00,CNC-03,H,26.236700495151695,40.197171879700136,2065.223200404361,32.83437803025664,80.07898572772477,2.731646012575584,12.755095913940934,52.8872203639118,0,2026-08-25 06:31:44
2024-01-02 05:39:00,CNC-01,L,8608.207266420837,309.9578747157887,2287.4906537560064,27.312770732064664,224.03324606784346,3.9625641210047253,12.025682077672196,59.94538809371088,0,2026-08-25 06:31:44
2024-01-02 23:39:00,CNC-02,M,299.2928464573527,310.980103781614,2798.307014154575,12.462636839524116,33.11327465470563,3.3696372322700587,6.536974445577439,49.622148057918395,0,2026-08-25 06:31:44
2024-01-02 02:53:00,CNC-03,H,297.7243511084896,311.09348714531336,2537.814597273077,20.404675468359564,236.74552108769555,3.85810708553289,9.473647865749616,56.22557891271977,0,2026-08-25 06:31:44
2024-01-02 10:13:00,CNC-01,L,296.49650776432253,311.27076035281334,1460.8238584670278,51.36111633617692,,2.5367014872070675,14.424243332561984,57.178468857942335,0,2026-08-25 06:31:44
2024-01-02 22:26:00,CNC-01,L,298.9396936474134,311.0626899753718,2600.5111927304833,16.111149608957966,112.3973752379397,3.2642449878485076,7.7868055773949125,53.09784212459238,0,2026-08-25 06:31:44
2024-01-02 18:09:00,CNC-03,H,25.994390141719748,40.1247746707993,1969.764265808617,35.94136530291111,59.099820660034524,2.5634599829781077,13.164102243193762,56.41973178542486,0,2026-08-25 06:31:44
2024-01-02 23:50:00,CNC-01,L,298.24700844916055,312.23232008070704,2604.373573758126,24.426463394728355,202.44825697955483,4.008067989610657,12.039276075317499,52.03044286963717,0,2026-08-25 06:31:44
2024-01-02 05:36:00,CNC-03,H,296.7253352935816,311.4962913311327,1900.5899443252194,39.0289573455498,181.06529392188776,2.8584421635864765,13.759178405883514,55.62385249609146,0,2026-08-25 06:31:44
2024-01-02 21:57:00,CNC-02,M,298.9742164224444,312.6302793574322,2663.4221323583756,21.64477988868753,146.8008761353153,33.05025919351185,10.825787698256843,54.878034625467855,0,2026-08-25 06:31:44
2024-01-02 23:27:00,CNC-01,L,298.6700019553536,311.8288074064558,2775.5307127993883,18.680390723723214,177.80253530603957,3.8486080812439414,9.564824562615568,55.92626022313146,0,2026-08-25 06:31:44
2024-01-02 10:17:00,CNC-03,H,296.14072000033786,310.7781473719903,,53.93283873200499,98.05950348728408,2.0082731084116205,13.949215733474869,55.613882734179796,0,2026-08-25 06:31:44
2024-01-02 04:35:00,CNC-03,H,297.29823157821795,311.4003774778208,2195.6508449383723,29.665307638529825,103.18780168889359,2.890579025534108,11.985607199664168,53.16890755661027,0,2026-08-25 06:31:44
2024-01-02 19:40:59,CNC-02,M,299.39006645676193,313.49503225142956,2283.850666362914,26.077041580873235,229.96243981867445,3.882415372436966,11.379191260054888,53.71224951968278,0,2026-08-25 06:31:44
2024-01-02 11:52:00,CNC-02,M,296.7849776749746,310.88263723476797,1333.0917844087571,52.15545250069045,58.747194092599294,1.9756481265569552,12.949057826529964,56.47263180657152,0,2026-08-25 06:31:44
2024-01-02 17:00:00,CNC-02,M,303.9297233287338,311.9616199947344,1927.9315463311111,36.309197704012576,21.0885206561589,2.5823618962159474,13.033102713764345,47.30831768060404,0,2026-08-25 06:31:44
2024-01-02 19:01:00,CNC-02,M,25.610239710352914,39.849672990033866,2312.8071860851687,26.04919857526955,181.91587080048544,3.3677091997197452,11.00297794311331,55.673585814713476,0,2026-08-25 06:31:44
2024-01-02 02:12:00,CNC-02,M,298.08001643109577,311.49746037479304,2583.0422461232315,20.45037148303399,187.6118133226837,3.6053756914397486,9.970529602988247,51.5890311988535,0,2026-08-25 06:31:44
2024-01-02 06:02:00,CNC-01,L,295.84377496390624,309.0654841849211,1945.9722544096437,31.257042132332657,29.126739394259356,2.5106184311302053,11.258529216337482,62.9042163550817,0,2026-08-25 06:31:44
2024-01-02 22:56:00,CNC-01,L,298.8573422976408,310.90654947277284,,13.321317648677685,144.86338933595587,3.6136864055226043,7.0650246229520555,51.42913932566726,0,2026-08-25 06:31:44
2024-01-02 01:54:00,CNC-02,M,298.21606538543256,311.04337891901,2668.019367625537,19.008883667851354,167.6622175438638,3.5166410726363884,9.23054837789354,53.67821686372993,0,2026-08-25 06:31:44
2024-01-02 23:15:00,CNC-03,H,298.78647038239916,311.12804338163323,2600.7074438609443,17.59378999445653,149.62675387639447,3.30055675868855,8.838895381862534,55.17288869803133,0,2026-08-25 06:31:44
2024-01-02 20:36:00,CNC-01,L,299.0697065588475,4135.526059308132,2499.0425156466426,25.43398790766743,216.4274229811444,3.9845727582148864,12.011094335725655,53.67735183388932,0,2026-08-25 06:31:44
2024-01-02 12:43:00,CNC-03,H,296.90795393826164,311.0076822540784,1402.6413071864195,50.665604520395455,69.87139291330821,2.2053795520383233,13.14785156037746,56.05903114208591,0,2026-08-25 06:31:44
2024-01-02 04:32:00,CNC-02,M,296.65783048121415,310.87096765768496,2345.8925483665043,29.991403079359007,127.45337563913799,3.0333812748474616,13.349739027821183,61.86140695896455,0,2026-08-25 06:31:44
2024-01-02 20:32:00,CNC-03,H,299.1114566431426,313.2304318098906,2384.2830681695546,,236.57471235025704,3.8369180479414946,11.657668020189256,55.44461970877954,0,2026-08-25 06:31:44
2024-01-02 18:55:00,CNC-01,L,25.841192569717805,39.85243532966666,2263.6119529072294,30.12291942693573,94.01390895477677,2.859400763643443,13.113656036207356,53.66446576726368,0,2026-08-25 06:31:44
2024-01-02 05:24:00,CNC-03,H,296.9244413056932,311.85940806729394,2169.817124333415,35.76012654467088,165.3654639586799,3.0220354885307703,0.0,61.47716310561024,0,2026-08-25 06:31:44
2024-01-02 05:35:00,CNC-02,M,296.1801256108273,310.9772486550341,2080.1430827129734,34.59148348348015,207.65817200870157,3.478193619240886,13.43512925008949,56.95595432872481,0,2026-08-25 06:31:44
2024-01-02 10:16:00,CNC-02,M,296.2773402422301,310.62452313287304,1433.9259864568485,48.297005312704066,113.40869895201378,2.2172570605457005,12.706888188891078,54.709535933419644,0,2026-08-25 06:31:44
2024-01-02 17:50:00,CNC-01,L,298.91016456157047,312.45589497005113,2023.635384847724,33.64635365226721,9.398048607127283,2.5693932574819427,12.552969580196605,53.899672915881325,0,2026-08-25 06:31:44
2024-01-02 22:02:00,CNC-02,M,299.3862552649712,312.4492342727699,2568.5084254577796,18.500455793811653,152.426519318352,3.4765082380269754,9.071810695941586,51.08510941627624,0,2026-08-25 06:31:44
2024-01-02 10:58:00,CNC-03,H,296.19446000683445,310.2945539741969,1474.4412652824992,45.80125592875582,162.61198180635589,2.370069962062658,12.390511378995384,55.9406388968569,0,2026-08-25 06:31:44
2024-01-02 04:50:00,CNC-01,L,296.15570903061564,310.847295674236,2222.685778443594,33.402336811797085,161.23927325941318,3.118581086671008,13.892720737113219,61.45505172868541,0,2026-08-25 06:31:44
2024-01-02 20:03:00,CNC-02,M,299.31926459962017,312.5676621538864,2485.458902001741,22.593484141048105,16.713717039893844,3.107301897858999,10.655251012904587,51.028686709215215,0,2026-08-25 06:31:44
2024-01-02 05:25:00,CNC-02,M,296.3180417166122,310.82221212330296,2109.5591243866056,32.966560802971955,194.68840369292516,3.261974451596375,12.835917943923665,51.459922905962195,0,2026-08-25 06:31:44
2024-01-02 06:46:00,CNC-03,H,296.3238943643175,310.40583853033917,1715.3153944845149,41.459451502840565,54.207094679129014,2.4079708289091535,13.41966656938486,52.877892487238455,0,2026-08-25 06:31:44
2024-01-02 13:02:49,CNC-03,H,297.2312600725986,310.77340200597774,1500.403064703139,43.63774687904875,103.10672451407935,2.2173391387167865,,54.584518336488884,0,2026-08-25 06:31:44
2024-01-02 00:20:00,CNC-03,H,298.99862356955197,310.9089021830201,2800.9457178058187,14.548289795070124,69.79447783438907,3.35020259431836,7.557337408026077,50.795698787269465,0,2026-08-25 06:31:44
2024-01-02 13:43:00,CNC-02,M,297.1337051003941,312.87860444386,1494.2436042456945,54.22391813991161,234.24756682962087,3.204807350847595,15.14495781767199,54.87308981099813,1,2026-08-25 06:31:44
2024-01-02 15:42:00,CNC-03,H,298.1213253396197,312.7586264775957,1684.5610487819856,45.69411127386306,124.94178760702844,2.5654975133552584,14.362178246521003,53.64074962217112,0,2026-08-25 06:31:44
2024-01-02 18:13:00,CNC-03,H,26.06671410538263,40.419011872191106,1992.8659715886802,36.872478954426356,64.37914974994393,2.640952208015456,13.611537989543645,54.676201439453656,0,2026-08-25 06:31:44
2024-01-02 20:26:00,CNC-02,M,299.3102773136673,312.08301668256695,2386.3556072967303,22.435215634447538,43.84901128122084,2.948629769150481,10.191229400704962,52.34956067146272,0,2026-08-25 06:31:44
2024-01-02 18:17:00,CNC-02,M,25.985741034234138,39.98292600805314,2043.0171951448322,32.66957292253207,125.399823388739,2.7298325769264524,12.650626108680715,51.886464261767046,0,2026-08-25 06:31:44
2024-01-02 22:32:00,CNC-02,M,299.58810199298784,312.73938105131396,2820.6774681758952,16.528232794076843,184.98824554481908,3.875904180156011,8.674735662654381,52.989086825111166,0,2026-08-25 06:31:44
2024-01-02 17:04:00,CNC-02,M,298.59565376387167,312.24022926367604,1879.8992150648974,34.70302628507393,26.658241835494763,2.564274496884465,12.154466009992314,54.49642190769043,0,2026-08-25 06:31:44
2024-01-02 23:41:00,CNC-01,L,298.268529492445,310.7082093289359,2632.557844827629,16.28191954816661,192.74921475935716,3.8340818988430945,7.8319527976606755,54.23517585054591,0,2026-08-25 06:31:44
2024-01-02 22:39:00,CNC-03,H,298.98374408788504,311.34944060154993,2688.6286668787056,17.334077387822827,111.24679493116983,3.3387015166845035,8.545484687764917,49.1778638506687,0,2026-08-25 06:31:44
2024-01-02 16:44:00,CNC-03,H,298.4363350703052,313.99532475350566,1917.7227830652052,42.517149393865736,215.0219854245779,3.1911672405144285,15.323836371639448,53.343062063986196,0,2026-08-25 06:31:44
2024-01-02 21:40:00,CNC-03,H,299.50578229107197,311.86862926913165,2548.1305102768047,18.777192482228276,47.23457696709423,3.036809659565425,8.890092716476683,53.89638576701939,0,2026-08-25 06:31:44
2024-01-02 14:11:00,CNC-03,H,297.4608759488051,312.3391164199014,1527.6586775895712,49.5356565400998,208.2963768675092,2.752935449769304,14.309698010561595,53.796316557470234,0,2026-08-25 06:31:44
2024-01-02 00:09:00,CNC-03,H,299.0121241565355,311.04019422844834,2683.1499030706873,16.429221808821094,58.20403983582758,3.2371504880225155,8.106949752826393,52.11359490290931,0,2026-08-25 06:31:44
2024-01-02 10:28:00,CNC-02,M,296.73831102284765,311.46078824269654,1457.361089594803,50.96519385543206,132.3363122156058,22.322128241725757,13.594051455425637,58.39743805727831,0,2026-08-25 06:31:44
2024-01-02 15:32:00,CNC-03,H,298.1507878913359,312.05982575965135,1538.359443653313,42.8231618240689,110.11864534403365,2.2439228271143348,12.65751888898706,56.40963080776213,0,2026-08-25 06:31:44
2024-01-02 10:38:00,CNC-02,M,296.33613144679424,311.1101187167967,1391.4540291341657,50.787319609231936,148.0980224767548,2.37958556746312,13.02014952357139,58.006441434229146,0,2026-08-25 06:31:44
2024-01-02 08:30:00,CNC-01,L,301.73955360018596,309.4543606142828,1620.319437594133,43.78538576888527,5.9579815991119665,2.2778726229075765,13.088246294587808,47.04822995693556,0,2026-08-25 06:31:44
2024-01-02 00:45:00,CNC-03,H,298.54201869223533,310.2210386306405,2780.3408931282584,12.912295790547816,96.48435162990778,3.264640756168178,7.003729160624307,61.62855901068778,0,2026-08-25 06:31:44
2024-01-02 05:22:00,CNC-03,H,296.8186827644558,311.01393829963354,2049.4581981693577,32.37650784421403,162.77868056237386,2.8368656956100455,12.435625014879594,57.5360374607434,0,2026-08-25 06:31:44
2024-01-02 01:18:00,CNC-03,H,298.5133896737394,311.31501144510065,0.0,19.365184132293763,131.8302556696331,3.2922899244375414,9.393950952936262,51.74404922812069,0,2026-08-25 06:31:44
2024-01-02 08:50:00,CNC-02,M,296.0500471245437,311.0756795300361,1513.853386207862,48.119319524854966,239.96336559657107,3.1878131583106213,13.514865928875118,53.26554676585957,0,2026-08-25 06:31:44
2024-01-02 05:34:00,CNC-03,H,296.74518674750203,311.2809477302869,2200.127794960606,31.021733378233847,178.3442668813863,3.264051746502155,12.935758491793129,58.62656321171543,0,2026-08-25 06:31:44
2024-01-02 22:35:00,CNC-03,H,299.0250133708557,312.1589908220261,2649.9276484354655,21.23030800358047,106.86539993110476,3.2274782697408,10.485904453154548,54.10663067005355,0,2026-08-25 06:31:44
2024-01-02 03:35:00,CNC-03,H,297.38843357927306,310.2813096438851,2353.543002016459,23.38434120666097,31.264275188904985,2.9656520005532894,10.01142047949203,53.29031198699058,0,2026-08-25 06:31:44
2024-01-02 12:07:00,CNC-03,H,296.8025566277729,311.0376881447331,1406.5185882747367,53.07873387488167,12.654357703012542,2.07944561094972,13.97001190892391,58.63203291605641,0,2026-08-25 06:31:44
2024-01-02 02:34:00,CNC-01,L,297.5893946367989,309.1144955517512,2692.7665744487367,15.007851884158395,1.0767205491068819,3.202706663152688,7.697251741447634,60.12965588587241,0,2026-08-25 06:31:44
2024-01-02 09:33:00,CNC-01,L,295.7769022555095,310.0423643134041,1583.911979821218,0.0,101.68942282792675,2.2952841368139802,13.40829639267677,59.985136927498836,0,2026-08-25 06:31:44
2024-01-02 12:11:00,CNC-01,L,296.9939200587671,311.88826444048436,1538.5170557924894,49.550711853211205,158.34954331381482,2.5126366207212354,14.345302167855992,56.31535017116695,0,2026-08-25 06:31:44
2024-01-02 21:01:00,CNC-02,M,,312.39234102294597,2435.960918708582,20.51931106781911,84.10888896679889,3.023293086977739,9.427327520926816,53.05314975810744,0,2026-08-25 06:31:44
2024-01-02 21:25:00,CNC-03,H,299.41049460157257,311.64278867395194,2454.1405047577186,19.145960654342954,30.57396729417813,3.0546695606226595,8.77939976512336,56.254935275005664,0,2026-08-25 06:31:44
2024-01-02 12:24:00,CNC-02,M,296.8540541630995,311.476909219636,1418.485052163546,51.70594333313986,109.52548122185385,2.1668121832274436,13.933016430260583,59.08028420752003,0,2026-08-25 06:31:44
2024-01-02 06:59:00,CNC-01,L,22.84096097650854,37.43805420491651,1898.072087495927,40.66573046202646,106.90737705637656,2.6181464248555546,14.488632849677105,60.398831014365655,0,2026-08-25 06:31:44
2024-01-02 20:46:00,CNC-02,M,299.345397800113,312.56464078249627,2470.5746385782736,22.60645955573025,67.09705925065857,3.101922703272232,10.494929002819209,52.7633272908264,0,2026-08-25 06:31:44
2024-01-02 17:24:00,CNC-02,M,298.7035297780462,313.08814915836143,1964.3265741027278,37.533534809105454,54.296602376886426,2.576806184698115,13.707074481412697,51.813301725359985,0,2026-08-25 06:31:44
2024-01-02 22:42:00,CNC-03,H,298.9707344814425,310.24912310866324,2678.1603731021064,11.907365225897095,114.43455900441863,3.2569090455589,5.910161662236295,54.40225997498624,1,2026-08-25 06:31:44
2024-01-02 19:51:00,CNC-02,M,299.2547011000833,312.7279927004938,2398.1607384517492,25.157200282664537,2.3777706586892524,2.969833960529624,11.32599119512206,54.33738141853931,0,2026-08-25 06:31:44
2024-01-02 00:48:00,CNC-02,M,298.50297852544685,310.2994406788896,2804.32370463473,14.116826833748158,96.36119135106709,3.374079708846678,7.359280684543787,53.00766206137058,0,2026-08-25 06:31:44
2024-01-02 07:11:00,CNC-01,L,22.92181569321275,37.29758799968846,2014.7654282162694,35.22465937272445,,2.799183671554428,13.579289212998917,55.64091387923226,0,2026-08-25 06:31:44
2024-01-02 06:34:00,CNC-03,H,296.35610097251663,309.9971816167572,1853.1220668197732,36.072717655216216,37.786769133059316,2.567118232532382,12.240942163957685,59.071516083644916,0,2026-08-25 06:31:44
2024-01-02 17:29:00,CNC-03,H,298.98780341236215,311.8533547295149,1987.2740412591304,30.956397621746525,5.424663986738056,2.6164806196827,11.38587113491762,49.855128749718624,0,2026-08-25 06:31:44
2024-01-02 17:58:00,CNC-03,H,299.34070586461434,312.7610507016071,2028.3367139648458,30.73550939301648,44.37614890680467,2.6290604835859352,11.36014564424878,53.33214103896029,0,2026-08-25 06:31:44
2024-01-02 07:09:00,CNC-01,L,22.700042105480634,36.88903356200029,1847.4266708491914,37.00635880951596,,2.5740398119550445,12.643698610886002,58.11466420443947,0,2026-08-25 06:31:44
2024-01-02 18:47:00,CNC-01,L,25.83199691727907,40.11662272640217,2139.5618638500014,34.0974592737558,83.90335143838546,,13.534184880666128,55.45690212229487,0,2026-08-25 06:31:44
2024-01-02 11:07:00,CNC-02,M,296.2688407642289,310.9831210411895,1362.6497069823856,52.46249761275941,193.90095198352603,2.6567070278418368,13.275465455331084,59.03276254600237,0,2026-08-25 06:31:44
2024-01-02 13:05:00,CNC-01,L,297.45867761350826,311.70837876122545,1521.257394684758,48.40153444826852,33.13506727413673,2.1596501880533188,13.790426292540689,51.20267161445676,0,2026-08-25 06:31:44
2024-01-02 23:19:00,CNC-01,L,298.70356087520287,311.61269817537595,2706.425051247438,18.45574156560537,169.27593700751046,3.7809745088673337,9.235101300065201,54.44298793536508,0,2026-08-25 06:31:44
2024-01-02 04:48:00,CNC-01,L,296.10041295404767,309.98768253542556,2102.892506864417,31.397994940487578,158.7751154534211,3.102872482151266,12.46502276566944,62.14328187163681,0,2026-08-25 06:31:44
2024-01-02 16:05:00,CNC-01,L,298.6408348256338,311.99245517770186,1831.4691984051108,33.884316127390285,72.89050051574624,24.963523851471987,11.644650388154181,54.43382765199164,0,2026-08-25 06:31:44
2024-01-02 02:32:00,CNC-03,H,303.65443548009,311.0994165256621,2581.1567177588026,21.375879812579957,213.02565918474983,3.707792516618648,10.198430782868753,45.68368504360377,0,2026-08-25 06:31:44
2024-01-02 12:47:00,CNC-01,L,297.62141343243707,311.3789512252908,1337.4914277766145,53.87636563366773,4.719836178066791,2.0681647601776474,13.32819394234872,54.70686203093886,0,2026-08-25 06:31:44
2024-01-02 20:37:00,CNC-03,H,299.254524398954,313.1920663714133,2428.5337535057383,24.528071207838526,242.43367383088116,3.761533518933744,11.2389660625497,54.344074564049265,0,2026-08-25 06:31:44
2024-01-02 15:19:00,CNC-01,L,298.289451584935,312.1441618463312,1606.9914032086967,44.85571985175214,4.433509052738053,2.3292878599804174,13.668937842954705,58.23095345535163,0,2026-08-25 06:31:44
2024-01-02 13:34:00,CNC-02,M,297.07558913703525,311.90323411655515,1302.4961993716947,52.70970755572131,220.13275890361965,2.8682523632518033,13.024815166750152,56.07183957720706,0,2026-08-25 06:31:44
2024-01-02 21:36:00,CNC-03,H,299.0696736992034,311.5337786305828,2605.3995779126203,19.529866546764993,42.74991460590909,3.152159263072876,9.563286627392557,,0,2026-08-25 06:31:44
2024-01-02 18:02:00,CNC-03,H,299.3636903881332,312.7817090769157,1953.5427525295274,33.6392101657371,49.74766176858925,2.4606737090301203,12.320848696321814,52.53165508843735,0,2026-08-25 06:31:44
2024-01-02 15:39:00,CNC-03,H,297.84456910754966,312.190094513899,1742.000397087724,40.698542569388046,120.48868166135267,2.4719437787100045,13.232974299168312,57.603342784945724,0,2026-08-25 06:31:44
2024-01-02 04:21:55,CNC-02,M,297.1634191265808,310.47042207287046,2199.503759730797,25.915198433531508,116.35850133963945,2.9026249363395467,10.853957227765653,55.00907340315898,0,2026-08-25 06:31:44
2024-01-02 04:28:00,CNC-02,M,296.78390215695435,310.93588403655286,2275.23876705566,30.06202788203419,122.49445831929285,3.003687431998215,12.878276992918234,56.475083759590525,0,2026-08-25 06:31:44
2024-01-02 05:00:00,CNC-02,M,296.5139475776824,310.46753157441265,2275.304708380947,28.0369101333716,162.5741761001828,31.00448725771547,11.882901854762034,57.19790329943278,0,2026-08-25 06:31:44
2024-01-02 21:18:00,CNC-02,M,299.71738260874116,313.48305094865566,2431.5819421477263,25.062081963714405,103.22485581984178,3.01115153430657,11.428178707959686,49.36729027917902,0,2026-08-25 06:31:44
2024-01-02 04:06:00,CNC-03,H,297.60638159739676,310.4265665938496,2361.8771563681057,23.342657995621884,67.85464347786113,3.0351032621700376,10.526016697122126,50.85228250179501,0,2026-08-25 06:31:44
2024-01-02 04:27:00,CNC-02,M,296.92527326093773,310.7335872795519,2390.080656428359,26.382071522880825,121.2486939744534,3.0598446390739005,11.931598169642598,58.14950927963297,0,2026-08-25 06:31:44
2024-01-02 04:53:00,CNC-03,H,297.3255497996219,311.2216300955165,2246.7640452390497,29.690433809422792,125.56263005626147,2.9147505610703637,12.641229733373134,59.34197358081212,0,2026-08-25 06:31:44
2024-01-02 19:05:00,CNC-02,M,25.846376443463953,40.01033012270551,,28.838792549961227,186.94952255361065,3.364674854616929,11.918675414796216,50.500333319644334,0,2026-08-25 06:31:44
2024-01-02 05:56:00,CNC-03,H,296.5421594773182,311.1825940773622,1921.3397774630262,37.11175367325211,207.34043244439266,3.136958205133134,13.192639346732388,60.796294198410614,0,2026-08-25 06:31:44
2024-01-02 05:57:00,CNC-01,L,296.0510658882468,309.9250461524246,1805.9601423963645,39.39841126851152,22.528595155218667,2.3834450157624185,13.323203886741654,58.52056147055425,0,2026-08-25 06:31:44
2024-01-02 12:19:00,CNC-01,L,296.95488464811535,311.8413904406588,1392.1209614999625,53.795785891682776,171.11594947197116,2.5224117490030182,14.211468464043993,60.31341298766839,0,2026-08-25 06:31:44
2024-01-02 18:56:00,CNC-03,H,26.285931278295664,40.03274773113236,2137.5739887946347,28.7054280705135,119.92946591613847,2.8698620401388184,11.641552736128402,51.6140589988349,0,2026-08-25 06:31:44
2024-01-02 22:15:00,CNC-02,M,299.3031953675638,313.1159531436489,2492.48514427184,22.759035360455314,166.5782252117423,3.4202208247675117,10.435629632817735,51.069134006146285,0,2026-08-25 06:31:44
2024-01-02 15:02:00,CNC-03,H,298.02086232215237,312.49995585569206,1638.8156029268955,44.84854756846709,64.85982108721349,2.242768009023871,13.802544990528789,60.320506776014135,0,2026-08-25 06:31:44
2024-01-02 04:00:00,CNC-03,H,297.3471683125834,311.22527312777083,2286.8913643841597,30.23239615141521,60.68744843289144,2.9878183498245283,13.164386397977557,58.66171236334338,0,2026-08-25 06:31:44
2024-01-02 02:26:00,CNC-02,M,298.21090544481547,310.8931078556869,2662.145053426911,16.853324370095432,203.07318314864963,38.443202131210974,8.68614164244522,54.86593742789081,0,2026-08-25 06:31:44
2024-01-02 10:50:00,CNC-03,H,296.1979354817673,310.5475380853758,1392.1576178706612,49.95454865390799,150.0228779620503,2.264990643331331,13.09213246572513,,0,2026-08-25 06:31:44
2024-01-02 19:26:00,CNC-01,L,299.2723139905077,312.81976487726087,2506.460383741156,,132.65196034665215,3.1864470557302447,11.418376108750973,49.10946956806146,0,2026-08-25 06:31:44
2024-01-02 19:50:00,CNC-03,H,299.26452114501467,313.8380294454453,2306.740972252541,29.667420148488226,186.78450651275926,3.2689133564676975,12.857749955831084,53.04561261959358,0,2026-08-25 06:31:44
2024-01-02 18:42:00,CNC-02,M,25.654208932220456,40.479800170039425,2141.6591388182646,34.06143630847745,157.6984910657773,3.082226876362733,13.46218158145684,50.95238998150019,0,2026-08-25 06:31:44
2024-01-02 03:49:00,CNC-01,L,296.42267662556463,310.1923581549532,2315.8819750941702,29.373478065077265,87.28313719190085,2.9342940684879326,12.35696035826076,60.47570609762047,0,2026-08-25 06:31:44
2024-01-02 00:02:00,CNC-03,H,298.78726476718134,309.5385965650502,2721.3490984618297,10.199671075509228,50.72860372647398,3.2894473327213567,5.225291914310332,51.889584317324356,1,2026-08-25 06:31:44
2024-01-02 14:07:00,CNC-01,L,297.55566656808276,312.0909326132412,1466.8751416783045,49.74670986537214,131.02552872409672,2.3085592881870456,13.749653743595367,57.21717221188982,0,2026-08-25 06:31:44
2024-01-02 14:18:00,CNC-01,L,297.61378982074467,312.4390411073697,1647.0944003472512,46.94936924095647,148.10094600625862,2.6348168459785266,14.478440628150429,57.01645917963581,0,2026-08-25 06:31:44
2024-01-02 01:43:00,CNC-02,M,298.40634923590835,4121.359632763692,2534.30339711092,24.706377294831086,155.76956858836428,3.361775743349005,11.684090161139276,57.018425424987015,0,2026-08-25 06:31:44
2024-01-02 18:09:00,CNC-02,M,25.571629635066984,39.96778015826851,2062.4414275518684,33.55672291196265,114.75184791007018,2.802270912629621,12.754954757607148,56.60499010189196,0,2026-08-25 06:31:44
2024-01-02 21:20:00,CNC-02,M,299.4628180405806,311.81946032324544,2647.0736008597273,16.106579761468492,105.45440527207343,3.1978350692396544,8.007715175021755,,0,2026-08-25 06:31:44
2024-01-02 11:15:00,CNC-03,H,296.2813800086396,310.69242182463853,1349.9907262470283,53.55368085176511,189.50436027294666,2.3672540500985386,13.63757517312616,55.70180925946193,0,2026-08-25 06:31:44
2024-01-02 03:07:00,CNC-02,M,297.81547842740486,310.0632346601434,2645.187038481118,18.359619268017855,26.043838803842174,3.250317211773775,8.73549271325159,58.774611935856036,0,2026-08-25 06:31:44
2024-01-02 01:16:00,CNC-03,H,298.29795609084874,310.94221831402155,2760.395421062081,16.361834474666225,129.61588990588487,3.46216074360716,8.441511464222666,51.824912087090105,0,2026-08-25 06:31:44
2024-01-02 10:14:00,CNC-02,M,296.0537010551303,310.01568836388395,1311.464029572461,50.6838474800373,110.26800492626003,2.2006262279012416,12.458738035806391,63.484677766378034,0,2026-08-25 06:31:44
2024-01-02 16:04:00,CNC-01,L,298.3283995115496,312.3528997864047,1613.3168026675705,44.343516323357015,71.47930142858469,2.3366205767450308,13.345107158147826,50.94959691499541,0,2026-08-25 06:31:44
2024-01-02 01:55:00,CNC-03,H,303.5970363079348,311.06652374499583,2681.36936650729,20.47652019449032,171.96226976951672,3.5732702352556944,10.540394210653352,46.886621812549684,0,2026-08-25 06:31:44
2024-01-02 07:17:00,CNC-03,H,23.123937070706745,37.22472450829656,1696.0023765200428,39.64603169028415,97.84350731768548,2.3511078748092236,12.723834337331716,56.96046033127422,0,2026-08-25 06:31:44
2024-01-02 18:11:00,CNC-02,M,25.91930528081366,40.821584144776125,2065.0737384848576,36.91134441116838,117.40110811710034,2.705003576784123,14.06361293012419,53.613532069454,0,2026-08-25 06:31:44
2024-01-02 21:22:00,CNC-03,H,299.32432830489194,311.2727170939131,2563.2293070894493,17.605157765069897,27.233666664537424,3.0967366612598424,8.55526121736719,52.51352064614445,0,2026-08-25 06:31:44
2024-01-02 15:08:00,CNC-01,L,297.9625089685804,312.49455593316026,1529.5867857781782,46.87298153885414,224.68663844990522,3.2545838524310304,13.486063573933654,53.222556144073195,0,2026-08-25 06:31:44
2024-01-02 23:11:00,CNC-03,H,299.28099049125524,311.3157504070567,2713.157524284847,14.525024291881717,145.33089172752855,3.4941533389098356,7.32689329704837,54.94851276873428,0,2026-08-25 06:31:44
2024-01-02 02:42:00,CNC-02,M,297.96814032803707,311.6307813859075,2550.310785777049,23.112908587149217,221.1583751934179,3.941573212123863,11.124929015242813,54.79161593012095,0,2026-08-25 06:31:44
2024-01-02 13:41:00,CNC-01,L,297.4630677574832,312.11247982708056,,46.073008295307396,90.1530994264702,2.44618328341372,14.030126932522101,54.73408195238649,0,2026-08-25 06:31:44
2024-01-02 14:35:00,CNC-01,L,297.7954754317132,312.2458543701858,1461.9215870371968,50.9340367230713,174.27736201650728,2.569532147197632,13.885348698117786,56.32714971434238,0,2026-08-25 06:31:44
2024-01-02 08:38:00,CNC-01,L,301.7545858099815,309.31568635196527,1605.6943611398115,41.633470116234044,17.938026465140084,2.219448225440871,12.632886738202417,48.913312313204756,0,2026-08-25 06:31:44
2024-01-02 12:03:00,CNC-03,H,296.9892748730239,310.57166154935686,1420.7220982537897,48.32399637710738,6.330483940999982,2.100041086556411,12.934379909427392,60.204409368071005,0,2026-08-25 06:31:44
2024-01-02 07:59:00,CNC-02,M,22.620266181689203,37.916079856963734,1896.2777642749995,42.604581668235234,164.46471076349667,2.8037559147776454,14.948478976871273,56.523904757319386,0,2026-08-25 06:31:44
2024-01-02 05:47:00,CNC-03,H,296.81646993499004,312.14091247428536,1934.0650913533034,40.37579137542488,195.53924103085384,3.0059048734472307,14.501571202205591,56.96775157920756,0,2026-08-25 06:31:44
2024-01-02 20:32:00,CNC-02,M,299.35955683060394,312.72656881010096,2494.549070106579,24.253483604593313,50.90029128595237,3.0609649225751028,11.60495448370076,50.77263427287239,0,2026-08-25 06:31:44
2024-01-02 22:41:00,CNC-03,H,298.71333795413017,310.5141678578859,2735.449734377584,14.06819444971762,113.37451620852298,3.3942511591174207,7.311836930623553,54.868300243281745,0,2026-08-25 06:31:44
2024-01-02 09:22:00,CNC-01,L,296.07334865470375,310.49548448423985,1569.3217386943584,47.35478872866115,84.69889530446551,2.272139498100561,13.800865031223882,57.53752687504336,0,2026-08-25 06:31:44
2024-01-02 15:24:00,CNC-02,M,303.4338320054933,312.27957519395324,1612.4977584649198,44.56236624756978,137.906533557653,2.513005737548871,,44.46316303729459,0,2026-08-25 06:31:44
2024-01-02 04:46:00,CNC-01,L,296.1804048334426,310.0381745931044,2284.0606086880034,28.33023367578719,156.21124700377953,31.606888164055693,12.04037435073966,61.81696702873163,0,2026-08-25 06:31:44
2024-01-02 01:29:00,CNC-03,H,298.371193295079,311.569126128447,2810.5441361338576,18.513889860006877,143.68114426391548,3.4828983184606557,9.504820732463978,53.83483362196479,0,2026-08-25 06:31:44
2024-01-02 23:39:00,CNC-03,H,298.89763066773844,312.1110719049877,2617.8733266429845,20.889270791866934,175.1197275257593,3.5114787208593228,10.162222630647356,54.15663843989873,0,2026-08-25 06:31:44
2024-01-02 03:18:00,CNC-02,M,297.5100955322274,310.1312975927515,2538.9656710408835,19.73690879977143,38.731641654972066,2.987377386494769,9.530420356231089,57.782721752442264,0,2026-08-25 06:31:44
2024-01-02 12:23:00,CNC-02,M,297.0340873123723,311.39658621200033,1330.8948606042654,50.50969307907611,107.92548122185386,2.1141341284644066,12.545340598185147,63.353314805771646,0,2026-08-25 06:31:44
2024-01-02 05:16:00,CNC-02,M,296.51997666327617,311.1907094280847,2156.5216822199163,32.94324600609047,182.9087783851962,3.247675134479349,13.169713421143319,54.976010437326735,0,2026-08-25 06:31:44
2024-01-02 06:17:00,CNC-02,M,295.8195443607453,309.4822598908117,1875.1256537052482,34.800352189559284,21.345009313083892,2.5147807952782,12.086890375121838,58.394238267657734,0,2026-08-25 06:31:44
2024-01-02 07:52:00,CNC-03,H,22.649709053135325,36.47611668902687,1499.5827849310556,42.36409079010683,148.3956013039742,2.271156660131152,12.138873476066955,58.39425296081295,0,2026-08-25 06:31:44
2024-01-02 16:17:00,CNC-01,L,298.6349891027835,312.97467578809307,1729.1016773049735,41.99002338782068,90.38982982763277,2.4298999829869894,13.611934315060658,48.900372280795324,0,2026-08-25 06:31:44
2024-01-02 01:14:00,CNC-02,M,298.71878133218286,310.42134919624846,2708.97361344604,13.544301957999979,124.55149221337578,3.3787974270962735,6.962561546322803,50.04811459185579,0,2026-08-25 06:31:44
2024-01-02 00:43:00,CNC-01,L,298.7485778441059,,2817.0937230074164,8.466065566479665,78.7361258088703,3.404548897765321,4.21559808392774,59.24138441831654,1,2026-08-25 06:31:44
2024-01-02 09:55:00,CNC-03,H,296.0056404697005,309.7165736134478,0.0,45.93115238085065,63.47387754577436,2.2257788939352907,12.964146350084972,61.48800486345758,0,2026-08-25 06:31:44
2024-01-02 18:12:00,CNC-02,M,25.711598602035053,40.388634665980874,1897.6808970312743,40.05794563517134,118.78628937825388,2.7270416645516944,14.592136574095528,53.57944415673533,0,2026-08-25 06:31:44
2024-01-02 03:23:00,CNC-01,L,297.09254086005956,309.6407007879152,2583.3798416259874,19.453182921416406,56.948148509972334,31.4097532025104,9.420787265718754,56.991138475309484,0,2026-08-25 06:31:44
2024-01-02 05:33:00,CNC-03,H,296.78132030047595,310.7841236513216,2193.1730809946944,30.263172356406454,177.06671259723942,3.03833819088745,12.703681957207644,59.22481534110276,0,2026-08-25 06:31:44
2024-01-02 05:48:00,CNC-01,L,295.8665206764086,308.85148131688646,2214.8892845012006,26.303826237975617,10.48263725980265,2.9606145768066563,11.231714144922488,59.258721308165775,0,2026-08-25 06:31:44
2024-01-02 16:48:00,CNC-02,M,303.7471608545846,312.10270968044256,1849.430457403422,40.35073956575803,4.180428354866344,2.532564728391342,13.747625386747657,47.30587223441618,0,2026-08-25 06:31:44
2024-01-02 01:43:00,CNC-01,L,298.02216777785316,311.00205123544123,2696.759049631104,18.55194263976403,143.3314095904619,3.481144401898055,143.530522588188,54.66890853726729,0,2026-08-25 06:31:44
2024-01-02 06:49:00,CNC-03,H,296.14523983181147,309.88273282910126,1897.0699155468276,36.14007570277468,58.347838077616295,2.490043995735566,12.773169681892119,56.96612904964415,0,2026-08-25 06:31:44
2024-01-02 06:53:00,CNC-03,H,295.99585234289475,310.4879876427525,2020.442012155028,36.1428043932735,63.932550928288805,2.52925358734802,13.611931890674443,60.49128870572427,0,2026-08-25 06:31:44
2024-01-02 13:58:00,CNC-01,L,297.82249028858104,312.160444010774,1298.1306713961912,52.82493380785233,116.93365905720206,2.2217301667173737,12.867553345070327,57.301798093181965,0,2026-08-25 06:31:44
2024-01-02 00:27:00,CNC-01,L,298.74315045110393,311.2526678318426,2628.0072879948602,18.46743349178705,61.680529936612366,3.2087580785233563,9.107528469342448,52.64082025233903,0,2026-08-25 06:31:44
2024-01-02 10:36:00,CNC-02,M,296.43374429517127,310.7158671496372,1376.4410798255485,49.72411317431636,144.92072316983996,2.354446968377877,12.607057880520982,60.77197295037351,0,2026-08-25 06:31:44
2024-01-02 02:51:00,CNC-01,L,297.3441459425359,309.9381044032848,2491.8286958779345,20.337350832141873,20.207155844175546,2.9658176859635232,9.43621561561421,57.235746990774736,0,2026-08-25 06:31:44
2024-01-02 20:25:00,CNC-03,H,299.5449515441791,313.5137576237013,2575.929365607371,24.616481135679727,228.40953211827588,3.827208268736837,11.787206901528934,54.6097589147989,0,2026-08-25 06:31:44
2024-01-02 15:09:00,CNC-02,M,303.089247135737,311.69500531156956,1545.966447320477,45.77251114827552,115.49783130621371,2.2453329610824677,13.134269764870837,48.01408072981715,0,2026-08-25 06:31:44
2024-01-02 05:49:00,CNC-02,M,296.1284521256334,311.0834389360511,2105.1080244770546,34.6061590422134,225.9031503314322,3.6303245165861777,13.582265239440563,53.12542885993115,0,2026-08-25 06:31:44
2024-01-02 08:43:00,CNC-03,H,295.5299568889652,310.84086314782945,1538.549474915929,52.66052467914707,224.11968675168208,2.880957935308112,15.316454608461237,57.49147266315616,0,2026-08-25 06:31:44
2024-01-02 00:12:00,CNC-03,H,298.8938206570577,310.96520712556656,2787.2601273640735,17.107830016525913,61.399468096297305,3.3266220478416946,8.884813206475416,47.84747150704197,0,2026-08-25 06:31:44
2024-01-02 21:05:00,CNC-01,L,298.88571641173434,311.34782785324876,2557.597598820674,21.32818269242099,22.878363653118768,3.1133889887007866,10.147895440410775,55.30577372311968,0,2026-08-25 06:31:44
2024-01-02 06:22:00,CNC-03,H,296.5488071373972,310.09001861568487,1901.8431204527255,34.52858336012894,21.351635581935806,2.446271443309392,12.290336628747516,59.980892681979356,0,2026-08-25 06:31:44
2024-01-02 12:04:00,CNC-03,H,297.0235619861709,310.42750016832,1388.7790925046902,46.84798900629828,7.890156002677276,2.104353963531891,12.105188544762722,55.443869900583856,0,2026-08-25 06:31:44
2024-01-02 03:51:00,CNC-01,L,296.66414276279926,310.1097287596296,2387.6379145953033,26.60856078363186,89.67097591424928,3.0942838779533477,11.888167595606463,53.576028306580405,0,2026-08-25 06:31:44
2024-01-02 12:52:00,CNC-02,M,296.6569804568093,311.3920198296364,1417.0723845287805,50.39446505714838,153.89294679982004,2.4414108604867533,13.439145827652078,56.41053081390229,0,2026-08-25 06:31:44
2024-01-02 09:44:00,CNC-02,M,296.03514585029836,310.64977252700623,1492.0705411125743,51.49285417397771,63.21252368535305,2.1027518682336974,14.7346367365978,,0,2026-08-25 06:31:44
2024-01-02 04:27:00,CNC-01,L,296.19500649619005,310.15806896654357,2404.9429054532266,26.31718180657277,132.96580677697412,3.1306323892993433,11.788715074106765,56.64677525565196,0,2026-08-25 06:31:44
2024-01-02 01:41:00,CNC-03,H,298.1352758230094,310.82891676060916,2664.336157012305,16.689926871695583,156.6712068480797,3.4706893795130394,7.920640653575563,50.93700163851053,0,2026-08-25 06:31:44
2024-01-02 10:03:00,CNC-01,L,296.1608188317017,310.58759127667213,1358.4279381543286,52.186428844222796,148.22620130168445,2.2844683405466806,13.3293510102761,57.37695032735285,0,2026-08-25 06:31:44
2024-01-02 22:27:00,CNC-03,H,299.1659709587311,310.9604782470306,2696.2866033238824,14.79463426597541,98.13245115508592,3.384944861878116,7.213034876185497,53.01765703989922,0,2026-08-25 06:31:44
2024-01-02 23:52:00,CNC-01,L,298.3098296955388,310.5735095062677,2772.022763517243,13.811390249942054,204.52689775588038,4.068915842295969,7.1491514874911815,57.85559129762638,0,2026-08-25 06:31:44
2024-01-02 09:39:00,CNC-01,L,295.91060456983104,310.3594714263429,1464.4911108599513,49.70859515337297,110.88468162691832,2.3486669763324586,13.587723692978596,62.72087928777793,0,2026-08-25 06:31:44
2024-01-02 16:34:00,CNC-03,H,298.3556636850177,314.06945654735324,1800.858328938036,47.06146642021869,200.76386787385314,2.895284370531053,15.82540001411294,54.69477572511741,0,2026-08-25 06:31:44
2024-01-02 11:20:00,CNC-03,H,296.3370539001955,310.8413596284844,1479.8248927885365,49.62592645575423,197.45976991378262,2.635121155831828,13.729720911017019,64.80096106912889,0,2026-08-25 06:31:44
2024-01-02 06:10:00,CNC-03,H,296.4207242698654,310.2256502443768,1967.3223316236538,35.28993755249511,5.395776466636685,2.633668932260466,12.887393202571399,58.98508908607775,0,2026-08-25 06:31:44
2024-01-02 22:49:00,CNC-01,L,298.857927808747,310.95783420234324,2638.996600799548,16.55579100294778,137.48176576979827,3.4657220166392335,8.045995543335568,52.646788728604584,0,2026-08-25 06:31:44
2024-01-02 12:29:00,CNC-01,L,297.39035300883353,312.3310856575301,1460.2644696657217,52.59580149968498,186.96035485319294,2.766377567759901,14.464377813846792,61.54185241138941,0,2026-08-25 06:31:44
2024-01-02 07:30:17,CNC-02,M,22.903756242186205,37.720813092087724,1744.399373638905,42.59629822824262,122.80107020721671,2.5147049455734907,14.133244679388913,60.52221286676053,0,2026-08-25 06:31:44
2024-01-02 08:04:00,CNC-02,M,295.9026908474257,311.0210783313337,1737.975895777308,45.348351314616934,171.74038657614886,2.8045747703654964,14.899980372020549,57.224288813566154,0,2026-08-25 06:31:44
2024-01-02 23:45:00,CNC-02,M,299.0888819436549,311.474789737114,2676.364293494724,17.82142517809661,39.52792001832787,3.1949407336295623,8.676824785981315,55.48638115235991,0,2026-08-25 06:31:44
2024-01-02 16:30:00,CNC-01,L,298.38633031108077,312.6979895074926,1781.121885960755,40.16605801946726,109.07851764032435,2.4202611462520327,13.575212767545409,53.52416186617386,0,2026-08-25 06:31:44
2024-01-02 12:19:00,CNC-03,H,296.78123472016097,311.17477482789724,1461.9502295559505,50.36609775044261,31.707402175356208,2.0689637974586916,13.956059359996061,58.023330372496446,0,2026-08-25 06:31:44
2024-01-02 01:36:00,CNC-02,M,298.5874721483251,311.2218751174213,2713.5590680720234,16.8875399405604,148.18189285638354,3.5174191463246545,8.413606218277362,54.273931794013485,0,2026-08-25 06:31:44
2024-01-02 01:20:00,CNC-02,M,298.3177194538142,310.8942995707139,2688.0396822068346,18.12966047259271,130.9838601067165,3.379932952062871,9.15314756466494,53.269525119365746,0,2026-08-25 06:31:44
2024-01-02 14:29:00,CNC-02,M,297.4405082035257,311.8157334978595,1645.945660596273,43.77160811221817,54.27501071093838,2.1999747353139147,13.527975479137304,60.92320666737336,0,2026-08-25 06:31:44
2024-01-02 21:52:00,CNC-02,M,299.3246980178605,312.64563773668465,2576.2951027028666,20.04558121615449,141.16228568082724,3.229202728188478,9.493170648311866,47.740297128190534,0,2026-08-25 06:31:44
2024-01-02 08:28:00,CNC-01,L,301.6671264748012,309.87494703586214,1633.8438512224247,46.531243976648646,3.023406514749394,2.2469467511895127,14.35733105001028,50.66731713224308,0,2026-08-25 06:31:44
2024-01-02 10:45:00,CNC-03,H,296.04408263350405,309.94010749140216,1336.7183931091613,47.49197979037803,142.10890215898385,22.02494427603404,11.82539259865964,55.250327470443196,0,2026-08-25 06:31:44
2024-01-02 14:33:00,CNC-02,M,297.76476122651,312.37131353207144,1493.2923756433975,49.709541906346146,60.541860836150995,2.210847393953598,14.063994505616643,58.39685840790573,0,2026-08-25 06:31:44
2024-01-02 20:06:00,CNC-03,H,299.23456773346095,313.45110778034416,2418.047361205412,27.53726551359342,205.97571472212502,,12.608878428473986,51.60984469413107,0,2026-08-25 06:31:44
2024-01-02 00:39:00,CNC-03,H,298.6937148644312,310.1356990000904,2765.6453025669057,12.648919841198413,90.13117365336525,3.3467317062635447,6.236239898227377,50.026171866138355,0,2026-08-25 06:31:44
2024-01-02 16:07:00,CNC-01,L,298.5213578414345,312.60698144612314,1788.021703174854,39.48617889789738,75.80512805535786,2.433732929516839,13.555959435920286,54.502261104496625,0,2026-08-25 06:31:44
2024-01-02 04:57:00,CNC-02,M,296.58904501602956,310.6447558503024,2191.1857835290753,29.9036944484853,158.7564546967053,3.0827597469361168,12.181100326192636,56.83109115891603,0,2026-08-25 06:31:44
2024-01-02 03:03:00,CNC-02,M,298.138375255017,310.01977810390343,2530.007120351978,15.52022826603161,21.5740517092721,3.04436066438984,7.414560115774122,53.87967704322433,0,2026-08-25 06:31:44
2024-01-02 12:39:00,CNC-02,M,296.65001113114596,311.5695710171731,1452.9149503926512,52.42998501798792,133.33373200335427,2.386760976531174,14.287148129330589,55.98584616604888,0,2026-08-25 06:31:44
2024-01-02 23:37:00,CNC-03,H,298.75540502269956,311.9430384034947,2619.8047560711098,20.32190794505361,172.97258831883727,3.4551013471165337,10.180343638340501,50.65127559250619,0,2026-08-25 06:31:44
2024-01-02 23:50:00,CNC-03,H,298.7787635993701,311.7662187000077,2678.2424092601013,17.826217994318725,,3.6526705991381676,8.863547052072015,56.894626345335645,0,2026-08-25 06:31:44
2024-01-02 20:13:00,CNC-02,M,299.2814962167975,,2514.4347699994332,27.16119121905815,28.598316682918956,2.981159438948671,12.921076267070488,50.88765389416071,0,2026-08-25 06:31:44
2024-01-02 13:35:00,CNC-01,L,297.71083741932813,311.96791510418194,1404.9020512086138,50.94536529827869,80.82684861887118,2.11658575513642,13.209310988244335,57.99050315247623,0,2026-08-25 06:31:44
2024-01-02 07:48:00,CNC-01,L,22.71601483749754,38.112503518196434,1783.4691674556666,45.2798235282962,176.4230336174047,2.983185723745205,15.087825836841837,55.865990031650256,0,2026-08-25 06:31:44
2024-01-02 12:14:00,CNC-03,H,296.7292467928525,310.2253727239409,1341.7868274069353,50.44062493508494,23.751393083760682,1.985592360479047,12.746800428903287,57.642331212329665,0,2026-08-25 06:31:44
2024-01-02 21:00:00,CNC-03,H,299.336228996787,311.227091167108,2529.8378179315896,18.14428066500436,2.2786516590444865,3.077506058130972,8.429124953842965,53.57742730031816,0,2026-08-25 06:31:44
2024-01-02 01:41:00,CNC-01,L,298.05812602938585,310.96546860473643,2558.464352744076,18.938927561157463,,3.3802765779572814,8.879357427763889,57.2960227401087,0,2026-08-25 06:31:44
2024-01-02 15:16:00,CNC-01,L,298.4153367897424,312.14186790061945,1643.7770684015725,42.14007330736164,0.0,22.44930165864102,13.258941671998992,52.74522983574606,0,2026-08-25 06:31:44
2024-01-02 22:04:00,CNC-02,M,299.23342386880785,311.74002174068846,2670.6751122671644,15.920818898008761,154.54788776426872,3.4415032205805836,7.904681516602404,48.60008257760539,0,2026-08-25 06:31:44
2024-01-02 03:24:00,CNC-01,L,297.2135750170012,309.85235862900004,2426.593970757171,21.7224708930306,58.10902271048211,3.0518762266844193,9.90616842313775,57.66839643530356,0,2026-08-25 06:31:44
2024-01-02 20:22:00,CNC-03,H,299.70359227569475,313.71013701281566,2386.54830776421,26.103440475076052,224.88121053007106,3.7580033130921073,11.576769632493262,52.92625971127975,0,2026-08-25 06:31:44
2024-01-02 04:38:00,CNC-01,L,296.17239675130696,309.7034792174699,2409.8413692633744,24.698191735789425,146.37241587764342,3.3129995251649036,11.205200692856817,57.35647261492169,0,2026-08-25 06:31:44
2024-01-02 19:43:00,CNC-03,H,299.7830324876563,314.11924918240135,2418.55528757423,28.9294938848335,178.190904367771,3.407058695606942,13.085172815888113,49.067612412889,0,2026-08-25 06:31:44
2024-01-02 07:11:00,CNC-02,M,23.05944753439519,38.0056101926192,1976.7551702022822,38.54194645772532,95.72807728252322,2.667085169771436,14.309723688928722,63.54003020394461,0,2026-08-25 06:31:44
2024-01-02 17:20:00,CNC-03,H,298.98663327640844,314.76286569754836,2003.3077502319409,41.51112015166805,265.27804112851976,3.8860807080004176,15.623204404536082,47.88422135642421,0,2026-08-25 06:31:44
2024-01-02 10:11:00,CNC-01,L,295.9785527632752,310.5684011855722,1373.8902201723338,54.696829643915805,160.8313015548231,2.5523361193639444,14.360235089246896,61.262688099762606,0,2026-08-25 06:31:44
2024-01-02 20:38:00,CNC-02,M,299.28091831093064,312.6201907096519,2569.873797667125,,57.819305248963026,3.105607662673249,10.128866085209479,51.620307137647124,0,2026-08-25 06:31:44
2024-01-02 02:46:00,CNC-01,L,297.7038723576425,310.38650357886627,2334.587187007449,22.02356881501557,14.564120604305211,2.88554080081788,9.559617471723616,54.9669183640553,0,2026-08-25 06:31:44
2024-01-02 15:27:00,CNC-01,L,297.9379551240312,311.6690366097192,1649.2456860419607,43.77323349426702,16.583729921911413,2.3305304164704923,13.716806197472854,52.825290889477806,0,2026-08-25 06:31:44
2024-01-02 03:18:00,CNC-03,H,297.51157312040294,309.8947256258291,2429.3659536067516,20.794098163601195,11.357255122544597,2.986551481266933,9.511504949175784,51.50426807657216,0,2026-08-25 06:31:44
2024-01-02 22:40:00,CNC-01,L,298.85230228667956,311.97545495242866,2526.5050578658224,21.506311641141824,127.73197877001371,3.321371497767089,10.337654846781273,53.606645215739164,0,2026-08-25 06:31:44
2024-01-02 00:10:00,CNC-03,H,298.9596080699601,310.74313167242434,2820.9088387757342,14.710280397423755,59.26975237954853,3.3377159188780734,7.5586647466897,57.37492588547358,0,2026-08-25 06:31:44
2024-01-02 10:53:00,CNC-02,M,296.3902391907043,311.0845899548379,1248.6672229158087,56.78800986404246,171.79496967298905,2.258471358449133,13.392654046472076,57.60201115438589,0,2026-08-25 06:31:44
2024-01-02 20:18:00,CNC-02,M,299.37284513377995,312.4391103066347,2384.5678831788355,23.48768197225603,34.4824935520309,2.8847219498911016,10.366640617672804,52.355661532210824,0,2026-08-25 06:31:44
2024-01-02 04:06:00,CNC-01,L,296.41160968517636,310.02075110790366,2215.2346044995347,28.90094890569639,107.4451436932164,2.937275467994903,11.944854184182116,58.379761766673816,0,2026-08-25 06:31:44
2024-01-02 16:38:00,CNC-03,H,298.4150164334193,313.57412538816266,1770.1637096403088,43.12784083127458,206.50882732496257,3.0034071351238563,14.248227132819492,53.338960595959364,0,2026-08-25 06:31:44
2024-01-02 09:49:00,CNC-03,H,296.3241631865628,310.68556661164985,1588.718908483014,46.55145885549953,54.15438448512779,2.267832308950832,13.947751492572749,62.97807228340575,0,2026-08-25 06:31:44
2024-01-02 07:29:00,CNC-03,H,22.922126914099692,37.387444382865965,1856.2046748410849,39.582008288380365,115.00035683950357,25.132036867287987,13.692297068329218,52.0226532627417,0,2026-08-25 06:31:44
2024-01-02 03:31:00,CNC-03,H,297.47396826336166,309.7370048043495,2547.4917749092515,19.036816953213982,26.54842756755691,3.1329781543773696,9.288301256855561,58.155764701462296,0,2026-08-25 06:31:44
2024-01-02 02:23:00,CNC-01,L,297.6630222654394,310.63329052626847,2574.8902703562535,18.808433734824195,187.4404927788254,3.742532444261483,9.049094246197194,56.573013249058356,0,2026-08-25 06:31:44
2024-01-02 00:40:00,CNC-01,L,298.41212604170374,311.38610654331376,2631.511617597768,21.109772339472826,75.58239726400619,3.306222601271193,10.347834346882667,58.61830185139274,0,2026-08-25 06:31:44
2024-01-02 05:03:00,CNC-01,L,296.42421255721496,310.29696457549886,2180.9785754246145,29.485057229508243,177.50794612105267,31.748955191695387,11.98601882386416,56.93101021179275,0,2026-08-25 06:31:44
2024-01-02 03:20:00,CNC-01,L,296.8905847458855,309.1377011912163,2385.2627858575274,20.511120098693382,53.52926969864533,2.9099324678315077,9.291558942085958,56.82971304031908,0,2026-08-25 06:31:44
2024-01-02 22:52:00,CNC-03,H,,312.4626800681849,2643.0688112179846,,125.11964145530918,3.2930819224063783,9.928087880879344,53.75244332141582,0,2026-08-25 06:31:44
2024-01-02 07:51:00,CNC-03,H,22.894324984219736,38.22441996010633,1697.1324239635424,48.54739389982225,146.87605959331827,2.502188300475531,15.720054983961555,59.09500497496388,0,2026-08-25 06:31:44
2024-01-02 20:35:00,CNC-03,H,299.4577887686524,313.7840108248759,2332.4693640698206,28.090380990621714,240.11915325339652,3.7851310251427988,12.261921163725841,51.86373866437031,0,2026-08-25 06:31:44
2024-01-02 10:54:00,CNC-02,M,296.3685737087581,311.44133676389015,1562.8875896683996,50.86289075301656,173.34061715201352,2.6528757155420264,14.966517632586193,56.816873867343645,0,2026-08-25 06:31:44
2024-01-02 01:11:00,CNC-01,L,298.5280048438157,311.4210718060158,2676.569002546649,18.721949775587262,108.74176148003728,32.73880109670859,9.542353129444946,53.13254305049419,0,2026-08-25 06:31:44
2024-01-02 23:01:00,CNC-03,H,299.17055110686437,311.69055014136285,2751.5087778539873,16.48603105837728,134.76103764552127,3.371933524637234,8.635016565874599,52.758752178942366,0,2026-08-25 06:31:44
2024-01-02 14:32:00,CNC-03,H,297.7300206878037,311.8377033067826,1456.3929302996728,49.79499790975916,18.654855819682993,2.0546533426073017,13.95888757128967,60.128444726198815,0,2026-08-25 06:31:44
2024-01-02 18:19:00,CNC-03,H,25.969991090503243,39.104461303099015,2024.2404341697832,27.925847495861188,72.22406184374135,2.7656673702451475,10.457997438463918,52.858891208136505,0,2026-08-25 06:31:44
2024-01-02 09:40:00,CNC-02,M,295.9394686522229,309.9501849524228,1468.6304540615063,46.33099730066399,56.92005624965956,2.1703541612751085,12.7192448022812,58.64769284976928,0,2026-08-25 06:31:44
2024-01-02 02:33:00,CNC-02,M,297.827183599717,312.40046802959296,2517.3055764951023,27.338937238442472,210.9880003068814,3.821765744660001,12.857742946481732,54.073068200542366,0,2026-08-25 06:31:44
2024-01-02 08:03:00,CNC-01,L,301.66579145947753,310.12526558196015,1569.0924311263614,44.61493843975729,198.3329182302532,3.1162286006050803,13.137423296303497,,0,2026-08-25 06:31:44
2024-01-02 12:14:00,CNC-02,M,296.9614245445189,311.0481359458159,1360.848345477845,48.618547093305736,93.62314339652518,2.1173220558229096,12.401202799310758,59.27699742000155,0,2026-08-25 06:31:44
2024-01-02 16:01:00,CNC-01,L,298.2566724033282,312.98448358179917,1731.4427449304878,46.24333086995643,67.04474045741239,2.3901386037657746,14.786107240892992,56.715724858047935,0,2026-08-25 06:31:44
2024-01-02 22:45:00,CNC-03,H,,311.1784102613905,2690.227310564955,15.734474054338927,117.63779925130471,3.3574008212248527,7.884128629893822,52.355144040992954,0,2026-08-25 06:31:44
2024-01-02 21:16:00,CNC-02,M,299.3782956435049,312.5460209639528,2576.9244319741997,20.476064923498996,100.95260395726736,3.259278831321868,9.985889805656193,51.99500573101714,0,2026-08-25 06:31:44
2024-01-02 13:17:00,CNC-03,H,297.4178998409553,311.3971767038171,1464.8777691729995,47.536223110559064,123.65522656766076,2.2705322811878883,12.928837457099489,57.46632504956782,0,2026-08-25 06:31:44
2024-01-02 15:42:00,CNC-02,M,303.4193388162074,312.2628913134433,1537.5499514747426,47.21936206924708,164.79499701298252,2.577314835598321,13.420980935751647,41.871892788463576,0,2026-08-25 06:31:44
2024-01-02 07:10:00,CNC-03,H,22.962718156110327,36.63284132206559,1988.5121097091064,32.20564686306821,87.91473028174484,2.686647179341667,11.818858785927246,59.44731830853486,0,2026-08-25 06:31:44
2024-01-02 22:22:00,CNC-03,H,299.1226813408037,310.5981163653704,2595.3909876824046,12.652220815788695,92.81281376784328,3.2409446561337223,5.929783555615741,52.60430122066933,1,2026-08-25 06:31:44
2024-01-02 22:30:00,CNC-01,L,299.1490750003957,311.8210723910867,2614.6560640388752,19.706209980097576,116.77890264583675,3.306567739235009,9.81014687927964,53.41256895913593,0,2026-08-25 06:31:44
2024-01-02 19:38:00,CNC-01,L,298.8932248630839,312.71011315945344,2177.499788713388,27.886864013244136,147.38103721551542,3.0670361535018564,11.325077679880357,52.765211159627775,0,2026-08-25 06:31:44
2024-01-02 23:16:00,CNC-01,L,298.7774763336131,311.98831438898566,2729.4415345627467,19.02805838698034,166.11526979513232,35.708515317390074,9.721442801412994,55.678449101046425,0,2026-08-25 06:31:44
2024-01-02 11:51:00,CNC-02,M,296.50358221778936,310.34992115983346,1361.6011354390125,47.32727902288201,57.14719409259929,2.018899256350775,12.190075858722997,58.13064739513966,0,2026-08-25 06:31:44
2024-01-02 04:53:20,CNC-02,M,296.7032308798066,310.9980572854898,2184.169002046502,31.704710450795243,152.55227873800428,3.1479492560218674,12.731934362410778,57.746405388981934,0,2026-08-25 06:31:44
2024-01-02 06:29:00,CNC-02,M,295.88621752322695,310.1175534431861,2009.7677257531438,36.899957947295235,,2.55276033635795,14.21253906586245,57.471141705044545,0,2026-08-25 06:31:44
2024-01-02 06:40:00,CNC-02,M,296.2295977958613,310.66293081143095,1894.945851329507,38.30124189219812,52.48691417431462,2.462045155702326,13.667824671980748,57.25145120048513,0,2026-08-25 06:31:44
2024-01-02 11:58:00,CNC-02,M,296.7098528302191,311.08676284203676,1529.729403769958,48.49888935292939,68.28016488933011,2.1480184980633714,13.853130721359049,63.00097767513145,0,2026-08-25 06:31:44
2024-01-02 17:16:59,CNC-01,L,298.73294942672555,312.8336135727524,2018.262164303976,32.34295019564933,176.24390227640401,3.1331508623331494,12.13749451167633,54.83168109379254,0,2026-08-25 06:31:44
2024-01-02 16:53:00,CNC-02,M,303.8545815374328,311.590986087215,1865.6305733339152,35.56058151188578,11.301645488160457,2.5042616705582876,12.521679074899165,43.81251266449487,0,2026-08-25 06:31:44
2024-01-02 12:58:00,CNC-03,H,296.9552132652975,310.96676603210335,1429.8301996156604,49.44490768297937,93.64349240851452,2.1419531632808626,13.380971177606225,57.432515179061845,0,2026-08-25 06:31:44
2024-01-02 01:16:00,CNC-01,L,298.4986984617953,311.0374431662876,2623.4134921675777,18.687683793292024,114.09356543081178,3.2508295879253555,9.165932397371993,51.04214781122223,0,2026-08-25 06:31:44
2024-01-02 01:21:00,CNC-01,L,298.44909586383943,311.6888196554035,2613.280302474292,22.214056146292233,119.52516123600559,3.3141774298597313,10.96428376230411,58.460985906206716,0,2026-08-25 06:31:44
2024-01-02 23:37:00,CNC-02,M,299.1861717540282,310.6369364266751,2822.826991229294,10.950102529770705,31.05327465470563,32.03496742497851,5.586922230372576,51.43603014186562,1,2026-08-25 06:31:44
2024-01-02 00:01:00,CNC-03,H,298.82217953230054,310.82855777946503,2627.852720622558,16.513781456669097,49.69140907411986,3.135408085795489,7.875327730669104,57.973656264249676,0,2026-08-25 06:31:44
2024-01-02 04:28:00,CNC-03,H,296.9857881649226,310.6932946289596,2262.4754519752414,28.7354665090814,94.4722553146296,2.8665009034201456,11.970514933622107,56.54832501350117,0,2026-08-25 06:31:44
2024-01-02 09:45:00,CNC-01,L,295.7475388597026,310.1493503569608,1526.1436297212533,47.21630299680747,1092.3338704938724,2.367226719335206,13.50191317359691,58.41395664355176,0,2026-08-25 06:31:44
2024-01-02 07:01:00,CNC-02,M,23.08243489413826,37.569063595436205,1991.7730084002092,36.90715959414466,81.70993702743118,2.672433814134619,13.637061766394774,53.141742301001756,0,2026-08-25 06:31:44
2024-01-02 02:33:00,CNC-01,L,8655.102740108645,309.9029182895238,2541.084896799123,18.695920803616552,0.0,3.074415045758434,8.82037645398458,54.55118933683002,0,2026-08-25 06:31:44
2024-01-02 13:22:00,CNC-02,M,297.1561998020262,312.439958023883,1601.0929758250134,49.94183928011299,201.3171285256771,2.8941944315048045,15.045257432040367,60.2178039017488,0,2026-08-25 06:31:44
2024-01-02 00:05:00,CNC-01,L,298.81745503208265,310.2917967744171,2790.464261689653,14.083297031544294,38.30508588120472,3.321951292196515,7.407401120239891,51.93186094426657,0,2026-08-25 06:31:44
2024-01-02 18:40:00,CNC-02,M,26.10451761922593,41.10075096358929,2233.2728650150875,33.119187453959555,155.18681578089317,3.0861078782302522,13.771043464613177,56.031060147431134,0,2026-08-25 06:31:44
2024-01-02 09:59:00,CNC-01,L,296.06991942530595,310.4641567673628,,48.626974654470246,141.99918884771932,2.3446315303628698,13.560639393253807,56.63517543274784,0,2026-08-25 06:31:44
2024-01-02 01:06:00,CNC-01,L,298.5765456890949,310.76075520340123,2586.8632173890674,16.591748704759915,103.30738700401848,3.3532916455247395,7.870852008351406,54.986499516372966,0,2026-08-25 06:31:44
2024-01-02 08:22:10,CNC-01,L,301.53656835756163,310.66393000421675,1716.3897056636986,44.86004422035818,224.97680874396536,33.29275171295058,14.501242792563598,50.77544697603272,0,2026-08-25 06:31:44
2024-01-02 05:47:00,CNC-01,L,295.85729424180187,309.0319990723733,2130.5110962373374,28.687656799648796,9.218149855238206,2.79740617258554,11.293565612796753,58.76769924169689,0,2026-08-25 06:31:44
2024-01-02 01:56:00,CNC-02,M,298.22740872030397,311.5168024308584,2482.9197635320106,22.265085437425174,169.86399518655938,3.413898365819606,10.182649239646786,52.81305912667978,0,2026-08-25 06:31:44
2024-01-02 05:21:00,CNC-02,M,296.34352276196563,311.4918823340276,1971.8467711362227,37.9752841688082,189.46771504970067,2.986203429053551,14.034055911961328,55.0628774518566,0,2026-08-25 06:31:44
2024-01-02 12:22:00,CNC-01,L,297.1238648095579,311.54332740350526,1370.5273309128881,51.02257962902029,175.91346817981858,2.6530749562322886,13.252512596667456,61.403784284449515,0,2026-08-25 06:31:44
2024-01-02 10:09:00,CNC-01,L,296.01902582349067,310.7946750897238,1469.004771965484,52.90569035530723,157.66970656810685,23.877695954552436,14.528999431932355,58.73629873311403,0,2026-08-25 06:31:44
2024-01-02 14:22:00,CNC-02,M,297.10986565491845,311.21736939577755,1515.4879877172548,44.68026109190237,43.51698093221595,2.101799623489768,12.720075113596497,51.653586685343946,0,2026-08-25 06:31:44
2024-01-02 00:39:00,CNC-02,M,298.7378064997204,310.79690278476846,2775.2882795186783,15.83264510897827,86.75318820800051,3.3059247410894796,8.20918928837084,51.860282617694,0,2026-08-25 06:31:44
2024-01-02 11:26:00,CNC-01,L,296.43347734077196,310.2610414905985,1424.3669060883026,47.55266160734947,86.9225815179654,2.1135202382838614,12.549894222317583,55.79907396504801,0,2026-08-25 06:31:44
2024-01-02 12:42:00,CNC-02,M,296.8404908910328,310.9380966688581,1287.485604339467,51.36703299869861,138.08672818444245,2.2576905565590324,12.469075468320595,59.331752769,0,2026-08-25 06:31:44
2024-01-02 09:47:00,CNC-01,L,295.8003603934382,309.9846164996285,1371.75788017403,50.32377869571313,123.22207417375675,2.1513239841065372,12.864738937420585,58.64619146982283,0,2026-08-25 06:31:44
2024-01-02 08:24:00,CNC-03,H,295.7232142348588,310.9235346786088,1705.2202072587736,46.771145728198135,195.56463597923263,2.8576548928369783,14.998325443811774,58.05551380914184,0,2026-08-25 06:31:44
2024-01-02 16:26:00,CNC-01,L,298.59712182273427,312.6775879840572,1661.4134158533323,40.65096410709624,103.36361372449751,2.5528514383710306,12.485608264140103,54.11124814409492,0,2026-08-25 06:31:44
2024-01-02 17:02:00,CNC-03,H,298.86234524936293,314.0478027111698,1803.7596666376128,41.97733865070928,240.29346836911756,32.07504031606118,14.380196128907606,50.17069534869712,0,2026-08-25 06:31:44
2024-01-02 06:47:00,CNC-03,H,295.92882267593046,309.60837793196873,1899.4652410035042,35.25462845550116,55.58137333828285,2.3978626273640313,12.359570713847644,55.47053879734315,0,2026-08-25 06:31:44
2024-01-02 09:03:00,CNC-03,H,295.6301329056434,310.8396271618835,1595.544579029569,49.78767714389609,254.60114512496008,3.3503211017897363,14.730179247709104,57.51807710389176,0,2026-08-25 06:31:44
2024-01-02 14:06:00,CNC-03,H,297.54413963197794,312.14468868018974,1375.7006597677012,52.30725572060005,200.58561643343307,24.3331977780067,13.391830160389466,55.10339954436349,0,2026-08-25 06:31:44
2024-01-02 06:27:00,CNC-02,M,296.1957181064792,310.1450915637844,1982.8510998623783,33.40509643614469,34.81829921686938,2.7434733530063964,12.54705439673138,57.144102146400854,0,2026-08-25 06:31:44
2024-01-02 18:34:00,CNC-03,H,26.243305916580937,40.597994350126214,2221.696711460478,32.18801718115038,91.66521008183341,2.746298669955283,13.499140222693004,52.832968385385364,0,2026-08-25 06:31:44
2024-01-02 04:24:00,CNC-03,H,297.59950738842093,311.37887577193703,2281.5558668990852,27.33979787083802,89.62608091098906,2.90155880449915,11.672130519223023,56.642990732200865,0,2026-08-25 06:31:44
2024-01-02 21:04:00,CNC-01,L,299.11173481319247,311.31061732797315,2486.3565934517046,20.04759677267097,21.755106574466105,2.980935264762214,9.536858127847452,57.85025935566702,0,2026-08-25 06:31:44
2024-01-02 21:32:00,CNC-03,H,299.53525031247676,310.36641242474064,2772.7607040871676,11.404259369038217,38.279206820311906,3.2726313658891018,5.871248319458091,53.34150897898452,1,2026-08-25 06:31:44
2024-01-02 04:11:00,CNC-03,H,297.3584362891859,310.3623479283413,2427.1766613135765,22.911537307057934,73.84760457865289,3.046445982909028,10.47261092816316,61.44829487094581,0,2026-08-25 06:31:44
2024-01-02 08:00:00,CNC-01,L,28.426929463855515,37.34719535432788,1842.7755430496018,40.065580142318616,193.81407329202207,3.251410638028333,14.026667821135218,49.45337367532042,0,2026-08-25 06:31:44
2024-01-02 20:43:00,CNC-01,L,298.8978353524425,312.67304292252584,2494.8200467833917,22.49519275282538,224.59108217724344,4.093478111755165,10.770302354997396,45.29972736034477,0,2026-08-25 06:31:44
2024-01-02 21:43:00,CNC-01,L,299.0745141612797,311.03374440163157,2760.3277633070898,15.01559608817929,65.20877406581877,32.10535858935134,7.6291298044248,52.84736923615608,0,2026-08-25 06:31:44
2024-01-02 19:24:00,CNC-03,H,299.17442229564034,312.7285537109505,2209.1977206471047,28.110051707939036,154.8753616372176,3.0221783852454838,11.579262958544863,54.427739150409074,0,2026-08-25 06:31:44
2024-01-02 21:06:00,CNC-01,L,299.23740514682447,311.5897403604206,2539.897670076581,19.049214474287865,23.998109089109192,3.0465391632744554,9.092321279302235,49.26144913520854,0,2026-08-25 06:31:44
2024-01-02 06:50:00,CNC-03,H,296.2852993136982,310.60159259816766,1880.7093845396162,38.7533828965732,59.759037918866795,2.486877153817912,13.573389017145887,57.4171471412192,0,2026-08-25 06:31:44
2024-01-02 07:58:00,CNC-03,H,22.790913272890634,37.113803642649486,1635.210720364897,42.041197082542716,157.1478388175544,2.589308477014412,12.910866179349421,55.026356234792324,0,2026-08-25 06:31:44
2024-01-02 06:23:00,CNC-03,H,296.09272791500035,309.7374533025395,1900.2721608614024,35.70678839876901,22.74819345586702,2.4177658958569457,12.69546884038679,56.35682155356125,0,2026-08-25 06:31:44
2024-01-02 14:32:00,CNC-01,L,297.8432807111262,312.62071310905446,1560.4026942941246,46.727634405261725,169.70782983295052,2.7344903901978377,13.628638757365037,54.927881740813795,0,2026-08-25 06:31:44
2024-01-02 16:01:00,CNC-03,H,298.04921110891127,312.94774354138633,1735.5682567735205,43.88932996491825,153.07605794286263,2.571277660045447,14.302301665848747,59.37937600855153,0,2026-08-25 06:31:44
2024-01-02 20:26:00,CNC-01,L,299.10579571304004,312.7942205681461,2284.294341688789,25.10969156729636,204.8053851188489,3.7132742708566413,10.781627028836727,51.46822632701015,0,2026-08-25 06:31:44
2024-01-02 14:02:00,CNC-01,L,297.7742686514737,312.3288313174099,1416.435061957992,50.731401944162855,123.20541928948242,2.1688936248446224,13.223311370224812,54.55008947002851,0,2026-08-25 06:31:44
2024-01-02 18:28:00,CNC-01,L,25.59920063883692,38.90307623358052,2208.3658288100414,27.363761257439286,59.47980982890646,2.7781944028002106,11.290068403609045,51.55107528130079,0,2026-08-25 06:31:44
2024-01-02 20:23:00,CNC-02,M,299.0580424000485,312.2265165698015,2328.1502910659524,24.546876019563634,40.38142596586945,2.9481808952817774,10.555454627570203,51.17066350315953,0,2026-08-25 06:31:44
2024-01-02 20:03:00,CNC-03,H,299.67097018291366,313.2048463102143,2346.3523612459007,23.153672927273828,202.40638950456363,3.3067118213805955,10.148572147929599,53.72233458735587,0,2026-08-25 06:31:44
2024-01-02 17:11:00,CNC-01,L,298.2428299726715,312.50994885533396,1811.1904331211163,38.74880092391279,166.5989327568635,2.839795211846504,13.306144559186752,58.01572253199878,0,2026-08-25 06:31:44
2024-01-02 03:23:00,CNC-02,M,297.9393679050003,310.8427955187686,2314.90038947048,24.995282318885433,44.61779850918247,2.9633186931843873,10.566491554038246,51.811573358815636,0,2026-08-25 06:31:44
2024-01-02 23:23:00,CNC-03,H,298.814925356084,310.94615743663803,2763.0893986709725,14.48142258553807,158.10352022269754,3.48749820217176,7.570185286770088,55.41882208058704,0,2026-08-25 06:31:44
2024-01-02 14:01:00,CNC-01,L,297.74974818797915,312.38145073491074,1516.6093074468374,48.80582648911812,121.6294185075952,2.326169913253942,13.918111642085318,50.05491978953007,0,2026-08-25 06:31:44
2024-01-02 19:57:00,CNC-02,M,299.2635535814723,312.10170191781816,2252.1710425123065,23.237669397324805,9.623273372151253,2.7125104722131756,9.760593530772397,51.16683245284903,0,2026-08-25 06:31:44
2024-01-02 14:19:00,CNC-01,L,297.68949871871166,312.84032338601804,1465.1056513625274,54.06932038619588,149.64318820953392,2.514207001517831,15.088963053573154,,0,2026-08-25 06:31:44
2024-01-02 05:30:00,CNC-02,M,296.2600228821387,310.99942553145803,2083.401918312606,35.20581869045592,201.1689612767101,3.3264521073922926,13.755315947191797,54.772652177072985,0,2026-08-25 06:31:44
2024-01-02 00:36:00,CNC-01,L,298.63351911779364,310.8656491503168,2531.5308837894454,18.997072557790013,71.32135706333841,3.0661725746111506,8.916403670399598,51.745730336323,0,2026-08-25 06:31:44
2024-01-02 00:23:00,CNC-02,M,299.1064840941761,311.5016252790373,2593.636689494403,18.1764568964414,69.74904304200784,3.1698565946975696,8.99629122926189,53.53818544697672,0,2026-08-25 06:31:44
2024-01-02 03:34:00,CNC-01,L,297.18502185477644,310.83275098982386,2259.7736235479597,29.055214063052038,69.80342683842998,2.84272888158419,12.184605911101855,61.19707080598175,0,2026-08-25 06:31:44
2024-01-02 00:33:00,CNC-01,L,298.6003218963136,309.9478336364945,2751.3059543518234,12.710386027858613,68.1230213871122,3.16556086339941,6.573829496810168,56.26292633257303,0,2026-08-25 06:31:44
2024-01-02 03:12:00,CNC-01,L,297.28561167372516,308.6371157273506,2478.2784185874593,15.188651589842259,44.13670972198299,,7.242111371478622,54.48980163699719,0,2026-08-25 06:31:44
2024-01-02 09:48:00,CNC-03,H,295.7416177499694,309.6261770693586,1432.5858881687002,47.13106439061876,52.68296408426989,2.1370829013656696,12.449738823053169,62.17399657768934,0,2026-08-25 06:31:44
2024-01-02 21:10:00,CNC-02,M,299.2418323049349,311.9535109406144,2562.918944042625,18.181898793064757,94.2889637092429,3.1674047219182953,8.693771063435147,53.553953363969185,0,2026-08-25 06:31:44
2024-01-02 10:45:00,CNC-02,M,296.3227338667766,311.59407107462494,1490.0883137441288,52.98012974322703,159.16326244202384,2.4249776246946926,14.772072725359605,59.2283273143695,0,2026-08-25 06:31:44
2024-01-02 22:07:00,CNC-01,L,299.03929849366403,311.1534590465476,2646.2179467173664,16.706475977706067,91.57164453949761,3.2033243479878606,8.242833832269595,52.07390145151201,0,2026-08-25 06:31:44
2024-01-02 01:48:00,CNC-03,H,303.6085283066357,310.1604476442743,2670.3793128234884,16.65584955556901,164.26691888125623,3.490648164930095,8.201020778066347,44.96665771493711,0,2026-08-25 06:31:44
2024-01-02 22:48:00,CNC-01,L,298.6093310218336,310.2154168972691,2835.876859523922,12.114604841408312,136.39847522398608,3.6081790927512336,6.5128583188638425,50.03347537854812,0,2026-08-25 06:31:44
2024-01-02 21:22:00,CNC-01,L,299.10921425248506,310.98711236942927,2506.5298506297154,16.905704452828626,42.00415377140159,3.1384881003068026,7.817497835438815,55.16403726964342,0,2026-08-25 06:31:44
2024-01-02 05:08:00,CNC-02,M,296.25766916039584,310.73671048766107,2027.526540838221,34.539805062226705,172.6798140337354,3.022438433747862,12.952729389115628,,0,2026-08-25 06:31:44
2024-01-02 01:37:00,CNC-01,L,298.17263386029106,311.24216937421704,2761.0275372345104,19.41950521679711,136.77150177093415,3.596134472703813,10.279439837768553,58.09007335825599,0,2026-08-25 06:31:44
2024-01-02 21:58:00,CNC-01,L,299.2580602191399,311.67703380562546,2558.899337293051,18.876702626818872,81.6915710735251,3.1142243576292,8.911806278788454,55.09405976358745,0,2026-08-25 06:31:44
2024-01-02 15:44:00,CNC-01,L,298.35319316596446,312.3424822369859,1489.7861117898503,47.22917861182105,42.11407709383517,2.159139642744294,13.228089684015599,51.42824123094331,0,2026-08-25 06:31:44
2024-01-02 09:43:00,CNC-01,L,296.0021309321076,310.31561844180897,1523.6883243166678,46.077743817487374,116.98177485165147,2.33067268996748,12.797427238146465,56.47978021475378,0,2026-08-25 06:31:44
2024-01-02 09:37:00,CNC-02,M,296.23868151008145,310.27564338032596,1389.0902749896825,51.82160507168162,52.33247296227468,1.9780874909538133,13.625508525251165,54.36265321725212,0,2026-08-25 06:31:44
2024-01-02 01:39:00,CNC-02,M,298.4927989248863,310.59027284819706,2619.408099424481,16.296251660419436,151.34672050396694,3.390168435038073,7.964511786802249,56.19012571147299,0,2026-08-25 06:31:44
2024-01-02 10:32:00,CNC-02,M,296.2347402567327,311.1233369782181,1328.5817827679384,56.46926336376782,138.66549825087912,2.2189162633954376,14.036779023360353,57.20654961850987,0,2026-08-25 06:31:44
2024-01-02 14:21:00,CNC-03,H,297.6174444012103,311.18498485812955,1474.0572414686635,46.508267415074634,1.5644120185527517,2.147815636958936,12.823201026973939,57.50698345179329,0,2026-08-25 06:31:44
2024-01-02 12:29:00,CNC-02,M,296.9598098217159,311.3720204268249,1411.8766169228916,50.4757986064424,117.42413307476815,2.227806315707543,13.348864758692526,58.77489971508923,0,2026-08-25 06:31:44
2024-01-02 13:31:00,CNC-03,H,297.64877294723914,311.95331972013406,1503.5290154006761,48.06528966824986,145.6432009300168,2.4311368800009796,13.482181431793764,57.87830618897656,0,2026-08-25 06:31:44
2024-01-02 14:31:00,CNC-02,M,297.5338268232415,311.3475304926744,1358.2349945661172,48.93677386328531,,1.9940454621175494,12.491474677014404,53.21236490453782,0,2026-08-25 06:31:44
2024-01-02 22:49:00,CNC-02,M,299.3523100921956,313.46403891722383,2648.3026491435007,21.621442253428345,203.29922008210588,37.10079932656709,10.662388152483054,52.773733915788696,0,2026-08-25 06:31:44
2024-01-02 08:35:00,CNC-02,M,295.809880105006,310.7834070315475,1573.6764886830647,47.08849096649446,217.51627831271622,30.58215823062108,13.95995764653188,57.46080842449901,0,2026-08-25 06:31:44
2024-01-02 17:52:00,CNC-03,H,299.2865401710901,313.34936893084955,2001.7066935474913,36.53127353947419,36.41498815395315,2.5761989652331883,13.790005112556589,51.7420611547841,0,2026-08-25 06:31:44
2024-01-02 08:46:00,CNC-01,L,301.4339084479698,309.2758405396752,1495.2754461925847,47.55209017299566,30.059321568299467,2.144142143822154,13.414631152707912,54.45153353594718,0,2026-08-25 06:31:44
2024-01-02 16:03:00,CNC-01,L,298.61508853564294,313.1201549878299,1688.8753975490117,45.979845728171384,69.99695896700912,2.361567788202014,14.702992154038798,0.0,0,2026-08-25 06:31:44
2024-01-02 23:17:00,CNC-01,L,298.48955426121825,312.1378086064806,2594.0212291471944,21.795642257834498,167.20913718038227,3.6333161517741495,10.696477116875474,52.983930660208614,0,2026-08-25 06:31:44
2024-01-02 19:32:00,CNC-03,H,299.4013833009076,313.52081901390835,2277.0590590390225,28.591501566099055,164.77054915169037,3.1027540218616414,12.258992843299799,57.22162469578754,0,2026-08-25 06:31:44
2024-01-02 10:03:00,CNC-03,H,296.08605890058624,310.1399981976778,1515.1767547364802,46.40774447087249,75.98918864203975,2.2663546829959453,13.112061800102744,59.296938539433086,0,2026-08-25 06:31:44
2024-01-02 19:56:00,CNC-01,L,299.0675616614745,313.079293898863,2286.9302915312433,28.96631154508655,169.27528248577207,3.3350464717822113,12.494281024330228,51.41954990848781,0,2026-08-25 06:31:44
2024-01-02 08:56:26,CNC-01,L,295.97124365659323,310.0287108016751,1687.8534256320984,43.60899753739734,45.046413840903455,2.3678625174105745,13.735393873502804,59.440807841884315,0,2026-08-25 06:31:44
2024-01-02 16:44:00,CNC-02,M,303.62019971544595,313.44048407585404,1878.1584738081885,43.137711740528715,254.22329895958399,3.8882584288214113,15.163062065899798,46.77819445600646,0,2026-08-25 06:31:44
2024-01-02 21:31:00,CNC-01,L,299.0596455715738,311.8772722902851,2658.728443204142,20.549698583844403,52.00109664476922,3.174588535008544,10.1548713154972,53.54567360274183,0,2026-08-25 06:31:44
2024-01-02 01:58:00,CNC-01,L,298.0768694603432,310.1670678913537,2765.5843254284973,14.436176089810662,159.84031984335985,3.644481604499077,7.518453395755085,55.84412834784895,0,2026-08-25 06:31:44
2024-01-02 09:28:00,CNC-02,M,296.0988807767183,310.4771832326303,1612.895015010375,46.22827191465115,38.339024794724466,2.212282430544009,13.897622176156911,58.572440547389114,0,2026-08-25 06:31:44
2024-01-02 18:25:00,CNC-02,M,25.970094973540085,40.08637904116256,2073.0243360930417,31.58812686964243,135.88333984662637,2.769297297356918,12.341206636335514,50.54541050255717,0,2026-08-25 06:31:44
2024-01-02 08:41:00,CNC-01,L,301.5805016117086,309.37457813180885,1586.9477978765105,45.18646463207934,22.45278476471134,2.278876630655463,13.244067176981112,49.40678570722388,0,2026-08-25 06:31:44
2024-01-02 20:40:00,CNC-02,M,,312.0564674928827,2492.3366839498353,21.35088236263687,60.12189626317357,3.143176803804378,,53.471167875107916,0,2026-08-25 06:31:44
2024-01-02 11:54:00,CNC-01,L,297.03559382843497,311.5635617705215,1391.203015410189,53.17546115597314,131.35167931224885,2.272634036516565,13.89383782965503,52.73793482257826,0,2026-08-25 06:31:44
2024-01-02 08:25:00,CNC-01,L,301.71315302004416,310.9313403286205,1600.2507543904355,48.60269668556065,230.87527642467984,3.3993173053273344,14.38593330632247,45.20409852124962,1,2026-08-25 06:31:44
2024-01-02 22:37:00,CNC-01,L,299.0025868574917,311.8594695514005,2641.76417725155,19.899384053811563,124.46834999556465,3.3308923926862235,9.924943948744229,52.680627686290194,0,2026-08-25 06:31:44
2024-01-02 18:31:00,CNC-02,M,25.739856765541845,40.12917237942429,2184.475424291898,30.519812670359325,143.7098986207717,3.0027544022751536,12.612305566835525,56.22407613312773,0,2026-08-25 06:31:44
2024-01-02 12:23:00,CNC-01,L,297.3487434671819,311.86588746791904,1408.4786125453084,50.61521635072008,177.48420918854183,2.602678654095941,13.098931425399794,53.71180674824504,0,2026-08-25 06:31:44
2024-01-02 10:18:00,CNC-03,H,295.9679734311465,310.5817685794551,1532.7476949349682,50.03755332460564,99.60420824529751,2.251688917288909,14.389993369291263,60.54313731247328,0,2026-08-25 06:31:44
2024-01-02 02:21:00,CNC-02,M,297.9007394548177,310.5769550840956,2668.960599393558,16.055367069681015,197.53636686982753,3.8447447174174627,8.082818672316344,53.72313624773166,0,2026-08-25 06:31:44
2024-01-02 12:43:00,CNC-01,L,0.0,312.89594311481113,1517.7563437341257,52.093357114738716,209.2122488417299,3.0459407545927717,14.748593627842228,56.325653750542635,0,2026-08-25 06:31:44
2024-01-02 17:10:00,CNC-02,M,298.2927187141112,312.863203929873,2101.3105014079615,35.87468837910899,34.97963160199775,2.68940413694325,13.990022015530144,54.83135356527877,0,2026-08-25 06:31:44
2024-01-02 15:26:00,CNC-01,L,298.34424072017,312.0755514414106,1518.0350198738201,45.880816962850275,15.09681823876225,2.1388962038900248,13.111893950016253,54.58130752430291,0,2026-08-25 06:31:44
2024-01-02 16:21:00,CNC-01,L,298.5812958491969,313.0771321745829,1675.8875686830331,44.59154180174092,96.16336223527915,2.4772721034966496,13.924247941876375,54.761173253312045,0,2026-08-25 06:31:44
2024-01-02 08:38:00,CNC-02,M,295.95787836526443,310.68690294684166,1559.8943581920712,45.94789802118744,221.9232361327133,3.1599460770629624,13.552723587592025,58.53908833330708,0,2026-08-25 06:31:44
2024-01-02 16:00:00,CNC-03,H,298.3160694599921,312.2498540146346,1820.3181745485979,36.31088743076408,151.62668237295597,2.7286261443557827,12.451773745965733,54.44536566422334,0,2026-08-25 06:31:44
2024-01-02 20:16:00,CNC-02,M,299.3363107390513,312.77544472930947,2334.7744448089056,25.06549158595881,32.1252566837173,2.9403376509519674,10.957257843342225,55.77657177575789,0,2026-08-25 06:31:44
2024-01-02 06:55:00,CNC-01,L,296.1211586079822,310.2699029762075,1908.2726017757398,36.778315155699765,101.28566796098886,2.5812132138501034,13.111717959103938,56.034531463524665,0,2026-08-25 06:31:44
2024-01-02 12:51:00,CNC-03,H,297.1645215903419,311.6936743226116,1475.9795157046667,51.87244046205705,82.53193851743214,2.105123675454619,14.597827376952832,54.594654606944104,0,2026-08-25 06:31:44
2024-01-02 18:37:00,CNC-01,L,25.745075683819096,39.392991551247405,2011.3609824848857,31.724219472716257,71.21300348616882,2.6553306172249593,11.771876864158862,54.65694852950271,0,2026-08-25 06:31:44
2024-01-02 03:27:00,CNC-02,M,297.48625380134575,310.14595915302976,2334.1287923979066,23.10207212858033,49.340617101053624,3.0064937396736884,9.945136946244345,54.303058157834705,0,2026-08-25 06:31:44
2024-01-02 11:04:00,CNC-02,M,296.5173047236682,311.2693712650931,1446.6837181843214,50.77169351576576,189.10479303754173,2.6554976414839735,13.875347521590554,57.62508856738731,0,2026-08-25 06:31:44
2024-01-02 04:24:00,CNC-02,M,296.85106861911044,311.1973777829246,2258.494643884972,31.66479704584041,117.61033258921503,3.0179812371928714,13.109370726180783,64.59940846702969,0,2026-08-25 06:31:44
2024-01-02 11:00:00,CNC-01,L,296.46585377316495,310.533332080872,1499.907176935493,47.98994390869052,45.726180563459295,2.21436958048826,13.369475515572047,57.5112967494006,0,2026-08-25 06:31:44
2024-01-02 17:26:00,CNC-01,L,298.54610831517283,313.5099767519983,,40.44671837842632,187.19428930540732,3.1964419409101925,14.65958818106921,54.23228676583875,0,2026-08-25 06:31:44
2024-01-02 16:53:00,CNC-01,L,298.4906858215016,313.02439210320074,1883.744236194059,38.81868903204134,141.75446522294476,2.7246745163232853,13.661976655501043,53.041760591882195,0,2026-08-25 06:31:44
2024-01-02 20:04:00,CNC-02,M,299.2089236456354,312.7288873735941,2517.845294362905,24.7155568737643,17.89645913485561,3.097943313186355,11.589397138820965,51.04319279335872,0,2026-08-25 06:31:44
2024-01-02 03:57:00,CNC-02,M,297.15093646794406,309.3809721321807,2565.4655779003447,18.783572963053288,84.78704862884408,3.0786000355106076,8.85551509135884,52.4687827910913,0,2026-08-25 06:31:44
2024-01-02 16:30:00,CNC-02,M,303.6101842174348,313.27536250201786,1801.2247200423196,46.193471827250654,234.39445180557578,3.350748089664229,15.721247464208307,49.5356893488967,0,2026-08-25 06:31:44
2024-01-02 02:02:00,CNC-03,H,303.52664522803053,309.99164262212975,2570.465124652469,17.89249277968041,179.71135883415118,3.4746435491817937,8.701331589380239,48.2522168481254,0,2026-08-25 06:31:44
2024-01-02 03:28:00,CNC-01,L,296.99002428312593,310.38526428660793,2501.2971643263095,25.639502532209896,62.77784339946885,30.33517864694654,12.112421459701647,57.710681928319445,0,2026-08-25 06:31:44
2024-01-02 17:08:00,CNC-03,H,298.9249439214426,314.6191805842664,1710.9922215873714,47.02140830248245,248.68680015242427,3.309114279706853,15.267628169990829,53.53597275370623,0,2026-08-25 06:31:44
2024-01-02 13:43:00,CNC-03,H,297.50850162359063,311.469182713706,1325.1881746100262,48.29217536929546,164.36825919957303,2.393335214839953,11.967791731110347,54.29088210566675,0,2026-08-25 06:31:44
2024-01-02 23:58:00,CNC-03,H,298.67690636212194,312.2877891395716,2563.1761916249693,22.70857791789846,195.2289497298845,3.728331586734141,11.083239037822192,56.49795485053022,0,2026-08-25 06:31:44
2024-01-02 05:51:00,CNC-02,M,296.06912278566114,311.02428390327094,1984.916612466383,35.30878315544668,228.55367423872767,3.426732750677604,12.925305009962926,59.110213546292414,0,2026-08-25 06:31:44
2024-01-02 19:29:00,CNC-03,H,299.2517820037661,313.09971314379743,2150.6096613631585,28.98800651355643,161.05410992514427,3.077706307742881,11.614895530678366,51.943851009983234,0,2026-08-25 06:31:44
2024-01-02 06:03:00,CNC-03,H,296.5410989106373,311.1990497296481,2002.5490000605482,35.41935241571168,216.65690544187407,3.3580691785554175,13.341700827111488,56.21815759577668,0,2026-08-25 06:31:44
2024-01-02 01:20:00,CNC-03,H,298.5656860322242,311.1672369990843,2645.66812864508,18.41962268235873,133.9759680622719,3.4233095837812724,9.232402053912963,53.513963875089026,0,2026-08-25 06:31:44
2024-01-02 15:09:00,CNC-03,H,297.8687102435638,312.0612301557062,1535.7755959435622,47.41944950015084,75.53874585761727,2.2981882890895746,13.481476758694036,54.4229310957214,0,2026-08-25 06:31:44
2024-01-02 02:06:00,CNC-02,M,298.1675278757442,312.2663138137796,2410.674755465678,26.30497514888909,180.9472554887988,3.3998107750521855,11.9111861906078,53.87635413176955,0,2026-08-25 06:31:44
2024-01-02 02:00:00,CNC-01,L,297.7417930812081,310.1551305468453,2697.6814793692424,16.30243674975443,162.01885040818834,3.634811312492055,8.369555600382283,51.679578125020576,0,2026-08-25 06:31:44
2024-01-02 20:10:00,CNC-02,M,299.2993917854806,311.166735665596,2549.9974683692803,16.264915638698984,24.969358080560607,3.1744637660315567,7.757568545786828,53.9037968196624,0,2026-08-25 06:31:44
2024-01-02 20:47:21,CNC-01,L,298.9011388136313,310.8499004233836,2703.128875847549,16.92340827946435,3.364256674123605,3.1519374955320485,8.422219430615845,54.514619703141186,0,2026-08-25 06:31:44
2024-01-02 12:10:00,CNC-03,H,296.7642258134396,310.44002639328016,1391.9976578090022,49.899497089383175,17.396235287917342,2.137207195323395,13.342084198657686,54.64718481085004,0,2026-08-25 06:31:44
2024-01-02 02:58:00,CNC-02,M,297.55160123714,309.91222844141885,2467.702378000539,20.228098102379704,15.916921387027685,2.9879643209199584,9.134023797801797,54.021843170962256,0,2026-08-25 06:31:44
2024-01-02 19:05:00,CNC-03,H,26.491153420710873,40.49772394552707,2195.1864243961477,29.905208500107353,131.17828761985757,2.965427284255668,12.215975229722984,52.10435771876723,0,2026-08-25 06:31:44
2024-01-02 17:06:00,CNC-02,M,298.55237691958604,312.25831507522565,1921.4293369161044,34.51253454185621,29.447864474290395,2.6664054692629864,12.3768038862543,54.76475750496521,0,2026-08-25 06:31:44
2024-01-02 02:17:00,CNC-03,H,8822.633275895216,310.60073049174224,2488.363083452431,20.867911084607332,196.33294004661212,3.546829414922954,9.887630757475394,44.82304705759046,0,2026-08-25 06:31:44
2024-01-02 03:37:00,CNC-01,L,297.2195961574393,310.0618534879554,2383.61173245185,23.390552137775273,73.27644621330182,2.9518818042734987,10.427138632800698,53.05030764135364,0,2026-08-25 06:31:44
2024-01-02 23:58:00,CNC-01,L,298.2630486353485,311.4573382884511,2669.3766775331082,19.407147941095356,210.87395015627848,4.186957287011103,9.82793817293802,54.01015132898908,0,2026-08-25 06:31:44
2024-01-02 07:00:00,CNC-03,H,22.936496857364034,37.03744489828006,1915.860369638941,36.11508625242269,73.71886684916602,2.595509627534067,13.05720855331218,56.88133949010595,0,2026-08-25 06:31:44
2024-01-02 07:56:00,CNC-03,H,22.832225354670697,38.02214536351204,1811.4741810134665,44.20581523839767,154.19831315662782,2.635440471744361,14.867839056739253,48.76571645197543,0,2026-08-25 06:31:44
2024-01-02 18:18:00,CNC-01,L,25.695399529272095,,1946.6846569837962,32.984760615295954,46.36686683090465,2.5075312016481894,11.877608411389337,57.02059672172348,0,2026-08-25 06:31:44
2024-01-02 01:52:00,CNC-03,H,303.76546261628357,311.3605880168074,2543.1174110573274,22.922213296801807,168.65498995437548,3.3688005969936548,10.668147990558003,48.31359776517981,0,2026-08-25 06:31:44
2024-01-02 16:10:00,CNC-01,L,298.47755276810904,312.7882645085829,1832.2422925553783,40.92336116170422,80.14931377515404,2.462874568434023,14.012880445775231,51.927389472465165,0,2026-08-25 06:31:44
2024-01-02 12:16:00,CNC-03,H,296.73735091572865,310.31346720022395,1351.6595688368147,50.61170282298955,26.951393083760685,2.0457866247670435,12.903111778394303,58.62399780537885,0,2026-08-25 06:31:44
2024-01-02 19:59:00,CNC-03,H,299.47212555366735,313.4034960790416,2306.3061928947027,27.998015684134945,197.70391987735564,3.2646966704554496,12.234726280330573,,0,2026-08-25 06:31:44
2024-01-02 16:45:00,CNC-01,L,298.2149809831735,312.4966333710704,1841.6039036354207,39.12595333567179,130.58873776075734,2.725163297858251,13.622494928647523,51.300557065369595,0,2026-08-25 06:31:44
2024-01-02 15:36:00,CNC-01,L,298.87306332586894,313.00433049496013,1580.7058536688598,46.83986711743556,30.12559488264621,2.2225033239811,14.123601373702456,52.226429258665846,0,2026-08-25 06:31:44
2024-01-02 23:22:00,CNC-01,L,298.60454852529483,311.064687860429,2780.404504566337,15.645955884851453,172.40111918826545,3.8340391558997506,8.072273595636883,55.643039398352514,0,2026-08-25 06:31:44
2024-01-02 20:01:00,CNC-03,H,299.50515046352865,313.1371745309667,2380.1557498639418,24.5379902285379,200.03575011841968,3.561237926822358,10.731468893206836,50.810062804696,0,2026-08-25 06:31:44
2024-01-02 23:21:00,CNC-03,H,298.7059425548561,311.5686125418864,2684.660311402773,19.57193233798301,156.01421584206042,3.532777786582464,10.11134593020272,49.771910830154816,0,2026-08-25 06:31:44
2024-01-02 03:36:00,CNC-01,L,297.0547561195717,,2543.6036439727527,21.39075149413994,72.09322276370415,3.1475712581258843,10.156327576055727,56.974799303339786,0,2026-08-25 06:31:44
2024-01-02 00:44:00,CNC-01,L,298.60844684604655,311.2861965750207,2653.3185224103568,19.627148424886453,79.83522891209316,3.303352216069025,9.843614038998183,51.5874897125513,0,2026-08-25 06:31:44
2024-01-02 16:35:00,CNC-01,L,298.24769050153327,312.49328039379475,1763.6452989540717,39.57202507812372,116.27680828629141,2.599180013690621,13.084112850548642,58.92421602947935,0,2026-08-25 06:31:44
2024-01-02 06:34:00,CNC-01,L,295.73561244650784,309.6046478113831,1973.1473346482742,35.979206836812864,72.3799639364343,2.5938826663996646,13.206906971001981,55.175355727143014,0,2026-08-25 06:31:44
2024-01-02 15:44:00,CNC-02,M,303.4998317493496,312.7397975468001,1706.0692255797633,45.02897257565126,167.74588785566604,2.711273500405065,14.64870069589272,46.59538254049108,0,2026-08-25 06:31:44
2024-01-02 09:34:00,CNC-02,M,296.1481828355195,310.2996189468598,1558.470461736926,45.15328663239609,47.672024158392034,2.149314288594895,13.134499619830935,61.301852699977054,0,2026-08-25 06:31:44
2024-01-02 03:24:00,CNC-03,H,297.69014123811746,310.6910677445877,2314.1914901090713,26.237141294991467,18.39589556591685,2.8996191323764706,11.592229875930805,60.246157829081724,0,2026-08-25 06:31:44
2024-01-02 08:10:00,CNC-01,L,301.5427968126539,310.589706310206,1707.908939319674,45.018392785975124,208.6787173071303,3.2693318909467397,14.433064825746804,46.97617934258895,0,2026-08-25 06:31:44
2024-01-02 06:05:00,CNC-01,L,295.6617511871791,309.244073864221,2211.4218934408123,29.187902608457424,33.06199215172867,2.790208149658511,12.198017497797546,59.84703401508474,0,2026-08-25 06:31:44
2024-01-02 08:47:00,CNC-01,L,301.7275363725287,309.97894397533224,1570.899513223639,47.86786137104156,31.610509672107238,2.256749023824411,14.095094399473297,49.26565406507827,0,2026-08-25 06:31:44
2024-01-02 18:23:00,CNC-02,M,25.722260161774955,40.77679153947372,2166.4156790496704,36.25824630175077,133.21817969144422,2.9979061165140966,14.522907950356483,52.214189226839466,0,2026-08-25 06:31:44
2024-01-02 10:33:00,CNC-02,M,296.42221115795877,311.3473683430747,1475.2786269011888,50.9631343020823,140.25220035772077,2.361531477456251,14.133581943033624,59.8289681542764,0,2026-08-25 06:31:44
2024-01-02 21:55:00,CNC-01,L,299.0782811412091,310.3516664967265,2654.820648197585,13.272037434330517,78.35020294228029,3.257170294854346,6.633619226111363,51.150616764052295,0,2026-08-25 06:31:44
2024-01-02 00:00:00,CNC-03,H,298.98507118515636,311.2513844029514,2517.5292067764285,18.858200707785528,48.62559950067435,30.59835605580341,8.78126772310903,55.29837174403174,0,2026-08-25 06:31:44
2024-01-02 06:48:00,CNC-02,M,296.0262413960238,310.4000285053553,1888.854951548173,39.15158167566819,63.384888590926,2.487068610586205,13.582994130396543,62.8421213841083,0,2026-08-25 06:31:44
2024-01-02 07:45:00,CNC-02,M,22.750383834997706,37.518097967038614,1743.5523494520687,1610.5660955538924,144.13580022006587,2.506196880643747,14.629296448219689,59.687474236725755,0,2026-08-25 06:31:44
2024-01-02 09:22:00,CNC-03,H,295.86656456148387,309.5729514925193,1513.5294308867203,45.80920141124427,12.400756637329303,2.17006880133105,12.95561327742434,59.17337983935823,0,2026-08-25 06:31:44
2024-01-02 20:43:28,CNC-01,L,299.11156250941616,312.87637047621666,2556.3095675253094,23.33503812863589,225.72392996780206,4.185361745504539,10.99362236966091,53.78618538068436,0,2026-08-25 06:31:44
2024-01-02 06:16:00,CNC-02,M,295.8530062859504,309.5542411601475,1978.4892027583744,33.94773883755136,19.9954629724294,2.5852667441278134,12.398404761894168,57.38546713081959,0,2026-08-25 06:31:44
2024-01-02 17:52:00,CNC-02,M,298.8439186842054,312.4804245586505,2058.395874166936,31.296043384251877,92.33820619311597,2.755009410185472,12.225921875529716,54.799507011250356,0,2026-08-25 06:31:44
2024-01-02 21:18:00,CNC-03,H,299.0778081442503,311.43603824119447,2530.5904542930357,19.830477715163596,22.71346116165156,3.0644208726997952,9.34244247618866,53.31210425979669,0,2026-08-25 06:31:44
2024-01-02 03:42:00,CNC-02,M,297.4178752900709,310.55415766263656,2411.76067182713,23.445242990241468,67.01956006341688,3.0663302564132713,10.64436325781538,61.5267170605399,0,2026-08-25 06:31:44
2024-01-02 14:06:00,CNC-01,L,297.90452719936235,312.34120547747335,1531.698924634048,47.59347983213331,129.46873087045887,,13.79145371402132,59.429171679614974,0,2026-08-25 06:31:44
2024-01-02 00:05:00,CNC-03,H,298.76858368472364,311.02991579800425,2719.7906730416457,17.536104562984224,53.93490228595134,3.381455548059363,8.977511244936542,53.3033322094164,0,2026-08-25 06:31:44
2024-01-02 18:12:00,CNC-03,H,25.928810144279396,39.84296986554398,2065.1830072775047,34.488108906895164,63.05664712321669,2.7238015660380968,13.595656438213616,50.986443194777074,0,2026-08-25 06:31:44
2024-01-02 08:19:00,CNC-01,L,301.33846801041756,310.3767463336391,1620.5477605935932,47.16833679340914,221.98785486267064,3.328936204475882,14.349039420679135,49.62451187411985,0,2026-08-25 06:31:44
2024-01-02 03:50:00,CNC-03,H,297.5619297248109,310.1606400702366,2523.4308275911008,20.585315932269953,48.85376401521917,3.0826414203283297,9.665506027342776,56.43349775530648,0,2026-08-25 06:31:44
2024-01-02 23:10:00,CNC-02,M,299.54853676762764,310.877681749719,2801.654050169652,12.221861639289456,2.0974436292071523,3.294416005491956,6.2800264289790375,52.44914567659476,0,2026-08-25 06:31:44
2024-01-02 01:26:00,CNC-01,L,298.26720619754474,311.952272907135,2660.3306777646476,21.71028951122465,124.87243747636721,33.74549007178921,10.780609469314593,56.762534552516726,0,2026-08-25 06:31:44
2024-01-02 18:52:00,CNC-02,M,26.076492775572945,40.46262521667194,2147.938481517675,30.47127101154289,170.52149099219844,3.1011574431894364,12.085163750554923,55.460482667410666,0,2026-08-25 06:31:44
2024-01-02 09:41:00,CNC-02,M,296.0832933637783,309.8575469291887,1465.864817143009,44.27920719144456,58.47088952985238,2.163886557358325,12.452082232929612,59.00169494651209,0,2026-08-25 06:31:44
2024-01-02 14:02:00,CNC-02,M,297.19190613675795,310.9359906293084,1418.4758601612446,49.01169896017979,12.551149495182152,2.035743056969034,12.887661214388398,60.24615938482117,0,2026-08-25 06:31:44
2024-01-02 22:34:00,CNC-03,H,299.1207312024444,311.9992138677835,2526.5155611134464,22.121156195026654,105.78890812127985,3.119629079798019,10.487190033595732,54.057243234090485,0,2026-08-25 06:31:44
2024-01-02 11:14:00,CNC-03,H,,311.0874607360472,1385.1649729923179,52.28346909110097,187.9089353995108,2.4905564778610425,13.560298570542972,61.78202042098859,0,2026-08-25 06:31:44
2024-01-02 07:05:00,CNC-01,L,22.957390941426297,37.8115175645479,1962.6482638812593,38.28849715442263,115.29812651557654,2.6643072034743707,14.282342153453078,57.672240937452614,0,2026-08-25 06:31:44
2024-01-02 05:11:00,CNC-03,H,297.0171389753632,311.19030022171137,2095.8624899839624,33.16815022961455,148.6162116083509,2.937626913167261,13.038226396672211,55.13888239127582,0,2026-08-25 06:31:44
2024-01-02 00:33:00,CNC-02,M,299.1058960504521,310.49732097923555,2762.6732297102717,12.91697551535795,80.36675754632724,33.10586942171776,6.455305404316586,55.229804890624344,0,2026-08-25 06:31:44
2024-01-02 20:52:00,CNC-03,H,299.07297538663795,313.65045244229333,2571.6310905225305,25.605322937600217,259.7093173860803,4.19711939748008,12.158608602087307,50.96066294789143,0,2026-08-25 06:31:44
2024-01-02 05:27:00,CNC-01,L,296.2438132564927,310.6425005849394,1945.7323112143697,33.32453173390537,208.39965164887414,3.403665140581322,12.18184564170746,61.478335840511505,0,2026-08-25 06:31:44
2024-01-02 17:25:00,CNC-02,M,298.3126840085274,311.9335052187637,1739.2106634773236,36.2286762723301,55.7108271447785,2.3203646635172364,179.29686139247113,52.168586596931696,0,2026-08-25 06:31:44
2024-01-02 13:26:00,CNC-01,L,297.6079502705791,311.1201576557088,1405.298654531405,45.82014048142522,66.5544447504637,2.2003426028549025,12.075532813339338,55.24434417807738,0,2026-08-25 06:31:44
2024-01-02 09:42:00,CNC-01,L,296.18973545085123,310.5798447073978,1486.7396022391026,49.63246478597395,115.46586905696364,2.1103024227923535,,57.0283881797597,0,2026-08-25 06:31:44
2024-01-02 14:04:27,CNC-02,M,297.37428703321586,311.9357521781676,1512.133870602196,50.12829968530795,,2.075707397727335,14.390911011719922,57.23075143471098,0,2026-08-25 06:31:44
2024-01-02 07:03:00,CNC-01,L,22.700590440549377,37.50915332585396,1927.7337457806939,41.204692560847654,112.50171472360256,2.693993014948533,15.102843640926219,58.46629002987559,0,2026-08-25 06:31:44
2024-01-02 20:00:00,CNC-01,L,299.0196785116946,313.14117926826395,2278.3430382683064,28.376595063895703,174.1388056674837,3.301432019782874,12.082415230504527,60.957406645973066,0,2026-08-25 06:31:44
2024-01-02 06:40:00,CNC-01,L,295.6282698153383,309.86589382277197,1828.0236540081173,39.07892268149746,80.68458830585686,2.5268512898014066,13.339867810522168,56.75694708636074,0,2026-08-25 06:31:44
2024-01-02 04:26:00,CNC-01,L,296.31020653658214,310.00451715223954,2278.1464151057125,27.846730013016725,131.76528329070482,,11.853776496798742,61.541595667102165,0,2026-08-25 06:31:44
2024-01-02 01:01:00,CNC-02,M,298.5556101992948,311.2482985796207,2601.7003478262222,18.88622296760768,110.47824519470689,3.2688186370399746,9.139125138828433,54.863239522089,0,2026-08-25 06:31:44
2024-01-02 00:05:00,CNC-02,M,299.07387281220474,311.0757793956254,2744.73028048282,14.568876953385269,50.70771987118545,3.2659826556159857,7.469946469384912,55.06917632859633,0,2026-08-25 06:31:44
2024-01-02 22:58:00,CNC-02,M,299.3545692726594,312.3762171948624,2811.692733607132,15.45665239363613,212.73295828255385,4.110016698539878,8.166968912922295,55.806274771857346,0,2026-08-25 06:31:44
2024-01-02 03:55:00,CNC-02,M,297.20793003593565,310.89957076401333,2246.48463531588,27.887245629377283,82.45331030918673,2.824581014606174,11.662587019743118,58.467486725490886,0,2026-08-25 06:31:44
2024-01-02 00:54:00,CNC-02,M,298.45811486577287,310.9091116233046,2448.3246921427744,18.2159220803658,102.9352755052687,3.0642275815995235,8.07041176172786,50.60400967954118,0,2026-08-25 06:31:44
2024-01-02 12:21:00,CNC-03,H,297.16250071720566,310.4622306055873,1337.238280083965,47.96695967776137,34.90740217535621,1.9432528226826924,181.65546740495702,50.46654501515806,0,2026-08-25 06:31:44
2024-01-02 19:04:00,CNC-03,H,26.26886637170503,39.569606293156994,2207.2968859563434,26.18481295749551,129.91093613476392,2.8726937935805066,10.540307448525043,50.179944002420406,0,2026-08-25 06:31:44
2024-01-02 06:50:00,CNC-01,L,295.82362427482695,309.46402948789984,1820.878893094534,34.97500110887771,94.35574431700195,2.51443110745197,11.611088715569116,59.31919481637452,0,2026-08-25 06:31:44
2024-01-02 20:47:00,CNC-02,M,299.2503310796844,312.28245359590136,2546.9797836294556,19.557402642395637,68.2405074523408,3.0911984142268785,9.157660373423834,51.450909089164455,0,2026-08-25 06:31:44
2024-01-02 12:10:00,CNC-02,M,296.7203275948917,310.9541088215078,1357.7792726410732,50.71289940087951,87.24108067833114,2.1714605119105967,12.483697081916288,55.84735074202043,0,2026-08-25 06:31:44
2024-01-02 13:37:00,CNC-02,M,297.23996964189854,312.0137023381506,1366.3862416287377,51.51491005865355,224.9087457842232,2.9176083916894275,13.198586358376051,56.24224141250728,0,2026-08-25 06:31:44
2024-01-02 15:02:00,CNC-01,L,298.0565985441912,313.18867150894266,1748.6511716334746,44.63380828764739,215.51556163966276,3.333975875054533,14.715869930934575,51.158570681871765,0,2026-08-25 06:31:44
2024-01-02 10:57:00,CNC-02,M,296.3832971130186,311.33705148616,1518.4914053211671,47.96178460108089,178.0291804805654,2.5749159633840275,13.730322432787524,61.942418983440405,0,2026-08-25 06:31:44
2024-01-02 22:38:00,CNC-03,H,299.1474846779551,311.4568337235398,2574.4406332866383,18.18961610335171,110.16970809778222,3.221325330475341,8.706286698341007,51.54125258451554,0,2026-08-25 06:31:44
2024-01-02 04:39:00,CNC-01,L,296.30213311091046,310.1352353862281,2267.4584652751987,28.395174396339403,147.59272307954694,3.2063041193799178,12.016915881846796,57.42362364076115,0,2026-08-25 06:31:44
2024-01-02 15:20:00,CNC-03,H,298.03095005315504,311.7627277856881,1531.7585057561341,41.45984507619947,92.2044747602044,2.170991524120213,11.834585823069906,58.77874422882297,0,2026-08-25 06:31:44
2024-01-02 22:22:00,CNC-01,L,298.99341730077305,311.49751131714237,2681.5290009855225,18.820111062912947,107.88858285367652,3.2364099014038885,9.65893955551043,55.06533420026917,0,2026-08-25 06:31:44
2024-01-02 02:21:00,CNC-01,L,297.6634921846836,310.2976021418495,2600.732202492526,17.050222960732707,185.24089944507327,3.8803485210673347,8.274606698425131,57.95338357927466,0,2026-08-25 06:31:44
2024-01-02 01:21:00,CNC-02,M,298.4339200795417,311.667929848509,2613.3915311294218,22.309809302655147,132.08090573262862,3.3565202296508287,10.922136552408995,57.03527435754455,0,2026-08-25 06:31:44
2024-01-02 07:16:00,CNC-03,H,22.47470028257453,37.2153131398814,1866.7639505199313,40.40136659704025,96.39951392231599,2.6715474527299694,14.29807290563944,57.70745759295162,0,2026-08-25 06:31:44
2024-01-02 04:41:00,CNC-01,L,296.4424358900162,310.5578889380437,2371.0959828409955,26.989237900708794,150.02726433825734,3.199627153721565,11.983609242275211,59.148065470384296,0,2026-08-25 06:31:44
2024-01-02 10:17:00,CNC-02,M,296.25945846388385,310.76841597867536,1541.007409719711,46.70849215835154,114.94348779678484,2.234601959149736,13.509175298118,54.553009053125365,0,2026-08-25 06:31:44
2024-01-02 07:32:00,CNC-02,M,23.034544489698703,37.47481199782885,1806.8905310482098,38.96057055355199,125.6265394693621,2.648378973752125,13.156284913850069,59.78546415930588,0,2026-08-25 06:31:44
2024-01-02 21:32:53,CNC-03,H,299.53213665911153,310.73993695516697,2628.232519659289,13.597481760694924,40.494000830793816,3.204797093295449,6.4658104839877435,50.341238819207646,0,2026-08-25 06:31:44
2024-01-02 06:08:00,CNC-03,H,296.45162995627476,309.6108116204539,1882.2705958670701,32.50489831621349,2.6818973563185455,2.5218735080556907,11.476570439340218,55.28270703387065,0,2026-08-25 06:31:44
2024-01-02 06:02:00,CNC-03,H,296.4213053107577,311.5284794472968,2049.2264679085165,37.89677611542565,215.30302289116597,3.290725697548817,14.4009656697707,56.96249213531787,0,2026-08-25 06:31:44
2024-01-02 16:22:00,CNC-01,L,298.65760720104134,312.3690670006679,1838.871586556361,36.1382414909691,97.54901233525447,2.612196161501703,12.537386362455663,56.73966379919324,0,2026-08-25 06:31:44
2024-01-02 10:57:00,CNC-01,L,,309.8830341691388,1267.6912163506704,49.6142987991651,41.059681185764724,1.8931946086878106,11.885915140353818,53.008234673736375,0,2026-08-25 06:31:44
2024-01-02 03:56:00,CNC-03,H,297.5005998003815,309.52115111225737,2448.715291445214,19.363323109633978,55.877090135106684,2.9052918228259244,9.08086503607989,57.577495061628376,0,2026-08-25 06:31:44
2024-01-02 06:20:00,CNC-01,L,295.66525953193263,309.7844061933215,1907.9788945171292,37.69888550209396,53.34431215254045,2.6129772927271833,13.396445094005147,59.81596127618175,0,2026-08-25 06:31:44
2024-01-02 21:09:00,CNC-02,M,299.62095896535357,312.7862928535825,2388.526754605038,22.881420498623317,93.19622803357845,2.989383842302647,10.224364691713193,51.42433037881073,0,2026-08-25 06:31:44
2024-01-02 22:51:00,CNC-02,M,299.4037731015225,312.42148638886147,2708.557312030414,17.17845837432307,205.4045206457245,4.022645767396076,8.683732446266784,52.408100329573216,0,2026-08-25 06:31:44
2024-01-02 07:43:00,CNC-01,L,22.605267402185348,37.253839973388494,1655.529630992471,43.705905736793646,169.21465895073314,2.8763259311569827,13.802088268570659,57.16737199190004,0,2026-08-25 06:31:44
2024-01-02 15:47:00,CNC-02,M,303.66747139660924,312.8945793934706,1645.135121001083,45.25794483560891,172.12099764666,2.611835733959436,14.110798985409817,41.163460501761605,0,2026-08-25 06:31:44
2024-01-02 04:13:00,CNC-02,M,297.05798590426963,310.0641910840287,2390.1249289687316,22.655981388603543,104.13954997037673,3.0242995846338614,10.318425050994833,61.79494412231101,0,2026-08-25 06:31:44
2024-01-02 07:50:00,CNC-03,H,22.565984020871724,37.0883789736597,1531.5090146894597,48.86793337940983,145.40897571294164,2.379694551854821,14.02191428888311,59.5541377212697,0,2026-08-25 06:31:44
2024-01-02 16:35:00,CNC-03,H,298.39552565587445,313.4228884189945,1797.8247488572692,43.647332833268166,202.21202642627654,2.9059398978848527,14.668280938827074,51.483803030232636,0,2026-08-25 06:31:44
2024-01-02 22:02:00,CNC-03,H,299.0755136103529,310.7748380728505,2729.048728345849,14.479440551136573,71.16238901876127,3.2737823932737355,7.510037364185938,54.69342488419741,0,2026-08-25 06:31:44
2024-01-02 12:08:00,CNC-01,L,297.10053128067227,311.55171918343814,1397.345313877846,49.727897366075844,153.6257188808451,2.379475050252239,13.078577415271452,58.26031704028936,0,2026-08-25 06:31:44
2024-01-02 05:31:00,CNC-02,M,296.1639732654823,310.6068740787192,2013.2981020145749,33.5619984859686,202.5001990062096,3.2240821961038013,12.677389381204403,60.14720835350424,0,2026-08-25 06:31:44
2024-01-02 19:35:36,CNC-03,H,299.2338443831866,313.03602886638635,2233.380335569752,27.47796935200882,169.643328180819,3.144786432186336,11.265390693673096,53.34341036271793,0,2026-08-25 06:31:44
2024-01-02 05:33:56,CNC-03,H,296.4924640408597,310.54263619660424,2078.4057511503725,31.612838236782594,179.67434336814057,3.1036719185723185,12.600179905274727,60.56630201834043,0,2026-08-25 06:31:44
2024-01-02 08:22:00,CNC-01,L,301.7490984055981,310.74255987701207,1636.2377010997718,46.620557001032196,226.45606256708317,3.380328527348573,14.142721918048874,47.875338507498306,0,2026-08-25 06:31:44
2024-01-02 03:05:00,CNC-02,M,297.6496392389545,309.57828625621306,2558.640732650122,16.90218883158434,23.7780003814381,3.1828092947745295,8.022207491602618,55.842825976549136,0,2026-08-25 06:31:44
2024-01-02 05:23:00,CNC-03,H,296.8985702281423,310.5257233282399,,28.52243159451309,164.08469894635684,3.1386754234959016,11.511060416144389,57.40720867764339,0,2026-08-25 06:31:44
2024-01-02 03:03:00,CNC-01,L,297.2894331353868,308.89322611230597,2724.5069945659884,13.84963814382351,33.84636368521743,3.209301307175655,6.889807104330083,58.14271720760348,0,2026-08-25 06:31:44
2024-01-02 17:17:00,CNC-01,L,298.8239518757677,313.2779156800405,1861.9546940642263,37.400586606570585,174.91052764016956,3.091258767834448,13.066331046697155,49.77228997402992,0,2026-08-25 06:31:44
2024-01-02 06:38:00,CNC-02,M,295.7975206296986,309.6354984596423,1967.6407891318129,33.694797354794254,49.74322482876584,2.693409155840095,12.172723915174222,60.39130260382747,0,2026-08-25 06:31:44
2024-01-02 09:20:00,CNC-03,H,295.67938095365605,309.0530930302887,1465.7922068946946,44.97605796503075,9.300213098530794,2.1159654837606183,12.221107301203194,62.2945258554726,0,2026-08-25 06:31:44
2024-01-02 03:39:00,CNC-03,H,297.7348234631634,310.68326137146164,2364.844238771797,23.607943414282474,36.06047853144976,2.9844732870692328,10.62920340541388,57.28654357091672,0,2026-08-25 06:31:44
2024-01-02 18:52:00,CNC-01,L,25.818614660247874,39.80795957519007,2311.253073313308,30.46468769256639,90.1889392672528,3.028238313691994,13.417087929349819,51.7792509589228,0,2026-08-25 06:31:44
2024-01-02 10:49:00,CNC-01,L,296.402398010567,309.8962183679143,1371.0680691484977,48.02798310644197,28.376258819056936,2.054613556625095,12.265064700833651,61.41521396654311,0,2026-08-25 06:31:44
2024-01-02 22:12:00,CNC-01,L,299.1476232294796,311.7400169278343,2572.6646308659265,18.519130617714048,97.09050763658745,3.20720959323382,8.747523485605926,55.966143353208125,0,2026-08-25 06:31:44
2024-01-02 07:27:00,CNC-01,L,22.7605235464481,37.19534849817734,1972.3362476622565,36.380142520355406,146.21434710487694,2.842296888664045,13.484096530660578,59.64953944910408,0,2026-08-25 06:31:44
2024-01-02 06:34:00,CNC-02,M,296.1737366979929,310.2583813929893,2087.063167980133,33.48894495381026,44.325647440674125,2.716576642738394,12.966994084253887,56.78228273882477,0,2026-08-25 06:31:44
2024-01-02 19:02:00,CNC-01,L,25.721042109278926,38.80083396288154,2327.399691444543,23.585666308269005,102.92488555077601,3.005092551388544,10.205815478961894,55.04211645563512,0,2026-08-25 06:31:44
2024-01-02 16:55:00,CNC-01,L,299.06986708207205,313.37179673305934,1778.4142518384047,40.79268717541581,144.5168951218024,2.6633775066885352,13.597323138451642,49.53923071717784,0,2026-08-25 06:31:44
2024-01-02 08:43:00,CNC-02,M,295.826229305352,311.2582883415654,1679.4873237874092,48.197247381369564,229.40975095605492,3.2929853937414473,15.090511053915105,61.2175724879928,0,2026-08-25 06:31:44
2024-01-02 14:20:00,CNC-03,H,297.6801600456323,311.2222473889379,1463.405953385379,48.602007242572476,0.0,2.167457312503058,13.085301438414362,55.95057039160861,0,2026-08-25 06:31:44
2024-01-02 19:55:00,CNC-01,L,299.08227464948203,313.009566291908,2453.3280759982517,25.10214433957711,168.0552999087059,3.5008859259584093,11.485457947261722,57.315458459565015,0,2026-08-25 06:31:44
2024-01-02 13:22:00,CNC-01,L,297.383555516726,311.5740916752798,,1961.1561687403703,60.21922305216432,2.139858762319422,13.475978239419364,54.908887733053184,0,2026-08-25 06:31:44
2024-01-02 00:18:00,CNC-01,L,298.6763562531549,310.8418856711899,2652.2421314249304,16.88526810624177,52.10389295578679,,8.136883274977725,52.2581578677691,0,2026-08-25 06:31:44
2024-01-02 01:06:00,CNC-03,H,298.37781594761697,310.57932458382714,2677.5585300335315,16.034724697382245,118.96457985148872,3.340943592712144,8.275092337700164,0.0,0,2026-08-25 06:31:44
2024-01-02 18:57:00,CNC-02,M,26.25969755250418,40.73722930615105,2156.0914704298725,31.720881334077376,176.83993887498636,3.273210177353944,12.763333860858994,53.308645352343454,0,2026-08-25 06:31:44
2024-01-02 07:50:00,CNC-02,M,22.691124495603447,37.24309698596585,1767.8656536880208,40.760143519744375,151.4729648806307,2.658060860523555,13.503355659591245,58.90801774673498,0,2026-08-25 06:31:44
2024-01-02 00:22:00,CNC-03,H,298.5794000646831,310.81231609066424,2620.622300775068,18.111295075990714,71.98883024676297,3.2879669463638725,8.874695880658212,52.30820243917157,0,2026-08-25 06:31:44
2024-01-02 12:19:00,CNC-02,M,296.99167545182013,311.42082046061864,1367.0897753332356,50.749046575674484,101.52548122185388,2.0938090772487348,13.200098366041228,56.05370758545506,0,2026-08-25 06:31:44
2024-01-02 20:03:00,CNC-01,L,298.96989974593794,312.47454167084226,2365.044259009812,26.36576281318989,177.77880214556922,3.459849224957879,11.56065032937231,54.63077877815923,0,2026-08-25 06:31:44
2024-01-02 20:36:00,CNC-03,H,299.394475970211,313.32000863915437,2548.546773001239,23.456335952415788,241.26219026117818,3.939673883304125,11.348853951982742,,0,2026-08-25 06:31:44
2024-01-02 23:32:00,CNC-02,M,299.0870847717575,311.42950619572014,2700.0442917691657,16.996159962654215,25.79911776630618,3.2316162044034793,8.801728225695436,52.280597058903574,0,2026-08-25 06:31:44
2024-01-02 09:52:00,CNC-02,M,296.3636707015118,310.87396041797166,1450.7555298472553,49.895457425038366,75.7373008399179,2.159924560338238,13.666196631571971,58.15225194526281,0,2026-08-25 06:31:44
2024-01-02 03:52:00,CNC-03,H,297.51268607670517,310.35702568244847,2456.4685693644496,20.663029807001635,51.187503725199235,2.951293477782242,9.511516506497655,57.03639989668372,0,2026-08-25 06:31:44
2024-01-02 11:23:00,CNC-01,L,296.46125403033307,310.9940488471453,1458.9941172401147,50.5110043067046,82.22001141238671,2.151037806114124,13.618384626961126,54.30089443552534,0,2026-08-25 06:31:44
2024-01-02 18:18:00,CNC-02,M,25.76770469935508,40.04439991307794,1914.797080313691,34.92491646301201,126.75655562270242,2.6371544487263265,12.151252715775415,,0,2026-08-25 06:31:44
2024-01-02 19:52:00,CNC-02,M,299.39940791080414,312.23903591510776,2388.120945334502,23.31544362556092,3.5860398520706767,2.9480545831527984,10.287064544861868,50.33116406918381,0,2026-08-25 06:31:44
2024-01-02 15:45:00,CNC-02,M,303.38331419004226,312.5146246820528,1686.6685998219887,44.59372793723631,169.21996860459953,2.696743861043317,14.312045233647842,42.43534326934041,0,2026-08-25 06:31:44
2024-01-02 08:09:00,CNC-01,L,301.4483918208604,310.59169195231743,1731.7938557531547,45.478702413774855,207.22234073193738,3.120092640622356,14.825780818550609,49.56108467609444,0,2026-08-25 06:31:44
2024-01-02 04:14:00,CNC-01,L,296.27651740801,309.38362882851584,2477.4162119908206,22.23235443980167,117.08657283232203,3.1198360769918034,10.163732637331405,54.85663275771116,0,2026-08-25 06:31:44
2024-01-02 02:12:00,CNC-03,H,303.53276456414665,311.2890136833527,2493.805008317051,23.840929117220266,190.82064387134935,3.478783189894262,11.224346544901277,45.9333046530073,0,2026-08-25 06:31:44
2024-01-02 15:11:00,CNC-02,M,303.1845600637389,311.8832494684999,1533.192965278626,48.952575910645756,118.48505468429235,2.225853976697103,14.173275651878875,42.37617511003654,0,2026-08-25 06:31:44
2024-01-02 10:26:00,CNC-02,M,296.07758587442675,310.7714693654972,1476.668822137716,49.628955106398045,129.18632594214964,2.2158345823162158,13.508545469378205,57.799325873430504,0,2026-08-25 06:31:44
2024-01-02 18:21:00,CNC-03,H,26.128673883058752,39.77983016741251,2150.243688083449,29.336947915496353,74.86586596395654,2.8998348043392803,11.92596594570892,52.17743094211578,0,2026-08-25 06:31:44
2024-01-02 11:59:00,CNC-03,H,296.71240545548807,310.2151695758518,1339.9571113324403,49.78575390569362,0.0,1.8957655820838022,12.566317530748977,60.39093846053427,0,2026-08-25 06:31:44
2024-01-02 06:29:00,CNC-03,H,296.19319295168077,309.4569708776994,1937.897446837247,32.468255309692445,30.88548990927943,2.4817240021728773,11.707185783335554,56.78608362274759,0,2026-08-25 06:31:44
2024-01-02 05:14:00,CNC-03,H,296.89370181029483,311.07317945079893,2151.6574153104734,29.93785135238344,152.40909825641754,29.344514127154696,12.142185021518907,54.623252795377105,0,2026-08-25 06:31:44
2024-01-02 13:50:00,CNC-03,H,297.4236833674734,312.1940378412872,1522.0837514266627,48.45945189058926,175.30490177979237,2.5189431268961475,14.181842899315628,57.46217016757527,0,2026-08-25 06:31:44
2024-01-02 05:58:00,CNC-03,H,296.48962038210743,311.7773015446566,1972.807884265416,40.706242863849184,210.01861544133058,3.2682834754504917,14.927995614811968,58.180486014746464,0,2026-08-25 06:31:44
2024-01-02 06:46:00,CNC-01,L,295.9457263349993,310.0379378421328,2203.2909774261143,30.75760459048888,88.84152047784043,2.803585642433813,12.472709674999303,59.40015101468324,0,2026-08-25 06:31:44
2024-01-02 09:46:00,CNC-02,M,296.0552484630909,309.9650386342748,1443.807433258648,46.42498367929736,66.32799880089983,2.058193246925838,12.463433015217662,57.38996952402371,0,2026-08-25 06:31:44
2024-01-02 06:23:00,CNC-01,L,295.93591685613774,309.03952422276944,1980.5616983561974,29.78867131041013,57.4135663638868,2.522689137854215,11.074175342466376,56.91047097543697,0,2026-08-25 06:31:44
2024-01-02 22:32:00,CNC-03,H,298.68333926778314,311.030835365148,2569.0938556775714,17.776624632274658,103.54733738331117,3.021416558658008,8.265385478782013,56.53526713750973,0,2026-08-25 06:31:44
2024-01-02 05:20:00,CNC-02,M,296.29012638851435,310.82054423847995,2044.5431042792945,33.0125110153324,188.11436832900057,3.0828651049194677,12.677779888223144,53.85761263909225,0,2026-08-25 06:31:44
2024-01-02 10:54:00,CNC-03,H,296.2216309501555,310.4085548014984,1323.3313545342876,52.63755571950636,156.36551968876964,2.384461465005527,13.316696628604769,55.0674581089233,0,2026-08-25 06:31:44
2024-01-02 23:40:00,CNC-02,M,299.35370460957574,311.59454172564654,2800.64977169687,16.041310769481463,34.178608916458614,3.269833506936297,8.299883235387137,52.34797370603855,0,2026-08-25 06:31:44
2024-01-02 03:46:00,CNC-03,H,297.41615006151045,309.9674366011083,2392.33456870863,20.65094624066775,44.21558542872633,3.03820472698223,9.462926269088868,57.021123419491445,0,2026-08-25 06:31:44
2024-01-02 21:50:00,CNC-03,H,299.36855389408225,312.13460327906563,2593.564202300868,20.89819192849459,58.133266075609534,3.066737873379082,10.041509139841734,56.409948826150455,0,2026-08-25 06:31:44
2024-01-02 18:20:00,CNC-01,L,25.682570461591013,39.77359746334622,2089.034485481717,33.76744462096544,49.030806585532254,2.7094235329048795,13.151826457505702,53.65579231793947,0,2026-08-25 06:31:44
2024-01-02 18:38:00,CNC-02,M,25.675615219784333,40.128595424644686,2129.6581674040817,32.5429580884776,152.67211633920564,3.0155317249955322,12.919536002050508,54.93651699609552,0,2026-08-25 06:31:44
2024-01-02 17:14:00,CNC-01,L,298.4758044303246,313.32004121273536,1955.8889892955808,38.58556044782506,170.72673262424198,3.0351749466697133,14.203170569499626,48.92681566564117,0,2026-08-25 06:31:44
2024-01-02 03:21:41,CNC-03,H,297.4565083354041,310.03843626202274,2442.6634141181376,22.067985414038457,14.834585460127121,2.9629304075475633,9.902645175687482,,0,2026-08-25 06:31:44
2024-01-02 02:57:00,CNC-02,M,297.64343049285867,309.5860550312805,2433.3937501173623,19.946095375375798,14.74078625690436,3.002483346012987,9.243212129842853,57.76589552799237,0,2026-08-25 06:31:44
2024-01-02 21:11:00,CNC-01,L,299.16876792702874,311.3583002506825,2582.4656900299706,18.014589732088883,29.67152322005227,3.152721366762371,8.606910347469725,49.44631330391226,0,2026-08-25 06:31:44
2024-01-02 20:31:00,CNC-02,M,299.0305660450814,311.73235245188476,2420.4986362613445,20.29882551885568,49.75170602316021,2.9443950718241534,9.175575952475777,55.238785473948155,0,2026-08-25 06:31:44
2024-01-02 20:39:00,CNC-02,M,299.3492869732401,312.84628686153934,2438.9108835453203,24.621955862900144,58.96791869037496,3.0675229942062683,11.442663375586545,50.78419254854936,0,2026-08-25 06:31:44
2024-01-02 13:27:00,CNC-02,M,297.1947183075621,312.41227848754306,1482.3207859989418,52.14322147053882,209.11658902523115,2.757326513638418,14.229118510837598,55.65135431041287,0,2026-08-25 06:31:44
2024-01-02 16:24:00,CNC-01,L,298.4684981537343,312.8929733498186,1784.132252151909,41.58750916225846,100.43401476348578,2.4863201806632276,13.864727487762568,57.90159110296495,0,2026-08-25 06:31:44
2024-01-02 02:24:00,CNC-01,L,297.59738674716044,310.57661816738675,2474.291431052877,19.595437172122836,188.55526169984506,3.768743340648702,9.133507766017331,54.44575623282787,0,2026-08-25 06:31:44
2024-01-02 19:57:00,CNC-01,L,299.23423166933634,313.299674454817,2226.547862267361,30.2609545362308,170.53833597601897,3.213263293459502,12.69797723460475,51.41947650468818,0,2026-08-25 06:31:44
2024-01-02 11:52:00,CNC-03,H,296.5587621184753,311.02537624824197,1316.620830560378,48.974452616425275,248.17422677317515,2.955137843962578,12.158414824191818,58.5632883753691,0,2026-08-25 06:31:44
2024-01-02 01:25:00,CNC-02,M,298.676899533997,311.52395520755,2811.0987208521065,17.092554033266747,136.32991888598445,3.5397597068805844,8.869514471642768,51.167558881139826,0,2026-08-25 06:31:44
2024-01-02 08:44:00,CNC-01,L,301.3330258835701,309.47797415337254,1654.1585521911304,45.73229069569266,27.01262018245183,2.2728190581990084,14.234540662284997,48.80935592830168,0,2026-08-25 06:31:44
2024-01-02 02:23:00,CNC-03,H,303.41142228998535,311.36128895994773,2448.6207507308122,26.322511914097436,203.05825762318727,3.611181772962875,11.943728901693705,47.803250643215165,0,2026-08-25 06:31:44
2024-01-02 00:31:00,CNC-02,M,299.0127219676747,311.195658844198,2767.9011593749815,16.577779840709706,78.27424098781661,3.284622703740598,8.602756334693456,53.76732625997107,0,2026-08-25 06:31:44
2024-01-02 15:16:00,CNC-02,M,303.05497905379684,312.23507799810824,1762.3443594690252,45.01002643659856,125.90078487797913,2.5365732701487564,14.864134673415446,42.59141930418454,0,2026-08-25 06:31:44
2024-01-02 14:21:00,CNC-01,L,297.6776143141401,312.35857371471246,1560.9660067527047,46.60918769161187,152.74716623671392,2.5150087300878172,13.422324239822666,55.13101894827398,0,2026-08-25 06:31:44
2024-01-02 22:23:00,CNC-01,L,298.92611859133336,311.35879941303676,2635.1903525771413,17.94538665963138,108.97502799219144,3.2491346672005346,8.790662894927344,57.29987297954934,0,2026-08-25 06:31:44
2024-01-02 04:22:00,CNC-01,L,296.5001802925115,310.46751446238216,2312.3302443116277,29.283743005132592,126.87247771231988,3.1734485548871456,12.677425909704388,53.16406223620827,0,2026-08-25 06:31:44
2024-01-02 10:52:00,CNC-02,M,296.4944503102635,311.487508493693,1483.53960747035,52.019185570682524,170.19496967298906,2.453467323576092,14.276287920874978,55.382838944938506,0,2026-08-25 06:31:44
2024-01-02 20:12:00,CNC-01,L,298.9627438146756,313.3774412459603,2386.946653603659,27.96901521365787,188.30719141413232,3.6422449286222047,12.571710274425643,56.67556174375871,0,2026-08-25 06:31:44
2024-01-02 05:12:00,CNC-01,L,296.30501821590684,311.34117594850255,2093.792524225566,36.29952266949302,188.84715859335103,3.351074347717544,0.0,58.22496423875246,0,2026-08-25 06:31:44
2024-01-02 09:04:00,CNC-03,H,295.9081636487539,311.05989878524105,1513.874106698326,49.70030478657508,256.1339379320419,3.047898970851482,14.159079487137747,57.60536470850929,0,2026-08-25 06:31:44
2024-01-02 23:53:00,CNC-03,H,298.5198265726707,310.7066892400922,2690.2341651899546,16.17485826221652,189.93746281781145,3.675149955548637,8.397641504151318,52.4116276766089,0,2026-08-25 06:31:44
2024-01-02 04:19:00,CNC-01,L,296.36487583853983,309.5231305581579,2347.992764366302,23.704765319840178,123.22279579903856,3.0308855394318837,10.317989107042806,61.146624551862885,0,2026-08-25 06:31:44
2024-01-02 13:08:00,CNC-01,L,297.64138586795013,311.0985111220124,1327.0445038732964,48.61024084502688,37.935067274136735,1.865587796347705,12.198811474161019,59.24143784634942,0,2026-08-25 06:31:44
2024-01-02 01:08:00,CNC-01,L,298.3558454008082,311.0310927276103,2563.6010289945402,19.364717713520637,105.5263974120067,3.320463952100411,9.284072545917548,54.81522470239883,0,2026-08-25 06:31:44
2024-01-02 01:39:00,CNC-03,H,298.1832638560136,311.05054119865747,2741.5418676018267,18.611221274255033,154.48532477617505,3.4702407099540147,9.542776725915012,53.93947732517826,0,2026-08-25 06:31:44
2024-01-02 10:20:00,CNC-02,M,296.1306648394888,310.57886461315974,1393.6722806071052,50.694631093029,119.70204786161713,2.2721694408540682,13.405183127631433,55.997588283354304,0,2026-08-25 06:31:44
2024-01-02 11:24:00,CNC-03,H,296.5212162881168,311.3179631684949,1366.205314365155,53.63284927243833,203.7967742551113,2.640980069296794,13.697298558631205,51.12756241808413,0,2026-08-25 06:31:44
2024-01-02 16:50:00,CNC-02,M,303.5533143056305,311.48051669097134,1663.1121349489947,41.77553929274276,7.115868682119409,2.3219813535001332,13.096740659424858,44.28403659231269,0,2026-08-25 06:31:44
2024-01-02 09:37:00,CNC-03,H,296.02879122495364,309.3537237067893,1435.8962597536345,44.10834759184758,35.592713722144936,2.0503076474537343,11.704527670578665,64.2457827379069,0,2026-08-25 06:31:44
2024-01-02 16:54:00,CNC-02,M,303.70378328832055,311.83161039618443,1686.969385132298,42.777170673460176,12.744771009999626,2.2335434316136227,13.516461937801592,47.66082639495114,0,2026-08-25 06:31:44
2024-01-02 16:25:00,CNC-02,M,303.80956745746016,313.2540858499511,1798.5240740191339,43.90685622894758,227.12860505544072,3.4294018959332946,14.591128835669986,43.21630887952006,0,2026-08-25 06:31:44
2024-01-02 08:34:00,CNC-01,L,301.58111067412773,309.4334362169523,1668.1534713209667,42.9207845892124,11.97616367614549,2.4268219166028726,13.568471475681449,51.84691163024033,1,2026-08-25 06:31:44
2024-01-02 18:40:00,CNC-01,L,25.735526912480225,39.40757007479937,2195.7710982436147,29.995005277771956,75.09283886310114,26.865742534810867,12.359949702868947,47.74939272949358,0,2026-08-25 06:31:44
2024-01-02 08:41:00,CNC-02,M,295.95727879115174,311.3574037330421,1603.0244777229573,48.44814037814487,226.37973454336168,3.104566922840055,14.633751328704204,61.74281510533277,0,2026-08-25 06:31:44
2024-01-02 08:34:00,CNC-02,M,295.8655174417191,311.7732928083899,1558.2920334985374,53.90546123023266,216.0082428353228,3.0290404188262166,15.838672680323345,2049.5696319462377,0,2026-08-25 06:31:44
2024-01-02 20:33:00,CNC-02,M,299.4973510107748,312.86641587403216,2229.024411503557,26.016197330059562,52.11097896806022,2.8675144214631874,11.051156736435143,51.38641610036099,0,2026-08-25 06:31:44
2024-01-02 02:27:00,CNC-01,L,297.5471657870156,310.92951889326014,2668.5510077241465,20.827825957827102,191.8162329664996,3.9538055185517567,10.236859155588522,54.90598254897654,0,2026-08-25 06:31:44
2024-01-02 14:16:00,CNC-03,H,297.48183493697746,312.3411877674004,1502.4583565891908,48.12555605447889,216.09723974173752,26.713551533476007,13.762496457603891,55.05886778676584,0,2026-08-25 06:31:44
2024-01-02 15:51:00,CNC-03,H,298.10736797222387,312.2550137719014,1504.0508965178192,46.974622652013615,138.45811184738358,2.367511541116605,13.028019468786804,56.99360418037411,0,2026-08-25 06:31:44
2024-01-02 07:56:00,CNC-01,L,28.16670897882176,36.95110977880654,1830.6877350925017,40.39714969935228,187.96537677522676,3.073715923048498,13.72597767675327,45.47755000151342,0,2026-08-25 06:31:44
2024-01-02 08:35:00,CNC-03,H,295.9175201938338,310.95359709825567,1575.3652649011935,49.31566592456601,212.04820194754728,2.6972688386035646,14.555020783708036,61.58698957899684,0,2026-08-25 06:31:44
2024-01-02 21:11:00,CNC-03,H,299.64800376020696,311.60457247168597,2514.314832734426,18.75853463360269,14.727481803716122,30.63341520979982,8.711838170754808,50.214934786618535,0,2026-08-25 06:31:44
2024-01-02 17:19:00,CNC-01,L,298.49468206422995,313.6212560576826,1868.9806430134824,42.87522485767038,177.6458145382299,3.098779993388181,15.05084668121168,56.88731744424372,0,2026-08-25 06:31:44
2024-01-02 12:53:00,CNC-01,L,297.2156664605495,,1328.783855482312,50.23848255430916,14.158515218069585,2.0018340770898675,12.5332392181894,58.28889025960199,0,2026-08-25 06:31:44
2024-01-02 15:43:00,CNC-01,L,298.5409906563946,312.49841803667255,1559.0300168131969,43.21214726866423,40.583643297954325,2.1810828801234634,12.527453255255114,57.07533840736198,0,2026-08-25 06:31:44
2024-01-02 10:12:00,CNC-03,H,296.13905811994454,310.36175165059643,1396.5774373263257,51.43428465842128,90.24558673936647,2.093938738158296,13.468366832827696,54.74695776069185,0,2026-08-25 06:31:44
2024-01-02 16:59:00,CNC-03,H,298.8401825807403,313.66678606930157,,38.309057838805806,236.10024064583982,3.433822436342539,13.514170404230043,57.11855941229821,0,2026-08-25 06:31:44
2024-01-02 12:39:00,CNC-01,L,297.4919099568511,312.25985536580305,1377.2288177433404,51.95909284228296,202.88901985288356,2.7846810301263907,13.047199278387463,62.17886611829107,0,2026-08-25 06:31:44
2024-01-02 12:46:00,CNC-02,M,296.786250275892,311.6733367722928,1570.603328005624,48.67823936756623,144.31431967585894,2.3919092418468586,14.425135858627705,53.39248422379607,0,2026-08-25 06:31:44
2024-01-02 11:21:00,CNC-01,L,296.46363347001727,310.70780771414593,1444.9604929205996,51.42827248817646,79.0575397573162,2.2216021512784283,14.115407192308654,57.80066000106721,0,2026-08-25 06:31:44
2024-01-02 15:30:00,CNC-03,H,298.28940638779244,312.53945342729173,1599.0405614433143,44.28180879343435,107.08944116207883,2.324500447594115,13.138696863725865,54.293855971475935,0,2026-08-25 06:31:44
2024-01-02 23:48:00,CNC-01,L,298.45546224391336,,2641.815718317954,16.024973743779952,200.2915490293118,3.8758729639783187,8.070209700883304,58.802624451498474,0,2026-08-25 06:31:44
2024-01-02 11:51:00,CNC-03,H,297.06842656754253,312.06085919874965,1461.887238348711,49.90744568311283,246.58704968128453,3.0407956128607823,13.761105700043625,52.43925934350712,0,2026-08-25 06:31:44
2024-01-02 02:49:00,CNC-02,M,297.7543678013934,309.9980661620741,2468.848555877865,19.680324051608316,5.639497456009287,3.026087359891743,9.094496088426812,55.473021435860346,0,2026-08-25 06:31:44
2024-01-02 22:31:00,CNC-02,M,299.7353383998985,312.44317379238555,2696.658191139132,16.089468338451447,183.95824554481908,3.681272366476883,8.202467333523035,52.073974305406054,0,2026-08-25 06:31:44
2024-01-02 08:50:00,CNC-03,H,295.9935577192972,310.9332891188353,1358.4752396652857,54.0282959329064,234.84318230718654,2.978774563064124,13.800796457484171,55.824297863061275,0,2026-08-25 06:31:44
2024-01-02 22:05:00,CNC-01,L,298.9037492942059,311.44789215593795,2446.9422321692423,19.582321570027286,89.33799937309674,3.004577670515868,8.787267651933284,54.69792554751836,0,2026-08-25 06:31:44
2024-01-02 09:45:00,CNC-03,H,0.0,309.9520347368845,1393.5315869300136,48.70809631110272,48.03781456499685,2.124462248931495,12.813665146089932,57.239960202813485,0,2026-08-25 06:31:44
2024-01-02 17:59:00,CNC-02,M,298.8410733304485,312.7933210129676,2028.691012390857,32.33365673586075,101.73810102151123,2.8278850783179386,12.4725837316164,50.27037771898967,0,2026-08-25 06:31:44
2024-01-02 07:44:00,CNC-01,L,22.73382865208106,37.718406308432066,1694.1827342980887,45.10436241046713,170.68038035599432,2.7701795045587922,14.410827598964275,58.896092350595566,0,2026-08-25 06:31:44
2024-01-02 23:33:00,CNC-02,M,299.53850646638625,311.70365007694096,2719.4854967518186,16.65490766905026,26.846092977055868,3.2195698696851642,8.523798830962818,53.86720348416907,0,2026-08-25 06:31:44
2024-01-02 08:21:14,CNC-03,H,295.88936278509885,310.7162814086554,1711.296448858973,43.49438552896085,192.5913628278942,2.8913091891177283,14.024932995697935,57.9189251560378,0,2026-08-25 06:31:44
2024-01-02 17:22:00,CNC-03,H,298.93192049026646,314.3781586145689,2004.5869680129676,39.45808713389811,267.99373686964236,38.006254022089294,14.362936552787474,51.15296412915547,0,2026-08-25 06:31:44
2024-01-02 12:50:00,CNC-03,H,297.0222266341767,311.0102342399373,1352.7250351802522,51.5113571921956,80.98388868606348,1.9444502497926381,12.865668605374495,55.61664305227155,0,2026-08-25 06:31:44
2024-01-02 12:57:00,CNC-02,M,296.97313287162655,311.85359101642257,1457.514937592246,50.34648927639964,161.78560292307805,2.479100780936719,13.722533129122128,58.345020769722154,0,2026-08-25 06:31:44
2024-01-02 02:35:00,CNC-02,M,297.8916019684555,312.3873797404582,2645.3702379024517,24.5450630956538,213.26215663622872,3.937527341049934,12.116726197751653,56.243457389690654,0,2026-08-25 06:31:44
2024-01-02 03:33:00,CNC-01,L,296.8208423981962,309.2927943946916,2458.8868819145428,20.854002236733514,68.58269794131975,3.0117983696320207,9.47568207502779,61.092827020834385,0,2026-08-25 06:31:44
2024-01-02 23:49:00,CNC-01,L,298.21942458811765,310.6872921451675,2631.780714976877,16.657644317238212,201.3472693280675,3.940142329511894,8.398153890003988,53.60983426706157,0,2026-08-25 06:31:44
2024-01-02 05:08:00,CNC-01,L,296.2520682792691,311.05258665648176,2274.614620059476,33.53283945854353,183.80115928641456,3.418396894462967,14.011387827688706,58.248232155136535,0,2026-08-25 06:31:44
2024-01-02 22:03:00,CNC-03,H,299.3422345765528,312.49582887062604,2691.436711100092,20.976287752870938,72.24050967912169,3.181152140215335,10.74218308361869,48.103354216502765,0,2026-08-25 06:31:44
2024-01-02 02:33:00,CNC-03,H,303.0868207844847,311.26825037489033,2399.6394453363664,26.61688149695311,214.1773166192736,3.5808114456902764,11.789563602209642,50.155922552059224,0,2026-08-25 06:31:44
2024-01-02 23:21:00,CNC-01,L,298.4783847836775,310.7116818554499,2707.976088125539,14.493541984861272,171.36840032303584,,7.329960920600356,52.69112207927493,0,2026-08-25 06:31:44
2024-01-02 05:45:00,CNC-03,H,296.276510474072,310.8937621333852,1982.1930777993716,36.0470707760642,192.9166183437134,3.00642906174963,13.622178740370634,58.06304749910165,0,2026-08-25 06:31:44
2024-01-02 03:54:00,CNC-01,L,296.64065848411127,310.06648741638276,2397.248978149147,24.665448851629034,93.19322561512931,2.9347571703868316,11.253044992806569,54.07333246606535,0,2026-08-25 06:31:44
2024-01-02 02:48:00,CNC-01,L,,309.12442357286284,2524.6554458980354,14.525105426335251,16.842589895729716,3.195212519516376,6.610253867206547,54.19626286712639,0,2026-08-25 06:31:44
2024-01-02 19:46:00,CNC-02,M,298.8969109092408,314.1926181765562,2480.777303543248,29.376462910075023,237.17248520880906,4.0587253742884055,13.695119383396584,54.819849054007385,0,2026-08-25 06:31:44
2024-01-02 09:37:00,CNC-01,L,296.0261535610663,310.69536170092334,1567.0052542170874,49.03364304360161,107.79408510284982,2.3256430779838304,14.324230274844906,,0,2026-08-25 06:31:44
2024-01-02 15:40:00,CNC-03,H,297.9999620366709,312.39524518157,1608.9244022330342,44.89467173281501,121.9712514925245,2.4357504230931832,13.706499243100971,61.36738153641045,0,2026-08-25 06:31:44
2024-01-02 13:10:00,CNC-01,L,297.4866494677373,311.8056782596955,1396.5385231049945,53.77062369029908,41.10414833323856,2.165960891410812,14.161362275614655,54.22756096784268,0,2026-08-25 06:31:44
2024-01-02 05:46:00,CNC-01,L,296.05987815741423,309.6364336118007,1910.3335449392002,35.53540585720575,7.9420313664735325,2.4614044516293436,12.571289881727644,55.91664280016399,0,2026-08-25 06:31:44
2024-01-02 17:20:12,CNC-02,M,298.63778080114264,312.79405388123445,2010.2131658250269,33.00165283710382,50.22749248407489,2.610888825267322,12.262582533418191,0.0,0,2026-08-25 06:31:44
2024-01-02 07:00:00,CNC-02,M,22.70460097093695,36.84533450752457,1674.1002226222333,42.11721125882684,80.35871098413119,2.3936262420347174,13.184544897981157,55.332706295150686,0,2026-08-25 06:31:44
2024-01-02 01:17:00,CNC-02,M,298.17161216592064,310.913268150149,2635.729456524612,17.684648872979587,127.75395010128622,3.367982328511183,8.576525071770625,56.07739590666781,0,2026-08-25 06:31:44
2024-01-02 06:17:00,CNC-01,L,295.922254780707,310.0348940470712,1959.3963449776263,36.60965960789863,49.265017808147576,2.523749402236336,13.51578875345844,57.544742886675486,0,2026-08-25 06:31:44
2024-01-02 05:48:00,CNC-02,M,296.06949581630386,311.50771943950735,2157.2246706512715,36.79820846259987,224.62412834400942,3.500099789415305,14.897798314998264,55.12175730126992,0,2026-08-25 06:31:44
2024-01-02 04:29:00,CNC-03,H,297.60863000844597,310.73157229150405,2317.1705032814825,25.185255182155387,95.68801946614505,2.8900538182643176,10.703591293520205,48.90079890871158,0,2026-08-25 06:31:44
2024-01-02 02:23:00,CNC-02,M,298.2123453586998,311.4989360018781,2563.0711730971375,21.181428574808113,199.7357622532817,3.651488908749133,10.218277783294958,57.865893908379746,0,2026-08-25 06:31:44
2024-01-02 09:55:00,CNC-01,L,296.02218299072894,310.8840980966118,1562.7147922204758,49.2635156300428,135.72103994977653,2.551365005657829,14.541312369480787,59.223748022935816,0,2026-08-25 06:31:44
2024-01-02 06:45:00,CNC-01,L,296.1138805087639,310.2301818955439,2112.287917200295,32.060051792644714,87.53235881678401,2.6485008083274715,12.741547620311763,54.9125886222673,0,2026-08-25 06:31:44
2024-01-02 02:02:00,CNC-02,M,298.0522513438508,311.2151996287791,2653.5030808999386,19.345703121637683,176.53629505063174,3.68468774226469,9.67788457190401,50.01149643991407,0,2026-08-25 06:31:44
2024-01-02 13:32:00,CNC-01,L,297.417036633454,311.57592816816276,1382.3772983047727,50.9841375356961,76.05940277501716,2.121121576200387,13.648699741703687,49.34776823068052,0,2026-08-25 06:31:44
2024-01-02 20:57:00,CNC-02,M,299.40058784933046,311.86796264012247,2679.7804335594105,16.983749448261026,79.52279725380701,3.298225162871462,8.61159677639075,52.75762383346416,0,2026-08-25 06:31:44
2024-01-02 03:08:00,CNC-01,L,297.42005557803935,309.9960568148004,2526.069303784516,20.852173677058563,39.56155572952753,3.068128375689042,9.774229796341851,51.51027519741143,0,2026-08-25 06:31:44
2024-01-02 02:22:00,CNC-03,H,303.4005475607423,310.40077485976144,2678.169204948682,17.512042271740448,201.90046045045514,3.7395033034801934,9.162549367217377,44.93776284004344,0,2026-08-25 06:31:44
2024-01-02 08:04:00,CNC-01,L,301.4557846418734,310.27322844369087,1637.2013774980387,44.666262194875564,199.81052143068274,2.9593973679574583,13.577237936502575,45.13686638428842,0,2026-08-25 06:31:44
2024-01-02 21:16:00,CNC-01,L,299.0857913152567,311.55958801889847,2431.8381343105884,21.14142838208163,35.25392352610539,3.016462305451244,9.774358119468062,51.18791172740981,0,2026-08-25 06:31:44
2024-01-02 04:07:00,CNC-03,H,297.48520096852025,310.97873327132334,2400.065888352811,25.63788630960664,69.07721005861275,2.9820811686673716,11.334310906734526,53.73236612877428,0,2026-08-25 06:31:44
2024-01-02 03:16:00,CNC-02,M,297.48734428854465,310.2605252213221,2390.4106313420994,22.835860743830136,36.429892713052396,2.9497547849284835,10.224184186367573,55.96096747033927,0,2026-08-25 06:31:44
2024-01-02 21:58:00,CNC-03,H,299.27703393579225,311.15823409034164,2719.8326971258753,15.239066285864311,66.80011480401987,3.332490783517523,8.029958045121798,53.44803524906402,0,2026-08-25 06:31:44
2024-01-02 02:15:00,CNC-02,M,297.939179180333,311.21228683854235,2577.626628867732,0.0,190.94021914101964,3.753598365286825,9.53668848489918,55.740394868189355,0,2026-08-25 06:31:44
2024-01-02 07:13:00,CNC-02,M,22.909117255410763,36.97891270210846,1768.8360941235721,37.51288509620261,98.54796527116605,2.5303419975633874,12.41785146962897,59.61760025193689,0,2026-08-25 06:31:44
2024-01-02 21:11:00,CNC-02,M,299.24062034886765,312.90228688969574,2456.4737189801817,23.699668660447408,95.41592726771033,3.125569931958962,11.039393498943893,50.81662699867429,0,2026-08-25 06:31:44
2024-01-02 16:35:00,CNC-02,M,303.82627810329365,313.2072366761593,1851.5049789685447,41.65032494670488,241.4992547686814,3.5477732776291426,14.215387070672442,47.37908364295476,0,2026-08-25 06:31:44
2024-01-02 12:55:28,CNC-02,M,296.9712985116037,311.06169941588473,1329.4226113819104,48.14857273091631,157.07658901144683,2.1765486404356826,11.854395547590142,58.67551595840075,0,2026-08-25 06:31:44
2024-01-02 02:20:00,CNC-01,L,297.67839510736883,310.73940280251065,2461.848040974982,20.76419607365091,184.16423381719383,3.6547862882107816,9.662119734488044,54.992843133702216,0,2026-08-25 06:31:44
2024-01-02 08:05:00,CNC-01,L,301.5505327592253,310.3619690813847,1575.0936919516928,46.13839060750482,201.30372361175577,3.017025981723102,13.6254885726902,48.937336404505686,0,2026-08-25 06:31:44
2024-01-02 12:07:00,CNC-02,M,296.78272463885133,311.0270188802319,1391.9141113958462,50.503066633601215,82.52234910779023,2.070801616924809,13.143811132634989,63.870226505173065,0,2026-08-25 06:31:44
2024-01-02 07:27:00,CNC-03,H,22.321556481330106,36.454864435461104,1758.169047627697,40.36673274986845,112.13075991677375,2.4828064844875657,13.396394826249697,67.6151419700966,0,2026-08-25 06:31:44
2024-01-02 08:17:00,CNC-01,L,301.7744876996958,310.17983519099613,1667.1331268450754,41.359251917442215,218.95644132467686,3.271741497907865,13.000926296141436,44.83911679682774,0,2026-08-25 06:31:44
2024-01-02 06:56:00,CNC-02,M,22.972735661416834,37.02545850621806,1759.8078728638902,38.55153317959604,74.66411469813764,2.4686929587704767,12.64190949131858,61.639131868241,0,2026-08-25 06:31:44
2024-01-02 16:56:00,CNC-01,L,298.7258390720922,313.41121311782877,1909.4751268175607,39.34082462817383,145.90787191766427,2.8518839848628326,14.441509322109813,53.82170992014629,0,2026-08-25 06:31:44
2024-01-02 14:15:00,CNC-02,M,297.2715930233615,311.88178940498153,0.0,47.15132202385064,32.71567474089039,2.1928309279554425,14.480292995948446,50.460834643806635,0,2026-08-25 06:31:44
2024-01-02 22:34:00,CNC-02,M,299.36998914616055,312.40911125689405,2632.7618612168344,17.722454754965405,187.16001947188093,3.5714083420591827,9.04834717745958,53.78853912827326,0,2026-08-25 06:31:44
2024-01-02 19:30:00,CNC-01,L,298.9560071960088,312.3918818843844,2346.771231117912,25.948182177755406,137.55312849494067,3.128353095831139,11.559413177093287,52.41097149769951,0,2026-08-25 06:31:44
2024-01-02 08:47:00,CNC-03,H,295.97090710853973,311.0649688722954,1505.4286114870024,50.46496763094616,230.22776387896405,3.0177595432201128,14.337904007002274,59.32191501703413,0,2026-08-25 06:31:44
2024-01-02 21:12:00,CNC-01,L,299.1522791338573,311.5043956788181,2443.3964230063143,20.024731030966894,30.8066179342907,2.967111362468699,8.922652893657904,45.7027173749255,0,2026-08-25 06:31:44
2024-01-02 00:26:00,CNC-01,L,298.80388105027436,312.1610861034972,2672.93003301452,22.065402231510433,60.61427464212862,3.26593844042243,11.01802713308881,54.41335704708291,0,2026-08-25 06:31:44
2024-01-02 03:10:00,CNC-01,L,297.3343277277643,309.0541352389291,2553.652095534749,16.956189335944448,41.81351823288591,3.041905469600268,8.13252819325635,56.51905849108997,0,2026-08-25 06:31:44
2024-01-02 14:26:14,CNC-02,M,297.5861365892528,311.7067289379683,1479.0288597435201,47.68111948796459,48.11643355455097,2.1804415664204355,13.059341453129223,54.917200281420314,0,2026-08-25 06:31:44
2024-01-02 01:47:00,CNC-01,L,297.88906603562015,310.5801888069351,2576.307291267337,19.7337945262289,147.72344690385663,3.432303294292872,9.383128414326478,54.66170724718015,0,2026-08-25 06:31:44
2024-01-02 10:35:00,CNC-01,L,296.14669293933116,309.84991836345773,1456.4119982458606,48.68830431553071,6.288523346427654,2.0295287204666557,13.180775239824824,55.47221500637221,0,2026-08-25 06:31:44
2024-01-02 08:14:00,CNC-02,M,296.1243663149205,311.41157262865556,1538.5817491898767,51.35916107835128,186.67300779293018,2.6687271757856394,14.738553392051797,60.87423260104026,0,2026-08-25 06:31:44
2024-01-02 04:37:00,CNC-01,L,296.3687593218517,309.4138840870289,2351.9531534403077,23.163557644852922,145.18198954328682,3.278667783297728,10.337125468912182,57.26545288152678,0,2026-08-25 06:31:44
2024-01-02 02:18:00,CNC-03,H,303.2630196912786,310.7747894644569,2680.899499920033,19.6199232442208,197.41350433898762,3.764126651847374,10.173078442613091,41.87965271652805,0,2026-08-25 06:31:44
2024-01-02 15:18:00,CNC-01,L,298.5755166229912,312.4043492582606,1602.9214542631871,42.812413546226296,2.9357946369091987,2.2394959456840824,12.946756977403757,55.57180863563688,0,2026-08-25 06:31:44
2024-01-02 23:01:00,CNC-02,M,299.6629462575863,313.25485859115196,2729.4777951948367,19.548348580046962,215.9063124226094,4.098389728194932,9.980969238710095,49.635797899413326,0,2026-08-25 06:31:44
2024-01-02 21:48:00,CNC-02,M,299.1774381156718,312.5113263875966,2510.488852199247,21.01284949315908,136.70221040962224,3.367267161823948,9.810976827008174,51.719375497001344,0,2026-08-25 06:31:44
2024-01-02 04:49:00,CNC-02,M,296.6078006793777,311.0190616216914,2227.5042526214424,32.61013887890367,148.80312146207226,3.1596737977745315,13.375499855057843,57.748896921622936,0,2026-08-25 06:31:44
2024-01-02 12:03:00,CNC-01,L,297.0243631273653,311.51262186771453,1450.381061242314,51.170382398724676,145.62571888084514,2.4619160792367363,13.674762517626252,55.73519855616829,0,2026-08-25 06:31:44
2024-01-02 01:58:00,CNC-02,M,298.30899225465873,311.5814530172939,2606.085693925025,21.305111773763233,0.0,3.483539535764246,10.364108101007039,56.23887451577862,0,2026-08-25 06:31:44
2024-01-02 14:24:00,CNC-01,L,297.51811875417127,311.9315817919943,1480.1608886027782,49.38510625907867,157.37200780161638,2.465237397125943,14.016239401210258,53.461118170127044,0,2026-08-25 06:31:44
2024-01-02 00:36:00,CNC-03,H,298.7870190874791,310.66486355183577,2714.3010545898483,14.766769984193552,86.96683285565636,3.260908690318674,7.361975055877439,54.7146978565192,0,2026-08-25 06:31:44
2024-01-02 12:13:00,CNC-03,H,296.5975201477953,310.479025558813,1395.928332591777,49.858558383509695,22.16383096768548,2.002905245543585,12.984815694101208,56.92566411014886,0,2026-08-25 06:31:44
2024-01-02 06:50:00,CNC-02,M,296.1738879661169,310.8502570409158,1808.762603090293,42.44848510428772,66.16457820365565,2.4810695154128566,14.281271683835573,61.964781057018854,0,2026-08-25 06:31:44
2024-01-02 04:30:00,CNC-01,L,296.40086716480357,309.9349448443707,2350.6251051618347,25.49342000407538,136.57209947628417,3.1465905577016877,11.188963467733213,59.89851620313519,0,2026-08-25 06:31:44
2024-01-02 11:14:00,CNC-01,L,296.2971481329642,310.3746487229736,1383.6168186389032,52.03820176289294,67.97758375171487,,13.091819989510435,59.704420604415226,0,2026-08-25 06:31:44
2024-01-02 20:29:00,CNC-03,H,299.5347939413091,314.05134841703676,2543.4648658559295,25.75433115464096,233.08314903300703,3.92238946487845,12.58134699139688,53.007357938336,0,2026-08-25 06:31:44
2024-01-02 09:24:00,CNC-03,H,295.9951954586284,310.23080051378184,1630.8090979132626,46.25548789561891,,2.2257319633431223,14.326662057442547,59.38665689660654,0,2026-08-25 06:31:44
2024-01-02 21:39:00,CNC-02,M,299.4941709134197,312.42783736728626,2536.384421072208,19.147586782390363,127.7175408708292,3.198300309522212,8.797589094613143,51.22477810094228,0,2026-08-25 06:31:44
2024-01-02 17:27:57,CNC-01,L,298.5947470306086,314.1793400523649,1960.9377216154717,43.0760110697928,191.32594287533928,3.200069790771376,15.696626634795312,51.304822424869,0,2026-08-25 06:31:44
2024-01-02 09:58:00,CNC-02,M,296.0361496253825,310.30680446144515,1350.1805394897228,51.327680067485666,85.1064473029393,2.0791825163498308,13.002476042846567,57.11818466904639,0,2026-08-25 06:31:44
2024-01-02 01:03:00,CNC-03,H,298.5440163589657,312.06566634250913,2606.404750255714,22.860800657324052,115.79196801499816,3.3472183838607545,11.151022423696158,53.63184455684008,0,2026-08-25 06:31:44
2024-01-02 19:03:00,CNC-02,M,26.038055036106073,40.60473353383151,2187.744379902601,31.099712329935432,184.43881172697684,3.3602443080201323,12.42354847879259,53.03494444520523,0,2026-08-25 06:31:44
2024-01-02 05:29:00,CNC-01,L,296.38103191626567,310.97150172492337,2001.4774620720764,34.37667219821798,211.00936531995833,3.5509533883675064,13.012550853837935,59.438408743808886,0,2026-08-25 06:31:44
2024-01-02 15:34:00,CNC-02,M,303.54943083156667,312.8707996544427,1616.7750459152644,48.706915235637794,152.83707327788164,2.5823257309217147,14.623780079352455,41.9355662536506,0,2026-08-25 06:31:44
2024-01-02 04:40:00,CNC-02,M,296.7378575884303,310.90899529336184,2216.510578999453,28.995425722803787,137.5557479393645,2.9999817525909567,12.147610664867337,59.78885292399081,0,2026-08-25 06:31:44
2024-01-02 22:00:00,CNC-02,M,299.5187561082721,313.00714974933715,2717.683300665964,19.224779656487605,150.12383806826028,3.53186975388209,9.475516707444335,54.219680410964514,0,2026-08-25 06:31:44
2024-01-02 06:28:00,CNC-01,L,296.0128650423651,309.80733891795813,2155.6985202731207,31.323739107384476,64.2356100417432,2.8848438200889266,12.626678231187173,55.29140295774964,0,2026-08-25 06:31:44
2024-01-02 01:24:00,CNC-02,M,298.33177053657454,310.81506628769586,2637.7238884226836,17.814550090536045,135.28732440418236,3.2731188629176917,8.957869884149382,50.27702466025513,0,2026-08-25 06:31:44
2024-01-02 22:12:00,CNC-03,H,299.08461323734593,312.2679126754552,2818.3423731088847,19.881577331438606,82.06392628529636,3.4693722396113245,10.723234721348948,49.91051316768079,0,2026-08-25 06:31:44
2024-01-02 00:16:00,CNC-03,H,298.8298196149182,310.9024071300749,2725.343122484732,15.193738623070866,65.55198662117219,3.213913726882547,7.668738949506565,51.99936840065029,0,2026-08-25 06:31:44
2024-01-02 11:14:00,CNC-02,M,296.6002993355683,311.94949572308695,1450.5449321501656,53.468440866219474,204.99978615043295,2.7556316243739767,14.372478862175806,57.90082973124536,0,2026-08-25 06:31:44
2024-01-02 19:40:04,CNC-02,M,299.024186952281,313.17887688304774,2293.326572340758,25.519491739287535,231.21148223676644,3.8071228166737825,11.012381621373654,52.171634474008926,0,2026-08-25 06:31:44
2024-01-02 20:15:00,CNC-03,H,299.1447148767,312.8751611148858,2467.802992280189,23.847931751686012,216.691247577102,3.7463232825420065,11.072384989849681,57.825866894348756,0,2026-08-25 06:31:44
2024-01-02 10:56:00,CNC-02,M,296.1400052244451,311.257847382414,1547.3944628453028,48.97343002789578,176.49569948082168,2.691626391879892,14.539496396300676,54.49797814925524,0,2026-08-25 06:31:44
2024-01-02 12:35:00,CNC-03,H,296.86760911183814,311.03284369573987,1358.2017090268027,51.038425502278706,57.16308726388769,2.1181210038322664,12.976759337008161,61.0895149857054,0,2026-08-25 06:31:44
2024-01-02 15:31:44,CNC-02,M,303.1913257471273,311.4830011022943,1790.3837002792363,38.22183105698931,148.31310331530796,2.712341792860799,12.814642497670523,46.78490077679721,0,2026-08-25 06:31:44
2024-01-02 18:55:00,CNC-03,H,,40.08789450904726,2249.4589363864493,30.1684702891196,118.64367105873745,2.9737510179723494,12.91675613197539,51.15193898043309,0,2026-08-25 06:31:44
2024-01-02 23:12:00,CNC-02,M,299.2787273766534,310.2805717074175,2697.0101333374837,12.102483359059582,4.242438371670814,3.2846747103109557,5.994873445017367,52.179071924439086,1,2026-08-25 06:31:44
2024-01-02 18:13:00,CNC-01,L,25.510980949207806,39.55506326760104,1906.4054178483098,36.62469047133627,39.84133297455205,2.48835468364549,12.8086001993579,53.478953599972485,0,2026-08-25 06:31:44
2024-01-02 23:03:00,CNC-02,M,299.1389856032966,312.9057249505917,2630.1980234166704,21.12990962759598,218.05682782012204,3.9722909435601377,10.20308303283749,48.79759210264604,0,2026-08-25 06:31:44
2024-01-02 16:27:00,CNC-02,M,303.92361766491763,313.7164445367934,1940.2164464363664,42.143726138175595,,3.576591743795028,15.509613619758838,40.51231910571294,0,2026-08-25 06:31:44
2024-01-02 01:04:00,CNC-01,L,298.4969664240269,310.98423614290834,2693.231436925181,17.87955131774225,101.14033215973699,3.2936348848531716,9.064661325321785,52.74956137550446,0,2026-08-25 06:31:44
2024-01-02 04:55:00,CNC-02,M,296.3409416632925,310.34734225026045,2406.7345839274662,27.59511082919603,156.3083950898987,3.2542998114316672,12.566521899146094,62.85300409788596,0,2026-08-25 06:31:44
2024-01-02 14:04:00,CNC-03,H,297.91859179296154,312.6299373471177,1359.0146095707546,52.244273424873064,197.40097957490423,2.581028630194316,13.343973117244392,52.32904352659801,0,2026-08-25 06:31:44
2024-01-02 15:44:00,CNC-03,H,298.1848482224595,312.92287132146737,1642.440906056242,46.38406543104113,127.96118560203713,2.396566020214419,14.419933758246014,50.46471205330981,0,2026-08-25 06:31:44
2024-01-02 10:37:00,CNC-02,M,296.208554753154,310.8640694781059,1373.655175499073,52.27964407623691,146.51114678472814,2.1663288297828722,13.67756985520746,60.3339825103152,0,2026-08-25 06:31:44
2024-01-02 13:40:00,CNC-02,M,0.0,313.0085835766166,1434.882909106113,55.37940095903818,229.5897088133346,3.0237280662305515,14.945956175288744,63.017388321448585,1,2026-08-25 06:31:44
2024-01-02 13:20:14,CNC-02,M,297.10486740804987,311.9914517786356,1480.2509175942353,49.03246427975999,198.20631552103092,27.654511266882594,13.620144515609768,54.558387995729575,0,2026-08-25 06:31:44
2024-01-02 17:52:00,CNC-01,L,298.68223695921773,312.2561359904987,2026.5786169775083,31.39806108177369,12.04291729154364,2.64367766431641,12.026872358852255,51.033136526007674,0,2026-08-25 06:31:44
2024-01-02 22:09:00,CNC-03,H,299.09424352282053,311.67975143651904,2740.7860006410997,17.952233769868368,78.83379468078641,3.264073154236528,9.138559820612006,54.85924485742173,0,2026-08-25 06:31:44
2024-01-02 16:04:00,CNC-03,H,298.2005011948818,312.94788545104734,1770.450138792977,41.89928612137526,157.48232005760477,2.719801639683866,13.967848590237057,59.988222536399306,0,2026-08-25 06:31:44
2024-01-02 04:06:00,CNC-02,M,297.2603445621737,309.99751303542405,2461.5311290768495,20.96962322269233,95.69328574679851,3.096862776924112,9.787668424521572,59.28938210826574,0,2026-08-25 06:31:44
2024-01-02 10:00:00,CNC-01,L,296.1411793156,310.52240547898145,1454.5509960056506,48.8001297284797,143.56677555366122,2.4175727797842645,13.142251954938093,55.39620315783805,0,2026-08-25 06:31:44
2024-01-02 04:58:00,CNC-01,L,296.38506931217614,310.75194148056016,2240.5065463079673,30.99844202355514,171.1240732276405,3.4199620585365156,12.573963047440824,57.976193332554274,0,2026-08-25 06:31:44
2024-01-02 19:02:00,CNC-02,M,25.595370920243624,40.350528944132805,2292.478775798901,30.419617293895342,183.17235028809515,3.2789720843091676,12.993229959880635,56.36413102874453,0,2026-08-25 06:31:44
2024-01-02 18:52:00,CNC-03,H,26.09857212916586,39.91918710481082,2081.4948175659792,31.52479840376774,114.86959897547352,2.8869782983966235,12.246583753458046,49.198213174335876,0,2026-08-25 06:31:44
2024-01-02 09:46:00,CNC-03,H,296.1384050859884,309.7648712171994,1473.9342004894897,44.43889565873221,49.57761288917986,2.086748456909671,12.213923734634738,57.06477765532201,0,2026-08-25 06:31:44
2024-01-02 18:37:00,CNC-03,H,26.167991342905907,39.962613301177385,2085.9383613071977,31.180737148525637,95.55008523760965,2.7448998571320073,12.14883300112341,53.8564609359138,0,2026-08-25 06:31:44
2024-01-02 22:33:00,CNC-02,M,299.66334171421977,312.6157453594042,2677.2830743536388,17.69014965374541,186.0680561378426,3.6061005561456434,8.677349360289016,51.56653356298026,0,2026-08-25 06:31:44
2024-01-02 01:25:00,CNC-03,H,298.3903585651532,310.7755174548123,2548.2580774932844,16.91164948815794,,3.238581426629259,8.081669696529163,55.64773224888332,0,2026-08-25 06:31:44
2024-01-02 09:00:00,CNC-03,H,295.76871195561944,311.32149823215127,1510.5460879760224,53.768560316920805,249.98264861522352,3.2173086749438577,15.147063570717068,59.58558020639338,1,2026-08-25 06:31:44
2024-01-02 03:51:00,CNC-03,H,297.4365011701078,309.4596160136336,2386.723135814558,19.053596214826598,50.022103031543175,3.1371478872931258,8.478770479330475,55.20311409504121,0,2026-08-25 06:31:44
2024-01-02 07:24:00,CNC-01,L,23.068027206547924,37.43418361732574,1815.093594971446,38.96720418868075,141.98376310662601,2.696476258797275,12.991689771812275,58.95880081654627,0,2026-08-25 06:31:44
2024-01-02 00:41:00,CNC-01,L,298.68075941370404,310.6562786091705,2782.726209972911,14.224862668514731,76.61239726400619,3.387569145563698,7.394816576421059,53.60073849552567,0,2026-08-25 06:31:44
2024-01-02 04:44:00,CNC-03,H,297.3009333936157,311.6893175804855,2167.614875182001,33.10976753738234,114.34414021935581,2.8605327796856495,13.440197875751426,57.033608324475075,0,2026-08-25 06:31:44
2024-01-02 05:08:00,CNC-03,H,296.93650633254373,311.20242620765214,2223.2837210798225,31.866880751273616,144.7309270812672,3.0309203417092863,13.217099757350889,58.18160911595237,0,2026-08-25 06:31:44
2024-01-02 01:30:00,CNC-01,L,298.3291695875602,311.12192589636896,0.0,660.9940396655426,129.15906859492583,3.4267266314754283,9.007954623722247,54.785043282307434,0,2026-08-25 06:31:44
2024-01-02 08:09:00,CNC-02,M,296.23233787431354,311.5543435098871,1534.9597649364493,52.37126759102672,179.1894627113766,2.7010915938017326,15.064102091528872,60.14954544363543,0,2026-08-25 06:31:44
2024-01-02 10:36:00,CNC-03,H,295.9788231845287,310.382404969181,1498.4309585338294,48.901671375338374,128.0039058562638,2.208721621459137,13.520651268303057,58.65266697989802,0,2026-08-25 06:31:44
2024-01-02 02:48:00,CNC-03,H,303.3451415860895,310.7981147146882,2522.1542376242264,21.865184147322257,231.1265631584922,3.7490114067840814,10.359270779139171,,0,2026-08-25 06:31:44
2024-01-02 01:02:00,CNC-02,M,298.4241788091726,310.0831789947143,2582.917859712507,14.57620009746732,111.57747529506427,3.196941884269016,6.860756142844917,,0,2026-08-25 06:31:44
2024-01-02 20:51:00,CNC-01,L,299.1340875030124,311.0074149666996,2508.3589108013985,18.15001613950247,6.736016118043512,3.0961665237455627,8.645529690141805,52.551591491231804,0,2026-08-25 06:31:44
2024-01-02 10:59:00,CNC-03,H,296.22747632579933,311.3798904213377,1517.7415967471131,53.80937786028953,164.17660545979552,2.380918401445924,15.39325332592444,65.21734568393735,0,2026-08-25 06:31:44
2024-01-02 20:22:00,CNC-02,M,299.1154866069544,311.5376926619102,2475.3782904089085,19.75467455781897,39.176850081996584,3.002267732231553,9.130072594613898,58.21996094319187,0,2026-08-25 06:31:44
2024-01-02 11:16:00,CNC-03,H,296.48012269776837,311.44197041679274,1353.3030297609482,56.52893856870356,191.09362809611585,2.4922425453280375,14.508067982477618,58.55326796111216,0,2026-08-25 06:31:44
2024-01-02 20:41:45,CNC-03,H,298.9841214663663,313.14104063332087,2471.6583631478416,26.38011353355069,249.4389329325629,3.9483302975036505,12.177750272081406,47.38800393276512,0,2026-08-25 06:31:44
2024-01-02 19:00:00,CNC-02,M,25.898880532781504,40.869853223025245,2034.3942837284033,37.225398248486385,180.67951057651305,3.0309073769851445,14.170287830069638,52.26611625228072,0,2026-08-25 06:31:44
2024-01-02 01:49:00,CNC-02,M,,311.7329070424034,2649.8750370781618,22.584955349138347,162.26984705120014,3.512892080358424,11.070508616442304,53.90514679697772,0,2026-08-25 06:31:44
2024-01-02 03:06:00,CNC-01,L,,309.95128265103205,2512.3325449177596,19.639816674436247,37.275883810193825,30.80585705208334,9.2654144680138,55.75420579193065,0,2026-08-25 06:31:44
2024-01-02 07:03:00,CNC-02,M,22.986957663221233,37.093148385639324,1912.955029800058,34.78358590203956,84.48532715350873,2.622931204582538,12.534175733170349,56.452426912685524,0,2026-08-25 06:31:44
2024-01-02 16:06:00,CNC-02,M,303.4485056670371,312.2000138859395,1650.0859040567618,41.51637619506057,199.78471825059765,2.919427854961632,12.841432763332898,44.54718019588146,0,2026-08-25 06:31:44
2024-01-02 08:15:00,CNC-03,H,295.86102081280256,310.6823320816902,1733.7066251140282,44.03898178287808,182.19004220349407,2.776489971111637,14.069566009390439,58.075560276757635,0,2026-08-25 06:31:44
2024-01-02 00:13:00,CNC-01,L,298.90639916471747,310.1238241484742,2733.180082967951,13.471700687297442,46.8086416969418,3.3657178025291445,6.5642387215598434,55.04094217396713,0,2026-08-25 06:31:44
2024-01-02 11:21:00,CNC-02,M,296.61296724513414,310.3014544244333,1431.426252718021,45.33480609245449,9.486173252285662,2.063524252282363,11.956344084458781,55.848042225381676,0,2026-08-25 06:31:44
2024-01-02 18:04:00,CNC-02,M,25.741901909968988,39.84251503904875,2064.8528241097238,32.139927728220165,108.31229198647519,2.8749779150746453,12.796276372477962,51.972120057017904,0,2026-08-25 06:31:44
2024-01-02 15:48:00,CNC-03,H,297.699685132267,311.95392984523056,1481.5264787308192,46.47689968090769,133.97209140503,2.296042723933434,12.527937354213417,55.2970189512543,0,2026-08-25 06:31:44
2024-01-02 04:18:00,CNC-02,M,297.037917961819,310.04383084973256,2439.2483761440512,22.556542891636457,110.16404635700462,30.819048022163194,10.151625336505035,60.40832369993996,0,2026-08-25 06:31:44
2024-01-02 07:16:00,CNC-02,M,23.0888185263903,37.567581431327255,1933.922980814229,38.370659567626824,102.7578308570784,2.6290429917404223,13.804767230891668,57.33631993260745,0,2026-08-25 06:31:44
2024-01-02 06:04:00,CNC-01,L,296.0175285370343,309.5778514452829,2025.2154546107681,32.646221463000074,31.77840003471437,2.6651730192602074,12.521923114637612,57.108034842648735,0,2026-08-25 06:31:44
2024-01-02 09:59:00,CNC-03,H,296.16024148644027,310.3016403418917,1548.620995419663,46.280204745302335,69.70160394713125,2.2799000892402588,13.425078903524561,60.69829067687334,0,2026-08-25 06:31:44
2024-01-02 09:50:00,CNC-01,L,295.9750064057461,310.55966075705146,1474.0716105296622,50.430903144145454,127.90469620275067,2.417130874596088,13.989847954716796,57.3637494940554,0,2026-08-25 06:31:44
2024-01-02 00:19:00,CNC-03,H,298.9401398790786,311.3438022635786,2712.9140131158856,19.505594808621545,68.76447783438907,3.1931085266028485,10.064429570341327,51.47355761212621,0,2026-08-25 06:31:44
2024-01-02 18:45:00,CNC-02,M,25.61803699405175,40.11866328626553,2158.59649466366,31.91805214788819,161.5300901971779,3.0837448228591513,13.173396087483932,56.1748408985074,0,2026-08-25 06:31:44
2024-01-02 10:35:00,CNC-03,H,296.25517728337826,310.1945252903856,1410.0093864112582,48.23207932193519,126.42793254315418,2.2715356041139816,12.746706722863044,58.61648842032544,0,2026-08-25 06:31:44
2024-01-02 19:28:00,CNC-02,M,299.1001011223612,313.6080968149458,2311.4186154646036,28.397942466880863,215.41476788974364,3.6492332174657736,12.169555682682383,53.66903596478045,0,2026-08-25 06:31:44
2024-01-02 14:33:00,CNC-03,H,297.84761386373197,311.7370619819961,1591.03015735487,43.395416681218485,20.16886685774366,2.233647340431827,12.79703029482169,53.93340445206097,0,2026-08-25 06:31:44
2024-01-02 01:05:00,CNC-02,M,298.4128176835908,310.64042202694003,2551.904854781175,16.94213341165297,114.79492526227425,3.247718273173453,8.021142793487156,56.57326455864814,0,2026-08-25 06:31:44
2024-01-02 07:18:00,CNC-03,H,22.91903961096142,36.73030956364477,1858.2853817314976,35.37039941592154,99.25971839621279,2.6078122686893876,12.299136345117432,56.90208472928318,0,2026-08-25 06:31:44
2024-01-02 06:52:00,CNC-02,M,296.15337347138984,310.1216391074624,1818.4764456684127,37.99387086117816,69.00809335570439,2.509778154347567,12.649255317489063,58.4093130890387,0,2026-08-25 06:31:44
2024-01-02 23:04:00,CNC-01,L,298.72707893833706,311.30418470249356,2734.7950520062113,16.88902132463297,153.42242856986405,3.6337424914972547,8.787693048020667,55.15587784092175,0,2026-08-25 06:31:44
2024-01-02 20:58:00,CNC-03,H,299.4642748877082,312.05968892131904,2515.165524189535,22.51547242095254,0.0,2.971190548568782,10.452134189140653,54.78729239150101,0,2026-08-25 06:31:44
2024-01-02 03:41:00,CNC-03,H,297.3364237765939,309.4644202770607,2419.0926608357836,19.709579790065778,38.40162347862562,2.977626595915986,8.763197779557489,49.7176620645758,0,2026-08-25 06:31:44
2024-01-02 21:14:00,CNC-02,M,299.31351884402625,311.94230755570595,2622.947608762792,16.894378226682,98.72069780145681,3.1876976217274287,8.499454857112381,52.460233716675056,0,2026-08-25 06:31:44
2024-01-02 07:15:00,CNC-02,M,23.167345970890437,37.96378299925658,1848.2054000924202,41.48920226972016,101.38667214915455,2.522532986950736,14.399325017568565,55.60891396306821,0,2026-08-25 06:31:44
2024-01-02 23:38:00,CNC-01,L,298.4424212588386,310.8956227926395,2770.6050575107556,16.803323537677286,189.610681261281,3.9940422170737704,8.918728774940815,56.95810676643588,0,2026-08-25 06:31:44
2024-01-02 04:02:00,CNC-01,L,296.6954545376171,309.4850971380014,2338.181517346466,22.35153596190511,102.66996853494224,3.0330063605925988,9.609940451214301,56.32183579355374,0,2026-08-25 06:31:44
2024-01-02 07:01:00,CNC-01,L,22.910299077335537,37.0543527175177,1900.559893136971,37.38250470626238,109.7321483224571,2.5371775876652607,13.393188968168928,60.72803557273158,0,2026-08-25 06:31:44
2024-01-02 22:08:00,CNC-02,M,299.4794129259695,312.2101055744274,2615.3263573168338,16.9666014066068,158.94151885407302,3.491170292884775,8.21324843789504,53.56654252336823,0,2026-08-25 06:31:44
2024-01-02 15:45:55,CNC-01,L,298.466880461515,312.41693347213345,1737.0699682472587,39.94571021148749,43.561766074669684,2.427936139225951,12.684076574055982,59.46013971883261,0,2026-08-25 06:31:44
2024-01-02 01:57:00,CNC-02,M,297.977092947151,310.3200309884515,2549.4053028298504,17.26838739338389,170.95252416680327,34.083650076746224,8.151453360429723,54.55703786826418,0,2026-08-25 06:31:44
2024-01-02 14:01:00,CNC-03,H,297.4461126585592,312.39999092046406,1349.8271474103726,57.12828330463637,192.62520698319275,2.491272363675716,14.493054235499306,56.14028592854443,0,2026-08-25 06:31:44
2024-01-02 14:07:00,CNC-03,H,297.54745170692416,312.4911140117584,1360.4996140215553,55.55645515102482,202.18561643343307,2.502441752114936,14.044392671378285,56.87877987831491,0,2026-08-25 06:31:44
2024-01-02 10:56:00,CNC-01,L,296.4452986549654,309.8268814066183,1326.4756643916005,48.38955018109107,39.45968118576472,2.0462012036828825,12.125512421613452,52.28325399477087,0,2026-08-25 06:31:44
2024-01-02 10:06:00,CNC-01,L,296.2701782253137,310.93554165019265,1474.3556378875994,51.06424833778055,152.96908594652214,2.537105730392863,13.894965655452895,56.112176422548664,0,2026-08-25 06:31:44
2024-01-02 08:23:00,CNC-03,H,295.81585868996495,310.9738334285182,1606.3523390958615,48.955355188865525,194.08617535574032,2.7349212084284007,14.845144716835271,58.08212765832893,0,2026-08-25 06:31:44
2024-01-02 11:53:00,CNC-01,L,296.93920675778986,311.5247222588441,1581.880129873641,48.59078762477593,129.7842992366161,2.3942843996678653,14.266986112458355,54.09837904693024,0,2026-08-25 06:31:44
2024-01-02 21:17:00,CNC-02,M,299.39716350856827,311.9610404809171,2539.376597537813,17.598524094760275,102.06076528495426,3.2473596290443676,8.31539539380755,58.93087359167571,0,2026-08-25 06:31:44
2024-01-02 06:09:00,CNC-01,L,295.76274524883416,309.41023086557436,1861.956189227152,35.20170855260597,38.51784447126634,2.491965693915631,12.05212932907556,59.9636236378094,0,2026-08-25 06:31:44
2024-01-02 06:53:00,CNC-02,M,296.14559350818865,310.15358039308757,1843.438702182586,36.28987415609158,70.41880197919654,2.4242532820943588,12.663356787138058,63.139085097216444,0,2026-08-25 06:31:44
2024-01-02 04:55:00,CNC-01,L,296.0551366422231,308.78886877185084,2346.019951974136,21.491859390409406,167.4210397196139,3.352784230994028,9.429886112995108,57.18600184671889,0,2026-08-25 06:31:44
2024-01-02 14:29:00,CNC-01,L,297.8667703250499,312.37397031500404,1273.053215200955,53.263256806071645,165.14412002713806,,12.927757141668192,57.75493896705618,0,2026-08-25 06:31:44
2024-01-02 17:10:00,CNC-03,H,298.7014180506454,313.5556880617804,1962.0045636415036,37.806865392070065,251.37619266856214,3.5283063999238085,13.713619938925135,55.52235398662949,0,2026-08-25 06:31:44
2024-01-02 21:31:00,CNC-03,H,299.35406269659154,310.3237678634341,2662.186820293765,11.44003605133791,37.22921229832653,3.1777029929555987,5.790192728047857,52.86185171603163,1,2026-08-25 06:31:44
2024-01-02 19:47:00,CNC-01,L,299.2160706600084,313.9570480231596,2167.775683904954,33.8591917881508,158.32063691322742,30.339366113378667,13.822483657377662,59.588219727634595,0,2026-08-25 06:31:44
2024-01-02 12:48:00,CNC-03,H,297.2525187774148,311.34058557442034,1395.8041384408893,48.55495293816286,77.78593852113192,2.0835468681103655,12.604303484695722,55.389743363111336,0,2026-08-25 06:31:44
2024-01-02 13:49:00,CNC-02,M,297.1641914274424,313.1653185207875,1589.7538769536418,54.21975561193394,243.66225662247814,3.2699994534622596,16.149137080156816,56.305886192475505,1,2026-08-25 06:31:44
2024-01-02 15:46:00,CNC-03,H,298.11863022297297,311.9508719865667,1465.5068091487506,45.14709094321051,130.95866455153748,2.2071513237119382,12.357753250425812,56.858409228934846,0,2026-08-25 06:31:44
2024-01-02 17:14:00,CNC-03,H,298.8264516636844,313.976914384319,1841.2831076758232,41.56328952899097,257.0379775532219,3.6277596763136684,14.29425577445534,54.223624624324195,0,2026-08-25 06:31:44
2024-01-02 18:23:00,CNC-01,L,25.727853494284204,39.778337143837746,2135.427281311792,32.77677066839976,52.98609230082355,2.807014620219251,13.260069607317872,1615.13334335571,0,2026-08-25 06:31:44
2024-01-02 06:22:00,CNC-01,L,295.91883737995704,309.9504561248265,1915.678464643879,37.8085431134042,56.06254595683886,2.5851690006546275,13.73319098984035,59.78407023223542,0,2026-08-25 06:31:44
2024-01-02 00:55:00,CNC-02,M,298.28226713560144,310.6228130521774,2726.6025221257332,16.041166420081396,103.98693649601506,3.3685721490934095,7.7385240196874125,49.99624692767133,0,2026-08-25 06:31:44
2024-01-02 16:07:00,CNC-02,M,303.90399461801195,313.19638685694434,1655.0974231430073,45.995914922709886,201.273895071565,2.921346957572016,14.154718877620065,45.36089699765962,0,2026-08-25 06:31:44
2024-01-02 10:01:00,CNC-03,H,295.74819534144297,310.15747671075536,1448.7410353178434,51.84726686197207,72.85227174767392,2.028168691840897,14.003158101292335,58.91599858688024,0,2026-08-25 06:31:44
2024-01-02 03:59:00,CNC-02,M,296.83674976154435,309.2258037533058,2482.5148256187126,18.100347378068065,87.18226924804186,3.064339726436442,8.546523363825171,57.52505698158535,0,2026-08-25 06:31:44
2024-01-02 02:32:00,CNC-01,L,297.71773674162785,310.62680138050627,2582.2274763156724,19.24329199535359,197.3410589849031,3.93830121943465,9.276084172474583,59.77606279804145,0,2026-08-25 06:31:44
2024-01-02 01:03:00,CNC-01,L,298.31245756025953,310.28689133937195,2752.980470961847,15.02824463142719,100.05969339451771,3.4169832926184815,7.781351302105572,56.63360199703141,0,2026-08-25 06:31:44
2024-01-02 10:55:00,CNC-03,H,296.2797971821322,311.02561281297346,1462.3483528150198,52.37304269882601,157.95262896576662,2.4094739878682483,14.519969474574708,58.404915436077566,0,2026-08-25 06:31:44
2024-01-02 10:49:00,CNC-02,M,296.3320881066707,311.15244538807394,1380.6439980843456,54.82257507373086,165.49314983209197,2.5169024089004264,14.174796272607493,53.60133830185829,0,2026-08-25 06:31:44
2024-01-02 11:05:00,CNC-03,H,296.33132508158525,311.5722894515901,1539.9274784607087,51.56475763801597,173.63087985990035,2.522297348702439,14.926324257683056,54.685295182149034,0,2026-08-25 06:31:44
2024-01-02 14:57:00,CNC-03,H,298.0786131442014,311.8802391227477,1617.8793255821602,42.21307336138537,57.13413521738261,2.280703298349844,12.94784160003347,54.2258704042573,0,2026-08-25 06:31:44
2024-01-02 14:25:00,CNC-03,H,297.5687528937509,311.7860644652342,1494.4162707339738,51.85064414413896,7.763809806370995,2.111395930723498,14.502216393822142,59.8877969050028,0,2026-08-25 06:31:44
2024-01-02 08:45:12,CNC-03,H,295.83052949427366,310.6128674486655,1557.245881191804,45.42047472856024,225.6107710437746,2.9909163865293755,13.03571518181223,60.51879805143885,0,2026-08-25 06:31:44
2024-01-02 12:27:00,CNC-03,H,296.9605254756738,310.6639897666647,1548.9292087655347,42.902836840242244,44.41011484896039,2.1233668817154565,12.470417565748917,55.875891315415245,0,2026-08-25 06:31:44
2024-01-02 06:35:00,CNC-01,L,295.8221275150287,309.6736649222486,1809.9730541280019,38.318013253428084,73.76514334909525,2.445256122670768,13.020917636013088,58.78090221863648,0,2026-08-25 06:31:44
2024-01-02 09:29:00,CNC-01,L,296.1115991835633,310.5472672288156,1479.089937741262,51.24487748965055,95.59567948068754,2.2349781627674177,14.265453436748412,58.83160101211264,0,2026-08-25 06:31:44
2024-01-02 16:58:00,CNC-03,H,298.92965725712344,313.38432113767874,1756.2608243692632,38.16245552307948,234.72309419247722,3.2532214158696635,12.890787386571809,50.47359363338106,0,2026-08-25 06:31:44
2024-01-02 09:00:00,CNC-01,L,296.102234085463,309.9484261507241,1538.214624133906,44.989100099083295,50.98280642502922,2.1616568987418683,12.875641070148438,,0,2026-08-25 06:31:44
2024-01-02 05:01:00,CNC-03,H,297.3824956907516,311.62350124038534,2218.6772944898303,31.02047374657138,135.74786936635525,2.985340941823032,13.107828965296322,53.43668871401994,0,2026-08-25 06:31:44
2024-01-02 13:39:00,CNC-02,M,297.46262986741317,312.890017307675,1491.4932879397552,51.67074158519015,227.99925102779295,30.632157876050236,14.13848220983573,54.41517404682733,0,2026-08-25 06:31:44
2024-01-02 00:42:00,CNC-03,H,298.8037055806752,310.78164340131224,2770.6135384612903,14.74023412835233,93.30506780111561,3.240978353391295,7.615800895830812,57.90207771377871,0,2026-08-25 06:31:44
2024-01-02 06:42:00,CNC-03,H,296.10904723540574,309.8977509810309,1982.021348233317,35.90124054096872,48.64501829779181,2.5242410989994015,13.15582553768799,61.2004202184073,0,2026-08-25 06:31:44
2024-01-02 02:26:00,CNC-01,L,297.5904086376174,310.59113181501675,2643.984317077465,18.986351317675116,190.72568445280837,3.8534926781654986,9.362310458035704,,0,2026-08-25 06:31:44
2024-01-02 05:43:00,CNC-03,H,296.9400541473673,311.6113987678564,2004.8276449582484,35.41223172151435,190.31016194096938,3.014374736291667,13.484541647191724,53.27205991510084,0,2026-08-25 06:31:44
2024-01-02 16:13:00,CNC-03,H,298.0836169446968,312.4489236490947,1757.7964152094596,39.80312577401832,170.35093897778495,2.584527329201219,,59.194226306503964,0,2026-08-25 06:31:44
2024-01-02 13:12:00,CNC-02,M,297.0119826081336,311.70865237560605,1394.221997736482,52.4505310814193,185.607196568691,2.665292317409966,13.75637795535215,55.484836766247014,0,2026-08-25 06:31:44
2024-01-02 17:13:00,CNC-03,H,298.7309501809331,314.0959416973085,1763.58647876834,44.557357645707555,255.63762636089137,3.459051889256251,14.531592505053212,54.66617114146068,0,2026-08-25 06:31:44
2024-01-02 07:46:00,CNC-02,M,22.714951314836185,37.504895185033774,1557.6650599536017,46.83858386659744,145.65416183329907,2.4546561251356427,13.916014251671431,56.58624867330905,0,2026-08-25 06:31:44
2024-01-02 07:53:00,CNC-03,H,22.549232532152985,38.14359188227172,1749.9359277106778,48.54263116042807,149.87614125209146,2.6041190812961417,16.003347453905615,58.82893756842032,0,2026-08-25 06:31:44
2024-01-02 05:59:00,CNC-01,L,0.0,308.87889982085824,1943.9863044609383,32.05246309280666,25.196173327708106,2.4600648032150345,11.707401891427102,56.91310721058415,0,2026-08-25 06:31:44
2024-01-02 16:59:54,CNC-03,H,298.9794491176871,314.12733455746854,1882.3324334193132,40.12934195436099,238.88086835213147,3.430885700205817,14.139547673727842,52.26250479218854,0,2026-08-25 06:31:44
2024-01-02 08:50:55,CNC-01,L,301.4722673560344,309.0903032398531,1522.3022250751524,45.13066286500056,37.599917736531204,2.138726205523779,12.975340937888497,46.075805778923375,0,2026-08-25 06:31:44
2024-01-02 08:46:00,CNC-02,M,296.00717570654507,311.68279651100795,1692.2340484850554,47.855570469104684,233.9859052957826,3.3116734912377552,15.145378025115058,62.833706928264775,0,2026-08-25 06:31:44
2024-01-02 14:10:00,CNC-01,L,297.74687393925666,311.9146761316521,1473.5003150289392,47.01779226922599,135.72928796946255,2.2941523509800015,12.81266785458111,56.894189977594905,0,2026-08-25 06:31:44
2024-01-02 23:51:00,CNC-01,L,298.24775193358846,311.0123474642231,2717.9827173904346,16.578234815835224,203.49689775588038,4.0810441487064475,8.317476659720985,53.8257364467799,0,2026-08-25 06:31:44
2024-01-02 16:28:00,CNC-01,L,298.64316551054094,313.1557089768068,1747.135439661416,41.77640509442341,106.2463335605029,2.4518258417144345,13.874106474515234,52.29874220733516,0,2026-08-25 06:31:44
2024-01-02 03:22:00,CNC-03,H,297.47492367895137,309.00642902731647,2536.0348678356236,16.254952348237293,15.970356557915123,3.0871224093799343,7.5017363893723195,60.71464863457689,0,2026-08-25 06:31:44
2024-01-02 05:55:00,CNC-01,L,295.9338052868863,309.2086271853653,2003.7377628906029,30.694282062930082,19.759581951325995,2.6497636067016956,11.22331246984974,62.03431561960932,0,2026-08-25 06:31:44
2024-01-02 21:54:00,CNC-01,L,299.19765736624805,312.15761187139475,2571.9548915269215,21.084104782745822,77.27017730111288,3.1595602668160527,10.113730764141922,52.95045156498022,0,2026-08-25 06:31:44
2024-01-02 05:28:00,CNC-01,L,295.9804221041523,309.4964121682422,2183.1875291637593,25.563741353543463,209.6678893854579,3.6261381617577038,10.62795457016318,57.37192159479644,0,2026-08-25 06:31:44
2024-01-02 07:02:00,CNC-02,M,22.949774381095324,36.89289204297609,1806.0142812876052,35.71157168623728,83.11598846927079,2.494268493704125,11.904814406947557,61.44813027170927,0,2026-08-25 06:31:44
2024-01-02 13:26:00,CNC-02,M,297.0300939456599,312.1398391111879,1464.2434889701499,49.738046051841465,207.55419460989032,2.8179656553543735,13.456784694407746,55.94105608644293,0,2026-08-25 06:31:44
2024-01-02 05:46:00,CNC-03,H,296.6567781759286,310.19248951044494,2259.0479628713115,25.792790921545805,194.1599459649786,3.4128629350723556,11.15859901986523,53.803368647492725,0,2026-08-25 06:31:44
2024-01-02 20:06:00,CNC-01,L,298.94666714169847,312.1596616875572,2506.261520429725,21.114908549396,181.26911523296025,3.6406422254509994,10.052996510652008,52.58951460204472,0,2026-08-25 06:31:44
2024-01-02 09:28:00,CNC-01,L,296.33768912205807,311.30343033114286,1533.6481865087885,51.728715962678756,94.05833834566586,2.2743306448325273,15.127954444751845,60.32927418202065,0,2026-08-25 06:31:44
2024-01-02 14:13:00,CNC-02,M,297.0491068456368,310.81818827125875,1492.3512801049255,43.7458848692841,29.617306666067375,2.2034292939100504,12.256266936292423,56.80606335071911,0,2026-08-25 06:31:44
2024-01-02 12:49:00,CNC-03,H,297.3010925539239,310.8214687711159,1271.8957838256251,50.489301964258416,79.38388868606349,19.22871441063962,11.907189980362505,52.83962133511198,0,2026-08-25 06:31:44
2024-01-02 17:05:00,CNC-02,M,298.4815066934964,312.49274807665677,1899.9716324077447,36.63899465613232,28.063590897177995,2.593391630687706,13.141876329354114,58.10715360821951,0,2026-08-25 06:31:44
2024-01-02 06:13:00,CNC-02,M,296.2790723842376,309.52962706634423,2020.4279221201584,30.524533319026485,16.021978824960087,2.772152552516692,11.465707457137274,57.18964619771845,0,2026-08-25 06:31:44
2024-01-02 08:54:00,CNC-02,M,295.85892932308883,311.51804969028603,1619.7247924829996,49.56117679996096,246.0433785829333,3.3552549733119483,15.037074787591525,63.188462779977556,1,2026-08-25 06:31:44
2024-01-02 12:11:00,CNC-02,M,296.9544664694463,311.5463126654474,1401.95246995171,51.26878096024877,88.8231433965252,2.1518411767626557,13.346868008780294,56.78042489801244,0,2026-08-25 06:31:44
2024-01-02 10:39:00,CNC-03,H,296.1857613644238,310.3586820716485,1388.029286841998,50.137726792623056,132.70763889990607,2.1638069043450048,13.14558461462365,61.75169762572882,0,2026-08-25 06:31:44
2024-01-02 03:25:00,CNC-01,L,296.7841313319965,309.4032729778405,2373.288117672338,20.953185955754247,59.29200772625618,2.9229527994654374,9.436197807260845,57.76747278141217,0,2026-08-25 06:31:44
2024-01-02 09:52:00,CNC-03,H,295.76940770950625,310.15843549886534,1516.629662924003,48.250529600116266,58.790865032201886,2.2266085508484648,13.572802709807087,63.893954217331036,0,2026-08-25 06:31:44
2024-01-02 04:05:00,CNC-01,L,296.6376748141145,309.9473925605128,2317.514315663198,26.485789966188573,106.19936186600201,3.008375695887165,11.71874117446067,58.1226904757006,0,2026-08-25 06:31:44
2024-01-02 16:20:00,CNC-01,L,298.4604167860842,312.5304168192461,,41.820321657707325,94.68380330024416,2.3721488838869327,13.136732551052274,55.76935191542033,0,2026-08-25 06:31:44
2024-01-02 23:47:16,CNC-01,L,298.37256992520446,310.535047416496,2672.548197955232,15.11414430485067,198.12477021164207,3.988195069050335,7.612723872855389,55.11662678573767,0,2026-08-25 06:31:44
2024-01-02 04:51:00,CNC-03,H,297.1076236989917,310.89385937158374,2305.0468776168887,27.93378102290422,123.06578729636098,3.0450205370033174,12.102160423445062,57.43373555831247,0,2026-08-25 06:31:44
2024-01-02 16:27:00,CNC-01,L,298.5082220350047,312.5004648618494,1673.1257490221194,40.04963162271788,,2.4107258051666456,12.537382401461674,54.22325740354869,0,2026-08-25 06:31:44
2024-01-02 20:20:00,CNC-02,M,299.4301235305337,312.921482121423,2399.2203163400686,23.742410920605995,36.85187460113284,2.913359205080068,10.662906337852665,52.60138964944984,0,2026-08-25 06:31:44
2024-01-02 22:19:00,CNC-02,M,299.4417626369105,312.8467043651462,2645.622728841004,19.596923832005235,170.92911044162713,3.6862385804834092,9.900368598288983,47.560628797222876,0,2026-08-25 06:31:44
2024-01-02 22:54:00,CNC-02,M,299.6705580078748,313.10963931323374,2621.6762017342608,,208.58867557830473,3.8949092860571297,9.714890013749226,51.878311010087906,0,2026-08-25 06:31:44
2024-01-02 09:27:00,CNC-01,L,295.83098692625293,310.27194146496106,1392.2870718256706,51.74348917278804,92.50397911787432,2.090571060968337,13.440647946802322,60.24989970144394,0,2026-08-25 06:31:44
2024-01-02 06:26:00,CNC-01,L,296.1102748056318,310.0097635855738,1904.57087224265,36.54993065411574,61.56851119339026,2.543266712194501,12.937508417407939,57.03487802533345,0,2026-08-25 06:31:44
2024-01-02 03:37:00,CNC-02,M,297.6349817669099,311.14587652781205,2282.5821222553514,26.657225598064777,61.09110291775079,2.8742724287478705,11.5225017239891,59.06299284998922,0,2026-08-25 06:31:44
2024-01-02 22:13:00,CNC-03,H,299.21144492654315,312.195295227534,2692.1767266727406,20.265065095982486,83.16592689767077,3.2005192748973066,10.167791309252408,58.13294517067834,0,2026-08-25 06:31:44
2024-01-02 04:19:00,CNC-02,M,296.7797988935557,310.7712288158493,2341.3098895580297,27.089359386319273,111.39377626711278,3.021266088532785,11.834841372383874,58.53305150601409,0,2026-08-25 06:31:44
2024-01-02 00:14:00,CNC-03,H,298.9661030186578,309.60718079272755,2774.9945988425698,9.209143549477762,63.474511539042304,3.277052867377189,4.728773695006484,52.70437767469682,1,2026-08-25 06:31:44
2024-01-02 06:04:00,CNC-03,H,296.7219795201374,311.57861100999935,2072.5587962619784,34.790650201104356,217.97442896752057,3.2849160657190435,13.331840773734173,57.80109225799859,0,2026-08-25 06:31:44
2024-01-02 06:32:00,CNC-01,L,295.99300063966825,309.6638247394212,1913.648099569178,34.4884796029166,69.67734775047589,2.5750011697068116,12.311564187953028,57.21063478988176,0,2026-08-25 06:31:44
2024-01-02 15:55:00,CNC-03,H,297.9344108019959,312.6703413369924,1584.3935759041635,48.8141261307215,144.45561779043237,2.3851253874957896,14.703125927723214,51.262894235520946,0,2026-08-25 06:31:44
2024-01-02 15:26:00,CNC-02,M,303.2788151669409,312.1997965123568,1547.5060369692264,47.6897593746976,140.93533301067427,2.3704234644562945,13.946928707311114,46.03829099864524,0,2026-08-25 06:31:44
2024-01-02 00:22:00,CNC-02,M,298.72803976422233,309.8977657595429,2740.046602780729,11.927122307848562,68.64942964745704,3.22082761109195,6.20651776069179,53.69823327951352,1,2026-08-25 06:31:44
2024-01-02 08:51:00,CNC-02,M,295.93682604078,311.07062353493546,1493.5921601393482,49.90111416580259,241.51502365029216,3.282250655702989,13.936196928385803,62.106296153910854,1,2026-08-25 06:31:44
2024-01-02 07:48:00,CNC-02,M,22.503222204377323,37.780805355187624,1753.7647302417931,44.77379646068682,148.56294505024047,2.783887523648579,14.687996630136956,60.365883467632884,0,2026-08-25 06:31:44
2024-01-02 18:44:00,CNC-02,M,26.055866353959743,40.25356452407942,2186.0035872617163,29.204502603493857,160.23541660980413,3.0419856781853003,11.891184099157318,51.0430927391665,0,2026-08-25 06:31:44
2024-01-02 13:50:00,CNC-02,M,297.14503347691624,312.3281335232236,1518.7354646891786,49.863791189536855,245.21217306006216,3.269052941255474,14.100982764856225,55.39025992489489,1,2026-08-25 06:31:44
2024-01-02 17:03:00,CNC-01,L,298.4445302883262,313.4545460105259,1888.9235536100298,40.94996450654495,155.5341876595967,2.8433786949229156,14.660610957643515,54.45396924083531,0,2026-08-25 06:31:44
2024-01-02 20:29:00,CNC-01,L,299.0169425364768,312.5808934400998,2539.3049957698636,22.996964606416945,208.21968554706635,4.021560245596843,10.94763649871705,53.33621358293297,0,2026-08-25 06:31:44
2024-01-02 22:29:00,CNC-01,L,298.9759765326175,311.8241295543709,2644.2181940245882,19.22285646978231,115.68565192432956,3.316853227174541,9.494734866191497,58.929812594451,0,2026-08-25 06:31:44
2024-01-02 01:35:00,CNC-03,H,298.1347187713958,310.96596510231603,2719.156953956019,18.478844917860876,150.18188370935604,3.4076213150321633,9.542995435625805,55.266379915770024,0,2026-08-25 06:31:44
2024-01-02 11:17:00,CNC-01,L,296.525481006153,309.8179811615246,1314.684567968457,47.06098003371723,72.73496201966996,19.89700324441303,11.796234841001251,56.590723080015614,0,2026-08-25 06:31:44
2024-01-02 14:31:00,CNC-03,H,297.8608651204351,311.67966489694396,1476.0992081756194,,17.071102360591947,2.071934596553647,13.389613540385993,53.15596030976403,0,2026-08-25 06:31:44
2024-01-02 16:06:00,CNC-01,L,298.48552745773327,312.5876282209116,1659.8623306468635,44.07236754724474,0.0,2.253059465960841,13.80588145855789,54.494228447344916,0,2026-08-25 06:31:44
2024-01-02 20:11:00,CNC-01,L,299.0874595114466,313.38760756225344,2480.4540396216967,27.75282481461208,187.13292126782272,3.6598894596097558,12.927128594390162,52.79883933498147,0,2026-08-25 06:31:44
2024-01-02 01:43:00,CNC-03,H,303.92744251945953,310.9266773244537,2604.3002702490517,18.3461001852694,158.85747949056798,3.321505932649181,8.930164260232536,46.851027238005024,0,2026-08-25 06:31:44
2024-01-02 00:46:00,CNC-02,M,298.62079409169974,310.8453907301739,2584.066221145956,17.61726590868099,94.27431712005314,3.087510440180081,8.725269105492442,50.683037701107324,0,2026-08-25 06:31:44
2024-01-02 16:54:00,CNC-03,H,298.6919296504395,313.2405073275278,1791.442967838836,38.815070782627835,229.14065660991827,3.18798675383891,12.897015692887376,56.2538635707278,0,2026-08-25 06:31:44
2024-01-02 06:31:00,CNC-03,H,296.5837537862734,310.3433939815283,1846.3415675236747,38.47126581010592,33.64809068546877,2.4624762431556464,12.866458865085493,60.75200380119057,0,2026-08-25 06:31:44
2024-01-02 15:49:00,CNC-02,M,303.8041170070119,312.3660721799159,1643.4930431874197,43.12769857293716,175.08406609336478,2.7133023117746387,13.313249971615873,47.5476607215038,0,2026-08-25 06:31:44
2024-01-02 04:28:00,CNC-01,L,296.2082008553366,309.89884068201906,2326.5661972333874,27.965462693587007,134.18399763676385,3.1267089081569757,12.06608538918427,60.028230657080364,0,2026-08-25 06:31:44
2024-01-02 01:57:00,CNC-03,H,303.54976217082253,310.57675803898456,2477.2528905617824,19.848102606315827,174.19391303497795,3.3213722390395497,9.227701463161914,45.59953933836621,0,2026-08-25 06:31:44
2024-01-02 19:53:00,CNC-02,M,299.0287100721751,312.0335020662723,2442.01690430358,23.16701941959959,4.797400419411419,2.9734291502394097,10.625484797071152,,0,2026-08-25 06:31:44
2024-01-02 06:57:00,CNC-01,L,22.920596084063106,37.126458650074255,1741.565088840403,41.840595461231324,104.12872997388185,2.5791446186011626,13.605330851780478,56.778279579753324,0,2026-08-25 06:31:44
2024-01-02 21:59:00,CNC-03,H,299.15827670509213,312.6048398303549,2626.545258779682,23.702316365923465,67.90925106944594,3.068402239497543,11.937383681860913,53.959496759936854,0,2026-08-25 06:31:44
2024-01-02 21:12:00,CNC-02,M,299.42818074997876,313.13893472979754,2630.748823185784,21.818422093956634,96.53252177561654,3.2730986783097706,10.855809958771788,55.2983964561729,0,2026-08-25 06:31:44
2024-01-02 04:42:00,CNC-01,L,296.21184552220967,310.39670402354244,2331.0307927475164,28.42555370150956,151.2342453223383,3.3083220315598685,12.393023925621668,58.45730071216745,0,2026-08-25 06:31:44
2024-01-02 07:14:00,CNC-02,M,22.887773361462337,36.93015225340497,1782.349000483528,38.975340814442276,99.97287188438885,2.5323313420872196,13.17800966915028,57.291625010115894,0,2026-08-25 06:31:44
2024-01-02 23:42:00,CNC-03,H,298.3656665583398,310.7542118219559,2727.490845073419,15.4626459239452,178.27764611151883,3.63529987817379,7.952763665436098,52.07663828751717,0,2026-08-25 06:31:44
2024-01-02 02:13:00,CNC-02,M,298.3077513294117,311.21651187158403,2586.4640644876818,18.596558432700476,188.73149483059154,3.658155508850581,8.910365498358038,56.80440254944191,0,2026-08-25 06:31:44
2024-01-02 21:51:00,CNC-02,M,299.39374609424,312.4361765078264,2737.1581133366712,18.016570094935158,140.05390981238656,3.4946815258624544,9.127580966283254,55.19355839889011,0,2026-08-25 06:31:44
2024-01-02 04:22:00,CNC-03,H,297.5173154036549,310.94549349772916,2196.1282453610847,28.182321513154132,87.21696099751306,2.8024854090149507,11.81435034717887,58.73767070094433,0,2026-08-25 06:31:44
2024-01-02 04:12:00,CNC-02,M,297.03029967613026,310.4124500335672,2285.06174719123,26.77487921278747,102.94620386433918,3.0128238430268266,11.14843120538435,59.03125856945098,0,2026-08-25 06:31:44
2024-01-02 21:55:00,CNC-02,M,299.04681665161445,313.4724738588491,2388.470020216649,28.758827568431965,144.59096055273596,3.2144556736028247,12.826869420832562,51.11084616795912,0,2026-08-25 06:31:44
2024-01-02 15:01:00,CNC-01,L,297.9376802982671,312.56594417842354,1637.1411916945822,44.66341756162293,214.06156487355258,3.207148630050846,13.929137915097824,54.6120622089147,0,2026-08-25 06:31:44
2024-01-02 06:38:00,CNC-03,H,296.17741600110963,309.59584316606373,2100.188123043476,30.46895542502329,43.109637601682714,2.696608698366578,11.878569593931074,61.42020337266679,0,2026-08-25 06:31:44
2024-01-02 21:38:00,CNC-02,M,299.11687937755687,312.51404616700876,2655.3205796342463,21.34663276334595,125.4924109123922,3.3353306470082487,10.603950468738288,48.99521721162535,0,2026-08-25 06:31:44
2024-01-02 14:28:00,CNC-02,M,297.2633766592448,310.92698386112806,1407.4181807856671,46.430313609059326,52.77859053117294,2.13969170499241,12.175727524688503,57.242939338441694,0,2026-08-25 06:31:44
2024-01-02 14:59:00,CNC-02,M,297.5009198612986,311.83356470603917,1504.043775438268,46.283827472639445,100.4183198378334,2.1797512455219574,12.94620131975131,55.20326229580585,0,2026-08-25 06:31:44
2024-01-02 05:06:00,CNC-03,H,297.15260454801114,311.29859372530814,2039.422005318092,33.06370865805036,142.20286335355758,2.896920838016564,12.650026909918552,54.52329362505576,0,2026-08-25 06:31:44
2024-01-02 21:37:00,CNC-01,L,299.0820871768591,312.13918262411175,2453.761665449171,23.993260098191275,58.66513146271226,3.0317367582041914,11.172013495611036,50.852179748748895,0,2026-08-25 06:31:44
2024-01-02 21:05:00,CNC-03,H,299.43885138027184,311.5987705527103,2442.1792768064097,19.716974239714837,7.982131789700719,2.9528790558994458,9.025738581413409,56.05363348520359,0,2026-08-25 06:31:44
2024-01-02 07:26:00,CNC-01,L,22.692770224012975,37.345549852869794,1774.5016479080641,1536.9548480721382,144.85451868319163,2.6633989652678673,14.013150248756261,62.703417712267886,0,2026-08-25 06:31:44
2024-01-02 11:01:00,CNC-02,M,296.575370555106,311.4132578484999,1384.2455706142835,52.51106877730473,184.39139581403094,2.4893591261319927,13.700694569971294,57.70188030457875,0,2026-08-25 06:31:44
2024-01-02 00:49:00,CNC-01,L,298.54509774965004,309.7101133947715,2737.299933170093,11.838031825258552,85.20729894482638,3.3368744596044033,6.114645428367314,53.820753511464986,1,2026-08-25 06:31:44
2024-01-02 19:08:00,CNC-01,L,25.644427151967818,39.66547416467233,2297.1365664747277,29.576265541636765,110.3105620850168,2.9978006262435124,12.98142294754346,51.7587463092457,0,2026-08-25 06:31:44
2024-01-02 18:30:00,CNC-03,H,26.239398288945836,40.64350682153207,2146.106404594919,33.338565152262866,86.51734085449813,27.03767324437142,13.482714359729474,52.665625506023424,0,2026-08-25 06:31:44
2024-01-02 18:11:00,CNC-03,H,26.53810539579962,39.93533467615515,2152.804690042957,29.278812094073984,61.73057526383159,26.5752659720467,11.719057810930966,56.41074619574118,0,2026-08-25 06:31:44
2024-01-02 20:48:00,CNC-03,H,299.40528555967353,313.3607644226916,2481.8487946212267,24.666385181928657,255.18523176809225,4.105723692672967,11.59499354175065,52.734376493506346,0,2026-08-25 06:31:44
2024-01-02 14:09:00,CNC-01,L,297.49357714773214,311.959590433019,1450.4565227464273,50.05560746952966,134.19661153705076,23.073307841664338,13.342752156009723,52.30313118518438,0,2026-08-25 06:31:44
2024-01-02 13:15:00,CNC-01,L,297.44679844306563,311.0174248598843,1448.9575252888365,46.180623411635786,49.067643138730816,2.1130684704233227,12.592999012126814,56.26187034771412,0,2026-08-25 06:31:44
2024-01-02 00:53:00,CNC-01,L,298.6441374956575,310.742220080943,2739.1816812497436,15.587025535553623,89.4473381577712,3.2988639047408914,7.951383097068727,53.76927043811043,0,2026-08-25 06:31:44
2024-01-02 07:21:00,CNC-02,M,22.97414689792015,37.622155819971454,1772.5751970584818,41.721191902959184,109.98404419448889,2.516340823335229,14.036985979689012,61.86249183275409,0,2026-08-25 06:31:44
2024-01-02 06:16:00,CNC-03,H,296.647009568389,310.3453865624724,2071.56581415448,33.15541483424074,13.409947618685516,2.6709557994367974,12.818727361280153,54.32054240674908,0,2026-08-25 06:31:44
2024-01-02 17:51:00,CNC-02,M,298.9072761034338,,1892.5464141010034,35.40547466049286,91.03310582852477,2.5636161521945526,13.024673495957988,51.33225451760516,0,2026-08-25 06:31:44
2024-01-02 00:50:00,CNC-01,L,298.7140730191536,310.9273556647959,2527.1837158232406,18.12134064212412,86.32052226117601,3.140947230058453,8.513529929278489,57.05610888765554,0,2026-08-25 06:31:44
2024-01-02 10:38:00,CNC-01,L,296.6686924401725,310.23196868689723,1379.605610265448,49.259584540837,10.98354657999253,2.0971996187349804,12.664662598593791,1875.1130446473978,0,2026-08-25 06:31:44
2024-01-02 19:45:00,CNC-03,H,299.2328877826477,313.22802348490933,2299.5644119656095,27.780373578692632,180.690336098482,3.2774080825133995,12.022096737393383,52.32669207320592,0,2026-08-25 06:31:44
2024-01-02 09:35:00,CNC-02,M,296.1878137796958,310.1776499676267,1559.1058738434679,44.746737922693185,49.1851715688129,2.1031051899059565,13.039345816597002,54.784556401833164,0,2026-08-25 06:31:44
2024-01-02 22:40:00,CNC-03,H,298.80711414297065,312.099831234044,2644.5952854826132,22.15996548880508,112.3395852691313,3.338400501785292,11.113333428095931,58.33661069452137,0,2026-08-25 06:31:44
2024-01-02 18:59:00,CNC-02,M,25.76020402900963,40.15087673670598,2283.7600114890365,29.154804140892782,179.38041597871165,3.446279755354907,12.43638691301456,54.56646418040708,0,2026-08-25 06:31:44
2024-01-02 09:58:00,CNC-01,L,295.9852718000794,310.52748704291145,1351.9250734953027,53.726068886306265,140.44161312532682,2.174905988348421,13.46783943193769,56.86765143799148,0,2026-08-25 06:31:44
2024-01-02 08:08:00,CNC-01,L,301.7264555857839,310.3387803365974,1557.8609372541744,44.66056809050827,205.76416596434174,3.0282583424712795,13.006946063101305,42.72642939520989,0,2026-08-25 06:31:44
2024-01-02 10:52:00,CNC-01,L,296.3494614104359,310.2596943713821,1447.5623646122128,49.3774554721469,33.13228445249695,2.154475467374135,13.166157676918518,57.199910067928194,0,2026-08-25 06:31:44
2024-01-02 05:26:00,CNC-01,L,296.38504014281585,310.9295316853714,2070.2985918555455,34.36995690660663,207.06933870671546,3.4775455596857556,13.098337962105246,55.59312953897479,0,2026-08-25 06:31:44
2024-01-02 03:43:00,CNC-02,M,297.5636681683415,310.3549211359026,2469.5103614493105,21.71432253913256,68.18529033236042,3.0018935748191367,10.185214656280177,54.73074571312418,0,2026-08-25 06:31:44
2024-01-02 03:55:45,CNC-02,M,297.2604701092731,310.92537366805607,2443.8342745406426,27.239305337297456,83.64323621854726,3.004085567424003,12.515785640718699,55.62580711854297,0,2026-08-25 06:31:44
2024-01-02 04:31:00,CNC-01,L,296.23567021358184,309.5804315331371,2289.153491977246,24.94481026253153,137.81121021703055,3.1783670334109493,10.435534627113665,55.88932254881869,0,2026-08-25 06:31:44
2024-01-02 07:23:04,CNC-03,H,22.822260976038365,36.921040235321186,1717.399250042938,40.74639172456804,106.39947815024846,2.4716220520434087,12.825336723414912,60.15903135735782,0,2026-08-25 06:31:44
2024-01-02 10:56:00,CNC-03,H,296.2334346530977,310.7358200456183,1489.8163625359468,48.51737012799797,159.50776766482568,2.461887016730783,13.564311222112,58.63796280183617,0,2026-08-25 06:31:44
2024-01-02 23:56:00,CNC-01,L,298.4111227650339,311.7530640172554,2630.834100349394,20.895204151163153,208.7529840281117,4.048747423495211,10.490719610108451,53.96283436344629,0,2026-08-25 06:31:44
2024-01-02 09:25:00,CNC-01,L,296.09803471869765,310.0700165926499,1364.4126518462556,50.29794138044751,89.37465015610081,2.245959819881971,12.677110423422079,58.347327181507126,0,2026-08-25 06:31:44
2024-01-02 01:45:00,CNC-01,L,297.83415353934123,310.28023443689733,2738.6373722834096,16.903519893486063,145.49364021598356,3.638450279334679,8.940227028264713,55.76969157421803,0,2026-08-25 06:31:44
2024-01-02 07:22:00,CNC-03,H,22.5619268569763,36.69548419874292,1634.379885545444,42.585445498611065,104.97069459511566,2.1909589347437914,12.902641540967576,61.538703501660194,0,2026-08-25 06:31:44
2024-01-02 15:40:00,CNC-01,L,298.3789951815468,311.91220879315625,1484.5011358358875,42.71015080399495,36.08866468664413,2.0854085220979037,11.770114120867655,54.713485463904775,0,2026-08-25 06:31:44
2024-01-02 17:11:00,CNC-03,H,298.7037535942094,314.057216443216,1961.7620661147598,39.05514323478326,252.74458538529458,3.6116596639943737,14.195397948623327,53.77210116635291,0,2026-08-25 06:31:44
2024-01-02 12:18:00,CNC-02,M,297.00473173065734,311.7597719353946,1413.7975135092943,53.04603366390023,99.93937484945016,2.137558546125553,13.953534924730079,54.314189947977795,0,2026-08-25 06:31:44
2024-01-02 08:56:00,CNC-03,H,295.5970181649455,310.8146044800404,1459.1028052058214,52.51169585017627,243.9219831833251,3.08384478094916,14.289650533646677,53.34814727934332,0,2026-08-25 06:31:44
2024-01-02 03:43:00,CNC-01,L,297.0449677807043,309.6971853428761,2446.168833344259,22.095035120924464,80.31543214484468,3.0219470232343766,10.095051604060592,54.55965870980287,0,2026-08-25 06:31:44
2024-01-02 15:20:00,CNC-01,L,298.46682091294934,312.4837763874315,1560.1789785201097,46.07981910512659,5.976004141438969,2.1284101966916196,13.281729362133948,55.71489520602555,0,2026-08-25 06:31:44
2024-01-02 11:57:00,CNC-03,H,296.74182278933296,311.757470100112,1404.6072647574763,55.13140057051746,256.1177763427788,3.239565895226614,14.591250168728578,61.67508933261408,1,2026-08-25 06:31:44
2024-01-02 05:07:00,CNC-01,L,296.2596263264456,310.3437235474392,2334.274091211235,27.59381440948837,182.55162078310005,3.520347030628221,12.316065711638089,56.13785427737928,0,2026-08-25 06:31:44
2024-01-02 05:31:00,CNC-01,L,296.24021434317325,310.54774444684534,2019.5661863521623,33.5453430148931,213.6362789220296,3.5156988550102,12.591693551041743,53.25147222305247,0,2026-08-25 06:31:44
2024-01-02 21:19:00,CNC-03,H,299.0480027144918,311.6675481376333,2686.1621006219425,20.023581521239738,23.80804922318136,3.247666466396639,9.822870484855057,56.33297744131042,0,2026-08-25 06:31:44
2024-01-02 20:52:00,CNC-02,M,299.1860458436916,312.75553815959876,2574.373069296543,22.010665681485673,73.94196696852119,3.098532356135621,10.771572695518605,52.076104804236266,0,2026-08-25 06:31:44
2024-01-02 15:06:00,CNC-02,M,297.66972299652565,312.4298038893234,1578.1312113099186,46.79098823395851,110.98300146127049,2.367136438568253,13.95296759996006,54.92028098473138,0,2026-08-25 06:31:44
2024-01-02 18:39:00,CNC-03,H,26.286323377028907,40.78076909048394,2042.1527684413531,36.50376685136616,98.14731762939718,2.756739179633553,13.921467501559578,55.13538670789989,0,2026-08-25 06:31:44
2024-01-02 18:10:31,CNC-02,M,25.933891046679207,40.851439101371966,2013.16607729388,36.520753648951256,116.09592145850466,2.7951695165317147,13.890050516931165,53.13676346794265,0,2026-08-25 06:31:44
2024-01-02 13:25:00,CNC-01,L,297.34454991726034,310.93050871883395,1445.1723752629528,47.5933603666697,64.97370231728297,2.1389566505191957,12.634715197407065,55.07089796449154,0,2026-08-25 06:31:44
2024-01-02 17:53:00,CNC-01,L,298.7221069032638,311.99550511501576,1950.4119595222912,32.26808791210282,13.379488317087409,2.581439363138019,11.74576631082341,58.203505823145456,0,2026-08-25 06:31:44
2024-01-02 09:51:14,CNC-02,M,296.30284710055565,309.9955823507565,1393.413938680256,45.878011066412725,74.19145302907799,2.15388390631274,12.102494357666641,55.457384896759734,0,2026-08-25 06:31:44
2024-01-02 04:05:00,CNC-02,M,296.9915660888298,310.6040339618942,2258.3855435648816,27.00505241798005,94.54957537125641,2.8609442552893207,11.576571510896489,55.91837841978822,0,2026-08-25 06:31:44
2024-01-02 07:51:00,CNC-01,L,28.236439924529122,37.07811060714698,1792.7274816404913,40.834497435541195,180.72497085987104,3.0063941172295987,13.95904444205951,51.128257550990995,0,2026-08-25 06:31:44
2024-01-02 19:39:00,CNC-02,M,299.33671259957964,313.18013376690925,2349.7747515925066,24.408999274564238,228.76700574157005,3.8652908124345253,11.071658618287195,54.29800167891248,0,2026-08-25 06:31:44
2024-01-02 12:35:00,CNC-02,M,296.77127479693064,311.2803341797649,1477.4025758104135,49.428113420949344,126.94374849590409,2.390175445099766,13.686510273131695,55.98450713911608,0,2026-08-25 06:31:44
2024-01-02 08:14:00,CNC-03,H,295.71421640777544,310.3510149420901,1633.7406026496485,44.03393245061007,180.741395522461,2.6418266866497335,13.44497987451609,62.23535014340842,0,2026-08-25 06:31:44
2024-01-02 22:55:00,CNC-03,H,298.9695313767319,310.50486261577146,2808.4237618357292,12.656530885631039,128.32100458497607,3.380764292909623,6.920033750381936,51.168731478919966,0,2026-08-25 06:31:44
2024-01-02 22:45:00,CNC-02,M,299.5053310392411,313.3297361847489,2635.7097833802068,22.88933805199482,199.00004140214492,3.7684177981719804,11.513877483608878,51.5244694267516,0,2026-08-25 06:31:44
2024-01-02 19:43:00,CNC-01,L,299.2603351049923,313.25831431600545,2499.6046475900544,26.291861195052604,153.44853137281882,3.387451056771683,12.290958248718093,51.885715243702265,0,2026-08-25 06:31:44
2024-01-02 08:13:00,CNC-03,H,295.69136783782477,310.0408361021057,1663.0572385889336,42.388964047168066,179.2635743845357,2.5979726706609996,13.179078726875437,59.789745907851206,0,2026-08-25 06:31:44
2024-01-02 04:48:28,CNC-03,H,297.4390841897789,311.3205234932884,2218.248831885896,29.469535328224232,118.09271118583817,2.862519182188001,12.30673114934991,56.37163771058894,0,2026-08-25 06:31:44
2024-01-02 09:41:00,CNC-01,L,296.19660641983626,310.71132342927103,1610.6284327265155,46.219606264956376,113.92724506945622,24.705322523633114,13.799079512775604,57.21562990357121,0,2026-08-25 06:31:44
2024-01-02 05:41:00,CNC-02,M,296.2391363978754,310.8710488222446,2049.6135010430035,34.83941673989564,215.4192658382783,3.2921512550423033,13.168375158117914,54.343194561886484,0,2026-08-25 06:31:44
2024-01-02 16:15:00,CNC-01,L,298.4955214996623,312.6994069283082,1653.4042957737222,43.415059696575796,87.42249054927547,2.4694309212161647,13.486478769918687,53.24211054742391,0,2026-08-25 06:31:44
2024-01-02 22:40:00,CNC-02,M,299.40580218848174,313.27871159904475,2564.975458209375,21.673704021692934,193.62335966724746,3.727727100175541,10.44496804513524,48.75854249244303,0,2026-08-25 06:31:44
2024-01-02 14:55:00,CNC-03,H,298.0855599477051,311.80312244076083,1340.8587009552862,49.8001181896902,54.086726341545855,2.019912423581523,12.40071395115722,56.27099047659521,0,2026-08-25 06:31:44
2024-01-02 10:07:00,CNC-01,L,296.2327517939545,310.56186860072654,1316.69827567454,52.256305911553156,154.56908594652214,2.2989475010465026,12.874465655482636,61.70242005492523,0,2026-08-25 06:31:44
2024-01-02 01:32:00,CNC-02,M,298.2122851391445,311.3162466456686,2646.23239929543,20.67081116461141,143.89619063593145,32.830723269105384,10.47494086147018,56.858815543695876,0,2026-08-25 06:31:44
2024-01-02 16:03:00,CNC-02,M,303.7541464301522,312.68653159054713,1789.2413244661527,41.312435039987115,195.43894528104434,3.030220920436196,13.71203389881469,46.59230035828427,0,2026-08-25 06:31:44
2024-01-02 03:39:00,CNC-01,L,297.07159001613354,310.3217461376908,2454.344663401183,24.06293310555322,75.6407502026691,3.05523211527133,11.00994779730411,52.80252710662964,0,2026-08-25 06:31:44
2024-01-02 22:24:00,CNC-01,L,298.88316841773275,311.65774969549807,2492.3572749987675,21.401635644088564,110.1349155234196,3.267446686152155,10.27439496659456,53.13524695709011,0,2026-08-25 06:31:44
2024-01-02 08:17:00,CNC-02,M,296.025957967519,311.08791692474006,1748.936222962589,43.6143331706013,191.0724796349926,2.8923778049073223,,61.04174077770521,0,2026-08-25 06:31:44
2024-01-02 20:44:00,CNC-02,M,299.50691245055947,313.18770534321527,2363.0637616485424,25.351079544474402,64.7470916077164,2.8750803935587195,11.243410912268772,55.360101937119424,0,2026-08-25 06:31:44
2024-01-02 07:47:00,CNC-01,L,22.817190568898923,37.37287200796311,1767.654061876283,40.01998561875369,174.9888519957229,2.886391813345348,13.138706803423169,61.780485764680336,0,2026-08-25 06:31:44
2024-01-02 16:18:00,CNC-01,L,298.5184089313495,312.840707361917,1730.571775948674,42.08287392858932,91.83032299125355,2.4943375188095036,13.510528847555817,56.65805277445596,0,2026-08-25 06:31:44
2024-01-02 07:59:41,CNC-01,L,28.330044159574925,36.521919189239384,1504.5713637672018,43.73595139526227,195.32750939270085,2.9615909530667155,12.38181885042129,51.571977511096776,0,2026-08-25 06:31:44
2024-01-02 23:35:00,CNC-01,L,298.31660011786164,312.1087329152208,2727.6830904559856,21.984728227819318,186.4086225484857,3.856375002477278,11.583449928961707,56.80706239869069,0,2026-08-25 06:31:44
2024-01-02 05:12:04,CNC-03,H,297.1447286159957,311.6608269743473,2196.069985185216,32.28419977075634,151.1409495265429,2.967348321752731,13.326419908524258,56.237221808542955,0,2026-08-25 06:31:44
2024-01-02 01:23:00,CNC-01,L,298.0898455711468,310.6737658070918,2800.1557345579913,16.70157908909302,121.64153644902898,3.5091510327563284,8.72622202891971,51.35559694820014,0,2026-08-25 06:31:44
2024-01-02 15:43:00,CNC-03,H,297.9368860356229,311.8240444612071,1379.5820733960406,48.980095257059865,126.48974774367447,2.263751217861444,12.834798304378703,57.967121285951926,0,2026-08-25 06:31:44
2024-01-02 00:42:00,CNC-02,M,298.83255095831316,311.69643129632595,2551.4785897515467,20.839931946365002,90.00241129142493,3.1776475817362893,9.636966880554818,54.0807669373293,0,2026-08-25 06:31:44
2024-01-02 13:51:00,CNC-03,H,297.8545525183172,312.8131844517521,1481.5802525147394,51.252991406112805,176.88736986311068,2.4839459657302,14.157702462447562,53.10367301808599,0,2026-08-25 06:31:44
2024-01-02 03:38:00,CNC-03,H,297.71694460631477,310.07417998034896,2386.6329946433652,21.291953601711818,34.88148978181327,2.9125551521292152,9.683205557824353,55.3146787428454,0,2026-08-25 06:31:44
2024-01-02 03:50:00,CNC-01,L,296.7548634724982,309.9750055527908,2342.3952191202343,24.894309767027956,88.47072735753052,2.944386232840508,10.85182181341854,57.153948083845904,0,2026-08-25 06:31:44
2024-01-02 00:49:00,CNC-03,H,298.51164410870314,310.5401331115273,2709.505661398791,15.853088597854333,100.79024899988669,3.328457065743928,8.09099497913781,50.80693716051232,0,2026-08-25 06:31:44
2024-01-02 08:39:59,CNC-01,L,301.6075436228152,309.6055844923071,1675.6993944480762,43.883719948888604,20.941549733468555,2.3208293833464726,13.784719412187679,49.635282007559425,0,2026-08-25 06:31:44
2024-01-02 21:16:00,CNC-03,H,299.5510933360611,312.42178407138147,2546.9591825823136,22.170426689098544,20.455082767940887,3.1974509819130397,10.605675263178096,54.98475784194462,0,2026-08-25 06:31:44
2024-01-02 21:05:00,CNC-02,M,299.4222836942562,312.56803597126844,2614.0116660510744,19.570561294440093,88.58419624656204,3.260330065202009,9.498260889953013,52.013378251960255,0,2026-08-25 06:31:44
2024-01-02 10:00:00,CNC-03,H,295.9067065291773,310.3321943455036,1468.8814951589757,50.50946337209615,71.26909421142443,21.70726671198165,14.16835943217851,57.02442996309277,0,2026-08-25 06:31:44
2024-01-02 05:23:00,CNC-01,L,295.8668461289419,310.3832079241162,2106.759052343291,33.01592533597159,203.20124670376768,,13.015875252487719,60.249289176614894,0,2026-08-25 06:31:44
2024-01-02 15:22:00,CNC-03,H,297.73867012141346,312.2023121244546,1595.4053565206495,46.869895436352266,95.2162059257454,2.289468965777513,13.89203458926628,56.50482872816676,0,2026-08-25 06:31:44
2024-01-02 21:14:00,CNC-03,H,299.4012015785063,311.892062767156,2543.478090399444,20.022080681725438,18.20976112317836,3.182826828851079,9.507487603846814,52.56399358530834,0,2026-08-25 06:31:44
2024-01-02 04:09:00,CNC-01,L,296.4824661735962,309.8107712865318,2549.1369372214062,22.623458349462524,111.00254937392543,3.1540959490766376,10.7716357909753,58.01716698908327,0,2026-08-25 06:31:44
2024-01-02 18:42:45,CNC-01,L,25.740423390164267,39.841879412935896,2254.150651793485,31.349994619713854,77.594290382549,2.838438993180448,13.259193096427111,51.10567415933683,0,2026-08-25 06:31:44
2024-01-02 16:43:00,CNC-02,M,303.8189649232931,313.37033642880584,,41.639815014891376,252.82503558198013,3.7894483351884287,14.862113869793767,42.75549895169211,0,2026-08-25 06:31:44
2024-01-02 22:28:00,CNC-03,H,299.18244956732315,312.15846738350075,2649.95728176049,20.322626818739195,99.20914074035082,3.386617341961673,10.18514734643045,57.11906836822965,0,2026-08-25 06:31:44
2024-01-02 23:19:00,CNC-03,H,298.98974210287696,312.72468841732143,2623.7652936955296,22.63158106565781,153.920789698717,3.3468904768476726,10.962530577323566,52.99657012646825,0,2026-08-25 06:31:44
2024-01-02 10:31:00,CNC-03,H,295.8181414157741,310.41876310949345,1425.1460100278448,51.94108864747226,120.1134027482987,2.186726836928893,13.92867463245859,57.28528700401725,0,2026-08-25 06:31:44
2024-01-02 14:17:00,CNC-03,H,297.51338078106335,312.625708288063,1527.569377248863,50.42105049897924,217.6334503538408,2.7090324655593454,14.703402961445814,54.822644857153975,0,2026-08-25 06:31:44
2024-01-02 06:09:00,CNC-02,M,296.3450824511656,310.1163562929358,2143.106705361495,30.961735040830725,10.641599507319318,0.0,12.453293984091307,57.77712183184852,0,2026-08-25 06:31:44
2024-01-02 04:38:00,CNC-03,H,296.9153160407891,311.0296415694843,2334.609898828911,29.596745042047782,106.91117294385235,3.031734575296207,13.36757310005713,61.353869699618876,0,2026-08-25 06:31:44
2024-01-02 02:07:00,CNC-01,L,297.7224768883754,311.4675943330761,2489.295757758977,0.0,169.71411645403853,3.4317278963543587,11.487632237336381,50.87161860492325,0,2026-08-25 06:31:44
2024-01-02 07:49:00,CNC-02,M,22.721730859971387,37.426823908140136,1581.3225066956495,47.68152502407144,150.05691492198764,2.512788731077712,0.0,54.61451663865429,0,2026-08-25 06:31:44
2024-01-02 08:48:00,CNC-03,H,295.9976721205789,310.7803535321999,1485.1495460895842,49.45377448407069,231.76200129669715,3.0148031455252897,13.480755726017613,56.35004082168766,0,2026-08-25 06:31:44
2024-01-02 10:30:00,CNC-02,M,296.5351985475206,311.20868014562666,1510.096344884861,49.883002492594066,135.48740643479059,2.2953845504649926,13.997430879946519,58.43973196783375,0,2026-08-25 06:31:44
2024-01-02 05:54:00,CNC-03,H,296.4802353159587,312.47517820852335,2019.446540628881,43.249936619648594,204.71438665756654,3.149173843477778,16.48027904843397,59.30604154654256,1,2026-08-25 06:31:44
2024-01-02 14:58:00,CNC-02,M,297.62562584566746,312.2636926345202,1532.895560934287,50.372832554147074,98.87035562141989,2.2016772127730735,14.360149294196642,55.30356694896744,0,2026-08-25 06:31:44
2024-01-02 18:17:00,CNC-01,L,25.65798176448999,39.36981243947889,2066.530111094636,32.71177591963904,45.02657643093548,2.6184286029798187,12.610688260419307,52.17800526971227,0,2026-08-25 06:31:44
2024-01-02 13:40:00,CNC-03,H,297.78859234315945,312.78409447880085,1423.7132602557333,53.342554100111975,159.67861886980134,2.367592142835801,14.197528178674379,56.36686249449707,0,2026-08-25 06:31:44
2024-01-02 01:52:00,CNC-02,M,298.19708285052656,310.7902860113979,2523.228693148129,17.492049051301848,165.50535404355847,3.457647672920303,7.986712680955343,56.3737508703469,0,2026-08-25 06:31:44
2024-01-02 21:27:00,CNC-02,M,299.63706496257817,312.5814675839967,2500.0580685122727,19.145561059397362,113.3143679528304,3.236480505595517,9.044210267604582,57.20667871136339,0,2026-08-25 06:31:44
2024-01-02 12:59:00,CNC-03,H,297.14998510349614,311.2825215440283,1312.395229263147,54.43815236568011,95.24349240851451,2.0008277758709903,13.558984412942698,58.646419121687785,0,2026-08-25 06:31:44
2024-01-02 10:22:00,CNC-01,L,296.06439567982244,310.52418932880727,1329.7601452327815,52.52307639712161,178.1103226509816,2.6111832156396066,13.052946367389293,60.52744041502357,0,2026-08-25 06:31:44
2024-01-02 18:15:00,CNC-01,L,25.71511305084033,39.640639019378796,2175.931308268661,31.9572993172,42.42603254558431,2.7279580280215243,12.945138578916039,51.070322518755354,0,2026-08-25 06:31:44
2024-01-02 18:29:00,CNC-01,L,25.808131455878197,39.14121675682571,2104.2985088312435,28.600924270712255,60.753704316511794,2.6725635699768664,11.491092138216496,1762.4194486247782,0,2026-08-25 06:31:44
2024-01-02 06:18:00,CNC-01,L,295.9807523815309,310.1101301340889,2019.4611001556743,35.61913567589904,50.593472623079414,2.535004762404426,13.45646202543397,59.423423105228224,0,2026-08-25 06:31:44
2024-01-02 07:26:00,CNC-03,H,22.979142995950156,37.80196783983365,1765.1284917176363,44.434124349223985,110.6718533764199,2.448843048322465,14.324236559201232,57.66552629121292,0,2026-08-25 06:31:44
2024-01-02 16:28:00,CNC-03,H,298.32547064681876,313.0644188957307,1850.0743838080261,41.071509070929025,192.06919484166573,2.9455216842980434,13.917544113242114,57.84572262331838,0,2026-08-25 06:31:44
2024-01-02 22:35:00,CNC-02,M,299.6100564214275,313.0345098252416,2864.0344796365225,17.743028766241093,188.19001947188093,3.7813547255137254,9.535221706837701,52.3125394189525,0,2026-08-25 06:31:44
2024-01-02 23:01:00,CNC-01,L,298.3183788808635,311.77318398620184,2663.7801572011545,21.721323954089186,150.20281419699825,3.606832674806922,10.795904972459809,52.94778713477103,0,2026-08-25 06:31:44
2024-01-02 02:56:00,CNC-01,L,297.4453911874776,308.8397042726346,2663.189740905736,13.991243903681685,25.86951744235962,3.1118279603651957,6.871970249941105,56.114270864992726,0,2026-08-25 06:31:44
2024-01-02 06:00:00,CNC-02,M,295.9497095738557,311.12128110443615,2098.5675083147107,36.36408348956228,240.40485244182025,3.840455792231568,14.11859460999181,57.92498505722002,0,2026-08-25 06:31:44
2024-01-02 12:08:00,CNC-02,M,296.9346084632916,311.26322344206926,1461.7803462340494,48.71563312004464,84.12234910779023,2.052905995589431,13.632000317879386,59.748739675328,0,2026-08-25 06:31:44
2024-01-02 02:16:00,CNC-03,H,303.18832302690606,310.50552297372633,2617.921695142555,19.461865186796533,195.17811047311764,3.653384415976891,9.717486974072012,46.24695308254216,0,2026-08-25 06:31:44
2024-01-02 23:00:00,CNC-02,M,299.7661670626371,313.23915172721564,2644.0479831968023,19.350595316636234,214.8763124226094,4.113658177383086,10.096233783952641,54.52593940377632,0,2026-08-25 06:31:44
2024-01-02 11:12:00,CNC-03,H,296.25294406155666,310.6632331718456,1329.7938653193244,52.50415207085296,184.7551496762299,2.322536726854631,13.288909347370671,57.53279844018555,0,2026-08-25 06:31:44
2024-01-02 02:35:02,CNC-02,M,297.895342178873,311.0926937052533,2535.8845283826313,19.919110230221357,214.39452400577233,3.862878680728826,9.386463590551429,54.749705042988275,0,2026-08-25 06:31:44
2024-01-02 17:16:00,CNC-03,H,299.06248345646253,314.38778399465747,1856.4066782625873,41.18219653074013,259.78251430289083,3.6281259884730797,14.201369505505747,54.11406608551445,0,2026-08-25 06:31:44
2024-01-02 00:17:00,CNC-01,L,299.0291748283703,311.1945238849913,2654.0755543175155,17.993275711578477,51.02826527149023,31.63389537556914,8.825273603632485,50.38954723478648,0,2026-08-25 06:31:44
2024-01-02 18:26:00,CNC-02,M,25.57726377300753,40.282805552377056,2069.616135772849,33.99877681522334,137.21999968675755,2.8502347563310004,13.20912407511524,56.27570005219712,0,2026-08-25 06:31:44
2024-01-02 15:17:00,CNC-02,M,303.44733882846947,312.6263056756957,1638.4040601067773,48.6051731639804,127.4020355544601,2.470709150953352,15.055979454585222,40.915713621106065,0,2026-08-25 06:31:44
2024-01-02 05:29:00,CNC-03,H,296.9944516171841,312.1835447858645,2272.6422903718253,34.44166562578751,171.88201111443294,3.204133898557549,14.64196501338918,54.10857561031811,0,2026-08-25 06:31:44
2024-01-02 12:06:00,CNC-03,H,297.01769025553443,310.25100630328245,1272.1163385272757,47.864277750338196,11.054357703012542,2.0318412116234272,11.370662552893727,56.55382641834345,0,2026-08-25 06:31:44
2024-01-02 05:58:00,CNC-01,L,296.0257126889546,309.19196585581363,2060.277690299743,30.3734807485764,23.8589469166384,2.8014810454941528,11.959761704526505,53.89105402504072,0,2026-08-25 06:31:44
2024-01-02 09:05:00,CNC-01,L,296.20203540274923,310.2385448444641,1570.8222550570886,46.179953582828105,58.57118106254398,2.2619116530158387,13.502968451942861,53.613386768537424,0,2026-08-25 06:31:44
2024-01-02 17:00:00,CNC-01,L,298.19511228237866,312.8458329482249,1949.1303242230176,37.466339388417566,151.40514602697067,2.9317989623380343,13.638074750975797,52.42968241610522,0,2026-08-25 06:31:44
2024-01-02 00:42:00,CNC-01,L,298.70694557394035,310.63209598782896,2659.66191089341,14.779326389232205,77.7061258088703,3.174857857133626,7.306600031305178,49.59685890509044,0,2026-08-25 06:31:44
2024-01-02 14:33:00,CNC-01,L,297.7665033208615,312.5666673246138,1575.675830064783,48.901315685642885,171.23676076331648,2.78303239810053,14.29663932355967,55.99119330661596,0,2026-08-25 06:31:44
2024-01-02 12:00:00,CNC-03,H,296.7308000730828,310.720947826153,1522.2955882850629,48.3735910468211,1.561774754070025,2.105897983307204,13.74344161783132,58.13899858738804,0,2026-08-25 06:31:44
2024-01-02 10:44:00,CNC-02,M,296.1119177044453,310.7541034717561,1447.8610016933703,49.372527434793994,157.5903165657193,2.3717982405622315,13.416760773590742,60.17664184159005,0,2026-08-25 06:31:44
2024-01-02 10:19:00,CNC-01,L,296.1582931509171,310.8827417829438,1502.4577028733777,48.709142265171344,173.40025282451268,2.73967557635255,13.590717322769132,57.612131608210944,0,2026-08-25 06:31:44
2024-01-02 03:53:00,CNC-01,L,296.72065707102627,309.4769648089848,2444.443451640944,20.711711380535338,92.01995681712383,3.0864070994620523,9.8607599539985,58.91151953936346,0,2026-08-25 06:31:44
2024-01-02 03:10:00,CNC-02,M,297.69567926214154,310.5525359949064,2374.3803326443935,24.63264712886085,29.474802906217406,2.8814117186088795,10.67322536909839,55.161819354373606,0,2026-08-25 06:31:44
2024-01-02 08:31:00,CNC-03,H,296.0408234938899,311.15612511547545,1603.1920919408497,47.8353018979003,205.98968980036443,2.8577232884957784,14.167231034830927,55.85806067744486,0,2026-08-25 06:31:44
2024-01-02 08:52:00,CNC-03,H,295.75279607094336,311.122228996822,1549.772792019827,50.031993950842136,237.89879068101683,3.131599738055954,14.594738682840875,59.57222772204963,0,2026-08-25 06:31:44
2024-01-02 08:57:00,CNC-03,H,295.91882799819945,311.1308599596798,1503.93085439643,50.0091500189432,245.43928761153035,3.04871689626963,14.254840292999836,61.64111969151199,0,2026-08-25 06:31:44
2024-01-02 20:15:00,CNC-02,M,299.1684764223667,311.9406374048918,2519.056076811613,20.2205647834693,30.931113115426015,3.053714422651196,9.28503213200183,55.2305529095017,0,2026-08-25 06:31:44
2024-01-02 04:46:00,CNC-02,M,296.9484256493854,311.15669945225824,2154.1116915837115,31.653782998074533,145.05226942619163,3.0818999005891605,13.061677036505431,55.985279395606156,0,2026-08-25 06:31:44
2024-01-02 06:59:00,CNC-03,H,22.86255888460323,36.8397574624085,1918.9860575361897,35.24912134915852,72.33511639816935,2.6176688388116647,12.589305528065518,57.892514264163566,0,2026-08-25 06:31:44
2024-01-02 18:26:00,CNC-03,H,26.398214328611687,39.51745154371281,2034.9486665165514,28.14461847973391,81.40251925036564,26.38656046180465,10.668530046094189,51.15970570395091,0,2026-08-25 06:31:44
2024-01-02 17:27:00,CNC-01,L,298.8407961068374,313.858165898817,1901.7936782007828,40.059279585553035,188.59059454393707,3.204123244900023,14.22677536758641,49.40189841905696,0,2026-08-25 06:31:44
2024-01-02 23:42:00,CNC-01,L,298.18023613908287,311.5957564510126,2627.0513269701923,21.899694270860607,193.83776977364357,3.8927216731943277,11.036387313640336,51.582422979826354,0,2026-08-25 06:31:44
2024-01-02 00:03:00,CNC-03,H,299.0406310386804,310.1493873290218,2662.9141276617097,12.195673938727857,51.780343207029745,3.1788854946947183,6.083792655565784,54.62356700074958,1,2026-08-25 06:31:44
2024-01-02 09:31:00,CNC-03,H,295.8276607792534,309.8434075922219,1454.56203229508,50.042110627694015,26.27788135208426,2.1667244563951145,13.451655756260815,56.604306413290864,0,2026-08-25 06:31:44
2024-01-02 12:31:00,CNC-03,H,296.7644281682283,310.2733572275013,1333.2793320761186,48.87709590629805,50.810114848960396,2.0042804406607653,12.27185896577086,60.75615140587738,0,2026-08-25 06:31:44
2024-01-02 23:34:00,CNC-01,L,298.612690328262,311.64730997466705,2601.9796235377435,19.100905426593403,185.35486518573688,36.707876572047816,9.048564952972868,55.378916359944014,0,2026-08-25 06:31:44
2024-01-02 12:00:00,CNC-02,M,296.56931340213157,310.5589504960123,1507.6642826521556,44.792339641113024,71.40936693750386,2.09990555879925,12.699852080090285,54.410028257549996,0,2026-08-25 06:31:44
2024-01-02 22:07:00,CNC-03,H,299.08080759366925,312.28837186040215,2597.0321576246583,22.50737722823786,76.62839145803845,3.2587714540995427,10.83369410385322,51.03797409757472,0,2026-08-25 06:31:44
2024-01-02 07:49:00,CNC-01,L,22.678803017809855,36.439203642572636,1892.9181356054396,34.2570023561585,177.8121136764004,3.075308125547529,12.145784064682358,59.15711731975366,0,2026-08-25 06:31:44
2024-01-02 07:41:00,CNC-01,L,22.808991925068597,37.409557389044664,1853.532864356225,38.008314872042924,166.30630824178667,2.9277170088917495,13.551394621125686,59.34860874064397,0,2026-08-25 06:31:44
2024-01-02 06:25:00,CNC-02,M,295.8528003779225,309.72909912949183,2040.5942818856072,33.52998861911876,32.10568454986289,2.7573130104455696,12.89225649153453,60.815454093356514,0,2026-08-25 06:31:44
2024-01-02 06:05:00,CNC-03,H,296.5041460094427,311.8306873299641,1974.3934812545654,40.33241398421894,219.32149051726697,3.2838203008797286,14.99626479890388,57.292782573264994,0,2026-08-25 06:31:44
2024-01-02 12:00:00,CNC-01,L,297.05423780571573,311.4551736091058,1386.9357913236918,51.26397612631463,140.89760379436115,2.3877872206879642,13.458735611142805,55.45461030799864,0,2026-08-25 06:31:44
2024-01-02 21:25:00,CNC-01,L,298.8922944934366,310.80628407478594,2520.9736713765747,18.868738185823446,45.40939643730286,0.0,8.883271210146827,52.74263590046461,0,2026-08-25 06:31:44
2024-01-02 05:46:00,CNC-02,M,296.0008558720584,310.94299413653636,2060.138361903282,36.84013923684268,222.05847567953452,3.522173724567729,14.085451528500032,57.32256862323106,0,2026-08-25 06:31:44
2024-01-02 17:04:00,CNC-01,L,298.4428040523721,312.6866582858305,1717.50546719731,41.50938929053532,156.97185836978178,2.644974106423353,13.377279033107671,56.67349133027142,0,2026-08-25 06:31:44
2024-01-02 23:03:00,CNC-03,H,299.02107579724964,310.94977872802656,2662.368759598625,14.041719234281475,136.89822637131925,3.337553990574954,6.89536119474079,55.61609505548098,0,2026-08-25 06:31:44
2024-01-02 02:59:00,CNC-03,H,297.49443478787106,312.2558382321182,2513.564935690837,27.935340569160218,243.56208336967757,4.011311184146893,13.351058321454389,51.39021783186697,0,2026-08-25 06:31:44
2024-01-02 03:29:00,CNC-03,H,297.45711044706405,309.91565038349796,2382.977190844767,21.557495894204212,24.30520158597199,2.976509575630664,9.441362856590235,54.41033572384865,0,2026-08-25 06:31:44
2024-01-02 06:43:00,CNC-01,L,295.7715668887726,309.88335488116746,1965.2038653452455,36.151280629295954,84.79827402846583,2.6733532314542034,13.351407864271241,53.88876752452963,0,2026-08-25 06:31:44
2024-01-02 08:55:00,CNC-02,M,295.95609816609243,311.2777203848695,1594.9357065378229,46.832400765363396,247.528379076854,3.4968843389023663,13.880367385468551,57.06902028695062,0,2026-08-25 06:31:44
2024-01-02 20:00:00,CNC-02,M,299.17168136123564,312.74912302273646,2489.964378996208,24.55362806081025,13.163152867867689,3.135962597119144,11.588011178415536,45.9874833044288,0,2026-08-25 06:31:44
2024-01-02 04:09:00,CNC-03,H,297.42106307662095,310.9777061181192,2363.0765091726953,27.328709835635017,71.52016621289624,2.8493160092086254,12.098055529820359,58.381507490746614,0,2026-08-25 06:31:44
2024-01-02 13:45:00,CNC-03,H,297.5418950075068,312.2456406369415,1347.0751433975104,55.98498490465936,167.5136186284519,2.3314227774218006,13.926872442288825,59.15262625961355,0,2026-08-25 06:31:44
2024-01-02 09:54:00,CNC-03,H,295.96344984765705,309.91206300328986,1520.2287866010058,46.131735948392816,61.94420442278887,2.252125229512218,13.184256726550984,58.00834038464358,0,2026-08-25 06:31:44
2024-01-02 14:09:00,CNC-03,H,297.4991419491542,,1527.9120182383715,45.85999909887571,205.25157117616277,2.7299475196646776,13.205681034113217,,0,2026-08-25 06:31:44
2024-01-02 23:20:00,CNC-01,L,298.786913352071,311.8694684927777,2785.405550523971,17.601539292435604,170.32547149012046,3.850499173395075,9.126810926664069,54.59520652053873,0,2026-08-25 06:31:44
2024-01-02 03:20:00,CNC-02,M,297.45983648189156,310.55524952920797,2378.446380592505,24.074324319404585,41.09615447573102,2.88979027287779,10.760172385845268,58.620604480195226,0,2026-08-25 06:31:44
2024-01-02 23:18:00,CNC-03,H,298.8781061174757,310.5719599634491,2735.2852162691956,13.4510393471919,152.8391766299937,3.58626491576896,6.724389647292841,51.192697956758764,0,2026-08-25 06:31:44
2024-01-02 09:39:00,CNC-03,H,295.7314586070542,309.7038061568449,1499.0346995501322,48.06351710218558,38.68115109409769,2.146750126977014,13.301505985329172,58.49228528475545,0,2026-08-25 06:31:44
2024-01-02 04:08:00,CNC-03,H,297.24782592530164,310.32901530591596,2287.5475181809165,24.454527561087367,70.31404137922488,2.890461210809077,10.45533632556344,57.76959393280482,0,2026-08-25 06:31:44
2024-01-02 20:53:00,CNC-01,L,299.2131201911788,312.32811313749113,2423.7855234595536,24.82517199472726,9.016668695783068,2.9103239738154403,11.684731484874105,53.6665531334063,0,2026-08-25 06:31:44
2024-01-02 15:03:00,CNC-03,H,297.8764386763633,312.1442643064643,1561.5751969318367,47.19030556291435,66.39399691923488,2.267163479707758,13.798998575676036,54.04749799980663,0,2026-08-25 06:31:44
2024-01-02 19:39:00,CNC-03,H,299.2810127245114,313.31260822207236,2298.1462711238773,28.251420643142353,0.0,3.2531497591748177,12.20045505716662,52.66146865560553,0,2026-08-25 06:31:44
2024-01-02 02:26:00,CNC-03,H,303.6116097340936,311.77799665107443,2447.565824512246,26.27194971634075,206.34944281288674,3.695305529403734,11.939045687414378,45.201378071090694,0,2026-08-25 06:31:44
2024-01-02 15:33:00,CNC-02,M,303.4335642233784,312.1644397640051,1558.1049952483104,46.274942402972236,151.34009241648553,2.547036122417628,13.496595753181563,43.47932947354041,0,2026-08-25 06:31:44
2024-01-02 14:34:00,CNC-01,L,297.811505143349,312.55014829041835,1619.0427128607923,46.84288630743924,172.72920588722346,2.7553177546836465,14.141136901298594,52.56478667298411,0,2026-08-25 06:31:44
2024-01-02 17:07:00,CNC-03,H,298.84904965813547,313.8644956759524,1930.7533699360054,37.38650041700529,247.21981395349877,3.5398991034210945,13.509485134043144,55.63412781412612,0,2026-08-25 06:31:44
2024-01-02 13:30:00,CNC-01,L,297.47222560207376,311.5368222008866,1371.5987787436143,52.35323688395615,72.91138156770144,2.039111725963539,13.384659259104133,55.3240171870437,0,2026-08-25 06:31:44
2024-01-02 10:02:00,CNC-03,H,296.1665957654309,310.1287481509895,1317.1857210434039,53.14007836195549,74.44635608507816,2.0212955605258682,13.209177873334259,52.81800156142483,0,2026-08-25 06:31:44
2024-01-02 10:04:00,CNC-02,M,296.068868332389,310.41342074858017,1447.091480033472,50.753480581411004,94.60451015511907,,13.745428421273356,61.01360020551817,0,2026-08-25 06:31:44
2024-01-02 06:14:00,CNC-02,M,296.0858681305235,309.6316995406749,1982.9611903081664,32.59676094493119,17.363737976160106,2.5169897755816093,12.122042788041616,60.162453142673215,0,2026-08-25 06:31:44
2024-01-02 13:38:00,CNC-03,H,297.53524935745014,312.38352350326613,1509.0572346056404,49.34871720006241,156.58836826869177,2.423703547088792,13.905812119834783,54.67117775465581,0,2026-08-25 06:31:44
2024-01-02 06:16:00,CNC-01,L,295.8849176693201,310.07963725260356,1967.108236888255,35.79273216355562,47.915207970197905,2.540359978175438,13.277622635632184,55.48666741533141,0,2026-08-25 06:31:44
2024-01-02 10:23:00,CNC-03,H,296.23353989070426,309.88335895627756,1436.8847638930065,44.769971091368376,107.42494018112349,2.0518587661428374,11.919018002998332,59.95951277549704,0,2026-08-25 06:31:44
2024-01-02 01:24:00,CNC-03,H,298.35364113213825,310.17679319133396,2629.0295846779463,14.428825979270027,138.3306521892976,3.2843104780276935,6.8292595234796645,54.16805627485786,0,2026-08-25 06:31:44
2024-01-02 05:42:47,CNC-03,H,296.6980237946923,311.59582624977736,2100.81637106639,36.915176849457,191.60369734733828,3.0971790541751036,14.6410985186595,55.4061303813467,0,2026-08-25 06:31:44
2024-01-02 05:41:00,CNC-03,H,296.78495757083357,312.2798917438756,2068.500799730666,39.838445302724985,187.6376462968191,3.0340148203949773,15.429573613053135,55.88352823040853,0,2026-08-25 06:31:44
2024-01-02 02:16:00,CNC-02,M,298.0486021305556,310.9879946350813,2690.653033156005,17.891599026461513,191.98620468058988,3.84636467076136,9.018514523066075,60.47353478579404,0,2026-08-25 06:31:44
2024-01-02 06:36:00,CNC-01,L,296.26742149460733,310.0492699426441,1944.7142676158314,35.25984387689463,75.13783890568158,2.5791104407795675,12.939379457757516,57.887870216082185,0,2026-08-25 06:31:44
2024-01-02 02:29:00,CNC-01,L,297.7390403604955,310.83966622072967,2720.8314351168774,18.27549986081078,193.95427586176297,3.921420980056071,9.203318259661366,56.92887585921749,0,2026-08-25 06:31:44
2024-01-02 18:34:00,CNC-01,L,26.084904114986387,39.767791422572884,2041.3102375128105,31.876256203167763,67.25274044102075,2.6239132959002576,12.13022215646897,51.94971192208428,0,2026-08-25 06:31:44
2024-01-02 05:33:00,CNC-02,M,296.12718664380566,310.5229708760517,2228.0611571460777,29.6620973553354,205.04844705172263,3.4911607793622994,12.010860341314439,57.68429131428719,0,2026-08-25 06:31:44
2024-01-02 13:47:00,CNC-03,H,297.7862763239333,312.3551704715492,1443.9293749700007,50.725361285826736,170.6890242621989,2.4742309646345593,13.589960014462665,54.897818927772114,0,2026-08-25 06:31:44
2024-01-02 17:09:00,CNC-01,L,298.7078494978585,312.79317188578096,1962.7167098676828,,163.8051677767752,2.9137018314637624,12.441795672174486,54.00764623318146,0,2026-08-25 06:31:44
2024-01-02 10:42:00,CNC-02,M,296.2300013718514,311.2618125228136,1432.2475825058195,52.54155742071187,,2.4424275715529964,14.048689922599138,51.73947247862479,0,2026-08-25 06:31:44
2024-01-02 12:04:00,CNC-02,M,296.6587297846558,310.5973114297451,1344.0005615070259,49.7491233544383,77.79332243322159,2.040759376518261,12.471316545890021,56.842265384188664,0,2026-08-25 06:31:44
2024-01-02 16:59:00,CNC-02,M,303.765070282025,311.88587637664705,1889.4761728038418,37.347927307692984,19.74656602922618,2.514733727559082,13.276132754219416,43.138916004480244,0,2026-08-25 06:31:44
2024-01-02 19:58:00,CNC-02,M,299.15611535340935,312.22947258569764,2410.5106972405874,24.239037271446044,10.826826533161586,2.9081681630514025,10.860164655079881,53.239319443897905,0,2026-08-25 06:31:44
2024-01-02 18:58:00,CNC-01,L,26.10836665723292,40.22710331339101,2000.629311997876,34.91487464366028,97.94304698951183,2.6871295842952985,12.925071198655814,49.66422204402099,0,2026-08-25 06:31:44
2024-01-02 03:34:00,CNC-02,M,297.44715226607167,310.9662370810684,2335.817104038732,25.629637850437927,57.56391873462697,2.898247807285665,11.148238731456857,53.74716834816332,0,2026-08-25 06:31:44
2024-01-02 16:40:00,CNC-02,M,303.7651622891223,313.3394824385617,1737.3072661574208,45.80837434346458,248.58029364676182,3.50757120187176,14.712187132271607,43.68002616586852,0,2026-08-25 06:31:44
2024-01-02 03:40:00,CNC-03,H,297.8420500000462,309.8795849382465,2489.1614499743987,17.976694612436795,37.21251592481113,3.092948026210521,8.26677459461045,59.470787199474834,0,2026-08-25 06:31:44
2024-01-02 21:10:00,CNC-01,L,299.167483218185,311.57887703782217,2588.592601128552,19.80043353316739,28.552252386661188,3.0425226195777073,9.661366062963827,52.72006873684188,0,2026-08-25 06:31:44
2024-01-02 05:26:00,CNC-03,H,296.7354843109633,311.29336661483114,2007.3399503253227,34.07534825498045,,2.8913419343161273,12.787938112336606,58.00880678207641,0,2026-08-25 06:31:44
2024-01-02 06:22:00,CNC-02,M,295.92191124080745,309.75500892927903,1880.6762180342052,36.10373747459433,28.07990409256264,2.5044703695223496,12.778223191895604,61.35762359978481,0,2026-08-25 06:31:44
2024-01-02 02:06:00,CNC-03,H,303.3803916822103,310.6747932541169,2666.8544361663994,20.210271686613545,184.1606687545312,3.65580857933669,10.091577427548849,45.91234709966643,0,2026-08-25 06:31:44
2024-01-02 02:02:00,CNC-01,L,297.7337743135058,310.28296653374434,2686.7536536471875,16.71106833211798,164.2062981060114,3.710846203621187,8.381735523562195,57.16499291797316,0,2026-08-25 06:31:44
2024-01-02 04:51:00,CNC-01,L,296.24419481251886,310.24413859624906,2162.7200739044292,31.116361284160163,162.48801077618305,3.065895663851152,12.80551347701983,56.85855695940887,0,2026-08-25 06:31:44
2024-01-02 12:47:00,CNC-03,H,296.98655586923536,311.32068104948803,1383.604676720258,53.07845667745026,76.21549032506766,2.1188788193611803,13.807931646052406,52.46846803779315,0,2026-08-25 06:31:44
2024-01-02 22:29:00,CNC-02,M,299.309103976697,313.65802874772527,2631.4599037718763,23.01233713239655,181.84093423729377,3.616538985498357,11.31544376690896,52.84700645325817,0,2026-08-25 06:31:44
2024-01-02 10:09:00,CNC-03,H,295.7663044343843,,1418.5947547892613,49.05395628572188,85.46470450184064,2.078386629145782,13.289174935985606,58.53049117773588,0,2026-08-25 06:31:44
2024-01-02 14:20:00,CNC-02,M,297.2155913461239,311.5096549655654,1534.8226936158205,47.83839445274618,40.4342254081052,2.1457003344752317,13.329305747897665,57.6722200876436,0,2026-08-25 06:31:44
2024-01-02 18:17:00,CNC-03,H,26.268537925156124,39.74653646722106,2159.040524222339,29.317170683427626,69.59410273208948,2.7508855810744817,12.11239817881914,52.50059425007466,0,2026-08-25 06:31:44
2024-01-02 00:53:00,CNC-02,M,298.430331635807,311.6941168652159,2477.2555091884014,24.39464995996345,101.80853182165423,3.252299687335226,11.413024832374305,58.70322710631544,0,2026-08-25 06:31:44
2024-01-02 02:44:00,CNC-03,H,303.37406799407046,310.12947738377005,2583.764681025305,18.59759777532888,226.54979778188562,3.8772760273050992,9.3065394248327,45.14246569231993,0,2026-08-25 06:31:44
2024-01-02 16:29:00,CNC-01,L,298.59333529257987,312.77213901243744,1845.5364349001422,38.14731720504878,107.67003983052182,2.706477888065048,13.174450717902626,54.87214645220063,0,2026-08-25 06:31:44
2024-01-02 18:28:00,CNC-03,H,26.276334503415455,39.714073606805016,2176.1764755631348,28.52790928046196,83.96347106917152,2.7604648511602816,11.816154289681926,50.997825180816534,0,2026-08-25 06:31:44
2024-01-02 18:21:00,CNC-01,L,25.96501032522025,39.6918083700391,1885.0149672291884,35.879326490763596,50.35068255839889,2.4084420122954056,12.665438211130574,53.57948732653748,0,2026-08-25 06:31:44
2024-01-02 12:36:00,CNC-03,H,296.8719066102043,310.45596490517863,1314.1554667768596,50.823383767906726,58.76308726388769,2.0089587398265403,12.613511890929562,55.645722549863436,0,2026-08-25 06:31:44
2024-01-02 06:54:29,CNC-01,L,296.032814641837,309.9197292339773,1995.4770397919447,33.594741693968636,99.91406768466355,2.6737994238655296,12.389227526965021,58.07334418889323,0,2026-08-25 06:31:44
2024-01-02 01:23:00,CNC-02,M,0.0,310.21082924509005,2695.400627003657,13.65843381608077,134.20789979457243,3.3439207233747896,6.730948787903837,51.59760966326046,0,2026-08-25 06:31:44
2024-01-02 05:17:56,CNC-01,L,296.3555774457028,310.92624376986504,2070.108853804477,32.99671366298001,195.41348925300485,3.4191341619509434,12.737984842709624,57.80624726113363,0,2026-08-25 06:31:44
2024-01-02 19:41:00,CNC-01,L,299.16475772577286,313.14258856335374,2347.3273575310345,27.592121890318502,151.0367611838466,3.282821719679696,12.375838197397245,51.62369870651425,0,2026-08-25 06:31:44
2024-01-02 10:07:00,CNC-03,H,295.9926250632574,309.85906361720595,1444.9716916000377,48.76462594644447,82.32255411066849,2.1195115824052233,13.233522716664078,57.808742558906545,0,2026-08-25 06:31:44
2024-01-02 04:36:00,CNC-02,M,296.5990302154742,310.8100137267835,2227.1059083504797,31.006600519181458,132.37227741547397,2.9718456247903617,12.81819026501926,60.953179160993386,0,2026-08-25 06:31:44
2024-01-02 12:38:00,CNC-03,H,297.11815663459777,311.3116030895161,1418.3796030866488,51.46469454086006,61.943190530376754,2.097678466085465,13.493998805183962,55.46963783914883,0,2026-08-25 06:31:44
2024-01-02 01:30:00,CNC-02,M,298.25592136677426,311.001884886571,2660.2675904425687,18.870149605842514,141.72284308459965,3.475770199812541,9.271353407534125,56.67245901567816,0,2026-08-25 06:31:44
2024-01-02 10:30:00,CNC-03,H,296.0496665117516,310.5594640714363,1405.188421998109,52.02469492796727,118.52254482049202,2.1600614885301965,13.753224079702852,59.63325297400062,0,2026-08-25 06:31:44
2024-01-02 20:02:00,CNC-02,M,,312.0076975126815,2287.4330536664625,24.629986068737622,15.56334376633801,2.7802197135358586,10.477599898471087,55.4334224382892,0,2026-08-25 06:31:44
2024-01-02 16:20:00,CNC-03,H,298.51238304943826,313.356722308608,0.0,42.61190100570696,180.50673158464164,2.6983075317174934,13.943352888671471,58.52415389265276,0,2026-08-25 06:31:44
2024-01-02 01:19:00,CNC-01,L,298.21560554074995,310.5051830097807,2682.165799001912,15.97880138142824,117.32453853826729,3.38138705744807,7.721380492576329,54.04584619171499,0,2026-08-25 06:31:44
2024-01-02 13:16:00,CNC-01,L,297.68771863598187,311.6744792679429,1400.4528179858764,50.666359843082475,50.654416506608044,2.1069632914700516,204.13203537566744,55.69512593432122,0,2026-08-25 06:31:44
2024-01-02 11:25:00,CNC-03,H,296.34030714378025,310.81478123800997,1377.0193436134473,50.49173952956918,205.3967742551113,2.627698801081069,13.164403880818098,61.02603756765564,0,2026-08-25 06:31:44
2024-01-02 20:07:00,CNC-02,M,299.2021847942105,312.07793723303126,2341.113474432344,22.520609813507335,21.45642078217201,2.8626196983463283,9.851961945618603,55.20073857268789,0,2026-08-25 06:31:44
2024-01-02 00:12:00,CNC-01,L,298.92362355399183,310.3395512268125,2807.8191961682046,13.492985339873462,45.76784530671483,3.3532137163386824,7.057695466966195,55.203453529260216,0,2026-08-25 06:31:44
2024-01-02 20:55:00,CNC-02,M,299.45598732997905,313.1656130147783,2599.209562816134,23.101815243107584,77.30754632942937,3.1945556832990643,11.085575968956272,58.42807535626156,0,2026-08-25 06:31:44
2024-01-02 17:19:00,CNC-02,M,298.5278542641685,313.0000786760172,1932.6642543879752,37.883442321310895,,2.610698897086887,13.607881364792805,58.01551997927461,0,2026-08-25 06:31:44
2024-01-02 18:31:00,CNC-03,H,26.148691912083052,40.099132448000546,1935.9338009462049,34.66610311930017,87.85686536783749,2.695517149368851,12.4678037406595,53.97909020482005,0,2026-08-25 06:31:44
2024-01-02 09:26:00,CNC-02,M,296.1884224813945,310.06921061518705,1475.8917429042237,48.52897991282086,35.29333863009643,2.1816714207604897,13.236265184089529,64.09157489437233,0,2026-08-25 06:31:44
2024-01-02 23:16:00,CNC-03,H,299.00727328909903,312.1294048190161,2655.168092285903,19.07337815495459,150.6818425483005,3.438334938871211,9.409134980650578,48.3552554988033,0,2026-08-25 06:31:44
2024-01-02 17:15:00,CNC-01,L,298.6228278730129,312.82228098205786,1969.9551149867452,35.10191475536346,172.11017670686022,3.0508042449814337,12.996715676192359,57.497385610623624,0,2026-08-25 06:31:44
2024-01-02 19:49:00,CNC-03,H,299.3877808648164,313.6141079609067,2357.1051144897333,28.559274547823396,185.55442893302728,3.3532296839788858,12.698958446585827,51.267914996540824,0,2026-08-25 06:31:44
2024-01-02 04:17:00,CNC-01,L,296.3331076895845,310.3136001702699,2249.546314731834,29.023682039999454,120.82712313978641,2.960622044967187,12.343638270701836,57.297165346672614,0,2026-08-25 06:31:44
2024-01-02 02:50:00,CNC-02,M,297.8538652757839,309.49140524315163,2844.2666408929576,13.366695194711586,6.706958927868175,3.4325683382656944,7.180917367959869,52.47174952502598,0,2026-08-25 06:31:44
2024-01-02 00:28:00,CNC-01,L,298.931573781921,311.8841880134442,2551.8779267505083,21.99059286029048,62.797776073993155,3.096979637154134,10.710535875381685,51.76337573468108,0,2026-08-25 06:31:44
2024-01-02 05:35:44,CNC-01,L,295.9826218469067,310.9852890428385,2167.3840235456823,33.79077671047138,220.17574937141814,37.0786546159645,13.624079163658212,60.43136924680745,0,2026-08-25 06:31:44
2024-01-02 05:37:00,CNC-01,L,295.71743456341113,310.1004509003207,2078.5237037045886,32.018949338537155,221.4927063092593,3.7126272514038385,12.299989226518276,59.38344367986402,0,2026-08-25 06:31:44
2024-01-02 19:04:00,CNC-01,L,25.772120798758692,38.800083151308115,2375.1437025409205,22.73651190871481,105.34395179138444,3.08731760208968,,54.21442695979785,0,2026-08-25 06:31:44
2024-01-02 13:59:00,CNC-03,H,297.6719350681047,312.2164580017589,1373.2729192971558,50.46935213136939,189.44356529224376,2.476809797015653,13.19913639191468,55.4401608812027,0,2026-08-25 06:31:44
2024-01-02 20:50:00,CNC-03,H,299.2315200806992,313.35006892380756,2617.8809673678466,22.90465248934483,257.4503538463709,4.258786512099977,11.322425332693168,52.494894564636915,0,2026-08-25 06:31:44
2024-01-02 08:02:00,CNC-03,H,296.0510092015968,309.9347917659906,1620.2403058746881,39.87357772929933,162.98924913390152,2.50589216036188,12.124436267232458,60.13502413489526,0,2026-08-25 06:31:44
2024-01-02 06:43:00,CNC-03,H,296.4063674980481,310.6064097767642,1866.2144099946509,39.450960190866475,50.03192708139339,2.484473734850442,13.77806944407597,57.11777659181778,0,2026-08-25 06:31:44
2024-01-02 18:27:00,CNC-01,L,26.080708904137623,38.92370851811194,2199.160779080846,25.256845691961374,58.19585430505754,2.793480992775225,10.442407822464652,55.470370799379545,0,2026-08-25 06:31:44
2024-01-02 00:47:00,CNC-03,H,298.63380982089177,311.139633599487,2624.0020997443808,19.33595835159603,98.64766842117275,3.2867273868192273,9.293869898728959,54.91346343585144,0,2026-08-25 06:31:44
2024-01-02 13:42:00,CNC-03,H,297.9058859023716,312.72659893260027,1421.868483715297,53.39170521513393,162.76825919957304,2.303077399394117,13.98482394126724,55.68542696301758,0,2026-08-25 06:31:44
2024-01-02 17:15:00,CNC-03,H,298.96161722419845,313.77543895230275,1942.1368065639422,35.50642990102942,258.3900587690124,3.699664888051193,12.836032920747403,50.69635549343158,0,2026-08-25 06:31:44
2024-01-02 02:24:00,CNC-03,H,303.28901377299235,310.2145783531693,2743.157680534536,17.615293571763637,204.1231783180508,3.788142285400976,8.935660537615126,44.479869121442874,0,2026-08-25 06:31:44
2024-01-02 17:56:00,CNC-02,M,298.5044389564752,312.518557614014,1908.2139995082518,34.648297107393496,97.73319778516002,2.616184675147798,12.219912788368582,52.28194188774826,0,2026-08-25 06:31:44
2024-01-02 03:44:00,CNC-02,M,297.51635201665806,310.97235024409196,2237.999253310018,28.48260616501257,69.42631629230605,2.875589557594441,11.977363960577017,0.0,0,2026-08-25 06:31:44
2024-01-02 13:19:00,CNC-02,M,297.0812696096882,312.1352268200838,1470.7300588227115,49.000715032321104,196.63168516790554,2.773235158221923,13.595894831706206,54.58193183089739,0,2026-08-25 06:31:44
2024-01-02 21:33:00,CNC-03,H,299.42558173224376,312.1106342869616,2585.6752647907215,20.661644232786102,39.39446190055329,3.2148644387459315,9.98267150108717,48.92907995783788,0,2026-08-25 06:31:44
2024-01-02 04:59:00,CNC-02,M,296.6974081188499,310.5295383455978,2149.878316472107,29.513120769197908,161.3256815716789,3.0622037539282547,11.73364269390397,60.83046531147116,0,2026-08-25 06:31:44
2024-01-02 05:03:00,CNC-03,H,297.2001417135066,311.8953943019769,2071.986971794124,36.26608975816868,138.28838426874293,2.8361687731196925,14.01521743903848,58.91355343239071,0,2026-08-25 06:31:44
2024-01-02 18:41:00,CNC-03,H,26.00490783245567,39.66017869824441,,30.366425045983398,100.70178531642371,2.738524905017878,12.156509288194403,52.57354192003614,0,2026-08-25 06:31:44
2024-01-02 13:17:00,CNC-02,M,297.0012174898465,311.89972601875803,1469.2453298784249,50.002263722733446,193.47956267353015,2.71529006817833,13.916056093210424,56.813204001526195,0,2026-08-25 06:31:44
2024-01-02 16:36:00,CNC-03,H,298.1947302882703,313.4111541726876,1813.777664662655,43.1509858473209,203.6439756654725,2.9222708528171513,14.803299881355503,52.60479359898916,0,2026-08-25 06:31:44
2024-01-02 16:47:00,CNC-01,L,298.4272624384264,313.17318737197735,1796.5379129958592,42.33550551032361,133.38291494252886,2.718865558859231,14.273458279256102,53.8048821878018,0,2026-08-25 06:31:44
2024-01-02 10:13:00,CNC-03,H,295.978742344968,310.26227487379,1525.8616850623055,47.19101519394772,91.74210923321694,2.128921405030454,13.512705913166531,56.133543968774894,0,2026-08-25 06:31:44
2024-01-02 03:32:00,CNC-03,H,297.34054825981286,309.5045775284643,2517.4438571221704,18.805251291951137,27.658901332024442,3.0951744822863376,8.698437100147522,55.09720310437283,0,2026-08-25 06:31:44
2024-01-02 13:33:00,CNC-03,H,297.4456520101228,312.1873711729651,1336.2700371058022,55.72749624233543,148.81172669987475,2.2768553684290445,13.796585113291622,55.7913696212915,0,2026-08-25 06:31:44
2024-01-02 20:58:00,CNC-02,M,299.42593562814426,312.8048941302022,0.0,23.258652179327512,80.67661227577632,3.1002522542815028,11.11833441387158,54.41778186232369,0,2026-08-25 06:31:44
2024-01-02 23:36:00,CNC-02,M,299.43961757825883,311.25308150438394,2810.4229579822068,14.072709864129676,30.023274654705627,3.2905310692487975,7.175890966064026,53.063896755820885,0,2026-08-25 06:31:44
2024-01-02 14:27:00,CNC-01,L,297.6237501685355,312.39567231428225,1478.8940095995065,51.00467121697329,162.0016567937223,2.6398871515313376,14.249943425150759,58.97758829345223,0,2026-08-25 06:31:44
2024-01-02 02:21:00,CNC-03,H,303.3762750743652,311.63418847239177,2483.420238514999,26.207553974833317,200.830082146573,3.6552463156293507,12.15988432158286,44.354520648408545,0,2026-08-25 06:31:44
2024-01-02 22:17:00,CNC-01,L,299.1401268233805,311.55406520888414,2700.574741423419,17.67870538478314,102.47432704610434,3.476223292651254,9.01345421402257,52.343797694748936,0,2026-08-25 06:31:44
2024-01-02 03:32:00,CNC-01,L,297.19677543968896,310.3346418029403,2422.845224758973,24.500057559558446,67.40641913272896,2.9681398210445504,10.977690999964041,55.910457025966465,0,2026-08-25 06:31:44
2024-01-02 14:27:00,CNC-02,M,297.31305398597107,311.93969246138585,1596.479162593567,46.71944849656091,51.20734091089303,2.2081428132083847,13.764858101233568,59.615884059540235,0,2026-08-25 06:31:44
2024-01-02 16:42:00,CNC-02,M,303.69925207568014,313.2560278642666,1878.9991953110366,40.89050632186401,251.41306476545648,3.784864867212812,14.438076016803613,45.45319374962394,0,2026-08-25 06:31:44
